Direction,Flight_Phase,Source_Point_Phase,Destination_Point_Phase,Segment_Type,Segment_Index,Edge_Index,Along_Sample_Index,Along_Track_m,Direction_Along_Track_m,Edge_Along_Track_m,Cross_Track_Offset_m,Center_Lat,Center_Lon,Lat,Lon,Altitude_MSL_m,Altitude_AGL_m,Selected_MOC_Layer_Index,Center_Altitude_MSL_m,Center_Altitude_AGL_m,Selected_MOC_AGL_m,MOC_Reference_MSL_m,Grid_Row,Grid_Col,Grid_Status,Sample_Status,Blocked,RF_Turn_Radius_m,RF_Turn_Angle_deg,Fixed_Stage1,Transition_Corridor_Half_Width_m,Configured_Downward_Clearance_m,Effective_Downward_Clearance_m,Clearance_Taper_Active,Corridor_Lower_Face_MSL_m,Corridor_Lower_Face_AGL_m,MOC_Query_MSL_m,MOC_Query_AGL_m,Center_MOC_Layer_Index,Center_MOC_AGL_m,Center_MOC_Reference_MSL_m,Clearance_MOC_Layer_Index,Clearance_MOC_AGL_m,Clearance_MOC_Reference_MSL_m,Cell_MOC_Envelope_Class,Cell_Highest_Blocked_MOC_AGL_m,Cell_First_Clear_MOC_AGL_m,Cell_Required_Safe_MSL_m,Direction_Station_Index,Station_MOC_Envelope_Class,Station_Highest_Blocked_MOC_AGL_m,Station_First_Clear_MOC_AGL_m,Station_Required_Safe_MSL_m,Station_Vertical_Margin_m,Station_3D_Status
takeoff,takeoff_stage1,vertiport,takeoff_stage1,TF,1,0,0,0.0,0.0,0.0,-100.0,35.603386,129.078025,35.60315282851129,129.07695473259594,150.0,0.0,0,150.0,0.0,100.0,250.0,83,56,INSIDE,CLEAR,False,,,True,100.0,100.0,0.0,True,150.0,0.0,150.0,0.0,0,100.0,250.0,0,100.0,250.0,ALL_CLEAR,,100.0,,1,ALL_CLEAR,,100.0,,,ALL_CLEAR/PASS
takeoff,takeoff_stage1,vertiport,takeoff_stage1,TF,1,0,0,0.0,0.0,0.0,-66.66666666666666,35.603386,129.078025,35.60323055234086,129.0773114883973,150.0,0.0,0,150.0,0.0,100.0,250.0,83,56,INSIDE,CLEAR,False,,,True,100.0,100.0,0.0,True,150.0,0.0,150.0,0.0,0,100.0,250.0,0,100.0,250.0,ALL_CLEAR,,100.0,,1,ALL_CLEAR,,100.0,,,ALL_CLEAR/PASS
takeoff,takeoff_stage1,vertiport,takeoff_stage1,TF,1,0,0,0.0,0.0,0.0,-33.33333333333333,35.603386,129.078025,35.60330827617043,129.07766824419863,150.0,0.0,0,150.0,0.0,100.0,250.0,83,56,INSIDE,CLEAR,False,,,True,100.0,100.0,0.0,True,150.0,0.0,150.0,0.0,0,100.0,250.0,0,100.0,250.0,ALL_CLEAR,,100.0,,1,ALL_CLEAR,,100.0,,,ALL_CLEAR/PASS
takeoff,takeoff_stage1,vertiport,takeoff_stage1,TF,1,0,0,0.0,0.0,0.0,0.0,35.603386,129.078025,35.603386,129.078025,150.0,0.0,0,150.0,0.0,100.0,250.0,83,57,INSIDE,CLEAR,False,,,True,100.0,100.0,0.0,True,150.0,0.0,150.0,0.0,0,100.0,250.0,0,100.0,250.0,ALL_CLEAR,,100.0,,1,ALL_CLEAR,,100.0,,,ALL_CLEAR/PASS
takeoff,takeoff_stage1,vertiport,takeoff_stage1,TF,1,0,0,0.0,0.0,0.0,33.33333333333334,35.603386,129.078025,35.60346372382957,129.07838175580136,150.0,0.0,0,150.0,0.0,100.0,250.0,83,57,INSIDE,CLEAR,False,,,True,100.0,100.0,0.0,True,150.0,0.0,150.0,0.0,0,100.0,250.0,0,100.0,250.0,ALL_CLEAR,,100.0,,1,ALL_CLEAR,,100.0,,,ALL_CLEAR/PASS
takeoff,takeoff_stage1,vertiport,takeoff_stage1,TF,1,0,0,0.0,0.0,0.0,66.66666666666669,35.603386,129.078025,35.60354144765914,129.0787385116027,150.0,0.0,0,150.0,0.0,100.0,250.0,83,57,INSIDE,CLEAR,False,,,True,100.0,100.0,0.0,True,150.0,0.0,150.0,0.0,0,100.0,250.0,0,100.0,250.0,ALL_CLEAR,,100.0,,1,ALL_CLEAR,,100.0,,,ALL_CLEAR/PASS
takeoff,takeoff_stage1,vertiport,takeoff_stage1,TF,1,0,0,0.0,0.0,0.0,100.0,35.603386,129.078025,35.60361917148871,129.07909526740406,150.0,0.0,0,150.0,0.0,100.0,250.0,83,58,INSIDE,CLEAR,False,,,True,100.0,100.0,0.0,True,150.0,0.0,150.0,0.0,0,100.0,250.0,0,100.0,250.0,ALL_CLEAR,,100.0,,1,ALL_CLEAR,,100.0,,,ALL_CLEAR/PASS
takeoff,takeoff_stage1,vertiport,takeoff_stage1,TF,1,0,1,49.78448322287746,49.78448322287746,49.78448322287746,-100.0,35.60295277386798,129.0781677713631,35.60271960237928,129.077097503959,155.2325581395349,5.232558139534888,0,155.2325581395349,5.232558139534888,100.0,250.0,82,56,INSIDE,CLEAR,False,,,True,100.0,100.0,5.232558139534888,True,150.0,0.0,150.0,0.0,0,100.0,250.0,0,100.0,250.0,ALL_CLEAR,,100.0,,2,ALL_CLEAR,,100.0,,,ALL_CLEAR/PASS
takeoff,takeoff_stage1,vertiport,takeoff_stage1,TF,1,0,1,49.78448322287746,49.78448322287746,49.78448322287746,-66.66666666666666,35.60295277386798,129.0781677713631,35.60279732620885,129.07745425976037,155.2325581395349,5.232558139534888,0,155.2325581395349,5.232558139534888,100.0,250.0,82,56,INSIDE,CLEAR,False,,,True,100.0,100.0,5.232558139534888,True,150.0,0.0,150.0,0.0,0,100.0,250.0,0,100.0,250.0,ALL_CLEAR,,100.0,,2,ALL_CLEAR,,100.0,,,ALL_CLEAR/PASS
takeoff,takeoff_stage1,vertiport,takeoff_stage1,TF,1,0,1,49.78448322287746,49.78448322287746,49.78448322287746,-33.33333333333333,35.60295277386798,129.0781677713631,35.60287505003842,129.07781101556174,155.2325581395349,5.232558139534888,0,155.2325581395349,5.232558139534888,100.0,250.0,82,56,INSIDE,CLEAR,False,,,True,100.0,100.0,5.232558139534888,True,150.0,0.0,150.0,0.0,0,100.0,250.0,0,100.0,250.0,ALL_CLEAR,,100.0,,2,ALL_CLEAR,,100.0,,,ALL_CLEAR/PASS
takeoff,takeoff_stage1,vertiport,takeoff_stage1,TF,1,0,1,49.78448322287746,49.78448322287746,49.78448322287746,0.0,35.60295277386798,129.0781677713631,35.60295277386798,129.0781677713631,155.2325581395349,5.232558139534888,0,155.2325581395349,5.232558139534888,100.0,250.0,82,57,INSIDE,CLEAR,False,,,True,100.0,100.0,5.232558139534888,True,150.0,0.0,150.0,0.0,0,100.0,250.0,0,100.0,250.0,ALL_CLEAR,,100.0,,2,ALL_CLEAR,,100.0,,,ALL_CLEAR/PASS
takeoff,takeoff_stage1,vertiport,takeoff_stage1,TF,1,0,1,49.78448322287746,49.78448322287746,49.78448322287746,33.33333333333334,35.60295277386798,129.0781677713631,35.60303049769755,129.07852452716443,155.2325581395349,5.232558139534888,0,155.2325581395349,5.232558139534888,100.0,250.0,83,57,INSIDE,CLEAR,False,,,True,100.0,100.0,5.232558139534888,True,150.0,0.0,150.0,0.0,0,100.0,250.0,0,100.0,250.0,ALL_CLEAR,,100.0,,2,ALL_CLEAR,,100.0,,,ALL_CLEAR/PASS
takeoff,takeoff_stage1,vertiport,takeoff_stage1,TF,1,0,1,49.78448322287746,49.78448322287746,49.78448322287746,66.66666666666669,35.60295277386798,129.0781677713631,35.60310822152712,129.0788812829658,155.2325581395349,5.232558139534888,0,155.2325581395349,5.232558139534888,100.0,250.0,83,58,INSIDE,CLEAR,False,,,True,100.0,100.0,5.232558139534888,True,150.0,0.0,150.0,0.0,0,100.0,250.0,0,100.0,250.0,ALL_CLEAR,,100.0,,2,ALL_CLEAR,,100.0,,,ALL_CLEAR/PASS
takeoff,takeoff_stage1,vertiport,takeoff_stage1,TF,1,0,1,49.78448322287746,49.78448322287746,49.78448322287746,100.0,35.60295277386798,129.0781677713631,35.60318594535669,129.07923803876716,155.2325581395349,5.232558139534888,0,155.2325581395349,5.232558139534888,100.0,250.0,83,58,INSIDE,CLEAR,False,,,True,100.0,100.0,5.232558139534888,True,150.0,0.0,150.0,0.0,0,100.0,250.0,0,100.0,250.0,ALL_CLEAR,,100.0,,2,ALL_CLEAR,,100.0,,,ALL_CLEAR/PASS
takeoff,takeoff_stage1,vertiport,takeoff_stage1,TF,1,0,2,99.56896644575492,99.56896644575492,99.56896644575492,-100.0,35.60251954773597,129.07831054272617,35.602286376247264,129.0772402753221,160.46511627906978,10.465116279069775,0,160.46511627906978,10.465116279069775,100.0,250.0,82,56,INSIDE,CLEAR,False,,,True,100.0,100.0,10.465116279069775,True,150.0,0.0,150.0,0.0,0,100.0,250.0,0,100.0,250.0,ALL_CLEAR,,100.0,,3,ALL_CLEAR,,100.0,,,ALL_CLEAR/PASS
takeoff,takeoff_stage1,vertiport,takeoff_stage1,TF,1,0,2,99.56896644575492,99.56896644575492,99.56896644575492,-66.66666666666666,35.60251954773597,129.07831054272617,35.602364100076834,129.07759703112347,160.46511627906978,10.465116279069775,0,160.46511627906978,10.465116279069775,100.0,250.0,82,56,INSIDE,CLEAR,False,,,True,100.0,100.0,10.465116279069775,True,150.0,0.0,150.0,0.0,0,100.0,250.0,0,100.0,250.0,ALL_CLEAR,,100.0,,3,ALL_CLEAR,,100.0,,,ALL_CLEAR/PASS
takeoff,takeoff_stage1,vertiport,takeoff_stage1,TF,1,0,2,99.56896644575492,99.56896644575492,99.56896644575492,-33.33333333333333,35.60251954773597,129.07831054272617,35.6024418239064,129.0779537869248,160.46511627906978,10.465116279069775,0,160.46511627906978,10.465116279069775,100.0,250.0,82,57,INSIDE,CLEAR,False,,,True,100.0,100.0,10.465116279069775,True,150.0,0.0,150.0,0.0,0,100.0,250.0,0,100.0,250.0,ALL_CLEAR,,100.0,,3,ALL_CLEAR,,100.0,,,ALL_CLEAR/PASS
takeoff,takeoff_stage1,vertiport,takeoff_stage1,TF,1,0,2,99.56896644575492,99.56896644575492,99.56896644575492,0.0,35.60251954773597,129.07831054272617,35.60251954773597,129.07831054272617,160.46511627906978,10.465116279069775,0,160.46511627906978,10.465116279069775,100.0,250.0,82,57,INSIDE,CLEAR,False,,,True,100.0,100.0,10.465116279069775,True,150.0,0.0,150.0,0.0,0,100.0,250.0,0,100.0,250.0,ALL_CLEAR,,100.0,,3,ALL_CLEAR,,100.0,,,ALL_CLEAR/PASS
takeoff,takeoff_stage1,vertiport,takeoff_stage1,TF,1,0,2,99.56896644575492,99.56896644575492,99.56896644575492,33.33333333333334,35.60251954773597,129.07831054272617,35.60259727156554,129.07866729852753,160.46511627906978,10.465116279069775,0,160.46511627906978,10.465116279069775,100.0,250.0,82,57,INSIDE,CLEAR,False,,,True,100.0,100.0,10.465116279069775,True,150.0,0.0,150.0,0.0,0,100.0,250.0,0,100.0,250.0,ALL_CLEAR,,100.0,,3,ALL_CLEAR,,100.0,,,ALL_CLEAR/PASS
takeoff,takeoff_stage1,vertiport,takeoff_stage1,TF,1,0,2,99.56896644575492,99.56896644575492,99.56896644575492,66.66666666666669,35.60251954773597,129.07831054272617,35.60267499539511,129.07902405432887,160.46511627906978,10.465116279069775,0,160.46511627906978,10.465116279069775,100.0,250.0,82,58,INSIDE,CLEAR,False,,,True,100.0,100.0,10.465116279069775,True,150.0,0.0,150.0,0.0,0,100.0,250.0,0,100.0,250.0,ALL_CLEAR,,100.0,,3,ALL_CLEAR,,100.0,,,ALL_CLEAR/PASS
takeoff,takeoff_stage1,vertiport,takeoff_stage1,TF,1,0,2,99.56896644575492,99.56896644575492,99.56896644575492,100.0,35.60251954773597,129.07831054272617,35.60275271922468,129.07938081013023,160.46511627906978,10.465116279069775,0,160.46511627906978,10.465116279069775,100.0,250.0,82,58,INSIDE,CLEAR,False,,,True,100.0,100.0,10.465116279069775,True,150.0,0.0,150.0,0.0,0,100.0,250.0,0,100.0,250.0,ALL_CLEAR,,100.0,,3,ALL_CLEAR,,100.0,,,ALL_CLEAR/PASS
takeoff,takeoff_stage1,takeoff_stage1,takeoff_stage1,TF,1,1,0,99.56896644575492,99.56896644575492,0.0,-100.0,35.60251954773597,129.07831054272617,35.60228637389169,129.07724028768678,160.46511627906978,10.465116279069775,0,160.46511627906978,10.465116279069775,100.0,250.0,82,56,INSIDE,CLEAR,False,,,True,100.0,100.0,10.465116279069775,True,150.0,0.0,150.0,0.0,0,100.0,250.0,0,100.0,250.0,ALL_CLEAR,,100.0,,3,ALL_CLEAR,,100.0,,,ALL_CLEAR/PASS
takeoff,takeoff_stage1,takeoff_stage1,takeoff_stage1,TF,1,1,0,99.56896644575492,99.56896644575492,0.0,-66.66666666666666,35.60251954773597,129.07831054272617,35.60236409850645,129.07759703936657,160.46511627906978,10.465116279069775,0,160.46511627906978,10.465116279069775,100.0,250.0,82,56,INSIDE,CLEAR,False,,,True,100.0,100.0,10.465116279069775,True,150.0,0.0,150.0,0.0,0,100.0,250.0,0,100.0,250.0,ALL_CLEAR,,100.0,,3,ALL_CLEAR,,100.0,,,ALL_CLEAR/PASS
takeoff,takeoff_stage1,takeoff_stage1,takeoff_stage1,TF,1,1,0,99.56896644575492,99.56896644575492,0.0,-33.33333333333333,35.60251954773597,129.07831054272617,35.60244182312121,129.07795379104638,160.46511627906978,10.465116279069775,0,160.46511627906978,10.465116279069775,100.0,250.0,82,57,INSIDE,CLEAR,False,,,True,100.0,100.0,10.465116279069775,True,150.0,0.0,150.0,0.0,0,100.0,250.0,0,100.0,250.0,ALL_CLEAR,,100.0,,3,ALL_CLEAR,,100.0,,,ALL_CLEAR/PASS
takeoff,takeoff_stage1,takeoff_stage1,takeoff_stage1,TF,1,1,0,99.56896644575492,99.56896644575492,0.0,33.33333333333334,35.60251954773597,129.07831054272617,35.602597272350735,129.07866729440596,160.46511627906978,10.465116279069775,0,160.46511627906978,10.465116279069775,100.0,250.0,82,57,INSIDE,CLEAR,False,,,True,100.0,100.0,10.465116279069775,True,150.0,0.0,150.0,0.0,0,100.0,250.0,0,100.0,250.0,ALL_CLEAR,,100.0,,3,ALL_CLEAR,,100.0,,,ALL_CLEAR/PASS
takeoff,takeoff_stage1,takeoff_stage1,takeoff_stage1,TF,1,1,0,99.56896644575492,99.56896644575492,0.0,66.66666666666669,35.60251954773597,129.07831054272617,35.6026749969655,129.07902404608578,160.46511627906978,10.465116279069775,0,160.46511627906978,10.465116279069775,100.0,250.0,82,58,INSIDE,CLEAR,False,,,True,100.0,100.0,10.465116279069775,True,150.0,0.0,150.0,0.0,0,100.0,250.0,0,100.0,250.0,ALL_CLEAR,,100.0,,3,ALL_CLEAR,,100.0,,,ALL_CLEAR/PASS
takeoff,takeoff_stage1,takeoff_stage1,takeoff_stage1,TF,1,1,0,99.56896644575492,99.56896644575492,0.0,100.0,35.60251954773597,129.07831054272617,35.60275272158026,129.07938079776557,160.46511627906978,10.465116279069775,0,160.46511627906978,10.465116279069775,100.0,250.0,82,58,INSIDE,CLEAR,False,,,True,100.0,100.0,10.465116279069775,True,150.0,0.0,150.0,0.0,0,100.0,250.0,0,100.0,250.0,ALL_CLEAR,,100.0,,3,ALL_CLEAR,,100.0,,,ALL_CLEAR/PASS
takeoff,takeoff_stage1,takeoff_stage1,takeoff_stage1,TF,1,1,1,149.35348577830416,149.35348577830416,49.78451933254924,-100.0,35.60208632160396,129.07845331408924,35.60185314775968,129.07738305904985,165.69767441860466,15.697674418604663,0,165.69767441860466,15.697674418604663,100.0,250.0,81,56,INSIDE,CLEAR,False,,,True,100.0,100.0,15.697674418604663,True,150.0,0.0,150.0,0.0,0,100.0,250.0,0,100.0,250.0,ALL_CLEAR,,100.0,,4,ALL_CLEAR,,100.0,,,ALL_CLEAR/PASS
takeoff,takeoff_stage1,takeoff_stage1,takeoff_stage1,TF,1,1,1,149.35348577830416,149.35348577830416,49.78451933254924,-66.66666666666666,35.60208632160396,129.07845331408924,35.60193087237444,129.07773981072967,165.69767441860466,15.697674418604663,0,165.69767441860466,15.697674418604663,100.0,250.0,81,56,INSIDE,CLEAR,False,,,True,100.0,100.0,15.697674418604663,True,150.0,0.0,150.0,0.0,0,100.0,250.0,0,100.0,250.0,ALL_CLEAR,,100.0,,4,ALL_CLEAR,,100.0,,,ALL_CLEAR/PASS
takeoff,takeoff_stage1,takeoff_stage1,takeoff_stage1,TF,1,1,1,149.35348577830416,149.35348577830416,49.78451933254924,-33.33333333333333,35.60208632160396,129.07845331408924,35.6020085969892,129.07809656240946,165.69767441860466,15.697674418604663,0,165.69767441860466,15.697674418604663,100.0,250.0,81,57,INSIDE,CLEAR,False,,,True,100.0,100.0,15.697674418604663,True,150.0,0.0,150.0,0.0,0,100.0,250.0,0,100.0,250.0,ALL_CLEAR,,100.0,,4,ALL_CLEAR,,100.0,,,ALL_CLEAR/PASS
takeoff,takeoff_stage1,takeoff_stage1,takeoff_stage1,TF,1,1,1,149.35348577830416,149.35348577830416,49.78451933254924,0.0,35.60208632160396,129.07845331408924,35.60208632160396,129.07845331408924,165.69767441860466,15.697674418604663,0,165.69767441860466,15.697674418604663,100.0,250.0,81,57,INSIDE,CLEAR,False,,,True,100.0,100.0,15.697674418604663,True,150.0,0.0,150.0,0.0,0,100.0,250.0,0,100.0,250.0,ALL_CLEAR,,100.0,,4,ALL_CLEAR,,100.0,,,ALL_CLEAR/PASS
takeoff,takeoff_stage1,takeoff_stage1,takeoff_stage1,TF,1,1,1,149.35348577830416,149.35348577830416,49.78451933254924,33.33333333333334,35.60208632160396,129.07845331408924,35.602164046218725,129.07881006576906,165.69767441860466,15.697674418604663,0,165.69767441860466,15.697674418604663,100.0,250.0,82,57,INSIDE,CLEAR,False,,,True,100.0,100.0,15.697674418604663,True,150.0,0.0,150.0,0.0,0,100.0,250.0,0,100.0,250.0,ALL_CLEAR,,100.0,,4,ALL_CLEAR,,100.0,,,ALL_CLEAR/PASS
takeoff,takeoff_stage1,takeoff_stage1,takeoff_stage1,TF,1,1,1,149.35348577830416,149.35348577830416,49.78451933254924,66.66666666666669,35.60208632160396,129.07845331408924,35.60224177083349,129.07916681744885,165.69767441860466,15.697674418604663,0,165.69767441860466,15.697674418604663,100.0,250.0,82,58,INSIDE,CLEAR,False,,,True,100.0,100.0,15.697674418604663,True,150.0,0.0,150.0,0.0,0,100.0,250.0,0,100.0,250.0,ALL_CLEAR,,100.0,,4,ALL_CLEAR,,100.0,,,ALL_CLEAR/PASS
takeoff,takeoff_stage1,takeoff_stage1,takeoff_stage1,TF,1,1,1,149.35348577830416,149.35348577830416,49.78451933254924,100.0,35.60208632160396,129.07845331408924,35.60231949544825,129.07952356912867,165.69767441860466,15.697674418604663,0,165.69767441860466,15.697674418604663,100.0,250.0,82,58,INSIDE,CLEAR,False,,,True,100.0,100.0,15.697674418604663,True,150.0,0.0,150.0,0.0,0,100.0,250.0,0,100.0,250.0,ALL_CLEAR,,100.0,,4,ALL_CLEAR,,100.0,,,ALL_CLEAR/PASS
takeoff,takeoff_stage1,takeoff_stage1,takeoff_stage1,TF,1,1,2,199.13800511085338,199.13800511085338,99.56903866509847,-100.0,35.60165309547195,129.07859608545235,35.60141992162767,129.07752583041295,170.93023255813952,20.930232558139522,0,170.93023255813952,20.930232558139522,100.0,250.0,81,56,INSIDE,CLEAR,False,,,True,100.0,100.0,20.930232558139522,True,150.0,0.0,150.0,0.0,0,100.0,250.0,0,100.0,250.0,ALL_CLEAR,,100.0,,5,ALL_CLEAR,,100.0,,,ALL_CLEAR/PASS
takeoff,takeoff_stage1,takeoff_stage1,takeoff_stage1,TF,1,1,2,199.13800511085338,199.13800511085338,99.56903866509847,-66.66666666666666,35.60165309547195,129.07859608545235,35.60149764624243,129.07788258209274,170.93023255813952,20.930232558139522,0,170.93023255813952,20.930232558139522,100.0,250.0,81,57,INSIDE,CLEAR,False,,,True,100.0,100.0,20.930232558139522,True,150.0,0.0,150.0,0.0,0,100.0,250.0,0,100.0,250.0,ALL_CLEAR,,100.0,,5,ALL_CLEAR,,100.0,,,ALL_CLEAR/PASS
takeoff,takeoff_stage1,takeoff_stage1,takeoff_stage1,TF,1,1,2,199.13800511085338,199.13800511085338,99.56903866509847,-33.33333333333333,35.60165309547195,129.07859608545235,35.60157537085719,129.07823933377256,170.93023255813952,20.930232558139522,0,170.93023255813952,20.930232558139522,100.0,250.0,81,57,INSIDE,CLEAR,False,,,True,100.0,100.0,20.930232558139522,True,150.0,0.0,150.0,0.0,0,100.0,250.0,0,100.0,250.0,ALL_CLEAR,,100.0,,5,ALL_CLEAR,,100.0,,,ALL_CLEAR/PASS
takeoff,takeoff_stage1,takeoff_stage1,takeoff_stage1,TF,1,1,2,199.13800511085338,199.13800511085338,99.56903866509847,0.0,35.60165309547195,129.07859608545235,35.60165309547195,129.07859608545235,170.93023255813952,20.930232558139522,0,170.93023255813952,20.930232558139522,100.0,250.0,81,57,INSIDE,CLEAR,False,,,True,100.0,100.0,20.930232558139522,True,150.0,0.0,150.0,0.0,0,100.0,250.0,0,100.0,250.0,ALL_CLEAR,,100.0,,5,ALL_CLEAR,,100.0,,,ALL_CLEAR/PASS
takeoff,takeoff_stage1,takeoff_stage1,takeoff_stage1,TF,1,1,2,199.13800511085338,199.13800511085338,99.56903866509847,33.33333333333334,35.60165309547195,129.07859608545235,35.601730820086715,129.07895283713214,170.93023255813952,20.930232558139522,0,170.93023255813952,20.930232558139522,100.0,250.0,81,58,INSIDE,CLEAR,False,,,True,100.0,100.0,20.930232558139522,True,150.0,0.0,150.0,0.0,0,100.0,250.0,0,100.0,250.0,ALL_CLEAR,,100.0,,5,ALL_CLEAR,,100.0,,,ALL_CLEAR/PASS
takeoff,takeoff_stage1,takeoff_stage1,takeoff_stage1,TF,1,1,2,199.13800511085338,199.13800511085338,99.56903866509847,66.66666666666669,35.60165309547195,129.07859608545235,35.60180854470148,129.07930958881195,170.93023255813952,20.930232558139522,0,170.93023255813952,20.930232558139522,100.0,250.0,81,58,INSIDE,CLEAR,False,,,True,100.0,100.0,20.930232558139522,True,150.0,0.0,150.0,0.0,0,100.0,250.0,0,100.0,250.0,ALL_CLEAR,,100.0,,5,ALL_CLEAR,,100.0,,,ALL_CLEAR/PASS
takeoff,takeoff_stage1,takeoff_stage1,takeoff_stage1,TF,1,1,2,199.13800511085338,199.13800511085338,99.56903866509847,100.0,35.60165309547195,129.07859608545235,35.60188626931624,129.07966634049174,170.93023255813952,20.930232558139522,0,170.93023255813952,20.930232558139522,100.0,250.0,81,58,INSIDE,CLEAR,False,,,True,100.0,100.0,20.930232558139522,True,150.0,0.0,150.0,0.0,0,100.0,250.0,0,100.0,250.0,ALL_CLEAR,,100.0,,5,ALL_CLEAR,,100.0,,,ALL_CLEAR/PASS
takeoff,takeoff_stage1,takeoff_stage1,takeoff_stage1,TF,1,2,0,199.13800511085338,199.13800511085338,0.0,-100.0,35.60165309547195,129.07859608545235,35.60141991927214,129.07752584277708,170.93023255813952,20.930232558139522,0,170.93023255813952,20.930232558139522,100.0,250.0,81,56,INSIDE,CLEAR,False,,,True,100.0,100.0,20.930232558139522,True,150.0,0.0,150.0,0.0,0,100.0,250.0,0,100.0,250.0,ALL_CLEAR,,100.0,,5,ALL_CLEAR,,100.0,,,ALL_CLEAR/PASS
takeoff,takeoff_stage1,takeoff_stage1,takeoff_stage1,TF,1,2,0,199.13800511085338,199.13800511085338,0.0,-66.66666666666666,35.60165309547195,129.07859608545235,35.60149764467208,129.07788259033552,170.93023255813952,20.930232558139522,0,170.93023255813952,20.930232558139522,100.0,250.0,81,57,INSIDE,CLEAR,False,,,True,100.0,100.0,20.930232558139522,True,150.0,0.0,150.0,0.0,0,100.0,250.0,0,100.0,250.0,ALL_CLEAR,,100.0,,5,ALL_CLEAR,,100.0,,,ALL_CLEAR/PASS
takeoff,takeoff_stage1,takeoff_stage1,takeoff_stage1,TF,1,2,0,199.13800511085338,199.13800511085338,0.0,-33.33333333333333,35.60165309547195,129.07859608545235,35.60157537007201,129.07823933789393,170.93023255813952,20.930232558139522,0,170.93023255813952,20.930232558139522,100.0,250.0,81,57,INSIDE,CLEAR,False,,,True,100.0,100.0,20.930232558139522,True,150.0,0.0,150.0,0.0,0,100.0,250.0,0,100.0,250.0,ALL_CLEAR,,100.0,,5,ALL_CLEAR,,100.0,,,ALL_CLEAR/PASS
takeoff,takeoff_stage1,takeoff_stage1,takeoff_stage1,TF,1,2,0,199.13800511085338,199.13800511085338,0.0,33.33333333333334,35.60165309547195,129.07859608545235,35.60173082087189,129.07895283301076,170.93023255813952,20.930232558139522,0,170.93023255813952,20.930232558139522,100.0,250.0,81,58,INSIDE,CLEAR,False,,,True,100.0,100.0,20.930232558139522,True,150.0,0.0,150.0,0.0,0,100.0,250.0,0,100.0,250.0,ALL_CLEAR,,100.0,,5,ALL_CLEAR,,100.0,,,ALL_CLEAR/PASS
takeoff,takeoff_stage1,takeoff_stage1,takeoff_stage1,TF,1,2,0,199.13800511085338,199.13800511085338,0.0,66.66666666666669,35.60165309547195,129.07859608545235,35.601808546271826,129.07930958056917,170.93023255813952,20.930232558139522,0,170.93023255813952,20.930232558139522,100.0,250.0,81,58,INSIDE,CLEAR,False,,,True,100.0,100.0,20.930232558139522,True,150.0,0.0,150.0,0.0,0,100.0,250.0,0,100.0,250.0,ALL_CLEAR,,100.0,,5,ALL_CLEAR,,100.0,,,ALL_CLEAR/PASS
takeoff,takeoff_stage1,takeoff_stage1,takeoff_stage1,TF,1,2,0,199.13800511085338,199.13800511085338,0.0,100.0,35.60165309547195,129.07859608545235,35.601886271671766,129.07966632812762,170.93023255813952,20.930232558139522,0,170.93023255813952,20.930232558139522,100.0,250.0,81,58,INSIDE,CLEAR,False,,,True,100.0,100.0,20.930232558139522,True,150.0,0.0,150.0,0.0,0,100.0,250.0,0,100.0,250.0,ALL_CLEAR,,100.0,,5,ALL_CLEAR,,100.0,,,ALL_CLEAR/PASS
takeoff,takeoff_stage1,takeoff_stage1,takeoff_stage1,TF,1,2,1,248.9225605526765,248.9225605526765,49.78455544182311,-100.0,35.60121986933994,129.07873885681545,35.600986693140136,129.07766861414018,176.1627906976744,26.16279069767441,0,176.1627906976744,26.16279069767441,100.0,250.0,80,56,INSIDE,CLEAR,False,,,True,100.0,100.0,26.16279069767441,True,150.0,0.0,150.0,0.0,0,100.0,250.0,0,100.0,250.0,ALL_CLEAR,,100.0,,6,ALL_CLEAR,,100.0,,,ALL_CLEAR/PASS
takeoff,takeoff_stage1,takeoff_stage1,takeoff_stage1,TF,1,2,1,248.9225605526765,248.9225605526765,49.78455544182311,-66.66666666666666,35.60121986933994,129.07873885681545,35.60106441854007,129.0780253616986,176.1627906976744,26.16279069767441,0,176.1627906976744,26.16279069767441,100.0,250.0,80,57,INSIDE,CLEAR,False,,,True,100.0,100.0,26.16279069767441,True,150.0,0.0,150.0,0.0,0,100.0,250.0,0,100.0,250.0,ALL_CLEAR,,100.0,,6,ALL_CLEAR,,100.0,,,ALL_CLEAR/PASS
takeoff,takeoff_stage1,takeoff_stage1,takeoff_stage1,TF,1,2,1,248.9225605526765,248.9225605526765,49.78455544182311,-33.33333333333333,35.60121986933994,129.07873885681545,35.60114214394001,129.078382109257,176.1627906976744,26.16279069767441,0,176.1627906976744,26.16279069767441,100.0,250.0,80,57,INSIDE,CLEAR,False,,,True,100.0,100.0,26.16279069767441,True,150.0,0.0,150.0,0.0,0,100.0,250.0,0,100.0,250.0,ALL_CLEAR,,100.0,,6,ALL_CLEAR,,100.0,,,ALL_CLEAR/PASS
takeoff,takeoff_stage1,takeoff_stage1,takeoff_stage1,TF,1,2,1,248.9225605526765,248.9225605526765,49.78455544182311,0.0,35.60121986933994,129.07873885681545,35.60121986933994,129.07873885681545,176.1627906976744,26.16279069767441,0,176.1627906976744,26.16279069767441,100.0,250.0,80,57,INSIDE,CLEAR,False,,,True,100.0,100.0,26.16279069767441,True,150.0,0.0,150.0,0.0,0,100.0,250.0,0,100.0,250.0,ALL_CLEAR,,100.0,,6,ALL_CLEAR,,100.0,,,ALL_CLEAR/PASS
takeoff,takeoff_stage1,takeoff_stage1,takeoff_stage1,TF,1,2,1,248.9225605526765,248.9225605526765,49.78455544182311,33.33333333333334,35.60121986933994,129.07873885681545,35.60129759473988,129.07909560437386,176.1627906976744,26.16279069767441,0,176.1627906976744,26.16279069767441,100.0,250.0,80,58,INSIDE,CLEAR,False,,,True,100.0,100.0,26.16279069767441,True,150.0,0.0,150.0,0.0,0,100.0,250.0,0,100.0,250.0,ALL_CLEAR,,100.0,,6,ALL_CLEAR,,100.0,,,ALL_CLEAR/PASS
takeoff,takeoff_stage1,takeoff_stage1,takeoff_stage1,TF,1,2,1,248.9225605526765,248.9225605526765,49.78455544182311,66.66666666666669,35.60121986933994,129.07873885681545,35.60137532013982,129.07945235193228,176.1627906976744,26.16279069767441,0,176.1627906976744,26.16279069767441,100.0,250.0,81,58,INSIDE,CLEAR,False,,,True,100.0,100.0,26.16279069767441,True,150.0,0.0,150.0,0.0,0,100.0,250.0,0,100.0,250.0,ALL_CLEAR,,100.0,,6,ALL_CLEAR,,100.0,,,ALL_CLEAR/PASS
takeoff,takeoff_stage1,takeoff_stage1,takeoff_stage1,TF,1,2,1,248.9225605526765,248.9225605526765,49.78455544182311,100.0,35.60121986933994,129.07873885681545,35.601453045539756,129.0798090994907,176.1627906976744,26.16279069767441,0,176.1627906976744,26.16279069767441,100.0,250.0,81,58,INSIDE,CLEAR,False,,,True,100.0,100.0,26.16279069767441,True,150.0,0.0,150.0,0.0,0,100.0,250.0,0,100.0,250.0,ALL_CLEAR,,100.0,,6,ALL_CLEAR,,100.0,,,ALL_CLEAR/PASS
takeoff,takeoff_stage1,takeoff_stage1,takeoff_stage1,TF,1,2,2,298.7071159944996,298.7071159944996,99.56911088364622,-100.0,35.60078664320794,129.07888162817852,35.600553467008126,129.07781138550325,181.3953488372093,31.395348837209298,0,181.3953488372093,31.395348837209298,100.0,250.0,80,56,INSIDE,CLEAR,False,,,True,100.0,100.0,31.395348837209298,True,150.0,0.0,150.0,0.0,0,100.0,250.0,0,100.0,250.0,ALL_CLEAR,,100.0,,7,ALL_CLEAR,,100.0,,,ALL_CLEAR/PASS
takeoff,takeoff_stage1,takeoff_stage1,takeoff_stage1,TF,1,2,2,298.7071159944996,298.7071159944996,99.56911088364622,-66.66666666666666,35.60078664320794,129.07888162817852,35.600631192408066,129.0781681330617,181.3953488372093,31.395348837209298,0,181.3953488372093,31.395348837209298,100.0,250.0,80,57,INSIDE,CLEAR,False,,,True,100.0,100.0,31.395348837209298,True,150.0,0.0,150.0,0.0,0,100.0,250.0,0,100.0,250.0,ALL_CLEAR,,100.0,,7,ALL_CLEAR,,100.0,,,ALL_CLEAR/PASS
takeoff,takeoff_stage1,takeoff_stage1,takeoff_stage1,TF,1,2,2,298.7071159944996,298.7071159944996,99.56911088364622,-33.33333333333333,35.60078664320794,129.07888162817852,35.600708917808,129.0785248806201,181.3953488372093,31.395348837209298,0,181.3953488372093,31.395348837209298,100.0,250.0,80,57,INSIDE,CLEAR,False,,,True,100.0,100.0,31.395348837209298,True,150.0,0.0,150.0,0.0,0,100.0,250.0,0,100.0,250.0,ALL_CLEAR,,100.0,,7,ALL_CLEAR,,100.0,,,ALL_CLEAR/PASS
takeoff,takeoff_stage1,takeoff_stage1,takeoff_stage1,TF,1,2,2,298.7071159944996,298.7071159944996,99.56911088364622,0.0,35.60078664320794,129.07888162817852,35.60078664320794,129.07888162817852,181.3953488372093,31.395348837209298,0,181.3953488372093,31.395348837209298,100.0,250.0,80,58,INSIDE,CLEAR,False,,,True,100.0,100.0,31.395348837209298,True,150.0,0.0,150.0,0.0,0,100.0,250.0,0,100.0,250.0,ALL_CLEAR,,100.0,,7,ALL_CLEAR,,100.0,,,ALL_CLEAR/PASS
takeoff,takeoff_stage1,takeoff_stage1,takeoff_stage1,TF,1,2,2,298.7071159944996,298.7071159944996,99.56911088364622,33.33333333333334,35.60078664320794,129.07888162817852,35.60086436860788,129.07923837573694,181.3953488372093,31.395348837209298,0,181.3953488372093,31.395348837209298,100.0,250.0,80,58,INSIDE,CLEAR,False,,,True,100.0,100.0,31.395348837209298,True,150.0,0.0,150.0,0.0,0,100.0,250.0,0,100.0,250.0,ALL_CLEAR,,100.0,,7,ALL_CLEAR,,100.0,,,ALL_CLEAR/PASS
takeoff,takeoff_stage1,takeoff_stage1,takeoff_stage1,TF,1,2,2,298.7071159944996,298.7071159944996,99.56911088364622,66.66666666666669,35.60078664320794,129.07888162817852,35.60094209400781,129.07959512329535,181.3953488372093,31.395348837209298,0,181.3953488372093,31.395348837209298,100.0,250.0,80,58,INSIDE,CLEAR,False,,,True,100.0,100.0,31.395348837209298,True,150.0,0.0,150.0,0.0,0,100.0,250.0,0,100.0,250.0,ALL_CLEAR,,100.0,,7,ALL_CLEAR,,100.0,,,ALL_CLEAR/PASS
takeoff,takeoff_stage1,takeoff_stage1,takeoff_stage1,TF,1,2,2,298.7071159944996,298.7071159944996,99.56911088364622,100.0,35.60078664320794,129.07888162817852,35.60101981940775,129.0799518708538,181.3953488372093,31.395348837209298,0,181.3953488372093,31.395348837209298,100.0,250.0,80,59,INSIDE,CLEAR,False,,,True,100.0,100.0,31.395348837209298,True,150.0,0.0,150.0,0.0,0,100.0,250.0,0,100.0,250.0,ALL_CLEAR,,100.0,,7,ALL_CLEAR,,100.0,,,ALL_CLEAR/PASS
takeoff,takeoff_stage1,takeoff_stage1,takeoff_stage1,TF,1,3,0,298.7071159944996,298.7071159944996,0.0,-100.0,35.60078664320794,129.07888162817852,35.60055346465264,129.0778113978669,181.3953488372093,31.395348837209298,0,181.3953488372093,31.395348837209298,100.0,250.0,80,56,INSIDE,CLEAR,False,,,True,100.0,100.0,31.395348837209298,True,150.0,0.0,150.0,0.0,0,100.0,250.0,0,100.0,250.0,ALL_CLEAR,,100.0,,7,ALL_CLEAR,,100.0,,,ALL_CLEAR/PASS
takeoff,takeoff_stage1,takeoff_stage1,takeoff_stage1,TF,1,3,0,298.7071159944996,298.7071159944996,0.0,-66.66666666666666,35.60078664320794,129.07888162817852,35.60063119083774,129.0781681413041,181.3953488372093,31.395348837209298,0,181.3953488372093,31.395348837209298,100.0,250.0,80,57,INSIDE,CLEAR,False,,,True,100.0,100.0,31.395348837209298,True,150.0,0.0,150.0,0.0,0,100.0,250.0,0,100.0,250.0,ALL_CLEAR,,100.0,,7,ALL_CLEAR,,100.0,,,ALL_CLEAR/PASS
takeoff,takeoff_stage1,takeoff_stage1,takeoff_stage1,TF,1,3,0,298.7071159944996,298.7071159944996,0.0,-33.33333333333333,35.60078664320794,129.07888162817852,35.60070891702284,129.0785248847413,181.3953488372093,31.395348837209298,0,181.3953488372093,31.395348837209298,100.0,250.0,80,57,INSIDE,CLEAR,False,,,True,100.0,100.0,31.395348837209298,True,150.0,0.0,150.0,0.0,0,100.0,250.0,0,100.0,250.0,ALL_CLEAR,,100.0,,7,ALL_CLEAR,,100.0,,,ALL_CLEAR/PASS
takeoff,takeoff_stage1,takeoff_stage1,takeoff_stage1,TF,1,3,0,298.7071159944996,298.7071159944996,0.0,33.33333333333334,35.60078664320794,129.07888162817852,35.60086436939304,129.07923837161573,181.3953488372093,31.395348837209298,0,181.3953488372093,31.395348837209298,100.0,250.0,80,58,INSIDE,CLEAR,False,,,True,100.0,100.0,31.395348837209298,True,150.0,0.0,150.0,0.0,0,100.0,250.0,0,100.0,250.0,ALL_CLEAR,,100.0,,7,ALL_CLEAR,,100.0,,,ALL_CLEAR/PASS
takeoff,takeoff_stage1,takeoff_stage1,takeoff_stage1,TF,1,3,0,298.7071159944996,298.7071159944996,0.0,66.66666666666669,35.60078664320794,129.07888162817852,35.60094209557814,129.07959511505294,181.3953488372093,31.395348837209298,0,181.3953488372093,31.395348837209298,100.0,250.0,80,58,INSIDE,CLEAR,False,,,True,100.0,100.0,31.395348837209298,True,150.0,0.0,150.0,0.0,0,100.0,250.0,0,100.0,250.0,ALL_CLEAR,,100.0,,7,ALL_CLEAR,,100.0,,,ALL_CLEAR/PASS
takeoff,takeoff_stage1,takeoff_stage1,takeoff_stage1,TF,1,3,0,298.7071159944996,298.7071159944996,0.0,100.0,35.60078664320794,129.07888162817852,35.60101982176324,129.07995185849015,181.3953488372093,31.395348837209298,0,181.3953488372093,31.395348837209298,100.0,250.0,80,59,INSIDE,CLEAR,False,,,True,100.0,100.0,31.395348837209298,True,150.0,0.0,150.0,0.0,0,100.0,250.0,0,100.0,250.0,ALL_CLEAR,,100.0,,7,ALL_CLEAR,,100.0,,,ALL_CLEAR/PASS
takeoff,takeoff_stage1,takeoff_stage1,takeoff_stage1,TF,1,3,1,348.49170754667335,348.49170754667335,49.78459155217376,-100.0,35.60035341707592,129.07902439954162,35.60012023852063,129.07795416923,186.6279069767442,36.627906976744214,0,186.6279069767442,36.627906976744214,100.0,250.0,79,57,INSIDE,CLEAR,False,,,True,100.0,100.0,36.627906976744214,True,150.0,0.0,150.0,0.0,0,100.0,250.0,0,100.0,250.0,ALL_CLEAR,,100.0,,8,ALL_CLEAR,,100.0,,,ALL_CLEAR/PASS
takeoff,takeoff_stage1,takeoff_stage1,takeoff_stage1,TF,1,3,1,348.49170754667335,348.49170754667335,49.78459155217376,-66.66666666666666,35.60035341707592,129.07902439954162,35.60019796470573,129.0783109126672,186.6279069767442,36.627906976744214,0,186.6279069767442,36.627906976744214,100.0,250.0,79,57,INSIDE,CLEAR,False,,,True,100.0,100.0,36.627906976744214,True,150.0,0.0,150.0,0.0,0,100.0,250.0,0,100.0,250.0,ALL_CLEAR,,100.0,,8,ALL_CLEAR,,100.0,,,ALL_CLEAR/PASS
takeoff,takeoff_stage1,takeoff_stage1,takeoff_stage1,TF,1,3,1,348.49170754667335,348.49170754667335,49.78459155217376,-33.33333333333333,35.60035341707592,129.07902439954162,35.600275690890825,129.07866765610441,186.6279069767442,36.627906976744214,0,186.6279069767442,36.627906976744214,100.0,250.0,79,57,INSIDE,CLEAR,False,,,True,100.0,100.0,36.627906976744214,True,150.0,0.0,150.0,0.0,0,100.0,250.0,0,100.0,250.0,ALL_CLEAR,,100.0,,8,ALL_CLEAR,,100.0,,,ALL_CLEAR/PASS
takeoff,takeoff_stage1,takeoff_stage1,takeoff_stage1,TF,1,3,1,348.49170754667335,348.49170754667335,49.78459155217376,0.0,35.60035341707592,129.07902439954162,35.60035341707592,129.07902439954162,186.6279069767442,36.627906976744214,0,186.6279069767442,36.627906976744214,100.0,250.0,79,58,INSIDE,CLEAR,False,,,True,100.0,100.0,36.627906976744214,True,150.0,0.0,150.0,0.0,0,100.0,250.0,0,100.0,250.0,ALL_CLEAR,,100.0,,8,ALL_CLEAR,,100.0,,,ALL_CLEAR/PASS
takeoff,takeoff_stage1,takeoff_stage1,takeoff_stage1,TF,1,3,1,348.49170754667335,348.49170754667335,49.78459155217376,33.33333333333334,35.60035341707592,129.07902439954162,35.60043114326103,129.07938114297883,186.6279069767442,36.627906976744214,0,186.6279069767442,36.627906976744214,100.0,250.0,79,58,INSIDE,CLEAR,False,,,True,100.0,100.0,36.627906976744214,True,150.0,0.0,150.0,0.0,0,100.0,250.0,0,100.0,250.0,ALL_CLEAR,,100.0,,8,ALL_CLEAR,,100.0,,,ALL_CLEAR/PASS
takeoff,takeoff_stage1,takeoff_stage1,takeoff_stage1,TF,1,3,1,348.49170754667335,348.49170754667335,49.78459155217376,66.66666666666669,35.60035341707592,129.07902439954162,35.600508869446124,129.07973788641604,186.6279069767442,36.627906976744214,0,186.6279069767442,36.627906976744214,100.0,250.0,80,58,INSIDE,CLEAR,False,,,True,100.0,100.0,36.627906976744214,True,150.0,0.0,150.0,0.0,0,100.0,250.0,0,100.0,250.0,ALL_CLEAR,,100.0,,8,ALL_CLEAR,,100.0,,,ALL_CLEAR/PASS
takeoff,takeoff_stage1,takeoff_stage1,takeoff_stage1,TF,1,3,1,348.49170754667335,348.49170754667335,49.78459155217376,100.0,35.60035341707592,129.07902439954162,35.60058659563122,129.08009462985325,186.6279069767442,36.627906976744214,0,186.6279069767442,36.627906976744214,100.0,250.0,80,59,INSIDE,CLEAR,False,,,True,100.0,100.0,36.627906976744214,True,150.0,0.0,150.0,0.0,0,100.0,250.0,0,100.0,250.0,ALL_CLEAR,,100.0,,8,ALL_CLEAR,,100.0,,,ALL_CLEAR/PASS
takeoff,takeoff_stage1,takeoff_stage1,takeoff_stage1,TF,1,3,2,398.2762990988471,398.2762990988471,99.56918310434752,-100.0,35.59992019094391,129.07916717090473,35.599687012388614,129.0780969405931,191.8604651162791,41.8604651162791,0,191.8604651162791,41.8604651162791,100.0,250.0,79,57,INSIDE,CLEAR,False,,,True,100.0,100.0,41.8604651162791,True,150.0,0.0,150.0,0.0,0,100.0,250.0,0,100.0,250.0,ALL_CLEAR,,100.0,,9,ALL_CLEAR,,100.0,,,ALL_CLEAR/PASS
takeoff,takeoff_stage1,takeoff_stage1,takeoff_stage1,TF,1,3,2,398.2762990988471,398.2762990988471,99.56918310434752,-66.66666666666666,35.59992019094391,129.07916717090473,35.59976473857371,129.0784536840303,191.8604651162791,41.8604651162791,0,191.8604651162791,41.8604651162791,100.0,250.0,79,57,INSIDE,CLEAR,False,,,True,100.0,100.0,41.8604651162791,True,150.0,0.0,150.0,0.0,0,100.0,250.0,0,100.0,250.0,ALL_CLEAR,,100.0,,9,ALL_CLEAR,,100.0,,,ALL_CLEAR/PASS
takeoff,takeoff_stage1,takeoff_stage1,takeoff_stage1,TF,1,3,2,398.2762990988471,398.2762990988471,99.56918310434752,-33.33333333333333,35.59992019094391,129.07916717090473,35.599842464758815,129.07881042746752,191.8604651162791,41.8604651162791,0,191.8604651162791,41.8604651162791,100.0,250.0,79,57,INSIDE,CLEAR,False,,,True,100.0,100.0,41.8604651162791,True,150.0,0.0,150.0,0.0,0,100.0,250.0,0,100.0,250.0,ALL_CLEAR,,100.0,,9,ALL_CLEAR,,100.0,,,ALL_CLEAR/PASS
takeoff,takeoff_stage1,takeoff_stage1,takeoff_stage1,TF,1,3,2,398.2762990988471,398.2762990988471,99.56918310434752,0.0,35.59992019094391,129.07916717090473,35.59992019094391,129.07916717090473,191.8604651162791,41.8604651162791,0,191.8604651162791,41.8604651162791,100.0,250.0,79,58,INSIDE,CLEAR,False,,,True,100.0,100.0,41.8604651162791,True,150.0,0.0,150.0,0.0,0,100.0,250.0,0,100.0,250.0,ALL_CLEAR,,100.0,,9,ALL_CLEAR,,100.0,,,ALL_CLEAR/PASS
takeoff,takeoff_stage1,takeoff_stage1,takeoff_stage1,TF,1,3,2,398.2762990988471,398.2762990988471,99.56918310434752,33.33333333333334,35.59992019094391,129.07916717090473,35.59999791712901,129.07952391434193,191.8604651162791,41.8604651162791,0,191.8604651162791,41.8604651162791,100.0,250.0,79,58,INSIDE,CLEAR,False,,,True,100.0,100.0,41.8604651162791,True,150.0,0.0,150.0,0.0,0,100.0,250.0,0,100.0,250.0,ALL_CLEAR,,100.0,,9,ALL_CLEAR,,100.0,,,ALL_CLEAR/PASS
takeoff,takeoff_stage1,takeoff_stage1,takeoff_stage1,TF,1,3,2,398.2762990988471,398.2762990988471,99.56918310434752,66.66666666666669,35.59992019094391,129.07916717090473,35.60007564331411,129.07988065777914,191.8604651162791,41.8604651162791,0,191.8604651162791,41.8604651162791,100.0,250.0,79,58,INSIDE,CLEAR,False,,,True,100.0,100.0,41.8604651162791,True,150.0,0.0,150.0,0.0,0,100.0,250.0,0,100.0,250.0,ALL_CLEAR,,100.0,,9,ALL_CLEAR,,100.0,,,ALL_CLEAR/PASS
takeoff,takeoff_stage1,takeoff_stage1,takeoff_stage1,TF,1,3,2,398.2762990988471,398.2762990988471,99.56918310434752,100.0,35.59992019094391,129.07916717090473,35.60015336949921,129.08023740121635,191.8604651162791,41.8604651162791,0,191.8604651162791,41.8604651162791,100.0,250.0,79,59,INSIDE,CLEAR,False,,,True,100.0,100.0,41.8604651162791,True,150.0,0.0,150.0,0.0,0,100.0,250.0,0,100.0,250.0,ALL_CLEAR,,100.0,,9,ALL_CLEAR,,100.0,,,ALL_CLEAR/PASS
takeoff,takeoff_stage1,takeoff_stage1,takeoff_stage1,TF,1,4,0,398.2762990988471,398.2762990988471,0.0,-100.0,35.59992019094391,129.07916717090473,35.59968701003324,129.07809695295617,191.8604651162791,41.8604651162791,0,191.8604651162791,41.8604651162791,100.0,250.0,79,57,INSIDE,CLEAR,False,,,True,100.0,100.0,41.8604651162791,True,150.0,0.0,150.0,0.0,0,100.0,250.0,0,100.0,250.0,ALL_CLEAR,,100.0,,9,ALL_CLEAR,,100.0,,,ALL_CLEAR/PASS
takeoff,takeoff_stage1,takeoff_stage1,takeoff_stage1,TF,1,4,0,398.2762990988471,398.2762990988471,0.0,-66.66666666666666,35.59992019094391,129.07916717090473,35.59976473700347,129.07845369227235,191.8604651162791,41.8604651162791,0,191.8604651162791,41.8604651162791,100.0,250.0,79,57,INSIDE,CLEAR,False,,,True,100.0,100.0,41.8604651162791,True,150.0,0.0,150.0,0.0,0,100.0,250.0,0,100.0,250.0,ALL_CLEAR,,100.0,,9,ALL_CLEAR,,100.0,,,ALL_CLEAR/PASS
takeoff,takeoff_stage1,takeoff_stage1,takeoff_stage1,TF,1,4,0,398.2762990988471,398.2762990988471,0.0,-33.33333333333333,35.59992019094391,129.07916717090473,35.59984246397369,129.07881043158855,191.8604651162791,41.8604651162791,0,191.8604651162791,41.8604651162791,100.0,250.0,79,57,INSIDE,CLEAR,False,,,True,100.0,100.0,41.8604651162791,True,150.0,0.0,150.0,0.0,0,100.0,250.0,0,100.0,250.0,ALL_CLEAR,,100.0,,9,ALL_CLEAR,,100.0,,,ALL_CLEAR/PASS
takeoff,takeoff_stage1,takeoff_stage1,takeoff_stage1,TF,1,4,0,398.2762990988471,398.2762990988471,0.0,33.33333333333334,35.59992019094391,129.07916717090473,35.59999791791414,129.0795239102209,191.8604651162791,41.8604651162791,0,191.8604651162791,41.8604651162791,100.0,250.0,79,58,INSIDE,CLEAR,False,,,True,100.0,100.0,41.8604651162791,True,150.0,0.0,150.0,0.0,0,100.0,250.0,0,100.0,250.0,ALL_CLEAR,,100.0,,9,ALL_CLEAR,,100.0,,,ALL_CLEAR/PASS
takeoff,takeoff_stage1,takeoff_stage1,takeoff_stage1,TF,1,4,0,398.2762990988471,398.2762990988471,0.0,66.66666666666669,35.59992019094391,129.07916717090473,35.600075644884356,129.0798806495371,191.8604651162791,41.8604651162791,0,191.8604651162791,41.8604651162791,100.0,250.0,79,58,INSIDE,CLEAR,False,,,True,100.0,100.0,41.8604651162791,True,150.0,0.0,150.0,0.0,0,100.0,250.0,0,100.0,250.0,ALL_CLEAR,,100.0,,9,ALL_CLEAR,,100.0,,,ALL_CLEAR/PASS
takeoff,takeoff_stage1,takeoff_stage1,takeoff_stage1,TF,1,4,0,398.2762990988471,398.2762990988471,0.0,100.0,35.59992019094391,129.07916717090473,35.60015337185458,129.08023738885328,191.8604651162791,41.8604651162791,0,191.8604651162791,41.8604651162791,100.0,250.0,79,59,INSIDE,CLEAR,False,,,True,100.0,100.0,41.8604651162791,True,150.0,0.0,150.0,0.0,0,100.0,250.0,0,100.0,250.0,ALL_CLEAR,,100.0,,9,ALL_CLEAR,,100.0,,,ALL_CLEAR/PASS
takeoff,takeoff_stage1,takeoff_stage1,takeoff_stage1,TF,1,4,1,448.0609267588349,448.0609267588349,49.7846276599878,-100.0,35.5994869648119,129.0793099422678,35.59925378390123,129.07823972431925,197.093023255814,47.09302325581399,0,197.093023255814,47.09302325581399,100.0,250.0,78,57,INSIDE,CLEAR,False,,,True,100.0,100.0,47.09302325581399,True,150.0,0.0,150.0,0.0,0,100.0,250.0,0,100.0,250.0,ALL_CLEAR,,100.0,,10,ALL_CLEAR,,100.0,,,ALL_CLEAR/PASS
takeoff,takeoff_stage1,takeoff_stage1,takeoff_stage1,TF,1,4,1,448.0609267588349,448.0609267588349,49.7846276599878,-66.66666666666666,35.5994869648119,129.0793099422678,35.59933151087146,129.07859646363542,197.093023255814,47.09302325581399,0,197.093023255814,47.09302325581399,100.0,250.0,78,57,INSIDE,CLEAR,False,,,True,100.0,100.0,47.09302325581399,True,150.0,0.0,150.0,0.0,0,100.0,250.0,0,100.0,250.0,ALL_CLEAR,,100.0,,10,ALL_CLEAR,,100.0,,,ALL_CLEAR/PASS
takeoff,takeoff_stage1,takeoff_stage1,takeoff_stage1,TF,1,4,1,448.0609267588349,448.0609267588349,49.7846276599878,-33.33333333333333,35.5994869648119,129.0793099422678,35.59940923784168,129.07895320295162,197.093023255814,47.09302325581399,0,197.093023255814,47.09302325581399,100.0,250.0,78,58,INSIDE,CLEAR,False,,,True,100.0,100.0,47.09302325581399,True,150.0,0.0,150.0,0.0,0,100.0,250.0,0,100.0,250.0,ALL_CLEAR,,100.0,,10,ALL_CLEAR,,100.0,,,ALL_CLEAR/PASS
takeoff,takeoff_stage1,takeoff_stage1,takeoff_stage1,TF,1,4,1,448.0609267588349,448.0609267588349,49.7846276599878,0.0,35.5994869648119,129.0793099422678,35.5994869648119,129.0793099422678,197.093023255814,47.09302325581399,0,197.093023255814,47.09302325581399,100.0,250.0,78,58,INSIDE,CLEAR,False,,,True,100.0,100.0,47.09302325581399,True,150.0,0.0,150.0,0.0,0,100.0,250.0,0,100.0,250.0,ALL_CLEAR,,100.0,,10,ALL_CLEAR,,100.0,,,ALL_CLEAR/PASS
takeoff,takeoff_stage1,takeoff_stage1,takeoff_stage1,TF,1,4,1,448.0609267588349,448.0609267588349,49.7846276599878,33.33333333333334,35.5994869648119,129.0793099422678,35.59956469178213,129.07966668158397,197.093023255814,47.09302325581399,0,197.093023255814,47.09302325581399,100.0,250.0,78,58,INSIDE,CLEAR,False,,,True,100.0,100.0,47.09302325581399,True,150.0,0.0,150.0,0.0,0,100.0,250.0,0,100.0,250.0,ALL_CLEAR,,100.0,,10,ALL_CLEAR,,100.0,,,ALL_CLEAR/PASS
takeoff,takeoff_stage1,takeoff_stage1,takeoff_stage1,TF,1,4,1,448.0609267588349,448.0609267588349,49.7846276599878,66.66666666666669,35.5994869648119,129.0793099422678,35.599642418752346,129.08002342090018,197.093023255814,47.09302325581399,0,197.093023255814,47.09302325581399,100.0,250.0,78,59,INSIDE,CLEAR,False,,,True,100.0,100.0,47.09302325581399,True,150.0,0.0,150.0,0.0,0,100.0,250.0,0,100.0,250.0,ALL_CLEAR,,100.0,,10,ALL_CLEAR,,100.0,,,ALL_CLEAR/PASS
takeoff,takeoff_stage1,takeoff_stage1,takeoff_stage1,TF,1,4,1,448.0609267588349,448.0609267588349,49.7846276599878,100.0,35.5994869648119,129.0793099422678,35.59972014572257,129.08038016021635,197.093023255814,47.09302325581399,0,197.093023255814,47.09302325581399,100.0,250.0,79,59,INSIDE,CLEAR,False,,,True,100.0,100.0,47.09302325581399,True,150.0,0.0,150.0,0.0,0,100.0,250.0,0,100.0,250.0,ALL_CLEAR,,100.0,,10,ALL_CLEAR,,100.0,,,ALL_CLEAR/PASS
takeoff,takeoff_stage1,takeoff_stage1,takeoff_stage1,TF,1,4,2,497.8455544188227,497.8455544188227,99.5692553199756,-100.0,35.59905373867989,129.07945271363087,35.59882055776922,129.07838249568232,202.32558139534885,52.32558139534885,0,202.32558139534885,52.32558139534885,100.0,250.0,77,57,INSIDE,CLEAR,False,,,True,100.0,100.0,52.32558139534885,True,150.0,0.0,150.0,0.0,0,100.0,250.0,0,100.0,250.0,ALL_CLEAR,,100.0,,11,ALL_CLEAR,,100.0,,,ALL_CLEAR/PASS
takeoff,takeoff_stage1,takeoff_stage1,takeoff_stage1,TF,1,4,2,497.8455544188227,497.8455544188227,99.5692553199756,-66.66666666666666,35.59905373867989,129.07945271363087,35.59889828473945,129.0787392349985,202.32558139534885,52.32558139534885,0,202.32558139534885,52.32558139534885,100.0,250.0,78,57,INSIDE,CLEAR,False,,,True,100.0,100.0,52.32558139534885,True,150.0,0.0,150.0,0.0,0,100.0,250.0,0,100.0,250.0,ALL_CLEAR,,100.0,,11,ALL_CLEAR,,100.0,,,ALL_CLEAR/PASS
takeoff,takeoff_stage1,takeoff_stage1,takeoff_stage1,TF,1,4,2,497.8455544188227,497.8455544188227,99.5692553199756,-33.33333333333333,35.59905373867989,129.07945271363087,35.59897601170967,129.0790959743147,202.32558139534885,52.32558139534885,0,202.32558139534885,52.32558139534885,100.0,250.0,78,58,INSIDE,CLEAR,False,,,True,100.0,100.0,52.32558139534885,True,150.0,0.0,150.0,0.0,0,100.0,250.0,0,100.0,250.0,ALL_CLEAR,,100.0,,11,ALL_CLEAR,,100.0,,,ALL_CLEAR/PASS
takeoff,takeoff_stage1,takeoff_stage1,takeoff_stage1,TF,1,4,2,497.8455544188227,497.8455544188227,99.5692553199756,0.0,35.59905373867989,129.07945271363087,35.59905373867989,129.07945271363087,202.32558139534885,52.32558139534885,0,202.32558139534885,52.32558139534885,100.0,250.0,78,58,INSIDE,CLEAR,False,,,True,100.0,100.0,52.32558139534885,True,150.0,0.0,150.0,0.0,0,100.0,250.0,0,100.0,250.0,ALL_CLEAR,,100.0,,11,ALL_CLEAR,,100.0,,,ALL_CLEAR/PASS
takeoff,takeoff_stage1,takeoff_stage1,takeoff_stage1,TF,1,4,2,497.8455544188227,497.8455544188227,99.5692553199756,33.33333333333334,35.59905373867989,129.07945271363087,35.59913146565012,129.07980945294705,202.32558139534885,52.32558139534885,0,202.32558139534885,52.32558139534885,100.0,250.0,78,58,INSIDE,CLEAR,False,,,True,100.0,100.0,52.32558139534885,True,150.0,0.0,150.0,0.0,0,100.0,250.0,0,100.0,250.0,ALL_CLEAR,,100.0,,11,ALL_CLEAR,,100.0,,,ALL_CLEAR/PASS
takeoff,takeoff_stage1,takeoff_stage1,takeoff_stage1,TF,1,4,2,497.8455544188227,497.8455544188227,99.5692553199756,66.66666666666669,35.59905373867989,129.07945271363087,35.599209192620336,129.08016619226325,202.32558139534885,52.32558139534885,0,202.32558139534885,52.32558139534885,100.0,250.0,78,59,INSIDE,CLEAR,False,,,True,100.0,100.0,52.32558139534885,True,150.0,0.0,150.0,0.0,0,100.0,250.0,0,100.0,250.0,ALL_CLEAR,,100.0,,11,ALL_CLEAR,,100.0,,,ALL_CLEAR/PASS
takeoff,takeoff_stage1,takeoff_stage1,takeoff_stage1,TF,1,4,2,497.8455544188227,497.8455544188227,99.5692553199756,100.0,35.59905373867989,129.07945271363087,35.59928691959056,129.08052293157942,202.32558139534885,52.32558139534885,0,202.32558139534885,52.32558139534885,100.0,250.0,78,59,INSIDE,CLEAR,False,,,True,100.0,100.0,52.32558139534885,True,150.0,0.0,150.0,0.0,0,100.0,250.0,0,100.0,250.0,ALL_CLEAR,,100.0,,11,ALL_CLEAR,,100.0,,,ALL_CLEAR/PASS
takeoff,takeoff_stage1,takeoff_stage1,takeoff_stage1,TF,1,5,0,497.8455544188227,497.8455544188227,0.0,-100.0,35.59905373867989,129.07945271363087,35.59882055541382,129.0783825080449,202.32558139534885,52.32558139534885,0,202.32558139534885,52.32558139534885,100.0,250.0,77,57,INSIDE,CLEAR,False,,,True,100.0,100.0,52.32558139534885,True,150.0,0.0,150.0,0.0,0,100.0,250.0,0,100.0,250.0,ALL_CLEAR,,100.0,,11,ALL_CLEAR,,100.0,,,ALL_CLEAR/PASS
takeoff,takeoff_stage1,takeoff_stage1,takeoff_stage1,TF,1,5,0,497.8455544188227,497.8455544188227,0.0,-66.66666666666666,35.59905373867989,129.07945271363087,35.598898283169184,129.07873924324022,202.32558139534885,52.32558139534885,0,202.32558139534885,52.32558139534885,100.0,250.0,78,57,INSIDE,CLEAR,False,,,True,100.0,100.0,52.32558139534885,True,150.0,0.0,150.0,0.0,0,100.0,250.0,0,100.0,250.0,ALL_CLEAR,,100.0,,11,ALL_CLEAR,,100.0,,,ALL_CLEAR/PASS
takeoff,takeoff_stage1,takeoff_stage1,takeoff_stage1,TF,1,5,0,497.8455544188227,497.8455544188227,0.0,-33.33333333333333,35.59905373867989,129.07945271363087,35.59897601092454,129.07909597843556,202.32558139534885,52.32558139534885,0,202.32558139534885,52.32558139534885,100.0,250.0,78,58,INSIDE,CLEAR,False,,,True,100.0,100.0,52.32558139534885,True,150.0,0.0,150.0,0.0,0,100.0,250.0,0,100.0,250.0,ALL_CLEAR,,100.0,,11,ALL_CLEAR,,100.0,,,ALL_CLEAR/PASS
takeoff,takeoff_stage1,takeoff_stage1,takeoff_stage1,TF,1,5,0,497.8455544188227,497.8455544188227,0.0,33.33333333333334,35.59905373867989,129.07945271363087,35.599131466435246,129.07980944882618,202.32558139534885,52.32558139534885,0,202.32558139534885,52.32558139534885,100.0,250.0,78,58,INSIDE,CLEAR,False,,,True,100.0,100.0,52.32558139534885,True,150.0,0.0,150.0,0.0,0,100.0,250.0,0,100.0,250.0,ALL_CLEAR,,100.0,,11,ALL_CLEAR,,100.0,,,ALL_CLEAR/PASS
takeoff,takeoff_stage1,takeoff_stage1,takeoff_stage1,TF,1,5,0,497.8455544188227,497.8455544188227,0.0,66.66666666666669,35.59905373867989,129.07945271363087,35.5992091941906,129.08016618402152,202.32558139534885,52.32558139534885,0,202.32558139534885,52.32558139534885,100.0,250.0,78,59,INSIDE,CLEAR,False,,,True,100.0,100.0,52.32558139534885,True,150.0,0.0,150.0,0.0,0,100.0,250.0,0,100.0,250.0,ALL_CLEAR,,100.0,,11,ALL_CLEAR,,100.0,,,ALL_CLEAR/PASS
takeoff,takeoff_stage1,takeoff_stage1,takeoff_stage1,TF,1,5,0,497.8455544188227,497.8455544188227,0.0,100.0,35.59905373867989,129.07945271363087,35.59928692194596,129.08052291921683,202.32558139534885,52.32558139534885,0,202.32558139534885,52.32558139534885,100.0,250.0,78,59,INSIDE,CLEAR,False,,,True,100.0,100.0,52.32558139534885,True,150.0,0.0,150.0,0.0,0,100.0,250.0,0,100.0,250.0,ALL_CLEAR,,100.0,,11,ALL_CLEAR,,100.0,,,ALL_CLEAR/PASS
takeoff,takeoff_stage1,takeoff_stage1,takeoff_stage1,TF,1,5,1,547.6302181883162,547.6302181883162,49.78466376949357,-100.0,35.59862051254788,129.07959548499397,35.59838732928181,129.078525279408,207.5581395348837,57.55813953488371,0,207.5581395348837,57.55813953488371,100.0,250.0,77,57,INSIDE,CLEAR,False,,,True,100.0,100.0,57.55813953488371,True,150.0,0.0,150.0,0.0,0,100.0,250.0,0,100.0,250.0,ALL_CLEAR,,100.0,,12,ALL_CLEAR,,100.0,,,ALL_CLEAR/PASS
takeoff,takeoff_stage1,takeoff_stage1,takeoff_stage1,TF,1,5,1,547.6302181883162,547.6302181883162,49.78466376949357,-66.66666666666666,35.59862051254788,129.07959548499397,35.59846505703717,129.07888201460332,207.5581395348837,57.55813953488371,0,207.5581395348837,57.55813953488371,100.0,250.0,77,58,INSIDE,CLEAR,False,,,True,100.0,100.0,57.55813953488371,True,150.0,0.0,150.0,0.0,0,100.0,250.0,0,100.0,250.0,ALL_CLEAR,,100.0,,12,ALL_CLEAR,,100.0,,,ALL_CLEAR/PASS
takeoff,takeoff_stage1,takeoff_stage1,takeoff_stage1,TF,1,5,1,547.6302181883162,547.6302181883162,49.78466376949357,-33.33333333333333,35.59862051254788,129.07959548499397,35.59854278479252,129.07923874979866,207.5581395348837,57.55813953488371,0,207.5581395348837,57.55813953488371,100.0,250.0,77,58,INSIDE,CLEAR,False,,,True,100.0,100.0,57.55813953488371,True,150.0,0.0,150.0,0.0,0,100.0,250.0,0,100.0,250.0,ALL_CLEAR,,100.0,,12,ALL_CLEAR,,100.0,,,ALL_CLEAR/PASS
takeoff,takeoff_stage1,takeoff_stage1,takeoff_stage1,TF,1,5,1,547.6302181883162,547.6302181883162,49.78466376949357,0.0,35.59862051254788,129.07959548499397,35.59862051254788,129.07959548499397,207.5581395348837,57.55813953488371,0,207.5581395348837,57.55813953488371,100.0,250.0,77,58,INSIDE,CLEAR,False,,,True,100.0,100.0,57.55813953488371,True,150.0,0.0,150.0,0.0,0,100.0,250.0,0,100.0,250.0,ALL_CLEAR,,100.0,,12,ALL_CLEAR,,100.0,,,ALL_CLEAR/PASS
takeoff,takeoff_stage1,takeoff_stage1,takeoff_stage1,TF,1,5,1,547.6302181883162,547.6302181883162,49.78466376949357,33.33333333333334,35.59862051254788,129.07959548499397,35.598698240303236,129.07995222018928,207.5581395348837,57.55813953488371,0,207.5581395348837,57.55813953488371,100.0,250.0,77,59,INSIDE,CLEAR,False,,,True,100.0,100.0,57.55813953488371,True,150.0,0.0,150.0,0.0,0,100.0,250.0,0,100.0,250.0,ALL_CLEAR,,100.0,,12,ALL_CLEAR,,100.0,,,ALL_CLEAR/PASS
takeoff,takeoff_stage1,takeoff_stage1,takeoff_stage1,TF,1,5,1,547.6302181883162,547.6302181883162,49.78466376949357,66.66666666666669,35.59862051254788,129.07959548499397,35.59877596805859,129.08030895538462,207.5581395348837,57.55813953488371,0,207.5581395348837,57.55813953488371,100.0,250.0,77,59,INSIDE,CLEAR,False,,,True,100.0,100.0,57.55813953488371,True,150.0,0.0,150.0,0.0,0,100.0,250.0,0,100.0,250.0,ALL_CLEAR,,100.0,,12,ALL_CLEAR,,100.0,,,ALL_CLEAR/PASS
takeoff,takeoff_stage1,takeoff_stage1,takeoff_stage1,TF,1,5,1,547.6302181883162,547.6302181883162,49.78466376949357,100.0,35.59862051254788,129.07959548499397,35.59885369581394,129.08066569057993,207.5581395348837,57.55813953488371,0,207.5581395348837,57.55813953488371,100.0,250.0,77,59,INSIDE,CLEAR,False,,,True,100.0,100.0,57.55813953488371,True,150.0,0.0,150.0,0.0,0,100.0,250.0,0,100.0,250.0,ALL_CLEAR,,100.0,,12,ALL_CLEAR,,100.0,,,ALL_CLEAR/PASS
takeoff,takeoff_stage1,takeoff_stage1,takeoff_stage1,TF,1,5,2,597.4148819578098,597.4148819578098,99.56932753898714,-100.0,35.598187286415865,129.07973825635707,35.597954103149796,129.0786680507711,212.7906976744186,62.790697674418595,0,212.7906976744186,62.790697674418595,100.0,250.0,76,57,INSIDE,CLEAR,False,,,True,100.0,100.0,62.790697674418595,True,150.0,0.0,150.0,0.0,0,100.0,250.0,0,100.0,250.0,ALL_CLEAR,,100.0,,13,ALL_CLEAR,,100.0,,,ALL_CLEAR/PASS
takeoff,takeoff_stage1,takeoff_stage1,takeoff_stage1,TF,1,5,2,597.4148819578098,597.4148819578098,99.56932753898714,-66.66666666666666,35.598187286415865,129.07973825635707,35.59803183090516,129.07902478596642,212.7906976744186,62.790697674418595,0,212.7906976744186,62.790697674418595,100.0,250.0,77,58,INSIDE,CLEAR,False,,,True,100.0,100.0,62.790697674418595,True,150.0,0.0,150.0,0.0,0,100.0,250.0,0,100.0,250.0,ALL_CLEAR,,100.0,,13,ALL_CLEAR,,100.0,,,ALL_CLEAR/PASS
takeoff,takeoff_stage1,takeoff_stage1,takeoff_stage1,TF,1,5,2,597.4148819578098,597.4148819578098,99.56932753898714,-33.33333333333333,35.598187286415865,129.07973825635707,35.59810955866051,129.07938152116176,212.7906976744186,62.790697674418595,0,212.7906976744186,62.790697674418595,100.0,250.0,77,58,INSIDE,CLEAR,False,,,True,100.0,100.0,62.790697674418595,True,150.0,0.0,150.0,0.0,0,100.0,250.0,0,100.0,250.0,ALL_CLEAR,,100.0,,13,ALL_CLEAR,,100.0,,,ALL_CLEAR/PASS
takeoff,takeoff_stage1,takeoff_stage1,takeoff_stage1,TF,1,5,2,597.4148819578098,597.4148819578098,99.56932753898714,0.0,35.598187286415865,129.07973825635707,35.598187286415865,129.07973825635707,212.7906976744186,62.790697674418595,0,212.7906976744186,62.790697674418595,100.0,250.0,77,58,INSIDE,CLEAR,False,,,True,100.0,100.0,62.790697674418595,True,150.0,0.0,150.0,0.0,0,100.0,250.0,0,100.0,250.0,ALL_CLEAR,,100.0,,13,ALL_CLEAR,,100.0,,,ALL_CLEAR/PASS
takeoff,takeoff_stage1,takeoff_stage1,takeoff_stage1,TF,1,5,2,597.4148819578098,597.4148819578098,99.56932753898714,33.33333333333334,35.598187286415865,129.07973825635707,35.59826501417122,129.0800949915524,212.7906976744186,62.790697674418595,0,212.7906976744186,62.790697674418595,100.0,250.0,77,59,INSIDE,CLEAR,False,,,True,100.0,100.0,62.790697674418595,True,150.0,0.0,150.0,0.0,0,100.0,250.0,0,100.0,250.0,ALL_CLEAR,,100.0,,13,ALL_CLEAR,,100.0,,,ALL_CLEAR/PASS
takeoff,takeoff_stage1,takeoff_stage1,takeoff_stage1,TF,1,5,2,597.4148819578098,597.4148819578098,99.56932753898714,66.66666666666669,35.598187286415865,129.07973825635707,35.59834274192657,129.08045172674773,212.7906976744186,62.790697674418595,0,212.7906976744186,62.790697674418595,100.0,250.0,77,59,INSIDE,CLEAR,False,,,True,100.0,100.0,62.790697674418595,True,150.0,0.0,150.0,0.0,0,100.0,250.0,0,100.0,250.0,ALL_CLEAR,,100.0,,13,ALL_CLEAR,,100.0,,,ALL_CLEAR/PASS
takeoff,takeoff_stage1,takeoff_stage1,takeoff_stage1,TF,1,5,2,597.4148819578098,597.4148819578098,99.56932753898714,100.0,35.598187286415865,129.07973825635707,35.59842046968193,129.08080846194304,212.7906976744186,62.790697674418595,0,212.7906976744186,62.790697674418595,100.0,250.0,77,59,INSIDE,CLEAR,False,,,True,100.0,100.0,62.790697674418595,True,150.0,0.0,150.0,0.0,0,100.0,250.0,0,100.0,250.0,ALL_CLEAR,,100.0,,13,ALL_CLEAR,,100.0,,,ALL_CLEAR/PASS
takeoff,takeoff_stage1,takeoff_stage1,takeoff_stage1,TF,1,6,0,597.4148819578098,597.4148819578098,0.0,-100.0,35.598187286415865,129.07973825635707,35.59795410079454,129.07866806313316,212.7906976744186,62.790697674418595,0,212.7906976744186,62.790697674418595,100.0,250.0,76,57,INSIDE,CLEAR,False,,,True,100.0,100.0,62.790697674418595,True,150.0,0.0,150.0,0.0,0,100.0,250.0,0,100.0,250.0,ALL_CLEAR,,100.0,,13,ALL_CLEAR,,100.0,,,ALL_CLEAR/PASS
takeoff,takeoff_stage1,takeoff_stage1,takeoff_stage1,TF,1,6,0,597.4148819578098,597.4148819578098,0.0,-66.66666666666666,35.598187286415865,129.07973825635707,35.59803182933498,129.07902479420778,212.7906976744186,62.790697674418595,0,212.7906976744186,62.790697674418595,100.0,250.0,77,58,INSIDE,CLEAR,False,,,True,100.0,100.0,62.790697674418595,True,150.0,0.0,150.0,0.0,0,100.0,250.0,0,100.0,250.0,ALL_CLEAR,,100.0,,13,ALL_CLEAR,,100.0,,,ALL_CLEAR/PASS
takeoff,takeoff_stage1,takeoff_stage1,takeoff_stage1,TF,1,6,0,597.4148819578098,597.4148819578098,0.0,-33.33333333333333,35.598187286415865,129.07973825635707,35.598109557875425,129.07938152528243,212.7906976744186,62.790697674418595,0,212.7906976744186,62.790697674418595,100.0,250.0,77,58,INSIDE,CLEAR,False,,,True,100.0,100.0,62.790697674418595,True,150.0,0.0,150.0,0.0,0,100.0,250.0,0,100.0,250.0,ALL_CLEAR,,100.0,,13,ALL_CLEAR,,100.0,,,ALL_CLEAR/PASS
takeoff,takeoff_stage1,takeoff_stage1,takeoff_stage1,TF,1,6,0,597.4148819578098,597.4148819578098,0.0,33.33333333333334,35.598187286415865,129.07973825635707,35.598265014956304,129.08009498743172,212.7906976744186,62.790697674418595,0,212.7906976744186,62.790697674418595,100.0,250.0,77,59,INSIDE,CLEAR,False,,,True,100.0,100.0,62.790697674418595,True,150.0,0.0,150.0,0.0,0,100.0,250.0,0,100.0,250.0,ALL_CLEAR,,100.0,,13,ALL_CLEAR,,100.0,,,ALL_CLEAR/PASS
takeoff,takeoff_stage1,takeoff_stage1,takeoff_stage1,TF,1,6,0,597.4148819578098,597.4148819578098,0.0,66.66666666666669,35.598187286415865,129.07973825635707,35.59834274349675,129.08045171850637,212.7906976744186,62.790697674418595,0,212.7906976744186,62.790697674418595,100.0,250.0,77,59,INSIDE,CLEAR,False,,,True,100.0,100.0,62.790697674418595,True,150.0,0.0,150.0,0.0,0,100.0,250.0,0,100.0,250.0,ALL_CLEAR,,100.0,,13,ALL_CLEAR,,100.0,,,ALL_CLEAR/PASS
takeoff,takeoff_stage1,takeoff_stage1,takeoff_stage1,TF,1,6,0,597.4148819578098,597.4148819578098,0.0,100.0,35.598187286415865,129.07973825635707,35.59842047203719,129.08080844958099,212.7906976744186,62.790697674418595,0,212.7906976744186,62.790697674418595,100.0,250.0,77,59,INSIDE,CLEAR,False,,,True,100.0,100.0,62.790697674418595,True,150.0,0.0,150.0,0.0,0,100.0,250.0,0,100.0,250.0,ALL_CLEAR,,100.0,,13,ALL_CLEAR,,100.0,,,ALL_CLEAR/PASS
takeoff,takeoff_stage1,takeoff_stage1,takeoff_stage1,TF,1,6,1,647.1995818343214,647.1995818343214,49.78469987651156,-100.0,35.597754060283854,129.07988102772015,35.59752087466253,129.07881083449624,218.02325581395348,68.02325581395348,0,218.02325581395348,68.02325581395348,100.0,250.0,76,57,INSIDE,CLEAR,False,,,True,100.0,100.0,68.02325581395348,True,150.0,0.0,150.0,0.0,0,100.0,250.0,0,100.0,250.0,ALL_CLEAR,,100.0,,14,ALL_CLEAR,,100.0,,,ALL_CLEAR/PASS
takeoff,takeoff_stage1,takeoff_stage1,takeoff_stage1,TF,1,6,1,647.1995818343214,647.1995818343214,49.78469987651156,-66.66666666666666,35.597754060283854,129.07988102772015,35.59759860320297,129.07916756557086,218.02325581395348,68.02325581395348,0,218.02325581395348,68.02325581395348,100.0,250.0,76,58,INSIDE,CLEAR,False,,,True,100.0,100.0,68.02325581395348,True,150.0,0.0,150.0,0.0,0,100.0,250.0,0,100.0,250.0,ALL_CLEAR,,100.0,,14,ALL_CLEAR,,100.0,,,ALL_CLEAR/PASS
takeoff,takeoff_stage1,takeoff_stage1,takeoff_stage1,TF,1,6,1,647.1995818343214,647.1995818343214,49.78469987651156,-33.33333333333333,35.597754060283854,129.07988102772015,35.597676331743415,129.0795242966455,218.02325581395348,68.02325581395348,0,218.02325581395348,68.02325581395348,100.0,250.0,76,58,INSIDE,CLEAR,False,,,True,100.0,100.0,68.02325581395348,True,150.0,0.0,150.0,0.0,0,100.0,250.0,0,100.0,250.0,ALL_CLEAR,,100.0,,14,ALL_CLEAR,,100.0,,,ALL_CLEAR/PASS
takeoff,takeoff_stage1,takeoff_stage1,takeoff_stage1,TF,1,6,1,647.1995818343214,647.1995818343214,49.78469987651156,0.0,35.597754060283854,129.07988102772015,35.597754060283854,129.07988102772015,218.02325581395348,68.02325581395348,0,218.02325581395348,68.02325581395348,100.0,250.0,76,58,INSIDE,CLEAR,False,,,True,100.0,100.0,68.02325581395348,True,150.0,0.0,150.0,0.0,0,100.0,250.0,0,100.0,250.0,ALL_CLEAR,,100.0,,14,ALL_CLEAR,,100.0,,,ALL_CLEAR/PASS
takeoff,takeoff_stage1,takeoff_stage1,takeoff_stage1,TF,1,6,1,647.1995818343214,647.1995818343214,49.78469987651156,33.33333333333334,35.597754060283854,129.07988102772015,35.597831788824294,129.0802377587948,218.02325581395348,68.02325581395348,0,218.02325581395348,68.02325581395348,100.0,250.0,76,59,INSIDE,CLEAR,False,,,True,100.0,100.0,68.02325581395348,True,150.0,0.0,150.0,0.0,0,100.0,250.0,0,100.0,250.0,ALL_CLEAR,,100.0,,14,ALL_CLEAR,,100.0,,,ALL_CLEAR/PASS
takeoff,takeoff_stage1,takeoff_stage1,takeoff_stage1,TF,1,6,1,647.1995818343214,647.1995818343214,49.78469987651156,66.66666666666669,35.597754060283854,129.07988102772015,35.59790951736474,129.08059448986944,218.02325581395348,68.02325581395348,0,218.02325581395348,68.02325581395348,100.0,250.0,76,59,INSIDE,CLEAR,False,,,True,100.0,100.0,68.02325581395348,True,150.0,0.0,150.0,0.0,0,100.0,250.0,0,100.0,250.0,ALL_CLEAR,,100.0,,14,ALL_CLEAR,,100.0,,,ALL_CLEAR/PASS
takeoff,takeoff_stage1,takeoff_stage1,takeoff_stage1,TF,1,6,1,647.1995818343214,647.1995818343214,49.78469987651156,100.0,35.597754060283854,129.07988102772015,35.59798724590518,129.08095122094406,218.02325581395348,68.02325581395348,0,218.02325581395348,68.02325581395348,100.0,250.0,76,60,INSIDE,CLEAR,False,,,True,100.0,100.0,68.02325581395348,True,150.0,0.0,150.0,0.0,0,100.0,250.0,0,100.0,250.0,ALL_CLEAR,,100.0,,14,ALL_CLEAR,,100.0,,,ALL_CLEAR/PASS
takeoff,takeoff_stage1,takeoff_stage1,takeoff_stage1,TF,1,6,2,696.984281710833,696.984281710833,99.56939975302312,-100.0,35.597320834151844,129.08002379908322,35.59708764853052,129.0789536058593,223.25581395348837,73.25581395348837,0,223.25581395348837,73.25581395348837,100.0,250.0,75,58,INSIDE,CLEAR,False,,,True,100.0,100.0,73.25581395348837,True,150.0,0.0,150.0,0.0,0,100.0,250.0,0,100.0,250.0,ALL_CLEAR,,100.0,,15,ALL_CLEAR,,100.0,,,ALL_CLEAR/PASS
takeoff,takeoff_stage1,takeoff_stage1,takeoff_stage1,TF,1,6,2,696.984281710833,696.984281710833,99.56939975302312,-66.66666666666666,35.597320834151844,129.08002379908322,35.59716537707096,129.07931033693393,223.25581395348837,73.25581395348837,0,223.25581395348837,73.25581395348837,100.0,250.0,75,58,INSIDE,CLEAR,False,,,True,100.0,100.0,73.25581395348837,True,150.0,0.0,150.0,0.0,0,100.0,250.0,0,100.0,250.0,ALL_CLEAR,,100.0,,15,ALL_CLEAR,,100.0,,,ALL_CLEAR/PASS
takeoff,takeoff_stage1,takeoff_stage1,takeoff_stage1,TF,1,6,2,696.984281710833,696.984281710833,99.56939975302312,-33.33333333333333,35.597320834151844,129.08002379908322,35.597243105611405,129.07966706800858,223.25581395348837,73.25581395348837,0,223.25581395348837,73.25581395348837,100.0,250.0,76,58,INSIDE,CLEAR,False,,,True,100.0,100.0,73.25581395348837,True,150.0,0.0,150.0,0.0,0,100.0,250.0,0,100.0,250.0,ALL_CLEAR,,100.0,,15,ALL_CLEAR,,100.0,,,ALL_CLEAR/PASS
takeoff,takeoff_stage1,takeoff_stage1,takeoff_stage1,TF,1,6,2,696.984281710833,696.984281710833,99.56939975302312,0.0,35.597320834151844,129.08002379908322,35.597320834151844,129.08002379908322,223.25581395348837,73.25581395348837,0,223.25581395348837,73.25581395348837,100.0,250.0,76,59,INSIDE,CLEAR,False,,,True,100.0,100.0,73.25581395348837,True,150.0,0.0,150.0,0.0,0,100.0,250.0,0,100.0,250.0,ALL_CLEAR,,100.0,,15,ALL_CLEAR,,100.0,,,ALL_CLEAR/PASS
takeoff,takeoff_stage1,takeoff_stage1,takeoff_stage1,TF,1,6,2,696.984281710833,696.984281710833,99.56939975302312,33.33333333333334,35.597320834151844,129.08002379908322,35.597398562692284,129.08038053015787,223.25581395348837,73.25581395348837,0,223.25581395348837,73.25581395348837,100.0,250.0,76,59,INSIDE,CLEAR,False,,,True,100.0,100.0,73.25581395348837,True,150.0,0.0,150.0,0.0,0,100.0,250.0,0,100.0,250.0,ALL_CLEAR,,100.0,,15,ALL_CLEAR,,100.0,,,ALL_CLEAR/PASS
takeoff,takeoff_stage1,takeoff_stage1,takeoff_stage1,TF,1,6,2,696.984281710833,696.984281710833,99.56939975302312,66.66666666666669,35.597320834151844,129.08002379908322,35.59747629123273,129.0807372612325,223.25581395348837,73.25581395348837,0,223.25581395348837,73.25581395348837,100.0,250.0,76,59,INSIDE,CLEAR,False,,,True,100.0,100.0,73.25581395348837,True,150.0,0.0,150.0,0.0,0,100.0,250.0,0,100.0,250.0,ALL_CLEAR,,100.0,,15,ALL_CLEAR,,100.0,,,ALL_CLEAR/PASS
takeoff,takeoff_stage1,takeoff_stage1,takeoff_stage1,TF,1,6,2,696.984281710833,696.984281710833,99.56939975302312,100.0,35.597320834151844,129.08002379908322,35.59755401977317,129.08109399230713,223.25581395348837,73.25581395348837,0,223.25581395348837,73.25581395348837,100.0,250.0,76,60,INSIDE,CLEAR,False,,,True,100.0,100.0,73.25581395348837,True,150.0,0.0,150.0,0.0,0,100.0,250.0,0,100.0,250.0,ALL_CLEAR,,100.0,,15,ALL_CLEAR,,100.0,,,ALL_CLEAR/PASS
takeoff,takeoff_stage1,takeoff_stage1,takeoff_stage1,TF,1,7,0,696.984281710833,696.984281710833,0.0,-100.0,35.597320834151844,129.08002379908322,35.597087646175225,129.07895361822085,223.25581395348837,73.25581395348837,0,223.25581395348837,73.25581395348837,100.0,250.0,75,58,INSIDE,CLEAR,False,,,True,100.0,100.0,73.25581395348837,True,150.0,0.0,150.0,0.0,0,100.0,250.0,0,100.0,250.0,ALL_CLEAR,,100.0,,15,ALL_CLEAR,,100.0,,,ALL_CLEAR/PASS
takeoff,takeoff_stage1,takeoff_stage1,takeoff_stage1,TF,1,7,0,696.984281710833,696.984281710833,0.0,-66.66666666666666,35.597320834151844,129.08002379908322,35.597165375500765,129.07931034517497,223.25581395348837,73.25581395348837,0,223.25581395348837,73.25581395348837,100.0,250.0,75,58,INSIDE,CLEAR,False,,,True,100.0,100.0,73.25581395348837,True,150.0,0.0,150.0,0.0,0,100.0,250.0,0,100.0,250.0,ALL_CLEAR,,100.0,,15,ALL_CLEAR,,100.0,,,ALL_CLEAR/PASS
takeoff,takeoff_stage1,takeoff_stage1,takeoff_stage1,TF,1,7,0,696.984281710833,696.984281710833,0.0,-33.33333333333333,35.597320834151844,129.08002379908322,35.597243104826305,129.0796670721291,223.25581395348837,73.25581395348837,0,223.25581395348837,73.25581395348837,100.0,250.0,76,58,INSIDE,CLEAR,False,,,True,100.0,100.0,73.25581395348837,True,150.0,0.0,150.0,0.0,0,100.0,250.0,0,100.0,250.0,ALL_CLEAR,,100.0,,15,ALL_CLEAR,,100.0,,,ALL_CLEAR/PASS
takeoff,takeoff_stage1,takeoff_stage1,takeoff_stage1,TF,1,7,0,696.984281710833,696.984281710833,0.0,33.33333333333334,35.597320834151844,129.08002379908322,35.597398563477384,129.08038052603735,223.25581395348837,73.25581395348837,0,223.25581395348837,73.25581395348837,100.0,250.0,76,59,INSIDE,CLEAR,False,,,True,100.0,100.0,73.25581395348837,True,150.0,0.0,150.0,0.0,0,100.0,250.0,0,100.0,250.0,ALL_CLEAR,,100.0,,15,ALL_CLEAR,,100.0,,,ALL_CLEAR/PASS
takeoff,takeoff_stage1,takeoff_stage1,takeoff_stage1,TF,1,7,0,696.984281710833,696.984281710833,0.0,66.66666666666669,35.597320834151844,129.08002379908322,35.597476292802924,129.08073725299147,223.25581395348837,73.25581395348837,0,223.25581395348837,73.25581395348837,100.0,250.0,76,59,INSIDE,CLEAR,False,,,True,100.0,100.0,73.25581395348837,True,150.0,0.0,150.0,0.0,0,100.0,250.0,0,100.0,250.0,ALL_CLEAR,,100.0,,15,ALL_CLEAR,,100.0,,,ALL_CLEAR/PASS
takeoff,takeoff_stage1,takeoff_stage1,takeoff_stage1,TF,1,7,0,696.984281710833,696.984281710833,0.0,100.0,35.597320834151844,129.08002379908322,35.59755402212846,129.0810939799456,223.25581395348837,73.25581395348837,0,223.25581395348837,73.25581395348837,100.0,250.0,76,60,INSIDE,CLEAR,False,,,True,100.0,100.0,73.25581395348837,True,150.0,0.0,150.0,0.0,0,100.0,250.0,0,100.0,250.0,ALL_CLEAR,,100.0,,15,ALL_CLEAR,,100.0,,,ALL_CLEAR/PASS
takeoff,takeoff_stage1,takeoff_stage1,takeoff_stage1,TF,1,7,1,746.7690176956734,746.7690176956734,49.78473598484037,-100.0,35.596887608019834,129.08016657044632,35.596654420043215,129.07909638958395,228.48837209302326,78.48837209302326,0,228.48837209302326,78.48837209302326,100.0,250.0,75,58,INSIDE,CLEAR,False,,,True,100.0,100.0,78.48837209302326,True,150.0,0.0,150.0,0.0,0,100.0,250.0,0,100.0,250.0,ALL_CLEAR,,100.0,,16,ALL_CLEAR,,100.0,,,ALL_CLEAR/PASS
takeoff,takeoff_stage1,takeoff_stage1,takeoff_stage1,TF,1,7,1,746.7690176956734,746.7690176956734,49.78473598484037,-66.66666666666666,35.596887608019834,129.08016657044632,35.596732149368755,129.07945311653808,228.48837209302326,78.48837209302326,0,228.48837209302326,78.48837209302326,100.0,250.0,75,58,INSIDE,CLEAR,False,,,True,100.0,100.0,78.48837209302326,True,150.0,0.0,150.0,0.0,0,100.0,250.0,0,100.0,250.0,ALL_CLEAR,,100.0,,16,ALL_CLEAR,,100.0,,,ALL_CLEAR/PASS
takeoff,takeoff_stage1,takeoff_stage1,takeoff_stage1,TF,1,7,1,746.7690176956734,746.7690176956734,49.78473598484037,-33.33333333333333,35.596887608019834,129.08016657044632,35.596809878694295,129.0798098434922,228.48837209302326,78.48837209302326,0,228.48837209302326,78.48837209302326,100.0,250.0,75,58,INSIDE,CLEAR,False,,,True,100.0,100.0,78.48837209302326,True,150.0,0.0,150.0,0.0,0,100.0,250.0,0,100.0,250.0,ALL_CLEAR,,100.0,,16,ALL_CLEAR,,100.0,,,ALL_CLEAR/PASS
takeoff,takeoff_stage1,takeoff_stage1,takeoff_stage1,TF,1,7,1,746.7690176956734,746.7690176956734,49.78473598484037,0.0,35.596887608019834,129.08016657044632,35.596887608019834,129.08016657044632,228.48837209302326,78.48837209302326,0,228.48837209302326,78.48837209302326,100.0,250.0,75,59,INSIDE,CLEAR,False,,,True,100.0,100.0,78.48837209302326,True,150.0,0.0,150.0,0.0,0,100.0,250.0,0,100.0,250.0,ALL_CLEAR,,100.0,,16,ALL_CLEAR,,100.0,,,ALL_CLEAR/PASS
takeoff,takeoff_stage1,takeoff_stage1,takeoff_stage1,TF,1,7,1,746.7690176956734,746.7690176956734,49.78473598484037,33.33333333333334,35.596887608019834,129.08016657044632,35.596965337345374,129.08052329740045,228.48837209302326,78.48837209302326,0,228.48837209302326,78.48837209302326,100.0,250.0,75,59,INSIDE,CLEAR,False,,,True,100.0,100.0,78.48837209302326,True,150.0,0.0,150.0,0.0,0,100.0,250.0,0,100.0,250.0,ALL_CLEAR,,100.0,,16,ALL_CLEAR,,100.0,,,ALL_CLEAR/PASS
takeoff,takeoff_stage1,takeoff_stage1,takeoff_stage1,TF,1,7,1,746.7690176956734,746.7690176956734,49.78473598484037,66.66666666666669,35.596887608019834,129.08016657044632,35.59704306667091,129.08088002435457,228.48837209302326,78.48837209302326,0,228.48837209302326,78.48837209302326,100.0,250.0,75,59,INSIDE,CLEAR,False,,,True,100.0,100.0,78.48837209302326,True,150.0,0.0,150.0,0.0,0,100.0,250.0,0,100.0,250.0,ALL_CLEAR,,100.0,,16,ALL_CLEAR,,100.0,,,ALL_CLEAR/PASS
takeoff,takeoff_stage1,takeoff_stage1,takeoff_stage1,TF,1,7,1,746.7690176956734,746.7690176956734,49.78473598484037,100.0,35.596887608019834,129.08016657044632,35.59712079599645,129.0812367513087,228.48837209302326,78.48837209302326,0,228.48837209302326,78.48837209302326,100.0,250.0,75,60,INSIDE,CLEAR,False,,,True,100.0,100.0,78.48837209302326,True,150.0,0.0,150.0,0.0,0,100.0,250.0,0,100.0,250.0,ALL_CLEAR,,100.0,,16,ALL_CLEAR,,100.0,,,ALL_CLEAR/PASS
takeoff,takeoff_stage1,takeoff_stage1,takeoff_stage1,TF,1,7,2,796.5537536805138,796.5537536805138,99.56947196968073,-100.0,35.596454381887824,129.08030934180942,35.596221193911205,129.07923916094705,233.72093023255815,83.72093023255815,0,233.72093023255815,83.72093023255815,100.0,250.0,74,58,INSIDE,CLEAR,False,,,True,100.0,100.0,83.72093023255815,True,150.0,0.0,150.0,0.0,0,100.0,250.0,0,100.0,250.0,ALL_CLEAR,,100.0,,17,ALL_CLEAR,,100.0,,,ALL_CLEAR/PASS
takeoff,takeoff_stage1,takeoff_stage1,takeoff_stage1,TF,1,7,2,796.5537536805138,796.5537536805138,99.56947196968073,-66.66666666666666,35.596454381887824,129.08030934180942,35.596298923236745,129.07959588790118,233.72093023255815,83.72093023255815,0,233.72093023255815,83.72093023255815,100.0,250.0,74,58,INSIDE,CLEAR,False,,,True,100.0,100.0,83.72093023255815,True,150.0,0.0,150.0,0.0,0,100.0,250.0,0,100.0,250.0,ALL_CLEAR,,100.0,,17,ALL_CLEAR,,100.0,,,ALL_CLEAR/PASS
takeoff,takeoff_stage1,takeoff_stage1,takeoff_stage1,TF,1,7,2,796.5537536805138,796.5537536805138,99.56947196968073,-33.33333333333333,35.596454381887824,129.08030934180942,35.596376652562284,129.0799526148553,233.72093023255815,83.72093023255815,0,233.72093023255815,83.72093023255815,100.0,250.0,74,59,INSIDE,CLEAR,False,,,True,100.0,100.0,83.72093023255815,True,150.0,0.0,150.0,0.0,0,100.0,250.0,0,100.0,250.0,ALL_CLEAR,,100.0,,17,ALL_CLEAR,,100.0,,,ALL_CLEAR/PASS
takeoff,takeoff_stage1,takeoff_stage1,takeoff_stage1,TF,1,7,2,796.5537536805138,796.5537536805138,99.56947196968073,0.0,35.596454381887824,129.08030934180942,35.596454381887824,129.08030934180942,233.72093023255815,83.72093023255815,0,233.72093023255815,83.72093023255815,100.0,250.0,75,59,INSIDE,CLEAR,False,,,True,100.0,100.0,83.72093023255815,True,150.0,0.0,150.0,0.0,0,100.0,250.0,0,100.0,250.0,ALL_CLEAR,,100.0,,17,ALL_CLEAR,,100.0,,,ALL_CLEAR/PASS
takeoff,takeoff_stage1,takeoff_stage1,takeoff_stage1,TF,1,7,2,796.5537536805138,796.5537536805138,99.56947196968073,33.33333333333334,35.596454381887824,129.08030934180942,35.596532111213364,129.08066606876355,233.72093023255815,83.72093023255815,0,233.72093023255815,83.72093023255815,100.0,250.0,75,59,INSIDE,CLEAR,False,,,True,100.0,100.0,83.72093023255815,True,150.0,0.0,150.0,0.0,0,100.0,250.0,0,100.0,250.0,ALL_CLEAR,,100.0,,17,ALL_CLEAR,,100.0,,,ALL_CLEAR/PASS
takeoff,takeoff_stage1,takeoff_stage1,takeoff_stage1,TF,1,7,2,796.5537536805138,796.5537536805138,99.56947196968073,66.66666666666669,35.596454381887824,129.08030934180942,35.5966098405389,129.08102279571767,233.72093023255815,83.72093023255815,0,233.72093023255815,83.72093023255815,100.0,250.0,75,60,INSIDE,CLEAR,False,,,True,100.0,100.0,83.72093023255815,True,150.0,0.0,150.0,0.0,0,100.0,250.0,0,100.0,250.0,ALL_CLEAR,,100.0,,17,ALL_CLEAR,,100.0,,,ALL_CLEAR/PASS
takeoff,takeoff_stage1,takeoff_stage1,takeoff_stage1,TF,1,7,2,796.5537536805138,796.5537536805138,99.56947196968073,100.0,35.596454381887824,129.08030934180942,35.59668756986444,129.0813795226718,233.72093023255815,83.72093023255815,0,233.72093023255815,83.72093023255815,100.0,250.0,75,60,INSIDE,CLEAR,False,,,True,100.0,100.0,83.72093023255815,True,150.0,0.0,150.0,0.0,0,100.0,250.0,0,100.0,250.0,ALL_CLEAR,,100.0,,17,ALL_CLEAR,,100.0,,,ALL_CLEAR/PASS
takeoff,takeoff_stage1,takeoff_stage1,takeoff_stage1,TF,1,8,0,796.5537536805138,796.5537536805138,0.0,-100.0,35.596454381887824,129.08030934180942,35.59622119155603,129.07923917330805,233.72093023255815,83.72093023255815,0,233.72093023255815,83.72093023255815,100.0,250.0,74,58,INSIDE,CLEAR,False,,,True,100.0,100.0,83.72093023255815,True,150.0,0.0,150.0,0.0,0,100.0,250.0,0,100.0,250.0,ALL_CLEAR,,100.0,,17,ALL_CLEAR,,100.0,,,ALL_CLEAR/PASS
takeoff,takeoff_stage1,takeoff_stage1,takeoff_stage1,TF,1,8,0,796.5537536805138,796.5537536805138,0.0,-66.66666666666666,35.596454381887824,129.08030934180942,35.59629892166663,129.07959589614185,233.72093023255815,83.72093023255815,0,233.72093023255815,83.72093023255815,100.0,250.0,74,58,INSIDE,CLEAR,False,,,True,100.0,100.0,83.72093023255815,True,150.0,0.0,150.0,0.0,0,100.0,250.0,0,100.0,250.0,ALL_CLEAR,,100.0,,17,ALL_CLEAR,,100.0,,,ALL_CLEAR/PASS
takeoff,takeoff_stage1,takeoff_stage1,takeoff_stage1,TF,1,8,0,796.5537536805138,796.5537536805138,0.0,-33.33333333333333,35.596454381887824,129.08030934180942,35.59637665177723,129.07995261897563,233.72093023255815,83.72093023255815,0,233.72093023255815,83.72093023255815,100.0,250.0,74,59,INSIDE,CLEAR,False,,,True,100.0,100.0,83.72093023255815,True,150.0,0.0,150.0,0.0,0,100.0,250.0,0,100.0,250.0,ALL_CLEAR,,100.0,,17,ALL_CLEAR,,100.0,,,ALL_CLEAR/PASS
takeoff,takeoff_stage1,takeoff_stage1,takeoff_stage1,TF,1,8,0,796.5537536805138,796.5537536805138,0.0,33.33333333333334,35.596454381887824,129.08030934180942,35.59653211199842,129.08066606464322,233.72093023255815,83.72093023255815,0,233.72093023255815,83.72093023255815,100.0,250.0,75,59,INSIDE,CLEAR,False,,,True,100.0,100.0,83.72093023255815,True,150.0,0.0,150.0,0.0,0,100.0,250.0,0,100.0,250.0,ALL_CLEAR,,100.0,,17,ALL_CLEAR,,100.0,,,ALL_CLEAR/PASS
takeoff,takeoff_stage1,takeoff_stage1,takeoff_stage1,TF,1,8,0,796.5537536805138,796.5537536805138,0.0,66.66666666666669,35.596454381887824,129.08030934180942,35.59660984210902,129.081022787477,233.72093023255815,83.72093023255815,0,233.72093023255815,83.72093023255815,100.0,250.0,75,60,INSIDE,CLEAR,False,,,True,100.0,100.0,83.72093023255815,True,150.0,0.0,150.0,0.0,0,100.0,250.0,0,100.0,250.0,ALL_CLEAR,,100.0,,17,ALL_CLEAR,,100.0,,,ALL_CLEAR/PASS
takeoff,takeoff_stage1,takeoff_stage1,takeoff_stage1,TF,1,8,0,796.5537536805138,796.5537536805138,0.0,100.0,35.596454381887824,129.08030934180942,35.596687572219615,129.0813795103108,233.72093023255815,83.72093023255815,0,233.72093023255815,83.72093023255815,100.0,250.0,75,60,INSIDE,CLEAR,False,,,True,100.0,100.0,83.72093023255815,True,150.0,0.0,150.0,0.0,0,100.0,250.0,0,100.0,250.0,ALL_CLEAR,,100.0,,17,ALL_CLEAR,,100.0,,,ALL_CLEAR/PASS
takeoff,takeoff_stage1,takeoff_stage1,takeoff_stage1,TF,1,8,1,846.3385257722889,846.3385257722889,49.7847720917751,-100.0,35.596021155755814,129.0804521131725,35.59578796542402,129.07938194467113,238.95348837209303,88.95348837209303,0,238.95348837209303,88.95348837209303,100.0,250.0,74,58,INSIDE,CLEAR,False,,,True,100.0,100.0,88.95348837209303,True,150.0,0.0,150.0,0.0,0,100.0,250.0,0,100.0,250.0,ALL_CLEAR,,100.0,,18,ALL_CLEAR,,100.0,,,ALL_CLEAR/PASS
takeoff,takeoff_stage1,takeoff_stage1,takeoff_stage1,TF,1,8,1,846.3385257722889,846.3385257722889,49.7847720917751,-66.66666666666666,35.596021155755814,129.0804521131725,35.59586569553462,129.07973866750493,238.95348837209303,88.95348837209303,0,238.95348837209303,88.95348837209303,100.0,250.0,74,58,INSIDE,CLEAR,False,,,True,100.0,100.0,88.95348837209303,True,150.0,0.0,150.0,0.0,0,100.0,250.0,0,100.0,250.0,ALL_CLEAR,,100.0,,18,ALL_CLEAR,,100.0,,,ALL_CLEAR/PASS
takeoff,takeoff_stage1,takeoff_stage1,takeoff_stage1,TF,1,8,1,846.3385257722889,846.3385257722889,49.7847720917751,-33.33333333333333,35.596021155755814,129.0804521131725,35.59594342564522,129.08009539033873,238.95348837209303,88.95348837209303,0,238.95348837209303,88.95348837209303,100.0,250.0,74,59,INSIDE,CLEAR,False,,,True,100.0,100.0,88.95348837209303,True,150.0,0.0,150.0,0.0,0,100.0,250.0,0,100.0,250.0,ALL_CLEAR,,100.0,,18,ALL_CLEAR,,100.0,,,ALL_CLEAR/PASS
takeoff,takeoff_stage1,takeoff_stage1,takeoff_stage1,TF,1,8,1,846.3385257722889,846.3385257722889,49.7847720917751,0.0,35.596021155755814,129.0804521131725,35.596021155755814,129.0804521131725,238.95348837209303,88.95348837209303,0,238.95348837209303,88.95348837209303,100.0,250.0,74,59,INSIDE,CLEAR,False,,,True,100.0,100.0,88.95348837209303,True,150.0,0.0,150.0,0.0,0,100.0,250.0,0,100.0,250.0,ALL_CLEAR,,100.0,,18,ALL_CLEAR,,100.0,,,ALL_CLEAR/PASS
takeoff,takeoff_stage1,takeoff_stage1,takeoff_stage1,TF,1,8,1,846.3385257722889,846.3385257722889,49.7847720917751,33.33333333333334,35.596021155755814,129.0804521131725,35.59609888586641,129.0808088360063,238.95348837209303,88.95348837209303,0,238.95348837209303,88.95348837209303,100.0,250.0,74,59,INSIDE,CLEAR,False,,,True,100.0,100.0,88.95348837209303,True,150.0,0.0,150.0,0.0,0,100.0,250.0,0,100.0,250.0,ALL_CLEAR,,100.0,,18,ALL_CLEAR,,100.0,,,ALL_CLEAR/PASS
takeoff,takeoff_stage1,takeoff_stage1,takeoff_stage1,TF,1,8,1,846.3385257722889,846.3385257722889,49.7847720917751,66.66666666666669,35.596021155755814,129.0804521131725,35.59617661597701,129.0811655588401,238.95348837209303,88.95348837209303,0,238.95348837209303,88.95348837209303,100.0,250.0,74,60,INSIDE,CLEAR,False,,,True,100.0,100.0,88.95348837209303,True,150.0,0.0,150.0,0.0,0,100.0,250.0,0,100.0,250.0,ALL_CLEAR,,100.0,,18,ALL_CLEAR,,100.0,,,ALL_CLEAR/PASS
takeoff,takeoff_stage1,takeoff_stage1,takeoff_stage1,TF,1,8,1,846.3385257722889,846.3385257722889,49.7847720917751,100.0,35.596021155755814,129.0804521131725,35.596254346087605,129.0815222816739,238.95348837209303,88.95348837209303,0,238.95348837209303,88.95348837209303,100.0,250.0,74,60,INSIDE,CLEAR,False,,,True,100.0,100.0,88.95348837209303,True,150.0,0.0,150.0,0.0,0,100.0,250.0,0,100.0,250.0,ALL_CLEAR,,100.0,,18,ALL_CLEAR,,100.0,,,ALL_CLEAR/PASS
takeoff,takeoff_stage1,takeoff_stage1,takeoff_stage1,TF,1,8,2,896.1232978640639,896.1232978640639,99.5695441835502,-100.0,35.595587929623804,129.0805948845356,35.59535473929201,129.07952471603423,244.18604651162792,94.18604651162792,0,244.18604651162792,94.18604651162792,100.0,250.0,73,58,INSIDE,CLEAR,False,,,True,100.0,100.0,94.18604651162792,True,150.0,0.0,150.0,0.0,0,100.0,250.0,0,100.0,250.0,ALL_CLEAR,,100.0,,19,ALL_CLEAR,,100.0,,,ALL_CLEAR/PASS
takeoff,takeoff_stage1,takeoff_stage1,takeoff_stage1,TF,1,8,2,896.1232978640639,896.1232978640639,99.5695441835502,-66.66666666666666,35.595587929623804,129.0805948845356,35.59543246940261,129.07988143886803,244.18604651162792,94.18604651162792,0,244.18604651162792,94.18604651162792,100.0,250.0,73,58,INSIDE,CLEAR,False,,,True,100.0,100.0,94.18604651162792,True,150.0,0.0,150.0,0.0,0,100.0,250.0,0,100.0,250.0,ALL_CLEAR,,100.0,,19,ALL_CLEAR,,100.0,,,ALL_CLEAR/PASS
takeoff,takeoff_stage1,takeoff_stage1,takeoff_stage1,TF,1,8,2,896.1232978640639,896.1232978640639,99.5695441835502,-33.33333333333333,35.595587929623804,129.0805948845356,35.59551019951321,129.0802381617018,244.18604651162792,94.18604651162792,0,244.18604651162792,94.18604651162792,100.0,250.0,73,59,INSIDE,CLEAR,False,,,True,100.0,100.0,94.18604651162792,True,150.0,0.0,150.0,0.0,0,100.0,250.0,0,100.0,250.0,ALL_CLEAR,,100.0,,19,ALL_CLEAR,,100.0,,,ALL_CLEAR/PASS
takeoff,takeoff_stage1,takeoff_stage1,takeoff_stage1,TF,1,8,2,896.1232978640639,896.1232978640639,99.5695441835502,0.0,35.595587929623804,129.0805948845356,35.595587929623804,129.0805948845356,244.18604651162792,94.18604651162792,0,244.18604651162792,94.18604651162792,100.0,250.0,74,59,INSIDE,CLEAR,False,,,True,100.0,100.0,94.18604651162792,True,150.0,0.0,150.0,0.0,0,100.0,250.0,0,100.0,250.0,ALL_CLEAR,,100.0,,19,ALL_CLEAR,,100.0,,,ALL_CLEAR/PASS
takeoff,takeoff_stage1,takeoff_stage1,takeoff_stage1,TF,1,8,2,896.1232978640639,896.1232978640639,99.5695441835502,33.33333333333334,35.595587929623804,129.0805948845356,35.5956656597344,129.0809516073694,244.18604651162792,94.18604651162792,0,244.18604651162792,94.18604651162792,100.0,250.0,74,60,INSIDE,CLEAR,False,,,True,100.0,100.0,94.18604651162792,True,150.0,0.0,150.0,0.0,0,100.0,250.0,0,100.0,250.0,ALL_CLEAR,,100.0,,19,ALL_CLEAR,,100.0,,,ALL_CLEAR/PASS
takeoff,takeoff_stage1,takeoff_stage1,takeoff_stage1,TF,1,8,2,896.1232978640639,896.1232978640639,99.5695441835502,66.66666666666669,35.595587929623804,129.0805948845356,35.595743389845,129.08130833020317,244.18604651162792,94.18604651162792,0,244.18604651162792,94.18604651162792,100.0,250.0,74,60,INSIDE,CLEAR,False,,,True,100.0,100.0,94.18604651162792,True,150.0,0.0,150.0,0.0,0,100.0,250.0,0,100.0,250.0,ALL_CLEAR,,100.0,,19,ALL_CLEAR,,100.0,,,ALL_CLEAR/PASS
takeoff,takeoff_stage1,takeoff_stage1,takeoff_stage1,TF,1,8,2,896.1232978640639,896.1232978640639,99.5695441835502,100.0,35.595587929623804,129.0805948845356,35.595821119955595,129.08166505303697,244.18604651162792,94.18604651162792,0,244.18604651162792,94.18604651162792,100.0,250.0,74,60,INSIDE,CLEAR,False,,,True,100.0,100.0,94.18604651162792,True,150.0,0.0,150.0,0.0,0,100.0,250.0,0,100.0,250.0,ALL_CLEAR,,100.0,,19,ALL_CLEAR,,100.0,,,ALL_CLEAR/PASS
takeoff,takeoff_stage1,takeoff_stage1,takeoff_stage1,TF,1,9,0,896.1232978640639,896.1232978640639,0.0,-100.0,35.595587929623804,129.0805948845356,35.595354736936876,129.07952472839472,244.18604651162792,94.18604651162792,0,244.18604651162792,94.18604651162792,100.0,250.0,73,58,INSIDE,CLEAR,False,,,True,100.0,100.0,94.18604651162792,True,150.0,0.0,150.0,0.0,0,100.0,250.0,0,100.0,250.0,ALL_CLEAR,,100.0,,19,ALL_CLEAR,,100.0,,,ALL_CLEAR/PASS
takeoff,takeoff_stage1,takeoff_stage1,takeoff_stage1,TF,1,9,0,896.1232978640639,896.1232978640639,0.0,-66.66666666666666,35.595587929623804,129.0805948845356,35.59543246783252,129.07988144710833,244.18604651162792,94.18604651162792,0,244.18604651162792,94.18604651162792,100.0,250.0,73,58,INSIDE,CLEAR,False,,,True,100.0,100.0,94.18604651162792,True,150.0,0.0,150.0,0.0,0,100.0,250.0,0,100.0,250.0,ALL_CLEAR,,100.0,,19,ALL_CLEAR,,100.0,,,ALL_CLEAR/PASS
takeoff,takeoff_stage1,takeoff_stage1,takeoff_stage1,TF,1,9,0,896.1232978640639,896.1232978640639,0.0,-33.33333333333333,35.595587929623804,129.0805948845356,35.595510198728164,129.08023816582198,244.18604651162792,94.18604651162792,0,244.18604651162792,94.18604651162792,100.0,250.0,73,59,INSIDE,CLEAR,False,,,True,100.0,100.0,94.18604651162792,True,150.0,0.0,150.0,0.0,0,100.0,250.0,0,100.0,250.0,ALL_CLEAR,,100.0,,19,ALL_CLEAR,,100.0,,,ALL_CLEAR/PASS
takeoff,takeoff_stage1,takeoff_stage1,takeoff_stage1,TF,1,9,0,896.1232978640639,896.1232978640639,0.0,33.33333333333334,35.595587929623804,129.0805948845356,35.595665660519444,129.08095160324922,244.18604651162792,94.18604651162792,0,244.18604651162792,94.18604651162792,100.0,250.0,74,60,INSIDE,CLEAR,False,,,True,100.0,100.0,94.18604651162792,True,150.0,0.0,150.0,0.0,0,100.0,250.0,0,100.0,250.0,ALL_CLEAR,,100.0,,19,ALL_CLEAR,,100.0,,,ALL_CLEAR/PASS
takeoff,takeoff_stage1,takeoff_stage1,takeoff_stage1,TF,1,9,0,896.1232978640639,896.1232978640639,0.0,66.66666666666669,35.595587929623804,129.0805948845356,35.59574339141509,129.08130832196287,244.18604651162792,94.18604651162792,0,244.18604651162792,94.18604651162792,100.0,250.0,74,60,INSIDE,CLEAR,False,,,True,100.0,100.0,94.18604651162792,True,150.0,0.0,150.0,0.0,0,100.0,250.0,0,100.0,250.0,ALL_CLEAR,,100.0,,19,ALL_CLEAR,,100.0,,,ALL_CLEAR/PASS
takeoff,takeoff_stage1,takeoff_stage1,takeoff_stage1,TF,1,9,0,896.1232978640639,896.1232978640639,0.0,100.0,35.595587929623804,129.0805948845356,35.59582112231073,129.08166504067648,244.18604651162792,94.18604651162792,0,244.18604651162792,94.18604651162792,100.0,250.0,74,60,INSIDE,CLEAR,False,,,True,100.0,100.0,94.18604651162792,True,150.0,0.0,150.0,0.0,0,100.0,250.0,0,100.0,250.0,ALL_CLEAR,,100.0,,19,ALL_CLEAR,,100.0,,,ALL_CLEAR/PASS
takeoff,takeoff_stage1,takeoff_stage1,takeoff_stage1,TF,1,9,1,945.9081060627077,945.9081060627077,49.78480819864371,-100.0,35.595154703491794,129.0807376558987,35.594921510804866,129.0796674997578,249.4186046511628,99.41860465116281,0,249.4186046511628,99.41860465116281,100.0,250.0,73,58,INSIDE,CLEAR,False,,,True,100.0,100.0,99.41860465116281,True,150.0,0.0,150.0,0.0,0,100.0,250.0,0,100.0,250.0,ALL_CLEAR,,100.0,,20,ALL_CLEAR,,100.0,,,ALL_CLEAR/PASS
takeoff,takeoff_stage1,takeoff_stage1,takeoff_stage1,TF,1,9,1,945.9081060627077,945.9081060627077,49.78480819864371,-66.66666666666666,35.595154703491794,129.0807376558987,35.594999241700506,129.08002421847144,249.4186046511628,99.41860465116281,0,249.4186046511628,99.41860465116281,100.0,250.0,73,59,INSIDE,CLEAR,False,,,True,100.0,100.0,99.41860465116281,True,150.0,0.0,150.0,0.0,0,100.0,250.0,0,100.0,250.0,ALL_CLEAR,,100.0,,20,ALL_CLEAR,,100.0,,,ALL_CLEAR/PASS
takeoff,takeoff_stage1,takeoff_stage1,takeoff_stage1,TF,1,9,1,945.9081060627077,945.9081060627077,49.78480819864371,-33.33333333333333,35.595154703491794,129.0807376558987,35.595076972596154,129.08038093718505,249.4186046511628,99.41860465116281,0,249.4186046511628,99.41860465116281,100.0,250.0,73,59,INSIDE,CLEAR,False,,,True,100.0,100.0,99.41860465116281,True,150.0,0.0,150.0,0.0,0,100.0,250.0,0,100.0,250.0,ALL_CLEAR,,100.0,,20,ALL_CLEAR,,100.0,,,ALL_CLEAR/PASS
takeoff,takeoff_stage1,takeoff_stage1,takeoff_stage1,TF,1,9,1,945.9081060627077,945.9081060627077,49.78480819864371,0.0,35.595154703491794,129.0807376558987,35.595154703491794,129.0807376558987,249.4186046511628,99.41860465116281,0,249.4186046511628,99.41860465116281,100.0,250.0,73,59,INSIDE,CLEAR,False,,,True,100.0,100.0,99.41860465116281,True,150.0,0.0,150.0,0.0,0,100.0,250.0,0,100.0,250.0,ALL_CLEAR,,100.0,,20,ALL_CLEAR,,100.0,,,ALL_CLEAR/PASS
takeoff,takeoff_stage1,takeoff_stage1,takeoff_stage1,TF,1,9,1,945.9081060627077,945.9081060627077,49.78480819864371,33.33333333333334,35.595154703491794,129.0807376558987,35.595232434387434,129.08109437461232,249.4186046511628,99.41860465116281,0,249.4186046511628,99.41860465116281,100.0,250.0,73,60,INSIDE,CLEAR,False,,,True,100.0,100.0,99.41860465116281,True,150.0,0.0,150.0,0.0,0,100.0,250.0,0,100.0,250.0,ALL_CLEAR,,100.0,,20,ALL_CLEAR,,100.0,,,ALL_CLEAR/PASS
takeoff,takeoff_stage1,takeoff_stage1,takeoff_stage1,TF,1,9,1,945.9081060627077,945.9081060627077,49.78480819864371,66.66666666666669,35.595154703491794,129.0807376558987,35.59531016528308,129.08145109332594,249.4186046511628,99.41860465116281,0,249.4186046511628,99.41860465116281,100.0,250.0,73,60,INSIDE,CLEAR,False,,,True,100.0,100.0,99.41860465116281,True,150.0,0.0,150.0,0.0,0,100.0,250.0,0,100.0,250.0,ALL_CLEAR,,100.0,,20,ALL_CLEAR,,100.0,,,ALL_CLEAR/PASS
takeoff,takeoff_stage1,takeoff_stage1,takeoff_stage1,TF,1,9,1,945.9081060627077,945.9081060627077,49.78480819864371,100.0,35.595154703491794,129.0807376558987,35.59538789617872,129.08180781203959,249.4186046511628,99.41860465116281,0,249.4186046511628,99.41860465116281,100.0,250.0,73,60,INSIDE,CLEAR,False,,,True,100.0,100.0,99.41860465116281,True,150.0,0.0,150.0,0.0,0,100.0,250.0,0,100.0,250.0,ALL_CLEAR,,100.0,,20,ALL_CLEAR,,100.0,,,ALL_CLEAR/PASS
takeoff,takeoff_stage1,takeoff_stage1,takeoff_stage1,TF,1,9,2,995.6929142613513,995.6929142613513,99.56961639728742,-100.0,35.59472147735978,129.08088042726177,35.594488284672856,129.0798102711209,254.65116279069767,104.65116279069767,0,254.65116279069767,104.65116279069767,100.0,250.0,72,58,INSIDE,CLEAR,False,,,True,100.0,100.0,100.0,False,154.65116279069767,4.6511627906976685,154.65116279069767,4.6511627906976685,0,100.0,250.0,0,100.0,250.0,ALL_CLEAR,,100.0,,21,ALL_CLEAR,,100.0,,,ALL_CLEAR/PASS
takeoff,takeoff_stage1,takeoff_stage1,takeoff_stage1,TF,1,9,2,995.6929142613513,995.6929142613513,99.56961639728742,-66.66666666666666,35.59472147735978,129.08088042726177,35.594566015568496,129.0801669898345,254.65116279069767,104.65116279069767,0,254.65116279069767,104.65116279069767,100.0,250.0,72,59,INSIDE,CLEAR,False,,,True,100.0,100.0,100.0,False,154.65116279069767,4.6511627906976685,154.65116279069767,4.6511627906976685,0,100.0,250.0,0,100.0,250.0,ALL_CLEAR,,100.0,,21,ALL_CLEAR,,100.0,,,ALL_CLEAR/PASS
takeoff,takeoff_stage1,takeoff_stage1,takeoff_stage1,TF,1,9,2,995.6929142613513,995.6929142613513,99.56961639728742,-33.33333333333333,35.59472147735978,129.08088042726177,35.59464374646414,129.08052370854816,254.65116279069767,104.65116279069767,0,254.65116279069767,104.65116279069767,100.0,250.0,72,59,INSIDE,CLEAR,False,,,True,100.0,100.0,100.0,False,154.65116279069767,4.6511627906976685,154.65116279069767,4.6511627906976685,0,100.0,250.0,0,100.0,250.0,ALL_CLEAR,,100.0,,21,ALL_CLEAR,,100.0,,,ALL_CLEAR/PASS
takeoff,takeoff_stage1,takeoff_stage1,takeoff_stage1,TF,1,9,2,995.6929142613513,995.6929142613513,99.56961639728742,0.0,35.59472147735978,129.08088042726177,35.59472147735978,129.08088042726177,254.65116279069767,104.65116279069767,0,254.65116279069767,104.65116279069767,100.0,250.0,72,59,INSIDE,CLEAR,False,,,True,100.0,100.0,100.0,False,154.65116279069767,4.6511627906976685,154.65116279069767,4.6511627906976685,0,100.0,250.0,0,100.0,250.0,ALL_CLEAR,,100.0,,21,ALL_CLEAR,,100.0,,,ALL_CLEAR/PASS
takeoff,takeoff_stage1,takeoff_stage1,takeoff_stage1,TF,1,9,2,995.6929142613513,995.6929142613513,99.56961639728742,33.33333333333334,35.59472147735978,129.08088042726177,35.594799208255424,129.0812371459754,254.65116279069767,104.65116279069767,0,254.65116279069767,104.65116279069767,100.0,250.0,73,60,INSIDE,CLEAR,False,,,True,100.0,100.0,100.0,False,154.65116279069767,4.6511627906976685,154.65116279069767,4.6511627906976685,0,100.0,250.0,0,100.0,250.0,ALL_CLEAR,,100.0,,21,ALL_CLEAR,,100.0,,,ALL_CLEAR/PASS
takeoff,takeoff_stage1,takeoff_stage1,takeoff_stage1,TF,1,9,2,995.6929142613513,995.6929142613513,99.56961639728742,66.66666666666669,35.59472147735978,129.08088042726177,35.59487693915107,129.08159386468904,254.65116279069767,104.65116279069767,0,254.65116279069767,104.65116279069767,100.0,250.0,73,60,INSIDE,CLEAR,False,,,True,100.0,100.0,100.0,False,154.65116279069767,4.6511627906976685,154.65116279069767,4.6511627906976685,0,100.0,250.0,0,100.0,250.0,ALL_CLEAR,,100.0,,21,ALL_CLEAR,,100.0,,,ALL_CLEAR/PASS
takeoff,takeoff_stage1,takeoff_stage1,takeoff_stage1,TF,1,9,2,995.6929142613513,995.6929142613513,99.56961639728742,100.0,35.59472147735978,129.08088042726177,35.59495467004671,129.08195058340266,254.65116279069767,104.65116279069767,0,254.65116279069767,104.65116279069767,100.0,250.0,73,61,INSIDE,CLEAR,False,,,True,100.0,100.0,100.0,False,154.65116279069767,4.6511627906976685,154.65116279069767,4.6511627906976685,0,100.0,250.0,0,100.0,250.0,ALL_CLEAR,,100.0,,21,ALL_CLEAR,,100.0,,,ALL_CLEAR/PASS
takeoff,takeoff_stage1,takeoff_stage1,takeoff_stage1,TF,1,10,0,995.6929142613513,995.6929142613513,0.0,-100.0,35.59472147735978,129.08088042726177,35.594488282317776,129.07981028348087,254.65116279069767,104.65116279069767,0,254.65116279069767,104.65116279069767,100.0,250.0,72,58,INSIDE,CLEAR,False,,,True,100.0,100.0,100.0,False,154.65116279069767,4.6511627906976685,154.65116279069767,4.6511627906976685,0,100.0,250.0,0,100.0,250.0,ALL_CLEAR,,100.0,,21,ALL_CLEAR,,100.0,,,ALL_CLEAR/PASS
takeoff,takeoff_stage1,takeoff_stage1,takeoff_stage1,TF,1,10,0,995.6929142613513,995.6929142613513,0.0,-66.66666666666666,35.59472147735978,129.08088042726177,35.594566013998445,129.0801669980745,254.65116279069767,104.65116279069767,0,254.65116279069767,104.65116279069767,100.0,250.0,72,59,INSIDE,CLEAR,False,,,True,100.0,100.0,100.0,False,154.65116279069767,4.6511627906976685,154.65116279069767,4.6511627906976685,0,100.0,250.0,0,100.0,250.0,ALL_CLEAR,,100.0,,21,ALL_CLEAR,,100.0,,,ALL_CLEAR/PASS
takeoff,takeoff_stage1,takeoff_stage1,takeoff_stage1,TF,1,10,0,995.6929142613513,995.6929142613513,0.0,-33.33333333333333,35.59472147735978,129.08088042726177,35.594643745679114,129.08052371266814,254.65116279069767,104.65116279069767,0,254.65116279069767,104.65116279069767,100.0,250.0,72,59,INSIDE,CLEAR,False,,,True,100.0,100.0,100.0,False,154.65116279069767,4.6511627906976685,154.65116279069767,4.6511627906976685,0,100.0,250.0,0,100.0,250.0,ALL_CLEAR,,100.0,,21,ALL_CLEAR,,100.0,,,ALL_CLEAR/PASS
takeoff,takeoff_stage1,takeoff_stage1,takeoff_stage1,TF,1,10,0,995.6929142613513,995.6929142613513,0.0,33.33333333333334,35.59472147735978,129.08088042726177,35.59479920904045,129.0812371418554,254.65116279069767,104.65116279069767,0,254.65116279069767,104.65116279069767,100.0,250.0,73,60,INSIDE,CLEAR,False,,,True,100.0,100.0,100.0,False,154.65116279069767,4.6511627906976685,154.65116279069767,4.6511627906976685,0,100.0,250.0,0,100.0,250.0,ALL_CLEAR,,100.0,,21,ALL_CLEAR,,100.0,,,ALL_CLEAR/PASS
takeoff,takeoff_stage1,takeoff_stage1,takeoff_stage1,TF,1,10,0,995.6929142613513,995.6929142613513,0.0,66.66666666666669,35.59472147735978,129.08088042726177,35.59487694072112,129.08159385644905,254.65116279069767,104.65116279069767,0,254.65116279069767,104.65116279069767,100.0,250.0,73,60,INSIDE,CLEAR,False,,,True,100.0,100.0,100.0,False,154.65116279069767,4.6511627906976685,154.65116279069767,4.6511627906976685,0,100.0,250.0,0,100.0,250.0,ALL_CLEAR,,100.0,,21,ALL_CLEAR,,100.0,,,ALL_CLEAR/PASS
takeoff,takeoff_stage1,takeoff_stage1,takeoff_stage1,TF,1,10,0,995.6929142613513,995.6929142613513,0.0,100.0,35.59472147735978,129.08088042726177,35.59495467240179,129.08195057104268,254.65116279069767,104.65116279069767,0,254.65116279069767,104.65116279069767,100.0,250.0,73,61,INSIDE,CLEAR,False,,,True,100.0,100.0,100.0,False,154.65116279069767,4.6511627906976685,154.65116279069767,4.6511627906976685,0,100.0,250.0,0,100.0,250.0,ALL_CLEAR,,100.0,,21,ALL_CLEAR,,100.0,,,ALL_CLEAR/PASS
takeoff,takeoff_stage1,takeoff_stage1,takeoff_stage1,TF,1,10,1,1045.4777585668464,1045.4777585668464,49.78484430549507,-100.0,35.594288251227766,129.08102319862485,35.59405505618576,129.07995305484394,259.8837209302325,109.88372093023253,0,259.8837209302325,109.88372093023253,100.0,250.0,72,59,INSIDE,CLEAR,False,,,True,100.0,100.0,100.0,False,159.88372093023253,9.883720930232528,159.88372093023253,9.883720930232528,0,100.0,250.0,0,100.0,250.0,ALL_CLEAR,,100.0,,22,ALL_CLEAR,,100.0,,,ALL_CLEAR/PASS
takeoff,takeoff_stage1,takeoff_stage1,takeoff_stage1,TF,1,10,1,1045.4777585668464,1045.4777585668464,49.78484430549507,-66.66666666666666,35.594288251227766,129.08102319862485,35.59413278786643,129.08030976943758,259.8837209302325,109.88372093023253,0,259.8837209302325,109.88372093023253,100.0,250.0,72,59,INSIDE,CLEAR,False,,,True,100.0,100.0,100.0,False,159.88372093023253,9.883720930232528,159.88372093023253,9.883720930232528,0,100.0,250.0,0,100.0,250.0,ALL_CLEAR,,100.0,,22,ALL_CLEAR,,100.0,,,ALL_CLEAR/PASS
takeoff,takeoff_stage1,takeoff_stage1,takeoff_stage1,TF,1,10,1,1045.4777585668464,1045.4777585668464,49.78484430549507,-33.33333333333333,35.594288251227766,129.08102319862485,35.5942105195471,129.0806664840312,259.8837209302325,109.88372093023253,0,259.8837209302325,109.88372093023253,100.0,250.0,72,59,INSIDE,CLEAR,False,,,True,100.0,100.0,100.0,False,159.88372093023253,9.883720930232528,159.88372093023253,9.883720930232528,0,100.0,250.0,0,100.0,250.0,ALL_CLEAR,,100.0,,22,ALL_CLEAR,,100.0,,,ALL_CLEAR/PASS
takeoff,takeoff_stage1,takeoff_stage1,takeoff_stage1,TF,1,10,1,1045.4777585668464,1045.4777585668464,49.78484430549507,0.0,35.594288251227766,129.08102319862485,35.594288251227766,129.08102319862485,259.8837209302325,109.88372093023253,0,259.8837209302325,109.88372093023253,100.0,250.0,72,60,INSIDE,CLEAR,False,,,True,100.0,100.0,100.0,False,159.88372093023253,9.883720930232528,159.88372093023253,9.883720930232528,0,100.0,250.0,0,100.0,250.0,ALL_CLEAR,,100.0,,22,ALL_CLEAR,,100.0,,,ALL_CLEAR/PASS
takeoff,takeoff_stage1,takeoff_stage1,takeoff_stage1,TF,1,10,1,1045.4777585668464,1045.4777585668464,49.78484430549507,33.33333333333334,35.594288251227766,129.08102319862485,35.59436598290844,129.0813799132185,259.8837209302325,109.88372093023253,0,259.8837209302325,109.88372093023253,100.0,250.0,72,60,INSIDE,CLEAR,False,,,True,100.0,100.0,100.0,False,159.88372093023253,9.883720930232528,159.88372093023253,9.883720930232528,0,100.0,250.0,0,100.0,250.0,ALL_CLEAR,,100.0,,22,ALL_CLEAR,,100.0,,,ALL_CLEAR/PASS
takeoff,takeoff_stage1,takeoff_stage1,takeoff_stage1,TF,1,10,1,1045.4777585668464,1045.4777585668464,49.78484430549507,66.66666666666669,35.594288251227766,129.08102319862485,35.59444371458911,129.08173662781215,259.8837209302325,109.88372093023253,0,259.8837209302325,109.88372093023253,100.0,250.0,72,60,INSIDE,CLEAR,False,,,True,100.0,100.0,100.0,False,159.88372093023253,9.883720930232528,159.88372093023253,9.883720930232528,0,100.0,250.0,0,100.0,250.0,ALL_CLEAR,,100.0,,22,ALL_CLEAR,,100.0,,,ALL_CLEAR/PASS
takeoff,takeoff_stage1,takeoff_stage1,takeoff_stage1,TF,1,10,1,1045.4777585668464,1045.4777585668464,49.78484430549507,100.0,35.594288251227766,129.08102319862485,35.59452144626978,129.08209334240578,259.8837209302325,109.88372093023253,0,259.8837209302325,109.88372093023253,100.0,250.0,72,61,INSIDE,CLEAR,False,,,True,100.0,100.0,100.0,False,159.88372093023253,9.883720930232528,159.88372093023253,9.883720930232528,0,100.0,250.0,0,100.0,250.0,ALL_CLEAR,,100.0,,22,ALL_CLEAR,,100.0,,,ALL_CLEAR/PASS
takeoff,takeoff_stage1,takeoff_stage1,takeoff_stage1,TF,1,10,2,1095.2626028723414,1095.2626028723414,99.56968861099014,-100.0,35.593855025095756,129.08116596998795,35.59362183005375,129.08009582620704,265.1162790697674,115.11627906976742,0,265.1162790697674,115.11627906976742,100.0,250.0,71,59,INSIDE,CLEAR,False,,,True,100.0,100.0,100.0,False,165.11627906976742,15.116279069767415,165.11627906976742,15.116279069767415,0,100.0,250.0,0,100.0,250.0,ALL_CLEAR,,100.0,,23,ALL_CLEAR,,100.0,,,ALL_CLEAR/PASS
takeoff,takeoff_stage1,takeoff_stage1,takeoff_stage1,TF,1,10,2,1095.2626028723414,1095.2626028723414,99.56968861099014,-66.66666666666666,35.593855025095756,129.08116596998795,35.59369956173442,129.08045254080068,265.1162790697674,115.11627906976742,0,265.1162790697674,115.11627906976742,100.0,250.0,71,59,INSIDE,CLEAR,False,,,True,100.0,100.0,100.0,False,165.11627906976742,15.116279069767415,165.11627906976742,15.116279069767415,0,100.0,250.0,0,100.0,250.0,ALL_CLEAR,,100.0,,23,ALL_CLEAR,,100.0,,,ALL_CLEAR/PASS
takeoff,takeoff_stage1,takeoff_stage1,takeoff_stage1,TF,1,10,2,1095.2626028723414,1095.2626028723414,99.56968861099014,-33.33333333333333,35.593855025095756,129.08116596998795,35.59377729341509,129.0808092553943,265.1162790697674,115.11627906976742,0,265.1162790697674,115.11627906976742,100.0,250.0,71,59,INSIDE,CLEAR,False,,,True,100.0,100.0,100.0,False,165.11627906976742,15.116279069767415,165.11627906976742,15.116279069767415,0,100.0,250.0,0,100.0,250.0,ALL_CLEAR,,100.0,,23,ALL_CLEAR,,100.0,,,ALL_CLEAR/PASS
takeoff,takeoff_stage1,takeoff_stage1,takeoff_stage1,TF,1,10,2,1095.2626028723414,1095.2626028723414,99.56968861099014,0.0,35.593855025095756,129.08116596998795,35.593855025095756,129.08116596998795,265.1162790697674,115.11627906976742,0,265.1162790697674,115.11627906976742,100.0,250.0,71,60,INSIDE,CLEAR,False,,,True,100.0,100.0,100.0,False,165.11627906976742,15.116279069767415,165.11627906976742,15.116279069767415,0,100.0,250.0,0,100.0,250.0,ALL_CLEAR,,100.0,,23,ALL_CLEAR,,100.0,,,ALL_CLEAR/PASS
takeoff,takeoff_stage1,takeoff_stage1,takeoff_stage1,TF,1,10,2,1095.2626028723414,1095.2626028723414,99.56968861099014,33.33333333333334,35.593855025095756,129.08116596998795,35.593932756776425,129.08152268458159,265.1162790697674,115.11627906976742,0,265.1162790697674,115.11627906976742,100.0,250.0,72,60,INSIDE,CLEAR,False,,,True,100.0,100.0,100.0,False,165.11627906976742,15.116279069767415,165.11627906976742,15.116279069767415,0,100.0,250.0,0,100.0,250.0,ALL_CLEAR,,100.0,,23,ALL_CLEAR,,100.0,,,ALL_CLEAR/PASS
takeoff,takeoff_stage1,takeoff_stage1,takeoff_stage1,TF,1,10,2,1095.2626028723414,1095.2626028723414,99.56968861099014,66.66666666666669,35.593855025095756,129.08116596998795,35.594010488457094,129.08187939917522,265.1162790697674,115.11627906976742,0,265.1162790697674,115.11627906976742,100.0,250.0,72,60,INSIDE,CLEAR,False,,,True,100.0,100.0,100.0,False,165.11627906976742,15.116279069767415,165.11627906976742,15.116279069767415,0,100.0,250.0,0,100.0,250.0,ALL_CLEAR,,100.0,,23,ALL_CLEAR,,100.0,,,ALL_CLEAR/PASS
takeoff,takeoff_stage1,takeoff_stage1,takeoff_stage1,TF,1,10,2,1095.2626028723414,1095.2626028723414,99.56968861099014,100.0,35.593855025095756,129.08116596998795,35.59408822013776,129.08223611376886,265.1162790697674,115.11627906976742,0,265.1162790697674,115.11627906976742,100.0,250.0,72,61,INSIDE,CLEAR,False,,,True,100.0,100.0,100.0,False,165.11627906976742,15.116279069767415,165.11627906976742,15.116279069767415,0,100.0,250.0,0,100.0,250.0,ALL_CLEAR,,100.0,,23,ALL_CLEAR,,100.0,,,ALL_CLEAR/PASS
takeoff,takeoff_stage1,takeoff_stage1,takeoff_stage1,TF,1,11,0,1095.2626028723414,1095.2626028723414,0.0,-100.0,35.593855025095756,129.08116596998795,35.59362182769872,129.08009583856648,265.1162790697674,115.11627906976742,0,265.1162790697674,115.11627906976742,100.0,250.0,71,59,INSIDE,CLEAR,False,,,True,100.0,100.0,100.0,False,165.11627906976742,15.116279069767415,165.11627906976742,15.116279069767415,0,100.0,250.0,0,100.0,250.0,ALL_CLEAR,,100.0,,23,ALL_CLEAR,,100.0,,,ALL_CLEAR/PASS
takeoff,takeoff_stage1,takeoff_stage1,takeoff_stage1,TF,1,11,0,1095.2626028723414,1095.2626028723414,0.0,-66.66666666666666,35.593855025095756,129.08116596998795,35.593699560164396,129.0804525490403,265.1162790697674,115.11627906976742,0,265.1162790697674,115.11627906976742,100.0,250.0,71,59,INSIDE,CLEAR,False,,,True,100.0,100.0,100.0,False,165.11627906976742,15.116279069767415,165.11627906976742,15.116279069767415,0,100.0,250.0,0,100.0,250.0,ALL_CLEAR,,100.0,,23,ALL_CLEAR,,100.0,,,ALL_CLEAR/PASS
takeoff,takeoff_stage1,takeoff_stage1,takeoff_stage1,TF,1,11,0,1095.2626028723414,1095.2626028723414,0.0,-33.33333333333333,35.593855025095756,129.08116596998795,35.59377729263008,129.08080925951413,265.1162790697674,115.11627906976742,0,265.1162790697674,115.11627906976742,100.0,250.0,71,59,INSIDE,CLEAR,False,,,True,100.0,100.0,100.0,False,165.11627906976742,15.116279069767415,165.11627906976742,15.116279069767415,0,100.0,250.0,0,100.0,250.0,ALL_CLEAR,,100.0,,23,ALL_CLEAR,,100.0,,,ALL_CLEAR/PASS
takeoff,takeoff_stage1,takeoff_stage1,takeoff_stage1,TF,1,11,0,1095.2626028723414,1095.2626028723414,0.0,33.33333333333334,35.593855025095756,129.08116596998795,35.59393275756143,129.08152268046177,265.1162790697674,115.11627906976742,0,265.1162790697674,115.11627906976742,100.0,250.0,72,60,INSIDE,CLEAR,False,,,True,100.0,100.0,100.0,False,165.11627906976742,15.116279069767415,165.11627906976742,15.116279069767415,0,100.0,250.0,0,100.0,250.0,ALL_CLEAR,,100.0,,23,ALL_CLEAR,,100.0,,,ALL_CLEAR/PASS
takeoff,takeoff_stage1,takeoff_stage1,takeoff_stage1,TF,1,11,0,1095.2626028723414,1095.2626028723414,0.0,66.66666666666669,35.593855025095756,129.08116596998795,35.59401049002712,129.0818793909356,265.1162790697674,115.11627906976742,0,265.1162790697674,115.11627906976742,100.0,250.0,72,60,INSIDE,CLEAR,False,,,True,100.0,100.0,100.0,False,165.11627906976742,15.116279069767415,165.11627906976742,15.116279069767415,0,100.0,250.0,0,100.0,250.0,ALL_CLEAR,,100.0,,23,ALL_CLEAR,,100.0,,,ALL_CLEAR/PASS
takeoff,takeoff_stage1,takeoff_stage1,takeoff_stage1,TF,1,11,0,1095.2626028723414,1095.2626028723414,0.0,100.0,35.593855025095756,129.08116596998795,35.59408822249279,129.08223610140942,265.1162790697674,115.11627906976742,0,265.1162790697674,115.11627906976742,100.0,250.0,72,61,INSIDE,CLEAR,False,,,True,100.0,100.0,100.0,False,165.11627906976742,15.116279069767415,165.11627906976742,15.116279069767415,0,100.0,250.0,0,100.0,250.0,ALL_CLEAR,,100.0,,23,ALL_CLEAR,,100.0,,,ALL_CLEAR/PASS
takeoff,takeoff_stage1,takeoff_stage1,takeoff_stage1,TF,1,11,1,1145.0474832839088,1145.0474832839088,49.78488041156734,-100.0,35.593421798963746,129.08130874135105,35.59318860156671,129.08023860992955,270.3488372093023,120.3488372093023,0,270.3488372093023,120.3488372093023,100.0,250.0,71,59,INSIDE,CLEAR,False,,,True,100.0,100.0,100.0,False,170.3488372093023,20.348837209302303,170.3488372093023,20.348837209302303,0,100.0,250.0,0,100.0,250.0,ALL_CLEAR,,100.0,,24,ALL_CLEAR,,100.0,,,ALL_CLEAR/PASS
takeoff,takeoff_stage1,takeoff_stage1,takeoff_stage1,TF,1,11,1,1145.0474832839088,1145.0474832839088,49.78488041156734,-66.66666666666666,35.593421798963746,129.08130874135105,35.593266334032386,129.08059532040338,270.3488372093023,120.3488372093023,0,270.3488372093023,120.3488372093023,100.0,250.0,71,59,INSIDE,CLEAR,False,,,True,100.0,100.0,100.0,False,170.3488372093023,20.348837209302303,170.3488372093023,20.348837209302303,0,100.0,250.0,0,100.0,250.0,ALL_CLEAR,,100.0,,24,ALL_CLEAR,,100.0,,,ALL_CLEAR/PASS
takeoff,takeoff_stage1,takeoff_stage1,takeoff_stage1,TF,1,11,1,1145.0474832839088,1145.0474832839088,49.78488041156734,-33.33333333333333,35.593421798963746,129.08130874135105,35.59334406649806,129.0809520308772,270.3488372093023,120.3488372093023,0,270.3488372093023,120.3488372093023,100.0,250.0,71,60,INSIDE,CLEAR,False,,,True,100.0,100.0,100.0,False,170.3488372093023,20.348837209302303,170.3488372093023,20.348837209302303,0,100.0,250.0,0,100.0,250.0,ALL_CLEAR,,100.0,,24,ALL_CLEAR,,100.0,,,ALL_CLEAR/PASS
takeoff,takeoff_stage1,takeoff_stage1,takeoff_stage1,TF,1,11,1,1145.0474832839088,1145.0474832839088,49.78488041156734,0.0,35.593421798963746,129.08130874135105,35.593421798963746,129.08130874135102,270.3488372093023,120.3488372093023,0,270.3488372093023,120.3488372093023,100.0,250.0,71,60,INSIDE,CLEAR,False,,,True,100.0,100.0,100.0,False,170.3488372093023,20.348837209302303,170.3488372093023,20.348837209302303,0,100.0,250.0,0,100.0,250.0,ALL_CLEAR,,100.0,,24,ALL_CLEAR,,100.0,,,ALL_CLEAR/PASS
takeoff,takeoff_stage1,takeoff_stage1,takeoff_stage1,TF,1,11,1,1145.0474832839088,1145.0474832839088,49.78488041156734,33.33333333333334,35.593421798963746,129.08130874135105,35.59349953142942,129.08166545182488,270.3488372093023,120.3488372093023,0,270.3488372093023,120.3488372093023,100.0,250.0,71,60,INSIDE,CLEAR,False,,,True,100.0,100.0,100.0,False,170.3488372093023,20.348837209302303,170.3488372093023,20.348837209302303,0,100.0,250.0,0,100.0,250.0,ALL_CLEAR,,100.0,,24,ALL_CLEAR,,100.0,,,ALL_CLEAR/PASS
takeoff,takeoff_stage1,takeoff_stage1,takeoff_stage1,TF,1,11,1,1145.0474832839088,1145.0474832839088,49.78488041156734,66.66666666666669,35.593421798963746,129.08130874135105,35.5935772638951,129.0820221622987,270.3488372093023,120.3488372093023,0,270.3488372093023,120.3488372093023,100.0,250.0,71,61,INSIDE,CLEAR,False,,,True,100.0,100.0,100.0,False,170.3488372093023,20.348837209302303,170.3488372093023,20.348837209302303,0,100.0,250.0,0,100.0,250.0,ALL_CLEAR,,100.0,,24,ALL_CLEAR,,100.0,,,ALL_CLEAR/PASS
takeoff,takeoff_stage1,takeoff_stage1,takeoff_stage1,TF,1,11,1,1145.0474832839088,1145.0474832839088,49.78488041156734,100.0,35.593421798963746,129.08130874135105,35.593654996360776,129.08237887277252,270.3488372093023,120.3488372093023,0,270.3488372093023,120.3488372093023,100.0,250.0,71,61,INSIDE,CLEAR,False,,,True,100.0,100.0,100.0,False,170.3488372093023,20.348837209302303,170.3488372093023,20.348837209302303,0,100.0,250.0,0,100.0,250.0,ALL_CLEAR,,100.0,,24,ALL_CLEAR,,100.0,,,ALL_CLEAR/PASS
takeoff,takeoff_stage1,takeoff_stage1,takeoff_stage1,TF,1,11,2,1194.832363695476,1194.832363695476,99.56976082313469,-100.0,35.59298857283173,129.08145151271412,35.59275537543469,129.08038138129265,275.5813953488372,125.58139534883719,0,275.5813953488372,125.58139534883719,100.0,250.0,70,59,INSIDE,CLEAR,False,,,True,100.0,100.0,100.0,False,175.5813953488372,25.58139534883719,175.5813953488372,25.58139534883719,0,100.0,250.0,0,100.0,250.0,ALL_CLEAR,,100.0,,25,ALL_CLEAR,,100.0,,,ALL_CLEAR/PASS
takeoff,takeoff_stage1,takeoff_stage1,takeoff_stage1,TF,1,11,2,1194.832363695476,1194.832363695476,99.56976082313469,-66.66666666666666,35.59298857283173,129.08145151271412,35.59283310790037,129.08073809176648,275.5813953488372,125.58139534883719,0,275.5813953488372,125.58139534883719,100.0,250.0,70,59,INSIDE,CLEAR,False,,,True,100.0,100.0,100.0,False,175.5813953488372,25.58139534883719,175.5813953488372,25.58139534883719,0,100.0,250.0,0,100.0,250.0,ALL_CLEAR,,100.0,,25,ALL_CLEAR,,100.0,,,ALL_CLEAR/PASS
takeoff,takeoff_stage1,takeoff_stage1,takeoff_stage1,TF,1,11,2,1194.832363695476,1194.832363695476,99.56976082313469,-33.33333333333333,35.59298857283173,129.08145151271412,35.59291084036605,129.0810948022403,275.5813953488372,125.58139534883719,0,275.5813953488372,125.58139534883719,100.0,250.0,70,60,INSIDE,CLEAR,False,,,True,100.0,100.0,100.0,False,175.5813953488372,25.58139534883719,175.5813953488372,25.58139534883719,0,100.0,250.0,0,100.0,250.0,ALL_CLEAR,,100.0,,25,ALL_CLEAR,,100.0,,,ALL_CLEAR/PASS
takeoff,takeoff_stage1,takeoff_stage1,takeoff_stage1,TF,1,11,2,1194.832363695476,1194.832363695476,99.56976082313469,0.0,35.59298857283173,129.08145151271412,35.59298857283173,129.08145151271412,275.5813953488372,125.58139534883719,0,275.5813953488372,125.58139534883719,100.0,250.0,70,60,INSIDE,CLEAR,False,,,True,100.0,100.0,100.0,False,175.5813953488372,25.58139534883719,175.5813953488372,25.58139534883719,0,100.0,250.0,0,100.0,250.0,ALL_CLEAR,,100.0,,25,ALL_CLEAR,,100.0,,,ALL_CLEAR/PASS
takeoff,takeoff_stage1,takeoff_stage1,takeoff_stage1,TF,1,11,2,1194.832363695476,1194.832363695476,99.56976082313469,33.33333333333334,35.59298857283173,129.08145151271412,35.593066305297405,129.08180822318795,275.5813953488372,125.58139534883719,0,275.5813953488372,125.58139534883719,100.0,250.0,70,60,INSIDE,CLEAR,False,,,True,100.0,100.0,100.0,False,175.5813953488372,25.58139534883719,175.5813953488372,25.58139534883719,0,100.0,250.0,0,100.0,250.0,ALL_CLEAR,,100.0,,25,ALL_CLEAR,,100.0,,,ALL_CLEAR/PASS
takeoff,takeoff_stage1,takeoff_stage1,takeoff_stage1,TF,1,11,2,1194.832363695476,1194.832363695476,99.56976082313469,66.66666666666669,35.59298857283173,129.08145151271412,35.59314403776309,129.08216493366177,275.5813953488372,125.58139534883719,0,275.5813953488372,125.58139534883719,100.0,250.0,71,61,INSIDE,CLEAR,False,,,True,100.0,100.0,100.0,False,175.5813953488372,25.58139534883719,175.5813953488372,25.58139534883719,0,100.0,250.0,0,100.0,250.0,ALL_CLEAR,,100.0,,25,ALL_CLEAR,,100.0,,,ALL_CLEAR/PASS
takeoff,takeoff_stage1,takeoff_stage1,takeoff_stage1,TF,1,11,2,1194.832363695476,1194.832363695476,99.56976082313469,100.0,35.59298857283173,129.08145151271412,35.593221770228766,129.0825216441356,275.5813953488372,125.58139534883719,0,275.5813953488372,125.58139534883719,100.0,250.0,71,61,INSIDE,CLEAR,False,,,True,100.0,100.0,100.0,False,175.5813953488372,25.58139534883719,175.5813953488372,25.58139534883719,0,100.0,250.0,0,100.0,250.0,ALL_CLEAR,,100.0,,25,ALL_CLEAR,,100.0,,,ALL_CLEAR/PASS
takeoff,takeoff_stage1,takeoff_stage1,takeoff_stage1,TF,1,12,0,1194.832363695476,1194.832363695476,0.0,-100.0,35.59298857283173,129.08145151271412,35.59275537307972,129.08038139365158,275.5813953488372,125.58139534883719,0,275.5813953488372,125.58139534883719,100.0,250.0,70,59,INSIDE,CLEAR,False,,,True,100.0,100.0,100.0,False,175.5813953488372,25.58139534883719,175.5813953488372,25.58139534883719,0,100.0,250.0,0,100.0,250.0,ALL_CLEAR,,100.0,,25,ALL_CLEAR,,100.0,,,ALL_CLEAR/PASS
takeoff,takeoff_stage1,takeoff_stage1,takeoff_stage1,TF,1,12,0,1194.832363695476,1194.832363695476,0.0,-66.66666666666666,35.59298857283173,129.08145151271412,35.59283310633039,129.08073810000576,275.5813953488372,125.58139534883719,0,275.5813953488372,125.58139534883719,100.0,250.0,70,59,INSIDE,CLEAR,False,,,True,100.0,100.0,100.0,False,175.5813953488372,25.58139534883719,175.5813953488372,25.58139534883719,0,100.0,250.0,0,100.0,250.0,ALL_CLEAR,,100.0,,25,ALL_CLEAR,,100.0,,,ALL_CLEAR/PASS
takeoff,takeoff_stage1,takeoff_stage1,takeoff_stage1,TF,1,12,0,1194.832363695476,1194.832363695476,0.0,-33.33333333333333,35.59298857283173,129.08145151271412,35.59291083958106,129.08109480635994,275.5813953488372,125.58139534883719,0,275.5813953488372,125.58139534883719,100.0,250.0,70,60,INSIDE,CLEAR,False,,,True,100.0,100.0,100.0,False,175.5813953488372,25.58139534883719,175.5813953488372,25.58139534883719,0,100.0,250.0,0,100.0,250.0,ALL_CLEAR,,100.0,,25,ALL_CLEAR,,100.0,,,ALL_CLEAR/PASS
takeoff,takeoff_stage1,takeoff_stage1,takeoff_stage1,TF,1,12,0,1194.832363695476,1194.832363695476,0.0,33.33333333333334,35.59298857283173,129.08145151271412,35.5930663060824,129.0818082190683,275.5813953488372,125.58139534883719,0,275.5813953488372,125.58139534883719,100.0,250.0,70,60,INSIDE,CLEAR,False,,,True,100.0,100.0,100.0,False,175.5813953488372,25.58139534883719,175.5813953488372,25.58139534883719,0,100.0,250.0,0,100.0,250.0,ALL_CLEAR,,100.0,,25,ALL_CLEAR,,100.0,,,ALL_CLEAR/PASS
takeoff,takeoff_stage1,takeoff_stage1,takeoff_stage1,TF,1,12,0,1194.832363695476,1194.832363695476,0.0,66.66666666666669,35.59298857283173,129.08145151271412,35.59314403933307,129.0821649254225,275.5813953488372,125.58139534883719,0,275.5813953488372,125.58139534883719,100.0,250.0,71,61,INSIDE,CLEAR,False,,,True,100.0,100.0,100.0,False,175.5813953488372,25.58139534883719,175.5813953488372,25.58139534883719,0,100.0,250.0,0,100.0,250.0,ALL_CLEAR,,100.0,,25,ALL_CLEAR,,100.0,,,ALL_CLEAR/PASS
takeoff,takeoff_stage1,takeoff_stage1,takeoff_stage1,TF,1,12,0,1194.832363695476,1194.832363695476,0.0,100.0,35.59298857283173,129.08145151271412,35.59322177258374,129.08252163177667,275.5813953488372,125.58139534883719,0,275.5813953488372,125.58139534883719,100.0,250.0,71,61,INSIDE,CLEAR,False,,,True,100.0,100.0,100.0,False,175.5813953488372,25.58139534883719,175.5813953488372,25.58139534883719,0,100.0,250.0,0,100.0,250.0,ALL_CLEAR,,100.0,,25,ALL_CLEAR,,100.0,,,ALL_CLEAR/PASS
takeoff,takeoff_stage1,takeoff_stage1,takeoff_stage1,TF,1,12,1,1244.6172802119556,1244.6172802119556,49.78491651647957,-100.0,35.592555346699726,129.0815942840772,35.59232214694771,129.08052416501465,280.8139534883721,130.81395348837208,0,280.8139534883721,130.81395348837208,100.0,250.0,70,59,INSIDE,CLEAR,False,,,True,100.0,100.0,100.0,False,180.81395348837208,30.81395348837208,180.81395348837208,30.81395348837208,0,100.0,250.0,0,100.0,250.0,ALL_CLEAR,,100.0,,26,ALL_CLEAR,,100.0,,,ALL_CLEAR/PASS
takeoff,takeoff_stage1,takeoff_stage1,takeoff_stage1,TF,1,12,1,1244.6172802119556,1244.6172802119556,49.78491651647957,-66.66666666666666,35.592555346699726,129.0815942840772,35.59239988019838,129.08088087136883,280.8139534883721,130.81395348837208,0,280.8139534883721,130.81395348837208,100.0,250.0,70,59,INSIDE,CLEAR,False,,,True,100.0,100.0,100.0,False,180.81395348837208,30.81395348837208,180.81395348837208,30.81395348837208,0,100.0,250.0,0,100.0,250.0,ALL_CLEAR,,100.0,,26,ALL_CLEAR,,100.0,,,ALL_CLEAR/PASS
takeoff,takeoff_stage1,takeoff_stage1,takeoff_stage1,TF,1,12,1,1244.6172802119556,1244.6172802119556,49.78491651647957,-33.33333333333333,35.592555346699726,129.0815942840772,35.59247761344905,129.08123757772302,280.8139534883721,130.81395348837208,0,280.8139534883721,130.81395348837208,100.0,250.0,70,60,INSIDE,CLEAR,False,,,True,100.0,100.0,100.0,False,180.81395348837208,30.81395348837208,180.81395348837208,30.81395348837208,0,100.0,250.0,0,100.0,250.0,ALL_CLEAR,,100.0,,26,ALL_CLEAR,,100.0,,,ALL_CLEAR/PASS
takeoff,takeoff_stage1,takeoff_stage1,takeoff_stage1,TF,1,12,1,1244.6172802119556,1244.6172802119556,49.78491651647957,0.0,35.592555346699726,129.0815942840772,35.592555346699726,129.0815942840772,280.8139534883721,130.81395348837208,0,280.8139534883721,130.81395348837208,100.0,250.0,70,60,INSIDE,CLEAR,False,,,True,100.0,100.0,100.0,False,180.81395348837208,30.81395348837208,180.81395348837208,30.81395348837208,0,100.0,250.0,0,100.0,250.0,ALL_CLEAR,,100.0,,26,ALL_CLEAR,,100.0,,,ALL_CLEAR/PASS
takeoff,takeoff_stage1,takeoff_stage1,takeoff_stage1,TF,1,12,1,1244.6172802119556,1244.6172802119556,49.78491651647957,33.33333333333334,35.592555346699726,129.0815942840772,35.592633079950396,129.0819509904314,280.8139534883721,130.81395348837208,0,280.8139534883721,130.81395348837208,100.0,250.0,70,61,INSIDE,CLEAR,False,,,True,100.0,100.0,100.0,False,180.81395348837208,30.81395348837208,180.81395348837208,30.81395348837208,0,100.0,250.0,0,100.0,250.0,ALL_CLEAR,,100.0,,26,ALL_CLEAR,,100.0,,,ALL_CLEAR/PASS
takeoff,takeoff_stage1,takeoff_stage1,takeoff_stage1,TF,1,12,1,1244.6172802119556,1244.6172802119556,49.78491651647957,66.66666666666669,35.592555346699726,129.0815942840772,35.592710813201066,129.0823076967856,280.8139534883721,130.81395348837208,0,280.8139534883721,130.81395348837208,100.0,250.0,70,61,INSIDE,CLEAR,False,,,True,100.0,100.0,100.0,False,180.81395348837208,30.81395348837208,180.81395348837208,30.81395348837208,0,100.0,250.0,0,100.0,250.0,ALL_CLEAR,,100.0,,26,ALL_CLEAR,,100.0,,,ALL_CLEAR/PASS
takeoff,takeoff_stage1,takeoff_stage1,takeoff_stage1,TF,1,12,1,1244.6172802119556,1244.6172802119556,49.78491651647957,100.0,35.592555346699726,129.0815942840772,35.592788546451736,129.08266440313977,280.8139534883721,130.81395348837208,0,280.8139534883721,130.81395348837208,100.0,250.0,70,61,INSIDE,CLEAR,False,,,True,100.0,100.0,100.0,False,180.81395348837208,30.81395348837208,180.81395348837208,30.81395348837208,0,100.0,250.0,0,100.0,250.0,ALL_CLEAR,,100.0,,26,ALL_CLEAR,,100.0,,,ALL_CLEAR/PASS
takeoff,takeoff_stage1,takeoff_stage1,takeoff_stage1,TF,1,12,2,1294.4021967284352,1294.4021967284352,99.56983303295914,-100.0,35.592122120567716,129.0817370554403,35.591888920815705,129.08066693637775,286.04651162790697,136.04651162790697,0,286.04651162790697,136.04651162790697,100.0,250.0,69,59,INSIDE,CLEAR,False,,,True,100.0,100.0,100.0,False,186.04651162790697,36.046511627906966,186.04651162790697,36.046511627906966,0,100.0,250.0,0,100.0,250.0,ALL_CLEAR,,100.0,,27,ALL_CLEAR,,100.0,,,ALL_CLEAR/PASS
takeoff,takeoff_stage1,takeoff_stage1,takeoff_stage1,TF,1,12,2,1294.4021967284352,1294.4021967284352,99.56983303295914,-66.66666666666666,35.592122120567716,129.0817370554403,35.591966654066375,129.08102364273194,286.04651162790697,136.04651162790697,0,286.04651162790697,136.04651162790697,100.0,250.0,69,60,INSIDE,CLEAR,False,,,True,100.0,100.0,100.0,False,186.04651162790697,36.046511627906966,186.04651162790697,36.046511627906966,0,100.0,250.0,0,100.0,250.0,ALL_CLEAR,,100.0,,27,ALL_CLEAR,,100.0,,,ALL_CLEAR/PASS
takeoff,takeoff_stage1,takeoff_stage1,takeoff_stage1,TF,1,12,2,1294.4021967284352,1294.4021967284352,99.56983303295914,-33.33333333333333,35.592122120567716,129.0817370554403,35.592044387317046,129.08138034908612,286.04651162790697,136.04651162790697,0,286.04651162790697,136.04651162790697,100.0,250.0,69,60,INSIDE,CLEAR,False,,,True,100.0,100.0,100.0,False,186.04651162790697,36.046511627906966,186.04651162790697,36.046511627906966,0,100.0,250.0,0,100.0,250.0,ALL_CLEAR,,100.0,,27,ALL_CLEAR,,100.0,,,ALL_CLEAR/PASS
takeoff,takeoff_stage1,takeoff_stage1,takeoff_stage1,TF,1,12,2,1294.4021967284352,1294.4021967284352,99.56983303295914,0.0,35.592122120567716,129.0817370554403,35.592122120567716,129.0817370554403,286.04651162790697,136.04651162790697,0,286.04651162790697,136.04651162790697,100.0,250.0,69,60,INSIDE,CLEAR,False,,,True,100.0,100.0,100.0,False,186.04651162790697,36.046511627906966,186.04651162790697,36.046511627906966,0,100.0,250.0,0,100.0,250.0,ALL_CLEAR,,100.0,,27,ALL_CLEAR,,100.0,,,ALL_CLEAR/PASS
takeoff,takeoff_stage1,takeoff_stage1,takeoff_stage1,TF,1,12,2,1294.4021967284352,1294.4021967284352,99.56983303295914,33.33333333333334,35.592122120567716,129.0817370554403,35.592199853818386,129.08209376179448,286.04651162790697,136.04651162790697,0,286.04651162790697,136.04651162790697,100.0,250.0,69,61,INSIDE,CLEAR,False,,,True,100.0,100.0,100.0,False,186.04651162790697,36.046511627906966,186.04651162790697,36.046511627906966,0,100.0,250.0,0,100.0,250.0,ALL_CLEAR,,100.0,,27,ALL_CLEAR,,100.0,,,ALL_CLEAR/PASS
takeoff,takeoff_stage1,takeoff_stage1,takeoff_stage1,TF,1,12,2,1294.4021967284352,1294.4021967284352,99.56983303295914,66.66666666666669,35.592122120567716,129.0817370554403,35.592277587069056,129.08245046814866,286.04651162790697,136.04651162790697,0,286.04651162790697,136.04651162790697,100.0,250.0,70,61,INSIDE,CLEAR,False,,,True,100.0,100.0,100.0,False,186.04651162790697,36.046511627906966,186.04651162790697,36.046511627906966,0,100.0,250.0,0,100.0,250.0,ALL_CLEAR,,100.0,,27,ALL_CLEAR,,100.0,,,ALL_CLEAR/PASS
takeoff,takeoff_stage1,takeoff_stage1,takeoff_stage1,TF,1,12,2,1294.4021967284352,1294.4021967284352,99.56983303295914,100.0,35.592122120567716,129.0817370554403,35.592355320319726,129.08280717450285,286.04651162790697,136.04651162790697,0,286.04651162790697,136.04651162790697,100.0,250.0,70,61,INSIDE,CLEAR,False,,,True,100.0,100.0,100.0,False,186.04651162790697,36.046511627906966,186.04651162790697,36.046511627906966,0,100.0,250.0,0,100.0,250.0,ALL_CLEAR,,100.0,,27,ALL_CLEAR,,100.0,,,ALL_CLEAR/PASS
takeoff,takeoff_stage1,takeoff_stage1,takeoff_stage1,TF,1,13,0,1294.4021967284352,1294.4021967284352,0.0,-100.0,35.592122120567716,129.0817370554403,35.59188891846079,129.08066694873614,286.04651162790697,136.04651162790697,0,286.04651162790697,136.04651162790697,100.0,250.0,69,59,INSIDE,CLEAR,False,,,True,100.0,100.0,100.0,False,186.04651162790697,36.046511627906966,186.04651162790697,36.046511627906966,0,100.0,250.0,0,100.0,250.0,ALL_CLEAR,,100.0,,27,ALL_CLEAR,,100.0,,,ALL_CLEAR/PASS
takeoff,takeoff_stage1,takeoff_stage1,takeoff_stage1,TF,1,13,0,1294.4021967284352,1294.4021967284352,0.0,-66.66666666666666,35.592122120567716,129.0817370554403,35.59196665249643,129.08102365097085,286.04651162790697,136.04651162790697,0,286.04651162790697,136.04651162790697,100.0,250.0,69,60,INSIDE,CLEAR,False,,,True,100.0,100.0,100.0,False,186.04651162790697,36.046511627906966,186.04651162790697,36.046511627906966,0,100.0,250.0,0,100.0,250.0,ALL_CLEAR,,100.0,,27,ALL_CLEAR,,100.0,,,ALL_CLEAR/PASS
takeoff,takeoff_stage1,takeoff_stage1,takeoff_stage1,TF,1,13,0,1294.4021967284352,1294.4021967284352,0.0,-33.33333333333333,35.592122120567716,129.0817370554403,35.59204438653207,129.0813803532056,286.04651162790697,136.04651162790697,0,286.04651162790697,136.04651162790697,100.0,250.0,69,60,INSIDE,CLEAR,False,,,True,100.0,100.0,100.0,False,186.04651162790697,36.046511627906966,186.04651162790697,36.046511627906966,0,100.0,250.0,0,100.0,250.0,ALL_CLEAR,,100.0,,27,ALL_CLEAR,,100.0,,,ALL_CLEAR/PASS
takeoff,takeoff_stage1,takeoff_stage1,takeoff_stage1,TF,1,13,0,1294.4021967284352,1294.4021967284352,0.0,33.33333333333334,35.592122120567716,129.0817370554403,35.59219985460336,129.082093757675,286.04651162790697,136.04651162790697,0,286.04651162790697,136.04651162790697,100.0,250.0,69,61,INSIDE,CLEAR,False,,,True,100.0,100.0,100.0,False,186.04651162790697,36.046511627906966,186.04651162790697,36.046511627906966,0,100.0,250.0,0,100.0,250.0,ALL_CLEAR,,100.0,,27,ALL_CLEAR,,100.0,,,ALL_CLEAR/PASS
takeoff,takeoff_stage1,takeoff_stage1,takeoff_stage1,TF,1,13,0,1294.4021967284352,1294.4021967284352,0.0,66.66666666666669,35.592122120567716,129.0817370554403,35.592277588639,129.08245045990975,286.04651162790697,136.04651162790697,0,286.04651162790697,136.04651162790697,100.0,250.0,70,61,INSIDE,CLEAR,False,,,True,100.0,100.0,100.0,False,186.04651162790697,36.046511627906966,186.04651162790697,36.046511627906966,0,100.0,250.0,0,100.0,250.0,ALL_CLEAR,,100.0,,27,ALL_CLEAR,,100.0,,,ALL_CLEAR/PASS
takeoff,takeoff_stage1,takeoff_stage1,takeoff_stage1,TF,1,13,0,1294.4021967284352,1294.4021967284352,0.0,100.0,35.592122120567716,129.0817370554403,35.59235532267464,129.08280716214446,286.04651162790697,136.04651162790697,0,286.04651162790697,136.04651162790697,100.0,250.0,70,61,INSIDE,CLEAR,False,,,True,100.0,100.0,100.0,False,186.04651162790697,36.046511627906966,186.04651162790697,36.046511627906966,0,100.0,250.0,0,100.0,250.0,ALL_CLEAR,,100.0,,27,ALL_CLEAR,,100.0,,,ALL_CLEAR/PASS
takeoff,takeoff_stage1,takeoff_stage1,takeoff_stage1,TF,1,13,1,1344.1871493509525,1344.1871493509525,49.78495262251718,-100.0,35.591688894435705,129.0818798268034,35.59145569232877,129.08080972009924,291.27906976744185,141.27906976744185,0,291.27906976744185,141.27906976744185,100.0,250.0,69,59,INSIDE,CLEAR,False,,,True,100.0,100.0,100.0,False,191.27906976744185,41.279069767441854,191.27906976744185,41.279069767441854,0,100.0,250.0,0,100.0,250.0,ALL_CLEAR,,100.0,,28,ALL_CLEAR,,100.0,,,ALL_CLEAR/PASS
takeoff,takeoff_stage1,takeoff_stage1,takeoff_stage1,TF,1,13,1,1344.1871493509525,1344.1871493509525,49.78495262251718,-66.66666666666666,35.591688894435705,129.0818798268034,35.591533426364414,129.08116642233395,291.27906976744185,141.27906976744185,0,291.27906976744185,141.27906976744185,100.0,250.0,69,60,INSIDE,CLEAR,False,,,True,100.0,100.0,100.0,False,191.27906976744185,41.279069767441854,191.27906976744185,41.279069767441854,0,100.0,250.0,0,100.0,250.0,ALL_CLEAR,,100.0,,28,ALL_CLEAR,,100.0,,,ALL_CLEAR/PASS
takeoff,takeoff_stage1,takeoff_stage1,takeoff_stage1,TF,1,13,1,1344.1871493509525,1344.1871493509525,49.78495262251718,-33.33333333333333,35.591688894435705,129.0818798268034,35.591611160400056,129.08152312456866,291.27906976744185,141.27906976744185,0,291.27906976744185,141.27906976744185,100.0,250.0,69,60,INSIDE,CLEAR,False,,,True,100.0,100.0,100.0,False,191.27906976744185,41.279069767441854,191.27906976744185,41.279069767441854,0,100.0,250.0,0,100.0,250.0,ALL_CLEAR,,100.0,,28,ALL_CLEAR,,100.0,,,ALL_CLEAR/PASS
takeoff,takeoff_stage1,takeoff_stage1,takeoff_stage1,TF,1,13,1,1344.1871493509525,1344.1871493509525,49.78495262251718,0.0,35.591688894435705,129.0818798268034,35.591688894435705,129.0818798268034,291.27906976744185,141.27906976744185,0,291.27906976744185,141.27906976744185,100.0,250.0,69,60,INSIDE,CLEAR,False,,,True,100.0,100.0,100.0,False,191.27906976744185,41.279069767441854,191.27906976744185,41.279069767441854,0,100.0,250.0,0,100.0,250.0,ALL_CLEAR,,100.0,,28,ALL_CLEAR,,100.0,,,ALL_CLEAR/PASS
takeoff,takeoff_stage1,takeoff_stage1,takeoff_stage1,TF,1,13,1,1344.1871493509525,1344.1871493509525,49.78495262251718,33.33333333333334,35.591688894435705,129.0818798268034,35.59176662847135,129.0822365290381,291.27906976744185,141.27906976744185,0,291.27906976744185,141.27906976744185,100.0,250.0,69,61,INSIDE,CLEAR,False,,,True,100.0,100.0,100.0,False,191.27906976744185,41.279069767441854,191.27906976744185,41.279069767441854,0,100.0,250.0,0,100.0,250.0,ALL_CLEAR,,100.0,,28,ALL_CLEAR,,100.0,,,ALL_CLEAR/PASS
takeoff,takeoff_stage1,takeoff_stage1,takeoff_stage1,TF,1,13,1,1344.1871493509525,1344.1871493509525,49.78495262251718,66.66666666666669,35.591688894435705,129.0818798268034,35.59184436250699,129.08259323127282,291.27906976744185,141.27906976744185,0,291.27906976744185,141.27906976744185,100.0,250.0,69,61,INSIDE,CLEAR,False,,,True,100.0,100.0,100.0,False,191.27906976744185,41.279069767441854,191.27906976744185,41.279069767441854,0,100.0,250.0,0,100.0,250.0,ALL_CLEAR,,100.0,,28,ALL_CLEAR,,100.0,,,ALL_CLEAR/PASS
takeoff,takeoff_stage1,takeoff_stage1,takeoff_stage1,TF,1,13,1,1344.1871493509525,1344.1871493509525,49.78495262251718,100.0,35.591688894435705,129.0818798268034,35.59192209654263,129.08294993350754,291.27906976744185,141.27906976744185,0,291.27906976744185,141.27906976744185,100.0,250.0,69,61,INSIDE,CLEAR,False,,,True,100.0,100.0,100.0,False,191.27906976744185,41.279069767441854,191.27906976744185,41.279069767441854,0,100.0,250.0,0,100.0,250.0,ALL_CLEAR,,100.0,,28,ALL_CLEAR,,100.0,,,ALL_CLEAR/PASS
takeoff,takeoff_stage1,takeoff_stage1,takeoff_stage1,TF,1,13,2,1393.9721019734695,1393.9721019734695,99.56990524503436,-100.0,35.59125566830369,129.08202259816647,35.59102246619676,129.0809524914623,296.51162790697674,146.51162790697674,0,296.51162790697674,146.51162790697674,100.0,250.0,68,60,INSIDE,CLEAR,False,,,True,100.0,100.0,100.0,False,196.51162790697674,46.51162790697674,196.51162790697674,46.51162790697674,0,100.0,250.0,0,100.0,250.0,ALL_CLEAR,,100.0,,29,ALL_CLEAR,,100.0,,,ALL_CLEAR/PASS
takeoff,takeoff_stage1,takeoff_stage1,takeoff_stage1,TF,1,13,2,1393.9721019734695,1393.9721019734695,99.56990524503436,-66.66666666666666,35.59125566830369,129.08202259816647,35.591100200232404,129.08130919369702,296.51162790697674,146.51162790697674,0,296.51162790697674,146.51162790697674,100.0,250.0,68,60,INSIDE,CLEAR,False,,,True,100.0,100.0,100.0,False,196.51162790697674,46.51162790697674,196.51162790697674,46.51162790697674,0,100.0,250.0,0,100.0,250.0,ALL_CLEAR,,100.0,,29,ALL_CLEAR,,100.0,,,ALL_CLEAR/PASS
takeoff,takeoff_stage1,takeoff_stage1,takeoff_stage1,TF,1,13,2,1393.9721019734695,1393.9721019734695,99.56990524503436,-33.33333333333333,35.59125566830369,129.08202259816647,35.591177934268046,129.08166589593176,296.51162790697674,146.51162790697674,0,296.51162790697674,146.51162790697674,100.0,250.0,68,60,INSIDE,CLEAR,False,,,True,100.0,100.0,100.0,False,196.51162790697674,46.51162790697674,196.51162790697674,46.51162790697674,0,100.0,250.0,0,100.0,250.0,ALL_CLEAR,,100.0,,29,ALL_CLEAR,,100.0,,,ALL_CLEAR/PASS
takeoff,takeoff_stage1,takeoff_stage1,takeoff_stage1,TF,1,13,2,1393.9721019734695,1393.9721019734695,99.56990524503436,0.0,35.59125566830369,129.08202259816647,35.59125566830369,129.08202259816647,296.51162790697674,146.51162790697674,0,296.51162790697674,146.51162790697674,100.0,250.0,68,61,INSIDE,CLEAR,False,,,True,100.0,100.0,100.0,False,196.51162790697674,46.51162790697674,196.51162790697674,46.51162790697674,0,100.0,250.0,0,100.0,250.0,ALL_CLEAR,,100.0,,29,ALL_CLEAR,,100.0,,,ALL_CLEAR/PASS
takeoff,takeoff_stage1,takeoff_stage1,takeoff_stage1,TF,1,13,2,1393.9721019734695,1393.9721019734695,99.56990524503436,33.33333333333334,35.59125566830369,129.08202259816647,35.59133340233933,129.0823793004012,296.51162790697674,146.51162790697674,0,296.51162790697674,146.51162790697674,100.0,250.0,68,61,INSIDE,CLEAR,False,,,True,100.0,100.0,100.0,False,196.51162790697674,46.51162790697674,196.51162790697674,46.51162790697674,0,100.0,250.0,0,100.0,250.0,ALL_CLEAR,,100.0,,29,ALL_CLEAR,,100.0,,,ALL_CLEAR/PASS
takeoff,takeoff_stage1,takeoff_stage1,takeoff_stage1,TF,1,13,2,1393.9721019734695,1393.9721019734695,99.56990524503436,66.66666666666669,35.59125566830369,129.08202259816647,35.59141113637497,129.08273600263593,296.51162790697674,146.51162790697674,0,296.51162790697674,146.51162790697674,100.0,250.0,68,61,INSIDE,CLEAR,False,,,True,100.0,100.0,100.0,False,196.51162790697674,46.51162790697674,196.51162790697674,46.51162790697674,0,100.0,250.0,0,100.0,250.0,ALL_CLEAR,,100.0,,29,ALL_CLEAR,,100.0,,,ALL_CLEAR/PASS
takeoff,takeoff_stage1,takeoff_stage1,takeoff_stage1,TF,1,13,2,1393.9721019734695,1393.9721019734695,99.56990524503436,100.0,35.59125566830369,129.08202259816647,35.591488870410615,129.08309270487064,296.51162790697674,146.51162790697674,0,296.51162790697674,146.51162790697674,100.0,250.0,69,62,INSIDE,CLEAR,False,,,True,100.0,100.0,100.0,False,196.51162790697674,46.51162790697674,196.51162790697674,46.51162790697674,0,100.0,250.0,0,100.0,250.0,ALL_CLEAR,,100.0,,29,ALL_CLEAR,,100.0,,,ALL_CLEAR/PASS
takeoff,takeoff_stage1,takeoff_stage1,takeoff_stage1,TF,1,14,0,1393.9721019734695,1393.9721019734695,0.0,-100.0,35.59125566830369,129.08202259816647,35.591022463841874,129.0809525038202,296.51162790697674,146.51162790697674,0,296.51162790697674,146.51162790697674,100.0,250.0,68,60,INSIDE,CLEAR,False,,,True,100.0,100.0,100.0,False,196.51162790697674,46.51162790697674,196.51162790697674,46.51162790697674,0,100.0,250.0,0,100.0,250.0,ALL_CLEAR,,100.0,,29,ALL_CLEAR,,100.0,,,ALL_CLEAR/PASS
takeoff,takeoff_stage1,takeoff_stage1,takeoff_stage1,TF,1,14,0,1393.9721019734695,1393.9721019734695,0.0,-66.66666666666666,35.59125566830369,129.08202259816647,35.591100198662474,129.08130920193562,296.51162790697674,146.51162790697674,0,296.51162790697674,146.51162790697674,100.0,250.0,68,60,INSIDE,CLEAR,False,,,True,100.0,100.0,100.0,False,196.51162790697674,46.51162790697674,196.51162790697674,46.51162790697674,0,100.0,250.0,0,100.0,250.0,ALL_CLEAR,,100.0,,29,ALL_CLEAR,,100.0,,,ALL_CLEAR/PASS
takeoff,takeoff_stage1,takeoff_stage1,takeoff_stage1,TF,1,14,0,1393.9721019734695,1393.9721019734695,0.0,-33.33333333333333,35.59125566830369,129.08202259816647,35.59117793348308,129.08166590005106,296.51162790697674,146.51162790697674,0,296.51162790697674,146.51162790697674,100.0,250.0,68,60,INSIDE,CLEAR,False,,,True,100.0,100.0,100.0,False,196.51162790697674,46.51162790697674,196.51162790697674,46.51162790697674,0,100.0,250.0,0,100.0,250.0,ALL_CLEAR,,100.0,,29,ALL_CLEAR,,100.0,,,ALL_CLEAR/PASS
takeoff,takeoff_stage1,takeoff_stage1,takeoff_stage1,TF,1,14,0,1393.9721019734695,1393.9721019734695,0.0,33.33333333333334,35.59125566830369,129.08202259816647,35.591333403124295,129.08237929628189,296.51162790697674,146.51162790697674,0,296.51162790697674,146.51162790697674,100.0,250.0,68,61,INSIDE,CLEAR,False,,,True,100.0,100.0,100.0,False,196.51162790697674,46.51162790697674,196.51162790697674,46.51162790697674,0,100.0,250.0,0,100.0,250.0,ALL_CLEAR,,100.0,,29,ALL_CLEAR,,100.0,,,ALL_CLEAR/PASS
takeoff,takeoff_stage1,takeoff_stage1,takeoff_stage1,TF,1,14,0,1393.9721019734695,1393.9721019734695,0.0,66.66666666666669,35.59125566830369,129.08202259816647,35.5914111379449,129.08273599439732,296.51162790697674,146.51162790697674,0,296.51162790697674,146.51162790697674,100.0,250.0,68,61,INSIDE,CLEAR,False,,,True,100.0,100.0,100.0,False,196.51162790697674,46.51162790697674,196.51162790697674,46.51162790697674,0,100.0,250.0,0,100.0,250.0,ALL_CLEAR,,100.0,,29,ALL_CLEAR,,100.0,,,ALL_CLEAR/PASS
takeoff,takeoff_stage1,takeoff_stage1,takeoff_stage1,TF,1,14,0,1393.9721019734695,1393.9721019734695,0.0,100.0,35.59125566830369,129.08202259816647,35.5914888727655,129.08309269251274,296.51162790697674,146.51162790697674,0,296.51162790697674,146.51162790697674,100.0,250.0,69,62,INSIDE,CLEAR,False,,,True,100.0,100.0,100.0,False,196.51162790697674,46.51162790697674,196.51162790697674,46.51162790697674,0,100.0,250.0,0,100.0,250.0,ALL_CLEAR,,100.0,,29,ALL_CLEAR,,100.0,,,ALL_CLEAR/PASS
takeoff,takeoff_stage1,takeoff_stage1,takeoff_stage1,TF,1,14,1,1443.7570907004344,1443.7570907004344,49.78498872696493,-100.0,35.590822442171685,129.08216536952958,35.590589237709864,129.08109527518332,301.74418604651163,151.74418604651163,0,301.74418604651163,151.74418604651163,100.0,250.0,67,60,INSIDE,CLEAR,False,,,True,100.0,100.0,100.0,False,201.74418604651163,51.74418604651163,201.74418604651163,51.74418604651163,0,100.0,250.0,0,100.0,250.0,ALL_CLEAR,,100.0,,30,ALL_CLEAR,,100.0,,,ALL_CLEAR/PASS
takeoff,takeoff_stage1,takeoff_stage1,takeoff_stage1,TF,1,14,1,1443.7570907004344,1443.7570907004344,49.78498872696493,-66.66666666666666,35.590822442171685,129.08216536952958,35.59066697253047,129.08145197329873,301.74418604651163,151.74418604651163,0,301.74418604651163,151.74418604651163,100.0,250.0,68,60,INSIDE,CLEAR,False,,,True,100.0,100.0,100.0,False,201.74418604651163,51.74418604651163,201.74418604651163,51.74418604651163,0,100.0,250.0,0,100.0,250.0,ALL_CLEAR,,100.0,,30,ALL_CLEAR,,100.0,,,ALL_CLEAR/PASS
takeoff,takeoff_stage1,takeoff_stage1,takeoff_stage1,TF,1,14,1,1443.7570907004344,1443.7570907004344,49.78498872696493,-33.33333333333333,35.590822442171685,129.08216536952958,35.59074470735108,129.08180867141417,301.74418604651163,151.74418604651163,0,301.74418604651163,151.74418604651163,100.0,250.0,68,60,INSIDE,CLEAR,False,,,True,100.0,100.0,100.0,False,201.74418604651163,51.74418604651163,201.74418604651163,51.74418604651163,0,100.0,250.0,0,100.0,250.0,ALL_CLEAR,,100.0,,30,ALL_CLEAR,,100.0,,,ALL_CLEAR/PASS
takeoff,takeoff_stage1,takeoff_stage1,takeoff_stage1,TF,1,14,1,1443.7570907004344,1443.7570907004344,49.78498872696493,0.0,35.590822442171685,129.08216536952958,35.590822442171685,129.08216536952958,301.74418604651163,151.74418604651163,0,301.74418604651163,151.74418604651163,100.0,250.0,68,61,INSIDE,CLEAR,False,,,True,100.0,100.0,100.0,False,201.74418604651163,51.74418604651163,201.74418604651163,51.74418604651163,0,100.0,250.0,0,100.0,250.0,ALL_CLEAR,,100.0,,30,ALL_CLEAR,,100.0,,,ALL_CLEAR/PASS
takeoff,takeoff_stage1,takeoff_stage1,takeoff_stage1,TF,1,14,1,1443.7570907004344,1443.7570907004344,49.78498872696493,33.33333333333334,35.590822442171685,129.08216536952958,35.590900176992285,129.082522067645,301.74418604651163,151.74418604651163,0,301.74418604651163,151.74418604651163,100.0,250.0,68,61,INSIDE,CLEAR,False,,,True,100.0,100.0,100.0,False,201.74418604651163,51.74418604651163,201.74418604651163,51.74418604651163,0,100.0,250.0,0,100.0,250.0,ALL_CLEAR,,100.0,,30,ALL_CLEAR,,100.0,,,ALL_CLEAR/PASS
takeoff,takeoff_stage1,takeoff_stage1,takeoff_stage1,TF,1,14,1,1443.7570907004344,1443.7570907004344,49.78498872696493,66.66666666666669,35.590822442171685,129.08216536952958,35.59097791181289,129.08287876576043,301.74418604651163,151.74418604651163,0,301.74418604651163,151.74418604651163,100.0,250.0,68,61,INSIDE,CLEAR,False,,,True,100.0,100.0,100.0,False,201.74418604651163,51.74418604651163,201.74418604651163,51.74418604651163,0,100.0,250.0,0,100.0,250.0,ALL_CLEAR,,100.0,,30,ALL_CLEAR,,100.0,,,ALL_CLEAR/PASS
takeoff,takeoff_stage1,takeoff_stage1,takeoff_stage1,TF,1,14,1,1443.7570907004344,1443.7570907004344,49.78498872696493,100.0,35.590822442171685,129.08216536952958,35.5910556466335,129.08323546387584,301.74418604651163,151.74418604651163,0,301.74418604651163,151.74418604651163,100.0,250.0,68,62,INSIDE,CLEAR,False,,,True,100.0,100.0,100.0,False,201.74418604651163,51.74418604651163,201.74418604651163,51.74418604651163,0,100.0,250.0,0,100.0,250.0,ALL_CLEAR,,100.0,,30,ALL_CLEAR,,100.0,,,ALL_CLEAR/PASS
takeoff,takeoff_stage1,takeoff_stage1,takeoff_stage1,TF,1,14,2,1493.5420794273994,1493.5420794273994,99.56997745392987,-100.0,35.590389216039675,129.08230814089268,35.59015601157786,129.08123804654642,306.9767441860465,156.97674418604652,0,306.9767441860465,156.97674418604652,100.0,250.0,67,60,INSIDE,CLEAR,False,,,True,100.0,100.0,100.0,False,206.97674418604652,56.97674418604652,206.97674418604652,56.97674418604652,0,100.0,250.0,0,100.0,250.0,ALL_CLEAR,,100.0,,31,ALL_CLEAR,,100.0,,,ALL_CLEAR/PASS
takeoff,takeoff_stage1,takeoff_stage1,takeoff_stage1,TF,1,14,2,1493.5420794273994,1493.5420794273994,99.56997745392987,-66.66666666666666,35.590389216039675,129.08230814089268,35.59023374639846,129.08159474466183,306.9767441860465,156.97674418604652,0,306.9767441860465,156.97674418604652,100.0,250.0,67,60,INSIDE,CLEAR,False,,,True,100.0,100.0,100.0,False,206.97674418604652,56.97674418604652,206.97674418604652,56.97674418604652,0,100.0,250.0,0,100.0,250.0,ALL_CLEAR,,100.0,,31,ALL_CLEAR,,100.0,,,ALL_CLEAR/PASS
takeoff,takeoff_stage1,takeoff_stage1,takeoff_stage1,TF,1,14,2,1493.5420794273994,1493.5420794273994,99.56997745392987,-33.33333333333333,35.590389216039675,129.08230814089268,35.59031148121907,129.08195144277727,306.9767441860465,156.97674418604652,0,306.9767441860465,156.97674418604652,100.0,250.0,67,61,INSIDE,CLEAR,False,,,True,100.0,100.0,100.0,False,206.97674418604652,56.97674418604652,206.97674418604652,56.97674418604652,0,100.0,250.0,0,100.0,250.0,ALL_CLEAR,,100.0,,31,ALL_CLEAR,,100.0,,,ALL_CLEAR/PASS
takeoff,takeoff_stage1,takeoff_stage1,takeoff_stage1,TF,1,14,2,1493.5420794273994,1493.5420794273994,99.56997745392987,0.0,35.590389216039675,129.08230814089268,35.590389216039675,129.08230814089268,306.9767441860465,156.97674418604652,0,306.9767441860465,156.97674418604652,100.0,250.0,67,61,INSIDE,CLEAR,False,,,True,100.0,100.0,100.0,False,206.97674418604652,56.97674418604652,206.97674418604652,56.97674418604652,0,100.0,250.0,0,100.0,250.0,ALL_CLEAR,,100.0,,31,ALL_CLEAR,,100.0,,,ALL_CLEAR/PASS
takeoff,takeoff_stage1,takeoff_stage1,takeoff_stage1,TF,1,14,2,1493.5420794273994,1493.5420794273994,99.56997745392987,33.33333333333334,35.590389216039675,129.08230814089268,35.59046695086028,129.0826648390081,306.9767441860465,156.97674418604652,0,306.9767441860465,156.97674418604652,100.0,250.0,67,61,INSIDE,CLEAR,False,,,True,100.0,100.0,100.0,False,206.97674418604652,56.97674418604652,206.97674418604652,56.97674418604652,0,100.0,250.0,0,100.0,250.0,ALL_CLEAR,,100.0,,31,ALL_CLEAR,,100.0,,,ALL_CLEAR/PASS
takeoff,takeoff_stage1,takeoff_stage1,takeoff_stage1,TF,1,14,2,1493.5420794273994,1493.5420794273994,99.56997745392987,66.66666666666669,35.590389216039675,129.08230814089268,35.59054468568089,129.08302153712353,306.9767441860465,156.97674418604652,0,306.9767441860465,156.97674418604652,100.0,250.0,67,62,INSIDE,CLEAR,False,,,True,100.0,100.0,100.0,False,206.97674418604652,56.97674418604652,206.97674418604652,56.97674418604652,0,100.0,250.0,0,100.0,250.0,ALL_CLEAR,,100.0,,31,ALL_CLEAR,,100.0,,,ALL_CLEAR/PASS
takeoff,takeoff_stage1,takeoff_stage1,takeoff_stage1,TF,1,14,2,1493.5420794273994,1493.5420794273994,99.56997745392987,100.0,35.590389216039675,129.08230814089268,35.59062242050149,129.08337823523894,306.9767441860465,156.97674418604652,0,306.9767441860465,156.97674418604652,100.0,250.0,68,62,INSIDE,CLEAR,False,,,True,100.0,100.0,100.0,False,206.97674418604652,56.97674418604652,206.97674418604652,56.97674418604652,0,100.0,250.0,0,100.0,250.0,ALL_CLEAR,,100.0,,31,ALL_CLEAR,,100.0,,,ALL_CLEAR/PASS
takeoff,takeoff_stage1,takeoff_stage1,takeoff_stage1,TF,1,15,0,1493.5420794273994,1493.5420794273994,0.0,-100.0,35.590389216039675,129.08230814089268,35.590156009223094,129.08123805890375,306.9767441860465,156.97674418604652,0,306.9767441860465,156.97674418604652,100.0,250.0,67,60,INSIDE,CLEAR,False,,,True,100.0,100.0,100.0,False,206.97674418604652,56.97674418604652,206.97674418604652,56.97674418604652,0,100.0,250.0,0,100.0,250.0,ALL_CLEAR,,100.0,,31,ALL_CLEAR,,100.0,,,ALL_CLEAR/PASS
takeoff,takeoff_stage1,takeoff_stage1,takeoff_stage1,TF,1,15,0,1493.5420794273994,1493.5420794273994,0.0,-66.66666666666666,35.590389216039675,129.08230814089268,35.59023374482862,129.08159475290006,306.9767441860465,156.97674418604652,0,306.9767441860465,156.97674418604652,100.0,250.0,67,60,INSIDE,CLEAR,False,,,True,100.0,100.0,100.0,False,206.97674418604652,56.97674418604652,206.97674418604652,56.97674418604652,0,100.0,250.0,0,100.0,250.0,ALL_CLEAR,,100.0,,31,ALL_CLEAR,,100.0,,,ALL_CLEAR/PASS
takeoff,takeoff_stage1,takeoff_stage1,takeoff_stage1,TF,1,15,0,1493.5420794273994,1493.5420794273994,0.0,-33.33333333333333,35.590389216039675,129.08230814089268,35.590311480434146,129.08195144689637,306.9767441860465,156.97674418604652,0,306.9767441860465,156.97674418604652,100.0,250.0,67,61,INSIDE,CLEAR,False,,,True,100.0,100.0,100.0,False,206.97674418604652,56.97674418604652,206.97674418604652,56.97674418604652,0,100.0,250.0,0,100.0,250.0,ALL_CLEAR,,100.0,,31,ALL_CLEAR,,100.0,,,ALL_CLEAR/PASS
takeoff,takeoff_stage1,takeoff_stage1,takeoff_stage1,TF,1,15,0,1493.5420794273994,1493.5420794273994,0.0,33.33333333333334,35.590389216039675,129.08230814089268,35.590466951645205,129.082664834889,306.9767441860465,156.97674418604652,0,306.9767441860465,156.97674418604652,100.0,250.0,67,61,INSIDE,CLEAR,False,,,True,100.0,100.0,100.0,False,206.97674418604652,56.97674418604652,206.97674418604652,56.97674418604652,0,100.0,250.0,0,100.0,250.0,ALL_CLEAR,,100.0,,31,ALL_CLEAR,,100.0,,,ALL_CLEAR/PASS
takeoff,takeoff_stage1,takeoff_stage1,takeoff_stage1,TF,1,15,0,1493.5420794273994,1493.5420794273994,0.0,66.66666666666669,35.590389216039675,129.08230814089268,35.59054468725073,129.0830215288853,306.9767441860465,156.97674418604652,0,306.9767441860465,156.97674418604652,100.0,250.0,67,62,INSIDE,CLEAR,False,,,True,100.0,100.0,100.0,False,206.97674418604652,56.97674418604652,206.97674418604652,56.97674418604652,0,100.0,250.0,0,100.0,250.0,ALL_CLEAR,,100.0,,31,ALL_CLEAR,,100.0,,,ALL_CLEAR/PASS
takeoff,takeoff_stage1,takeoff_stage1,takeoff_stage1,TF,1,15,0,1493.5420794273994,1493.5420794273994,0.0,100.0,35.590389216039675,129.08230814089268,35.590622422856256,129.0833782228816,306.9767441860465,156.97674418604652,0,306.9767441860465,156.97674418604652,100.0,250.0,68,62,INSIDE,CLEAR,False,,,True,100.0,100.0,100.0,False,206.97674418604652,56.97674418604652,206.97674418604652,56.97674418604652,0,100.0,250.0,0,100.0,250.0,ALL_CLEAR,,100.0,,31,ALL_CLEAR,,100.0,,,ALL_CLEAR/PASS
takeoff,takeoff_stage1,takeoff_stage1,takeoff_stage1,TF,1,15,1,1543.3271042589413,1543.3271042589413,49.78502483154185,-100.0,35.589955989907665,129.08245091225575,35.589722783091084,129.08138083026682,312.2093023255814,162.2093023255814,0,312.2093023255814,162.2093023255814,100.0,250.0,66,60,INSIDE,CLEAR,False,,,True,100.0,100.0,100.0,False,212.2093023255814,62.209302325581405,212.2093023255814,62.209302325581405,0,100.0,250.0,0,100.0,250.0,ALL_CLEAR,,100.0,,32,ALL_CLEAR,,100.0,,,ALL_CLEAR/PASS
takeoff,takeoff_stage1,takeoff_stage1,takeoff_stage1,TF,1,15,1,1543.3271042589413,1543.3271042589413,49.78502483154185,-66.66666666666666,35.589955989907665,129.08245091225575,35.589800518696606,129.08173752426313,312.2093023255814,162.2093023255814,0,312.2093023255814,162.2093023255814,100.0,250.0,67,60,INSIDE,CLEAR,False,,,True,100.0,100.0,100.0,False,212.2093023255814,62.209302325581405,212.2093023255814,62.209302325581405,0,100.0,250.0,0,100.0,250.0,ALL_CLEAR,,100.0,,32,ALL_CLEAR,,100.0,,,ALL_CLEAR/PASS
takeoff,takeoff_stage1,takeoff_stage1,takeoff_stage1,TF,1,15,1,1543.3271042589413,1543.3271042589413,49.78502483154185,-33.33333333333333,35.589955989907665,129.08245091225575,35.589878254302135,129.08209421825944,312.2093023255814,162.2093023255814,0,312.2093023255814,162.2093023255814,100.0,250.0,67,61,INSIDE,CLEAR,False,,,True,100.0,100.0,100.0,False,212.2093023255814,62.209302325581405,212.2093023255814,62.209302325581405,0,100.0,250.0,0,100.0,250.0,ALL_CLEAR,,100.0,,32,ALL_CLEAR,,100.0,,,ALL_CLEAR/PASS
takeoff,takeoff_stage1,takeoff_stage1,takeoff_stage1,TF,1,15,1,1543.3271042589413,1543.3271042589413,49.78502483154185,0.0,35.589955989907665,129.08245091225575,35.589955989907665,129.08245091225575,312.2093023255814,162.2093023255814,0,312.2093023255814,162.2093023255814,100.0,250.0,67,61,INSIDE,CLEAR,False,,,True,100.0,100.0,100.0,False,212.2093023255814,62.209302325581405,212.2093023255814,62.209302325581405,0,100.0,250.0,0,100.0,250.0,ALL_CLEAR,,100.0,,32,ALL_CLEAR,,100.0,,,ALL_CLEAR/PASS
takeoff,takeoff_stage1,takeoff_stage1,takeoff_stage1,TF,1,15,1,1543.3271042589413,1543.3271042589413,49.78502483154185,33.33333333333334,35.589955989907665,129.08245091225575,35.59003372551319,129.08280760625206,312.2093023255814,162.2093023255814,0,312.2093023255814,162.2093023255814,100.0,250.0,67,61,INSIDE,CLEAR,False,,,True,100.0,100.0,100.0,False,212.2093023255814,62.209302325581405,212.2093023255814,62.209302325581405,0,100.0,250.0,0,100.0,250.0,ALL_CLEAR,,100.0,,32,ALL_CLEAR,,100.0,,,ALL_CLEAR/PASS
takeoff,takeoff_stage1,takeoff_stage1,takeoff_stage1,TF,1,15,1,1543.3271042589413,1543.3271042589413,49.78502483154185,66.66666666666669,35.589955989907665,129.08245091225575,35.59011146111872,129.08316430024837,312.2093023255814,162.2093023255814,0,312.2093023255814,162.2093023255814,100.0,250.0,67,62,INSIDE,CLEAR,False,,,True,100.0,100.0,100.0,False,212.2093023255814,62.209302325581405,212.2093023255814,62.209302325581405,0,100.0,250.0,0,100.0,250.0,ALL_CLEAR,,100.0,,32,ALL_CLEAR,,100.0,,,ALL_CLEAR/PASS
takeoff,takeoff_stage1,takeoff_stage1,takeoff_stage1,TF,1,15,1,1543.3271042589413,1543.3271042589413,49.78502483154185,100.0,35.589955989907665,129.08245091225575,35.59018919672424,129.08352099424468,312.2093023255814,162.2093023255814,0,312.2093023255814,162.2093023255814,100.0,250.0,67,62,INSIDE,CLEAR,False,,,True,100.0,100.0,100.0,False,212.2093023255814,62.209302325581405,212.2093023255814,62.209302325581405,0,100.0,250.0,0,100.0,250.0,ALL_CLEAR,,100.0,,32,ALL_CLEAR,,100.0,,,ALL_CLEAR/PASS
takeoff,takeoff_stage1,takeoff_stage1,takeoff_stage1,TF,1,15,2,1593.112129090483,1593.112129090483,99.5700496630837,-100.0,35.58952276377565,129.08259368361882,35.589289556959066,129.0815236016299,317.4418604651163,167.4418604651163,0,317.4418604651163,167.4418604651163,100.0,250.0,66,60,INSIDE,CLEAR,False,,,True,100.0,100.0,100.0,False,217.4418604651163,67.44186046511629,217.4418604651163,67.44186046511629,0,100.0,250.0,0,100.0,250.0,ALL_CLEAR,,100.0,,33,ALL_CLEAR,,100.0,,,ALL_CLEAR/PASS
takeoff,takeoff_stage1,takeoff_stage1,takeoff_stage1,TF,1,15,2,1593.112129090483,1593.112129090483,99.5700496630837,-66.66666666666666,35.58952276377565,129.08259368361882,35.589367292564596,129.0818802956262,317.4418604651163,167.4418604651163,0,317.4418604651163,167.4418604651163,100.0,250.0,66,60,INSIDE,CLEAR,False,,,True,100.0,100.0,100.0,False,217.4418604651163,67.44186046511629,217.4418604651163,67.44186046511629,0,100.0,250.0,0,100.0,250.0,ALL_CLEAR,,100.0,,33,ALL_CLEAR,,100.0,,,ALL_CLEAR/PASS
takeoff,takeoff_stage1,takeoff_stage1,takeoff_stage1,TF,1,15,2,1593.112129090483,1593.112129090483,99.5700496630837,-33.33333333333333,35.58952276377565,129.08259368361882,35.58944502817012,129.08223698962252,317.4418604651163,167.4418604651163,0,317.4418604651163,167.4418604651163,100.0,250.0,66,61,INSIDE,CLEAR,False,,,True,100.0,100.0,100.0,False,217.4418604651163,67.44186046511629,217.4418604651163,67.44186046511629,0,100.0,250.0,0,100.0,250.0,ALL_CLEAR,,100.0,,33,ALL_CLEAR,,100.0,,,ALL_CLEAR/PASS
takeoff,takeoff_stage1,takeoff_stage1,takeoff_stage1,TF,1,15,2,1593.112129090483,1593.112129090483,99.5700496630837,0.0,35.58952276377565,129.08259368361882,35.58952276377565,129.08259368361882,317.4418604651163,167.4418604651163,0,317.4418604651163,167.4418604651163,100.0,250.0,66,61,INSIDE,CLEAR,False,,,True,100.0,100.0,100.0,False,217.4418604651163,67.44186046511629,217.4418604651163,67.44186046511629,0,100.0,250.0,0,100.0,250.0,ALL_CLEAR,,100.0,,33,ALL_CLEAR,,100.0,,,ALL_CLEAR/PASS
takeoff,takeoff_stage1,takeoff_stage1,takeoff_stage1,TF,1,15,2,1593.112129090483,1593.112129090483,99.5700496630837,33.33333333333334,35.58952276377565,129.08259368361882,35.58960049938118,129.08295037761513,317.4418604651163,167.4418604651163,0,317.4418604651163,167.4418604651163,100.0,250.0,66,61,INSIDE,CLEAR,False,,,True,100.0,100.0,100.0,False,217.4418604651163,67.44186046511629,217.4418604651163,67.44186046511629,0,100.0,250.0,0,100.0,250.0,ALL_CLEAR,,100.0,,33,ALL_CLEAR,,100.0,,,ALL_CLEAR/PASS
takeoff,takeoff_stage1,takeoff_stage1,takeoff_stage1,TF,1,15,2,1593.112129090483,1593.112129090483,99.5700496630837,66.66666666666669,35.58952276377565,129.08259368361882,35.5896782349867,129.08330707161144,317.4418604651163,167.4418604651163,0,317.4418604651163,167.4418604651163,100.0,250.0,66,62,INSIDE,CLEAR,False,,,True,100.0,100.0,100.0,False,217.4418604651163,67.44186046511629,217.4418604651163,67.44186046511629,0,100.0,250.0,0,100.0,250.0,ALL_CLEAR,,100.0,,33,ALL_CLEAR,,100.0,,,ALL_CLEAR/PASS
takeoff,takeoff_stage1,takeoff_stage1,takeoff_stage1,TF,1,15,2,1593.112129090483,1593.112129090483,99.5700496630837,100.0,35.58952276377565,129.08259368361882,35.58975597059223,129.08366376560775,317.4418604651163,167.4418604651163,0,317.4418604651163,167.4418604651163,100.0,250.0,66,62,INSIDE,CLEAR,False,,,True,100.0,100.0,100.0,False,217.4418604651163,67.44186046511629,217.4418604651163,67.44186046511629,0,100.0,250.0,0,100.0,250.0,ALL_CLEAR,,100.0,,33,ALL_CLEAR,,100.0,,,ALL_CLEAR/PASS
takeoff,takeoff_stage1,takeoff_stage1,takeoff_stage1,TF,1,16,0,1593.112129090483,1593.112129090483,0.0,-100.0,35.58952276377565,129.08259368361882,35.58928955460427,129.08152361398675,317.4418604651163,167.4418604651163,0,317.4418604651163,167.4418604651163,100.0,250.0,66,60,INSIDE,CLEAR,False,,,True,100.0,100.0,100.0,False,217.4418604651163,67.44186046511629,217.4418604651163,67.44186046511629,0,100.0,250.0,0,100.0,250.0,ALL_CLEAR,,100.0,,33,ALL_CLEAR,,100.0,,,ALL_CLEAR/PASS
takeoff,takeoff_stage1,takeoff_stage1,takeoff_stage1,TF,1,16,0,1593.112129090483,1593.112129090483,0.0,-66.66666666666666,35.58952276377565,129.08259368361882,35.58936729099473,129.0818803038641,317.4418604651163,167.4418604651163,0,317.4418604651163,167.4418604651163,100.0,250.0,66,60,INSIDE,CLEAR,False,,,True,100.0,100.0,100.0,False,217.4418604651163,67.44186046511629,217.4418604651163,67.44186046511629,0,100.0,250.0,0,100.0,250.0,ALL_CLEAR,,100.0,,33,ALL_CLEAR,,100.0,,,ALL_CLEAR/PASS
takeoff,takeoff_stage1,takeoff_stage1,takeoff_stage1,TF,1,16,0,1593.112129090483,1593.112129090483,0.0,-33.33333333333333,35.58952276377565,129.08259368361882,35.58944502738519,129.08223699374147,317.4418604651163,167.4418604651163,0,317.4418604651163,167.4418604651163,100.0,250.0,66,61,INSIDE,CLEAR,False,,,True,100.0,100.0,100.0,False,217.4418604651163,67.44186046511629,217.4418604651163,67.44186046511629,0,100.0,250.0,0,100.0,250.0,ALL_CLEAR,,100.0,,33,ALL_CLEAR,,100.0,,,ALL_CLEAR/PASS
takeoff,takeoff_stage1,takeoff_stage1,takeoff_stage1,TF,1,16,0,1593.112129090483,1593.112129090483,0.0,33.33333333333334,35.58952276377565,129.08259368361882,35.58960050016611,129.08295037349617,317.4418604651163,167.4418604651163,0,317.4418604651163,167.4418604651163,100.0,250.0,66,61,INSIDE,CLEAR,False,,,True,100.0,100.0,100.0,False,217.4418604651163,67.44186046511629,217.4418604651163,67.44186046511629,0,100.0,250.0,0,100.0,250.0,ALL_CLEAR,,100.0,,33,ALL_CLEAR,,100.0,,,ALL_CLEAR/PASS
takeoff,takeoff_stage1,takeoff_stage1,takeoff_stage1,TF,1,16,0,1593.112129090483,1593.112129090483,0.0,66.66666666666669,35.58952276377565,129.08259368361882,35.589678236556566,129.08330706337355,317.4418604651163,167.4418604651163,0,317.4418604651163,167.4418604651163,100.0,250.0,66,62,INSIDE,CLEAR,False,,,True,100.0,100.0,100.0,False,217.4418604651163,67.44186046511629,217.4418604651163,67.44186046511629,0,100.0,250.0,0,100.0,250.0,ALL_CLEAR,,100.0,,33,ALL_CLEAR,,100.0,,,ALL_CLEAR/PASS
takeoff,takeoff_stage1,takeoff_stage1,takeoff_stage1,TF,1,16,0,1593.112129090483,1593.112129090483,0.0,100.0,35.58952276377565,129.08259368361882,35.589755972947025,129.0836637532509,317.4418604651163,167.4418604651163,0,317.4418604651163,167.4418604651163,100.0,250.0,66,62,INSIDE,CLEAR,False,,,True,100.0,100.0,100.0,False,217.4418604651163,67.44186046511629,217.4418604651163,67.44186046511629,0,100.0,250.0,0,100.0,250.0,ALL_CLEAR,,100.0,,33,ALL_CLEAR,,100.0,,,ALL_CLEAR/PASS
takeoff,takeoff_stage1,takeoff_stage1,takeoff_stage1,TF,1,16,1,1642.897190026389,1642.897190026389,49.7850609359059,-100.0,35.58908953764364,129.08273645498193,35.58885632847226,129.08166638534985,322.6744186046511,172.67441860465112,0,322.6744186046511,172.67441860465112,100.0,250.0,65,60,INSIDE,CLEAR,False,,,True,100.0,100.0,100.0,False,222.67441860465112,72.67441860465112,222.67441860465112,72.67441860465112,0,100.0,250.0,0,100.0,250.0,ALL_CLEAR,,100.0,,34,ALL_CLEAR,,100.0,,,ALL_CLEAR/PASS
takeoff,takeoff_stage1,takeoff_stage1,takeoff_stage1,TF,1,16,1,1642.897190026389,1642.897190026389,49.7850609359059,-66.66666666666666,35.58908953764364,129.08273645498193,35.58893406486272,129.0820230752272,322.6744186046511,172.67441860465112,0,322.6744186046511,172.67441860465112,100.0,250.0,65,61,INSIDE,CLEAR,False,,,True,100.0,100.0,100.0,False,222.67441860465112,72.67441860465112,222.67441860465112,72.67441860465112,0,100.0,250.0,0,100.0,250.0,ALL_CLEAR,,100.0,,34,ALL_CLEAR,,100.0,,,ALL_CLEAR/PASS
takeoff,takeoff_stage1,takeoff_stage1,takeoff_stage1,TF,1,16,1,1642.897190026389,1642.897190026389,49.7850609359059,-33.33333333333333,35.58908953764364,129.08273645498193,35.58901180125318,129.08237976510458,322.6744186046511,172.67441860465112,0,322.6744186046511,172.67441860465112,100.0,250.0,66,61,INSIDE,CLEAR,False,,,True,100.0,100.0,100.0,False,222.67441860465112,72.67441860465112,222.67441860465112,72.67441860465112,0,100.0,250.0,0,100.0,250.0,ALL_CLEAR,,100.0,,34,ALL_CLEAR,,100.0,,,ALL_CLEAR/PASS
takeoff,takeoff_stage1,takeoff_stage1,takeoff_stage1,TF,1,16,1,1642.897190026389,1642.897190026389,49.7850609359059,0.0,35.58908953764364,129.08273645498193,35.58908953764364,129.08273645498193,322.6744186046511,172.67441860465112,0,322.6744186046511,172.67441860465112,100.0,250.0,66,61,INSIDE,CLEAR,False,,,True,100.0,100.0,100.0,False,222.67441860465112,72.67441860465112,222.67441860465112,72.67441860465112,0,100.0,250.0,0,100.0,250.0,ALL_CLEAR,,100.0,,34,ALL_CLEAR,,100.0,,,ALL_CLEAR/PASS
takeoff,takeoff_stage1,takeoff_stage1,takeoff_stage1,TF,1,16,1,1642.897190026389,1642.897190026389,49.7850609359059,33.33333333333334,35.58908953764364,129.08273645498193,35.5891672740341,129.08309314485928,322.6744186046511,172.67441860465112,0,322.6744186046511,172.67441860465112,100.0,250.0,66,62,INSIDE,CLEAR,False,,,True,100.0,100.0,100.0,False,222.67441860465112,72.67441860465112,222.67441860465112,72.67441860465112,0,100.0,250.0,0,100.0,250.0,ALL_CLEAR,,100.0,,34,ALL_CLEAR,,100.0,,,ALL_CLEAR/PASS
takeoff,takeoff_stage1,takeoff_stage1,takeoff_stage1,TF,1,16,1,1642.897190026389,1642.897190026389,49.7850609359059,66.66666666666669,35.58908953764364,129.08273645498193,35.589245010424555,129.08344983473665,322.6744186046511,172.67441860465112,0,322.6744186046511,172.67441860465112,100.0,250.0,66,62,INSIDE,CLEAR,False,,,True,100.0,100.0,100.0,False,222.67441860465112,72.67441860465112,222.67441860465112,72.67441860465112,0,100.0,250.0,0,100.0,250.0,ALL_CLEAR,,100.0,,34,ALL_CLEAR,,100.0,,,ALL_CLEAR/PASS
takeoff,takeoff_stage1,takeoff_stage1,takeoff_stage1,TF,1,16,1,1642.897190026389,1642.897190026389,49.7850609359059,100.0,35.58908953764364,129.08273645498193,35.589322746815014,129.083806524614,322.6744186046511,172.67441860465112,0,322.6744186046511,172.67441860465112,100.0,250.0,66,62,INSIDE,CLEAR,False,,,True,100.0,100.0,100.0,False,222.67441860465112,72.67441860465112,222.67441860465112,72.67441860465112,0,100.0,250.0,0,100.0,250.0,ALL_CLEAR,,100.0,,34,ALL_CLEAR,,100.0,,,ALL_CLEAR/PASS
takeoff,takeoff_stage1,takeoff_stage1,takeoff_stage1,TF,1,16,2,1692.6822509622948,1692.6822509622948,99.5701218718118,-100.0,35.58865631151163,129.08287922634503,35.58842310234025,129.08180915671295,327.906976744186,177.906976744186,0,327.906976744186,177.906976744186,100.0,250.0,65,60,INSIDE,CLEAR,False,,,True,100.0,100.0,100.0,False,227.906976744186,77.90697674418601,227.906976744186,77.90697674418601,0,100.0,250.0,0,100.0,250.0,ALL_CLEAR,,100.0,,35,ALL_CLEAR,,100.0,,,ALL_CLEAR/PASS
takeoff,takeoff_stage1,takeoff_stage1,takeoff_stage1,TF,1,16,2,1692.6822509622948,1692.6822509622948,99.5701218718118,-66.66666666666666,35.58865631151163,129.08287922634503,35.58850083873071,129.0821658465903,327.906976744186,177.906976744186,0,327.906976744186,177.906976744186,100.0,250.0,65,61,INSIDE,CLEAR,False,,,True,100.0,100.0,100.0,False,227.906976744186,77.90697674418601,227.906976744186,77.90697674418601,0,100.0,250.0,0,100.0,250.0,ALL_CLEAR,,100.0,,35,ALL_CLEAR,,100.0,,,ALL_CLEAR/PASS
takeoff,takeoff_stage1,takeoff_stage1,takeoff_stage1,TF,1,16,2,1692.6822509622948,1692.6822509622948,99.5701218718118,-33.33333333333333,35.58865631151163,129.08287922634503,35.58857857512117,129.08252253646768,327.906976744186,177.906976744186,0,327.906976744186,177.906976744186,100.0,250.0,65,61,INSIDE,CLEAR,False,,,True,100.0,100.0,100.0,False,227.906976744186,77.90697674418601,227.906976744186,77.90697674418601,0,100.0,250.0,0,100.0,250.0,ALL_CLEAR,,100.0,,35,ALL_CLEAR,,100.0,,,ALL_CLEAR/PASS
takeoff,takeoff_stage1,takeoff_stage1,takeoff_stage1,TF,1,16,2,1692.6822509622948,1692.6822509622948,99.5701218718118,0.0,35.58865631151163,129.08287922634503,35.58865631151163,129.08287922634503,327.906976744186,177.906976744186,0,327.906976744186,177.906976744186,100.0,250.0,65,61,INSIDE,CLEAR,False,,,True,100.0,100.0,100.0,False,227.906976744186,77.90697674418601,227.906976744186,77.90697674418601,0,100.0,250.0,0,100.0,250.0,ALL_CLEAR,,100.0,,35,ALL_CLEAR,,100.0,,,ALL_CLEAR/PASS
takeoff,takeoff_stage1,takeoff_stage1,takeoff_stage1,TF,1,16,2,1692.6822509622948,1692.6822509622948,99.5701218718118,33.33333333333334,35.58865631151163,129.08287922634503,35.588734047902086,129.08323591622238,327.906976744186,177.906976744186,0,327.906976744186,177.906976744186,100.0,250.0,65,62,INSIDE,CLEAR,False,,,True,100.0,100.0,100.0,False,227.906976744186,77.90697674418601,227.906976744186,77.90697674418601,0,100.0,250.0,0,100.0,250.0,ALL_CLEAR,,100.0,,35,ALL_CLEAR,,100.0,,,ALL_CLEAR/PASS
takeoff,takeoff_stage1,takeoff_stage1,takeoff_stage1,TF,1,16,2,1692.6822509622948,1692.6822509622948,99.5701218718118,66.66666666666669,35.58865631151163,129.08287922634503,35.588811784292545,129.08359260609976,327.906976744186,177.906976744186,0,327.906976744186,177.906976744186,100.0,250.0,65,62,INSIDE,CLEAR,False,,,True,100.0,100.0,100.0,False,227.906976744186,77.90697674418601,227.906976744186,77.90697674418601,0,100.0,250.0,0,100.0,250.0,ALL_CLEAR,,100.0,,35,ALL_CLEAR,,100.0,,,ALL_CLEAR/PASS
takeoff,takeoff_stage1,takeoff_stage1,takeoff_stage1,TF,1,16,2,1692.6822509622948,1692.6822509622948,99.5701218718118,100.0,35.58865631151163,129.08287922634503,35.588889520683004,129.0839492959771,327.906976744186,177.906976744186,0,327.906976744186,177.906976744186,100.0,250.0,65,62,INSIDE,CLEAR,False,,,True,100.0,100.0,100.0,False,227.906976744186,77.90697674418601,227.906976744186,77.90697674418601,0,100.0,250.0,0,100.0,250.0,ALL_CLEAR,,100.0,,35,ALL_CLEAR,,100.0,,,ALL_CLEAR/PASS
takeoff,takeoff_stage1,takeoff_stage1,takeoff_stage1,TF,1,17,0,1692.6822509622948,1692.6822509622948,0.0,-100.0,35.58865631151163,129.08287922634503,35.5884230999856,129.08180916906923,327.906976744186,177.906976744186,0,327.906976744186,177.906976744186,100.0,250.0,65,60,INSIDE,CLEAR,False,,,True,100.0,100.0,100.0,False,227.906976744186,77.90697674418601,227.906976744186,77.90697674418601,0,100.0,250.0,0,100.0,250.0,ALL_CLEAR,,100.0,,35,ALL_CLEAR,,100.0,,,ALL_CLEAR/PASS
takeoff,takeoff_stage1,takeoff_stage1,takeoff_stage1,TF,1,17,0,1692.6822509622948,1692.6822509622948,0.0,-66.66666666666666,35.58865631151163,129.08287922634503,35.588500837160936,129.08216585482785,327.906976744186,177.906976744186,0,327.906976744186,177.906976744186,100.0,250.0,65,61,INSIDE,CLEAR,False,,,True,100.0,100.0,100.0,False,227.906976744186,77.90697674418601,227.906976744186,77.90697674418601,0,100.0,250.0,0,100.0,250.0,ALL_CLEAR,,100.0,,35,ALL_CLEAR,,100.0,,,ALL_CLEAR/PASS
takeoff,takeoff_stage1,takeoff_stage1,takeoff_stage1,TF,1,17,0,1692.6822509622948,1692.6822509622948,0.0,-33.33333333333333,35.58865631151163,129.08287922634503,35.58857857433628,129.08252254058644,327.906976744186,177.906976744186,0,327.906976744186,177.906976744186,100.0,250.0,65,61,INSIDE,CLEAR,False,,,True,100.0,100.0,100.0,False,227.906976744186,77.90697674418601,227.906976744186,77.90697674418601,0,100.0,250.0,0,100.0,250.0,ALL_CLEAR,,100.0,,35,ALL_CLEAR,,100.0,,,ALL_CLEAR/PASS
takeoff,takeoff_stage1,takeoff_stage1,takeoff_stage1,TF,1,17,0,1692.6822509622948,1692.6822509622948,0.0,33.33333333333334,35.58865631151163,129.08287922634503,35.58873404868697,129.08323591210362,327.906976744186,177.906976744186,0,327.906976744186,177.906976744186,100.0,250.0,65,62,INSIDE,CLEAR,False,,,True,100.0,100.0,100.0,False,227.906976744186,77.90697674418601,227.906976744186,77.90697674418601,0,100.0,250.0,0,100.0,250.0,ALL_CLEAR,,100.0,,35,ALL_CLEAR,,100.0,,,ALL_CLEAR/PASS
takeoff,takeoff_stage1,takeoff_stage1,takeoff_stage1,TF,1,17,0,1692.6822509622948,1692.6822509622948,0.0,66.66666666666669,35.58865631151163,129.08287922634503,35.58881178586232,129.0835925978622,327.906976744186,177.906976744186,0,327.906976744186,177.906976744186,100.0,250.0,65,62,INSIDE,CLEAR,False,,,True,100.0,100.0,100.0,False,227.906976744186,77.90697674418601,227.906976744186,77.90697674418601,0,100.0,250.0,0,100.0,250.0,ALL_CLEAR,,100.0,,35,ALL_CLEAR,,100.0,,,ALL_CLEAR/PASS
takeoff,takeoff_stage1,takeoff_stage1,takeoff_stage1,TF,1,17,0,1692.6822509622948,1692.6822509622948,0.0,100.0,35.58865631151163,129.08287922634503,35.58888952303766,129.08394928362083,327.906976744186,177.906976744186,0,327.906976744186,177.906976744186,100.0,250.0,65,62,INSIDE,CLEAR,False,,,True,100.0,100.0,100.0,False,227.906976744186,77.90697674418601,227.906976744186,77.90697674418601,0,100.0,250.0,0,100.0,250.0,ALL_CLEAR,,100.0,,35,ALL_CLEAR,,100.0,,,ALL_CLEAR/PASS
takeoff,takeoff_stage1,takeoff_stage1,takeoff_stage1,TF,1,17,1,1742.467348001219,1742.467348001219,49.78509703892425,-100.0,35.58822308537962,129.0830219977081,35.58798987385359,129.0819519404323,333.1395348837209,183.1395348837209,0,333.1395348837209,183.1395348837209,100.0,250.0,64,61,INSIDE,CLEAR,False,,,True,100.0,100.0,100.0,False,233.1395348837209,83.1395348837209,233.1395348837209,83.1395348837209,0,100.0,250.0,0,100.0,250.0,ALL_CLEAR,,100.0,,36,ALL_CLEAR,,100.0,,,ALL_CLEAR/PASS
takeoff,takeoff_stage1,takeoff_stage1,takeoff_stage1,TF,1,17,1,1742.467348001219,1742.467348001219,49.78509703892425,-66.66666666666666,35.58822308537962,129.0830219977081,35.588067611028926,129.08230862619092,333.1395348837209,183.1395348837209,0,333.1395348837209,183.1395348837209,100.0,250.0,64,61,INSIDE,CLEAR,False,,,True,100.0,100.0,100.0,False,233.1395348837209,83.1395348837209,233.1395348837209,83.1395348837209,0,100.0,250.0,0,100.0,250.0,ALL_CLEAR,,100.0,,36,ALL_CLEAR,,100.0,,,ALL_CLEAR/PASS
takeoff,takeoff_stage1,takeoff_stage1,takeoff_stage1,TF,1,17,1,1742.467348001219,1742.467348001219,49.78509703892425,-33.33333333333333,35.58822308537962,129.0830219977081,35.58814534820427,129.0826653119495,333.1395348837209,183.1395348837209,0,333.1395348837209,183.1395348837209,100.0,250.0,65,61,INSIDE,CLEAR,False,,,True,100.0,100.0,100.0,False,233.1395348837209,83.1395348837209,233.1395348837209,83.1395348837209,0,100.0,250.0,0,100.0,250.0,ALL_CLEAR,,100.0,,36,ALL_CLEAR,,100.0,,,ALL_CLEAR/PASS
takeoff,takeoff_stage1,takeoff_stage1,takeoff_stage1,TF,1,17,1,1742.467348001219,1742.467348001219,49.78509703892425,0.0,35.58822308537962,129.0830219977081,35.58822308537962,129.0830219977081,333.1395348837209,183.1395348837209,0,333.1395348837209,183.1395348837209,100.0,250.0,65,62,INSIDE,CLEAR,False,,,True,100.0,100.0,100.0,False,233.1395348837209,83.1395348837209,233.1395348837209,83.1395348837209,0,100.0,250.0,0,100.0,250.0,ALL_CLEAR,,100.0,,36,ALL_CLEAR,,100.0,,,ALL_CLEAR/PASS
takeoff,takeoff_stage1,takeoff_stage1,takeoff_stage1,TF,1,17,1,1742.467348001219,1742.467348001219,49.78509703892425,33.33333333333334,35.58822308537962,129.0830219977081,35.58830082255496,129.0833786834667,333.1395348837209,183.1395348837209,0,333.1395348837209,183.1395348837209,100.0,250.0,65,62,INSIDE,CLEAR,False,,,True,100.0,100.0,100.0,False,233.1395348837209,83.1395348837209,233.1395348837209,83.1395348837209,0,100.0,250.0,0,100.0,250.0,ALL_CLEAR,,100.0,,36,ALL_CLEAR,,100.0,,,ALL_CLEAR/PASS
takeoff,takeoff_stage1,takeoff_stage1,takeoff_stage1,TF,1,17,1,1742.467348001219,1742.467348001219,49.78509703892425,66.66666666666669,35.58822308537962,129.0830219977081,35.58837855973031,129.08373536922528,333.1395348837209,183.1395348837209,0,333.1395348837209,183.1395348837209,100.0,250.0,65,62,INSIDE,CLEAR,False,,,True,100.0,100.0,100.0,False,233.1395348837209,83.1395348837209,233.1395348837209,83.1395348837209,0,100.0,250.0,0,100.0,250.0,ALL_CLEAR,,100.0,,36,ALL_CLEAR,,100.0,,,ALL_CLEAR/PASS
takeoff,takeoff_stage1,takeoff_stage1,takeoff_stage1,TF,1,17,1,1742.467348001219,1742.467348001219,49.78509703892425,100.0,35.58822308537962,129.0830219977081,35.58845629690565,129.0840920549839,333.1395348837209,183.1395348837209,0,333.1395348837209,183.1395348837209,100.0,250.0,65,63,INSIDE,CLEAR,False,,,True,100.0,100.0,100.0,False,233.1395348837209,83.1395348837209,233.1395348837209,83.1395348837209,0,100.0,250.0,0,100.0,250.0,ALL_CLEAR,,100.0,,36,ALL_CLEAR,,100.0,,,ALL_CLEAR/PASS
takeoff,takeoff_stage1,takeoff_stage1,takeoff_stage1,TF,1,17,2,1792.2524450401434,1792.2524450401434,99.5701940778485,-100.0,35.58778985924761,129.08316476907117,35.58755664772158,129.08209471179538,338.37209302325584,188.37209302325584,0,338.37209302325584,188.37209302325584,100.0,250.0,64,61,INSIDE,CLEAR,False,,,True,100.0,100.0,100.0,False,238.37209302325584,88.37209302325584,238.37209302325584,88.37209302325584,0,100.0,250.0,0,100.0,250.0,ALL_CLEAR,,100.0,,37,ALL_CLEAR,,100.0,,,ALL_CLEAR/PASS
takeoff,takeoff_stage1,takeoff_stage1,takeoff_stage1,TF,1,17,2,1792.2524450401434,1792.2524450401434,99.5701940778485,-66.66666666666666,35.58778985924761,129.08316476907117,35.587634384896916,129.082451397554,338.37209302325584,188.37209302325584,0,338.37209302325584,188.37209302325584,100.0,250.0,64,61,INSIDE,CLEAR,False,,,True,100.0,100.0,100.0,False,238.37209302325584,88.37209302325584,238.37209302325584,88.37209302325584,0,100.0,250.0,0,100.0,250.0,ALL_CLEAR,,100.0,,37,ALL_CLEAR,,100.0,,,ALL_CLEAR/PASS
takeoff,takeoff_stage1,takeoff_stage1,takeoff_stage1,TF,1,17,2,1792.2524450401434,1792.2524450401434,99.5701940778485,-33.33333333333333,35.58778985924761,129.08316476907117,35.58771212207226,129.08280808331259,338.37209302325584,188.37209302325584,0,338.37209302325584,188.37209302325584,100.0,250.0,64,61,INSIDE,CLEAR,False,,,True,100.0,100.0,100.0,False,238.37209302325584,88.37209302325584,238.37209302325584,88.37209302325584,0,100.0,250.0,0,100.0,250.0,ALL_CLEAR,,100.0,,37,ALL_CLEAR,,100.0,,,ALL_CLEAR/PASS
takeoff,takeoff_stage1,takeoff_stage1,takeoff_stage1,TF,1,17,2,1792.2524450401434,1792.2524450401434,99.5701940778485,0.0,35.58778985924761,129.08316476907117,35.58778985924761,129.08316476907117,338.37209302325584,188.37209302325584,0,338.37209302325584,188.37209302325584,100.0,250.0,64,62,INSIDE,CLEAR,False,,,True,100.0,100.0,100.0,False,238.37209302325584,88.37209302325584,238.37209302325584,88.37209302325584,0,100.0,250.0,0,100.0,250.0,ALL_CLEAR,,100.0,,37,ALL_CLEAR,,100.0,,,ALL_CLEAR/PASS
takeoff,takeoff_stage1,takeoff_stage1,takeoff_stage1,TF,1,17,2,1792.2524450401434,1792.2524450401434,99.5701940778485,33.33333333333334,35.58778985924761,129.08316476907117,35.58786759642295,129.08352145482976,338.37209302325584,188.37209302325584,0,338.37209302325584,188.37209302325584,100.0,250.0,64,62,INSIDE,CLEAR,False,,,True,100.0,100.0,100.0,False,238.37209302325584,88.37209302325584,238.37209302325584,88.37209302325584,0,100.0,250.0,0,100.0,250.0,ALL_CLEAR,,100.0,,37,ALL_CLEAR,,100.0,,,ALL_CLEAR/PASS
takeoff,takeoff_stage1,takeoff_stage1,takeoff_stage1,TF,1,17,2,1792.2524450401434,1792.2524450401434,99.5701940778485,66.66666666666669,35.58778985924761,129.08316476907117,35.5879453335983,129.08387814058835,338.37209302325584,188.37209302325584,0,338.37209302325584,188.37209302325584,100.0,250.0,64,62,INSIDE,CLEAR,False,,,True,100.0,100.0,100.0,False,238.37209302325584,88.37209302325584,238.37209302325584,88.37209302325584,0,100.0,250.0,0,100.0,250.0,ALL_CLEAR,,100.0,,37,ALL_CLEAR,,100.0,,,ALL_CLEAR/PASS
takeoff,takeoff_stage1,takeoff_stage1,takeoff_stage1,TF,1,17,2,1792.2524450401434,1792.2524450401434,99.5701940778485,100.0,35.58778985924761,129.08316476907117,35.58802307077364,129.08423482634697,338.37209302325584,188.37209302325584,0,338.37209302325584,188.37209302325584,100.0,250.0,64,63,INSIDE,CLEAR,False,,,True,100.0,100.0,100.0,False,238.37209302325584,88.37209302325584,238.37209302325584,88.37209302325584,0,100.0,250.0,0,100.0,250.0,ALL_CLEAR,,100.0,,37,ALL_CLEAR,,100.0,,,ALL_CLEAR/PASS
takeoff,takeoff_stage1,takeoff_stage1,takeoff_stage1,TF,1,18,0,1792.2524450401434,1792.2524450401434,0.0,-100.0,35.58778985924761,129.08316476907117,35.58755664536689,129.0820947241512,338.37209302325584,188.37209302325584,0,338.37209302325584,188.37209302325584,100.0,250.0,64,61,INSIDE,CLEAR,False,,,True,100.0,100.0,100.0,False,238.37209302325584,88.37209302325584,238.37209302325584,88.37209302325584,0,100.0,250.0,0,100.0,250.0,ALL_CLEAR,,100.0,,37,ALL_CLEAR,,100.0,,,ALL_CLEAR/PASS
takeoff,takeoff_stage1,takeoff_stage1,takeoff_stage1,TF,1,18,0,1792.2524450401434,1792.2524450401434,0.0,-66.66666666666666,35.58778985924761,129.08316476907117,35.58763438332713,129.08245140579118,338.37209302325584,188.37209302325584,0,338.37209302325584,188.37209302325584,100.0,250.0,64,61,INSIDE,CLEAR,False,,,True,100.0,100.0,100.0,False,238.37209302325584,88.37209302325584,238.37209302325584,88.37209302325584,0,100.0,250.0,0,100.0,250.0,ALL_CLEAR,,100.0,,37,ALL_CLEAR,,100.0,,,ALL_CLEAR/PASS
takeoff,takeoff_stage1,takeoff_stage1,takeoff_stage1,TF,1,18,0,1792.2524450401434,1792.2524450401434,0.0,-33.33333333333333,35.58778985924761,129.08316476907117,35.58771212128737,129.08280808743118,338.37209302325584,188.37209302325584,0,338.37209302325584,188.37209302325584,100.0,250.0,64,61,INSIDE,CLEAR,False,,,True,100.0,100.0,100.0,False,238.37209302325584,88.37209302325584,238.37209302325584,88.37209302325584,0,100.0,250.0,0,100.0,250.0,ALL_CLEAR,,100.0,,37,ALL_CLEAR,,100.0,,,ALL_CLEAR/PASS
takeoff,takeoff_stage1,takeoff_stage1,takeoff_stage1,TF,1,18,0,1792.2524450401434,1792.2524450401434,0.0,33.33333333333334,35.58778985924761,129.08316476907117,35.58786759720785,129.08352145071117,338.37209302325584,188.37209302325584,0,338.37209302325584,188.37209302325584,100.0,250.0,64,62,INSIDE,CLEAR,False,,,True,100.0,100.0,100.0,False,238.37209302325584,88.37209302325584,238.37209302325584,88.37209302325584,0,100.0,250.0,0,100.0,250.0,ALL_CLEAR,,100.0,,37,ALL_CLEAR,,100.0,,,ALL_CLEAR/PASS
takeoff,takeoff_stage1,takeoff_stage1,takeoff_stage1,TF,1,18,0,1792.2524450401434,1792.2524450401434,0.0,66.66666666666669,35.58778985924761,129.08316476907117,35.58794533516809,129.08387813235117,338.37209302325584,188.37209302325584,0,338.37209302325584,188.37209302325584,100.0,250.0,64,62,INSIDE,CLEAR,False,,,True,100.0,100.0,100.0,False,238.37209302325584,88.37209302325584,238.37209302325584,88.37209302325584,0,100.0,250.0,0,100.0,250.0,ALL_CLEAR,,100.0,,37,ALL_CLEAR,,100.0,,,ALL_CLEAR/PASS
takeoff,takeoff_stage1,takeoff_stage1,takeoff_stage1,TF,1,18,0,1792.2524450401434,1792.2524450401434,0.0,100.0,35.58778985924761,129.08316476907117,35.588023073128326,129.08423481399115,338.37209302325584,188.37209302325584,0,338.37209302325584,188.37209302325584,100.0,250.0,64,63,INSIDE,CLEAR,False,,,True,100.0,100.0,100.0,False,238.37209302325584,88.37209302325584,238.37209302325584,88.37209302325584,0,100.0,250.0,0,100.0,250.0,ALL_CLEAR,,100.0,,37,ALL_CLEAR,,100.0,,,ALL_CLEAR/PASS
takeoff,takeoff_stage1,takeoff_stage1,takeoff_stage1,TF,1,18,1,1842.0375781833968,1842.0375781833968,49.78513314325336,-100.0,35.58735663311559,129.08330754043428,35.58712341923488,129.0822374955143,343.60465116279073,193.60465116279073,0,343.60465116279073,193.60465116279073,100.0,250.0,63,61,INSIDE,CLEAR,False,,,True,100.0,100.0,100.0,False,243.60465116279073,93.60465116279073,243.60465116279073,93.60465116279073,0,100.0,250.0,0,100.0,250.0,ALL_CLEAR,,100.0,,38,ALL_CLEAR,,100.0,,,ALL_CLEAR/PASS
takeoff,takeoff_stage1,takeoff_stage1,takeoff_stage1,TF,1,18,1,1842.0375781833968,1842.0375781833968,49.78513314325336,-66.66666666666666,35.58735663311559,129.08330754043428,35.58720115719512,129.08259417715428,343.60465116279073,193.60465116279073,0,343.60465116279073,193.60465116279073,100.0,250.0,63,61,INSIDE,CLEAR,False,,,True,100.0,100.0,100.0,False,243.60465116279073,93.60465116279073,243.60465116279073,93.60465116279073,0,100.0,250.0,0,100.0,250.0,ALL_CLEAR,,100.0,,38,ALL_CLEAR,,100.0,,,ALL_CLEAR/PASS
takeoff,takeoff_stage1,takeoff_stage1,takeoff_stage1,TF,1,18,1,1842.0375781833968,1842.0375781833968,49.78513314325336,-33.33333333333333,35.58735663311559,129.08330754043428,35.58727889515536,129.08295085879428,343.60465116279073,193.60465116279073,0,343.60465116279073,193.60465116279073,100.0,250.0,63,61,INSIDE,CLEAR,False,,,True,100.0,100.0,100.0,False,243.60465116279073,93.60465116279073,243.60465116279073,93.60465116279073,0,100.0,250.0,0,100.0,250.0,ALL_CLEAR,,100.0,,38,ALL_CLEAR,,100.0,,,ALL_CLEAR/PASS
takeoff,takeoff_stage1,takeoff_stage1,takeoff_stage1,TF,1,18,1,1842.0375781833968,1842.0375781833968,49.78513314325336,0.0,35.58735663311559,129.08330754043428,35.58735663311559,129.08330754043428,343.60465116279073,193.60465116279073,0,343.60465116279073,193.60465116279073,100.0,250.0,64,62,INSIDE,CLEAR,False,,,True,100.0,100.0,100.0,False,243.60465116279073,93.60465116279073,243.60465116279073,93.60465116279073,0,100.0,250.0,0,100.0,250.0,ALL_CLEAR,,100.0,,38,ALL_CLEAR,,100.0,,,ALL_CLEAR/PASS
takeoff,takeoff_stage1,takeoff_stage1,takeoff_stage1,TF,1,18,1,1842.0375781833968,1842.0375781833968,49.78513314325336,33.33333333333334,35.58735663311559,129.08330754043428,35.58743437107583,129.08366422207428,343.60465116279073,193.60465116279073,0,343.60465116279073,193.60465116279073,100.0,250.0,64,62,INSIDE,CLEAR,False,,,True,100.0,100.0,100.0,False,243.60465116279073,93.60465116279073,243.60465116279073,93.60465116279073,0,100.0,250.0,0,100.0,250.0,ALL_CLEAR,,100.0,,38,ALL_CLEAR,,100.0,,,ALL_CLEAR/PASS
takeoff,takeoff_stage1,takeoff_stage1,takeoff_stage1,TF,1,18,1,1842.0375781833968,1842.0375781833968,49.78513314325336,66.66666666666669,35.58735663311559,129.08330754043428,35.58751210903607,129.08402090371428,343.60465116279073,193.60465116279073,0,343.60465116279073,193.60465116279073,100.0,250.0,64,63,INSIDE,CLEAR,False,,,True,100.0,100.0,100.0,False,243.60465116279073,93.60465116279073,243.60465116279073,93.60465116279073,0,100.0,250.0,0,100.0,250.0,ALL_CLEAR,,100.0,,38,ALL_CLEAR,,100.0,,,ALL_CLEAR/PASS
takeoff,takeoff_stage1,takeoff_stage1,takeoff_stage1,TF,1,18,1,1842.0375781833968,1842.0375781833968,49.78513314325336,100.0,35.58735663311559,129.08330754043428,35.58758984699631,129.08437758535425,343.60465116279073,193.60465116279073,0,343.60465116279073,193.60465116279073,100.0,250.0,64,63,INSIDE,CLEAR,False,,,True,100.0,100.0,100.0,False,243.60465116279073,93.60465116279073,243.60465116279073,93.60465116279073,0,100.0,250.0,0,100.0,250.0,ALL_CLEAR,,100.0,,38,ALL_CLEAR,,100.0,,,ALL_CLEAR/PASS
takeoff,takeoff_stage1,takeoff_stage1,takeoff_stage1,TF,1,18,2,1891.82271132665,1891.82271132665,99.57026628650672,-100.0,35.58692340698358,129.08345031179738,35.58669019310286,129.0823802668774,348.8372093023256,198.83720930232562,0,348.8372093023256,198.83720930232562,100.0,250.0,63,61,INSIDE,CLEAR,False,,,True,100.0,100.0,100.0,False,248.83720930232562,98.83720930232562,248.83720930232562,98.83720930232562,0,100.0,250.0,0,100.0,250.0,ALL_CLEAR,,100.0,,39,ALL_CLEAR,,100.0,,,ALL_CLEAR/PASS
takeoff,takeoff_stage1,takeoff_stage1,takeoff_stage1,TF,1,18,2,1891.82271132665,1891.82271132665,99.57026628650672,-66.66666666666666,35.58692340698358,129.08345031179738,35.5867679310631,129.08273694851738,348.8372093023256,198.83720930232562,0,348.8372093023256,198.83720930232562,100.0,250.0,63,61,INSIDE,CLEAR,False,,,True,100.0,100.0,100.0,False,248.83720930232562,98.83720930232562,248.83720930232562,98.83720930232562,0,100.0,250.0,0,100.0,250.0,ALL_CLEAR,,100.0,,39,ALL_CLEAR,,100.0,,,ALL_CLEAR/PASS
takeoff,takeoff_stage1,takeoff_stage1,takeoff_stage1,TF,1,18,2,1891.82271132665,1891.82271132665,99.57026628650672,-33.33333333333333,35.58692340698358,129.08345031179738,35.58684566902334,129.08309363015738,348.8372093023256,198.83720930232562,0,348.8372093023256,198.83720930232562,100.0,250.0,63,62,INSIDE,CLEAR,False,,,True,100.0,100.0,100.0,False,248.83720930232562,98.83720930232562,248.83720930232562,98.83720930232562,0,100.0,250.0,0,100.0,250.0,ALL_CLEAR,,100.0,,39,ALL_CLEAR,,100.0,,,ALL_CLEAR/PASS
takeoff,takeoff_stage1,takeoff_stage1,takeoff_stage1,TF,1,18,2,1891.82271132665,1891.82271132665,99.57026628650672,0.0,35.58692340698358,129.08345031179738,35.58692340698358,129.08345031179738,348.8372093023256,198.83720930232562,0,348.8372093023256,198.83720930232562,100.0,250.0,63,62,INSIDE,CLEAR,False,,,True,100.0,100.0,100.0,False,248.83720930232562,98.83720930232562,248.83720930232562,98.83720930232562,0,100.0,250.0,0,100.0,250.0,ALL_CLEAR,,100.0,,39,ALL_CLEAR,,100.0,,,ALL_CLEAR/PASS
takeoff,takeoff_stage1,takeoff_stage1,takeoff_stage1,TF,1,18,2,1891.82271132665,1891.82271132665,99.57026628650672,33.33333333333334,35.58692340698358,129.08345031179738,35.58700114494382,129.08380699343738,348.8372093023256,198.83720930232562,0,348.8372093023256,198.83720930232562,100.0,250.0,63,62,INSIDE,CLEAR,False,,,True,100.0,100.0,100.0,False,248.83720930232562,98.83720930232562,248.83720930232562,98.83720930232562,0,100.0,250.0,0,100.0,250.0,ALL_CLEAR,,100.0,,39,ALL_CLEAR,,100.0,,,ALL_CLEAR/PASS
takeoff,takeoff_stage1,takeoff_stage1,takeoff_stage1,TF,1,18,2,1891.82271132665,1891.82271132665,99.57026628650672,66.66666666666669,35.58692340698358,129.08345031179738,35.58707888290406,129.08416367507738,348.8372093023256,198.83720930232562,0,348.8372093023256,198.83720930232562,100.0,250.0,63,63,INSIDE,CLEAR,False,,,True,100.0,100.0,100.0,False,248.83720930232562,98.83720930232562,248.83720930232562,98.83720930232562,0,100.0,250.0,0,100.0,250.0,ALL_CLEAR,,100.0,,39,ALL_CLEAR,,100.0,,,ALL_CLEAR/PASS
takeoff,takeoff_stage1,takeoff_stage1,takeoff_stage1,TF,1,18,2,1891.82271132665,1891.82271132665,99.57026628650672,100.0,35.58692340698358,129.08345031179738,35.5871566208643,129.08452035671735,348.8372093023256,198.83720930232562,0,348.8372093023256,198.83720930232562,100.0,250.0,63,63,INSIDE,CLEAR,False,,,True,100.0,100.0,100.0,False,248.83720930232562,98.83720930232562,248.83720930232562,98.83720930232562,0,100.0,250.0,0,100.0,250.0,ALL_CLEAR,,100.0,,39,ALL_CLEAR,,100.0,,,ALL_CLEAR/PASS
takeoff,takeoff_stage1,takeoff_stage1,takeoff_stage1,TF,1,19,0,1891.82271132665,1891.82271132665,0.0,-100.0,35.58692340698358,129.08345031179738,35.58669019074829,129.08238027923267,348.8372093023256,198.83720930232562,0,348.8372093023256,198.83720930232562,100.0,250.0,63,61,INSIDE,CLEAR,False,,,True,100.0,100.0,100.0,False,248.83720930232562,98.83720930232562,248.83720930232562,98.83720930232562,0,100.0,250.0,0,100.0,250.0,ALL_CLEAR,,100.0,,39,ALL_CLEAR,,100.0,,,ALL_CLEAR/PASS
takeoff,takeoff_stage1,takeoff_stage1,takeoff_stage1,TF,1,19,0,1891.82271132665,1891.82271132665,0.0,-66.66666666666666,35.58692340698358,129.08345031179738,35.58676792949339,129.08273695675422,348.8372093023256,198.83720930232562,0,348.8372093023256,198.83720930232562,100.0,250.0,63,61,INSIDE,CLEAR,False,,,True,100.0,100.0,100.0,False,248.83720930232562,98.83720930232562,248.83720930232562,98.83720930232562,0,100.0,250.0,0,100.0,250.0,ALL_CLEAR,,100.0,,39,ALL_CLEAR,,100.0,,,ALL_CLEAR/PASS
takeoff,takeoff_stage1,takeoff_stage1,takeoff_stage1,TF,1,19,0,1891.82271132665,1891.82271132665,0.0,-33.33333333333333,35.58692340698358,129.08345031179738,35.58684566823848,129.0830936342758,348.8372093023256,198.83720930232562,0,348.8372093023256,198.83720930232562,100.0,250.0,63,62,INSIDE,CLEAR,False,,,True,100.0,100.0,100.0,False,248.83720930232562,98.83720930232562,248.83720930232562,98.83720930232562,0,100.0,250.0,0,100.0,250.0,ALL_CLEAR,,100.0,,39,ALL_CLEAR,,100.0,,,ALL_CLEAR/PASS
takeoff,takeoff_stage1,takeoff_stage1,takeoff_stage1,TF,1,19,0,1891.82271132665,1891.82271132665,0.0,33.33333333333334,35.58692340698358,129.08345031179738,35.58700114572868,129.08380698931896,348.8372093023256,198.83720930232562,0,348.8372093023256,198.83720930232562,100.0,250.0,63,62,INSIDE,CLEAR,False,,,True,100.0,100.0,100.0,False,248.83720930232562,98.83720930232562,248.83720930232562,98.83720930232562,0,100.0,250.0,0,100.0,250.0,ALL_CLEAR,,100.0,,39,ALL_CLEAR,,100.0,,,ALL_CLEAR/PASS
takeoff,takeoff_stage1,takeoff_stage1,takeoff_stage1,TF,1,19,0,1891.82271132665,1891.82271132665,0.0,66.66666666666669,35.58692340698358,129.08345031179738,35.58707888447377,129.08416366684054,348.8372093023256,198.83720930232562,0,348.8372093023256,198.83720930232562,100.0,250.0,63,63,INSIDE,CLEAR,False,,,True,100.0,100.0,100.0,False,248.83720930232562,98.83720930232562,248.83720930232562,98.83720930232562,0,100.0,250.0,0,100.0,250.0,ALL_CLEAR,,100.0,,39,ALL_CLEAR,,100.0,,,ALL_CLEAR/PASS
takeoff,takeoff_stage1,takeoff_stage1,takeoff_stage1,TF,1,19,0,1891.82271132665,1891.82271132665,0.0,100.0,35.58692340698358,129.08345031179738,35.58715662321887,129.0845203443621,348.8372093023256,198.83720930232562,0,348.8372093023256,198.83720930232562,100.0,250.0,63,63,INSIDE,CLEAR,False,,,True,100.0,100.0,100.0,False,248.83720930232562,98.83720930232562,248.83720930232562,98.83720930232562,0,100.0,250.0,0,100.0,250.0,ALL_CLEAR,,100.0,,39,ALL_CLEAR,,100.0,,,ALL_CLEAR/PASS
takeoff,takeoff_stage1,takeoff_stage1,takeoff_stage1,TF,1,19,1,1941.607880572076,1941.607880572076,49.785169245426,-100.0,35.58649018085157,129.08359308316045,35.58625696461628,129.08252305059574,354.06976744186045,204.06976744186045,0,354.06976744186045,204.06976744186045,100.0,250.0,62,61,INSIDE,CLEAR,False,,,True,100.0,100.0,100.0,False,254.06976744186045,104.06976744186045,254.06976744186045,104.06976744186045,1,200.0,350.0,0,100.0,250.0,ALL_CLEAR,,100.0,,40,ALL_CLEAR,,100.0,,,ALL_CLEAR/PASS
takeoff,takeoff_stage1,takeoff_stage1,takeoff_stage1,TF,1,19,1,1941.607880572076,1941.607880572076,49.785169245426,-66.66666666666666,35.58649018085157,129.08359308316045,35.58633470336138,129.08287972811732,354.06976744186045,204.06976744186045,0,354.06976744186045,204.06976744186045,100.0,250.0,62,61,INSIDE,CLEAR,False,,,True,100.0,100.0,100.0,False,254.06976744186045,104.06976744186045,254.06976744186045,104.06976744186045,1,200.0,350.0,0,100.0,250.0,ALL_CLEAR,,100.0,,40,ALL_CLEAR,,100.0,,,ALL_CLEAR/PASS
takeoff,takeoff_stage1,takeoff_stage1,takeoff_stage1,TF,1,19,1,1941.607880572076,1941.607880572076,49.785169245426,-33.33333333333333,35.58649018085157,129.08359308316045,35.58641244210647,129.0832364056389,354.06976744186045,204.06976744186045,0,354.06976744186045,204.06976744186045,100.0,250.0,62,62,INSIDE,CLEAR,False,,,True,100.0,100.0,100.0,False,254.06976744186045,104.06976744186045,254.06976744186045,104.06976744186045,1,200.0,350.0,0,100.0,250.0,ALL_CLEAR,,100.0,,40,ALL_CLEAR,,100.0,,,ALL_CLEAR/PASS
takeoff,takeoff_stage1,takeoff_stage1,takeoff_stage1,TF,1,19,1,1941.607880572076,1941.607880572076,49.785169245426,0.0,35.58649018085157,129.08359308316045,35.58649018085157,129.08359308316045,354.06976744186045,204.06976744186045,0,354.06976744186045,204.06976744186045,100.0,250.0,62,62,INSIDE,CLEAR,False,,,True,100.0,100.0,100.0,False,254.06976744186045,104.06976744186045,254.06976744186045,104.06976744186045,1,200.0,350.0,0,100.0,250.0,ALL_CLEAR,,100.0,,40,ALL_CLEAR,,100.0,,,ALL_CLEAR/PASS
takeoff,takeoff_stage1,takeoff_stage1,takeoff_stage1,TF,1,19,1,1941.607880572076,1941.607880572076,49.785169245426,33.33333333333334,35.58649018085157,129.08359308316045,35.58656791959667,129.08394976068203,354.06976744186045,204.06976744186045,0,354.06976744186045,204.06976744186045,100.0,250.0,63,62,INSIDE,CLEAR,False,,,True,100.0,100.0,100.0,False,254.06976744186045,104.06976744186045,254.06976744186045,104.06976744186045,1,200.0,350.0,0,100.0,250.0,ALL_CLEAR,,100.0,,40,ALL_CLEAR,,100.0,,,ALL_CLEAR/PASS
takeoff,takeoff_stage1,takeoff_stage1,takeoff_stage1,TF,1,19,1,1941.607880572076,1941.607880572076,49.785169245426,66.66666666666669,35.58649018085157,129.08359308316045,35.58664565834176,129.0843064382036,354.06976744186045,204.06976744186045,0,354.06976744186045,204.06976744186045,100.0,250.0,63,63,INSIDE,CLEAR,False,,,True,100.0,100.0,100.0,False,254.06976744186045,104.06976744186045,254.06976744186045,104.06976744186045,1,200.0,350.0,0,100.0,250.0,ALL_CLEAR,,100.0,,40,ALL_CLEAR,,100.0,,,ALL_CLEAR/PASS
takeoff,takeoff_stage1,takeoff_stage1,takeoff_stage1,TF,1,19,1,1941.607880572076,1941.607880572076,49.785169245426,100.0,35.58649018085157,129.08359308316045,35.58672339708686,129.0846631157252,354.06976744186045,204.06976744186045,0,354.06976744186045,204.06976744186045,100.0,250.0,63,63,INSIDE,CLEAR,False,,,True,100.0,100.0,100.0,False,254.06976744186045,104.06976744186045,254.06976744186045,104.06976744186045,1,200.0,350.0,0,100.0,250.0,ALL_CLEAR,,100.0,,40,ALL_CLEAR,,100.0,,,ALL_CLEAR/PASS
takeoff,takeoff_stage1,takeoff_stage1,takeoff_stage1,TF,1,19,2,1991.393049817502,1991.393049817502,99.570338490852,-100.0,35.58605695471956,129.08373585452355,35.58582373848427,129.08266582195884,359.30232558139534,209.30232558139534,0,359.30232558139534,209.30232558139534,100.0,250.0,62,61,INSIDE,CLEAR,False,,,True,100.0,100.0,100.0,False,259.30232558139534,109.30232558139534,259.30232558139534,109.30232558139534,1,200.0,350.0,0,100.0,250.0,ALL_CLEAR,,100.0,,41,ALL_CLEAR,,100.0,,,ALL_CLEAR/PASS
takeoff,takeoff_stage1,takeoff_stage1,takeoff_stage1,TF,1,19,2,1991.393049817502,1991.393049817502,99.570338490852,-66.66666666666666,35.58605695471956,129.08373585452355,35.58590147722937,129.0830224994804,359.30232558139534,209.30232558139534,0,359.30232558139534,209.30232558139534,100.0,250.0,62,62,INSIDE,CLEAR,False,,,True,100.0,100.0,100.0,False,259.30232558139534,109.30232558139534,259.30232558139534,109.30232558139534,1,200.0,350.0,0,100.0,250.0,ALL_CLEAR,,100.0,,41,ALL_CLEAR,,100.0,,,ALL_CLEAR/PASS
takeoff,takeoff_stage1,takeoff_stage1,takeoff_stage1,TF,1,19,2,1991.393049817502,1991.393049817502,99.570338490852,-33.33333333333333,35.58605695471956,129.08373585452355,35.58597921597446,129.08337917700197,359.30232558139534,209.30232558139534,0,359.30232558139534,209.30232558139534,100.0,250.0,62,62,INSIDE,CLEAR,False,,,True,100.0,100.0,100.0,False,259.30232558139534,109.30232558139534,259.30232558139534,109.30232558139534,1,200.0,350.0,0,100.0,250.0,ALL_CLEAR,,100.0,,41,ALL_CLEAR,,100.0,,,ALL_CLEAR/PASS
takeoff,takeoff_stage1,takeoff_stage1,takeoff_stage1,TF,1,19,2,1991.393049817502,1991.393049817502,99.570338490852,0.0,35.58605695471956,129.08373585452355,35.58605695471956,129.08373585452355,359.30232558139534,209.30232558139534,0,359.30232558139534,209.30232558139534,100.0,250.0,62,62,INSIDE,CLEAR,False,,,True,100.0,100.0,100.0,False,259.30232558139534,109.30232558139534,259.30232558139534,109.30232558139534,1,200.0,350.0,0,100.0,250.0,ALL_CLEAR,,100.0,,41,ALL_CLEAR,,100.0,,,ALL_CLEAR/PASS
takeoff,takeoff_stage1,takeoff_stage1,takeoff_stage1,TF,1,19,2,1991.393049817502,1991.393049817502,99.570338490852,33.33333333333334,35.58605695471956,129.08373585452355,35.58613469346466,129.08409253204513,359.30232558139534,209.30232558139534,0,359.30232558139534,209.30232558139534,100.0,250.0,62,63,INSIDE,CLEAR,False,,,True,100.0,100.0,100.0,False,259.30232558139534,109.30232558139534,259.30232558139534,109.30232558139534,1,200.0,350.0,0,100.0,250.0,ALL_CLEAR,,100.0,,41,ALL_CLEAR,,100.0,,,ALL_CLEAR/PASS
takeoff,takeoff_stage1,takeoff_stage1,takeoff_stage1,TF,1,19,2,1991.393049817502,1991.393049817502,99.570338490852,66.66666666666669,35.58605695471956,129.08373585452355,35.58621243220975,129.0844492095667,359.30232558139534,209.30232558139534,0,359.30232558139534,209.30232558139534,100.0,250.0,62,63,INSIDE,CLEAR,False,,,True,100.0,100.0,100.0,False,259.30232558139534,109.30232558139534,259.30232558139534,109.30232558139534,1,200.0,350.0,0,100.0,250.0,ALL_CLEAR,,100.0,,41,ALL_CLEAR,,100.0,,,ALL_CLEAR/PASS
takeoff,takeoff_stage1,takeoff_stage1,takeoff_stage1,TF,1,19,2,1991.393049817502,1991.393049817502,99.570338490852,100.0,35.58605695471956,129.08373585452355,35.58629017095485,129.08480588708827,359.30232558139534,209.30232558139534,0,359.30232558139534,209.30232558139534,100.0,250.0,62,63,INSIDE,CLEAR,False,,,True,100.0,100.0,100.0,False,259.30232558139534,109.30232558139534,259.30232558139534,109.30232558139534,1,200.0,350.0,0,100.0,250.0,ALL_CLEAR,,100.0,,41,ALL_CLEAR,,100.0,,,ALL_CLEAR/PASS
takeoff,takeoff_stage1,takeoff_stage1,takeoff_stage1,TF,1,20,0,1991.393049817502,1991.393049817502,0.0,-100.0,35.58605695471956,129.08373585452355,35.58582373612974,129.0826658343136,359.30232558139534,209.30232558139534,0,359.30232558139534,209.30232558139534,100.0,250.0,62,61,INSIDE,CLEAR,False,,,True,100.0,100.0,100.0,False,259.30232558139534,109.30232558139534,259.30232558139534,109.30232558139534,1,200.0,350.0,0,100.0,250.0,ALL_CLEAR,,100.0,,41,ALL_CLEAR,,100.0,,,ALL_CLEAR/PASS
takeoff,takeoff_stage1,takeoff_stage1,takeoff_stage1,TF,1,20,0,1991.393049817502,1991.393049817502,0.0,-66.66666666666666,35.58605695471956,129.08373585452355,35.585901475659675,129.0830225077169,359.30232558139534,209.30232558139534,0,359.30232558139534,209.30232558139534,100.0,250.0,62,62,INSIDE,CLEAR,False,,,True,100.0,100.0,100.0,False,259.30232558139534,109.30232558139534,259.30232558139534,109.30232558139534,1,200.0,350.0,0,100.0,250.0,ALL_CLEAR,,100.0,,41,ALL_CLEAR,,100.0,,,ALL_CLEAR/PASS
takeoff,takeoff_stage1,takeoff_stage1,takeoff_stage1,TF,1,20,0,1991.393049817502,1991.393049817502,0.0,-33.33333333333333,35.58605695471956,129.08373585452355,35.58597921518962,129.08337918112022,359.30232558139534,209.30232558139534,0,359.30232558139534,209.30232558139534,100.0,250.0,62,62,INSIDE,CLEAR,False,,,True,100.0,100.0,100.0,False,259.30232558139534,109.30232558139534,259.30232558139534,109.30232558139534,1,200.0,350.0,0,100.0,250.0,ALL_CLEAR,,100.0,,41,ALL_CLEAR,,100.0,,,ALL_CLEAR/PASS
takeoff,takeoff_stage1,takeoff_stage1,takeoff_stage1,TF,1,20,0,1991.393049817502,1991.393049817502,0.0,33.33333333333334,35.58605695471956,129.08373585452355,35.5861346942495,129.08409252792688,359.30232558139534,209.30232558139534,0,359.30232558139534,209.30232558139534,100.0,250.0,62,63,INSIDE,CLEAR,False,,,True,100.0,100.0,100.0,False,259.30232558139534,109.30232558139534,259.30232558139534,109.30232558139534,1,200.0,350.0,0,100.0,250.0,ALL_CLEAR,,100.0,,41,ALL_CLEAR,,100.0,,,ALL_CLEAR/PASS
takeoff,takeoff_stage1,takeoff_stage1,takeoff_stage1,TF,1,20,0,1991.393049817502,1991.393049817502,0.0,66.66666666666669,35.58605695471956,129.08373585452355,35.586212433779444,129.08444920133022,359.30232558139534,209.30232558139534,0,359.30232558139534,209.30232558139534,100.0,250.0,62,63,INSIDE,CLEAR,False,,,True,100.0,100.0,100.0,False,259.30232558139534,109.30232558139534,259.30232558139534,109.30232558139534,1,200.0,350.0,0,100.0,250.0,ALL_CLEAR,,100.0,,41,ALL_CLEAR,,100.0,,,ALL_CLEAR/PASS
takeoff,takeoff_stage1,takeoff_stage1,takeoff_stage1,TF,1,20,0,1991.393049817502,1991.393049817502,0.0,100.0,35.58605695471956,129.08373585452355,35.58629017330938,129.08480587473352,359.30232558139534,209.30232558139534,0,359.30232558139534,209.30232558139534,100.0,250.0,62,63,INSIDE,CLEAR,False,,,True,100.0,100.0,100.0,False,259.30232558139534,109.30232558139534,259.30232558139534,109.30232558139534,1,200.0,350.0,0,100.0,250.0,ALL_CLEAR,,100.0,,41,ALL_CLEAR,,100.0,,,ALL_CLEAR/PASS
takeoff,takeoff_stage1,takeoff_stage1,takeoff_stage1,TF,1,20,1,2041.1782551654153,2041.1782551654153,49.78520534791314,-100.0,35.58562372858755,129.08387862588665,35.58539050999773,129.08280860567666,364.5348837209302,214.53488372093022,0,364.5348837209302,214.53488372093022,100.0,250.0,61,61,INSIDE,CLEAR,False,,,True,100.0,100.0,100.0,False,264.5348837209302,114.53488372093022,264.5348837209302,114.53488372093022,1,200.0,350.0,0,100.0,250.0,ALL_CLEAR,,100.0,,42,ALL_CLEAR,,100.0,,,ALL_CLEAR/PASS
takeoff,takeoff_stage1,takeoff_stage1,takeoff_stage1,TF,1,20,1,2041.1782551654153,2041.1782551654153,49.78520534791314,-66.66666666666666,35.58562372858755,129.08387862588665,35.585468249527665,129.08316527908,364.5348837209302,214.53488372093022,0,364.5348837209302,214.53488372093022,100.0,250.0,61,62,INSIDE,CLEAR,False,,,True,100.0,100.0,100.0,False,264.5348837209302,114.53488372093022,264.5348837209302,114.53488372093022,1,200.0,350.0,0,100.0,250.0,ALL_CLEAR,,100.0,,42,ALL_CLEAR,,100.0,,,ALL_CLEAR/PASS
takeoff,takeoff_stage1,takeoff_stage1,takeoff_stage1,TF,1,20,1,2041.1782551654153,2041.1782551654153,49.78520534791314,-33.33333333333333,35.58562372858755,129.08387862588665,35.58554598905761,129.08352195248332,364.5348837209302,214.53488372093022,0,364.5348837209302,214.53488372093022,100.0,250.0,61,62,INSIDE,CLEAR,False,,,True,100.0,100.0,100.0,False,264.5348837209302,114.53488372093022,264.5348837209302,114.53488372093022,1,200.0,350.0,0,100.0,250.0,ALL_CLEAR,,100.0,,42,ALL_CLEAR,,100.0,,,ALL_CLEAR/PASS
takeoff,takeoff_stage1,takeoff_stage1,takeoff_stage1,TF,1,20,1,2041.1782551654153,2041.1782551654153,49.78520534791314,0.0,35.58562372858755,129.08387862588665,35.58562372858755,129.08387862588663,364.5348837209302,214.53488372093022,0,364.5348837209302,214.53488372093022,100.0,250.0,61,62,INSIDE,CLEAR,False,,,True,100.0,100.0,100.0,False,264.5348837209302,114.53488372093022,264.5348837209302,114.53488372093022,1,200.0,350.0,0,100.0,250.0,ALL_CLEAR,,100.0,,42,ALL_CLEAR,,100.0,,,ALL_CLEAR/PASS
takeoff,takeoff_stage1,takeoff_stage1,takeoff_stage1,TF,1,20,1,2041.1782551654153,2041.1782551654153,49.78520534791314,33.33333333333334,35.58562372858755,129.08387862588665,35.58570146811749,129.08423529928996,364.5348837209302,214.53488372093022,0,364.5348837209302,214.53488372093022,100.0,250.0,62,63,INSIDE,CLEAR,False,,,True,100.0,100.0,100.0,False,264.5348837209302,114.53488372093022,264.5348837209302,114.53488372093022,1,200.0,350.0,0,100.0,250.0,ALL_CLEAR,,100.0,,42,ALL_CLEAR,,100.0,,,ALL_CLEAR/PASS
takeoff,takeoff_stage1,takeoff_stage1,takeoff_stage1,TF,1,20,1,2041.1782551654153,2041.1782551654153,49.78520534791314,66.66666666666669,35.58562372858755,129.08387862588665,35.585779207647434,129.0845919726933,364.5348837209302,214.53488372093022,0,364.5348837209302,214.53488372093022,100.0,250.0,62,63,INSIDE,CLEAR,False,,,True,100.0,100.0,100.0,False,264.5348837209302,114.53488372093022,264.5348837209302,114.53488372093022,1,200.0,350.0,0,100.0,250.0,ALL_CLEAR,,100.0,,42,ALL_CLEAR,,100.0,,,ALL_CLEAR/PASS
takeoff,takeoff_stage1,takeoff_stage1,takeoff_stage1,TF,1,20,1,2041.1782551654153,2041.1782551654153,49.78520534791314,100.0,35.58562372858755,129.08387862588665,35.58585694717737,129.08494864609662,364.5348837209302,214.53488372093022,0,364.5348837209302,214.53488372093022,100.0,250.0,62,63,INSIDE,CLEAR,False,,,True,100.0,100.0,100.0,False,264.5348837209302,114.53488372093022,264.5348837209302,114.53488372093022,1,200.0,350.0,0,100.0,250.0,ALL_CLEAR,,100.0,,42,ALL_CLEAR,,100.0,,,ALL_CLEAR/PASS
takeoff,takeoff_stage1,takeoff_stage1,takeoff_stage1,TF,1,20,2,2090.9634605133283,2090.9634605133283,99.57041069582628,-100.0,35.58519050245554,129.08402139724973,35.58495728386572,129.08295137703976,369.7674418604651,219.7674418604651,0,369.7674418604651,219.7674418604651,100.0,250.0,61,61,INSIDE,CLEAR,False,,,True,100.0,100.0,100.0,False,269.7674418604651,119.76744186046511,269.7674418604651,119.76744186046511,1,200.0,350.0,0,100.0,250.0,ALL_CLEAR,,100.0,,43,ALL_CLEAR,,100.0,,,ALL_CLEAR/PASS
takeoff,takeoff_stage1,takeoff_stage1,takeoff_stage1,TF,1,20,2,2090.9634605133283,2090.9634605133283,99.57041069582628,-66.66666666666666,35.58519050245554,129.08402139724973,35.585035023395655,129.08330805044307,369.7674418604651,219.7674418604651,0,369.7674418604651,219.7674418604651,100.0,250.0,61,62,INSIDE,CLEAR,False,,,True,100.0,100.0,100.0,False,269.7674418604651,119.76744186046511,269.7674418604651,119.76744186046511,1,200.0,350.0,0,100.0,250.0,ALL_CLEAR,,100.0,,43,ALL_CLEAR,,100.0,,,ALL_CLEAR/PASS
takeoff,takeoff_stage1,takeoff_stage1,takeoff_stage1,TF,1,20,2,2090.9634605133283,2090.9634605133283,99.57041069582628,-33.33333333333333,35.58519050245554,129.08402139724973,35.5851127629256,129.0836647238464,369.7674418604651,219.7674418604651,0,369.7674418604651,219.7674418604651,100.0,250.0,61,62,INSIDE,CLEAR,False,,,True,100.0,100.0,100.0,False,269.7674418604651,119.76744186046511,269.7674418604651,119.76744186046511,1,200.0,350.0,0,100.0,250.0,ALL_CLEAR,,100.0,,43,ALL_CLEAR,,100.0,,,ALL_CLEAR/PASS
takeoff,takeoff_stage1,takeoff_stage1,takeoff_stage1,TF,1,20,2,2090.9634605133283,2090.9634605133283,99.57041069582628,0.0,35.58519050245554,129.08402139724973,35.58519050245554,129.08402139724973,369.7674418604651,219.7674418604651,0,369.7674418604651,219.7674418604651,100.0,250.0,61,63,INSIDE,CLEAR,False,,,True,100.0,100.0,100.0,False,269.7674418604651,119.76744186046511,269.7674418604651,119.76744186046511,1,200.0,350.0,0,100.0,250.0,ALL_CLEAR,,100.0,,43,ALL_CLEAR,,100.0,,,ALL_CLEAR/PASS
takeoff,takeoff_stage1,takeoff_stage1,takeoff_stage1,TF,1,20,2,2090.9634605133283,2090.9634605133283,99.57041069582628,33.33333333333334,35.58519050245554,129.08402139724973,35.58526824198548,129.08437807065306,369.7674418604651,219.7674418604651,0,369.7674418604651,219.7674418604651,100.0,250.0,61,63,INSIDE,CLEAR,False,,,True,100.0,100.0,100.0,False,269.7674418604651,119.76744186046511,269.7674418604651,119.76744186046511,1,200.0,350.0,0,100.0,250.0,ALL_CLEAR,,100.0,,43,ALL_CLEAR,,100.0,,,ALL_CLEAR/PASS
takeoff,takeoff_stage1,takeoff_stage1,takeoff_stage1,TF,1,20,2,2090.9634605133283,2090.9634605133283,99.57041069582628,66.66666666666669,35.58519050245554,129.08402139724973,35.585345981515424,129.0847347440564,369.7674418604651,219.7674418604651,0,369.7674418604651,219.7674418604651,100.0,250.0,61,63,INSIDE,CLEAR,False,,,True,100.0,100.0,100.0,False,269.7674418604651,119.76744186046511,269.7674418604651,119.76744186046511,1,200.0,350.0,0,100.0,250.0,ALL_CLEAR,,100.0,,43,ALL_CLEAR,,100.0,,,ALL_CLEAR/PASS
takeoff,takeoff_stage1,takeoff_stage1,takeoff_stage1,TF,1,20,2,2090.9634605133283,2090.9634605133283,99.57041069582628,100.0,35.58519050245554,129.08402139724973,35.58542372104536,129.0850914174597,369.7674418604651,219.7674418604651,0,369.7674418604651,219.7674418604651,100.0,250.0,61,64,INSIDE,CLEAR,False,,,True,100.0,100.0,100.0,False,269.7674418604651,119.76744186046511,269.7674418604651,119.76744186046511,1,200.0,350.0,0,100.0,250.0,ALL_CLEAR,,100.0,,43,ALL_CLEAR,,100.0,,,ALL_CLEAR/PASS
takeoff,takeoff_stage1,takeoff_stage1,takeoff_stage1,TF,1,21,0,2090.9634605133283,2090.9634605133283,0.0,-100.0,35.58519050245554,129.08402139724973,35.58495728151124,129.08295138939397,369.7674418604651,219.7674418604651,0,369.7674418604651,219.7674418604651,100.0,250.0,61,61,INSIDE,CLEAR,False,,,True,100.0,100.0,100.0,False,269.7674418604651,119.76744186046511,269.7674418604651,119.76744186046511,1,200.0,350.0,0,100.0,250.0,ALL_CLEAR,,100.0,,43,ALL_CLEAR,,100.0,,,ALL_CLEAR/PASS
takeoff,takeoff_stage1,takeoff_stage1,takeoff_stage1,TF,1,21,0,2090.9634605133283,2090.9634605133283,0.0,-66.66666666666666,35.58519050245554,129.08402139724973,35.58503502182601,129.08330805867922,369.7674418604651,219.7674418604651,0,369.7674418604651,219.7674418604651,100.0,250.0,61,62,INSIDE,CLEAR,False,,,True,100.0,100.0,100.0,False,269.7674418604651,119.76744186046511,269.7674418604651,119.76744186046511,1,200.0,350.0,0,100.0,250.0,ALL_CLEAR,,100.0,,43,ALL_CLEAR,,100.0,,,ALL_CLEAR/PASS
takeoff,takeoff_stage1,takeoff_stage1,takeoff_stage1,TF,1,21,0,2090.9634605133283,2090.9634605133283,0.0,-33.33333333333333,35.58519050245554,129.08402139724973,35.585112762140774,129.08366472796448,369.7674418604651,219.7674418604651,0,369.7674418604651,219.7674418604651,100.0,250.0,61,62,INSIDE,CLEAR,False,,,True,100.0,100.0,100.0,False,269.7674418604651,119.76744186046511,269.7674418604651,119.76744186046511,1,200.0,350.0,0,100.0,250.0,ALL_CLEAR,,100.0,,43,ALL_CLEAR,,100.0,,,ALL_CLEAR/PASS
takeoff,takeoff_stage1,takeoff_stage1,takeoff_stage1,TF,1,21,0,2090.9634605133283,2090.9634605133283,0.0,33.33333333333334,35.58519050245554,129.08402139724973,35.585268242770304,129.08437806653498,369.7674418604651,219.7674418604651,0,369.7674418604651,219.7674418604651,100.0,250.0,61,63,INSIDE,CLEAR,False,,,True,100.0,100.0,100.0,False,269.7674418604651,119.76744186046511,269.7674418604651,119.76744186046511,1,200.0,350.0,0,100.0,250.0,ALL_CLEAR,,100.0,,43,ALL_CLEAR,,100.0,,,ALL_CLEAR/PASS
takeoff,takeoff_stage1,takeoff_stage1,takeoff_stage1,TF,1,21,0,2090.9634605133283,2090.9634605133283,0.0,66.66666666666669,35.58519050245554,129.08402139724973,35.58534598308507,129.08473473582023,369.7674418604651,219.7674418604651,0,369.7674418604651,219.7674418604651,100.0,250.0,61,63,INSIDE,CLEAR,False,,,True,100.0,100.0,100.0,False,269.7674418604651,119.76744186046511,269.7674418604651,119.76744186046511,1,200.0,350.0,0,100.0,250.0,ALL_CLEAR,,100.0,,43,ALL_CLEAR,,100.0,,,ALL_CLEAR/PASS
takeoff,takeoff_stage1,takeoff_stage1,takeoff_stage1,TF,1,21,0,2090.9634605133283,2090.9634605133283,0.0,100.0,35.58519050245554,129.08402139724973,35.58542372339984,129.0850914051055,369.7674418604651,219.7674418604651,0,369.7674418604651,219.7674418604651,100.0,250.0,61,64,INSIDE,CLEAR,False,,,True,100.0,100.0,100.0,False,269.7674418604651,119.76744186046511,269.7674418604651,119.76744186046511,1,200.0,350.0,0,100.0,250.0,ALL_CLEAR,,100.0,,43,ALL_CLEAR,,100.0,,,ALL_CLEAR/PASS
takeoff,takeoff_stage1,takeoff_stage1,takeoff_stage1,TF,1,21,1,2140.748701963711,2140.748701963711,49.785241450382685,-100.0,35.58475727632353,129.0841641686128,35.58452405537923,129.08309416075707,375.0,225.0,0,375.0,225.0,100.0,250.0,60,62,INSIDE,CLEAR,False,,,True,100.0,100.0,100.0,False,275.0,125.0,275.0,125.0,1,200.0,350.0,0,100.0,250.0,ALL_CLEAR,,100.0,,44,ALL_CLEAR,,100.0,,,ALL_CLEAR/PASS
takeoff,takeoff_stage1,takeoff_stage1,takeoff_stage1,TF,1,21,1,2140.748701963711,2140.748701963711,49.785241450382685,-66.66666666666666,35.58475727632353,129.0841641686128,35.58460179569399,129.08345083004232,375.0,225.0,0,375.0,225.0,100.0,250.0,60,62,INSIDE,CLEAR,False,,,True,100.0,100.0,100.0,False,275.0,125.0,275.0,125.0,1,200.0,350.0,0,100.0,250.0,ALL_CLEAR,,100.0,,44,ALL_CLEAR,,100.0,,,ALL_CLEAR/PASS
takeoff,takeoff_stage1,takeoff_stage1,takeoff_stage1,TF,1,21,1,2140.748701963711,2140.748701963711,49.785241450382685,-33.33333333333333,35.58475727632353,129.0841641686128,35.58467953600876,129.08380749932758,375.0,225.0,0,375.0,225.0,100.0,250.0,60,62,INSIDE,CLEAR,False,,,True,100.0,100.0,100.0,False,275.0,125.0,275.0,125.0,1,200.0,350.0,0,100.0,250.0,ALL_CLEAR,,100.0,,44,ALL_CLEAR,,100.0,,,ALL_CLEAR/PASS
takeoff,takeoff_stage1,takeoff_stage1,takeoff_stage1,TF,1,21,1,2140.748701963711,2140.748701963711,49.785241450382685,0.0,35.58475727632353,129.0841641686128,35.58475727632353,129.0841641686128,375.0,225.0,0,375.0,225.0,100.0,250.0,60,63,INSIDE,CLEAR,False,,,True,100.0,100.0,100.0,False,275.0,125.0,275.0,125.0,1,200.0,350.0,0,100.0,250.0,ALL_CLEAR,,100.0,,44,ALL_CLEAR,,100.0,,,ALL_CLEAR/PASS
takeoff,takeoff_stage1,takeoff_stage1,takeoff_stage1,TF,1,21,1,2140.748701963711,2140.748701963711,49.785241450382685,33.33333333333334,35.58475727632353,129.0841641686128,35.584835016638294,129.08452083789805,375.0,225.0,0,375.0,225.0,100.0,250.0,60,63,INSIDE,CLEAR,False,,,True,100.0,100.0,100.0,False,275.0,125.0,275.0,125.0,1,200.0,350.0,0,100.0,250.0,ALL_CLEAR,,100.0,,44,ALL_CLEAR,,100.0,,,ALL_CLEAR/PASS
takeoff,takeoff_stage1,takeoff_stage1,takeoff_stage1,TF,1,21,1,2140.748701963711,2140.748701963711,49.785241450382685,66.66666666666669,35.58475727632353,129.0841641686128,35.58491275695306,129.0848775071833,375.0,225.0,0,375.0,225.0,100.0,250.0,61,63,INSIDE,CLEAR,False,,,True,100.0,100.0,100.0,False,275.0,125.0,275.0,125.0,1,200.0,350.0,0,100.0,250.0,ALL_CLEAR,,100.0,,44,ALL_CLEAR,,100.0,,,ALL_CLEAR/PASS
takeoff,takeoff_stage1,takeoff_stage1,takeoff_stage1,TF,1,21,1,2140.748701963711,2140.748701963711,49.785241450382685,100.0,35.58475727632353,129.0841641686128,35.584990497267825,129.08523417646856,375.0,225.0,0,375.0,225.0,100.0,250.0,61,64,INSIDE,CLEAR,False,,,True,100.0,100.0,100.0,False,275.0,125.0,275.0,125.0,1,200.0,350.0,0,100.0,250.0,ALL_CLEAR,,100.0,,44,ALL_CLEAR,,100.0,,,ALL_CLEAR/PASS
takeoff,takeoff_stage1,takeoff_stage1,takeoff_stage1,TF,1,21,2,2190.5339434140938,2190.5339434140938,99.57048290076537,-100.0,35.58432405019151,129.0843069399759,35.58409082924721,129.08323693212014,380.2325581395349,230.2325581395349,0,380.2325581395349,230.2325581395349,100.0,250.0,60,62,INSIDE,CLEAR,False,,,True,100.0,100.0,100.0,False,280.2325581395349,130.2325581395349,280.2325581395349,130.2325581395349,1,200.0,350.0,0,100.0,250.0,ALL_CLEAR,,100.0,,45,ALL_CLEAR,,100.0,,,ALL_CLEAR/PASS
takeoff,takeoff_stage1,takeoff_stage1,takeoff_stage1,TF,1,21,2,2190.5339434140938,2190.5339434140938,99.57048290076537,-66.66666666666666,35.58432405019151,129.0843069399759,35.58416856956198,129.0835936014054,380.2325581395349,230.2325581395349,0,380.2325581395349,230.2325581395349,100.0,250.0,60,62,INSIDE,CLEAR,False,,,True,100.0,100.0,100.0,False,280.2325581395349,130.2325581395349,280.2325581395349,130.2325581395349,1,200.0,350.0,0,100.0,250.0,ALL_CLEAR,,100.0,,45,ALL_CLEAR,,100.0,,,ALL_CLEAR/PASS
takeoff,takeoff_stage1,takeoff_stage1,takeoff_stage1,TF,1,21,2,2190.5339434140938,2190.5339434140938,99.57048290076537,-33.33333333333333,35.58432405019151,129.0843069399759,35.58424630987675,129.08395027069065,380.2325581395349,230.2325581395349,0,380.2325581395349,230.2325581395349,100.0,250.0,60,62,INSIDE,CLEAR,False,,,True,100.0,100.0,100.0,False,280.2325581395349,130.2325581395349,280.2325581395349,130.2325581395349,1,200.0,350.0,0,100.0,250.0,ALL_CLEAR,,100.0,,45,ALL_CLEAR,,100.0,,,ALL_CLEAR/PASS
takeoff,takeoff_stage1,takeoff_stage1,takeoff_stage1,TF,1,21,2,2190.5339434140938,2190.5339434140938,99.57048290076537,0.0,35.58432405019151,129.0843069399759,35.58432405019151,129.0843069399759,380.2325581395349,230.2325581395349,0,380.2325581395349,230.2325581395349,100.0,250.0,60,63,INSIDE,CLEAR,False,,,True,100.0,100.0,100.0,False,280.2325581395349,130.2325581395349,280.2325581395349,130.2325581395349,1,200.0,350.0,0,100.0,250.0,ALL_CLEAR,,100.0,,45,ALL_CLEAR,,100.0,,,ALL_CLEAR/PASS
takeoff,takeoff_stage1,takeoff_stage1,takeoff_stage1,TF,1,21,2,2190.5339434140938,2190.5339434140938,99.57048290076537,33.33333333333334,35.58432405019151,129.0843069399759,35.58440179050628,129.08466360926116,380.2325581395349,230.2325581395349,0,380.2325581395349,230.2325581395349,100.0,250.0,60,63,INSIDE,CLEAR,False,,,True,100.0,100.0,100.0,False,280.2325581395349,130.2325581395349,280.2325581395349,130.2325581395349,1,200.0,350.0,0,100.0,250.0,ALL_CLEAR,,100.0,,45,ALL_CLEAR,,100.0,,,ALL_CLEAR/PASS
takeoff,takeoff_stage1,takeoff_stage1,takeoff_stage1,TF,1,21,2,2190.5339434140938,2190.5339434140938,99.57048290076537,66.66666666666669,35.58432405019151,129.0843069399759,35.58447953082104,129.0850202785464,380.2325581395349,230.2325581395349,0,380.2325581395349,230.2325581395349,100.0,250.0,60,64,INSIDE,CLEAR,False,,,True,100.0,100.0,100.0,False,280.2325581395349,130.2325581395349,280.2325581395349,130.2325581395349,1,200.0,350.0,0,100.0,250.0,ALL_CLEAR,,100.0,,45,ALL_CLEAR,,100.0,,,ALL_CLEAR/PASS
takeoff,takeoff_stage1,takeoff_stage1,takeoff_stage1,TF,1,21,2,2190.5339434140938,2190.5339434140938,99.57048290076537,100.0,35.58432405019151,129.0843069399759,35.584557271135814,129.08537694783166,380.2325581395349,230.2325581395349,0,380.2325581395349,230.2325581395349,100.0,250.0,60,64,INSIDE,CLEAR,False,,,True,100.0,100.0,100.0,False,280.2325581395349,130.2325581395349,280.2325581395349,130.2325581395349,1,200.0,350.0,0,100.0,250.0,ALL_CLEAR,,100.0,,45,ALL_CLEAR,,100.0,,,ALL_CLEAR/PASS
takeoff,takeoff_stage1,takeoff_stage1,takeoff_stage1,TF,1,22,0,2190.5339434140938,2190.5339434140938,0.0,-100.0,35.58432405019151,129.0843069399759,35.58409082689278,129.08323694447387,380.2325581395349,230.2325581395349,0,380.2325581395349,230.2325581395349,100.0,250.0,60,62,INSIDE,CLEAR,False,,,True,100.0,100.0,100.0,False,280.2325581395349,130.2325581395349,280.2325581395349,130.2325581395349,1,200.0,350.0,0,100.0,250.0,ALL_CLEAR,,100.0,,45,ALL_CLEAR,,100.0,,,ALL_CLEAR/PASS
takeoff,takeoff_stage1,takeoff_stage1,takeoff_stage1,TF,1,22,0,2190.5339434140938,2190.5339434140938,0.0,-66.66666666666666,35.58432405019151,129.0843069399759,35.584168567992364,129.0835936096412,380.2325581395349,230.2325581395349,0,380.2325581395349,230.2325581395349,100.0,250.0,60,62,INSIDE,CLEAR,False,,,True,100.0,100.0,100.0,False,280.2325581395349,130.2325581395349,280.2325581395349,130.2325581395349,1,200.0,350.0,0,100.0,250.0,ALL_CLEAR,,100.0,,45,ALL_CLEAR,,100.0,,,ALL_CLEAR/PASS
takeoff,takeoff_stage1,takeoff_stage1,takeoff_stage1,TF,1,22,0,2190.5339434140938,2190.5339434140938,0.0,-33.33333333333333,35.58432405019151,129.0843069399759,35.58424630909194,129.08395027480856,380.2325581395349,230.2325581395349,0,380.2325581395349,230.2325581395349,100.0,250.0,60,62,INSIDE,CLEAR,False,,,True,100.0,100.0,100.0,False,280.2325581395349,130.2325581395349,280.2325581395349,130.2325581395349,1,200.0,350.0,0,100.0,250.0,ALL_CLEAR,,100.0,,45,ALL_CLEAR,,100.0,,,ALL_CLEAR/PASS
takeoff,takeoff_stage1,takeoff_stage1,takeoff_stage1,TF,1,22,0,2190.5339434140938,2190.5339434140938,0.0,33.33333333333334,35.58432405019151,129.0843069399759,35.584401791291086,129.08466360514325,380.2325581395349,230.2325581395349,0,380.2325581395349,230.2325581395349,100.0,250.0,60,63,INSIDE,CLEAR,False,,,True,100.0,100.0,100.0,False,280.2325581395349,130.2325581395349,280.2325581395349,130.2325581395349,1,200.0,350.0,0,100.0,250.0,ALL_CLEAR,,100.0,,45,ALL_CLEAR,,100.0,,,ALL_CLEAR/PASS
takeoff,takeoff_stage1,takeoff_stage1,takeoff_stage1,TF,1,22,0,2190.5339434140938,2190.5339434140938,0.0,66.66666666666669,35.58432405019151,129.0843069399759,35.58447953239066,129.0850202703106,380.2325581395349,230.2325581395349,0,380.2325581395349,230.2325581395349,100.0,250.0,60,64,INSIDE,CLEAR,False,,,True,100.0,100.0,100.0,False,280.2325581395349,130.2325581395349,280.2325581395349,130.2325581395349,1,200.0,350.0,0,100.0,250.0,ALL_CLEAR,,100.0,,45,ALL_CLEAR,,100.0,,,ALL_CLEAR/PASS
takeoff,takeoff_stage1,takeoff_stage1,takeoff_stage1,TF,1,22,0,2190.5339434140938,2190.5339434140938,0.0,100.0,35.58432405019151,129.0843069399759,35.58455727349024,129.08537693547794,380.2325581395349,230.2325581395349,0,380.2325581395349,230.2325581395349,100.0,250.0,60,64,INSIDE,CLEAR,False,,,True,100.0,100.0,100.0,False,280.2325581395349,130.2325581395349,280.2325581395349,130.2325581395349,1,200.0,350.0,0,100.0,250.0,ALL_CLEAR,,100.0,,45,ALL_CLEAR,,100.0,,,ALL_CLEAR/PASS
takeoff,takeoff_stage1,takeoff_stage1,takeoff_stage1,TF,1,22,1,2240.3192209657855,2240.3192209657855,49.78527755169187,-100.0,35.5838908240595,129.084449711339,35.58365760076077,129.08337971583694,385.4651162790698,235.46511627906978,0,385.4651162790698,235.46511627906978,100.0,250.0,59,62,INSIDE,CLEAR,False,,,True,100.0,100.0,100.0,False,285.4651162790698,135.46511627906978,285.4651162790698,135.46511627906978,1,200.0,350.0,0,100.0,250.0,ALL_CLEAR,,100.0,,46,ALL_CLEAR,,100.0,,,ALL_CLEAR/PASS
takeoff,takeoff_stage1,takeoff_stage1,takeoff_stage1,TF,1,22,1,2240.3192209657855,2240.3192209657855,49.78527755169187,-66.66666666666666,35.5838908240595,129.084449711339,35.583735341860354,129.0837363810043,385.4651162790698,235.46511627906978,0,385.4651162790698,235.46511627906978,100.0,250.0,59,62,INSIDE,CLEAR,False,,,True,100.0,100.0,100.0,False,285.4651162790698,135.46511627906978,285.4651162790698,135.46511627906978,1,200.0,350.0,0,100.0,250.0,ALL_CLEAR,,100.0,,46,ALL_CLEAR,,100.0,,,ALL_CLEAR/PASS
takeoff,takeoff_stage1,takeoff_stage1,takeoff_stage1,TF,1,22,1,2240.3192209657855,2240.3192209657855,49.78527755169187,-33.33333333333333,35.5838908240595,129.084449711339,35.58381308295993,129.08409304617163,385.4651162790698,235.46511627906978,0,385.4651162790698,235.46511627906978,100.0,250.0,59,63,INSIDE,CLEAR,False,,,True,100.0,100.0,100.0,False,285.4651162790698,135.46511627906978,285.4651162790698,135.46511627906978,1,200.0,350.0,0,100.0,250.0,ALL_CLEAR,,100.0,,46,ALL_CLEAR,,100.0,,,ALL_CLEAR/PASS
takeoff,takeoff_stage1,takeoff_stage1,takeoff_stage1,TF,1,22,1,2240.3192209657855,2240.3192209657855,49.78527755169187,0.0,35.5838908240595,129.084449711339,35.5838908240595,129.084449711339,385.4651162790698,235.46511627906978,0,385.4651162790698,235.46511627906978,100.0,250.0,59,63,INSIDE,CLEAR,False,,,True,100.0,100.0,100.0,False,285.4651162790698,135.46511627906978,285.4651162790698,135.46511627906978,1,200.0,350.0,0,100.0,250.0,ALL_CLEAR,,100.0,,46,ALL_CLEAR,,100.0,,,ALL_CLEAR/PASS
takeoff,takeoff_stage1,takeoff_stage1,takeoff_stage1,TF,1,22,1,2240.3192209657855,2240.3192209657855,49.78527755169187,33.33333333333334,35.5838908240595,129.084449711339,35.583968565159076,129.08480637650635,385.4651162790698,235.46511627906978,0,385.4651162790698,235.46511627906978,100.0,250.0,59,63,INSIDE,CLEAR,False,,,True,100.0,100.0,100.0,False,285.4651162790698,135.46511627906978,285.4651162790698,135.46511627906978,1,200.0,350.0,0,100.0,250.0,ALL_CLEAR,,100.0,,46,ALL_CLEAR,,100.0,,,ALL_CLEAR/PASS
takeoff,takeoff_stage1,takeoff_stage1,takeoff_stage1,TF,1,22,1,2240.3192209657855,2240.3192209657855,49.78527755169187,66.66666666666669,35.5838908240595,129.084449711339,35.58404630625865,129.0851630416737,385.4651162790698,235.46511627906978,0,385.4651162790698,235.46511627906978,100.0,250.0,60,64,INSIDE,CLEAR,False,,,True,100.0,100.0,100.0,False,285.4651162790698,135.46511627906978,285.4651162790698,135.46511627906978,1,200.0,350.0,0,100.0,250.0,ALL_CLEAR,,100.0,,46,ALL_CLEAR,,100.0,,,ALL_CLEAR/PASS
takeoff,takeoff_stage1,takeoff_stage1,takeoff_stage1,TF,1,22,1,2240.3192209657855,2240.3192209657855,49.78527755169187,100.0,35.5838908240595,129.084449711339,35.58412404735823,129.08551970684104,385.4651162790698,235.46511627906978,0,385.4651162790698,235.46511627906978,100.0,250.0,60,64,INSIDE,CLEAR,False,,,True,100.0,100.0,100.0,False,285.4651162790698,135.46511627906978,285.4651162790698,135.46511627906978,1,200.0,350.0,0,100.0,250.0,ALL_CLEAR,,100.0,,46,ALL_CLEAR,,100.0,,,ALL_CLEAR/PASS
takeoff,takeoff_stage1,takeoff_stage1,takeoff_stage1,TF,1,22,2,2290.1044985174776,2290.1044985174776,99.57055510338374,-100.0,35.58345759792749,129.08459248270208,35.58322437462876,129.08352248720004,390.6976744186046,240.6976744186046,0,390.6976744186046,240.6976744186046,100.0,250.0,59,62,INSIDE,CLEAR,False,,,True,100.0,100.0,100.0,False,290.6976744186046,140.6976744186046,290.6976744186046,140.6976744186046,1,200.0,350.0,0,100.0,250.0,ALL_CLEAR,,100.0,,47,ALL_CLEAR,,100.0,,,ALL_CLEAR/PASS
takeoff,takeoff_stage1,takeoff_stage1,takeoff_stage1,TF,1,22,2,2290.1044985174776,2290.1044985174776,99.57055510338374,-66.66666666666666,35.58345759792749,129.08459248270208,35.583302115728344,129.0838791523674,390.6976744186046,240.6976744186046,0,390.6976744186046,240.6976744186046,100.0,250.0,59,62,INSIDE,CLEAR,False,,,True,100.0,100.0,100.0,False,290.6976744186046,140.6976744186046,290.6976744186046,140.6976744186046,1,200.0,350.0,0,100.0,250.0,ALL_CLEAR,,100.0,,47,ALL_CLEAR,,100.0,,,ALL_CLEAR/PASS
takeoff,takeoff_stage1,takeoff_stage1,takeoff_stage1,TF,1,22,2,2290.1044985174776,2290.1044985174776,99.57055510338374,-33.33333333333333,35.58345759792749,129.08459248270208,35.58337985682792,129.08423581753473,390.6976744186046,240.6976744186046,0,390.6976744186046,240.6976744186046,100.0,250.0,59,63,INSIDE,CLEAR,False,,,True,100.0,100.0,100.0,False,290.6976744186046,140.6976744186046,290.6976744186046,140.6976744186046,1,200.0,350.0,0,100.0,250.0,ALL_CLEAR,,100.0,,47,ALL_CLEAR,,100.0,,,ALL_CLEAR/PASS
takeoff,takeoff_stage1,takeoff_stage1,takeoff_stage1,TF,1,22,2,2290.1044985174776,2290.1044985174776,99.57055510338374,0.0,35.58345759792749,129.08459248270208,35.58345759792749,129.08459248270208,390.6976744186046,240.6976744186046,0,390.6976744186046,240.6976744186046,100.0,250.0,59,63,INSIDE,CLEAR,False,,,True,100.0,100.0,100.0,False,290.6976744186046,140.6976744186046,290.6976744186046,140.6976744186046,1,200.0,350.0,0,100.0,250.0,ALL_CLEAR,,100.0,,47,ALL_CLEAR,,100.0,,,ALL_CLEAR/PASS
takeoff,takeoff_stage1,takeoff_stage1,takeoff_stage1,TF,1,22,2,2290.1044985174776,2290.1044985174776,99.57055510338374,33.33333333333334,35.58345759792749,129.08459248270208,35.583535339027065,129.08494914786942,390.6976744186046,240.6976744186046,0,390.6976744186046,240.6976744186046,100.0,250.0,59,63,INSIDE,CLEAR,False,,,True,100.0,100.0,100.0,False,290.6976744186046,140.6976744186046,290.6976744186046,140.6976744186046,1,200.0,350.0,0,100.0,250.0,ALL_CLEAR,,100.0,,47,ALL_CLEAR,,100.0,,,ALL_CLEAR/PASS
takeoff,takeoff_stage1,takeoff_stage1,takeoff_stage1,TF,1,22,2,2290.1044985174776,2290.1044985174776,99.57055510338374,66.66666666666669,35.58345759792749,129.08459248270208,35.58361308012664,129.08530581303677,390.6976744186046,240.6976744186046,0,390.6976744186046,240.6976744186046,100.0,250.0,59,64,INSIDE,CLEAR,False,,,True,100.0,100.0,100.0,False,290.6976744186046,140.6976744186046,290.6976744186046,140.6976744186046,1,200.0,350.0,0,100.0,250.0,ALL_CLEAR,,100.0,,47,ALL_CLEAR,,100.0,,,ALL_CLEAR/PASS
takeoff,takeoff_stage1,takeoff_stage1,takeoff_stage1,TF,1,22,2,2290.1044985174776,2290.1044985174776,99.57055510338374,100.0,35.58345759792749,129.08459248270208,35.58369082122622,129.0856624782041,390.6976744186046,240.6976744186046,0,390.6976744186046,240.6976744186046,100.0,250.0,59,64,INSIDE,CLEAR,False,,,True,100.0,100.0,100.0,False,290.6976744186046,140.6976744186046,290.6976744186046,140.6976744186046,1,200.0,350.0,0,100.0,250.0,ALL_CLEAR,,100.0,,47,ALL_CLEAR,,100.0,,,ALL_CLEAR/PASS
takeoff,takeoff_stage1,takeoff_stage1,takeoff_stage1,TF,1,23,0,2290.1044985174776,2290.1044985174776,0.0,-100.0,35.58345759792749,129.08459248270208,35.583224372274394,129.0835224995532,390.6976744186046,240.6976744186046,0,390.6976744186046,240.6976744186046,100.0,250.0,59,62,INSIDE,CLEAR,False,,,True,100.0,100.0,100.0,False,290.6976744186046,140.6976744186046,290.6976744186046,140.6976744186046,1,200.0,350.0,0,100.0,250.0,ALL_CLEAR,,100.0,,47,ALL_CLEAR,,100.0,,,ALL_CLEAR/PASS
takeoff,takeoff_stage1,takeoff_stage1,takeoff_stage1,TF,1,23,0,2290.1044985174776,2290.1044985174776,0.0,-66.66666666666666,35.58345759792749,129.08459248270208,35.58330211415876,129.08387916060283,390.6976744186046,240.6976744186046,0,390.6976744186046,240.6976744186046,100.0,250.0,59,62,INSIDE,CLEAR,False,,,True,100.0,100.0,100.0,False,290.6976744186046,140.6976744186046,290.6976744186046,140.6976744186046,1,200.0,350.0,0,100.0,250.0,ALL_CLEAR,,100.0,,47,ALL_CLEAR,,100.0,,,ALL_CLEAR/PASS
takeoff,takeoff_stage1,takeoff_stage1,takeoff_stage1,TF,1,23,0,2290.1044985174776,2290.1044985174776,0.0,-33.33333333333333,35.58345759792749,129.08459248270208,35.58337985604312,129.08423582165244,390.6976744186046,240.6976744186046,0,390.6976744186046,240.6976744186046,100.0,250.0,59,63,INSIDE,CLEAR,False,,,True,100.0,100.0,100.0,False,290.6976744186046,140.6976744186046,290.6976744186046,140.6976744186046,1,200.0,350.0,0,100.0,250.0,ALL_CLEAR,,100.0,,47,ALL_CLEAR,,100.0,,,ALL_CLEAR/PASS
takeoff,takeoff_stage1,takeoff_stage1,takeoff_stage1,TF,1,23,0,2290.1044985174776,2290.1044985174776,0.0,33.33333333333334,35.58345759792749,129.08459248270208,35.58353533981186,129.08494914375171,390.6976744186046,240.6976744186046,0,390.6976744186046,240.6976744186046,100.0,250.0,59,63,INSIDE,CLEAR,False,,,True,100.0,100.0,100.0,False,290.6976744186046,140.6976744186046,290.6976744186046,140.6976744186046,1,200.0,350.0,0,100.0,250.0,ALL_CLEAR,,100.0,,47,ALL_CLEAR,,100.0,,,ALL_CLEAR/PASS
takeoff,takeoff_stage1,takeoff_stage1,takeoff_stage1,TF,1,23,0,2290.1044985174776,2290.1044985174776,0.0,66.66666666666669,35.58345759792749,129.08459248270208,35.58361308169622,129.08530580480132,390.6976744186046,240.6976744186046,0,390.6976744186046,240.6976744186046,100.0,250.0,59,64,INSIDE,CLEAR,False,,,True,100.0,100.0,100.0,False,290.6976744186046,140.6976744186046,290.6976744186046,140.6976744186046,1,200.0,350.0,0,100.0,250.0,ALL_CLEAR,,100.0,,47,ALL_CLEAR,,100.0,,,ALL_CLEAR/PASS
takeoff,takeoff_stage1,takeoff_stage1,takeoff_stage1,TF,1,23,0,2290.1044985174776,2290.1044985174776,0.0,100.0,35.58345759792749,129.08459248270208,35.58369082358059,129.08566246585096,390.6976744186046,240.6976744186046,0,390.6976744186046,240.6976744186046,100.0,250.0,59,64,INSIDE,CLEAR,False,,,True,100.0,100.0,100.0,False,290.6976744186046,140.6976744186046,290.6976744186046,140.6976744186046,1,200.0,350.0,0,100.0,250.0,ALL_CLEAR,,100.0,,47,ALL_CLEAR,,100.0,,,ALL_CLEAR/PASS
takeoff,takeoff_stage1,takeoff_stage1,takeoff_stage1,TF,1,23,1,2339.889812170461,2339.889812170461,49.7853136529834,-100.0,35.58302437179548,129.08473525406515,35.582791146142384,129.0836652709163,395.9302325581395,245.9302325581395,0,395.9302325581395,245.9302325581395,100.0,250.0,58,62,INSIDE,CLEAR,False,,,True,100.0,100.0,100.0,False,295.9302325581395,145.9302325581395,295.9302325581395,145.9302325581395,1,200.0,350.0,0,100.0,250.0,ALL_CLEAR,,100.0,,48,ALL_CLEAR,,100.0,,,ALL_CLEAR/PASS
takeoff,takeoff_stage1,takeoff_stage1,takeoff_stage1,TF,1,23,1,2339.889812170461,2339.889812170461,49.7853136529834,-66.66666666666666,35.58302437179548,129.08473525406515,35.58286888802675,129.0840219319659,395.9302325581395,245.9302325581395,0,395.9302325581395,245.9302325581395,100.0,250.0,58,63,INSIDE,CLEAR,False,,,True,100.0,100.0,100.0,False,295.9302325581395,145.9302325581395,295.9302325581395,145.9302325581395,1,200.0,350.0,0,100.0,250.0,ALL_CLEAR,,100.0,,48,ALL_CLEAR,,100.0,,,ALL_CLEAR/PASS
takeoff,takeoff_stage1,takeoff_stage1,takeoff_stage1,TF,1,23,1,2339.889812170461,2339.889812170461,49.7853136529834,-33.33333333333333,35.58302437179548,129.08473525406515,35.58294662991111,129.08437859301554,395.9302325581395,245.9302325581395,0,395.9302325581395,245.9302325581395,100.0,250.0,58,63,INSIDE,CLEAR,False,,,True,100.0,100.0,100.0,False,295.9302325581395,145.9302325581395,295.9302325581395,145.9302325581395,1,200.0,350.0,0,100.0,250.0,ALL_CLEAR,,100.0,,48,ALL_CLEAR,,100.0,,,ALL_CLEAR/PASS
takeoff,takeoff_stage1,takeoff_stage1,takeoff_stage1,TF,1,23,1,2339.889812170461,2339.889812170461,49.7853136529834,0.0,35.58302437179548,129.08473525406515,35.58302437179548,129.08473525406518,395.9302325581395,245.9302325581395,0,395.9302325581395,245.9302325581395,100.0,250.0,58,63,INSIDE,CLEAR,False,,,True,100.0,100.0,100.0,False,295.9302325581395,145.9302325581395,295.9302325581395,145.9302325581395,1,200.0,350.0,0,100.0,250.0,ALL_CLEAR,,100.0,,48,ALL_CLEAR,,100.0,,,ALL_CLEAR/PASS
takeoff,takeoff_stage1,takeoff_stage1,takeoff_stage1,TF,1,23,1,2339.889812170461,2339.889812170461,49.7853136529834,33.33333333333334,35.58302437179548,129.08473525406515,35.58310211367985,129.0850919151148,395.9302325581395,245.9302325581395,0,395.9302325581395,245.9302325581395,100.0,250.0,58,64,INSIDE,CLEAR,False,,,True,100.0,100.0,100.0,False,295.9302325581395,145.9302325581395,295.9302325581395,145.9302325581395,1,200.0,350.0,0,100.0,250.0,ALL_CLEAR,,100.0,,48,ALL_CLEAR,,100.0,,,ALL_CLEAR/PASS
takeoff,takeoff_stage1,takeoff_stage1,takeoff_stage1,TF,1,23,1,2339.889812170461,2339.889812170461,49.7853136529834,66.66666666666669,35.58302437179548,129.08473525406515,35.58317985556421,129.08544857616442,395.9302325581395,245.9302325581395,0,395.9302325581395,245.9302325581395,100.0,250.0,58,64,INSIDE,CLEAR,False,,,True,100.0,100.0,100.0,False,295.9302325581395,145.9302325581395,295.9302325581395,145.9302325581395,1,200.0,350.0,0,100.0,250.0,ALL_CLEAR,,100.0,,48,ALL_CLEAR,,100.0,,,ALL_CLEAR/PASS
takeoff,takeoff_stage1,takeoff_stage1,takeoff_stage1,TF,1,23,1,2339.889812170461,2339.889812170461,49.7853136529834,100.0,35.58302437179548,129.08473525406515,35.58325759744858,129.08580523721403,395.9302325581395,245.9302325581395,0,395.9302325581395,245.9302325581395,100.0,250.0,59,64,INSIDE,CLEAR,False,,,True,100.0,100.0,100.0,False,295.9302325581395,145.9302325581395,295.9302325581395,145.9302325581395,1,200.0,350.0,0,100.0,250.0,ALL_CLEAR,,100.0,,48,ALL_CLEAR,,100.0,,,ALL_CLEAR/PASS
takeoff,takeoff_stage1,takeoff_stage1,takeoff_stage1,TF,1,23,2,2389.6751258234444,2389.6751258234444,99.5706273059668,-100.0,35.58259114566347,129.08487802542825,35.582357920010374,129.08380804227937,401.1627906976744,251.16279069767438,0,401.1627906976744,251.16279069767438,100.0,250.0,57,62,INSIDE,CLEAR,False,,,True,100.0,100.0,100.0,False,301.1627906976744,151.16279069767438,301.1627906976744,151.16279069767438,1,200.0,350.0,0,100.0,250.0,ALL_CLEAR,,100.0,,49,ALL_CLEAR,,100.0,,,ALL_CLEAR/PASS
takeoff,takeoff_stage1,takeoff_stage1,takeoff_stage1,TF,1,23,2,2389.6751258234444,2389.6751258234444,99.5706273059668,-66.66666666666666,35.58259114566347,129.08487802542825,35.58243566189474,129.084164703329,401.1627906976744,251.16279069767438,0,401.1627906976744,251.16279069767438,100.0,250.0,58,63,INSIDE,CLEAR,False,,,True,100.0,100.0,100.0,False,301.1627906976744,151.16279069767438,301.1627906976744,151.16279069767438,1,200.0,350.0,0,100.0,250.0,ALL_CLEAR,,100.0,,49,ALL_CLEAR,,100.0,,,ALL_CLEAR/PASS
takeoff,takeoff_stage1,takeoff_stage1,takeoff_stage1,TF,1,23,2,2389.6751258234444,2389.6751258234444,99.5706273059668,-33.33333333333333,35.58259114566347,129.08487802542825,35.5825134037791,129.08452136437862,401.1627906976744,251.16279069767438,0,401.1627906976744,251.16279069767438,100.0,250.0,58,63,INSIDE,CLEAR,False,,,True,100.0,100.0,100.0,False,301.1627906976744,151.16279069767438,301.1627906976744,151.16279069767438,1,200.0,350.0,0,100.0,250.0,ALL_CLEAR,,100.0,,49,ALL_CLEAR,,100.0,,,ALL_CLEAR/PASS
takeoff,takeoff_stage1,takeoff_stage1,takeoff_stage1,TF,1,23,2,2389.6751258234444,2389.6751258234444,99.5706273059668,0.0,35.58259114566347,129.08487802542825,35.58259114566347,129.08487802542825,401.1627906976744,251.16279069767438,0,401.1627906976744,251.16279069767438,100.0,250.0,58,63,INSIDE,CLEAR,False,,,True,100.0,100.0,100.0,False,301.1627906976744,151.16279069767438,301.1627906976744,151.16279069767438,1,200.0,350.0,0,100.0,250.0,ALL_CLEAR,,100.0,,49,ALL_CLEAR,,100.0,,,ALL_CLEAR/PASS
takeoff,takeoff_stage1,takeoff_stage1,takeoff_stage1,TF,1,23,2,2389.6751258234444,2389.6751258234444,99.5706273059668,33.33333333333334,35.58259114566347,129.08487802542825,35.58266888754784,129.0852346864779,401.1627906976744,251.16279069767438,0,401.1627906976744,251.16279069767438,100.0,250.0,58,64,INSIDE,CLEAR,False,,,True,100.0,100.0,100.0,False,301.1627906976744,151.16279069767438,301.1627906976744,151.16279069767438,1,200.0,350.0,0,100.0,250.0,ALL_CLEAR,,100.0,,49,ALL_CLEAR,,100.0,,,ALL_CLEAR/PASS
takeoff,takeoff_stage1,takeoff_stage1,takeoff_stage1,TF,1,23,2,2389.6751258234444,2389.6751258234444,99.5706273059668,66.66666666666669,35.58259114566347,129.08487802542825,35.5827466294322,129.0855913475275,401.1627906976744,251.16279069767438,0,401.1627906976744,251.16279069767438,100.0,250.0,58,64,INSIDE,CLEAR,False,,,True,100.0,100.0,100.0,False,301.1627906976744,151.16279069767438,301.1627906976744,151.16279069767438,1,200.0,350.0,0,100.0,250.0,ALL_CLEAR,,100.0,,49,ALL_CLEAR,,100.0,,,ALL_CLEAR/PASS
takeoff,takeoff_stage1,takeoff_stage1,takeoff_stage1,TF,1,23,2,2389.6751258234444,2389.6751258234444,99.5706273059668,100.0,35.58259114566347,129.08487802542825,35.58282437131657,129.08594800857713,401.1627906976744,251.16279069767438,0,401.1627906976744,251.16279069767438,100.0,250.0,58,64,INSIDE,CLEAR,False,,,True,100.0,100.0,100.0,False,301.1627906976744,151.16279069767438,301.1627906976744,151.16279069767438,1,200.0,350.0,0,100.0,250.0,ALL_CLEAR,,100.0,,49,ALL_CLEAR,,100.0,,,ALL_CLEAR/PASS
takeoff,takeoff_stage1,takeoff_stage1,takeoff_stage1,TF,1,24,0,2389.6751258234444,2389.6751258234444,0.0,-100.0,35.58259114566347,129.08487802542825,35.58235791765606,129.08380805463204,401.1627906976744,251.16279069767438,0,401.1627906976744,251.16279069767438,100.0,250.0,57,62,INSIDE,CLEAR,False,,,True,100.0,100.0,100.0,False,301.1627906976744,151.16279069767438,301.1627906976744,151.16279069767438,1,200.0,350.0,0,100.0,250.0,ALL_CLEAR,,100.0,,49,ALL_CLEAR,,100.0,,,ALL_CLEAR/PASS
takeoff,takeoff_stage1,takeoff_stage1,takeoff_stage1,TF,1,24,0,2389.6751258234444,2389.6751258234444,0.0,-66.66666666666666,35.58259114566347,129.08487802542825,35.582435660325196,129.0841647115641,401.1627906976744,251.16279069767438,0,401.1627906976744,251.16279069767438,100.0,250.0,58,63,INSIDE,CLEAR,False,,,True,100.0,100.0,100.0,False,301.1627906976744,151.16279069767438,301.1627906976744,151.16279069767438,1,200.0,350.0,0,100.0,250.0,ALL_CLEAR,,100.0,,49,ALL_CLEAR,,100.0,,,ALL_CLEAR/PASS
takeoff,takeoff_stage1,takeoff_stage1,takeoff_stage1,TF,1,24,0,2389.6751258234444,2389.6751258234444,0.0,-33.33333333333333,35.58259114566347,129.08487802542825,35.58251340299434,129.08452136849618,401.1627906976744,251.16279069767438,0,401.1627906976744,251.16279069767438,100.0,250.0,58,63,INSIDE,CLEAR,False,,,True,100.0,100.0,100.0,False,301.1627906976744,151.16279069767438,301.1627906976744,151.16279069767438,1,200.0,350.0,0,100.0,250.0,ALL_CLEAR,,100.0,,49,ALL_CLEAR,,100.0,,,ALL_CLEAR/PASS
takeoff,takeoff_stage1,takeoff_stage1,takeoff_stage1,TF,1,24,0,2389.6751258234444,2389.6751258234444,0.0,33.33333333333334,35.58259114566347,129.08487802542825,35.582668888332606,129.08523468236032,401.1627906976744,251.16279069767438,0,401.1627906976744,251.16279069767438,100.0,250.0,58,64,INSIDE,CLEAR,False,,,True,100.0,100.0,100.0,False,301.1627906976744,151.16279069767438,301.1627906976744,151.16279069767438,1,200.0,350.0,0,100.0,250.0,ALL_CLEAR,,100.0,,49,ALL_CLEAR,,100.0,,,ALL_CLEAR/PASS
takeoff,takeoff_stage1,takeoff_stage1,takeoff_stage1,TF,1,24,0,2389.6751258234444,2389.6751258234444,0.0,66.66666666666669,35.58259114566347,129.08487802542825,35.58274663100175,129.0855913392924,401.1627906976744,251.16279069767438,0,401.1627906976744,251.16279069767438,100.0,250.0,58,64,INSIDE,CLEAR,False,,,True,100.0,100.0,100.0,False,301.1627906976744,151.16279069767438,301.1627906976744,151.16279069767438,1,200.0,350.0,0,100.0,250.0,ALL_CLEAR,,100.0,,49,ALL_CLEAR,,100.0,,,ALL_CLEAR/PASS
takeoff,takeoff_stage1,takeoff_stage1,takeoff_stage1,TF,1,24,0,2389.6751258234444,2389.6751258234444,0.0,100.0,35.58259114566347,129.08487802542825,35.58282437367088,129.08594799622446,401.1627906976744,251.16279069767438,0,401.1627906976744,251.16279069767438,100.0,250.0,58,64,INSIDE,CLEAR,False,,,True,100.0,100.0,100.0,False,301.1627906976744,151.16279069767438,301.1627906976744,151.16279069767438,1,200.0,350.0,0,100.0,250.0,ALL_CLEAR,,100.0,,49,ALL_CLEAR,,100.0,,,ALL_CLEAR/PASS
takeoff,takeoff_stage1,takeoff_stage1,takeoff_stage1,TF,1,24,1,2439.4604755773207,2439.4604755773207,49.78534975387631,-100.0,35.58215791953146,129.08502079679135,35.58192469152405,129.08395082599515,406.3953488372093,256.3953488372093,0,406.3953488372093,256.3953488372093,100.0,250.0,57,62,INSIDE,CLEAR,False,,,True,100.0,100.0,100.0,False,306.3953488372093,156.39534883720933,306.3953488372093,156.39534883720933,1,200.0,350.0,0,100.0,250.0,ALL_CLEAR,,100.0,,50,ALL_CLEAR,,100.0,,,ALL_CLEAR/PASS
takeoff,takeoff_stage1,takeoff_stage1,takeoff_stage1,TF,1,24,1,2439.4604755773207,2439.4604755773207,49.78534975387631,-66.66666666666666,35.58215791953146,129.08502079679135,35.582002434193186,129.08430748292722,406.3953488372093,256.3953488372093,0,406.3953488372093,256.3953488372093,100.0,250.0,57,63,INSIDE,CLEAR,False,,,True,100.0,100.0,100.0,False,306.3953488372093,156.39534883720933,306.3953488372093,156.39534883720933,1,200.0,350.0,0,100.0,250.0,ALL_CLEAR,,100.0,,50,ALL_CLEAR,,100.0,,,ALL_CLEAR/PASS
takeoff,takeoff_stage1,takeoff_stage1,takeoff_stage1,TF,1,24,1,2439.4604755773207,2439.4604755773207,49.78534975387631,-33.33333333333333,35.58215791953146,129.08502079679135,35.58208017686233,129.08466413985929,406.3953488372093,256.3953488372093,0,406.3953488372093,256.3953488372093,100.0,250.0,57,63,INSIDE,CLEAR,False,,,True,100.0,100.0,100.0,False,306.3953488372093,156.39534883720933,306.3953488372093,156.39534883720933,1,200.0,350.0,0,100.0,250.0,ALL_CLEAR,,100.0,,50,ALL_CLEAR,,100.0,,,ALL_CLEAR/PASS
takeoff,takeoff_stage1,takeoff_stage1,takeoff_stage1,TF,1,24,1,2439.4604755773207,2439.4604755773207,49.78534975387631,0.0,35.58215791953146,129.08502079679135,35.58215791953146,129.08502079679135,406.3953488372093,256.3953488372093,0,406.3953488372093,256.3953488372093,100.0,250.0,57,64,INSIDE,CLEAR,False,,,True,100.0,100.0,100.0,False,306.3953488372093,156.39534883720933,306.3953488372093,156.39534883720933,1,200.0,350.0,0,100.0,250.0,ALL_CLEAR,,100.0,,50,ALL_CLEAR,,100.0,,,ALL_CLEAR/PASS
takeoff,takeoff_stage1,takeoff_stage1,takeoff_stage1,TF,1,24,1,2439.4604755773207,2439.4604755773207,49.78534975387631,33.33333333333334,35.58215791953146,129.08502079679135,35.582235662200596,129.0853774537234,406.3953488372093,256.3953488372093,0,406.3953488372093,256.3953488372093,100.0,250.0,57,64,INSIDE,CLEAR,False,,,True,100.0,100.0,100.0,False,306.3953488372093,156.39534883720933,306.3953488372093,156.39534883720933,1,200.0,350.0,0,100.0,250.0,ALL_CLEAR,,100.0,,50,ALL_CLEAR,,100.0,,,ALL_CLEAR/PASS
takeoff,takeoff_stage1,takeoff_stage1,takeoff_stage1,TF,1,24,1,2439.4604755773207,2439.4604755773207,49.78534975387631,66.66666666666669,35.58215791953146,129.08502079679135,35.58231340486974,129.08573411065547,406.3953488372093,256.3953488372093,0,406.3953488372093,256.3953488372093,100.0,250.0,57,64,INSIDE,CLEAR,False,,,True,100.0,100.0,100.0,False,306.3953488372093,156.39534883720933,306.3953488372093,156.39534883720933,1,200.0,350.0,0,100.0,250.0,ALL_CLEAR,,100.0,,50,ALL_CLEAR,,100.0,,,ALL_CLEAR/PASS
takeoff,takeoff_stage1,takeoff_stage1,takeoff_stage1,TF,1,24,1,2439.4604755773207,2439.4604755773207,49.78534975387631,100.0,35.58215791953146,129.08502079679135,35.58239114753887,129.08609076758754,406.3953488372093,256.3953488372093,0,406.3953488372093,256.3953488372093,100.0,250.0,58,65,INSIDE,CLEAR,False,,,True,100.0,100.0,100.0,False,306.3953488372093,156.39534883720933,306.3953488372093,156.39534883720933,1,200.0,350.0,0,100.0,250.0,ALL_CLEAR,,100.0,,50,ALL_CLEAR,,100.0,,,ALL_CLEAR/PASS
takeoff,takeoff_stage1,takeoff_stage1,takeoff_stage1,TF,1,24,2,2489.245825331197,2489.245825331197,99.57069950775262,-100.0,35.58172469339945,129.08516356815443,35.58149146539204,129.08409359735822,411.6279069767442,261.6279069767442,0,411.6279069767442,261.6279069767442,100.0,250.0,56,63,INSIDE,CLEAR,False,,,True,100.0,100.0,100.0,False,311.6279069767442,161.6279069767442,311.6279069767442,161.6279069767442,1,200.0,350.0,0,100.0,250.0,ALL_CLEAR,,100.0,,51,ALL_CLEAR,,100.0,,,ALL_CLEAR/PASS
takeoff,takeoff_stage1,takeoff_stage1,takeoff_stage1,TF,1,24,2,2489.245825331197,2489.245825331197,99.57069950775262,-66.66666666666666,35.58172469339945,129.08516356815443,35.581569208061175,129.0844502542903,411.6279069767442,261.6279069767442,0,411.6279069767442,261.6279069767442,100.0,250.0,57,63,INSIDE,CLEAR,False,,,True,100.0,100.0,100.0,False,311.6279069767442,161.6279069767442,311.6279069767442,161.6279069767442,1,200.0,350.0,0,100.0,250.0,ALL_CLEAR,,100.0,,51,ALL_CLEAR,,100.0,,,ALL_CLEAR/PASS
takeoff,takeoff_stage1,takeoff_stage1,takeoff_stage1,TF,1,24,2,2489.245825331197,2489.245825331197,99.57069950775262,-33.33333333333333,35.58172469339945,129.08516356815443,35.58164695073032,129.08480691122236,411.6279069767442,261.6279069767442,0,411.6279069767442,261.6279069767442,100.0,250.0,57,63,INSIDE,CLEAR,False,,,True,100.0,100.0,100.0,False,311.6279069767442,161.6279069767442,311.6279069767442,161.6279069767442,1,200.0,350.0,0,100.0,250.0,ALL_CLEAR,,100.0,,51,ALL_CLEAR,,100.0,,,ALL_CLEAR/PASS
takeoff,takeoff_stage1,takeoff_stage1,takeoff_stage1,TF,1,24,2,2489.245825331197,2489.245825331197,99.57069950775262,0.0,35.58172469339945,129.08516356815443,35.58172469339945,129.08516356815443,411.6279069767442,261.6279069767442,0,411.6279069767442,261.6279069767442,100.0,250.0,57,64,INSIDE,CLEAR,False,,,True,100.0,100.0,100.0,False,311.6279069767442,161.6279069767442,311.6279069767442,161.6279069767442,1,200.0,350.0,0,100.0,250.0,ALL_CLEAR,,100.0,,51,ALL_CLEAR,,100.0,,,ALL_CLEAR/PASS
takeoff,takeoff_stage1,takeoff_stage1,takeoff_stage1,TF,1,24,2,2489.245825331197,2489.245825331197,99.57069950775262,33.33333333333334,35.58172469339945,129.08516356815443,35.581802436068585,129.0855202250865,411.6279069767442,261.6279069767442,0,411.6279069767442,261.6279069767442,100.0,250.0,57,64,INSIDE,CLEAR,False,,,True,100.0,100.0,100.0,False,311.6279069767442,161.6279069767442,311.6279069767442,161.6279069767442,1,200.0,350.0,0,100.0,250.0,ALL_CLEAR,,100.0,,51,ALL_CLEAR,,100.0,,,ALL_CLEAR/PASS
takeoff,takeoff_stage1,takeoff_stage1,takeoff_stage1,TF,1,24,2,2489.245825331197,2489.245825331197,99.57069950775262,66.66666666666669,35.58172469339945,129.08516356815443,35.58188017873773,129.08587688201857,411.6279069767442,261.6279069767442,0,411.6279069767442,261.6279069767442,100.0,250.0,57,64,INSIDE,CLEAR,False,,,True,100.0,100.0,100.0,False,311.6279069767442,161.6279069767442,311.6279069767442,161.6279069767442,1,200.0,350.0,0,100.0,250.0,ALL_CLEAR,,100.0,,51,ALL_CLEAR,,100.0,,,ALL_CLEAR/PASS
takeoff,takeoff_stage1,takeoff_stage1,takeoff_stage1,TF,1,24,2,2489.245825331197,2489.245825331197,99.57069950775262,100.0,35.58172469339945,129.08516356815443,35.58195792140686,129.08623353895064,411.6279069767442,261.6279069767442,0,411.6279069767442,261.6279069767442,100.0,250.0,57,65,INSIDE,CLEAR,False,,,True,100.0,100.0,100.0,False,311.6279069767442,161.6279069767442,311.6279069767442,161.6279069767442,1,200.0,350.0,0,100.0,250.0,ALL_CLEAR,,100.0,,51,ALL_CLEAR,,100.0,,,ALL_CLEAR/PASS
takeoff,takeoff_stage1,takeoff_stage1,takeoff_stage1,TF,1,25,0,2489.245825331197,2489.245825331197,0.0,-100.0,35.58172469339945,129.08516356815443,35.58149146303776,129.08409360971035,411.6279069767442,261.6279069767442,0,411.6279069767442,261.6279069767442,100.0,250.0,56,63,INSIDE,CLEAR,False,,,True,100.0,100.0,100.0,False,311.6279069767442,161.6279069767442,311.6279069767442,161.6279069767442,1,200.0,350.0,0,100.0,250.0,ALL_CLEAR,,100.0,,51,ALL_CLEAR,,100.0,,,ALL_CLEAR/PASS
takeoff,takeoff_stage1,takeoff_stage1,takeoff_stage1,TF,1,25,0,2489.245825331197,2489.245825331197,0.0,-66.66666666666666,35.58172469339945,129.08516356815443,35.58156920649166,129.08445026252505,411.6279069767442,261.6279069767442,0,411.6279069767442,261.6279069767442,100.0,250.0,57,63,INSIDE,CLEAR,False,,,True,100.0,100.0,100.0,False,311.6279069767442,161.6279069767442,311.6279069767442,161.6279069767442,1,200.0,350.0,0,100.0,250.0,ALL_CLEAR,,100.0,,51,ALL_CLEAR,,100.0,,,ALL_CLEAR/PASS
takeoff,takeoff_stage1,takeoff_stage1,takeoff_stage1,TF,1,25,0,2489.245825331197,2489.245825331197,0.0,-33.33333333333333,35.58172469339945,129.08516356815443,35.58164694994555,129.08480691533973,411.6279069767442,261.6279069767442,0,411.6279069767442,261.6279069767442,100.0,250.0,57,63,INSIDE,CLEAR,False,,,True,100.0,100.0,100.0,False,311.6279069767442,161.6279069767442,311.6279069767442,161.6279069767442,1,200.0,350.0,0,100.0,250.0,ALL_CLEAR,,100.0,,51,ALL_CLEAR,,100.0,,,ALL_CLEAR/PASS
takeoff,takeoff_stage1,takeoff_stage1,takeoff_stage1,TF,1,25,0,2489.245825331197,2489.245825331197,0.0,33.33333333333334,35.58172469339945,129.08516356815443,35.58180243685335,129.08552022096913,411.6279069767442,261.6279069767442,0,411.6279069767442,261.6279069767442,100.0,250.0,57,64,INSIDE,CLEAR,False,,,True,100.0,100.0,100.0,False,311.6279069767442,161.6279069767442,311.6279069767442,161.6279069767442,1,200.0,350.0,0,100.0,250.0,ALL_CLEAR,,100.0,,51,ALL_CLEAR,,100.0,,,ALL_CLEAR/PASS
takeoff,takeoff_stage1,takeoff_stage1,takeoff_stage1,TF,1,25,0,2489.245825331197,2489.245825331197,0.0,66.66666666666669,35.58172469339945,129.08516356815443,35.581880180307245,129.0858768737838,411.6279069767442,261.6279069767442,0,411.6279069767442,261.6279069767442,100.0,250.0,57,64,INSIDE,CLEAR,False,,,True,100.0,100.0,100.0,False,311.6279069767442,161.6279069767442,311.6279069767442,161.6279069767442,1,200.0,350.0,0,100.0,250.0,ALL_CLEAR,,100.0,,51,ALL_CLEAR,,100.0,,,ALL_CLEAR/PASS
takeoff,takeoff_stage1,takeoff_stage1,takeoff_stage1,TF,1,25,0,2489.245825331197,2489.245825331197,0.0,100.0,35.58172469339945,129.08516356815443,35.581957923761145,129.0862335265985,411.6279069767442,261.6279069767442,0,411.6279069767442,261.6279069767442,100.0,250.0,57,65,INSIDE,CLEAR,False,,,True,100.0,100.0,100.0,False,311.6279069767442,161.6279069767442,311.6279069767442,161.6279069767442,1,200.0,350.0,0,100.0,250.0,ALL_CLEAR,,100.0,,51,ALL_CLEAR,,100.0,,,ALL_CLEAR/PASS
takeoff,takeoff_stage1,takeoff_stage1,takeoff_stage1,TF,1,25,1,2539.0312111859,2539.0312111859,49.78538585470272,-100.0,35.58129146726744,129.08530633951753,35.58105823690575,129.08423638107345,416.8604651162791,266.8604651162791,0,416.8604651162791,266.8604651162791,100.0,250.0,56,63,INSIDE,CLEAR,False,,,True,100.0,100.0,100.0,False,316.8604651162791,166.8604651162791,316.8604651162791,166.8604651162791,1,200.0,350.0,0,100.0,250.0,ALL_CLEAR,,100.0,,52,ALL_CLEAR,,100.0,,,ALL_CLEAR/PASS
takeoff,takeoff_stage1,takeoff_stage1,takeoff_stage1,TF,1,25,1,2539.0312111859,2539.0312111859,49.78538585470272,-66.66666666666666,35.58129146726744,129.08530633951753,35.58113598035965,129.08459303388815,416.8604651162791,266.8604651162791,0,416.8604651162791,266.8604651162791,100.0,250.0,56,63,INSIDE,CLEAR,False,,,True,100.0,100.0,100.0,False,316.8604651162791,166.8604651162791,316.8604651162791,166.8604651162791,1,200.0,350.0,0,100.0,250.0,ALL_CLEAR,,100.0,,52,ALL_CLEAR,,100.0,,,ALL_CLEAR/PASS
takeoff,takeoff_stage1,takeoff_stage1,takeoff_stage1,TF,1,25,1,2539.0312111859,2539.0312111859,49.78538585470272,-33.33333333333333,35.58129146726744,129.08530633951753,35.58121372381354,129.08494968670283,416.8604651162791,266.8604651162791,0,416.8604651162791,266.8604651162791,100.0,250.0,56,63,INSIDE,CLEAR,False,,,True,100.0,100.0,100.0,False,316.8604651162791,166.8604651162791,316.8604651162791,166.8604651162791,1,200.0,350.0,0,100.0,250.0,ALL_CLEAR,,100.0,,52,ALL_CLEAR,,100.0,,,ALL_CLEAR/PASS
takeoff,takeoff_stage1,takeoff_stage1,takeoff_stage1,TF,1,25,1,2539.0312111859,2539.0312111859,49.78538585470272,0.0,35.58129146726744,129.08530633951753,35.58129146726744,129.08530633951753,416.8604651162791,266.8604651162791,0,416.8604651162791,266.8604651162791,100.0,250.0,56,64,INSIDE,CLEAR,False,,,True,100.0,100.0,100.0,False,316.8604651162791,166.8604651162791,316.8604651162791,166.8604651162791,1,200.0,350.0,0,100.0,250.0,ALL_CLEAR,,100.0,,52,ALL_CLEAR,,100.0,,,ALL_CLEAR/PASS
takeoff,takeoff_stage1,takeoff_stage1,takeoff_stage1,TF,1,25,1,2539.0312111859,2539.0312111859,49.78538585470272,33.33333333333334,35.58129146726744,129.08530633951753,35.58136921072134,129.08566299233223,416.8604651162791,266.8604651162791,0,416.8604651162791,266.8604651162791,100.0,250.0,56,64,INSIDE,CLEAR,False,,,True,100.0,100.0,100.0,False,316.8604651162791,166.8604651162791,316.8604651162791,166.8604651162791,1,200.0,350.0,0,100.0,250.0,ALL_CLEAR,,100.0,,52,ALL_CLEAR,,100.0,,,ALL_CLEAR/PASS
takeoff,takeoff_stage1,takeoff_stage1,takeoff_stage1,TF,1,25,1,2539.0312111859,2539.0312111859,49.78538585470272,66.66666666666669,35.58129146726744,129.08530633951753,35.581446954175235,129.0860196451469,416.8604651162791,266.8604651162791,0,416.8604651162791,266.8604651162791,100.0,250.0,56,64,INSIDE,CLEAR,False,,,True,100.0,100.0,100.0,False,316.8604651162791,166.8604651162791,316.8604651162791,166.8604651162791,1,200.0,350.0,0,100.0,250.0,ALL_CLEAR,,100.0,,52,ALL_CLEAR,,100.0,,,ALL_CLEAR/PASS
takeoff,takeoff_stage1,takeoff_stage1,takeoff_stage1,TF,1,25,1,2539.0312111859,2539.0312111859,49.78538585470272,100.0,35.58129146726744,129.08530633951753,35.581524697629135,129.0863762979616,416.8604651162791,266.8604651162791,0,416.8604651162791,266.8604651162791,100.0,250.0,56,65,INSIDE,CLEAR,False,,,True,100.0,100.0,100.0,False,316.8604651162791,166.8604651162791,316.8604651162791,166.8604651162791,1,200.0,350.0,0,100.0,250.0,ALL_CLEAR,,100.0,,52,ALL_CLEAR,,100.0,,,ALL_CLEAR/PASS
takeoff,takeoff_stage1,takeoff_stage1,takeoff_stage1,TF,1,25,2,2588.8165970406026,2588.8165970406026,99.57077170940543,-100.0,35.58085824113543,129.08544911088063,35.58062501077374,129.08437915243655,422.09302325581393,272.09302325581393,0,422.09302325581393,272.09302325581393,100.0,250.0,55,63,INSIDE,CLEAR,False,,,True,100.0,100.0,100.0,False,322.09302325581393,172.09302325581393,322.09302325581393,172.09302325581393,1,200.0,350.0,0,100.0,250.0,ALL_CLEAR,,100.0,,53,ALL_CLEAR,,100.0,,,ALL_CLEAR/PASS
takeoff,takeoff_stage1,takeoff_stage1,takeoff_stage1,TF,1,25,2,2588.8165970406026,2588.8165970406026,99.57077170940543,-66.66666666666666,35.58085824113543,129.08544911088063,35.58070275422764,129.08473580525126,422.09302325581393,272.09302325581393,0,422.09302325581393,272.09302325581393,100.0,250.0,55,63,INSIDE,CLEAR,False,,,True,100.0,100.0,100.0,False,322.09302325581393,172.09302325581393,322.09302325581393,172.09302325581393,1,200.0,350.0,0,100.0,250.0,ALL_CLEAR,,100.0,,53,ALL_CLEAR,,100.0,,,ALL_CLEAR/PASS
takeoff,takeoff_stage1,takeoff_stage1,takeoff_stage1,TF,1,25,2,2588.8165970406026,2588.8165970406026,99.57077170940543,-33.33333333333333,35.58085824113543,129.08544911088063,35.58078049768153,129.08509245806593,422.09302325581393,272.09302325581393,0,422.09302325581393,272.09302325581393,100.0,250.0,56,64,INSIDE,CLEAR,False,,,True,100.0,100.0,100.0,False,322.09302325581393,172.09302325581393,322.09302325581393,172.09302325581393,1,200.0,350.0,0,100.0,250.0,ALL_CLEAR,,100.0,,53,ALL_CLEAR,,100.0,,,ALL_CLEAR/PASS
takeoff,takeoff_stage1,takeoff_stage1,takeoff_stage1,TF,1,25,2,2588.8165970406026,2588.8165970406026,99.57077170940543,0.0,35.58085824113543,129.08544911088063,35.58085824113543,129.08544911088063,422.09302325581393,272.09302325581393,0,422.09302325581393,272.09302325581393,100.0,250.0,56,64,INSIDE,CLEAR,False,,,True,100.0,100.0,100.0,False,322.09302325581393,172.09302325581393,322.09302325581393,172.09302325581393,1,200.0,350.0,0,100.0,250.0,ALL_CLEAR,,100.0,,53,ALL_CLEAR,,100.0,,,ALL_CLEAR/PASS
takeoff,takeoff_stage1,takeoff_stage1,takeoff_stage1,TF,1,25,2,2588.8165970406026,2588.8165970406026,99.57077170940543,33.33333333333334,35.58085824113543,129.08544911088063,35.58093598458933,129.08580576369533,422.09302325581393,272.09302325581393,0,422.09302325581393,272.09302325581393,100.0,250.0,56,64,INSIDE,CLEAR,False,,,True,100.0,100.0,100.0,False,322.09302325581393,172.09302325581393,322.09302325581393,172.09302325581393,1,200.0,350.0,0,100.0,250.0,ALL_CLEAR,,100.0,,53,ALL_CLEAR,,100.0,,,ALL_CLEAR/PASS
takeoff,takeoff_stage1,takeoff_stage1,takeoff_stage1,TF,1,25,2,2588.8165970406026,2588.8165970406026,99.57077170940543,66.66666666666669,35.58085824113543,129.08544911088063,35.581013728043224,129.08616241651,422.09302325581393,272.09302325581393,0,422.09302325581393,272.09302325581393,100.0,250.0,56,65,INSIDE,CLEAR,False,,,True,100.0,100.0,100.0,False,322.09302325581393,172.09302325581393,322.09302325581393,172.09302325581393,1,200.0,350.0,0,100.0,250.0,ALL_CLEAR,,100.0,,53,ALL_CLEAR,,100.0,,,ALL_CLEAR/PASS
takeoff,takeoff_stage1,takeoff_stage1,takeoff_stage1,TF,1,25,2,2588.8165970406026,2588.8165970406026,99.57077170940543,100.0,35.58085824113543,129.08544911088063,35.581091471497125,129.0865190693247,422.09302325581393,272.09302325581393,0,422.09302325581393,272.09302325581393,100.0,250.0,56,65,INSIDE,CLEAR,False,,,True,100.0,100.0,100.0,False,322.09302325581393,172.09302325581393,322.09302325581393,172.09302325581393,1,200.0,350.0,0,100.0,250.0,ALL_CLEAR,,100.0,,53,ALL_CLEAR,,100.0,,,ALL_CLEAR/PASS
takeoff,takeoff_stage1,takeoff_stage1,takeoff_stage1,TF,1,26,0,2588.8165970406026,2588.8165970406026,0.0,-100.0,35.58085824113543,129.08544911088063,35.58062500841958,129.08437916478817,422.09302325581393,272.09302325581393,0,422.09302325581393,272.09302325581393,100.0,250.0,55,63,INSIDE,CLEAR,False,,,True,100.0,100.0,100.0,False,322.09302325581393,172.09302325581393,322.09302325581393,172.09302325581393,1,200.0,350.0,0,100.0,250.0,ALL_CLEAR,,100.0,,53,ALL_CLEAR,,100.0,,,ALL_CLEAR/PASS
takeoff,takeoff_stage1,takeoff_stage1,takeoff_stage1,TF,1,26,0,2588.8165970406026,2588.8165970406026,0.0,-66.66666666666666,35.58085824113543,129.08544911088063,35.5807027526582,129.08473581348565,422.09302325581393,272.09302325581393,0,422.09302325581393,272.09302325581393,100.0,250.0,55,63,INSIDE,CLEAR,False,,,True,100.0,100.0,100.0,False,322.09302325581393,172.09302325581393,322.09302325581393,172.09302325581393,1,200.0,350.0,0,100.0,250.0,ALL_CLEAR,,100.0,,53,ALL_CLEAR,,100.0,,,ALL_CLEAR/PASS
takeoff,takeoff_stage1,takeoff_stage1,takeoff_stage1,TF,1,26,0,2588.8165970406026,2588.8165970406026,0.0,-33.33333333333333,35.58085824113543,129.08544911088063,35.580780496896814,129.08509246218316,422.09302325581393,272.09302325581393,0,422.09302325581393,272.09302325581393,100.0,250.0,56,64,INSIDE,CLEAR,False,,,True,100.0,100.0,100.0,False,322.09302325581393,172.09302325581393,322.09302325581393,172.09302325581393,1,200.0,350.0,0,100.0,250.0,ALL_CLEAR,,100.0,,53,ALL_CLEAR,,100.0,,,ALL_CLEAR/PASS
takeoff,takeoff_stage1,takeoff_stage1,takeoff_stage1,TF,1,26,0,2588.8165970406026,2588.8165970406026,0.0,33.33333333333334,35.58085824113543,129.08544911088063,35.58093598537405,129.0858057595781,422.09302325581393,272.09302325581393,0,422.09302325581393,272.09302325581393,100.0,250.0,56,64,INSIDE,CLEAR,False,,,True,100.0,100.0,100.0,False,322.09302325581393,172.09302325581393,322.09302325581393,172.09302325581393,1,200.0,350.0,0,100.0,250.0,ALL_CLEAR,,100.0,,53,ALL_CLEAR,,100.0,,,ALL_CLEAR/PASS
takeoff,takeoff_stage1,takeoff_stage1,takeoff_stage1,TF,1,26,0,2588.8165970406026,2588.8165970406026,0.0,66.66666666666669,35.58085824113543,129.08544911088063,35.581013729612664,129.0861624082756,422.09302325581393,272.09302325581393,0,422.09302325581393,272.09302325581393,100.0,250.0,56,65,INSIDE,CLEAR,False,,,True,100.0,100.0,100.0,False,322.09302325581393,172.09302325581393,322.09302325581393,172.09302325581393,1,200.0,350.0,0,100.0,250.0,ALL_CLEAR,,100.0,,53,ALL_CLEAR,,100.0,,,ALL_CLEAR/PASS
takeoff,takeoff_stage1,takeoff_stage1,takeoff_stage1,TF,1,26,0,2588.8165970406026,2588.8165970406026,0.0,100.0,35.58085824113543,129.08544911088063,35.58109147385128,129.0865190569731,422.09302325581393,272.09302325581393,0,422.09302325581393,272.09302325581393,100.0,250.0,56,65,INSIDE,CLEAR,False,,,True,100.0,100.0,100.0,False,322.09302325581393,172.09302325581393,322.09302325581393,172.09302325581393,1,200.0,350.0,0,100.0,250.0,ALL_CLEAR,,100.0,,53,ALL_CLEAR,,100.0,,,ALL_CLEAR/PASS
takeoff,takeoff_stage1,takeoff_stage1,takeoff_stage1,TF,1,26,1,2638.6020189951178,2638.6020189951178,49.78542195451499,-100.0,35.580425015003414,129.0855918822437,35.580191782287564,129.08452193615125,427.3255813953488,277.3255813953488,0,427.3255813953488,277.3255813953488,100.0,250.0,55,63,INSIDE,CLEAR,False,,,True,100.0,100.0,100.0,False,327.3255813953488,177.32558139534882,327.3255813953488,177.32558139534882,1,200.0,350.0,0,100.0,250.0,ALL_CLEAR,,100.0,,54,ALL_CLEAR,,100.0,,,ALL_CLEAR/PASS
takeoff,takeoff_stage1,takeoff_stage1,takeoff_stage1,TF,1,26,1,2638.6020189951178,2638.6020189951178,49.78542195451499,-66.66666666666666,35.580425015003414,129.0855918822437,35.58026952652618,129.08487858484872,427.3255813953488,277.3255813953488,0,427.3255813953488,277.3255813953488,100.0,250.0,55,63,INSIDE,CLEAR,False,,,True,100.0,100.0,100.0,False,327.3255813953488,177.32558139534882,327.3255813953488,177.32558139534882,1,200.0,350.0,0,100.0,250.0,ALL_CLEAR,,100.0,,54,ALL_CLEAR,,100.0,,,ALL_CLEAR/PASS
takeoff,takeoff_stage1,takeoff_stage1,takeoff_stage1,TF,1,26,1,2638.6020189951178,2638.6020189951178,49.78542195451499,-33.33333333333333,35.580425015003414,129.0855918822437,35.5803472707648,129.08523523354623,427.3255813953488,277.3255813953488,0,427.3255813953488,277.3255813953488,100.0,250.0,55,64,INSIDE,CLEAR,False,,,True,100.0,100.0,100.0,False,327.3255813953488,177.32558139534882,327.3255813953488,177.32558139534882,1,200.0,350.0,0,100.0,250.0,ALL_CLEAR,,100.0,,54,ALL_CLEAR,,100.0,,,ALL_CLEAR/PASS
takeoff,takeoff_stage1,takeoff_stage1,takeoff_stage1,TF,1,26,1,2638.6020189951178,2638.6020189951178,49.78542195451499,0.0,35.580425015003414,129.0855918822437,35.580425015003414,129.0855918822437,427.3255813953488,277.3255813953488,0,427.3255813953488,277.3255813953488,100.0,250.0,55,64,INSIDE,CLEAR,False,,,True,100.0,100.0,100.0,False,327.3255813953488,177.32558139534882,327.3255813953488,177.32558139534882,1,200.0,350.0,0,100.0,250.0,ALL_CLEAR,,100.0,,54,ALL_CLEAR,,100.0,,,ALL_CLEAR/PASS
takeoff,takeoff_stage1,takeoff_stage1,takeoff_stage1,TF,1,26,1,2638.6020189951178,2638.6020189951178,49.78542195451499,33.33333333333334,35.580425015003414,129.0855918822437,35.58050275924204,129.08594853094118,427.3255813953488,277.3255813953488,0,427.3255813953488,277.3255813953488,100.0,250.0,55,64,INSIDE,CLEAR,False,,,True,100.0,100.0,100.0,False,327.3255813953488,177.32558139534882,327.3255813953488,177.32558139534882,1,200.0,350.0,0,100.0,250.0,ALL_CLEAR,,100.0,,54,ALL_CLEAR,,100.0,,,ALL_CLEAR/PASS
takeoff,takeoff_stage1,takeoff_stage1,takeoff_stage1,TF,1,26,1,2638.6020189951178,2638.6020189951178,49.78542195451499,66.66666666666669,35.580425015003414,129.0855918822437,35.580580503480654,129.08630517963869,427.3255813953488,277.3255813953488,0,427.3255813953488,277.3255813953488,100.0,250.0,55,65,INSIDE,CLEAR,False,,,True,100.0,100.0,100.0,False,327.3255813953488,177.32558139534882,327.3255813953488,177.32558139534882,1,200.0,350.0,0,100.0,250.0,ALL_CLEAR,,100.0,,54,ALL_CLEAR,,100.0,,,ALL_CLEAR/PASS
takeoff,takeoff_stage1,takeoff_stage1,takeoff_stage1,TF,1,26,1,2638.6020189951178,2638.6020189951178,49.78542195451499,100.0,35.580425015003414,129.0855918822437,35.58065824771927,129.08666182833616,427.3255813953488,277.3255813953488,0,427.3255813953488,277.3255813953488,100.0,250.0,55,65,INSIDE,CLEAR,False,,,True,100.0,100.0,100.0,False,327.3255813953488,177.32558139534882,327.3255813953488,177.32558139534882,1,200.0,350.0,0,100.0,250.0,ALL_CLEAR,,100.0,,54,ALL_CLEAR,,100.0,,,ALL_CLEAR/PASS
takeoff,takeoff_stage1,takeoff_stage1,takeoff_stage1,TF,1,26,2,2688.3874409496325,2688.3874409496325,99.57084390902997,-100.0,35.5799917888714,129.08573465360678,35.579758556155554,129.08466470751432,432.5581395348837,282.5581395348837,0,432.5581395348837,282.5581395348837,100.0,250.0,54,63,INSIDE,CLEAR,False,,,True,100.0,100.0,100.0,False,332.5581395348837,182.5581395348837,332.5581395348837,182.5581395348837,1,200.0,350.0,0,100.0,250.0,ALL_CLEAR,,100.0,,55,ALL_CLEAR,,100.0,,,ALL_CLEAR/PASS
takeoff,takeoff_stage1,takeoff_stage1,takeoff_stage1,TF,1,26,2,2688.3874409496325,2688.3874409496325,99.57084390902997,-66.66666666666666,35.5799917888714,129.08573465360678,35.57983630039417,129.0850213562118,432.5581395348837,282.5581395348837,0,432.5581395348837,282.5581395348837,100.0,250.0,54,64,INSIDE,CLEAR,False,,,True,100.0,100.0,100.0,False,332.5581395348837,182.5581395348837,332.5581395348837,182.5581395348837,1,200.0,350.0,0,100.0,250.0,ALL_CLEAR,,100.0,,55,ALL_CLEAR,,100.0,,,ALL_CLEAR/PASS
takeoff,takeoff_stage1,takeoff_stage1,takeoff_stage1,TF,1,26,2,2688.3874409496325,2688.3874409496325,99.57084390902997,-33.33333333333333,35.5799917888714,129.08573465360678,35.57991404463279,129.0853780049093,432.5581395348837,282.5581395348837,0,432.5581395348837,282.5581395348837,100.0,250.0,55,64,INSIDE,CLEAR,False,,,True,100.0,100.0,100.0,False,332.5581395348837,182.5581395348837,332.5581395348837,182.5581395348837,1,200.0,350.0,0,100.0,250.0,ALL_CLEAR,,100.0,,55,ALL_CLEAR,,100.0,,,ALL_CLEAR/PASS
takeoff,takeoff_stage1,takeoff_stage1,takeoff_stage1,TF,1,26,2,2688.3874409496325,2688.3874409496325,99.57084390902997,0.0,35.5799917888714,129.08573465360678,35.5799917888714,129.08573465360678,432.5581395348837,282.5581395348837,0,432.5581395348837,282.5581395348837,100.0,250.0,55,64,INSIDE,CLEAR,False,,,True,100.0,100.0,100.0,False,332.5581395348837,182.5581395348837,332.5581395348837,182.5581395348837,1,200.0,350.0,0,100.0,250.0,ALL_CLEAR,,100.0,,55,ALL_CLEAR,,100.0,,,ALL_CLEAR/PASS
takeoff,takeoff_stage1,takeoff_stage1,takeoff_stage1,TF,1,26,2,2688.3874409496325,2688.3874409496325,99.57084390902997,33.33333333333334,35.5799917888714,129.08573465360678,35.58006953311002,129.08609130230425,432.5581395348837,282.5581395348837,0,432.5581395348837,282.5581395348837,100.0,250.0,55,65,INSIDE,CLEAR,False,,,True,100.0,100.0,100.0,False,332.5581395348837,182.5581395348837,332.5581395348837,182.5581395348837,1,200.0,350.0,0,100.0,250.0,ALL_CLEAR,,100.0,,55,ALL_CLEAR,,100.0,,,ALL_CLEAR/PASS
takeoff,takeoff_stage1,takeoff_stage1,takeoff_stage1,TF,1,26,2,2688.3874409496325,2688.3874409496325,99.57084390902997,66.66666666666669,35.5799917888714,129.08573465360678,35.58014727734864,129.08644795100176,432.5581395348837,282.5581395348837,0,432.5581395348837,282.5581395348837,100.0,250.0,55,65,INSIDE,CLEAR,False,,,True,100.0,100.0,100.0,False,332.5581395348837,182.5581395348837,332.5581395348837,182.5581395348837,1,200.0,350.0,0,100.0,250.0,ALL_CLEAR,,100.0,,55,ALL_CLEAR,,100.0,,,ALL_CLEAR/PASS
takeoff,takeoff_stage1,takeoff_stage1,takeoff_stage1,TF,1,26,2,2688.3874409496325,2688.3874409496325,99.57084390902997,100.0,35.5799917888714,129.08573465360678,35.58022502158725,129.08680459969924,432.5581395348837,282.5581395348837,0,432.5581395348837,282.5581395348837,100.0,250.0,55,65,INSIDE,CLEAR,False,,,True,100.0,100.0,100.0,False,332.5581395348837,182.5581395348837,332.5581395348837,182.5581395348837,1,200.0,350.0,0,100.0,250.0,ALL_CLEAR,,100.0,,55,ALL_CLEAR,,100.0,,,ALL_CLEAR/PASS
takeoff,takeoff_stage1,takeoff_stage1,takeoff_stage1,TF,1,27,0,2688.3874409496325,2688.3874409496325,0.0,-100.0,35.5799917888714,129.08573465360678,35.579758553801355,129.08466471986543,432.5581395348837,282.5581395348837,0,432.5581395348837,282.5581395348837,100.0,250.0,54,63,INSIDE,CLEAR,False,,,True,100.0,100.0,100.0,False,332.5581395348837,182.5581395348837,332.5581395348837,182.5581395348837,1,200.0,350.0,0,100.0,250.0,ALL_CLEAR,,100.0,,55,ALL_CLEAR,,100.0,,,ALL_CLEAR/PASS
takeoff,takeoff_stage1,takeoff_stage1,takeoff_stage1,TF,1,27,0,2688.3874409496325,2688.3874409496325,0.0,-66.66666666666666,35.5799917888714,129.08573465360678,35.57983629882471,129.08502136444588,432.5581395348837,282.5581395348837,0,432.5581395348837,282.5581395348837,100.0,250.0,54,64,INSIDE,CLEAR,False,,,True,100.0,100.0,100.0,False,332.5581395348837,182.5581395348837,332.5581395348837,182.5581395348837,1,200.0,350.0,0,100.0,250.0,ALL_CLEAR,,100.0,,55,ALL_CLEAR,,100.0,,,ALL_CLEAR/PASS
takeoff,takeoff_stage1,takeoff_stage1,takeoff_stage1,TF,1,27,0,2688.3874409496325,2688.3874409496325,0.0,-33.33333333333333,35.5799917888714,129.08573465360678,35.579914043848056,129.08537800902633,432.5581395348837,282.5581395348837,0,432.5581395348837,282.5581395348837,100.0,250.0,55,64,INSIDE,CLEAR,False,,,True,100.0,100.0,100.0,False,332.5581395348837,182.5581395348837,332.5581395348837,182.5581395348837,1,200.0,350.0,0,100.0,250.0,ALL_CLEAR,,100.0,,55,ALL_CLEAR,,100.0,,,ALL_CLEAR/PASS
takeoff,takeoff_stage1,takeoff_stage1,takeoff_stage1,TF,1,27,0,2688.3874409496325,2688.3874409496325,0.0,33.33333333333334,35.5799917888714,129.08573465360678,35.58006953389475,129.08609129818723,432.5581395348837,282.5581395348837,0,432.5581395348837,282.5581395348837,100.0,250.0,55,65,INSIDE,CLEAR,False,,,True,100.0,100.0,100.0,False,332.5581395348837,182.5581395348837,332.5581395348837,182.5581395348837,1,200.0,350.0,0,100.0,250.0,ALL_CLEAR,,100.0,,55,ALL_CLEAR,,100.0,,,ALL_CLEAR/PASS
takeoff,takeoff_stage1,takeoff_stage1,takeoff_stage1,TF,1,27,0,2688.3874409496325,2688.3874409496325,0.0,66.66666666666669,35.5799917888714,129.08573465360678,35.5801472789181,129.08644794276768,432.5581395348837,282.5581395348837,0,432.5581395348837,282.5581395348837,100.0,250.0,55,65,INSIDE,CLEAR,False,,,True,100.0,100.0,100.0,False,332.5581395348837,182.5581395348837,332.5581395348837,182.5581395348837,1,200.0,350.0,0,100.0,250.0,ALL_CLEAR,,100.0,,55,ALL_CLEAR,,100.0,,,ALL_CLEAR/PASS
takeoff,takeoff_stage1,takeoff_stage1,takeoff_stage1,TF,1,27,0,2688.3874409496325,2688.3874409496325,0.0,100.0,35.5799917888714,129.08573465360678,35.58022502394145,129.08680458734813,432.5581395348837,282.5581395348837,0,432.5581395348837,282.5581395348837,100.0,250.0,55,65,INSIDE,CLEAR,False,,,True,100.0,100.0,100.0,False,332.5581395348837,182.5581395348837,332.5581395348837,182.5581395348837,1,200.0,350.0,0,100.0,250.0,ALL_CLEAR,,100.0,,55,ALL_CLEAR,,100.0,,,ALL_CLEAR/PASS
takeoff,takeoff_stage1,takeoff_stage1,takeoff_stage1,TF,1,27,1,2738.172899004128,2738.172899004128,49.78545805449526,-100.0,35.57955856273939,129.08587742496988,35.579325327669345,129.08480749122853,437.7906976744186,287.7906976744186,0,437.7906976744186,287.7906976744186,100.0,250.0,54,63,INSIDE,CLEAR,False,,,True,100.0,100.0,100.0,False,337.7906976744186,187.7906976744186,337.7906976744186,187.7906976744186,1,200.0,350.0,0,100.0,250.0,ALL_CLEAR,,100.0,,56,ALL_CLEAR,,100.0,,,ALL_CLEAR/PASS
takeoff,takeoff_stage1,takeoff_stage1,takeoff_stage1,TF,1,27,1,2738.172899004128,2738.172899004128,49.78545805449526,-66.66666666666666,35.57955856273939,129.08587742496988,35.5794030726927,129.08516413580898,437.7906976744186,287.7906976744186,0,437.7906976744186,287.7906976744186,100.0,250.0,54,64,INSIDE,CLEAR,False,,,True,100.0,100.0,100.0,False,337.7906976744186,187.7906976744186,337.7906976744186,187.7906976744186,1,200.0,350.0,0,100.0,250.0,ALL_CLEAR,,100.0,,56,ALL_CLEAR,,100.0,,,ALL_CLEAR/PASS
takeoff,takeoff_stage1,takeoff_stage1,takeoff_stage1,TF,1,27,1,2738.172899004128,2738.172899004128,49.78545805449526,-33.33333333333333,35.57955856273939,129.08587742496988,35.579480817716046,129.08552078038943,437.7906976744186,287.7906976744186,0,437.7906976744186,287.7906976744186,100.0,250.0,54,64,INSIDE,CLEAR,False,,,True,100.0,100.0,100.0,False,337.7906976744186,187.7906976744186,337.7906976744186,187.7906976744186,1,200.0,350.0,0,100.0,250.0,ALL_CLEAR,,100.0,,56,ALL_CLEAR,,100.0,,,ALL_CLEAR/PASS
takeoff,takeoff_stage1,takeoff_stage1,takeoff_stage1,TF,1,27,1,2738.172899004128,2738.172899004128,49.78545805449526,0.0,35.57955856273939,129.08587742496988,35.57955856273939,129.08587742496988,437.7906976744186,287.7906976744186,0,437.7906976744186,287.7906976744186,100.0,250.0,54,64,INSIDE,CLEAR,False,,,True,100.0,100.0,100.0,False,337.7906976744186,187.7906976744186,337.7906976744186,187.7906976744186,1,200.0,350.0,0,100.0,250.0,ALL_CLEAR,,100.0,,56,ALL_CLEAR,,100.0,,,ALL_CLEAR/PASS
takeoff,takeoff_stage1,takeoff_stage1,takeoff_stage1,TF,1,27,1,2738.172899004128,2738.172899004128,49.78545805449526,33.33333333333334,35.57955856273939,129.08587742496988,35.57963630776274,129.08623406955033,437.7906976744186,287.7906976744186,0,437.7906976744186,287.7906976744186,100.0,250.0,54,65,INSIDE,CLEAR,False,,,True,100.0,100.0,100.0,False,337.7906976744186,187.7906976744186,337.7906976744186,187.7906976744186,1,200.0,350.0,0,100.0,250.0,ALL_CLEAR,,100.0,,56,ALL_CLEAR,,100.0,,,ALL_CLEAR/PASS
takeoff,takeoff_stage1,takeoff_stage1,takeoff_stage1,TF,1,27,1,2738.172899004128,2738.172899004128,49.78545805449526,66.66666666666669,35.57955856273939,129.08587742496988,35.57971405278609,129.08659071413078,437.7906976744186,287.7906976744186,0,437.7906976744186,287.7906976744186,100.0,250.0,54,65,INSIDE,CLEAR,False,,,True,100.0,100.0,100.0,False,337.7906976744186,187.7906976744186,337.7906976744186,187.7906976744186,1,200.0,350.0,0,100.0,250.0,ALL_CLEAR,,100.0,,56,ALL_CLEAR,,100.0,,,ALL_CLEAR/PASS
takeoff,takeoff_stage1,takeoff_stage1,takeoff_stage1,TF,1,27,1,2738.172899004128,2738.172899004128,49.78545805449526,100.0,35.57955856273939,129.08587742496988,35.57979179780944,129.08694735871123,437.7906976744186,287.7906976744186,0,437.7906976744186,287.7906976744186,100.0,250.0,54,65,INSIDE,CLEAR,False,,,True,100.0,100.0,100.0,False,337.7906976744186,187.7906976744186,337.7906976744186,187.7906976744186,1,200.0,350.0,0,100.0,250.0,ALL_CLEAR,,100.0,,56,ALL_CLEAR,,100.0,,,ALL_CLEAR/PASS
takeoff,takeoff_stage1,takeoff_stage1,takeoff_stage1,TF,1,27,2,2787.958357058623,2787.958357058623,99.57091610899052,-100.0,35.57912533660738,129.08602019633298,35.578892101537335,129.08495026259163,443.0232558139535,293.0232558139535,0,443.0232558139535,293.0232558139535,100.0,250.0,53,63,INSIDE,CLEAR,False,,,True,100.0,100.0,100.0,False,343.0232558139535,193.02325581395348,343.0232558139535,193.02325581395348,1,200.0,350.0,0,100.0,250.0,ALL_CLEAR,,100.0,,57,ALL_CLEAR,,100.0,,,ALL_CLEAR/PASS
takeoff,takeoff_stage1,takeoff_stage1,takeoff_stage1,TF,1,27,2,2787.958357058623,2787.958357058623,99.57091610899052,-66.66666666666666,35.57912533660738,129.08602019633298,35.57896984656069,129.08530690717208,443.0232558139535,293.0232558139535,0,443.0232558139535,293.0232558139535,100.0,250.0,53,64,INSIDE,CLEAR,False,,,True,100.0,100.0,100.0,False,343.0232558139535,193.02325581395348,343.0232558139535,193.02325581395348,1,200.0,350.0,0,100.0,250.0,ALL_CLEAR,,100.0,,57,ALL_CLEAR,,100.0,,,ALL_CLEAR/PASS
takeoff,takeoff_stage1,takeoff_stage1,takeoff_stage1,TF,1,27,2,2787.958357058623,2787.958357058623,99.57091610899052,-33.33333333333333,35.57912533660738,129.08602019633298,35.579047591584036,129.08566355175253,443.0232558139535,293.0232558139535,0,443.0232558139535,293.0232558139535,100.0,250.0,53,64,INSIDE,CLEAR,False,,,True,100.0,100.0,100.0,False,343.0232558139535,193.02325581395348,343.0232558139535,193.02325581395348,1,200.0,350.0,0,100.0,250.0,ALL_CLEAR,,100.0,,57,ALL_CLEAR,,100.0,,,ALL_CLEAR/PASS
takeoff,takeoff_stage1,takeoff_stage1,takeoff_stage1,TF,1,27,2,2787.958357058623,2787.958357058623,99.57091610899052,0.0,35.57912533660738,129.08602019633298,35.57912533660738,129.08602019633298,443.0232558139535,293.0232558139535,0,443.0232558139535,293.0232558139535,100.0,250.0,54,64,INSIDE,CLEAR,False,,,True,100.0,100.0,100.0,False,343.0232558139535,193.02325581395348,343.0232558139535,193.02325581395348,1,200.0,350.0,0,100.0,250.0,ALL_CLEAR,,100.0,,57,ALL_CLEAR,,100.0,,,ALL_CLEAR/PASS
takeoff,takeoff_stage1,takeoff_stage1,takeoff_stage1,TF,1,27,2,2787.958357058623,2787.958357058623,99.57091610899052,33.33333333333334,35.57912533660738,129.08602019633298,35.57920308163073,129.08637684091343,443.0232558139535,293.0232558139535,0,443.0232558139535,293.0232558139535,100.0,250.0,54,65,INSIDE,CLEAR,False,,,True,100.0,100.0,100.0,False,343.0232558139535,193.02325581395348,343.0232558139535,193.02325581395348,1,200.0,350.0,0,100.0,250.0,ALL_CLEAR,,100.0,,57,ALL_CLEAR,,100.0,,,ALL_CLEAR/PASS
takeoff,takeoff_stage1,takeoff_stage1,takeoff_stage1,TF,1,27,2,2787.958357058623,2787.958357058623,99.57091610899052,66.66666666666669,35.57912533660738,129.08602019633298,35.57928082665408,129.08673348549388,443.0232558139535,293.0232558139535,0,443.0232558139535,293.0232558139535,100.0,250.0,54,65,INSIDE,CLEAR,False,,,True,100.0,100.0,100.0,False,343.0232558139535,193.02325581395348,343.0232558139535,193.02325581395348,1,200.0,350.0,0,100.0,250.0,ALL_CLEAR,,100.0,,57,ALL_CLEAR,,100.0,,,ALL_CLEAR/PASS
takeoff,takeoff_stage1,takeoff_stage1,takeoff_stage1,TF,1,27,2,2787.958357058623,2787.958357058623,99.57091610899052,100.0,35.57912533660738,129.08602019633298,35.57935857167743,129.08709013007433,443.0232558139535,293.0232558139535,0,443.0232558139535,293.0232558139535,100.0,250.0,54,66,INSIDE,CLEAR,False,,,True,100.0,100.0,100.0,False,343.0232558139535,193.02325581395348,343.0232558139535,193.02325581395348,1,200.0,350.0,0,100.0,250.0,ALL_CLEAR,,100.0,,57,ALL_CLEAR,,100.0,,,ALL_CLEAR/PASS
takeoff,takeoff_stage1,takeoff_stage1,takeoff_stage1,TF,1,28,0,2787.958357058623,2787.958357058623,0.0,-100.0,35.57912533660738,129.08602019633298,35.578892099183285,129.08495027494217,443.0232558139535,293.0232558139535,0,443.0232558139535,293.0232558139535,100.0,250.0,53,63,INSIDE,CLEAR,False,,,True,100.0,100.0,100.0,False,343.0232558139535,193.02325581395348,343.0232558139535,193.02325581395348,1,200.0,350.0,0,100.0,250.0,ALL_CLEAR,,100.0,,57,ALL_CLEAR,,100.0,,,ALL_CLEAR/PASS
takeoff,takeoff_stage1,takeoff_stage1,takeoff_stage1,TF,1,28,0,2787.958357058623,2787.958357058623,0.0,-66.66666666666666,35.57912533660738,129.08602019633298,35.57896984499132,129.0853069154058,443.0232558139535,293.0232558139535,0,443.0232558139535,293.0232558139535,100.0,250.0,53,64,INSIDE,CLEAR,False,,,True,100.0,100.0,100.0,False,343.0232558139535,193.02325581395348,343.0232558139535,193.02325581395348,1,200.0,350.0,0,100.0,250.0,ALL_CLEAR,,100.0,,57,ALL_CLEAR,,100.0,,,ALL_CLEAR/PASS
takeoff,takeoff_stage1,takeoff_stage1,takeoff_stage1,TF,1,28,0,2787.958357058623,2787.958357058623,0.0,-33.33333333333333,35.57912533660738,129.08602019633298,35.57904759079935,129.0856635558694,443.0232558139535,293.0232558139535,0,443.0232558139535,293.0232558139535,100.0,250.0,53,64,INSIDE,CLEAR,False,,,True,100.0,100.0,100.0,False,343.0232558139535,193.02325581395348,343.0232558139535,193.02325581395348,1,200.0,350.0,0,100.0,250.0,ALL_CLEAR,,100.0,,57,ALL_CLEAR,,100.0,,,ALL_CLEAR/PASS
takeoff,takeoff_stage1,takeoff_stage1,takeoff_stage1,TF,1,28,0,2787.958357058623,2787.958357058623,0.0,33.33333333333334,35.57912533660738,129.08602019633298,35.57920308241542,129.08637683679657,443.0232558139535,293.0232558139535,0,443.0232558139535,293.0232558139535,100.0,250.0,54,65,INSIDE,CLEAR,False,,,True,100.0,100.0,100.0,False,343.0232558139535,193.02325581395348,343.0232558139535,193.02325581395348,1,200.0,350.0,0,100.0,250.0,ALL_CLEAR,,100.0,,57,ALL_CLEAR,,100.0,,,ALL_CLEAR/PASS
takeoff,takeoff_stage1,takeoff_stage1,takeoff_stage1,TF,1,28,0,2787.958357058623,2787.958357058623,0.0,66.66666666666669,35.57912533660738,129.08602019633298,35.579280828223446,129.08673347726017,443.0232558139535,293.0232558139535,0,443.0232558139535,293.0232558139535,100.0,250.0,54,65,INSIDE,CLEAR,False,,,True,100.0,100.0,100.0,False,343.0232558139535,193.02325581395348,343.0232558139535,193.02325581395348,1,200.0,350.0,0,100.0,250.0,ALL_CLEAR,,100.0,,57,ALL_CLEAR,,100.0,,,ALL_CLEAR/PASS
takeoff,takeoff_stage1,takeoff_stage1,takeoff_stage1,TF,1,28,0,2787.958357058623,2787.958357058623,0.0,100.0,35.57912533660738,129.08602019633298,35.57935857403148,129.0870901177238,443.0232558139535,293.0232558139535,0,443.0232558139535,293.0232558139535,100.0,250.0,54,66,INSIDE,CLEAR,False,,,True,100.0,100.0,100.0,False,343.0232558139535,193.02325581395348,343.0232558139535,193.02325581395348,1,200.0,350.0,0,100.0,250.0,ALL_CLEAR,,100.0,,57,ALL_CLEAR,,100.0,,,ALL_CLEAR/PASS
takeoff,takeoff_stage1,takeoff_stage1,takeoff_stage1,TF,1,28,1,2837.743851211752,2837.743851211752,49.78549415312916,-100.0,35.57869211047537,129.08616296769605,35.578458873051275,129.08509304630525,448.2558139534883,298.2558139534883,0,448.2558139534883,298.2558139534883,100.0,250.0,53,64,INSIDE,CLEAR,False,,,True,100.0,100.0,100.0,False,348.2558139534883,198.2558139534883,348.2558139534883,198.2558139534883,1,200.0,350.0,0,100.0,250.0,ALL_CLEAR,,100.0,,58,ALL_CLEAR,,100.0,,,ALL_CLEAR/PASS
takeoff,takeoff_stage1,takeoff_stage1,takeoff_stage1,TF,1,28,1,2837.743851211752,2837.743851211752,49.78549415312916,-66.66666666666666,35.57869211047537,129.08616296769605,35.57853661885931,129.08544968676887,448.2558139534883,298.2558139534883,0,448.2558139534883,298.2558139534883,100.0,250.0,53,64,INSIDE,CLEAR,False,,,True,100.0,100.0,100.0,False,348.2558139534883,198.2558139534883,348.2558139534883,198.2558139534883,1,200.0,350.0,0,100.0,250.0,ALL_CLEAR,,100.0,,58,ALL_CLEAR,,100.0,,,ALL_CLEAR/PASS
takeoff,takeoff_stage1,takeoff_stage1,takeoff_stage1,TF,1,28,1,2837.743851211752,2837.743851211752,49.78549415312916,-33.33333333333333,35.57869211047537,129.08616296769605,35.57861436466734,129.08580632723246,448.2558139534883,298.2558139534883,0,448.2558139534883,298.2558139534883,100.0,250.0,53,64,INSIDE,CLEAR,False,,,True,100.0,100.0,100.0,False,348.2558139534883,198.2558139534883,348.2558139534883,198.2558139534883,1,200.0,350.0,0,100.0,250.0,ALL_CLEAR,,100.0,,58,ALL_CLEAR,,100.0,,,ALL_CLEAR/PASS
takeoff,takeoff_stage1,takeoff_stage1,takeoff_stage1,TF,1,28,1,2837.743851211752,2837.743851211752,49.78549415312916,0.0,35.57869211047537,129.08616296769605,35.57869211047537,129.08616296769605,448.2558139534883,298.2558139534883,0,448.2558139534883,298.2558139534883,100.0,250.0,53,65,INSIDE,CLEAR,False,,,True,100.0,100.0,100.0,False,348.2558139534883,198.2558139534883,348.2558139534883,198.2558139534883,1,200.0,350.0,0,100.0,250.0,ALL_CLEAR,,100.0,,58,ALL_CLEAR,,100.0,,,ALL_CLEAR/PASS
takeoff,takeoff_stage1,takeoff_stage1,takeoff_stage1,TF,1,28,1,2837.743851211752,2837.743851211752,49.78549415312916,33.33333333333334,35.57869211047537,129.08616296769605,35.57876985628341,129.08651960815965,448.2558139534883,298.2558139534883,0,448.2558139534883,298.2558139534883,100.0,250.0,53,65,INSIDE,CLEAR,False,,,True,100.0,100.0,100.0,False,348.2558139534883,198.2558139534883,348.2558139534883,198.2558139534883,1,200.0,350.0,0,100.0,250.0,ALL_CLEAR,,100.0,,58,ALL_CLEAR,,100.0,,,ALL_CLEAR/PASS
takeoff,takeoff_stage1,takeoff_stage1,takeoff_stage1,TF,1,28,1,2837.743851211752,2837.743851211752,49.78549415312916,66.66666666666669,35.57869211047537,129.08616296769605,35.578847602091436,129.08687624862324,448.2558139534883,298.2558139534883,0,448.2558139534883,298.2558139534883,100.0,250.0,53,65,INSIDE,CLEAR,False,,,True,100.0,100.0,100.0,False,348.2558139534883,198.2558139534883,348.2558139534883,198.2558139534883,1,200.0,350.0,0,100.0,250.0,ALL_CLEAR,,100.0,,58,ALL_CLEAR,,100.0,,,ALL_CLEAR/PASS
takeoff,takeoff_stage1,takeoff_stage1,takeoff_stage1,TF,1,28,1,2837.743851211752,2837.743851211752,49.78549415312916,100.0,35.57869211047537,129.08616296769605,35.57892534789947,129.08723288908686,448.2558139534883,298.2558139534883,0,448.2558139534883,298.2558139534883,100.0,250.0,53,66,INSIDE,CLEAR,False,,,True,100.0,100.0,100.0,False,348.2558139534883,198.2558139534883,348.2558139534883,198.2558139534883,1,200.0,350.0,0,100.0,250.0,ALL_CLEAR,,100.0,,58,ALL_CLEAR,,100.0,,,ALL_CLEAR/PASS
takeoff,takeoff_stage1,takeoff_stage1,takeoff_stage1,TF,1,28,2,2887.529345364881,2887.529345364881,99.57098830625831,-100.0,35.57825888434336,129.08630573905913,35.578025646919265,129.08523581766832,453.4883720930232,303.4883720930232,1,453.4883720930232,303.4883720930232,200.0,350.0,52,64,INSIDE,CLEAR,False,,,True,100.0,100.0,100.0,False,353.4883720930232,203.4883720930232,353.4883720930232,203.4883720930232,2,300.0,450.0,1,200.0,350.0,ALL_CLEAR,,100.0,,59,ALL_CLEAR,,100.0,,,ALL_CLEAR/PASS
takeoff,takeoff_stage1,takeoff_stage1,takeoff_stage1,TF,1,28,2,2887.529345364881,2887.529345364881,99.57098830625831,-66.66666666666666,35.57825888434336,129.08630573905913,35.5781033927273,129.08559245813194,453.4883720930232,303.4883720930232,1,453.4883720930232,303.4883720930232,200.0,350.0,52,64,INSIDE,CLEAR,False,,,True,100.0,100.0,100.0,False,353.4883720930232,203.4883720930232,353.4883720930232,203.4883720930232,2,300.0,450.0,1,200.0,350.0,ALL_CLEAR,,100.0,,59,ALL_CLEAR,,100.0,,,ALL_CLEAR/PASS
takeoff,takeoff_stage1,takeoff_stage1,takeoff_stage1,TF,1,28,2,2887.529345364881,2887.529345364881,99.57098830625831,-33.33333333333333,35.57825888434336,129.08630573905913,35.57818113853533,129.08594909859553,453.4883720930232,303.4883720930232,1,453.4883720930232,303.4883720930232,200.0,350.0,52,64,INSIDE,CLEAR,False,,,True,100.0,100.0,100.0,False,353.4883720930232,203.4883720930232,353.4883720930232,203.4883720930232,2,300.0,450.0,1,200.0,350.0,ALL_CLEAR,,100.0,,59,ALL_CLEAR,,100.0,,,ALL_CLEAR/PASS
takeoff,takeoff_stage1,takeoff_stage1,takeoff_stage1,TF,1,28,2,2887.529345364881,2887.529345364881,99.57098830625831,0.0,35.57825888434336,129.08630573905913,35.57825888434336,129.08630573905913,453.4883720930232,303.4883720930232,1,453.4883720930232,303.4883720930232,200.0,350.0,53,65,INSIDE,CLEAR,False,,,True,100.0,100.0,100.0,False,353.4883720930232,203.4883720930232,353.4883720930232,203.4883720930232,2,300.0,450.0,1,200.0,350.0,ALL_CLEAR,,100.0,,59,ALL_CLEAR,,100.0,,,ALL_CLEAR/PASS
takeoff,takeoff_stage1,takeoff_stage1,takeoff_stage1,TF,1,28,2,2887.529345364881,2887.529345364881,99.57098830625831,33.33333333333334,35.57825888434336,129.08630573905913,35.5783366301514,129.08666237952272,453.4883720930232,303.4883720930232,1,453.4883720930232,303.4883720930232,200.0,350.0,53,65,INSIDE,CLEAR,False,,,True,100.0,100.0,100.0,False,353.4883720930232,203.4883720930232,353.4883720930232,203.4883720930232,2,300.0,450.0,1,200.0,350.0,ALL_CLEAR,,100.0,,59,ALL_CLEAR,,100.0,,,ALL_CLEAR/PASS
takeoff,takeoff_stage1,takeoff_stage1,takeoff_stage1,TF,1,28,2,2887.529345364881,2887.529345364881,99.57098830625831,66.66666666666669,35.57825888434336,129.08630573905913,35.578414375959426,129.08701901998631,453.4883720930232,303.4883720930232,1,453.4883720930232,303.4883720930232,200.0,350.0,53,65,INSIDE,CLEAR,False,,,True,100.0,100.0,100.0,False,353.4883720930232,203.4883720930232,353.4883720930232,203.4883720930232,2,300.0,450.0,1,200.0,350.0,ALL_CLEAR,,100.0,,59,ALL_CLEAR,,100.0,,,ALL_CLEAR/PASS
takeoff,takeoff_stage1,takeoff_stage1,takeoff_stage1,TF,1,28,2,2887.529345364881,2887.529345364881,99.57098830625831,100.0,35.57825888434336,129.08630573905913,35.57849212176746,129.08737566044994,453.4883720930232,303.4883720930232,1,453.4883720930232,303.4883720930232,200.0,350.0,53,66,INSIDE,CLEAR,False,,,True,100.0,100.0,100.0,False,353.4883720930232,203.4883720930232,353.4883720930232,203.4883720930232,2,300.0,450.0,1,200.0,350.0,ALL_CLEAR,,100.0,,59,ALL_CLEAR,,100.0,,,ALL_CLEAR/PASS
takeoff,takeoff_stage1,takeoff_stage1,takeoff_stage1,TF,1,29,0,2887.529345364881,2887.529345364881,0.0,-100.0,35.57825888434336,129.08630573905913,35.57802564456518,129.0852358300184,453.4883720930232,303.4883720930232,1,453.4883720930232,303.4883720930232,200.0,350.0,52,64,INSIDE,CLEAR,False,,,True,100.0,100.0,100.0,False,353.4883720930232,203.4883720930232,353.4883720930232,203.4883720930232,2,300.0,450.0,1,200.0,350.0,ALL_CLEAR,,100.0,,59,ALL_CLEAR,,100.0,,,ALL_CLEAR/PASS
takeoff,takeoff_stage1,takeoff_stage1,takeoff_stage1,TF,1,29,0,2887.529345364881,2887.529345364881,0.0,-66.66666666666666,35.57825888434336,129.08630573905913,35.57810339115791,129.0855924663653,453.4883720930232,303.4883720930232,1,453.4883720930232,303.4883720930232,200.0,350.0,52,64,INSIDE,CLEAR,False,,,True,100.0,100.0,100.0,False,353.4883720930232,203.4883720930232,353.4883720930232,203.4883720930232,2,300.0,450.0,1,200.0,350.0,ALL_CLEAR,,100.0,,59,ALL_CLEAR,,100.0,,,ALL_CLEAR/PASS
takeoff,takeoff_stage1,takeoff_stage1,takeoff_stage1,TF,1,29,0,2887.529345364881,2887.529345364881,0.0,-33.33333333333333,35.57825888434336,129.08630573905913,35.57818113775063,129.08594910271222,453.4883720930232,303.4883720930232,1,453.4883720930232,303.4883720930232,200.0,350.0,52,64,INSIDE,CLEAR,False,,,True,100.0,100.0,100.0,False,353.4883720930232,203.4883720930232,353.4883720930232,203.4883720930232,2,300.0,450.0,1,200.0,350.0,ALL_CLEAR,,100.0,,59,ALL_CLEAR,,100.0,,,ALL_CLEAR/PASS
takeoff,takeoff_stage1,takeoff_stage1,takeoff_stage1,TF,1,29,0,2887.529345364881,2887.529345364881,0.0,33.33333333333334,35.57825888434336,129.08630573905913,35.57833663093609,129.08666237540604,453.4883720930232,303.4883720930232,1,453.4883720930232,303.4883720930232,200.0,350.0,53,65,INSIDE,CLEAR,False,,,True,100.0,100.0,100.0,False,353.4883720930232,203.4883720930232,353.4883720930232,203.4883720930232,2,300.0,450.0,1,200.0,350.0,ALL_CLEAR,,100.0,,59,ALL_CLEAR,,100.0,,,ALL_CLEAR/PASS
takeoff,takeoff_stage1,takeoff_stage1,takeoff_stage1,TF,1,29,0,2887.529345364881,2887.529345364881,0.0,66.66666666666669,35.57825888434336,129.08630573905913,35.578414377528816,129.08701901175294,453.4883720930232,303.4883720930232,1,453.4883720930232,303.4883720930232,200.0,350.0,53,65,INSIDE,CLEAR,False,,,True,100.0,100.0,100.0,False,353.4883720930232,203.4883720930232,353.4883720930232,203.4883720930232,2,300.0,450.0,1,200.0,350.0,ALL_CLEAR,,100.0,,59,ALL_CLEAR,,100.0,,,ALL_CLEAR/PASS
takeoff,takeoff_stage1,takeoff_stage1,takeoff_stage1,TF,1,29,0,2887.529345364881,2887.529345364881,0.0,100.0,35.57825888434336,129.08630573905913,35.578492124121546,129.08737564809985,453.4883720930232,303.4883720930232,1,453.4883720930232,303.4883720930232,200.0,350.0,53,66,INSIDE,CLEAR,False,,,True,100.0,100.0,100.0,False,353.4883720930232,203.4883720930232,353.4883720930232,203.4883720930232,2,300.0,450.0,1,200.0,350.0,ALL_CLEAR,,100.0,,59,ALL_CLEAR,,100.0,,,ALL_CLEAR/PASS
takeoff,takeoff_stage1,takeoff_stage1,takeoff_stage1,TF,1,29,1,2937.314875617955,2937.314875617955,49.78553025307377,-100.0,35.57782565821135,129.08644851042223,35.57759241843317,129.0853786013815,458.7209302325581,308.7209302325581,1,458.7209302325581,308.7209302325581,200.0,350.0,52,64,INSIDE,CLEAR,False,,,True,100.0,100.0,100.0,False,358.7209302325581,208.7209302325581,358.7209302325581,208.7209302325581,2,300.0,450.0,1,200.0,350.0,ALL_CLEAR,,100.0,,60,ALL_CLEAR,,100.0,,,ALL_CLEAR/PASS
takeoff,takeoff_stage1,takeoff_stage1,takeoff_stage1,TF,1,29,1,2937.314875617955,2937.314875617955,49.78553025307377,-66.66666666666666,35.57782565821135,129.08644851042223,35.57767016502589,129.08573523772841,458.7209302325581,308.7209302325581,1,458.7209302325581,308.7209302325581,200.0,350.0,52,64,INSIDE,CLEAR,False,,,True,100.0,100.0,100.0,False,358.7209302325581,208.7209302325581,358.7209302325581,208.7209302325581,2,300.0,450.0,1,200.0,350.0,ALL_CLEAR,,100.0,,60,ALL_CLEAR,,100.0,,,ALL_CLEAR/PASS
takeoff,takeoff_stage1,takeoff_stage1,takeoff_stage1,TF,1,29,1,2937.314875617955,2937.314875617955,49.78553025307377,-33.33333333333333,35.57782565821135,129.08644851042223,35.57774791161862,129.08609187407532,458.7209302325581,308.7209302325581,1,458.7209302325581,308.7209302325581,200.0,350.0,52,65,INSIDE,CLEAR,False,,,True,100.0,100.0,100.0,False,358.7209302325581,208.7209302325581,358.7209302325581,208.7209302325581,2,300.0,450.0,1,200.0,350.0,ALL_CLEAR,,100.0,,60,ALL_CLEAR,,100.0,,,ALL_CLEAR/PASS
takeoff,takeoff_stage1,takeoff_stage1,takeoff_stage1,TF,1,29,1,2937.314875617955,2937.314875617955,49.78553025307377,0.0,35.57782565821135,129.08644851042223,35.57782565821135,129.08644851042223,458.7209302325581,308.7209302325581,1,458.7209302325581,308.7209302325581,200.0,350.0,52,65,INSIDE,CLEAR,False,,,True,100.0,100.0,100.0,False,358.7209302325581,208.7209302325581,358.7209302325581,208.7209302325581,2,300.0,450.0,1,200.0,350.0,ALL_CLEAR,,100.0,,60,ALL_CLEAR,,100.0,,,ALL_CLEAR/PASS
takeoff,takeoff_stage1,takeoff_stage1,takeoff_stage1,TF,1,29,1,2937.314875617955,2937.314875617955,49.78553025307377,33.33333333333334,35.57782565821135,129.08644851042223,35.577903404804076,129.08680514676914,458.7209302325581,308.7209302325581,1,458.7209302325581,308.7209302325581,200.0,350.0,52,65,INSIDE,CLEAR,False,,,True,100.0,100.0,100.0,False,358.7209302325581,208.7209302325581,358.7209302325581,208.7209302325581,2,300.0,450.0,1,200.0,350.0,ALL_CLEAR,,100.0,,60,ALL_CLEAR,,100.0,,,ALL_CLEAR/PASS
takeoff,takeoff_stage1,takeoff_stage1,takeoff_stage1,TF,1,29,1,2937.314875617955,2937.314875617955,49.78553025307377,66.66666666666669,35.57782565821135,129.08644851042223,35.577981151396806,129.08716178311604,458.7209302325581,308.7209302325581,1,458.7209302325581,308.7209302325581,200.0,350.0,52,66,INSIDE,CLEAR,False,,,True,100.0,100.0,100.0,False,358.7209302325581,208.7209302325581,358.7209302325581,208.7209302325581,2,300.0,450.0,1,200.0,350.0,ALL_CLEAR,,100.0,,60,ALL_CLEAR,,100.0,,,ALL_CLEAR/PASS
takeoff,takeoff_stage1,takeoff_stage1,takeoff_stage1,TF,1,29,1,2937.314875617955,2937.314875617955,49.78553025307377,100.0,35.57782565821135,129.08644851042223,35.57805889798953,129.08751841946295,458.7209302325581,308.7209302325581,1,458.7209302325581,308.7209302325581,200.0,350.0,52,66,INSIDE,CLEAR,False,,,True,100.0,100.0,100.0,False,358.7209302325581,208.7209302325581,358.7209302325581,208.7209302325581,2,300.0,450.0,1,200.0,350.0,ALL_CLEAR,,100.0,,60,ALL_CLEAR,,100.0,,,ALL_CLEAR/PASS
takeoff,takeoff_stage1,takeoff_stage1,takeoff_stage1,TF,1,29,2,2987.1004058710287,2987.1004058710287,99.57106050614755,-100.0,35.577392432079336,129.08659128178533,35.57715919230115,129.0855213727446,463.95348837209303,313.95348837209303,1,463.95348837209303,313.95348837209303,200.0,350.0,51,64,INSIDE,CLEAR,False,,,True,100.0,100.0,100.0,False,363.95348837209303,213.95348837209303,363.95348837209303,213.95348837209303,2,300.0,450.0,1,200.0,350.0,ALL_CLEAR,,100.0,,61,ALL_CLEAR,,100.0,,,ALL_CLEAR/PASS
takeoff,takeoff_stage1,takeoff_stage1,takeoff_stage1,TF,1,29,2,2987.1004058710287,2987.1004058710287,99.57106050614755,-66.66666666666666,35.577392432079336,129.08659128178533,35.57723693889388,129.08587800909152,463.95348837209303,313.95348837209303,1,463.95348837209303,313.95348837209303,200.0,350.0,51,64,INSIDE,CLEAR,False,,,True,100.0,100.0,100.0,False,363.95348837209303,213.95348837209303,363.95348837209303,213.95348837209303,2,300.0,450.0,1,200.0,350.0,ALL_CLEAR,,100.0,,61,ALL_CLEAR,,100.0,,,ALL_CLEAR/PASS
takeoff,takeoff_stage1,takeoff_stage1,takeoff_stage1,TF,1,29,2,2987.1004058710287,2987.1004058710287,99.57106050614755,-33.33333333333333,35.577392432079336,129.08659128178533,35.577314685486606,129.08623464543842,463.95348837209303,313.95348837209303,1,463.95348837209303,313.95348837209303,200.0,350.0,51,65,INSIDE,CLEAR,False,,,True,100.0,100.0,100.0,False,363.95348837209303,213.95348837209303,363.95348837209303,213.95348837209303,2,300.0,450.0,1,200.0,350.0,ALL_CLEAR,,100.0,,61,ALL_CLEAR,,100.0,,,ALL_CLEAR/PASS
takeoff,takeoff_stage1,takeoff_stage1,takeoff_stage1,TF,1,29,2,2987.1004058710287,2987.1004058710287,99.57106050614755,0.0,35.577392432079336,129.08659128178533,35.577392432079336,129.08659128178533,463.95348837209303,313.95348837209303,1,463.95348837209303,313.95348837209303,200.0,350.0,51,65,INSIDE,CLEAR,False,,,True,100.0,100.0,100.0,False,363.95348837209303,213.95348837209303,363.95348837209303,213.95348837209303,2,300.0,450.0,1,200.0,350.0,ALL_CLEAR,,100.0,,61,ALL_CLEAR,,100.0,,,ALL_CLEAR/PASS
takeoff,takeoff_stage1,takeoff_stage1,takeoff_stage1,TF,1,29,2,2987.1004058710287,2987.1004058710287,99.57106050614755,33.33333333333334,35.577392432079336,129.08659128178533,35.577470178672066,129.08694791813224,463.95348837209303,313.95348837209303,1,463.95348837209303,313.95348837209303,200.0,350.0,52,65,INSIDE,CLEAR,False,,,True,100.0,100.0,100.0,False,363.95348837209303,213.95348837209303,363.95348837209303,213.95348837209303,2,300.0,450.0,1,200.0,350.0,ALL_CLEAR,,100.0,,61,ALL_CLEAR,,100.0,,,ALL_CLEAR/PASS
takeoff,takeoff_stage1,takeoff_stage1,takeoff_stage1,TF,1,29,2,2987.1004058710287,2987.1004058710287,99.57106050614755,66.66666666666669,35.577392432079336,129.08659128178533,35.57754792526479,129.08730455447915,463.95348837209303,313.95348837209303,1,463.95348837209303,313.95348837209303,200.0,350.0,52,66,INSIDE,CLEAR,False,,,True,100.0,100.0,100.0,False,363.95348837209303,213.95348837209303,363.95348837209303,213.95348837209303,2,300.0,450.0,1,200.0,350.0,ALL_CLEAR,,100.0,,61,ALL_CLEAR,,100.0,,,ALL_CLEAR/PASS
takeoff,takeoff_stage1,takeoff_stage1,takeoff_stage1,TF,1,29,2,2987.1004058710287,2987.1004058710287,99.57106050614755,100.0,35.577392432079336,129.08659128178533,35.57762567185752,129.08766119082605,463.95348837209303,313.95348837209303,1,463.95348837209303,313.95348837209303,200.0,350.0,52,66,INSIDE,CLEAR,False,,,True,100.0,100.0,100.0,False,363.95348837209303,213.95348837209303,363.95348837209303,213.95348837209303,2,300.0,450.0,1,200.0,350.0,ALL_CLEAR,,100.0,,61,ALL_CLEAR,,100.0,,,ALL_CLEAR/PASS
takeoff,takeoff_stage1,takeoff_stage1,takeoff_stage1,TF,1,30,0,2987.1004058710287,2987.1004058710287,0.0,-100.0,35.577392432079336,129.08659128178533,35.57715918994719,129.08552138509413,463.95348837209303,313.95348837209303,1,463.95348837209303,313.95348837209303,200.0,350.0,51,64,INSIDE,CLEAR,False,,,True,100.0,100.0,100.0,False,363.95348837209303,213.95348837209303,363.95348837209303,213.95348837209303,2,300.0,450.0,1,200.0,350.0,ALL_CLEAR,,100.0,,61,ALL_CLEAR,,100.0,,,ALL_CLEAR/PASS
takeoff,takeoff_stage1,takeoff_stage1,takeoff_stage1,TF,1,30,0,2987.1004058710287,2987.1004058710287,0.0,-66.66666666666666,35.577392432079336,129.08659128178533,35.57723693732457,129.08587801732452,463.95348837209303,313.95348837209303,1,463.95348837209303,313.95348837209303,200.0,350.0,51,64,INSIDE,CLEAR,False,,,True,100.0,100.0,100.0,False,363.95348837209303,213.95348837209303,363.95348837209303,213.95348837209303,2,300.0,450.0,1,200.0,350.0,ALL_CLEAR,,100.0,,61,ALL_CLEAR,,100.0,,,ALL_CLEAR/PASS
takeoff,takeoff_stage1,takeoff_stage1,takeoff_stage1,TF,1,30,0,2987.1004058710287,2987.1004058710287,0.0,-33.33333333333333,35.577392432079336,129.08659128178533,35.57731468470195,129.08623464955494,463.95348837209303,313.95348837209303,1,463.95348837209303,313.95348837209303,200.0,350.0,51,65,INSIDE,CLEAR,False,,,True,100.0,100.0,100.0,False,363.95348837209303,213.95348837209303,363.95348837209303,213.95348837209303,2,300.0,450.0,1,200.0,350.0,ALL_CLEAR,,100.0,,61,ALL_CLEAR,,100.0,,,ALL_CLEAR/PASS
takeoff,takeoff_stage1,takeoff_stage1,takeoff_stage1,TF,1,30,0,2987.1004058710287,2987.1004058710287,0.0,33.33333333333334,35.577392432079336,129.08659128178533,35.57747017945672,129.08694791401572,463.95348837209303,313.95348837209303,1,463.95348837209303,313.95348837209303,200.0,350.0,52,65,INSIDE,CLEAR,False,,,True,100.0,100.0,100.0,False,363.95348837209303,213.95348837209303,363.95348837209303,213.95348837209303,2,300.0,450.0,1,200.0,350.0,ALL_CLEAR,,100.0,,61,ALL_CLEAR,,100.0,,,ALL_CLEAR/PASS
takeoff,takeoff_stage1,takeoff_stage1,takeoff_stage1,TF,1,30,0,2987.1004058710287,2987.1004058710287,0.0,66.66666666666669,35.577392432079336,129.08659128178533,35.5775479268341,129.08730454624614,463.95348837209303,313.95348837209303,1,463.95348837209303,313.95348837209303,200.0,350.0,52,66,INSIDE,CLEAR,False,,,True,100.0,100.0,100.0,False,363.95348837209303,213.95348837209303,363.95348837209303,213.95348837209303,2,300.0,450.0,1,200.0,350.0,ALL_CLEAR,,100.0,,61,ALL_CLEAR,,100.0,,,ALL_CLEAR/PASS
takeoff,takeoff_stage1,takeoff_stage1,takeoff_stage1,TF,1,30,0,2987.1004058710287,2987.1004058710287,0.0,100.0,35.577392432079336,129.08659128178533,35.57762567421148,129.08766117847654,463.95348837209303,313.95348837209303,1,463.95348837209303,313.95348837209303,200.0,350.0,52,66,INSIDE,CLEAR,False,,,True,100.0,100.0,100.0,False,363.95348837209303,213.95348837209303,363.95348837209303,213.95348837209303,2,300.0,450.0,1,200.0,350.0,ALL_CLEAR,,100.0,,61,ALL_CLEAR,,100.0,,,ALL_CLEAR/PASS
takeoff,takeoff_stage1,takeoff_stage1,takeoff_stage1,TF,1,30,1,3036.88597222189,3036.88597222189,49.78556635086133,-100.0,35.576959205947325,129.0867340531484,35.57672596381518,129.0856641564572,469.1860465116279,319.1860465116279,1,469.1860465116279,319.1860465116279,200.0,350.0,51,64,INSIDE,CLEAR,False,,,True,100.0,100.0,100.0,False,369.1860465116279,219.18604651162792,369.1860465116279,219.18604651162792,2,300.0,450.0,1,200.0,350.0,ALL_CLEAR,,100.0,,62,ALL_CLEAR,,100.0,,,ALL_CLEAR/PASS
takeoff,takeoff_stage1,takeoff_stage1,takeoff_stage1,TF,1,30,1,3036.88597222189,3036.88597222189,49.78556635086133,-66.66666666666666,35.576959205947325,129.0867340531484,35.57680371119256,129.08602078868762,469.1860465116279,319.1860465116279,1,469.1860465116279,319.1860465116279,200.0,350.0,51,64,INSIDE,CLEAR,False,,,True,100.0,100.0,100.0,False,369.1860465116279,219.18604651162792,369.1860465116279,219.18604651162792,2,300.0,450.0,1,200.0,350.0,ALL_CLEAR,,100.0,,62,ALL_CLEAR,,100.0,,,ALL_CLEAR/PASS
takeoff,takeoff_stage1,takeoff_stage1,takeoff_stage1,TF,1,30,1,3036.88597222189,3036.88597222189,49.78556635086133,-33.33333333333333,35.576959205947325,129.0867340531484,35.57688145856994,129.086377420918,469.1860465116279,319.1860465116279,1,469.1860465116279,319.1860465116279,200.0,350.0,51,65,INSIDE,CLEAR,False,,,True,100.0,100.0,100.0,False,369.1860465116279,219.18604651162792,369.1860465116279,219.18604651162792,2,300.0,450.0,1,200.0,350.0,ALL_CLEAR,,100.0,,62,ALL_CLEAR,,100.0,,,ALL_CLEAR/PASS
takeoff,takeoff_stage1,takeoff_stage1,takeoff_stage1,TF,1,30,1,3036.88597222189,3036.88597222189,49.78556635086133,0.0,35.576959205947325,129.0867340531484,35.576959205947325,129.0867340531484,469.1860465116279,319.1860465116279,1,469.1860465116279,319.1860465116279,200.0,350.0,51,65,INSIDE,CLEAR,False,,,True,100.0,100.0,100.0,False,369.1860465116279,219.18604651162792,369.1860465116279,219.18604651162792,2,300.0,450.0,1,200.0,350.0,ALL_CLEAR,,100.0,,62,ALL_CLEAR,,100.0,,,ALL_CLEAR/PASS
takeoff,takeoff_stage1,takeoff_stage1,takeoff_stage1,TF,1,30,1,3036.88597222189,3036.88597222189,49.78556635086133,33.33333333333334,35.576959205947325,129.0867340531484,35.57703695332471,129.08709068537883,469.1860465116279,319.1860465116279,1,469.1860465116279,319.1860465116279,200.0,350.0,51,66,INSIDE,CLEAR,False,,,True,100.0,100.0,100.0,False,369.1860465116279,219.18604651162792,369.1860465116279,219.18604651162792,2,300.0,450.0,1,200.0,350.0,ALL_CLEAR,,100.0,,62,ALL_CLEAR,,100.0,,,ALL_CLEAR/PASS
takeoff,takeoff_stage1,takeoff_stage1,takeoff_stage1,TF,1,30,1,3036.88597222189,3036.88597222189,49.78556635086133,66.66666666666669,35.576959205947325,129.0867340531484,35.57711470070209,129.08744731760922,469.1860465116279,319.1860465116279,1,469.1860465116279,319.1860465116279,200.0,350.0,51,66,INSIDE,CLEAR,False,,,True,100.0,100.0,100.0,False,369.1860465116279,219.18604651162792,369.1860465116279,219.18604651162792,2,300.0,450.0,1,200.0,350.0,ALL_CLEAR,,100.0,,62,ALL_CLEAR,,100.0,,,ALL_CLEAR/PASS
takeoff,takeoff_stage1,takeoff_stage1,takeoff_stage1,TF,1,30,1,3036.88597222189,3036.88597222189,49.78556635086133,100.0,35.576959205947325,129.0867340531484,35.57719244807947,129.08780394983964,469.1860465116279,319.1860465116279,1,469.1860465116279,319.1860465116279,200.0,350.0,51,66,INSIDE,CLEAR,False,,,True,100.0,100.0,100.0,False,369.1860465116279,219.18604651162792,369.1860465116279,219.18604651162792,2,300.0,450.0,1,200.0,350.0,ALL_CLEAR,,100.0,,62,ALL_CLEAR,,100.0,,,ALL_CLEAR/PASS
takeoff,takeoff_stage1,takeoff_stage1,takeoff_stage1,TF,1,30,2,3086.671538572751,3086.671538572751,99.57113270172266,-100.0,35.576525979815315,129.0868768245115,35.57629273768317,129.0858069278203,474.4186046511628,324.4186046511628,1,474.4186046511628,324.4186046511628,200.0,350.0,50,64,INSIDE,CLEAR,False,,,True,100.0,100.0,100.0,False,374.4186046511628,224.4186046511628,374.4186046511628,224.4186046511628,2,300.0,450.0,1,200.0,350.0,ALL_CLEAR,,100.0,,63,ALL_CLEAR,,100.0,,,ALL_CLEAR/PASS
takeoff,takeoff_stage1,takeoff_stage1,takeoff_stage1,TF,1,30,2,3086.671538572751,3086.671538572751,99.57113270172266,-66.66666666666666,35.576525979815315,129.0868768245115,35.57637048506055,129.0861635600507,474.4186046511628,324.4186046511628,1,474.4186046511628,324.4186046511628,200.0,350.0,50,65,INSIDE,CLEAR,False,,,True,100.0,100.0,100.0,False,374.4186046511628,224.4186046511628,374.4186046511628,224.4186046511628,2,300.0,450.0,1,200.0,350.0,ALL_CLEAR,,100.0,,63,ALL_CLEAR,,100.0,,,ALL_CLEAR/PASS
takeoff,takeoff_stage1,takeoff_stage1,takeoff_stage1,TF,1,30,2,3086.671538572751,3086.671538572751,99.57113270172266,-33.33333333333333,35.576525979815315,129.0868768245115,35.57644823243793,129.0865201922811,474.4186046511628,324.4186046511628,1,474.4186046511628,324.4186046511628,200.0,350.0,50,65,INSIDE,CLEAR,False,,,True,100.0,100.0,100.0,False,374.4186046511628,224.4186046511628,374.4186046511628,224.4186046511628,2,300.0,450.0,1,200.0,350.0,ALL_CLEAR,,100.0,,63,ALL_CLEAR,,100.0,,,ALL_CLEAR/PASS
takeoff,takeoff_stage1,takeoff_stage1,takeoff_stage1,TF,1,30,2,3086.671538572751,3086.671538572751,99.57113270172266,0.0,35.576525979815315,129.0868768245115,35.576525979815315,129.0868768245115,474.4186046511628,324.4186046511628,1,474.4186046511628,324.4186046511628,200.0,350.0,50,65,INSIDE,CLEAR,False,,,True,100.0,100.0,100.0,False,374.4186046511628,224.4186046511628,374.4186046511628,224.4186046511628,2,300.0,450.0,1,200.0,350.0,ALL_CLEAR,,100.0,,63,ALL_CLEAR,,100.0,,,ALL_CLEAR/PASS
takeoff,takeoff_stage1,takeoff_stage1,takeoff_stage1,TF,1,30,2,3086.671538572751,3086.671538572751,99.57113270172266,33.33333333333334,35.576525979815315,129.0868768245115,35.5766037271927,129.0872334567419,474.4186046511628,324.4186046511628,1,474.4186046511628,324.4186046511628,200.0,350.0,50,66,INSIDE,CLEAR,False,,,True,100.0,100.0,100.0,False,374.4186046511628,224.4186046511628,374.4186046511628,224.4186046511628,2,300.0,450.0,1,200.0,350.0,ALL_CLEAR,,100.0,,63,ALL_CLEAR,,100.0,,,ALL_CLEAR/PASS
takeoff,takeoff_stage1,takeoff_stage1,takeoff_stage1,TF,1,30,2,3086.671538572751,3086.671538572751,99.57113270172266,66.66666666666669,35.576525979815315,129.0868768245115,35.57668147457008,129.08759008897232,474.4186046511628,324.4186046511628,1,474.4186046511628,324.4186046511628,200.0,350.0,51,66,INSIDE,CLEAR,False,,,True,100.0,100.0,100.0,False,374.4186046511628,224.4186046511628,374.4186046511628,224.4186046511628,2,300.0,450.0,1,200.0,350.0,ALL_CLEAR,,100.0,,63,ALL_CLEAR,,100.0,,,ALL_CLEAR/PASS
takeoff,takeoff_stage1,takeoff_stage1,takeoff_stage1,TF,1,30,2,3086.671538572751,3086.671538572751,99.57113270172266,100.0,35.576525979815315,129.0868768245115,35.57675922194746,129.0879467212027,474.4186046511628,324.4186046511628,1,474.4186046511628,324.4186046511628,200.0,350.0,51,66,INSIDE,CLEAR,False,,,True,100.0,100.0,100.0,False,374.4186046511628,224.4186046511628,374.4186046511628,224.4186046511628,2,300.0,450.0,1,200.0,350.0,ALL_CLEAR,,100.0,,63,ALL_CLEAR,,100.0,,,ALL_CLEAR/PASS
takeoff,takeoff_stage1,takeoff_stage1,takeoff_stage1,TF,1,31,0,3086.671538572751,3086.671538572751,0.0,-100.0,35.576525979815315,129.0868768245115,35.57629273532924,129.0858069401693,474.4186046511628,324.4186046511628,1,474.4186046511628,324.4186046511628,200.0,350.0,50,64,INSIDE,CLEAR,False,,,True,100.0,100.0,100.0,False,374.4186046511628,224.4186046511628,374.4186046511628,224.4186046511628,2,300.0,450.0,1,200.0,350.0,ALL_CLEAR,,100.0,,63,ALL_CLEAR,,100.0,,,ALL_CLEAR/PASS
takeoff,takeoff_stage1,takeoff_stage1,takeoff_stage1,TF,1,31,0,3086.671538572751,3086.671538572751,0.0,-66.66666666666666,35.576525979815315,129.0868768245115,35.57637048349127,129.08616356828338,474.4186046511628,324.4186046511628,1,474.4186046511628,324.4186046511628,200.0,350.0,50,65,INSIDE,CLEAR,False,,,True,100.0,100.0,100.0,False,374.4186046511628,224.4186046511628,374.4186046511628,224.4186046511628,2,300.0,450.0,1,200.0,350.0,ALL_CLEAR,,100.0,,63,ALL_CLEAR,,100.0,,,ALL_CLEAR/PASS
takeoff,takeoff_stage1,takeoff_stage1,takeoff_stage1,TF,1,31,0,3086.671538572751,3086.671538572751,0.0,-33.33333333333333,35.576525979815315,129.0868768245115,35.57644823165329,129.08652019639743,474.4186046511628,324.4186046511628,1,474.4186046511628,324.4186046511628,200.0,350.0,50,65,INSIDE,CLEAR,False,,,True,100.0,100.0,100.0,False,374.4186046511628,224.4186046511628,374.4186046511628,224.4186046511628,2,300.0,450.0,1,200.0,350.0,ALL_CLEAR,,100.0,,63,ALL_CLEAR,,100.0,,,ALL_CLEAR/PASS
takeoff,takeoff_stage1,takeoff_stage1,takeoff_stage1,TF,1,31,0,3086.671538572751,3086.671538572751,0.0,33.33333333333334,35.576525979815315,129.0868768245115,35.57660372797734,129.08723345262558,474.4186046511628,324.4186046511628,1,474.4186046511628,324.4186046511628,200.0,350.0,50,66,INSIDE,CLEAR,False,,,True,100.0,100.0,100.0,False,374.4186046511628,224.4186046511628,374.4186046511628,224.4186046511628,2,300.0,450.0,1,200.0,350.0,ALL_CLEAR,,100.0,,63,ALL_CLEAR,,100.0,,,ALL_CLEAR/PASS
takeoff,takeoff_stage1,takeoff_stage1,takeoff_stage1,TF,1,31,0,3086.671538572751,3086.671538572751,0.0,66.66666666666669,35.576525979815315,129.0868768245115,35.57668147613936,129.08759008073963,474.4186046511628,324.4186046511628,1,474.4186046511628,324.4186046511628,200.0,350.0,51,66,INSIDE,CLEAR,False,,,True,100.0,100.0,100.0,False,374.4186046511628,224.4186046511628,374.4186046511628,224.4186046511628,2,300.0,450.0,1,200.0,350.0,ALL_CLEAR,,100.0,,63,ALL_CLEAR,,100.0,,,ALL_CLEAR/PASS
takeoff,takeoff_stage1,takeoff_stage1,takeoff_stage1,TF,1,31,0,3086.671538572751,3086.671538572751,0.0,100.0,35.576525979815315,129.0868768245115,35.57675922430139,129.0879467088537,474.4186046511628,324.4186046511628,1,474.4186046511628,324.4186046511628,200.0,350.0,51,66,INSIDE,CLEAR,False,,,True,100.0,100.0,100.0,False,374.4186046511628,224.4186046511628,374.4186046511628,224.4186046511628,2,300.0,450.0,1,200.0,350.0,ALL_CLEAR,,100.0,,63,ALL_CLEAR,,100.0,,,ALL_CLEAR/PASS
takeoff,takeoff_stage1,takeoff_stage1,takeoff_stage1,TF,1,31,1,3136.457141021714,3136.457141021714,49.78560244896312,-100.0,35.576092753683305,129.0870195958746,35.57585950919723,129.0859497115324,479.6511627906977,329.6511627906977,1,479.6511627906977,329.6511627906977,200.0,350.0,50,64,INSIDE,CLEAR,False,,,True,100.0,100.0,100.0,False,379.6511627906977,229.6511627906977,379.6511627906977,229.6511627906977,2,300.0,450.0,1,200.0,350.0,ALL_CLEAR,,100.0,,64,ALL_CLEAR,,100.0,,,ALL_CLEAR/PASS
takeoff,takeoff_stage1,takeoff_stage1,takeoff_stage1,TF,1,31,1,3136.457141021714,3136.457141021714,49.78560244896312,-66.66666666666666,35.576092753683305,129.0870195958746,35.57593725735926,129.08630633964646,479.6511627906977,329.6511627906977,1,479.6511627906977,329.6511627906977,200.0,350.0,50,65,INSIDE,CLEAR,False,,,True,100.0,100.0,100.0,False,379.6511627906977,229.6511627906977,379.6511627906977,229.6511627906977,2,300.0,450.0,1,200.0,350.0,ALL_CLEAR,,100.0,,64,ALL_CLEAR,,100.0,,,ALL_CLEAR/PASS
takeoff,takeoff_stage1,takeoff_stage1,takeoff_stage1,TF,1,31,1,3136.457141021714,3136.457141021714,49.78560244896312,-33.33333333333333,35.576092753683305,129.0870195958746,35.57601500552128,129.08666296776053,479.6511627906977,329.6511627906977,1,479.6511627906977,329.6511627906977,200.0,350.0,50,65,INSIDE,CLEAR,False,,,True,100.0,100.0,100.0,False,379.6511627906977,229.6511627906977,379.6511627906977,229.6511627906977,2,300.0,450.0,1,200.0,350.0,ALL_CLEAR,,100.0,,64,ALL_CLEAR,,100.0,,,ALL_CLEAR/PASS
takeoff,takeoff_stage1,takeoff_stage1,takeoff_stage1,TF,1,31,1,3136.457141021714,3136.457141021714,49.78560244896312,0.0,35.576092753683305,129.0870195958746,35.576092753683305,129.0870195958746,479.6511627906977,329.6511627906977,1,479.6511627906977,329.6511627906977,200.0,350.0,50,65,INSIDE,CLEAR,False,,,True,100.0,100.0,100.0,False,379.6511627906977,229.6511627906977,379.6511627906977,229.6511627906977,2,300.0,450.0,1,200.0,350.0,ALL_CLEAR,,100.0,,64,ALL_CLEAR,,100.0,,,ALL_CLEAR/PASS
takeoff,takeoff_stage1,takeoff_stage1,takeoff_stage1,TF,1,31,1,3136.457141021714,3136.457141021714,49.78560244896312,33.33333333333334,35.576092753683305,129.0870195958746,35.57617050184533,129.08737622398866,479.6511627906977,329.6511627906977,1,479.6511627906977,329.6511627906977,200.0,350.0,50,66,INSIDE,CLEAR,False,,,True,100.0,100.0,100.0,False,379.6511627906977,229.6511627906977,379.6511627906977,229.6511627906977,2,300.0,450.0,1,200.0,350.0,ALL_CLEAR,,100.0,,64,ALL_CLEAR,,100.0,,,ALL_CLEAR/PASS
takeoff,takeoff_stage1,takeoff_stage1,takeoff_stage1,TF,1,31,1,3136.457141021714,3136.457141021714,49.78560244896312,66.66666666666669,35.576092753683305,129.0870195958746,35.57624825000735,129.08773285210273,479.6511627906977,329.6511627906977,1,479.6511627906977,329.6511627906977,200.0,350.0,50,66,INSIDE,CLEAR,False,,,True,100.0,100.0,100.0,False,379.6511627906977,229.6511627906977,379.6511627906977,229.6511627906977,2,300.0,450.0,1,200.0,350.0,ALL_CLEAR,,100.0,,64,ALL_CLEAR,,100.0,,,ALL_CLEAR/PASS
takeoff,takeoff_stage1,takeoff_stage1,takeoff_stage1,TF,1,31,1,3136.457141021714,3136.457141021714,49.78560244896312,100.0,35.576092753683305,129.0870195958746,35.57632599816938,129.08808948021678,479.6511627906977,329.6511627906977,1,479.6511627906977,329.6511627906977,200.0,350.0,50,67,INSIDE,CLEAR,False,,,True,100.0,100.0,100.0,False,379.6511627906977,229.6511627906977,379.6511627906977,229.6511627906977,2,300.0,450.0,1,200.0,350.0,ALL_CLEAR,,100.0,,64,ALL_CLEAR,,100.0,,,ALL_CLEAR/PASS
takeoff,takeoff_stage1,takeoff_stage1,takeoff_stage1,TF,1,31,2,3186.2427434706774,3186.2427434706774,99.57120489792624,-100.0,35.575659527551295,129.08716236723768,35.57542628306522,129.08609248289548,484.8837209302326,334.8837209302326,1,484.8837209302326,334.8837209302326,200.0,350.0,49,65,INSIDE,CLEAR,False,,,True,100.0,100.0,100.0,False,384.8837209302326,234.88372093023258,384.8837209302326,234.88372093023258,2,300.0,450.0,1,200.0,350.0,ALL_CLEAR,,100.0,,65,ALL_CLEAR,,100.0,,,ALL_CLEAR/PASS
takeoff,takeoff_stage1,takeoff_stage1,takeoff_stage1,TF,1,31,2,3186.2427434706774,3186.2427434706774,99.57120489792624,-66.66666666666666,35.575659527551295,129.08716236723768,35.57550403122725,129.08644911100956,484.8837209302326,334.8837209302326,1,484.8837209302326,334.8837209302326,200.0,350.0,49,65,INSIDE,CLEAR,False,,,True,100.0,100.0,100.0,False,384.8837209302326,234.88372093023258,384.8837209302326,234.88372093023258,2,300.0,450.0,1,200.0,350.0,ALL_CLEAR,,100.0,,65,ALL_CLEAR,,100.0,,,ALL_CLEAR/PASS
takeoff,takeoff_stage1,takeoff_stage1,takeoff_stage1,TF,1,31,2,3186.2427434706774,3186.2427434706774,99.57120489792624,-33.33333333333333,35.575659527551295,129.08716236723768,35.57558177938927,129.0868057391236,484.8837209302326,334.8837209302326,1,484.8837209302326,334.8837209302326,200.0,350.0,49,65,INSIDE,CLEAR,False,,,True,100.0,100.0,100.0,False,384.8837209302326,234.88372093023258,384.8837209302326,234.88372093023258,2,300.0,450.0,1,200.0,350.0,ALL_CLEAR,,100.0,,65,ALL_CLEAR,,100.0,,,ALL_CLEAR/PASS
takeoff,takeoff_stage1,takeoff_stage1,takeoff_stage1,TF,1,31,2,3186.2427434706774,3186.2427434706774,99.57120489792624,0.0,35.575659527551295,129.08716236723768,35.575659527551295,129.08716236723768,484.8837209302326,334.8837209302326,1,484.8837209302326,334.8837209302326,200.0,350.0,49,66,INSIDE,CLEAR,False,,,True,100.0,100.0,100.0,False,384.8837209302326,234.88372093023258,384.8837209302326,234.88372093023258,2,300.0,450.0,1,200.0,350.0,ALL_CLEAR,,100.0,,65,ALL_CLEAR,,100.0,,,ALL_CLEAR/PASS
takeoff,takeoff_stage1,takeoff_stage1,takeoff_stage1,TF,1,31,2,3186.2427434706774,3186.2427434706774,99.57120489792624,33.33333333333334,35.575659527551295,129.08716236723768,35.57573727571332,129.08751899535176,484.8837209302326,334.8837209302326,1,484.8837209302326,334.8837209302326,200.0,350.0,49,66,INSIDE,CLEAR,False,,,True,100.0,100.0,100.0,False,384.8837209302326,234.88372093023258,384.8837209302326,234.88372093023258,2,300.0,450.0,1,200.0,350.0,ALL_CLEAR,,100.0,,65,ALL_CLEAR,,100.0,,,ALL_CLEAR/PASS
takeoff,takeoff_stage1,takeoff_stage1,takeoff_stage1,TF,1,31,2,3186.2427434706774,3186.2427434706774,99.57120489792624,66.66666666666669,35.575659527551295,129.08716236723768,35.57581502387534,129.0878756234658,484.8837209302326,334.8837209302326,1,484.8837209302326,334.8837209302326,200.0,350.0,50,66,INSIDE,CLEAR,False,,,True,100.0,100.0,100.0,False,384.8837209302326,234.88372093023258,384.8837209302326,234.88372093023258,2,300.0,450.0,1,200.0,350.0,ALL_CLEAR,,100.0,,65,ALL_CLEAR,,100.0,,,ALL_CLEAR/PASS
takeoff,takeoff_stage1,takeoff_stage1,takeoff_stage1,TF,1,31,2,3186.2427434706774,3186.2427434706774,99.57120489792624,100.0,35.575659527551295,129.08716236723768,35.57589277203737,129.08823225157988,484.8837209302326,334.8837209302326,1,484.8837209302326,334.8837209302326,200.0,350.0,50,67,INSIDE,CLEAR,False,,,True,100.0,100.0,100.0,False,384.8837209302326,234.88372093023258,384.8837209302326,234.88372093023258,2,300.0,450.0,1,200.0,350.0,ALL_CLEAR,,100.0,,65,ALL_CLEAR,,100.0,,,ALL_CLEAR/PASS
takeoff,takeoff_stage1,takeoff_stage1,takeoff_stage1,TF,1,32,0,3186.2427434706774,3186.2427434706774,0.0,-100.0,35.575659527551295,129.08716236723768,35.57542628071134,129.08609249524397,484.8837209302326,334.8837209302326,1,484.8837209302326,334.8837209302326,200.0,350.0,49,65,INSIDE,CLEAR,False,,,True,100.0,100.0,100.0,False,384.8837209302326,234.88372093023258,384.8837209302326,234.88372093023258,2,300.0,450.0,1,200.0,350.0,ALL_CLEAR,,100.0,,65,ALL_CLEAR,,100.0,,,ALL_CLEAR/PASS
takeoff,takeoff_stage1,takeoff_stage1,takeoff_stage1,TF,1,32,0,3186.2427434706774,3186.2427434706774,0.0,-66.66666666666666,35.575659527551295,129.08716236723768,35.57550402965799,129.08644911924188,484.8837209302326,334.8837209302326,1,484.8837209302326,334.8837209302326,200.0,350.0,49,65,INSIDE,CLEAR,False,,,True,100.0,100.0,100.0,False,384.8837209302326,234.88372093023258,384.8837209302326,234.88372093023258,2,300.0,450.0,1,200.0,350.0,ALL_CLEAR,,100.0,,65,ALL_CLEAR,,100.0,,,ALL_CLEAR/PASS
takeoff,takeoff_stage1,takeoff_stage1,takeoff_stage1,TF,1,32,0,3186.2427434706774,3186.2427434706774,0.0,-33.33333333333333,35.575659527551295,129.08716236723768,35.57558177860464,129.08680574323978,484.8837209302326,334.8837209302326,1,484.8837209302326,334.8837209302326,200.0,350.0,49,65,INSIDE,CLEAR,False,,,True,100.0,100.0,100.0,False,384.8837209302326,234.88372093023258,384.8837209302326,234.88372093023258,2,300.0,450.0,1,200.0,350.0,ALL_CLEAR,,100.0,,65,ALL_CLEAR,,100.0,,,ALL_CLEAR/PASS
takeoff,takeoff_stage1,takeoff_stage1,takeoff_stage1,TF,1,32,0,3186.2427434706774,3186.2427434706774,0.0,33.33333333333334,35.575659527551295,129.08716236723768,35.57573727649795,129.08751899123558,484.8837209302326,334.8837209302326,1,484.8837209302326,334.8837209302326,200.0,350.0,49,66,INSIDE,CLEAR,False,,,True,100.0,100.0,100.0,False,384.8837209302326,234.88372093023258,384.8837209302326,234.88372093023258,2,300.0,450.0,1,200.0,350.0,ALL_CLEAR,,100.0,,65,ALL_CLEAR,,100.0,,,ALL_CLEAR/PASS
takeoff,takeoff_stage1,takeoff_stage1,takeoff_stage1,TF,1,32,0,3186.2427434706774,3186.2427434706774,0.0,66.66666666666669,35.575659527551295,129.08716236723768,35.5758150254446,129.0878756152335,484.8837209302326,334.8837209302326,1,484.8837209302326,334.8837209302326,200.0,350.0,50,66,INSIDE,CLEAR,False,,,True,100.0,100.0,100.0,False,384.8837209302326,234.88372093023258,384.8837209302326,234.88372093023258,2,300.0,450.0,1,200.0,350.0,ALL_CLEAR,,100.0,,65,ALL_CLEAR,,100.0,,,ALL_CLEAR/PASS
takeoff,takeoff_stage1,takeoff_stage1,takeoff_stage1,TF,1,32,0,3186.2427434706774,3186.2427434706774,0.0,100.0,35.575659527551295,129.08716236723768,35.57589277439125,129.0882322392314,484.8837209302326,334.8837209302326,1,484.8837209302326,334.8837209302326,200.0,350.0,50,67,INSIDE,CLEAR,False,,,True,100.0,100.0,100.0,False,384.8837209302326,234.88372093023258,384.8837209302326,234.88372093023258,2,300.0,450.0,1,200.0,350.0,ALL_CLEAR,,100.0,,65,ALL_CLEAR,,100.0,,,ALL_CLEAR/PASS
takeoff,takeoff_stage1,takeoff_stage1,takeoff_stage1,TF,1,32,1,3236.0283820173436,3236.0283820173436,49.78563854666604,-100.0,35.575226301419285,129.08730513860075,35.57499305457933,129.08623526660705,490.1162790697675,340.1162790697675,1,490.1162790697675,340.1162790697675,200.0,350.0,49,65,INSIDE,CLEAR,False,,,True,100.0,100.0,100.0,False,390.1162790697675,240.11627906976747,390.1162790697675,240.11627906976747,2,300.0,450.0,1,200.0,350.0,ALL_CLEAR,,100.0,,66,ALL_CLEAR,,100.0,,,ALL_CLEAR/PASS
takeoff,takeoff_stage1,takeoff_stage1,takeoff_stage1,TF,1,32,1,3236.0283820173436,3236.0283820173436,49.78563854666604,-66.66666666666666,35.575226301419285,129.08730513860075,35.57507080352598,129.08659189060495,490.1162790697675,340.1162790697675,1,490.1162790697675,340.1162790697675,200.0,350.0,49,65,INSIDE,CLEAR,False,,,True,100.0,100.0,100.0,False,390.1162790697675,240.11627906976747,390.1162790697675,240.11627906976747,2,300.0,450.0,1,200.0,350.0,ALL_CLEAR,,100.0,,66,ALL_CLEAR,,100.0,,,ALL_CLEAR/PASS
takeoff,takeoff_stage1,takeoff_stage1,takeoff_stage1,TF,1,32,1,3236.0283820173436,3236.0283820173436,49.78563854666604,-33.33333333333333,35.575226301419285,129.08730513860075,35.57514855247263,129.08694851460285,490.1162790697675,340.1162790697675,1,490.1162790697675,340.1162790697675,200.0,350.0,49,65,INSIDE,CLEAR,False,,,True,100.0,100.0,100.0,False,390.1162790697675,240.11627906976747,390.1162790697675,240.11627906976747,2,300.0,450.0,1,200.0,350.0,ALL_CLEAR,,100.0,,66,ALL_CLEAR,,100.0,,,ALL_CLEAR/PASS
takeoff,takeoff_stage1,takeoff_stage1,takeoff_stage1,TF,1,32,1,3236.0283820173436,3236.0283820173436,49.78563854666604,0.0,35.575226301419285,129.08730513860075,35.575226301419285,129.08730513860075,490.1162790697675,340.1162790697675,1,490.1162790697675,340.1162790697675,200.0,350.0,49,66,INSIDE,CLEAR,False,,,True,100.0,100.0,100.0,False,390.1162790697675,240.11627906976747,390.1162790697675,240.11627906976747,2,300.0,450.0,1,200.0,350.0,ALL_CLEAR,,100.0,,66,ALL_CLEAR,,100.0,,,ALL_CLEAR/PASS
takeoff,takeoff_stage1,takeoff_stage1,takeoff_stage1,TF,1,32,1,3236.0283820173436,3236.0283820173436,49.78563854666604,33.33333333333334,35.575226301419285,129.08730513860075,35.575304050365936,129.08766176259869,490.1162790697675,340.1162790697675,1,490.1162790697675,340.1162790697675,200.0,350.0,49,66,INSIDE,CLEAR,False,,,True,100.0,100.0,100.0,False,390.1162790697675,240.11627906976747,390.1162790697675,240.11627906976747,2,300.0,450.0,1,200.0,350.0,ALL_CLEAR,,100.0,,66,ALL_CLEAR,,100.0,,,ALL_CLEAR/PASS
takeoff,takeoff_stage1,takeoff_stage1,takeoff_stage1,TF,1,32,1,3236.0283820173436,3236.0283820173436,49.78563854666604,66.66666666666669,35.575226301419285,129.08730513860075,35.57538179931259,129.0880183865966,490.1162790697675,340.1162790697675,1,490.1162790697675,340.1162790697675,200.0,350.0,49,66,INSIDE,CLEAR,False,,,True,100.0,100.0,100.0,False,390.1162790697675,240.11627906976747,390.1162790697675,240.11627906976747,2,300.0,450.0,1,200.0,350.0,ALL_CLEAR,,100.0,,66,ALL_CLEAR,,100.0,,,ALL_CLEAR/PASS
takeoff,takeoff_stage1,takeoff_stage1,takeoff_stage1,TF,1,32,1,3236.0283820173436,3236.0283820173436,49.78563854666604,100.0,35.575226301419285,129.08730513860075,35.57545954825924,129.0883750105945,490.1162790697675,340.1162790697675,1,490.1162790697675,340.1162790697675,200.0,350.0,49,67,INSIDE,CLEAR,False,,,True,100.0,100.0,100.0,False,390.1162790697675,240.11627906976747,390.1162790697675,240.11627906976747,2,300.0,450.0,1,200.0,350.0,ALL_CLEAR,,100.0,,66,ALL_CLEAR,,100.0,,,ALL_CLEAR/PASS
takeoff,takeoff_stage1,takeoff_stage1,takeoff_stage1,TF,1,32,2,3285.8140205640093,3285.8140205640093,99.57127709333209,-100.0,35.574793075287275,129.08744790996386,35.57455982844732,129.08637803797015,495.34883720930236,345.34883720930236,1,495.34883720930236,345.34883720930236,200.0,350.0,48,65,INSIDE,CLEAR,False,,,True,100.0,100.0,100.0,False,395.34883720930236,245.34883720930236,395.34883720930236,245.34883720930236,2,300.0,450.0,1,200.0,350.0,ALL_CLEAR,,100.0,,67,ALL_CLEAR,,100.0,,,ALL_CLEAR/PASS
takeoff,takeoff_stage1,takeoff_stage1,takeoff_stage1,TF,1,32,2,3285.8140205640093,3285.8140205640093,99.57127709333209,-66.66666666666666,35.574793075287275,129.08744790996386,35.57463757739397,129.08673466196805,495.34883720930236,345.34883720930236,1,495.34883720930236,345.34883720930236,200.0,350.0,48,65,INSIDE,CLEAR,False,,,True,100.0,100.0,100.0,False,395.34883720930236,245.34883720930236,395.34883720930236,245.34883720930236,2,300.0,450.0,1,200.0,350.0,ALL_CLEAR,,100.0,,67,ALL_CLEAR,,100.0,,,ALL_CLEAR/PASS
takeoff,takeoff_stage1,takeoff_stage1,takeoff_stage1,TF,1,32,2,3285.8140205640093,3285.8140205640093,99.57127709333209,-33.33333333333333,35.574793075287275,129.08744790996386,35.57471532634062,129.08709128596595,495.34883720930236,345.34883720930236,1,495.34883720930236,345.34883720930236,200.0,350.0,48,66,INSIDE,CLEAR,False,,,True,100.0,100.0,100.0,False,395.34883720930236,245.34883720930236,395.34883720930236,245.34883720930236,2,300.0,450.0,1,200.0,350.0,ALL_CLEAR,,100.0,,67,ALL_CLEAR,,100.0,,,ALL_CLEAR/PASS
takeoff,takeoff_stage1,takeoff_stage1,takeoff_stage1,TF,1,32,2,3285.8140205640093,3285.8140205640093,99.57127709333209,0.0,35.574793075287275,129.08744790996386,35.574793075287275,129.08744790996386,495.34883720930236,345.34883720930236,1,495.34883720930236,345.34883720930236,200.0,350.0,48,66,INSIDE,CLEAR,False,,,True,100.0,100.0,100.0,False,395.34883720930236,245.34883720930236,395.34883720930236,245.34883720930236,2,300.0,450.0,1,200.0,350.0,ALL_CLEAR,,100.0,,67,ALL_CLEAR,,100.0,,,ALL_CLEAR/PASS
takeoff,takeoff_stage1,takeoff_stage1,takeoff_stage1,TF,1,32,2,3285.8140205640093,3285.8140205640093,99.57127709333209,33.33333333333334,35.574793075287275,129.08744790996386,35.574870824233926,129.08780453396176,495.34883720930236,345.34883720930236,1,495.34883720930236,345.34883720930236,200.0,350.0,48,66,INSIDE,CLEAR,False,,,True,100.0,100.0,100.0,False,395.34883720930236,245.34883720930236,395.34883720930236,245.34883720930236,2,300.0,450.0,1,200.0,350.0,ALL_CLEAR,,100.0,,67,ALL_CLEAR,,100.0,,,ALL_CLEAR/PASS
takeoff,takeoff_stage1,takeoff_stage1,takeoff_stage1,TF,1,32,2,3285.8140205640093,3285.8140205640093,99.57127709333209,66.66666666666669,35.574793075287275,129.08744790996386,35.57494857318058,129.08816115795966,495.34883720930236,345.34883720930236,1,495.34883720930236,345.34883720930236,200.0,350.0,48,67,INSIDE,CLEAR,False,,,True,100.0,100.0,100.0,False,395.34883720930236,245.34883720930236,395.34883720930236,245.34883720930236,2,300.0,450.0,1,200.0,350.0,ALL_CLEAR,,100.0,,67,ALL_CLEAR,,100.0,,,ALL_CLEAR/PASS
takeoff,takeoff_stage1,takeoff_stage1,takeoff_stage1,TF,1,32,2,3285.8140205640093,3285.8140205640093,99.57127709333209,100.0,35.574793075287275,129.08744790996386,35.57502632212723,129.08851778195756,495.34883720930236,345.34883720930236,1,495.34883720930236,345.34883720930236,200.0,350.0,49,67,INSIDE,CLEAR,False,,,True,100.0,100.0,100.0,False,395.34883720930236,245.34883720930236,395.34883720930236,245.34883720930236,2,300.0,450.0,1,200.0,350.0,ALL_CLEAR,,100.0,,67,ALL_CLEAR,,100.0,,,ALL_CLEAR/PASS
takeoff,takeoff_stage1,takeoff_stage1,takeoff_stage1,TF,1,33,0,3285.8140205640093,3285.8140205640093,0.0,-100.0,35.574793075287275,129.08744790996386,35.574559826093505,129.0863780503181,495.34883720930236,345.34883720930236,1,495.34883720930236,345.34883720930236,200.0,350.0,48,65,INSIDE,CLEAR,False,,,True,100.0,100.0,100.0,False,395.34883720930236,245.34883720930236,395.34883720930236,245.34883720930236,2,300.0,450.0,1,200.0,350.0,ALL_CLEAR,,100.0,,67,ALL_CLEAR,,100.0,,,ALL_CLEAR/PASS
takeoff,takeoff_stage1,takeoff_stage1,takeoff_stage1,TF,1,33,0,3285.8140205640093,3285.8140205640093,0.0,-66.66666666666666,35.574793075287275,129.08744790996386,35.57463757582476,129.08673467020003,495.34883720930236,345.34883720930236,1,495.34883720930236,345.34883720930236,200.0,350.0,48,65,INSIDE,CLEAR,False,,,True,100.0,100.0,100.0,False,395.34883720930236,245.34883720930236,395.34883720930236,245.34883720930236,2,300.0,450.0,1,200.0,350.0,ALL_CLEAR,,100.0,,67,ALL_CLEAR,,100.0,,,ALL_CLEAR/PASS
takeoff,takeoff_stage1,takeoff_stage1,takeoff_stage1,TF,1,33,0,3285.8140205640093,3285.8140205640093,0.0,-33.33333333333333,35.574793075287275,129.08744790996386,35.57471532555602,129.08709129008193,495.34883720930236,345.34883720930236,1,495.34883720930236,345.34883720930236,200.0,350.0,48,66,INSIDE,CLEAR,False,,,True,100.0,100.0,100.0,False,395.34883720930236,245.34883720930236,395.34883720930236,245.34883720930236,2,300.0,450.0,1,200.0,350.0,ALL_CLEAR,,100.0,,67,ALL_CLEAR,,100.0,,,ALL_CLEAR/PASS
takeoff,takeoff_stage1,takeoff_stage1,takeoff_stage1,TF,1,33,0,3285.8140205640093,3285.8140205640093,0.0,33.33333333333334,35.574793075287275,129.08744790996386,35.57487082501853,129.08780452984578,495.34883720930236,345.34883720930236,1,495.34883720930236,345.34883720930236,200.0,350.0,48,66,INSIDE,CLEAR,False,,,True,100.0,100.0,100.0,False,395.34883720930236,245.34883720930236,395.34883720930236,245.34883720930236,2,300.0,450.0,1,200.0,350.0,ALL_CLEAR,,100.0,,67,ALL_CLEAR,,100.0,,,ALL_CLEAR/PASS
takeoff,takeoff_stage1,takeoff_stage1,takeoff_stage1,TF,1,33,0,3285.8140205640093,3285.8140205640093,0.0,66.66666666666669,35.574793075287275,129.08744790996386,35.57494857474979,129.08816114972768,495.34883720930236,345.34883720930236,1,495.34883720930236,345.34883720930236,200.0,350.0,48,67,INSIDE,CLEAR,False,,,True,100.0,100.0,100.0,False,395.34883720930236,245.34883720930236,395.34883720930236,245.34883720930236,2,300.0,450.0,1,200.0,350.0,ALL_CLEAR,,100.0,,67,ALL_CLEAR,,100.0,,,ALL_CLEAR/PASS
takeoff,takeoff_stage1,takeoff_stage1,takeoff_stage1,TF,1,33,0,3285.8140205640093,3285.8140205640093,0.0,100.0,35.574793075287275,129.08744790996386,35.575026324481044,129.0885177696096,495.34883720930236,345.34883720930236,1,495.34883720930236,345.34883720930236,200.0,350.0,49,67,INSIDE,CLEAR,False,,,True,100.0,100.0,100.0,False,395.34883720930236,245.34883720930236,395.34883720930236,245.34883720930236,2,300.0,450.0,1,200.0,350.0,ALL_CLEAR,,100.0,,67,ALL_CLEAR,,100.0,,,ALL_CLEAR/PASS
takeoff,takeoff_stage1,takeoff_stage1,takeoff_stage1,TF,1,33,1,3335.59969520836,3335.59969520836,49.78567464435098,-100.0,35.57435984915526,129.08759068132696,35.57412659996149,129.0865208216812,500.5813953488372,350.5813953488372,1,500.5813953488372,350.5813953488372,200.0,350.0,47,65,INSIDE,CLEAR,False,,,True,100.0,100.0,100.0,False,400.5813953488372,250.5813953488372,400.5813953488372,250.5813953488372,2,300.0,450.0,1,200.0,350.0,ALL_CLEAR,,100.0,,68,ALL_CLEAR,,100.0,,,ALL_CLEAR/PASS
takeoff,takeoff_stage1,takeoff_stage1,takeoff_stage1,TF,1,33,1,3335.59969520836,3335.59969520836,49.78567464435098,-66.66666666666666,35.57435984915526,129.08759068132696,35.57420434969275,129.0868774415631,500.5813953488372,350.5813953488372,1,500.5813953488372,350.5813953488372,200.0,350.0,48,65,INSIDE,CLEAR,False,,,True,100.0,100.0,100.0,False,400.5813953488372,250.5813953488372,400.5813953488372,250.5813953488372,2,300.0,450.0,1,200.0,350.0,ALL_CLEAR,,100.0,,68,ALL_CLEAR,,100.0,,,ALL_CLEAR/PASS
takeoff,takeoff_stage1,takeoff_stage1,takeoff_stage1,TF,1,33,1,3335.59969520836,3335.59969520836,49.78567464435098,-33.33333333333333,35.57435984915526,129.08759068132696,35.574282099424,129.08723406144503,500.5813953488372,350.5813953488372,1,500.5813953488372,350.5813953488372,200.0,350.0,48,66,INSIDE,CLEAR,False,,,True,100.0,100.0,100.0,False,400.5813953488372,250.5813953488372,400.5813953488372,250.5813953488372,2,300.0,450.0,1,200.0,350.0,ALL_CLEAR,,100.0,,68,ALL_CLEAR,,100.0,,,ALL_CLEAR/PASS
takeoff,takeoff_stage1,takeoff_stage1,takeoff_stage1,TF,1,33,1,3335.59969520836,3335.59969520836,49.78567464435098,0.0,35.57435984915526,129.08759068132696,35.57435984915526,129.08759068132696,500.5813953488372,350.5813953488372,1,500.5813953488372,350.5813953488372,200.0,350.0,48,66,INSIDE,CLEAR,False,,,True,100.0,100.0,100.0,False,400.5813953488372,250.5813953488372,400.5813953488372,250.5813953488372,2,300.0,450.0,1,200.0,350.0,ALL_CLEAR,,100.0,,68,ALL_CLEAR,,100.0,,,ALL_CLEAR/PASS
takeoff,takeoff_stage1,takeoff_stage1,takeoff_stage1,TF,1,33,1,3335.59969520836,3335.59969520836,49.78567464435098,33.33333333333334,35.57435984915526,129.08759068132696,35.57443759888652,129.08794730120886,500.5813953488372,350.5813953488372,1,500.5813953488372,350.5813953488372,200.0,350.0,48,66,INSIDE,CLEAR,False,,,True,100.0,100.0,100.0,False,400.5813953488372,250.5813953488372,400.5813953488372,250.5813953488372,2,300.0,450.0,1,200.0,350.0,ALL_CLEAR,,100.0,,68,ALL_CLEAR,,100.0,,,ALL_CLEAR/PASS
takeoff,takeoff_stage1,takeoff_stage1,takeoff_stage1,TF,1,33,1,3335.59969520836,3335.59969520836,49.78567464435098,66.66666666666669,35.57435984915526,129.08759068132696,35.57451534861777,129.08830392109078,500.5813953488372,350.5813953488372,1,500.5813953488372,350.5813953488372,200.0,350.0,48,67,INSIDE,CLEAR,False,,,True,100.0,100.0,100.0,False,400.5813953488372,250.5813953488372,400.5813953488372,250.5813953488372,2,300.0,450.0,1,200.0,350.0,ALL_CLEAR,,100.0,,68,ALL_CLEAR,,100.0,,,ALL_CLEAR/PASS
takeoff,takeoff_stage1,takeoff_stage1,takeoff_stage1,TF,1,33,1,3335.59969520836,3335.59969520836,49.78567464435098,100.0,35.57435984915526,129.08759068132696,35.574593098349034,129.08866054097268,500.5813953488372,350.5813953488372,1,500.5813953488372,350.5813953488372,200.0,350.0,48,67,INSIDE,CLEAR,False,,,True,100.0,100.0,100.0,False,400.5813953488372,250.5813953488372,400.5813953488372,250.5813953488372,2,300.0,450.0,1,200.0,350.0,ALL_CLEAR,,100.0,,68,ALL_CLEAR,,100.0,,,ALL_CLEAR/PASS
takeoff,takeoff_stage1,takeoff_stage1,takeoff_stage1,TF,1,33,2,3385.3853698527114,3385.3853698527114,99.57134928870197,-100.0,35.57392662302325,129.08773345269003,35.57369337382948,129.08666359304428,505.8139534883721,355.8139534883721,1,505.8139534883721,355.8139534883721,200.0,350.0,47,65,INSIDE,CLEAR,False,,,True,100.0,100.0,100.0,False,405.8139534883721,255.81395348837208,405.8139534883721,255.81395348837208,2,300.0,450.0,1,200.0,350.0,ALL_CLEAR,,100.0,,69,ALL_CLEAR,,100.0,,,ALL_CLEAR/PASS
takeoff,takeoff_stage1,takeoff_stage1,takeoff_stage1,TF,1,33,2,3385.3853698527114,3385.3853698527114,99.57134928870197,-66.66666666666666,35.57392662302325,129.08773345269003,35.57377112356073,129.0870202129262,505.8139534883721,355.8139534883721,1,505.8139534883721,355.8139534883721,200.0,350.0,47,65,INSIDE,CLEAR,False,,,True,100.0,100.0,100.0,False,405.8139534883721,255.81395348837208,405.8139534883721,255.81395348837208,2,300.0,450.0,1,200.0,350.0,ALL_CLEAR,,100.0,,69,ALL_CLEAR,,100.0,,,ALL_CLEAR/PASS
takeoff,takeoff_stage1,takeoff_stage1,takeoff_stage1,TF,1,33,2,3385.3853698527114,3385.3853698527114,99.57134928870197,-33.33333333333333,35.57392662302325,129.08773345269003,35.57384887329199,129.0873768328081,505.8139534883721,355.8139534883721,1,505.8139534883721,355.8139534883721,200.0,350.0,47,66,INSIDE,CLEAR,False,,,True,100.0,100.0,100.0,False,405.8139534883721,255.81395348837208,405.8139534883721,255.81395348837208,2,300.0,450.0,1,200.0,350.0,ALL_CLEAR,,100.0,,69,ALL_CLEAR,,100.0,,,ALL_CLEAR/PASS
takeoff,takeoff_stage1,takeoff_stage1,takeoff_stage1,TF,1,33,2,3385.3853698527114,3385.3853698527114,99.57134928870197,0.0,35.57392662302325,129.08773345269003,35.57392662302325,129.08773345269003,505.8139534883721,355.8139534883721,1,505.8139534883721,355.8139534883721,200.0,350.0,47,66,INSIDE,CLEAR,False,,,True,100.0,100.0,100.0,False,405.8139534883721,255.81395348837208,405.8139534883721,255.81395348837208,2,300.0,450.0,1,200.0,350.0,ALL_CLEAR,,100.0,,69,ALL_CLEAR,,100.0,,,ALL_CLEAR/PASS
takeoff,takeoff_stage1,takeoff_stage1,takeoff_stage1,TF,1,33,2,3385.3853698527114,3385.3853698527114,99.57134928870197,33.33333333333334,35.57392662302325,129.08773345269003,35.5740043727545,129.08809007257196,505.8139534883721,355.8139534883721,1,505.8139534883721,355.8139534883721,200.0,350.0,47,67,INSIDE,CLEAR,False,,,True,100.0,100.0,100.0,False,405.8139534883721,255.81395348837208,405.8139534883721,255.81395348837208,2,300.0,450.0,1,200.0,350.0,ALL_CLEAR,,100.0,,69,ALL_CLEAR,,100.0,,,ALL_CLEAR/PASS
takeoff,takeoff_stage1,takeoff_stage1,takeoff_stage1,TF,1,33,2,3385.3853698527114,3385.3853698527114,99.57134928870197,66.66666666666669,35.57392662302325,129.08773345269003,35.57408212248576,129.08844669245386,505.8139534883721,355.8139534883721,1,505.8139534883721,355.8139534883721,200.0,350.0,47,67,INSIDE,CLEAR,False,,,True,100.0,100.0,100.0,False,405.8139534883721,255.81395348837208,405.8139534883721,255.81395348837208,2,300.0,450.0,1,200.0,350.0,ALL_CLEAR,,100.0,,69,ALL_CLEAR,,100.0,,,ALL_CLEAR/PASS
takeoff,takeoff_stage1,takeoff_stage1,takeoff_stage1,TF,1,33,2,3385.3853698527114,3385.3853698527114,99.57134928870197,100.0,35.57392662302325,129.08773345269003,35.57415987221702,129.08880331233578,505.8139534883721,355.8139534883721,1,505.8139534883721,355.8139534883721,200.0,350.0,48,67,INSIDE,CLEAR,False,,,True,100.0,100.0,100.0,False,405.8139534883721,255.81395348837208,405.8139534883721,255.81395348837208,2,300.0,450.0,1,200.0,350.0,ALL_CLEAR,,100.0,,69,ALL_CLEAR,,100.0,,,ALL_CLEAR/PASS
takeoff,takeoff_stage1,takeoff_stage1,takeoff_stage1,TF,1,34,0,3385.3853698527114,3385.3853698527114,0.0,-100.0,35.57392662302325,129.08773345269003,35.573693371475684,129.08666360539172,505.8139534883721,355.8139534883721,1,505.8139534883721,355.8139534883721,200.0,350.0,47,65,INSIDE,CLEAR,False,,,True,100.0,100.0,100.0,False,405.8139534883721,255.81395348837208,405.8139534883721,255.81395348837208,2,300.0,450.0,1,200.0,350.0,ALL_CLEAR,,100.0,,69,ALL_CLEAR,,100.0,,,ALL_CLEAR/PASS
takeoff,takeoff_stage1,takeoff_stage1,takeoff_stage1,TF,1,34,0,3385.3853698527114,3385.3853698527114,0.0,-66.66666666666666,35.57392662302325,129.08773345269003,35.57377112199154,129.08702022115784,505.8139534883721,355.8139534883721,1,505.8139534883721,355.8139534883721,200.0,350.0,47,65,INSIDE,CLEAR,False,,,True,100.0,100.0,100.0,False,405.8139534883721,255.81395348837208,405.8139534883721,255.81395348837208,2,300.0,450.0,1,200.0,350.0,ALL_CLEAR,,100.0,,69,ALL_CLEAR,,100.0,,,ALL_CLEAR/PASS
takeoff,takeoff_stage1,takeoff_stage1,takeoff_stage1,TF,1,34,0,3385.3853698527114,3385.3853698527114,0.0,-33.33333333333333,35.57392662302325,129.08773345269003,35.57384887250739,129.08737683692394,505.8139534883721,355.8139534883721,1,505.8139534883721,355.8139534883721,200.0,350.0,47,66,INSIDE,CLEAR,False,,,True,100.0,100.0,100.0,False,405.8139534883721,255.81395348837208,405.8139534883721,255.81395348837208,2,300.0,450.0,1,200.0,350.0,ALL_CLEAR,,100.0,,69,ALL_CLEAR,,100.0,,,ALL_CLEAR/PASS
takeoff,takeoff_stage1,takeoff_stage1,takeoff_stage1,TF,1,34,0,3385.3853698527114,3385.3853698527114,0.0,33.33333333333334,35.57392662302325,129.08773345269003,35.574004373539104,129.08809006845613,505.8139534883721,355.8139534883721,1,505.8139534883721,355.8139534883721,200.0,350.0,47,67,INSIDE,CLEAR,False,,,True,100.0,100.0,100.0,False,405.8139534883721,255.81395348837208,405.8139534883721,255.81395348837208,2,300.0,450.0,1,200.0,350.0,ALL_CLEAR,,100.0,,69,ALL_CLEAR,,100.0,,,ALL_CLEAR/PASS
takeoff,takeoff_stage1,takeoff_stage1,takeoff_stage1,TF,1,34,0,3385.3853698527114,3385.3853698527114,0.0,66.66666666666669,35.57392662302325,129.08773345269003,35.574082124054954,129.08844668422222,505.8139534883721,355.8139534883721,1,505.8139534883721,355.8139534883721,200.0,350.0,47,67,INSIDE,CLEAR,False,,,True,100.0,100.0,100.0,False,405.8139534883721,255.81395348837208,405.8139534883721,255.81395348837208,2,300.0,450.0,1,200.0,350.0,ALL_CLEAR,,100.0,,69,ALL_CLEAR,,100.0,,,ALL_CLEAR/PASS
takeoff,takeoff_stage1,takeoff_stage1,takeoff_stage1,TF,1,34,0,3385.3853698527114,3385.3853698527114,0.0,100.0,35.57392662302325,129.08773345269003,35.57415987457081,129.08880329998834,505.8139534883721,355.8139534883721,1,505.8139534883721,355.8139534883721,200.0,350.0,48,67,INSIDE,CLEAR,False,,,True,100.0,100.0,100.0,False,405.8139534883721,255.81395348837208,405.8139534883721,255.81395348837208,2,300.0,450.0,1,200.0,350.0,ALL_CLEAR,,100.0,,69,ALL_CLEAR,,100.0,,,ALL_CLEAR/PASS
takeoff,takeoff_stage1,takeoff_stage1,takeoff_stage1,TF,1,34,1,3435.1710805939188,3435.1710805939188,49.78571074120737,-100.0,35.57349339689124,129.08787622405313,35.573260145343674,129.08680637675482,511.04651162790697,361.04651162790697,1,511.04651162790697,361.04651162790697,200.0,350.0,46,65,INSIDE,CLEAR,False,,,True,100.0,100.0,100.0,False,411.04651162790697,261.04651162790697,411.04651162790697,261.04651162790697,2,300.0,450.0,1,200.0,350.0,ALL_CLEAR,,100.0,,70,ALL_CLEAR,,100.0,,,ALL_CLEAR/PASS
takeoff,takeoff_stage1,takeoff_stage1,takeoff_stage1,TF,1,34,1,3435.1710805939188,3435.1710805939188,49.78571074120737,-66.66666666666666,35.57349339689124,129.08787622405313,35.57333789585953,129.08716299252094,511.04651162790697,361.04651162790697,1,511.04651162790697,361.04651162790697,200.0,350.0,47,66,INSIDE,CLEAR,False,,,True,100.0,100.0,100.0,False,411.04651162790697,261.04651162790697,411.04651162790697,261.04651162790697,2,300.0,450.0,1,200.0,350.0,ALL_CLEAR,,100.0,,70,ALL_CLEAR,,100.0,,,ALL_CLEAR/PASS
takeoff,takeoff_stage1,takeoff_stage1,takeoff_stage1,TF,1,34,1,3435.1710805939188,3435.1710805939188,49.78571074120737,-33.33333333333333,35.57349339689124,129.08787622405313,35.57341564637538,129.08751960828704,511.04651162790697,361.04651162790697,1,511.04651162790697,361.04651162790697,200.0,350.0,47,66,INSIDE,CLEAR,False,,,True,100.0,100.0,100.0,False,411.04651162790697,261.04651162790697,411.04651162790697,261.04651162790697,2,300.0,450.0,1,200.0,350.0,ALL_CLEAR,,100.0,,70,ALL_CLEAR,,100.0,,,ALL_CLEAR/PASS
takeoff,takeoff_stage1,takeoff_stage1,takeoff_stage1,TF,1,34,1,3435.1710805939188,3435.1710805939188,49.78571074120737,0.0,35.57349339689124,129.08787622405313,35.57349339689124,129.08787622405313,511.04651162790697,361.04651162790697,1,511.04651162790697,361.04651162790697,200.0,350.0,47,66,INSIDE,CLEAR,False,,,True,100.0,100.0,100.0,False,411.04651162790697,261.04651162790697,411.04651162790697,261.04651162790697,2,300.0,450.0,1,200.0,350.0,ALL_CLEAR,,100.0,,70,ALL_CLEAR,,100.0,,,ALL_CLEAR/PASS
takeoff,takeoff_stage1,takeoff_stage1,takeoff_stage1,TF,1,34,1,3435.1710805939188,3435.1710805939188,49.78571074120737,33.33333333333334,35.57349339689124,129.08787622405313,35.573571147407094,129.08823283981923,511.04651162790697,361.04651162790697,1,511.04651162790697,361.04651162790697,200.0,350.0,47,67,INSIDE,CLEAR,False,,,True,100.0,100.0,100.0,False,411.04651162790697,261.04651162790697,411.04651162790697,261.04651162790697,2,300.0,450.0,1,200.0,350.0,ALL_CLEAR,,100.0,,70,ALL_CLEAR,,100.0,,,ALL_CLEAR/PASS
takeoff,takeoff_stage1,takeoff_stage1,takeoff_stage1,TF,1,34,1,3435.1710805939188,3435.1710805939188,49.78571074120737,66.66666666666669,35.57349339689124,129.08787622405313,35.57364889792294,129.08858945558532,511.04651162790697,361.04651162790697,1,511.04651162790697,361.04651162790697,200.0,350.0,47,67,INSIDE,CLEAR,False,,,True,100.0,100.0,100.0,False,411.04651162790697,261.04651162790697,411.04651162790697,261.04651162790697,2,300.0,450.0,1,200.0,350.0,ALL_CLEAR,,100.0,,70,ALL_CLEAR,,100.0,,,ALL_CLEAR/PASS
takeoff,takeoff_stage1,takeoff_stage1,takeoff_stage1,TF,1,34,1,3435.1710805939188,3435.1710805939188,49.78571074120737,100.0,35.57349339689124,129.08787622405313,35.5737266484388,129.08894607135144,511.04651162790697,361.04651162790697,1,511.04651162790697,361.04651162790697,200.0,350.0,47,67,INSIDE,CLEAR,False,,,True,100.0,100.0,100.0,False,411.04651162790697,261.04651162790697,411.04651162790697,261.04651162790697,2,300.0,450.0,1,200.0,350.0,ALL_CLEAR,,100.0,,70,ALL_CLEAR,,100.0,,,ALL_CLEAR/PASS
takeoff,takeoff_stage1,takeoff_stage1,takeoff_stage1,TF,1,34,2,3484.956791335126,3484.956791335126,99.57142148241473,-100.0,35.57306017075923,129.08801899541623,35.572826919211664,129.08694914811792,516.2790697674419,366.2790697674419,1,516.2790697674419,366.2790697674419,200.0,350.0,46,65,INSIDE,CLEAR,False,,,True,100.0,100.0,100.0,False,416.2790697674419,266.2790697674419,416.2790697674419,266.2790697674419,2,300.0,450.0,1,200.0,350.0,ALL_CLEAR,,100.0,,71,ALL_CLEAR,,100.0,,,ALL_CLEAR/PASS
takeoff,takeoff_stage1,takeoff_stage1,takeoff_stage1,TF,1,34,2,3484.956791335126,3484.956791335126,99.57142148241473,-66.66666666666666,35.57306017075923,129.08801899541623,35.57290466972752,129.08730576388405,516.2790697674419,366.2790697674419,1,516.2790697674419,366.2790697674419,200.0,350.0,46,66,INSIDE,CLEAR,False,,,True,100.0,100.0,100.0,False,416.2790697674419,266.2790697674419,416.2790697674419,266.2790697674419,2,300.0,450.0,1,200.0,350.0,ALL_CLEAR,,100.0,,71,ALL_CLEAR,,100.0,,,ALL_CLEAR/PASS
takeoff,takeoff_stage1,takeoff_stage1,takeoff_stage1,TF,1,34,2,3484.956791335126,3484.956791335126,99.57142148241473,-33.33333333333333,35.57306017075923,129.08801899541623,35.57298242024337,129.08766237965014,516.2790697674419,366.2790697674419,1,516.2790697674419,366.2790697674419,200.0,350.0,46,66,INSIDE,CLEAR,False,,,True,100.0,100.0,100.0,False,416.2790697674419,266.2790697674419,416.2790697674419,266.2790697674419,2,300.0,450.0,1,200.0,350.0,ALL_CLEAR,,100.0,,71,ALL_CLEAR,,100.0,,,ALL_CLEAR/PASS
takeoff,takeoff_stage1,takeoff_stage1,takeoff_stage1,TF,1,34,2,3484.956791335126,3484.956791335126,99.57142148241473,0.0,35.57306017075923,129.08801899541623,35.57306017075923,129.08801899541623,516.2790697674419,366.2790697674419,1,516.2790697674419,366.2790697674419,200.0,350.0,46,66,INSIDE,CLEAR,False,,,True,100.0,100.0,100.0,False,416.2790697674419,266.2790697674419,416.2790697674419,266.2790697674419,2,300.0,450.0,1,200.0,350.0,ALL_CLEAR,,100.0,,71,ALL_CLEAR,,100.0,,,ALL_CLEAR/PASS
takeoff,takeoff_stage1,takeoff_stage1,takeoff_stage1,TF,1,34,2,3484.956791335126,3484.956791335126,99.57142148241473,33.33333333333334,35.57306017075923,129.08801899541623,35.573137921275084,129.08837561118233,516.2790697674419,366.2790697674419,1,516.2790697674419,366.2790697674419,200.0,350.0,46,67,INSIDE,CLEAR,False,,,True,100.0,100.0,100.0,False,416.2790697674419,266.2790697674419,416.2790697674419,266.2790697674419,2,300.0,450.0,1,200.0,350.0,ALL_CLEAR,,100.0,,71,ALL_CLEAR,,100.0,,,ALL_CLEAR/PASS
takeoff,takeoff_stage1,takeoff_stage1,takeoff_stage1,TF,1,34,2,3484.956791335126,3484.956791335126,99.57142148241473,66.66666666666669,35.57306017075923,129.08801899541623,35.57321567179093,129.08873222694842,516.2790697674419,366.2790697674419,1,516.2790697674419,366.2790697674419,200.0,350.0,46,67,INSIDE,CLEAR,False,,,True,100.0,100.0,100.0,False,416.2790697674419,266.2790697674419,416.2790697674419,266.2790697674419,2,300.0,450.0,1,200.0,350.0,ALL_CLEAR,,100.0,,71,ALL_CLEAR,,100.0,,,ALL_CLEAR/PASS
takeoff,takeoff_stage1,takeoff_stage1,takeoff_stage1,TF,1,34,2,3484.956791335126,3484.956791335126,99.57142148241473,100.0,35.57306017075923,129.08801899541623,35.57329342230679,129.08908884271455,516.2790697674419,366.2790697674419,1,516.2790697674419,366.2790697674419,200.0,350.0,46,67,INSIDE,CLEAR,False,,,True,100.0,100.0,100.0,False,416.2790697674419,266.2790697674419,416.2790697674419,266.2790697674419,2,300.0,450.0,1,200.0,350.0,ALL_CLEAR,,100.0,,71,ALL_CLEAR,,100.0,,,ALL_CLEAR/PASS
takeoff,takeoff_stage1,takeoff_stage1,takeoff_stage1,TF,1,35,0,3484.956791335126,3484.956791335126,0.0,-100.0,35.57306017075923,129.08801899541623,35.572826916858,129.08694916046485,516.2790697674419,366.2790697674419,1,516.2790697674419,366.2790697674419,200.0,350.0,46,65,INSIDE,CLEAR,False,,,True,100.0,100.0,100.0,False,416.2790697674419,266.2790697674419,416.2790697674419,266.2790697674419,2,300.0,450.0,1,200.0,350.0,ALL_CLEAR,,100.0,,71,ALL_CLEAR,,100.0,,,ALL_CLEAR/PASS
takeoff,takeoff_stage1,takeoff_stage1,takeoff_stage1,TF,1,35,0,3484.956791335126,3484.956791335126,0.0,-66.66666666666666,35.57306017075923,129.08801899541623,35.57290466815841,129.08730577211531,516.2790697674419,366.2790697674419,1,516.2790697674419,366.2790697674419,200.0,350.0,46,66,INSIDE,CLEAR,False,,,True,100.0,100.0,100.0,False,416.2790697674419,266.2790697674419,416.2790697674419,266.2790697674419,2,300.0,450.0,1,200.0,350.0,ALL_CLEAR,,100.0,,71,ALL_CLEAR,,100.0,,,ALL_CLEAR/PASS
takeoff,takeoff_stage1,takeoff_stage1,takeoff_stage1,TF,1,35,0,3484.956791335126,3484.956791335126,0.0,-33.33333333333333,35.57306017075923,129.08801899541623,35.57298241945882,129.08766238376577,516.2790697674419,366.2790697674419,1,516.2790697674419,366.2790697674419,200.0,350.0,46,66,INSIDE,CLEAR,False,,,True,100.0,100.0,100.0,False,416.2790697674419,266.2790697674419,416.2790697674419,266.2790697674419,2,300.0,450.0,1,200.0,350.0,ALL_CLEAR,,100.0,,71,ALL_CLEAR,,100.0,,,ALL_CLEAR/PASS
takeoff,takeoff_stage1,takeoff_stage1,takeoff_stage1,TF,1,35,0,3484.956791335126,3484.956791335126,0.0,33.33333333333334,35.57306017075923,129.08801899541623,35.57313792205964,129.0883756070667,516.2790697674419,366.2790697674419,1,516.2790697674419,366.2790697674419,200.0,350.0,46,67,INSIDE,CLEAR,False,,,True,100.0,100.0,100.0,False,416.2790697674419,266.2790697674419,416.2790697674419,266.2790697674419,2,300.0,450.0,1,200.0,350.0,ALL_CLEAR,,100.0,,71,ALL_CLEAR,,100.0,,,ALL_CLEAR/PASS
takeoff,takeoff_stage1,takeoff_stage1,takeoff_stage1,TF,1,35,0,3484.956791335126,3484.956791335126,0.0,66.66666666666669,35.57306017075923,129.08801899541623,35.573215673360046,129.08873221871715,516.2790697674419,366.2790697674419,1,516.2790697674419,366.2790697674419,200.0,350.0,46,67,INSIDE,CLEAR,False,,,True,100.0,100.0,100.0,False,416.2790697674419,266.2790697674419,416.2790697674419,266.2790697674419,2,300.0,450.0,1,200.0,350.0,ALL_CLEAR,,100.0,,71,ALL_CLEAR,,100.0,,,ALL_CLEAR/PASS
takeoff,takeoff_stage1,takeoff_stage1,takeoff_stage1,TF,1,35,0,3484.956791335126,3484.956791335126,0.0,100.0,35.57306017075923,129.08801899541623,35.573293424660456,129.08908883036761,516.2790697674419,366.2790697674419,1,516.2790697674419,366.2790697674419,200.0,350.0,46,67,INSIDE,CLEAR,False,,,True,100.0,100.0,100.0,False,416.2790697674419,266.2790697674419,416.2790697674419,266.2790697674419,2,300.0,450.0,1,200.0,350.0,ALL_CLEAR,,100.0,,71,ALL_CLEAR,,100.0,,,ALL_CLEAR/PASS
takeoff,takeoff_stage1,takeoff_stage1,takeoff_stage1,TF,1,35,1,3534.742538172175,3534.742538172175,49.78574683704914,-100.0,35.57262694462722,129.0881617667793,35.57239369072599,129.08709193182793,521.5116279069767,371.51162790697674,1,521.5116279069767,371.51162790697674,200.0,350.0,45,66,INSIDE,CLEAR,False,,,True,100.0,100.0,100.0,False,421.51162790697674,271.51162790697674,421.51162790697674,271.51162790697674,2,300.0,450.0,1,200.0,350.0,ALL_CLEAR,,100.0,,72,ALL_CLEAR,,100.0,,,ALL_CLEAR/PASS
takeoff,takeoff_stage1,takeoff_stage1,takeoff_stage1,TF,1,35,1,3534.742538172175,3534.742538172175,49.78574683704914,-66.66666666666666,35.57262694462722,129.0881617667793,35.5724714420264,129.0874485434784,521.5116279069767,371.51162790697674,1,521.5116279069767,371.51162790697674,200.0,350.0,45,66,INSIDE,CLEAR,False,,,True,100.0,100.0,100.0,False,421.51162790697674,271.51162790697674,421.51162790697674,271.51162790697674,2,300.0,450.0,1,200.0,350.0,ALL_CLEAR,,100.0,,72,ALL_CLEAR,,100.0,,,ALL_CLEAR/PASS
takeoff,takeoff_stage1,takeoff_stage1,takeoff_stage1,TF,1,35,1,3534.742538172175,3534.742538172175,49.78574683704914,-33.33333333333333,35.57262694462722,129.0881617667793,35.57254919332681,129.08780515512885,521.5116279069767,371.51162790697674,1,521.5116279069767,371.51162790697674,200.0,350.0,46,66,INSIDE,CLEAR,False,,,True,100.0,100.0,100.0,False,421.51162790697674,271.51162790697674,421.51162790697674,271.51162790697674,2,300.0,450.0,1,200.0,350.0,ALL_CLEAR,,100.0,,72,ALL_CLEAR,,100.0,,,ALL_CLEAR/PASS
takeoff,takeoff_stage1,takeoff_stage1,takeoff_stage1,TF,1,35,1,3534.742538172175,3534.742538172175,49.78574683704914,0.0,35.57262694462722,129.0881617667793,35.57262694462722,129.0881617667793,521.5116279069767,371.51162790697674,1,521.5116279069767,371.51162790697674,200.0,350.0,46,67,INSIDE,CLEAR,False,,,True,100.0,100.0,100.0,False,421.51162790697674,271.51162790697674,421.51162790697674,271.51162790697674,2,300.0,450.0,1,200.0,350.0,ALL_CLEAR,,100.0,,72,ALL_CLEAR,,100.0,,,ALL_CLEAR/PASS
takeoff,takeoff_stage1,takeoff_stage1,takeoff_stage1,TF,1,35,1,3534.742538172175,3534.742538172175,49.78574683704914,33.33333333333334,35.57262694462722,129.0881617667793,35.57270469592763,129.08851837842977,521.5116279069767,371.51162790697674,1,521.5116279069767,371.51162790697674,200.0,350.0,46,67,INSIDE,CLEAR,False,,,True,100.0,100.0,100.0,False,421.51162790697674,271.51162790697674,421.51162790697674,271.51162790697674,2,300.0,450.0,1,200.0,350.0,ALL_CLEAR,,100.0,,72,ALL_CLEAR,,100.0,,,ALL_CLEAR/PASS
takeoff,takeoff_stage1,takeoff_stage1,takeoff_stage1,TF,1,35,1,3534.742538172175,3534.742538172175,49.78574683704914,66.66666666666669,35.57262694462722,129.0881617667793,35.572782447228036,129.08887499008023,521.5116279069767,371.51162790697674,1,521.5116279069767,371.51162790697674,200.0,350.0,46,67,INSIDE,CLEAR,False,,,True,100.0,100.0,100.0,False,421.51162790697674,271.51162790697674,421.51162790697674,271.51162790697674,2,300.0,450.0,1,200.0,350.0,ALL_CLEAR,,100.0,,72,ALL_CLEAR,,100.0,,,ALL_CLEAR/PASS
takeoff,takeoff_stage1,takeoff_stage1,takeoff_stage1,TF,1,35,1,3534.742538172175,3534.742538172175,49.78574683704914,100.0,35.57262694462722,129.0881617667793,35.572860198528446,129.0892316017307,521.5116279069767,371.51162790697674,1,521.5116279069767,371.51162790697674,200.0,350.0,46,68,INSIDE,CLEAR,False,,,True,100.0,100.0,100.0,False,421.51162790697674,271.51162790697674,421.51162790697674,271.51162790697674,2,300.0,450.0,1,200.0,350.0,ALL_CLEAR,,100.0,,72,ALL_CLEAR,,100.0,,,ALL_CLEAR/PASS
takeoff,takeoff_stage1,takeoff_stage1,takeoff_stage1,TF,1,35,2,3584.5282850092244,3584.5282850092244,99.57149367409828,-100.0,35.57219371849521,129.08830453814238,35.57196046459398,129.087234703191,526.7441860465116,376.7441860465116,1,526.7441860465116,376.7441860465116,200.0,350.0,45,66,INSIDE,CLEAR,False,,,True,100.0,100.0,100.0,False,426.7441860465116,276.7441860465116,426.7441860465116,276.7441860465116,2,300.0,450.0,1,200.0,350.0,ALL_CLEAR,,100.0,,73,ALL_CLEAR,,100.0,,,ALL_CLEAR/PASS
takeoff,takeoff_stage1,takeoff_stage1,takeoff_stage1,TF,1,35,2,3584.5282850092244,3584.5282850092244,99.57149367409828,-66.66666666666666,35.57219371849521,129.08830453814238,35.57203821589439,129.08759131484146,526.7441860465116,376.7441860465116,1,526.7441860465116,376.7441860465116,200.0,350.0,45,66,INSIDE,CLEAR,False,,,True,100.0,100.0,100.0,False,426.7441860465116,276.7441860465116,426.7441860465116,276.7441860465116,2,300.0,450.0,1,200.0,350.0,ALL_CLEAR,,100.0,,73,ALL_CLEAR,,100.0,,,ALL_CLEAR/PASS
takeoff,takeoff_stage1,takeoff_stage1,takeoff_stage1,TF,1,35,2,3584.5282850092244,3584.5282850092244,99.57149367409828,-33.33333333333333,35.57219371849521,129.08830453814238,35.5721159671948,129.08794792649192,526.7441860465116,376.7441860465116,1,526.7441860465116,376.7441860465116,200.0,350.0,45,66,INSIDE,CLEAR,False,,,True,100.0,100.0,100.0,False,426.7441860465116,276.7441860465116,426.7441860465116,276.7441860465116,2,300.0,450.0,1,200.0,350.0,ALL_CLEAR,,100.0,,73,ALL_CLEAR,,100.0,,,ALL_CLEAR/PASS
takeoff,takeoff_stage1,takeoff_stage1,takeoff_stage1,TF,1,35,2,3584.5282850092244,3584.5282850092244,99.57149367409828,0.0,35.57219371849521,129.08830453814238,35.57219371849521,129.08830453814238,526.7441860465116,376.7441860465116,1,526.7441860465116,376.7441860465116,200.0,350.0,45,67,INSIDE,CLEAR,False,,,True,100.0,100.0,100.0,False,426.7441860465116,276.7441860465116,426.7441860465116,276.7441860465116,2,300.0,450.0,1,200.0,350.0,ALL_CLEAR,,100.0,,73,ALL_CLEAR,,100.0,,,ALL_CLEAR/PASS
takeoff,takeoff_stage1,takeoff_stage1,takeoff_stage1,TF,1,35,2,3584.5282850092244,3584.5282850092244,99.57149367409828,33.33333333333334,35.57219371849521,129.08830453814238,35.572271469795616,129.08866114979284,526.7441860465116,376.7441860465116,1,526.7441860465116,376.7441860465116,200.0,350.0,45,67,INSIDE,CLEAR,False,,,True,100.0,100.0,100.0,False,426.7441860465116,276.7441860465116,426.7441860465116,276.7441860465116,2,300.0,450.0,1,200.0,350.0,ALL_CLEAR,,100.0,,73,ALL_CLEAR,,100.0,,,ALL_CLEAR/PASS
takeoff,takeoff_stage1,takeoff_stage1,takeoff_stage1,TF,1,35,2,3584.5282850092244,3584.5282850092244,99.57149367409828,66.66666666666669,35.57219371849521,129.08830453814238,35.572349221096026,129.0890177614433,526.7441860465116,376.7441860465116,1,526.7441860465116,376.7441860465116,200.0,350.0,45,67,INSIDE,CLEAR,False,,,True,100.0,100.0,100.0,False,426.7441860465116,276.7441860465116,426.7441860465116,276.7441860465116,2,300.0,450.0,1,200.0,350.0,ALL_CLEAR,,100.0,,73,ALL_CLEAR,,100.0,,,ALL_CLEAR/PASS
takeoff,takeoff_stage1,takeoff_stage1,takeoff_stage1,TF,1,35,2,3584.5282850092244,3584.5282850092244,99.57149367409828,100.0,35.57219371849521,129.08830453814238,35.572426972396435,129.08937437309376,526.7441860465116,376.7441860465116,1,526.7441860465116,376.7441860465116,200.0,350.0,45,68,INSIDE,CLEAR,False,,,True,100.0,100.0,100.0,False,426.7441860465116,276.7441860465116,426.7441860465116,276.7441860465116,2,300.0,450.0,1,200.0,350.0,ALL_CLEAR,,100.0,,73,ALL_CLEAR,,100.0,,,ALL_CLEAR/PASS
takeoff,takeoff_stage1,takeoff_stage1,takeoff_stage1,TF,1,36,0,3584.5282850092244,3584.5282850092244,0.0,-100.0,35.57219371849521,129.08830453814238,35.571960462240284,129.08723471553742,526.7441860465116,376.7441860465116,1,526.7441860465116,376.7441860465116,200.0,350.0,45,66,INSIDE,CLEAR,False,,,True,100.0,100.0,100.0,False,426.7441860465116,276.7441860465116,426.7441860465116,276.7441860465116,2,300.0,450.0,1,200.0,350.0,ALL_CLEAR,,100.0,,73,ALL_CLEAR,,100.0,,,ALL_CLEAR/PASS
takeoff,takeoff_stage1,takeoff_stage1,takeoff_stage1,TF,1,36,0,3584.5282850092244,3584.5282850092244,0.0,-66.66666666666666,35.57219371849521,129.08830453814238,35.572038214325254,129.0875913230724,526.7441860465116,376.7441860465116,1,526.7441860465116,376.7441860465116,200.0,350.0,45,66,INSIDE,CLEAR,False,,,True,100.0,100.0,100.0,False,426.7441860465116,276.7441860465116,426.7441860465116,276.7441860465116,2,300.0,450.0,1,200.0,350.0,ALL_CLEAR,,100.0,,73,ALL_CLEAR,,100.0,,,ALL_CLEAR/PASS
takeoff,takeoff_stage1,takeoff_stage1,takeoff_stage1,TF,1,36,0,3584.5282850092244,3584.5282850092244,0.0,-33.33333333333333,35.57219371849521,129.08830453814238,35.57211596641023,129.08794793060738,526.7441860465116,376.7441860465116,1,526.7441860465116,376.7441860465116,200.0,350.0,45,66,INSIDE,CLEAR,False,,,True,100.0,100.0,100.0,False,426.7441860465116,276.7441860465116,426.7441860465116,276.7441860465116,2,300.0,450.0,1,200.0,350.0,ALL_CLEAR,,100.0,,73,ALL_CLEAR,,100.0,,,ALL_CLEAR/PASS
takeoff,takeoff_stage1,takeoff_stage1,takeoff_stage1,TF,1,36,0,3584.5282850092244,3584.5282850092244,0.0,33.33333333333334,35.57219371849521,129.08830453814238,35.57227147058018,129.08866114567738,526.7441860465116,376.7441860465116,1,526.7441860465116,376.7441860465116,200.0,350.0,45,67,INSIDE,CLEAR,False,,,True,100.0,100.0,100.0,False,426.7441860465116,276.7441860465116,426.7441860465116,276.7441860465116,2,300.0,450.0,1,200.0,350.0,ALL_CLEAR,,100.0,,73,ALL_CLEAR,,100.0,,,ALL_CLEAR/PASS
takeoff,takeoff_stage1,takeoff_stage1,takeoff_stage1,TF,1,36,0,3584.5282850092244,3584.5282850092244,0.0,66.66666666666669,35.57219371849521,129.08830453814238,35.57234922266516,129.08901775321237,526.7441860465116,376.7441860465116,1,526.7441860465116,376.7441860465116,200.0,350.0,45,67,INSIDE,CLEAR,False,,,True,100.0,100.0,100.0,False,426.7441860465116,276.7441860465116,426.7441860465116,276.7441860465116,2,300.0,450.0,1,200.0,350.0,ALL_CLEAR,,100.0,,73,ALL_CLEAR,,100.0,,,ALL_CLEAR/PASS
takeoff,takeoff_stage1,takeoff_stage1,takeoff_stage1,TF,1,36,0,3584.5282850092244,3584.5282850092244,0.0,100.0,35.57219371849521,129.08830453814238,35.57242697475013,129.08937436074734,526.7441860465116,376.7441860465116,1,526.7441860465116,376.7441860465116,200.0,350.0,45,68,INSIDE,CLEAR,False,,,True,100.0,100.0,100.0,False,426.7441860465116,276.7441860465116,426.7441860465116,276.7441860465116,2,300.0,450.0,1,200.0,350.0,ALL_CLEAR,,100.0,,73,ALL_CLEAR,,100.0,,,ALL_CLEAR/PASS
takeoff,takeoff_stage1,takeoff_stage1,takeoff_stage1,TF,1,36,1,3634.314067943426,3634.314067943426,49.785782934201585,-100.0,35.5717604923632,129.08844730950548,35.57152723610827,129.08737748690052,531.9767441860465,381.9767441860465,1,531.9767441860465,381.9767441860465,200.0,350.0,44,66,INSIDE,CLEAR,False,,,True,100.0,100.0,100.0,False,431.9767441860465,281.9767441860465,431.9767441860465,281.9767441860465,2,300.0,450.0,1,200.0,350.0,ALL_CLEAR,,100.0,,74,ALL_CLEAR,,100.0,,,ALL_CLEAR/PASS
takeoff,takeoff_stage1,takeoff_stage1,takeoff_stage1,TF,1,36,1,3634.314067943426,3634.314067943426,49.785782934201585,-66.66666666666666,35.5717604923632,129.08844730950548,35.57160498819324,129.0877340944355,531.9767441860465,381.9767441860465,1,531.9767441860465,381.9767441860465,200.0,350.0,44,66,INSIDE,CLEAR,False,,,True,100.0,100.0,100.0,False,431.9767441860465,281.9767441860465,431.9767441860465,281.9767441860465,2,300.0,450.0,1,200.0,350.0,ALL_CLEAR,,100.0,,74,ALL_CLEAR,,100.0,,,ALL_CLEAR/PASS
takeoff,takeoff_stage1,takeoff_stage1,takeoff_stage1,TF,1,36,1,3634.314067943426,3634.314067943426,49.785782934201585,-33.33333333333333,35.5717604923632,129.08844730950548,35.57168274027822,129.0880907019705,531.9767441860465,381.9767441860465,1,531.9767441860465,381.9767441860465,200.0,350.0,45,67,INSIDE,CLEAR,False,,,True,100.0,100.0,100.0,False,431.9767441860465,281.9767441860465,431.9767441860465,281.9767441860465,2,300.0,450.0,1,200.0,350.0,ALL_CLEAR,,100.0,,74,ALL_CLEAR,,100.0,,,ALL_CLEAR/PASS
takeoff,takeoff_stage1,takeoff_stage1,takeoff_stage1,TF,1,36,1,3634.314067943426,3634.314067943426,49.785782934201585,0.0,35.5717604923632,129.08844730950548,35.5717604923632,129.08844730950548,531.9767441860465,381.9767441860465,1,531.9767441860465,381.9767441860465,200.0,350.0,45,67,INSIDE,CLEAR,False,,,True,100.0,100.0,100.0,False,431.9767441860465,281.9767441860465,431.9767441860465,281.9767441860465,2,300.0,450.0,1,200.0,350.0,ALL_CLEAR,,100.0,,74,ALL_CLEAR,,100.0,,,ALL_CLEAR/PASS
takeoff,takeoff_stage1,takeoff_stage1,takeoff_stage1,TF,1,36,1,3634.314067943426,3634.314067943426,49.785782934201585,33.33333333333334,35.5717604923632,129.08844730950548,35.571838244448166,129.08880391704048,531.9767441860465,381.9767441860465,1,531.9767441860465,381.9767441860465,200.0,350.0,45,67,INSIDE,CLEAR,False,,,True,100.0,100.0,100.0,False,431.9767441860465,281.9767441860465,431.9767441860465,281.9767441860465,2,300.0,450.0,1,200.0,350.0,ALL_CLEAR,,100.0,,74,ALL_CLEAR,,100.0,,,ALL_CLEAR/PASS
takeoff,takeoff_stage1,takeoff_stage1,takeoff_stage1,TF,1,36,1,3634.314067943426,3634.314067943426,49.785782934201585,66.66666666666669,35.5717604923632,129.08844730950548,35.57191599653314,129.08916052457548,531.9767441860465,381.9767441860465,1,531.9767441860465,381.9767441860465,200.0,350.0,45,68,INSIDE,CLEAR,False,,,True,100.0,100.0,100.0,False,431.9767441860465,281.9767441860465,431.9767441860465,281.9767441860465,2,300.0,450.0,1,200.0,350.0,ALL_CLEAR,,100.0,,74,ALL_CLEAR,,100.0,,,ALL_CLEAR/PASS
takeoff,takeoff_stage1,takeoff_stage1,takeoff_stage1,TF,1,36,1,3634.314067943426,3634.314067943426,49.785782934201585,100.0,35.5717604923632,129.08844730950548,35.57199374861812,129.08951713211044,531.9767441860465,381.9767441860465,1,531.9767441860465,381.9767441860465,200.0,350.0,45,68,INSIDE,CLEAR,False,,,True,100.0,100.0,100.0,False,431.9767441860465,281.9767441860465,431.9767441860465,281.9767441860465,2,300.0,450.0,1,200.0,350.0,ALL_CLEAR,,100.0,,74,ALL_CLEAR,,100.0,,,ALL_CLEAR/PASS
takeoff,takeoff_stage1,takeoff_stage1,takeoff_stage1,TF,1,36,2,3684.0998508776274,3684.0998508776274,99.57156586840317,-100.0,35.57132726623118,129.08859008086858,35.57109400997626,129.08752025826362,537.2093023255813,387.20930232558135,1,537.2093023255813,387.20930232558135,200.0,350.0,44,66,INSIDE,CLEAR,False,,,True,100.0,100.0,100.0,False,437.20930232558135,287.20930232558135,437.20930232558135,287.20930232558135,2,300.0,450.0,1,200.0,350.0,ALL_CLEAR,,100.0,,75,ALL_CLEAR,,100.0,,,ALL_CLEAR/PASS
takeoff,takeoff_stage1,takeoff_stage1,takeoff_stage1,TF,1,36,2,3684.0998508776274,3684.0998508776274,99.57156586840317,-66.66666666666666,35.57132726623118,129.08859008086858,35.571171762061226,129.0878768657986,537.2093023255813,387.20930232558135,1,537.2093023255813,387.20930232558135,200.0,350.0,44,66,INSIDE,CLEAR,False,,,True,100.0,100.0,100.0,False,437.20930232558135,287.20930232558135,437.20930232558135,287.20930232558135,2,300.0,450.0,1,200.0,350.0,ALL_CLEAR,,100.0,,75,ALL_CLEAR,,100.0,,,ALL_CLEAR/PASS
takeoff,takeoff_stage1,takeoff_stage1,takeoff_stage1,TF,1,36,2,3684.0998508776274,3684.0998508776274,99.57156586840317,-33.33333333333333,35.57132726623118,129.08859008086858,35.5712495141462,129.0882334733336,537.2093023255813,387.20930232558135,1,537.2093023255813,387.20930232558135,200.0,350.0,44,67,INSIDE,CLEAR,False,,,True,100.0,100.0,100.0,False,437.20930232558135,287.20930232558135,437.20930232558135,287.20930232558135,2,300.0,450.0,1,200.0,350.0,ALL_CLEAR,,100.0,,75,ALL_CLEAR,,100.0,,,ALL_CLEAR/PASS
takeoff,takeoff_stage1,takeoff_stage1,takeoff_stage1,TF,1,36,2,3684.0998508776274,3684.0998508776274,99.57156586840317,0.0,35.57132726623118,129.08859008086858,35.57132726623118,129.08859008086858,537.2093023255813,387.20930232558135,1,537.2093023255813,387.20930232558135,200.0,350.0,44,67,INSIDE,CLEAR,False,,,True,100.0,100.0,100.0,False,437.20930232558135,287.20930232558135,437.20930232558135,287.20930232558135,2,300.0,450.0,1,200.0,350.0,ALL_CLEAR,,100.0,,75,ALL_CLEAR,,100.0,,,ALL_CLEAR/PASS
takeoff,takeoff_stage1,takeoff_stage1,takeoff_stage1,TF,1,36,2,3684.0998508776274,3684.0998508776274,99.57156586840317,33.33333333333334,35.57132726623118,129.08859008086858,35.571405018316156,129.08894668840358,537.2093023255813,387.20930232558135,1,537.2093023255813,387.20930232558135,200.0,350.0,44,67,INSIDE,CLEAR,False,,,True,100.0,100.0,100.0,False,437.20930232558135,287.20930232558135,437.20930232558135,287.20930232558135,2,300.0,450.0,1,200.0,350.0,ALL_CLEAR,,100.0,,75,ALL_CLEAR,,100.0,,,ALL_CLEAR/PASS
takeoff,takeoff_stage1,takeoff_stage1,takeoff_stage1,TF,1,36,2,3684.0998508776274,3684.0998508776274,99.57156586840317,66.66666666666669,35.57132726623118,129.08859008086858,35.57148277040113,129.08930329593858,537.2093023255813,387.20930232558135,1,537.2093023255813,387.20930232558135,200.0,350.0,44,68,INSIDE,CLEAR,False,,,True,100.0,100.0,100.0,False,437.20930232558135,287.20930232558135,437.20930232558135,287.20930232558135,2,300.0,450.0,1,200.0,350.0,ALL_CLEAR,,100.0,,75,ALL_CLEAR,,100.0,,,ALL_CLEAR/PASS
takeoff,takeoff_stage1,takeoff_stage1,takeoff_stage1,TF,1,36,2,3684.0998508776274,3684.0998508776274,99.57156586840317,100.0,35.57132726623118,129.08859008086858,35.5715605224861,129.08965990347355,537.2093023255813,387.20930232558135,1,537.2093023255813,387.20930232558135,200.0,350.0,44,68,INSIDE,CLEAR,False,,,True,100.0,100.0,100.0,False,437.20930232558135,287.20930232558135,437.20930232558135,287.20930232558135,2,300.0,450.0,1,200.0,350.0,ALL_CLEAR,,100.0,,75,ALL_CLEAR,,100.0,,,ALL_CLEAR/PASS
takeoff,takeoff_stage1,takeoff_stage1,takeoff_stage1,TF,1,37,0,3684.0998508776274,3684.0998508776274,0.0,-100.0,35.57132726623118,129.08859008086858,35.5710940076227,129.08752027060947,537.2093023255813,387.20930232558135,1,537.2093023255813,387.20930232558135,200.0,350.0,44,66,INSIDE,CLEAR,False,,,True,100.0,100.0,100.0,False,437.20930232558135,287.20930232558135,437.20930232558135,287.20930232558135,2,300.0,450.0,1,200.0,350.0,ALL_CLEAR,,100.0,,75,ALL_CLEAR,,100.0,,,ALL_CLEAR/PASS
takeoff,takeoff_stage1,takeoff_stage1,takeoff_stage1,TF,1,37,0,3684.0998508776274,3684.0998508776274,0.0,-66.66666666666666,35.57132726623118,129.08859008086858,35.57117176049219,129.08787687402918,537.2093023255813,387.20930232558135,1,537.2093023255813,387.20930232558135,200.0,350.0,44,66,INSIDE,CLEAR,False,,,True,100.0,100.0,100.0,False,437.20930232558135,287.20930232558135,437.20930232558135,287.20930232558135,2,300.0,450.0,1,200.0,350.0,ALL_CLEAR,,100.0,,75,ALL_CLEAR,,100.0,,,ALL_CLEAR/PASS
takeoff,takeoff_stage1,takeoff_stage1,takeoff_stage1,TF,1,37,0,3684.0998508776274,3684.0998508776274,0.0,-33.33333333333333,35.57132726623118,129.08859008086858,35.571249513361686,129.08823347744888,537.2093023255813,387.20930232558135,1,537.2093023255813,387.20930232558135,200.0,350.0,44,67,INSIDE,CLEAR,False,,,True,100.0,100.0,100.0,False,437.20930232558135,287.20930232558135,437.20930232558135,287.20930232558135,2,300.0,450.0,1,200.0,350.0,ALL_CLEAR,,100.0,,75,ALL_CLEAR,,100.0,,,ALL_CLEAR/PASS
takeoff,takeoff_stage1,takeoff_stage1,takeoff_stage1,TF,1,37,0,3684.0998508776274,3684.0998508776274,0.0,33.33333333333334,35.57132726623118,129.08859008086858,35.57140501910067,129.0889466842883,537.2093023255813,387.20930232558135,1,537.2093023255813,387.20930232558135,200.0,350.0,44,67,INSIDE,CLEAR,False,,,True,100.0,100.0,100.0,False,437.20930232558135,287.20930232558135,437.20930232558135,287.20930232558135,2,300.0,450.0,1,200.0,350.0,ALL_CLEAR,,100.0,,75,ALL_CLEAR,,100.0,,,ALL_CLEAR/PASS
takeoff,takeoff_stage1,takeoff_stage1,takeoff_stage1,TF,1,37,0,3684.0998508776274,3684.0998508776274,0.0,66.66666666666669,35.57132726623118,129.08859008086858,35.57148277197017,129.089303287708,537.2093023255813,387.20930232558135,1,537.2093023255813,387.20930232558135,200.0,350.0,44,68,INSIDE,CLEAR,False,,,True,100.0,100.0,100.0,False,437.20930232558135,287.20930232558135,437.20930232558135,287.20930232558135,2,300.0,450.0,1,200.0,350.0,ALL_CLEAR,,100.0,,75,ALL_CLEAR,,100.0,,,ALL_CLEAR/PASS
takeoff,takeoff_stage1,takeoff_stage1,takeoff_stage1,TF,1,37,0,3684.0998508776274,3684.0998508776274,0.0,100.0,35.57132726623118,129.08859008086858,35.57156052483966,129.0896598911277,537.2093023255813,387.20930232558135,1,537.2093023255813,387.20930232558135,200.0,350.0,44,68,INSIDE,CLEAR,False,,,True,100.0,100.0,100.0,False,437.20930232558135,287.20930232558135,437.20930232558135,287.20930232558135,2,300.0,450.0,1,200.0,350.0,ALL_CLEAR,,100.0,,75,ALL_CLEAR,,100.0,,,ALL_CLEAR/PASS
takeoff,takeoff_stage1,takeoff_stage1,takeoff_stage1,TF,1,37,1,3733.885669906492,3733.885669906492,49.78581902886442,-100.0,35.57089404009917,129.08873285223166,35.57066078149069,129.08766304197255,542.4418604651163,392.4418604651163,1,542.4418604651163,392.4418604651163,200.0,350.0,43,66,INSIDE,CLEAR,False,,,True,100.0,100.0,100.0,False,442.4418604651163,292.4418604651163,442.4418604651163,292.4418604651163,2,300.0,450.0,1,200.0,350.0,ALL_CLEAR,,100.0,,76,ALL_CLEAR,,100.0,,,ALL_CLEAR/PASS
takeoff,takeoff_stage1,takeoff_stage1,takeoff_stage1,TF,1,37,1,3733.885669906492,3733.885669906492,49.78581902886442,-66.66666666666666,35.57089404009917,129.08873285223166,35.57073853436018,129.08801964539225,542.4418604651163,392.4418604651163,1,542.4418604651163,392.4418604651163,200.0,350.0,43,66,INSIDE,CLEAR,False,,,True,100.0,100.0,100.0,False,442.4418604651163,292.4418604651163,442.4418604651163,292.4418604651163,2,300.0,450.0,1,200.0,350.0,ALL_CLEAR,,100.0,,76,ALL_CLEAR,,100.0,,,ALL_CLEAR/PASS
takeoff,takeoff_stage1,takeoff_stage1,takeoff_stage1,TF,1,37,1,3733.885669906492,3733.885669906492,49.78581902886442,-33.33333333333333,35.57089404009917,129.08873285223166,35.570816287229675,129.08837624881195,542.4418604651163,392.4418604651163,1,542.4418604651163,392.4418604651163,200.0,350.0,43,67,INSIDE,CLEAR,False,,,True,100.0,100.0,100.0,False,442.4418604651163,292.4418604651163,442.4418604651163,292.4418604651163,2,300.0,450.0,1,200.0,350.0,ALL_CLEAR,,100.0,,76,ALL_CLEAR,,100.0,,,ALL_CLEAR/PASS
takeoff,takeoff_stage1,takeoff_stage1,takeoff_stage1,TF,1,37,1,3733.885669906492,3733.885669906492,49.78581902886442,0.0,35.57089404009917,129.08873285223166,35.57089404009917,129.08873285223166,542.4418604651163,392.4418604651163,1,542.4418604651163,392.4418604651163,200.0,350.0,44,67,INSIDE,CLEAR,False,,,True,100.0,100.0,100.0,False,442.4418604651163,292.4418604651163,442.4418604651163,292.4418604651163,2,300.0,450.0,1,200.0,350.0,ALL_CLEAR,,100.0,,76,ALL_CLEAR,,100.0,,,ALL_CLEAR/PASS
takeoff,takeoff_stage1,takeoff_stage1,takeoff_stage1,TF,1,37,1,3733.885669906492,3733.885669906492,49.78581902886442,33.33333333333334,35.57089404009917,129.08873285223166,35.57097179296866,129.08908945565136,542.4418604651163,392.4418604651163,1,542.4418604651163,392.4418604651163,200.0,350.0,44,67,INSIDE,CLEAR,False,,,True,100.0,100.0,100.0,False,442.4418604651163,292.4418604651163,442.4418604651163,292.4418604651163,2,300.0,450.0,1,200.0,350.0,ALL_CLEAR,,100.0,,76,ALL_CLEAR,,100.0,,,ALL_CLEAR/PASS
takeoff,takeoff_stage1,takeoff_stage1,takeoff_stage1,TF,1,37,1,3733.885669906492,3733.885669906492,49.78581902886442,66.66666666666669,35.57089404009917,129.08873285223166,35.57104954583816,129.08944605907107,542.4418604651163,392.4418604651163,1,542.4418604651163,392.4418604651163,200.0,350.0,44,68,INSIDE,CLEAR,False,,,True,100.0,100.0,100.0,False,442.4418604651163,292.4418604651163,442.4418604651163,292.4418604651163,2,300.0,450.0,1,200.0,350.0,ALL_CLEAR,,100.0,,76,ALL_CLEAR,,100.0,,,ALL_CLEAR/PASS
takeoff,takeoff_stage1,takeoff_stage1,takeoff_stage1,TF,1,37,1,3733.885669906492,3733.885669906492,49.78581902886442,100.0,35.57089404009917,129.08873285223166,35.57112729870765,129.08980266249077,542.4418604651163,392.4418604651163,1,542.4418604651163,392.4418604651163,200.0,350.0,44,68,INSIDE,CLEAR,False,,,True,100.0,100.0,100.0,False,442.4418604651163,292.4418604651163,442.4418604651163,292.4418604651163,2,300.0,450.0,1,200.0,350.0,ALL_CLEAR,,100.0,,76,ALL_CLEAR,,100.0,,,ALL_CLEAR/PASS
takeoff,takeoff_stage1,takeoff_stage1,takeoff_stage1,TF,1,37,2,3783.671488935356,3783.671488935356,99.57163805772883,-100.0,35.57046081396716,129.08887562359473,35.57022755535868,129.08780581333562,547.6744186046512,397.67441860465124,1,547.6744186046512,397.67441860465124,200.0,350.0,43,66,INSIDE,CLEAR,False,,,True,100.0,100.0,100.0,False,447.67441860465124,297.67441860465124,447.67441860465124,297.67441860465124,2,300.0,450.0,1,200.0,350.0,ALL_CLEAR,,100.0,,77,ALL_CLEAR,,100.0,,,ALL_CLEAR/PASS
takeoff,takeoff_stage1,takeoff_stage1,takeoff_stage1,TF,1,37,2,3783.671488935356,3783.671488935356,99.57163805772883,-66.66666666666666,35.57046081396716,129.08887562359473,35.57030530822817,129.08816241675532,547.6744186046512,397.67441860465124,1,547.6744186046512,397.67441860465124,200.0,350.0,43,67,INSIDE,CLEAR,False,,,True,100.0,100.0,100.0,False,447.67441860465124,297.67441860465124,447.67441860465124,297.67441860465124,2,300.0,450.0,1,200.0,350.0,ALL_CLEAR,,100.0,,77,ALL_CLEAR,,100.0,,,ALL_CLEAR/PASS
takeoff,takeoff_stage1,takeoff_stage1,takeoff_stage1,TF,1,37,2,3783.671488935356,3783.671488935356,99.57163805772883,-33.33333333333333,35.57046081396716,129.08887562359473,35.570383061097665,129.08851902017503,547.6744186046512,397.67441860465124,1,547.6744186046512,397.67441860465124,200.0,350.0,43,67,INSIDE,CLEAR,False,,,True,100.0,100.0,100.0,False,447.67441860465124,297.67441860465124,447.67441860465124,297.67441860465124,2,300.0,450.0,1,200.0,350.0,ALL_CLEAR,,100.0,,77,ALL_CLEAR,,100.0,,,ALL_CLEAR/PASS
takeoff,takeoff_stage1,takeoff_stage1,takeoff_stage1,TF,1,37,2,3783.671488935356,3783.671488935356,99.57163805772883,0.0,35.57046081396716,129.08887562359473,35.57046081396716,129.08887562359473,547.6744186046512,397.67441860465124,1,547.6744186046512,397.67441860465124,200.0,350.0,43,67,INSIDE,CLEAR,False,,,True,100.0,100.0,100.0,False,447.67441860465124,297.67441860465124,447.67441860465124,297.67441860465124,2,300.0,450.0,1,200.0,350.0,ALL_CLEAR,,100.0,,77,ALL_CLEAR,,100.0,,,ALL_CLEAR/PASS
takeoff,takeoff_stage1,takeoff_stage1,takeoff_stage1,TF,1,37,2,3783.671488935356,3783.671488935356,99.57163805772883,33.33333333333334,35.57046081396716,129.08887562359473,35.57053856683665,129.08923222701443,547.6744186046512,397.67441860465124,1,547.6744186046512,397.67441860465124,200.0,350.0,43,68,INSIDE,CLEAR,False,,,True,100.0,100.0,100.0,False,447.67441860465124,297.67441860465124,447.67441860465124,297.67441860465124,2,300.0,450.0,1,200.0,350.0,ALL_CLEAR,,100.0,,77,ALL_CLEAR,,100.0,,,ALL_CLEAR/PASS
takeoff,takeoff_stage1,takeoff_stage1,takeoff_stage1,TF,1,37,2,3783.671488935356,3783.671488935356,99.57163805772883,66.66666666666669,35.57046081396716,129.08887562359473,35.57061631970615,129.08958883043414,547.6744186046512,397.67441860465124,1,547.6744186046512,397.67441860465124,200.0,350.0,43,68,INSIDE,CLEAR,False,,,True,100.0,100.0,100.0,False,447.67441860465124,297.67441860465124,447.67441860465124,297.67441860465124,2,300.0,450.0,1,200.0,350.0,ALL_CLEAR,,100.0,,77,ALL_CLEAR,,100.0,,,ALL_CLEAR/PASS
takeoff,takeoff_stage1,takeoff_stage1,takeoff_stage1,TF,1,37,2,3783.671488935356,3783.671488935356,99.57163805772883,100.0,35.57046081396716,129.08887562359473,35.57069407257564,129.08994543385384,547.6744186046512,397.67441860465124,1,547.6744186046512,397.67441860465124,200.0,350.0,43,68,INSIDE,CLEAR,False,,,True,100.0,100.0,100.0,False,447.67441860465124,297.67441860465124,447.67441860465124,297.67441860465124,2,300.0,450.0,1,200.0,350.0,ALL_CLEAR,,100.0,,77,ALL_CLEAR,,100.0,,,ALL_CLEAR/PASS
takeoff,takeoff_stage1,takeoff_stage1,takeoff_stage1,TF,1,38,0,3783.671488935356,3783.671488935356,0.0,-100.0,35.57046081396716,129.08887562359473,35.57022755300508,129.087805825681,547.6744186046512,397.67441860465124,1,547.6744186046512,397.67441860465124,200.0,350.0,43,66,INSIDE,CLEAR,False,,,True,100.0,100.0,100.0,False,447.67441860465124,297.67441860465124,447.67441860465124,297.67441860465124,2,300.0,450.0,1,200.0,350.0,ALL_CLEAR,,100.0,,77,ALL_CLEAR,,100.0,,,ALL_CLEAR/PASS
takeoff,takeoff_stage1,takeoff_stage1,takeoff_stage1,TF,1,38,0,3783.671488935356,3783.671488935356,0.0,-66.66666666666666,35.57046081396716,129.08887562359473,35.57030530665911,129.08816242498557,547.6744186046512,397.67441860465124,1,547.6744186046512,397.67441860465124,200.0,350.0,43,67,INSIDE,CLEAR,False,,,True,100.0,100.0,100.0,False,447.67441860465124,297.67441860465124,447.67441860465124,297.67441860465124,2,300.0,450.0,1,200.0,350.0,ALL_CLEAR,,100.0,,77,ALL_CLEAR,,100.0,,,ALL_CLEAR/PASS
takeoff,takeoff_stage1,takeoff_stage1,takeoff_stage1,TF,1,38,0,3783.671488935356,3783.671488935356,0.0,-33.33333333333333,35.57046081396716,129.08887562359473,35.570383060313134,129.08851902429015,547.6744186046512,397.67441860465124,1,547.6744186046512,397.67441860465124,200.0,350.0,43,67,INSIDE,CLEAR,False,,,True,100.0,100.0,100.0,False,447.67441860465124,297.67441860465124,447.67441860465124,297.67441860465124,2,300.0,450.0,1,200.0,350.0,ALL_CLEAR,,100.0,,77,ALL_CLEAR,,100.0,,,ALL_CLEAR/PASS
takeoff,takeoff_stage1,takeoff_stage1,takeoff_stage1,TF,1,38,0,3783.671488935356,3783.671488935356,0.0,33.33333333333334,35.57046081396716,129.08887562359473,35.570538567621185,129.0892322228993,547.6744186046512,397.67441860465124,1,547.6744186046512,397.67441860465124,200.0,350.0,43,68,INSIDE,CLEAR,False,,,True,100.0,100.0,100.0,False,447.67441860465124,297.67441860465124,447.67441860465124,297.67441860465124,2,300.0,450.0,1,200.0,350.0,ALL_CLEAR,,100.0,,77,ALL_CLEAR,,100.0,,,ALL_CLEAR/PASS
takeoff,takeoff_stage1,takeoff_stage1,takeoff_stage1,TF,1,38,0,3783.671488935356,3783.671488935356,0.0,66.66666666666669,35.57046081396716,129.08887562359473,35.57061632127521,129.0895888222039,547.6744186046512,397.67441860465124,1,547.6744186046512,397.67441860465124,200.0,350.0,43,68,INSIDE,CLEAR,False,,,True,100.0,100.0,100.0,False,447.67441860465124,297.67441860465124,447.67441860465124,297.67441860465124,2,300.0,450.0,1,200.0,350.0,ALL_CLEAR,,100.0,,77,ALL_CLEAR,,100.0,,,ALL_CLEAR/PASS
takeoff,takeoff_stage1,takeoff_stage1,takeoff_stage1,TF,1,38,0,3783.671488935356,3783.671488935356,0.0,100.0,35.57046081396716,129.08887562359473,35.570694074929236,129.08994542150847,547.6744186046512,397.67441860465124,1,547.6744186046512,397.67441860465124,200.0,350.0,43,68,INSIDE,CLEAR,False,,,True,100.0,100.0,100.0,False,447.67441860465124,297.67441860465124,447.67441860465124,297.67441860465124,2,300.0,450.0,1,200.0,350.0,ALL_CLEAR,,100.0,,77,ALL_CLEAR,,100.0,,,ALL_CLEAR/PASS
takeoff,takeoff_stage1,takeoff_stage1,takeoff_stage1,TF,1,38,1,3833.457344060194,3833.457344060194,49.785855124837916,-100.0,35.57002758783515,129.08901839495783,35.56979432687307,129.0879485970441,552.9069767441861,402.90697674418607,2,552.9069767441861,402.90697674418607,300.0,450.0,42,66,INSIDE,CLEAR,False,,,True,100.0,100.0,100.0,False,452.90697674418607,302.90697674418607,452.90697674418607,302.90697674418607,3,400.0,550.0,2,300.0,450.0,ALL_CLEAR,,100.0,,78,ALL_CLEAR,,100.0,,,ALL_CLEAR/PASS
takeoff,takeoff_stage1,takeoff_stage1,takeoff_stage1,TF,1,38,1,3833.457344060194,3833.457344060194,49.785855124837916,-66.66666666666666,35.57002758783515,129.08901839495783,35.5698720805271,129.08830519634867,552.9069767441861,402.90697674418607,2,552.9069767441861,402.90697674418607,300.0,450.0,42,67,INSIDE,CLEAR,False,,,True,100.0,100.0,100.0,False,452.90697674418607,302.90697674418607,452.90697674418607,302.90697674418607,3,400.0,550.0,2,300.0,450.0,ALL_CLEAR,,100.0,,78,ALL_CLEAR,,100.0,,,ALL_CLEAR/PASS
takeoff,takeoff_stage1,takeoff_stage1,takeoff_stage1,TF,1,38,1,3833.457344060194,3833.457344060194,49.785855124837916,-33.33333333333333,35.57002758783515,129.08901839495783,35.56994983418112,129.08866179565325,552.9069767441861,402.90697674418607,2,552.9069767441861,402.90697674418607,300.0,450.0,42,67,INSIDE,CLEAR,False,,,True,100.0,100.0,100.0,False,452.90697674418607,302.90697674418607,452.90697674418607,302.90697674418607,3,400.0,550.0,2,300.0,450.0,ALL_CLEAR,,100.0,,78,ALL_CLEAR,,100.0,,,ALL_CLEAR/PASS
takeoff,takeoff_stage1,takeoff_stage1,takeoff_stage1,TF,1,38,1,3833.457344060194,3833.457344060194,49.785855124837916,0.0,35.57002758783515,129.08901839495783,35.57002758783515,129.08901839495783,552.9069767441861,402.90697674418607,2,552.9069767441861,402.90697674418607,300.0,450.0,43,67,INSIDE,CLEAR,False,,,True,100.0,100.0,100.0,False,452.90697674418607,302.90697674418607,452.90697674418607,302.90697674418607,3,400.0,550.0,2,300.0,450.0,ALL_CLEAR,,100.0,,78,ALL_CLEAR,,100.0,,,ALL_CLEAR/PASS
takeoff,takeoff_stage1,takeoff_stage1,takeoff_stage1,TF,1,38,1,3833.457344060194,3833.457344060194,49.785855124837916,33.33333333333334,35.57002758783515,129.08901839495783,35.570105341489175,129.0893749942624,552.9069767441861,402.90697674418607,2,552.9069767441861,402.90697674418607,300.0,450.0,43,68,INSIDE,CLEAR,False,,,True,100.0,100.0,100.0,False,452.90697674418607,302.90697674418607,452.90697674418607,302.90697674418607,3,400.0,550.0,2,300.0,450.0,ALL_CLEAR,,100.0,,78,ALL_CLEAR,,100.0,,,ALL_CLEAR/PASS
takeoff,takeoff_stage1,takeoff_stage1,takeoff_stage1,TF,1,38,1,3833.457344060194,3833.457344060194,49.785855124837916,66.66666666666669,35.57002758783515,129.08901839495783,35.5701830951432,129.089731593567,552.9069767441861,402.90697674418607,2,552.9069767441861,402.90697674418607,300.0,450.0,43,68,INSIDE,CLEAR,False,,,True,100.0,100.0,100.0,False,452.90697674418607,302.90697674418607,452.90697674418607,302.90697674418607,3,400.0,550.0,2,300.0,450.0,ALL_CLEAR,,100.0,,78,ALL_CLEAR,,100.0,,,ALL_CLEAR/PASS
takeoff,takeoff_stage1,takeoff_stage1,takeoff_stage1,TF,1,38,1,3833.457344060194,3833.457344060194,49.785855124837916,100.0,35.57002758783515,129.08901839495783,35.570260848797226,129.09008819287158,552.9069767441861,402.90697674418607,2,552.9069767441861,402.90697674418607,300.0,450.0,43,68,INSIDE,CLEAR,False,,,True,100.0,100.0,100.0,False,452.90697674418607,302.90697674418607,452.90697674418607,302.90697674418607,3,400.0,550.0,2,300.0,450.0,ALL_CLEAR,,100.0,,78,ALL_CLEAR,,100.0,,,ALL_CLEAR/PASS
takeoff,takeoff_stage1,takeoff_stage1,takeoff_stage1,TF,1,38,2,3883.243199185032,3883.243199185032,99.57171024967583,-100.0,35.56959436170314,129.08916116632093,35.56936110074106,129.0880913684072,558.1395348837209,408.1395348837209,2,558.1395348837209,408.1395348837209,300.0,450.0,42,67,INSIDE,CLEAR,False,,,True,100.0,100.0,100.0,False,458.1395348837209,308.1395348837209,458.1395348837209,308.1395348837209,3,400.0,550.0,2,300.0,450.0,ALL_CLEAR,,100.0,,79,ALL_CLEAR,,100.0,,,ALL_CLEAR/PASS
takeoff,takeoff_stage1,takeoff_stage1,takeoff_stage1,TF,1,38,2,3883.243199185032,3883.243199185032,99.57171024967583,-66.66666666666666,35.56959436170314,129.08916116632093,35.56943885439509,129.08844796771177,558.1395348837209,408.1395348837209,2,558.1395348837209,408.1395348837209,300.0,450.0,42,67,INSIDE,CLEAR,False,,,True,100.0,100.0,100.0,False,458.1395348837209,308.1395348837209,458.1395348837209,308.1395348837209,3,400.0,550.0,2,300.0,450.0,ALL_CLEAR,,100.0,,79,ALL_CLEAR,,100.0,,,ALL_CLEAR/PASS
takeoff,takeoff_stage1,takeoff_stage1,takeoff_stage1,TF,1,38,2,3883.243199185032,3883.243199185032,99.57171024967583,-33.33333333333333,35.56959436170314,129.08916116632093,35.56951660804911,129.08880456701635,558.1395348837209,408.1395348837209,2,558.1395348837209,408.1395348837209,300.0,450.0,42,67,INSIDE,CLEAR,False,,,True,100.0,100.0,100.0,False,458.1395348837209,308.1395348837209,458.1395348837209,308.1395348837209,3,400.0,550.0,2,300.0,450.0,ALL_CLEAR,,100.0,,79,ALL_CLEAR,,100.0,,,ALL_CLEAR/PASS
takeoff,takeoff_stage1,takeoff_stage1,takeoff_stage1,TF,1,38,2,3883.243199185032,3883.243199185032,99.57171024967583,0.0,35.56959436170314,129.08916116632093,35.56959436170314,129.08916116632093,558.1395348837209,408.1395348837209,2,558.1395348837209,408.1395348837209,300.0,450.0,42,68,INSIDE,CLEAR,False,,,True,100.0,100.0,100.0,False,458.1395348837209,308.1395348837209,458.1395348837209,308.1395348837209,3,400.0,550.0,2,300.0,450.0,ALL_CLEAR,,100.0,,79,ALL_CLEAR,,100.0,,,ALL_CLEAR/PASS
takeoff,takeoff_stage1,takeoff_stage1,takeoff_stage1,TF,1,38,2,3883.243199185032,3883.243199185032,99.57171024967583,33.33333333333334,35.56959436170314,129.08916116632093,35.569672115357164,129.08951776562552,558.1395348837209,408.1395348837209,2,558.1395348837209,408.1395348837209,300.0,450.0,42,68,INSIDE,CLEAR,False,,,True,100.0,100.0,100.0,False,458.1395348837209,308.1395348837209,458.1395348837209,308.1395348837209,3,400.0,550.0,2,300.0,450.0,ALL_CLEAR,,100.0,,79,ALL_CLEAR,,100.0,,,ALL_CLEAR/PASS
takeoff,takeoff_stage1,takeoff_stage1,takeoff_stage1,TF,1,38,2,3883.243199185032,3883.243199185032,99.57171024967583,66.66666666666669,35.56959436170314,129.08916116632093,35.56974986901119,129.0898743649301,558.1395348837209,408.1395348837209,2,558.1395348837209,408.1395348837209,300.0,450.0,42,68,INSIDE,CLEAR,False,,,True,100.0,100.0,100.0,False,458.1395348837209,308.1395348837209,458.1395348837209,308.1395348837209,3,400.0,550.0,2,300.0,450.0,ALL_CLEAR,,100.0,,79,ALL_CLEAR,,100.0,,,ALL_CLEAR/PASS
takeoff,takeoff_stage1,takeoff_stage1,takeoff_stage1,TF,1,38,2,3883.243199185032,3883.243199185032,99.57171024967583,100.0,35.56959436170314,129.08916116632093,35.569827622665215,129.09023096423468,558.1395348837209,408.1395348837209,2,558.1395348837209,408.1395348837209,300.0,450.0,42,69,INSIDE,CLEAR,False,,,True,100.0,100.0,100.0,False,458.1395348837209,308.1395348837209,458.1395348837209,308.1395348837209,3,400.0,550.0,2,300.0,450.0,ALL_CLEAR,,100.0,,79,ALL_CLEAR,,100.0,,,ALL_CLEAR/PASS
takeoff,takeoff_stage1,takeoff_stage1,takeoff_stage1,TF,1,39,0,3883.243199185032,3883.243199185032,0.0,-100.0,35.56959436170314,129.08916116632093,35.569361098387596,129.08809138075202,558.1395348837209,408.1395348837209,2,558.1395348837209,408.1395348837209,300.0,450.0,42,67,INSIDE,CLEAR,False,,,True,100.0,100.0,100.0,False,458.1395348837209,308.1395348837209,458.1395348837209,308.1395348837209,3,400.0,550.0,2,300.0,450.0,ALL_CLEAR,,100.0,,79,ALL_CLEAR,,100.0,,,ALL_CLEAR/PASS
takeoff,takeoff_stage1,takeoff_stage1,takeoff_stage1,TF,1,39,0,3883.243199185032,3883.243199185032,0.0,-66.66666666666666,35.56959436170314,129.08916116632093,35.56943885282611,129.08844797594165,558.1395348837209,408.1395348837209,2,558.1395348837209,408.1395348837209,300.0,450.0,42,67,INSIDE,CLEAR,False,,,True,100.0,100.0,100.0,False,458.1395348837209,308.1395348837209,458.1395348837209,308.1395348837209,3,400.0,550.0,2,300.0,450.0,ALL_CLEAR,,100.0,,79,ALL_CLEAR,,100.0,,,ALL_CLEAR/PASS
takeoff,takeoff_stage1,takeoff_stage1,takeoff_stage1,TF,1,39,0,3883.243199185032,3883.243199185032,0.0,-33.33333333333333,35.56959436170314,129.08916116632093,35.569516607264624,129.0888045711313,558.1395348837209,408.1395348837209,2,558.1395348837209,408.1395348837209,300.0,450.0,42,67,INSIDE,CLEAR,False,,,True,100.0,100.0,100.0,False,458.1395348837209,308.1395348837209,458.1395348837209,308.1395348837209,3,400.0,550.0,2,300.0,450.0,ALL_CLEAR,,100.0,,79,ALL_CLEAR,,100.0,,,ALL_CLEAR/PASS
takeoff,takeoff_stage1,takeoff_stage1,takeoff_stage1,TF,1,39,0,3883.243199185032,3883.243199185032,0.0,33.33333333333334,35.56959436170314,129.08916116632093,35.56967211614165,129.08951776151056,558.1395348837209,408.1395348837209,2,558.1395348837209,408.1395348837209,300.0,450.0,42,68,INSIDE,CLEAR,False,,,True,100.0,100.0,100.0,False,458.1395348837209,308.1395348837209,458.1395348837209,308.1395348837209,3,400.0,550.0,2,300.0,450.0,ALL_CLEAR,,100.0,,79,ALL_CLEAR,,100.0,,,ALL_CLEAR/PASS
takeoff,takeoff_stage1,takeoff_stage1,takeoff_stage1,TF,1,39,0,3883.243199185032,3883.243199185032,0.0,66.66666666666669,35.56959436170314,129.08916116632093,35.56974987058017,129.08987435670022,558.1395348837209,408.1395348837209,2,558.1395348837209,408.1395348837209,300.0,450.0,42,68,INSIDE,CLEAR,False,,,True,100.0,100.0,100.0,False,458.1395348837209,308.1395348837209,458.1395348837209,308.1395348837209,3,400.0,550.0,2,300.0,450.0,ALL_CLEAR,,100.0,,79,ALL_CLEAR,,100.0,,,ALL_CLEAR/PASS
takeoff,takeoff_stage1,takeoff_stage1,takeoff_stage1,TF,1,39,0,3883.243199185032,3883.243199185032,0.0,100.0,35.56959436170314,129.08916116632093,35.56982762501868,129.09023095188985,558.1395348837209,408.1395348837209,2,558.1395348837209,408.1395348837209,300.0,450.0,42,69,INSIDE,CLEAR,False,,,True,100.0,100.0,100.0,False,458.1395348837209,308.1395348837209,458.1395348837209,308.1395348837209,3,400.0,550.0,2,300.0,450.0,ALL_CLEAR,,100.0,,79,ALL_CLEAR,,100.0,,,ALL_CLEAR/PASS
takeoff,takeoff_stage1,takeoff_stage1,takeoff_stage1,TF,1,39,1,3933.029090404829,3933.029090404829,49.7858912197966,-100.0,35.56916113557112,129.089303937684,35.568927872255585,129.08823415211512,563.3720930232557,413.37209302325573,2,563.3720930232557,413.37209302325573,300.0,450.0,41,67,INSIDE,CLEAR,False,,,True,100.0,100.0,100.0,False,463.37209302325573,313.37209302325573,463.37209302325573,313.37209302325573,3,400.0,550.0,2,300.0,450.0,ALL_CLEAR,,100.0,,80,ALL_CLEAR,,100.0,,,ALL_CLEAR/PASS
takeoff,takeoff_stage1,takeoff_stage1,takeoff_stage1,TF,1,39,1,3933.029090404829,3933.029090404829,49.7858912197966,-66.66666666666666,35.56916113557112,129.089303937684,35.5690056266941,129.08859074730475,563.3720930232557,413.37209302325573,2,563.3720930232557,413.37209302325573,300.0,450.0,41,67,INSIDE,CLEAR,False,,,True,100.0,100.0,100.0,False,463.37209302325573,313.37209302325573,463.37209302325573,313.37209302325573,3,400.0,550.0,2,300.0,450.0,ALL_CLEAR,,100.0,,80,ALL_CLEAR,,100.0,,,ALL_CLEAR/PASS
takeoff,takeoff_stage1,takeoff_stage1,takeoff_stage1,TF,1,39,1,3933.029090404829,3933.029090404829,49.7858912197966,-33.33333333333333,35.56916113557112,129.089303937684,35.569083381132614,129.08894734249438,563.3720930232557,413.37209302325573,2,563.3720930232557,413.37209302325573,300.0,450.0,41,67,INSIDE,CLEAR,False,,,True,100.0,100.0,100.0,False,463.37209302325573,313.37209302325573,463.37209302325573,313.37209302325573,3,400.0,550.0,2,300.0,450.0,ALL_CLEAR,,100.0,,80,ALL_CLEAR,,100.0,,,ALL_CLEAR/PASS
takeoff,takeoff_stage1,takeoff_stage1,takeoff_stage1,TF,1,39,1,3933.029090404829,3933.029090404829,49.7858912197966,0.0,35.56916113557112,129.089303937684,35.56916113557112,129.089303937684,563.3720930232557,413.37209302325573,2,563.3720930232557,413.37209302325573,300.0,450.0,41,68,INSIDE,CLEAR,False,,,True,100.0,100.0,100.0,False,463.37209302325573,313.37209302325573,463.37209302325573,313.37209302325573,3,400.0,550.0,2,300.0,450.0,ALL_CLEAR,,100.0,,80,ALL_CLEAR,,100.0,,,ALL_CLEAR/PASS
takeoff,takeoff_stage1,takeoff_stage1,takeoff_stage1,TF,1,39,1,3933.029090404829,3933.029090404829,49.7858912197966,33.33333333333334,35.56916113557112,129.089303937684,35.569238890009636,129.08966053287367,563.3720930232557,413.37209302325573,2,563.3720930232557,413.37209302325573,300.0,450.0,42,68,INSIDE,CLEAR,False,,,True,100.0,100.0,100.0,False,463.37209302325573,313.37209302325573,463.37209302325573,313.37209302325573,3,400.0,550.0,2,300.0,450.0,ALL_CLEAR,,100.0,,80,ALL_CLEAR,,100.0,,,ALL_CLEAR/PASS
takeoff,takeoff_stage1,takeoff_stage1,takeoff_stage1,TF,1,39,1,3933.029090404829,3933.029090404829,49.7858912197966,66.66666666666669,35.56916113557112,129.089303937684,35.56931664444815,129.0900171280633,563.3720930232557,413.37209302325573,2,563.3720930232557,413.37209302325573,300.0,450.0,42,68,INSIDE,CLEAR,False,,,True,100.0,100.0,100.0,False,463.37209302325573,313.37209302325573,463.37209302325573,313.37209302325573,3,400.0,550.0,2,300.0,450.0,ALL_CLEAR,,100.0,,80,ALL_CLEAR,,100.0,,,ALL_CLEAR/PASS
takeoff,takeoff_stage1,takeoff_stage1,takeoff_stage1,TF,1,39,1,3933.029090404829,3933.029090404829,49.7858912197966,100.0,35.56916113557112,129.089303937684,35.569394398886665,129.09037372325292,563.3720930232557,413.37209302325573,2,563.3720930232557,413.37209302325573,300.0,450.0,42,69,INSIDE,CLEAR,False,,,True,100.0,100.0,100.0,False,463.37209302325573,313.37209302325573,463.37209302325573,313.37209302325573,3,400.0,550.0,2,300.0,450.0,ALL_CLEAR,,100.0,,80,ALL_CLEAR,,100.0,,,ALL_CLEAR/PASS
takeoff,takeoff_stage1,takeoff_stage1,takeoff_stage1,TF,1,39,2,3982.8149816246255,3982.8149816246255,99.5717824395932,-100.0,35.56872790943911,129.0894467090471,35.56849464612357,129.0883769234782,568.6046511627907,418.6046511627907,2,568.6046511627907,418.6046511627907,300.0,450.0,41,67,INSIDE,CLEAR,False,,,True,100.0,100.0,100.0,False,468.6046511627907,318.6046511627907,468.6046511627907,318.6046511627907,3,400.0,550.0,2,300.0,450.0,ALL_CLEAR,,100.0,,81,ALL_CLEAR,,100.0,,,ALL_CLEAR/PASS
takeoff,takeoff_stage1,takeoff_stage1,takeoff_stage1,TF,1,39,2,3982.8149816246255,3982.8149816246255,99.5717824395932,-66.66666666666666,35.56872790943911,129.0894467090471,35.56857240056208,129.08873351866782,568.6046511627907,418.6046511627907,2,568.6046511627907,418.6046511627907,300.0,450.0,41,67,INSIDE,CLEAR,False,,,True,100.0,100.0,100.0,False,468.6046511627907,318.6046511627907,468.6046511627907,318.6046511627907,3,400.0,550.0,2,300.0,450.0,ALL_CLEAR,,100.0,,81,ALL_CLEAR,,100.0,,,ALL_CLEAR/PASS
takeoff,takeoff_stage1,takeoff_stage1,takeoff_stage1,TF,1,39,2,3982.8149816246255,3982.8149816246255,99.5717824395932,-33.33333333333333,35.56872790943911,129.0894467090471,35.5686501550006,129.08909011385748,568.6046511627907,418.6046511627907,2,568.6046511627907,418.6046511627907,300.0,450.0,41,67,INSIDE,CLEAR,False,,,True,100.0,100.0,100.0,False,468.6046511627907,318.6046511627907,468.6046511627907,318.6046511627907,3,400.0,550.0,2,300.0,450.0,ALL_CLEAR,,100.0,,81,ALL_CLEAR,,100.0,,,ALL_CLEAR/PASS
takeoff,takeoff_stage1,takeoff_stage1,takeoff_stage1,TF,1,39,2,3982.8149816246255,3982.8149816246255,99.5717824395932,0.0,35.56872790943911,129.0894467090471,35.56872790943911,129.0894467090471,568.6046511627907,418.6046511627907,2,568.6046511627907,418.6046511627907,300.0,450.0,41,68,INSIDE,CLEAR,False,,,True,100.0,100.0,100.0,False,468.6046511627907,318.6046511627907,468.6046511627907,318.6046511627907,3,400.0,550.0,2,300.0,450.0,ALL_CLEAR,,100.0,,81,ALL_CLEAR,,100.0,,,ALL_CLEAR/PASS
takeoff,takeoff_stage1,takeoff_stage1,takeoff_stage1,TF,1,39,2,3982.8149816246255,3982.8149816246255,99.5717824395932,33.33333333333334,35.56872790943911,129.0894467090471,35.568805663877626,129.08980330423674,568.6046511627907,418.6046511627907,2,568.6046511627907,418.6046511627907,300.0,450.0,41,68,INSIDE,CLEAR,False,,,True,100.0,100.0,100.0,False,468.6046511627907,318.6046511627907,468.6046511627907,318.6046511627907,3,400.0,550.0,2,300.0,450.0,ALL_CLEAR,,100.0,,81,ALL_CLEAR,,100.0,,,ALL_CLEAR/PASS
takeoff,takeoff_stage1,takeoff_stage1,takeoff_stage1,TF,1,39,2,3982.8149816246255,3982.8149816246255,99.5717824395932,66.66666666666669,35.56872790943911,129.0894467090471,35.56888341831614,129.0901598994264,568.6046511627907,418.6046511627907,2,568.6046511627907,418.6046511627907,300.0,450.0,41,69,INSIDE,CLEAR,False,,,True,100.0,100.0,100.0,False,468.6046511627907,318.6046511627907,468.6046511627907,318.6046511627907,3,400.0,550.0,2,300.0,450.0,ALL_CLEAR,,100.0,,81,ALL_CLEAR,,100.0,,,ALL_CLEAR/PASS
takeoff,takeoff_stage1,takeoff_stage1,takeoff_stage1,TF,1,39,2,3982.8149816246255,3982.8149816246255,99.5717824395932,100.0,35.56872790943911,129.0894467090471,35.568961172754655,129.09051649461603,568.6046511627907,418.6046511627907,2,568.6046511627907,418.6046511627907,300.0,450.0,41,69,INSIDE,CLEAR,False,,,True,100.0,100.0,100.0,False,468.6046511627907,318.6046511627907,468.6046511627907,318.6046511627907,3,400.0,550.0,2,300.0,450.0,ALL_CLEAR,,100.0,,81,ALL_CLEAR,,100.0,,,ALL_CLEAR/PASS
takeoff,takeoff_stage1,takeoff_stage1,takeoff_stage1,TF,1,40,0,3982.8149816246255,3982.8149816246255,0.0,-100.0,35.56872790943911,129.0894467090471,35.56849464377013,129.0883769358225,568.6046511627907,418.6046511627907,2,568.6046511627907,418.6046511627907,300.0,450.0,41,67,INSIDE,CLEAR,False,,,True,100.0,100.0,100.0,False,468.6046511627907,318.6046511627907,468.6046511627907,318.6046511627907,3,400.0,550.0,2,300.0,450.0,ALL_CLEAR,,100.0,,81,ALL_CLEAR,,100.0,,,ALL_CLEAR/PASS
takeoff,takeoff_stage1,takeoff_stage1,takeoff_stage1,TF,1,40,0,3982.8149816246255,3982.8149816246255,0.0,-66.66666666666666,35.56872790943911,129.0894467090471,35.568572398993126,129.08873352689739,568.6046511627907,418.6046511627907,2,568.6046511627907,418.6046511627907,300.0,450.0,41,67,INSIDE,CLEAR,False,,,True,100.0,100.0,100.0,False,468.6046511627907,318.6046511627907,468.6046511627907,318.6046511627907,3,400.0,550.0,2,300.0,450.0,ALL_CLEAR,,100.0,,81,ALL_CLEAR,,100.0,,,ALL_CLEAR/PASS
takeoff,takeoff_stage1,takeoff_stage1,takeoff_stage1,TF,1,40,0,3982.8149816246255,3982.8149816246255,0.0,-33.33333333333333,35.56872790943911,129.0894467090471,35.568650154216115,129.08909011797223,568.6046511627907,418.6046511627907,2,568.6046511627907,418.6046511627907,300.0,450.0,41,67,INSIDE,CLEAR,False,,,True,100.0,100.0,100.0,False,468.6046511627907,318.6046511627907,468.6046511627907,318.6046511627907,3,400.0,550.0,2,300.0,450.0,ALL_CLEAR,,100.0,,81,ALL_CLEAR,,100.0,,,ALL_CLEAR/PASS
takeoff,takeoff_stage1,takeoff_stage1,takeoff_stage1,TF,1,40,0,3982.8149816246255,3982.8149816246255,0.0,33.33333333333334,35.56872790943911,129.0894467090471,35.56880566466211,129.08980330012199,568.6046511627907,418.6046511627907,2,568.6046511627907,418.6046511627907,300.0,450.0,41,68,INSIDE,CLEAR,False,,,True,100.0,100.0,100.0,False,468.6046511627907,318.6046511627907,468.6046511627907,318.6046511627907,3,400.0,550.0,2,300.0,450.0,ALL_CLEAR,,100.0,,81,ALL_CLEAR,,100.0,,,ALL_CLEAR/PASS
takeoff,takeoff_stage1,takeoff_stage1,takeoff_stage1,TF,1,40,0,3982.8149816246255,3982.8149816246255,0.0,66.66666666666669,35.56872790943911,129.0894467090471,35.5688834198851,129.09015989119683,568.6046511627907,418.6046511627907,2,568.6046511627907,418.6046511627907,300.0,450.0,41,69,INSIDE,CLEAR,False,,,True,100.0,100.0,100.0,False,468.6046511627907,318.6046511627907,468.6046511627907,318.6046511627907,3,400.0,550.0,2,300.0,450.0,ALL_CLEAR,,100.0,,81,ALL_CLEAR,,100.0,,,ALL_CLEAR/PASS
takeoff,takeoff_stage1,takeoff_stage1,takeoff_stage1,TF,1,40,0,3982.8149816246255,3982.8149816246255,0.0,100.0,35.56872790943911,129.0894467090471,35.56896117510809,129.0905164822717,568.6046511627907,418.6046511627907,2,568.6046511627907,418.6046511627907,300.0,450.0,41,69,INSIDE,CLEAR,False,,,True,100.0,100.0,100.0,False,468.6046511627907,318.6046511627907,468.6046511627907,318.6046511627907,3,400.0,550.0,2,300.0,450.0,ALL_CLEAR,,100.0,,81,ALL_CLEAR,,100.0,,,ALL_CLEAR/PASS
takeoff,takeoff_stage1,takeoff_stage1,takeoff_stage1,TF,1,40,1,4032.600908938171,4032.600908938171,49.78592731354567,-100.0,35.5682946833071,129.0895894804102,35.56806141763812,129.0885197071856,573.8372093023256,423.8372093023256,2,573.8372093023256,423.8372093023256,300.0,450.0,40,67,INSIDE,CLEAR,False,,,True,100.0,100.0,100.0,False,473.8372093023256,323.8372093023256,473.8372093023256,323.8372093023256,3,400.0,550.0,2,300.0,450.0,ALL_CLEAR,,100.0,,82,ALL_CLEAR,,100.0,,,ALL_CLEAR/PASS
takeoff,takeoff_stage1,takeoff_stage1,takeoff_stage1,TF,1,40,1,4032.600908938171,4032.600908938171,49.78592731354567,-66.66666666666666,35.5682946833071,129.0895894804102,35.568139172861116,129.08887629826046,573.8372093023256,423.8372093023256,2,573.8372093023256,423.8372093023256,300.0,450.0,40,67,INSIDE,CLEAR,False,,,True,100.0,100.0,100.0,False,473.8372093023256,323.8372093023256,473.8372093023256,323.8372093023256,3,400.0,550.0,2,300.0,450.0,ALL_CLEAR,,100.0,,82,ALL_CLEAR,,100.0,,,ALL_CLEAR/PASS
takeoff,takeoff_stage1,takeoff_stage1,takeoff_stage1,TF,1,40,1,4032.600908938171,4032.600908938171,49.78592731354567,-33.33333333333333,35.5682946833071,129.0895894804102,35.56821692808411,129.08923288933534,573.8372093023256,423.8372093023256,2,573.8372093023256,423.8372093023256,300.0,450.0,40,68,INSIDE,CLEAR,False,,,True,100.0,100.0,100.0,False,473.8372093023256,323.8372093023256,473.8372093023256,323.8372093023256,3,400.0,550.0,2,300.0,450.0,ALL_CLEAR,,100.0,,82,ALL_CLEAR,,100.0,,,ALL_CLEAR/PASS
takeoff,takeoff_stage1,takeoff_stage1,takeoff_stage1,TF,1,40,1,4032.600908938171,4032.600908938171,49.78592731354567,0.0,35.5682946833071,129.0895894804102,35.5682946833071,129.0895894804102,573.8372093023256,423.8372093023256,2,573.8372093023256,423.8372093023256,300.0,450.0,40,68,INSIDE,CLEAR,False,,,True,100.0,100.0,100.0,False,473.8372093023256,323.8372093023256,473.8372093023256,323.8372093023256,3,400.0,550.0,2,300.0,450.0,ALL_CLEAR,,100.0,,82,ALL_CLEAR,,100.0,,,ALL_CLEAR/PASS
takeoff,takeoff_stage1,takeoff_stage1,takeoff_stage1,TF,1,40,1,4032.600908938171,4032.600908938171,49.78592731354567,33.33333333333334,35.5682946833071,129.0895894804102,35.5683724385301,129.08994607148506,573.8372093023256,423.8372093023256,2,573.8372093023256,423.8372093023256,300.0,450.0,41,68,INSIDE,CLEAR,False,,,True,100.0,100.0,100.0,False,473.8372093023256,323.8372093023256,473.8372093023256,323.8372093023256,3,400.0,550.0,2,300.0,450.0,ALL_CLEAR,,100.0,,82,ALL_CLEAR,,100.0,,,ALL_CLEAR/PASS
takeoff,takeoff_stage1,takeoff_stage1,takeoff_stage1,TF,1,40,1,4032.600908938171,4032.600908938171,49.78592731354567,66.66666666666669,35.5682946833071,129.0895894804102,35.568450193753094,129.09030266255994,573.8372093023256,423.8372093023256,2,573.8372093023256,423.8372093023256,300.0,450.0,41,69,INSIDE,CLEAR,False,,,True,100.0,100.0,100.0,False,473.8372093023256,323.8372093023256,473.8372093023256,323.8372093023256,3,400.0,550.0,2,300.0,450.0,ALL_CLEAR,,100.0,,82,ALL_CLEAR,,100.0,,,ALL_CLEAR/PASS
takeoff,takeoff_stage1,takeoff_stage1,takeoff_stage1,TF,1,40,1,4032.600908938171,4032.600908938171,49.78592731354567,100.0,35.5682946833071,129.0895894804102,35.56852794897609,129.09065925363478,573.8372093023256,423.8372093023256,2,573.8372093023256,423.8372093023256,300.0,450.0,41,69,INSIDE,CLEAR,False,,,True,100.0,100.0,100.0,False,473.8372093023256,323.8372093023256,473.8372093023256,323.8372093023256,3,400.0,550.0,2,300.0,450.0,ALL_CLEAR,,100.0,,82,ALL_CLEAR,,100.0,,,ALL_CLEAR/PASS
takeoff,takeoff_stage1,takeoff_stage1,takeoff_stage1,TF,1,40,2,4082.386836251717,4082.386836251717,99.57185462709134,-100.0,35.5678614571751,129.08973225177328,35.56762819150612,129.08866247854868,579.0697674418604,429.06976744186045,2,579.0697674418604,429.06976744186045,300.0,450.0,40,67,INSIDE,CLEAR,False,,,True,100.0,100.0,100.0,False,479.06976744186045,329.06976744186045,479.06976744186045,329.06976744186045,3,400.0,550.0,2,300.0,450.0,ALL_CLEAR,,100.0,,83,ALL_CLEAR,,100.0,,,ALL_CLEAR/PASS
takeoff,takeoff_stage1,takeoff_stage1,takeoff_stage1,TF,1,40,2,4082.386836251717,4082.386836251717,99.57185462709134,-66.66666666666666,35.5678614571751,129.08973225177328,35.56770594672911,129.08901906962356,579.0697674418604,429.06976744186045,2,579.0697674418604,429.06976744186045,300.0,450.0,40,67,INSIDE,CLEAR,False,,,True,100.0,100.0,100.0,False,479.06976744186045,329.06976744186045,479.06976744186045,329.06976744186045,3,400.0,550.0,2,300.0,450.0,ALL_CLEAR,,100.0,,83,ALL_CLEAR,,100.0,,,ALL_CLEAR/PASS
takeoff,takeoff_stage1,takeoff_stage1,takeoff_stage1,TF,1,40,2,4082.386836251717,4082.386836251717,99.57185462709134,-33.33333333333333,35.5678614571751,129.08973225177328,35.5677837019521,129.0893756606984,579.0697674418604,429.06976744186045,2,579.0697674418604,429.06976744186045,300.0,450.0,40,68,INSIDE,CLEAR,False,,,True,100.0,100.0,100.0,False,479.06976744186045,329.06976744186045,479.06976744186045,329.06976744186045,3,400.0,550.0,2,300.0,450.0,ALL_CLEAR,,100.0,,83,ALL_CLEAR,,100.0,,,ALL_CLEAR/PASS
takeoff,takeoff_stage1,takeoff_stage1,takeoff_stage1,TF,1,40,2,4082.386836251717,4082.386836251717,99.57185462709134,0.0,35.5678614571751,129.08973225177328,35.5678614571751,129.08973225177328,579.0697674418604,429.06976744186045,2,579.0697674418604,429.06976744186045,300.0,450.0,40,68,INSIDE,CLEAR,False,,,True,100.0,100.0,100.0,False,479.06976744186045,329.06976744186045,479.06976744186045,329.06976744186045,3,400.0,550.0,2,300.0,450.0,ALL_CLEAR,,100.0,,83,ALL_CLEAR,,100.0,,,ALL_CLEAR/PASS
takeoff,takeoff_stage1,takeoff_stage1,takeoff_stage1,TF,1,40,2,4082.386836251717,4082.386836251717,99.57185462709134,33.33333333333334,35.5678614571751,129.08973225177328,35.567939212398095,129.09008884284816,579.0697674418604,429.06976744186045,2,579.0697674418604,429.06976744186045,300.0,450.0,40,68,INSIDE,CLEAR,False,,,True,100.0,100.0,100.0,False,479.06976744186045,329.06976744186045,479.06976744186045,329.06976744186045,3,400.0,550.0,2,300.0,450.0,ALL_CLEAR,,100.0,,83,ALL_CLEAR,,100.0,,,ALL_CLEAR/PASS
takeoff,takeoff_stage1,takeoff_stage1,takeoff_stage1,TF,1,40,2,4082.386836251717,4082.386836251717,99.57185462709134,66.66666666666669,35.5678614571751,129.08973225177328,35.568016967621084,129.090445433923,579.0697674418604,429.06976744186045,2,579.0697674418604,429.06976744186045,300.0,450.0,40,69,INSIDE,CLEAR,False,,,True,100.0,100.0,100.0,False,479.06976744186045,329.06976744186045,479.06976744186045,329.06976744186045,3,400.0,550.0,2,300.0,450.0,ALL_CLEAR,,100.0,,83,ALL_CLEAR,,100.0,,,ALL_CLEAR/PASS
takeoff,takeoff_stage1,takeoff_stage1,takeoff_stage1,TF,1,40,2,4082.386836251717,4082.386836251717,99.57185462709134,100.0,35.5678614571751,129.08973225177328,35.56809472284408,129.09080202499788,579.0697674418604,429.06976744186045,2,579.0697674418604,429.06976744186045,300.0,450.0,40,69,INSIDE,CLEAR,False,,,True,100.0,100.0,100.0,False,479.06976744186045,329.06976744186045,479.06976744186045,329.06976744186045,3,400.0,550.0,2,300.0,450.0,ALL_CLEAR,,100.0,,83,ALL_CLEAR,,100.0,,,ALL_CLEAR/PASS
takeoff,takeoff_stage1,takeoff_stage1,takeoff_stage1,TF,1,41,0,4082.386836251717,4082.386836251717,0.0,-100.0,35.5678614571751,129.08973225177328,35.567628189152735,129.0886624908925,579.0697674418604,429.06976744186045,2,579.0697674418604,429.06976744186045,300.0,450.0,40,67,INSIDE,CLEAR,False,,,True,100.0,100.0,100.0,False,479.06976744186045,329.06976744186045,479.06976744186045,329.06976744186045,3,400.0,550.0,2,300.0,450.0,ALL_CLEAR,,100.0,,83,ALL_CLEAR,,100.0,,,ALL_CLEAR/PASS
takeoff,takeoff_stage1,takeoff_stage1,takeoff_stage1,TF,1,41,0,4082.386836251717,4082.386836251717,0.0,-66.66666666666666,35.5678614571751,129.08973225177328,35.56770594516019,129.08901907785275,579.0697674418604,429.06976744186045,2,579.0697674418604,429.06976744186045,300.0,450.0,40,67,INSIDE,CLEAR,False,,,True,100.0,100.0,100.0,False,479.06976744186045,329.06976744186045,479.06976744186045,329.06976744186045,3,400.0,550.0,2,300.0,450.0,ALL_CLEAR,,100.0,,83,ALL_CLEAR,,100.0,,,ALL_CLEAR/PASS
takeoff,takeoff_stage1,takeoff_stage1,takeoff_stage1,TF,1,41,0,4082.386836251717,4082.386836251717,0.0,-33.33333333333333,35.5678614571751,129.08973225177328,35.56778370116764,129.08937566481302,579.0697674418604,429.06976744186045,2,579.0697674418604,429.06976744186045,300.0,450.0,40,68,INSIDE,CLEAR,False,,,True,100.0,100.0,100.0,False,479.06976744186045,329.06976744186045,479.06976744186045,329.06976744186045,3,400.0,550.0,2,300.0,450.0,ALL_CLEAR,,100.0,,83,ALL_CLEAR,,100.0,,,ALL_CLEAR/PASS
takeoff,takeoff_stage1,takeoff_stage1,takeoff_stage1,TF,1,41,0,4082.386836251717,4082.386836251717,0.0,33.33333333333334,35.5678614571751,129.08973225177328,35.567939213182555,129.09008883873355,579.0697674418604,429.06976744186045,2,579.0697674418604,429.06976744186045,300.0,450.0,40,68,INSIDE,CLEAR,False,,,True,100.0,100.0,100.0,False,479.06976744186045,329.06976744186045,479.06976744186045,329.06976744186045,3,400.0,550.0,2,300.0,450.0,ALL_CLEAR,,100.0,,83,ALL_CLEAR,,100.0,,,ALL_CLEAR/PASS
takeoff,takeoff_stage1,takeoff_stage1,takeoff_stage1,TF,1,41,0,4082.386836251717,4082.386836251717,0.0,66.66666666666669,35.5678614571751,129.08973225177328,35.568016969190005,129.09044542569382,579.0697674418604,429.06976744186045,2,579.0697674418604,429.06976744186045,300.0,450.0,40,69,INSIDE,CLEAR,False,,,True,100.0,100.0,100.0,False,479.06976744186045,329.06976744186045,479.06976744186045,329.06976744186045,3,400.0,550.0,2,300.0,450.0,ALL_CLEAR,,100.0,,83,ALL_CLEAR,,100.0,,,ALL_CLEAR/PASS
takeoff,takeoff_stage1,takeoff_stage1,takeoff_stage1,TF,1,41,0,4082.386836251717,4082.386836251717,0.0,100.0,35.5678614571751,129.08973225177328,35.56809472519746,129.09080201265408,579.0697674418604,429.06976744186045,2,579.0697674418604,429.06976744186045,300.0,450.0,40,69,INSIDE,CLEAR,False,,,True,100.0,100.0,100.0,False,479.06976744186045,329.06976744186045,479.06976744186045,329.06976744186045,3,400.0,550.0,2,300.0,450.0,ALL_CLEAR,,100.0,,83,ALL_CLEAR,,100.0,,,ALL_CLEAR/PASS
takeoff,takeoff_stage1,takeoff_stage1,takeoff_stage1,TF,1,41,1,4132.172799659756,4132.172799659756,49.7859634080383,-100.0,35.56742823104309,129.08987502313636,35.567194963020725,129.08880526225556,584.3023255813953,434.3023255813953,2,584.3023255813953,434.3023255813953,300.0,450.0,39,67,INSIDE,CLEAR,False,,,True,100.0,100.0,100.0,False,484.3023255813953,334.3023255813953,484.3023255813953,334.3023255813953,3,400.0,550.0,2,300.0,450.0,ALL_CLEAR,,100.0,,84,ALL_CLEAR,,100.0,,,ALL_CLEAR/PASS
takeoff,takeoff_stage1,takeoff_stage1,takeoff_stage1,TF,1,41,1,4132.172799659756,4132.172799659756,49.7859634080383,-66.66666666666666,35.56742823104309,129.08987502313636,35.56727271902818,129.08916184921583,584.3023255813953,434.3023255813953,2,584.3023255813953,434.3023255813953,300.0,450.0,39,68,INSIDE,CLEAR,False,,,True,100.0,100.0,100.0,False,484.3023255813953,334.3023255813953,484.3023255813953,334.3023255813953,3,400.0,550.0,2,300.0,450.0,ALL_CLEAR,,100.0,,84,ALL_CLEAR,,100.0,,,ALL_CLEAR/PASS
takeoff,takeoff_stage1,takeoff_stage1,takeoff_stage1,TF,1,41,1,4132.172799659756,4132.172799659756,49.7859634080383,-33.33333333333333,35.56742823104309,129.08987502313636,35.56735047503563,129.0895184361761,584.3023255813953,434.3023255813953,2,584.3023255813953,434.3023255813953,300.0,450.0,39,68,INSIDE,CLEAR,False,,,True,100.0,100.0,100.0,False,484.3023255813953,334.3023255813953,484.3023255813953,334.3023255813953,3,400.0,550.0,2,300.0,450.0,ALL_CLEAR,,100.0,,84,ALL_CLEAR,,100.0,,,ALL_CLEAR/PASS
takeoff,takeoff_stage1,takeoff_stage1,takeoff_stage1,TF,1,41,1,4132.172799659756,4132.172799659756,49.7859634080383,0.0,35.56742823104309,129.08987502313636,35.56742823104309,129.08987502313636,584.3023255813953,434.3023255813953,2,584.3023255813953,434.3023255813953,300.0,450.0,39,68,INSIDE,CLEAR,False,,,True,100.0,100.0,100.0,False,484.3023255813953,334.3023255813953,484.3023255813953,334.3023255813953,3,400.0,550.0,2,300.0,450.0,ALL_CLEAR,,100.0,,84,ALL_CLEAR,,100.0,,,ALL_CLEAR/PASS
takeoff,takeoff_stage1,takeoff_stage1,takeoff_stage1,TF,1,41,1,4132.172799659756,4132.172799659756,49.7859634080383,33.33333333333334,35.56742823104309,129.08987502313636,35.567505987050545,129.09023161009665,584.3023255813953,434.3023255813953,2,584.3023255813953,434.3023255813953,300.0,450.0,39,69,INSIDE,CLEAR,False,,,True,100.0,100.0,100.0,False,484.3023255813953,334.3023255813953,484.3023255813953,334.3023255813953,3,400.0,550.0,2,300.0,450.0,ALL_CLEAR,,100.0,,84,ALL_CLEAR,,100.0,,,ALL_CLEAR/PASS
takeoff,takeoff_stage1,takeoff_stage1,takeoff_stage1,TF,1,41,1,4132.172799659756,4132.172799659756,49.7859634080383,66.66666666666669,35.56742823104309,129.08987502313636,35.567583743057995,129.09058819705692,584.3023255813953,434.3023255813953,2,584.3023255813953,434.3023255813953,300.0,450.0,40,69,INSIDE,CLEAR,False,,,True,100.0,100.0,100.0,False,484.3023255813953,334.3023255813953,484.3023255813953,334.3023255813953,3,400.0,550.0,2,300.0,450.0,ALL_CLEAR,,100.0,,84,ALL_CLEAR,,100.0,,,ALL_CLEAR/PASS
takeoff,takeoff_stage1,takeoff_stage1,takeoff_stage1,TF,1,41,1,4132.172799659756,4132.172799659756,49.7859634080383,100.0,35.56742823104309,129.08987502313636,35.56766149906545,129.09094478401718,584.3023255813953,434.3023255813953,2,584.3023255813953,434.3023255813953,300.0,450.0,40,69,INSIDE,CLEAR,False,,,True,100.0,100.0,100.0,False,484.3023255813953,334.3023255813953,484.3023255813953,334.3023255813953,3,400.0,550.0,2,300.0,450.0,ALL_CLEAR,,100.0,,84,ALL_CLEAR,,100.0,,,ALL_CLEAR/PASS
takeoff,takeoff_stage1,takeoff_stage1,takeoff_stage1,TF,1,41,2,4181.958763067793,4181.958763067793,99.5719268160766,-100.0,35.56699500491108,129.09001779449946,35.566761736888715,129.08894803361866,589.5348837209302,439.5348837209302,2,589.5348837209302,439.5348837209302,300.0,450.0,39,67,INSIDE,CLEAR,False,,,True,100.0,100.0,100.0,False,489.5348837209302,339.5348837209302,489.5348837209302,339.5348837209302,3,400.0,550.0,2,300.0,450.0,ALL_CLEAR,,100.0,,85,ALL_CLEAR,,100.0,,,ALL_CLEAR/PASS
takeoff,takeoff_stage1,takeoff_stage1,takeoff_stage1,TF,1,41,2,4181.958763067793,4181.958763067793,99.5719268160766,-66.66666666666666,35.56699500491108,129.09001779449946,35.56683949289617,129.08930462057893,589.5348837209302,439.5348837209302,2,589.5348837209302,439.5348837209302,300.0,450.0,39,68,INSIDE,CLEAR,False,,,True,100.0,100.0,100.0,False,489.5348837209302,339.5348837209302,489.5348837209302,339.5348837209302,3,400.0,550.0,2,300.0,450.0,ALL_CLEAR,,100.0,,85,ALL_CLEAR,,100.0,,,ALL_CLEAR/PASS
takeoff,takeoff_stage1,takeoff_stage1,takeoff_stage1,TF,1,41,2,4181.958763067793,4181.958763067793,99.5719268160766,-33.33333333333333,35.56699500491108,129.09001779449946,35.56691724890362,129.0896612075392,589.5348837209302,439.5348837209302,2,589.5348837209302,439.5348837209302,300.0,450.0,39,68,INSIDE,CLEAR,False,,,True,100.0,100.0,100.0,False,489.5348837209302,339.5348837209302,489.5348837209302,339.5348837209302,3,400.0,550.0,2,300.0,450.0,ALL_CLEAR,,100.0,,85,ALL_CLEAR,,100.0,,,ALL_CLEAR/PASS
takeoff,takeoff_stage1,takeoff_stage1,takeoff_stage1,TF,1,41,2,4181.958763067793,4181.958763067793,99.5719268160766,0.0,35.56699500491108,129.09001779449946,35.56699500491108,129.09001779449946,589.5348837209302,439.5348837209302,2,589.5348837209302,439.5348837209302,300.0,450.0,39,68,INSIDE,CLEAR,False,,,True,100.0,100.0,100.0,False,489.5348837209302,339.5348837209302,489.5348837209302,339.5348837209302,3,400.0,550.0,2,300.0,450.0,ALL_CLEAR,,100.0,,85,ALL_CLEAR,,100.0,,,ALL_CLEAR/PASS
takeoff,takeoff_stage1,takeoff_stage1,takeoff_stage1,TF,1,41,2,4181.958763067793,4181.958763067793,99.5719268160766,33.33333333333334,35.56699500491108,129.09001779449946,35.567072760918535,129.09037438145972,589.5348837209302,439.5348837209302,2,589.5348837209302,439.5348837209302,300.0,450.0,39,69,INSIDE,CLEAR,False,,,True,100.0,100.0,100.0,False,489.5348837209302,339.5348837209302,489.5348837209302,339.5348837209302,3,400.0,550.0,2,300.0,450.0,ALL_CLEAR,,100.0,,85,ALL_CLEAR,,100.0,,,ALL_CLEAR/PASS
takeoff,takeoff_stage1,takeoff_stage1,takeoff_stage1,TF,1,41,2,4181.958763067793,4181.958763067793,99.5719268160766,66.66666666666669,35.56699500491108,129.09001779449946,35.567150516925985,129.09073096842,589.5348837209302,439.5348837209302,2,589.5348837209302,439.5348837209302,300.0,450.0,39,69,INSIDE,CLEAR,False,,,True,100.0,100.0,100.0,False,489.5348837209302,339.5348837209302,489.5348837209302,339.5348837209302,3,400.0,550.0,2,300.0,450.0,ALL_CLEAR,,100.0,,85,ALL_CLEAR,,100.0,,,ALL_CLEAR/PASS
takeoff,takeoff_stage1,takeoff_stage1,takeoff_stage1,TF,1,41,2,4181.958763067793,4181.958763067793,99.5719268160766,100.0,35.56699500491108,129.09001779449946,35.56722827293344,129.09108755538026,589.5348837209302,439.5348837209302,2,589.5348837209302,439.5348837209302,300.0,450.0,39,69,INSIDE,CLEAR,False,,,True,100.0,100.0,100.0,False,489.5348837209302,339.5348837209302,489.5348837209302,339.5348837209302,3,400.0,550.0,2,300.0,450.0,ALL_CLEAR,,100.0,,85,ALL_CLEAR,,100.0,,,ALL_CLEAR/PASS
takeoff,takeoff_stage1,takeoff_stage1,takeoff_stage1,TF,1,42,0,4181.958763067793,4181.958763067793,0.0,-100.0,35.56699500491108,129.09001779449946,35.56676173453539,129.08894804596193,589.5348837209302,439.5348837209302,2,589.5348837209302,439.5348837209302,300.0,450.0,39,67,INSIDE,CLEAR,False,,,True,100.0,100.0,100.0,False,489.5348837209302,339.5348837209302,489.5348837209302,339.5348837209302,3,400.0,550.0,2,300.0,450.0,ALL_CLEAR,,100.0,,85,ALL_CLEAR,,100.0,,,ALL_CLEAR/PASS
takeoff,takeoff_stage1,takeoff_stage1,takeoff_stage1,TF,1,42,0,4181.958763067793,4181.958763067793,0.0,-66.66666666666666,35.56699500491108,129.09001779449946,35.566839491327286,129.08930462880778,589.5348837209302,439.5348837209302,2,589.5348837209302,439.5348837209302,300.0,450.0,39,68,INSIDE,CLEAR,False,,,True,100.0,100.0,100.0,False,489.5348837209302,339.5348837209302,489.5348837209302,339.5348837209302,3,400.0,550.0,2,300.0,450.0,ALL_CLEAR,,100.0,,85,ALL_CLEAR,,100.0,,,ALL_CLEAR/PASS
takeoff,takeoff_stage1,takeoff_stage1,takeoff_stage1,TF,1,42,0,4181.958763067793,4181.958763067793,0.0,-33.33333333333333,35.56699500491108,129.09001779449946,35.56691724811918,129.0896612116536,589.5348837209302,439.5348837209302,2,589.5348837209302,439.5348837209302,300.0,450.0,39,68,INSIDE,CLEAR,False,,,True,100.0,100.0,100.0,False,489.5348837209302,339.5348837209302,489.5348837209302,339.5348837209302,3,400.0,550.0,2,300.0,450.0,ALL_CLEAR,,100.0,,85,ALL_CLEAR,,100.0,,,ALL_CLEAR/PASS
takeoff,takeoff_stage1,takeoff_stage1,takeoff_stage1,TF,1,42,0,4181.958763067793,4181.958763067793,0.0,33.33333333333334,35.56699500491108,129.09001779449946,35.567072761702974,129.0903743773453,589.5348837209302,439.5348837209302,2,589.5348837209302,439.5348837209302,300.0,450.0,39,69,INSIDE,CLEAR,False,,,True,100.0,100.0,100.0,False,489.5348837209302,339.5348837209302,489.5348837209302,339.5348837209302,3,400.0,550.0,2,300.0,450.0,ALL_CLEAR,,100.0,,85,ALL_CLEAR,,100.0,,,ALL_CLEAR/PASS
takeoff,takeoff_stage1,takeoff_stage1,takeoff_stage1,TF,1,42,0,4181.958763067793,4181.958763067793,0.0,66.66666666666669,35.56699500491108,129.09001779449946,35.56715051849487,129.09073096019114,589.5348837209302,439.5348837209302,2,589.5348837209302,439.5348837209302,300.0,450.0,39,69,INSIDE,CLEAR,False,,,True,100.0,100.0,100.0,False,489.5348837209302,339.5348837209302,489.5348837209302,339.5348837209302,3,400.0,550.0,2,300.0,450.0,ALL_CLEAR,,100.0,,85,ALL_CLEAR,,100.0,,,ALL_CLEAR/PASS
takeoff,takeoff_stage1,takeoff_stage1,takeoff_stage1,TF,1,42,0,4181.958763067793,4181.958763067793,0.0,100.0,35.56699500491108,129.09001779449946,35.567228275286766,129.091087543037,589.5348837209302,439.5348837209302,2,589.5348837209302,439.5348837209302,300.0,450.0,39,69,INSIDE,CLEAR,False,,,True,100.0,100.0,100.0,False,489.5348837209302,339.5348837209302,489.5348837209302,339.5348837209302,3,400.0,550.0,2,300.0,450.0,ALL_CLEAR,,100.0,,85,ALL_CLEAR,,100.0,,,ALL_CLEAR/PASS
takeoff,takeoff_stage1,takeoff_stage1,takeoff_stage1,TF,1,42,1,4231.744762569925,4231.744762569925,49.785999502131745,-100.0,35.56656177877906,129.09016056586256,35.56632850840338,129.08909081732503,594.7674418604652,444.76744186046517,2,594.7674418604652,444.76744186046517,300.0,450.0,38,67,INSIDE,CLEAR,False,,,True,100.0,100.0,100.0,False,494.76744186046517,344.76744186046517,494.76744186046517,344.76744186046517,3,400.0,550.0,2,300.0,450.0,ALL_CLEAR,,100.0,,86,ALL_CLEAR,,100.0,,,ALL_CLEAR/PASS
takeoff,takeoff_stage1,takeoff_stage1,takeoff_stage1,TF,1,42,1,4231.744762569925,4231.744762569925,49.785999502131745,-66.66666666666666,35.56656177877906,129.09016056586256,35.566406265195276,129.08944740017085,594.7674418604652,444.76744186046517,2,594.7674418604652,444.76744186046517,300.0,450.0,38,68,INSIDE,CLEAR,False,,,True,100.0,100.0,100.0,False,494.76744186046517,344.76744186046517,494.76744186046517,344.76744186046517,3,400.0,550.0,2,300.0,450.0,ALL_CLEAR,,100.0,,86,ALL_CLEAR,,100.0,,,ALL_CLEAR/PASS
takeoff,takeoff_stage1,takeoff_stage1,takeoff_stage1,TF,1,42,1,4231.744762569925,4231.744762569925,49.785999502131745,-33.33333333333333,35.56656177877906,129.09016056586256,35.56648402198717,129.0898039830167,594.7674418604652,444.76744186046517,2,594.7674418604652,444.76744186046517,300.0,450.0,38,68,INSIDE,CLEAR,False,,,True,100.0,100.0,100.0,False,494.76744186046517,344.76744186046517,494.76744186046517,344.76744186046517,3,400.0,550.0,2,300.0,450.0,ALL_CLEAR,,100.0,,86,ALL_CLEAR,,100.0,,,ALL_CLEAR/PASS
takeoff,takeoff_stage1,takeoff_stage1,takeoff_stage1,TF,1,42,1,4231.744762569925,4231.744762569925,49.785999502131745,0.0,35.56656177877906,129.09016056586256,35.56656177877906,129.09016056586256,594.7674418604652,444.76744186046517,2,594.7674418604652,444.76744186046517,300.0,450.0,38,69,INSIDE,CLEAR,False,,,True,100.0,100.0,100.0,False,494.76744186046517,344.76744186046517,494.76744186046517,344.76744186046517,3,400.0,550.0,2,300.0,450.0,ALL_CLEAR,,100.0,,86,ALL_CLEAR,,100.0,,,ALL_CLEAR/PASS
takeoff,takeoff_stage1,takeoff_stage1,takeoff_stage1,TF,1,42,1,4231.744762569925,4231.744762569925,49.785999502131745,33.33333333333334,35.56656177877906,129.09016056586256,35.56663953557096,129.0905171487084,594.7674418604652,444.76744186046517,2,594.7674418604652,444.76744186046517,300.0,450.0,38,69,INSIDE,CLEAR,False,,,True,100.0,100.0,100.0,False,494.76744186046517,344.76744186046517,494.76744186046517,344.76744186046517,3,400.0,550.0,2,300.0,450.0,ALL_CLEAR,,100.0,,86,ALL_CLEAR,,100.0,,,ALL_CLEAR/PASS
takeoff,takeoff_stage1,takeoff_stage1,takeoff_stage1,TF,1,42,1,4231.744762569925,4231.744762569925,49.785999502131745,66.66666666666669,35.56656177877906,129.09016056586256,35.56671729236285,129.09087373155424,594.7674418604652,444.76744186046517,2,594.7674418604652,444.76744186046517,300.0,450.0,38,69,INSIDE,CLEAR,False,,,True,100.0,100.0,100.0,False,494.76744186046517,344.76744186046517,494.76744186046517,344.76744186046517,3,400.0,550.0,2,300.0,450.0,ALL_CLEAR,,100.0,,86,ALL_CLEAR,,100.0,,,ALL_CLEAR/PASS
takeoff,takeoff_stage1,takeoff_stage1,takeoff_stage1,TF,1,42,1,4231.744762569925,4231.744762569925,49.785999502131745,100.0,35.56656177877906,129.09016056586256,35.56679504915475,129.09123031440006,594.7674418604652,444.76744186046517,2,594.7674418604652,444.76744186046517,300.0,450.0,39,70,INSIDE,CLEAR,False,,,True,100.0,100.0,100.0,False,494.76744186046517,344.76744186046517,494.76744186046517,344.76744186046517,3,400.0,550.0,2,300.0,450.0,ALL_CLEAR,,100.0,,86,ALL_CLEAR,,100.0,,,ALL_CLEAR/PASS
takeoff,takeoff_stage1,takeoff_stage1,takeoff_stage1,TF,1,42,2,4281.530762072057,4281.530762072057,99.57199900426349,-100.0,35.56612855264705,129.09030333722563,35.56589528227136,129.0892335886881,600.0,450.0,2,600.0,450.0,300.0,450.0,37,68,INSIDE,CLEAR,False,,,True,100.0,100.0,100.0,False,500.0,350.0,500.0,350.0,3,400.0,550.0,2,300.0,450.0,ALL_CLEAR,,100.0,,87,ALL_CLEAR,,100.0,,,ALL_CLEAR/PASS
takeoff,takeoff_stage1,takeoff_stage1,takeoff_stage1,TF,1,42,2,4281.530762072057,4281.530762072057,99.57199900426349,-66.66666666666666,35.56612855264705,129.09030333722563,35.56597303906326,129.08959017153396,600.0,450.0,2,600.0,450.0,300.0,450.0,38,68,INSIDE,CLEAR,False,,,True,100.0,100.0,100.0,False,500.0,350.0,500.0,350.0,3,400.0,550.0,2,300.0,450.0,ALL_CLEAR,,100.0,,87,ALL_CLEAR,,100.0,,,ALL_CLEAR/PASS
takeoff,takeoff_stage1,takeoff_stage1,takeoff_stage1,TF,1,42,2,4281.530762072057,4281.530762072057,99.57199900426349,-33.33333333333333,35.56612855264705,129.09030333722563,35.566050795855155,129.08994675437978,600.0,450.0,2,600.0,450.0,300.0,450.0,38,68,INSIDE,CLEAR,False,,,True,100.0,100.0,100.0,False,500.0,350.0,500.0,350.0,3,400.0,550.0,2,300.0,450.0,ALL_CLEAR,,100.0,,87,ALL_CLEAR,,100.0,,,ALL_CLEAR/PASS
takeoff,takeoff_stage1,takeoff_stage1,takeoff_stage1,TF,1,42,2,4281.530762072057,4281.530762072057,99.57199900426349,0.0,35.56612855264705,129.09030333722563,35.56612855264705,129.09030333722563,600.0,450.0,2,600.0,450.0,300.0,450.0,38,69,INSIDE,CLEAR,False,,,True,100.0,100.0,100.0,False,500.0,350.0,500.0,350.0,3,400.0,550.0,2,300.0,450.0,ALL_CLEAR,,100.0,,87,ALL_CLEAR,,100.0,,,ALL_CLEAR/PASS
takeoff,takeoff_stage1,takeoff_stage1,takeoff_stage1,TF,1,42,2,4281.530762072057,4281.530762072057,99.57199900426349,33.33333333333334,35.56612855264705,129.09030333722563,35.56620630943895,129.0906599200715,600.0,450.0,2,600.0,450.0,300.0,450.0,38,69,INSIDE,CLEAR,False,,,True,100.0,100.0,100.0,False,500.0,350.0,500.0,350.0,3,400.0,550.0,2,300.0,450.0,ALL_CLEAR,,100.0,,87,ALL_CLEAR,,100.0,,,ALL_CLEAR/PASS
takeoff,takeoff_stage1,takeoff_stage1,takeoff_stage1,TF,1,42,2,4281.530762072057,4281.530762072057,99.57199900426349,66.66666666666669,35.56612855264705,129.09030333722563,35.56628406623084,129.0910165029173,600.0,450.0,2,600.0,450.0,300.0,450.0,38,69,INSIDE,CLEAR,False,,,True,100.0,100.0,100.0,False,500.0,350.0,500.0,350.0,3,400.0,550.0,2,300.0,450.0,ALL_CLEAR,,100.0,,87,ALL_CLEAR,,100.0,,,ALL_CLEAR/PASS
takeoff,takeoff_stage1,takeoff_stage1,takeoff_stage1,TF,1,42,2,4281.530762072057,4281.530762072057,99.57199900426349,100.0,35.56612855264705,129.09030333722563,35.56636182302274,129.09137308576317,600.0,450.0,2,600.0,450.0,300.0,450.0,38,70,INSIDE,CLEAR,False,,,True,100.0,100.0,100.0,False,500.0,350.0,500.0,350.0,3,400.0,550.0,2,300.0,450.0,ALL_CLEAR,,100.0,,87,ALL_CLEAR,,100.0,,,ALL_CLEAR/PASS
landing,landing_stage1,landing_stage1,landing_stage1,TF,9,0,0,9479.501938807596,0.0,0.0,-100.0,35.59340289706973,129.1238483783585,35.59427310770262,129.12413508896708,600.0,450.0,2,600.0,450.0,300.0,450.0,72,102,INSIDE,CLEAR,False,,,True,100.0,100.0,100.0,False,500.0,350.0,500.0,350.0,3,400.0,550.0,2,300.0,450.0,ALL_CLEAR,,100.0,,1,ALL_CLEAR,,100.0,,,ALL_CLEAR/PASS
landing,landing_stage1,landing_stage1,landing_stage1,TF,9,0,0,9479.501938807596,0.0,0.0,-66.66666666666666,35.59340289706973,129.1238483783585,35.593983037491654,129.12403951876422,600.0,450.0,2,600.0,450.0,300.0,450.0,72,102,INSIDE,CLEAR,False,,,True,100.0,100.0,100.0,False,500.0,350.0,500.0,350.0,3,400.0,550.0,2,300.0,450.0,ALL_CLEAR,,100.0,,1,ALL_CLEAR,,100.0,,,ALL_CLEAR/PASS
landing,landing_stage1,landing_stage1,landing_stage1,TF,9,0,0,9479.501938807596,0.0,0.0,-33.33333333333333,35.59340289706973,129.1238483783585,35.593692967280695,129.12394394856136,600.0,450.0,2,600.0,450.0,300.0,450.0,71,102,INSIDE,CLEAR,False,,,True,100.0,100.0,100.0,False,500.0,350.0,500.0,350.0,3,400.0,550.0,2,300.0,450.0,ALL_CLEAR,,100.0,,1,ALL_CLEAR,,100.0,,,ALL_CLEAR/PASS
landing,landing_stage1,landing_stage1,landing_stage1,TF,9,0,0,9479.501938807596,0.0,0.0,0.0,35.59340289706973,129.1238483783585,35.59340289706973,129.1238483783585,600.0,450.0,2,600.0,450.0,300.0,450.0,71,101,INSIDE,CLEAR,False,,,True,100.0,100.0,100.0,False,500.0,350.0,500.0,350.0,3,400.0,550.0,2,300.0,450.0,ALL_CLEAR,,100.0,,1,ALL_CLEAR,,100.0,,,ALL_CLEAR/PASS
landing,landing_stage1,landing_stage1,landing_stage1,TF,9,0,0,9479.501938807596,0.0,0.0,33.33333333333334,35.59340289706973,129.1238483783585,35.593112826858764,129.12375280815564,600.0,450.0,2,600.0,450.0,300.0,450.0,71,101,INSIDE,CLEAR,False,,,True,100.0,100.0,100.0,False,500.0,350.0,500.0,350.0,3,400.0,550.0,2,300.0,450.0,ALL_CLEAR,,100.0,,1,ALL_CLEAR,,100.0,,,ALL_CLEAR/PASS
landing,landing_stage1,landing_stage1,landing_stage1,TF,9,0,0,9479.501938807596,0.0,0.0,66.66666666666669,35.59340289706973,129.1238483783585,35.592822756647806,129.12365723795278,600.0,450.0,2,600.0,450.0,300.0,450.0,70,101,INSIDE,CLEAR,False,,,True,100.0,100.0,100.0,False,500.0,350.0,500.0,350.0,3,400.0,550.0,2,300.0,450.0,ALL_CLEAR,,100.0,,1,ALL_CLEAR,,100.0,,,ALL_CLEAR/PASS
landing,landing_stage1,landing_stage1,landing_stage1,TF,9,0,0,9479.501938807596,0.0,0.0,100.0,35.59340289706973,129.1238483783585,35.59253268643684,129.12356166774993,600.0,450.0,2,600.0,450.0,300.0,450.0,70,101,INSIDE,CLEAR,False,,,True,100.0,100.0,100.0,False,500.0,350.0,500.0,350.0,3,400.0,550.0,2,300.0,450.0,ALL_CLEAR,,100.0,,1,ALL_CLEAR,,100.0,,,ALL_CLEAR/PASS
landing,landing_stage1,landing_stage1,landing_stage1,TF,9,0,1,9529.292130866404,49.790192058808316,49.790192058808515,-100.0,35.593518979661944,129.1233155483776,35.594389190294834,129.12360225898615,594.7674418604652,444.76744186046517,2,594.7674418604652,444.76744186046517,300.0,450.0,72,101,INSIDE,CLEAR,False,,,True,100.0,100.0,100.0,False,494.76744186046517,344.76744186046517,494.76744186046517,344.76744186046517,3,400.0,550.0,2,300.0,450.0,ALL_CLEAR,,100.0,,2,ALL_CLEAR,,100.0,,,ALL_CLEAR/PASS
landing,landing_stage1,landing_stage1,landing_stage1,TF,9,0,1,9529.292130866404,49.790192058808316,49.790192058808515,-66.66666666666666,35.593518979661944,129.1233155483776,35.59409912008387,129.1235066887833,594.7674418604652,444.76744186046517,2,594.7674418604652,444.76744186046517,300.0,450.0,72,101,INSIDE,CLEAR,False,,,True,100.0,100.0,100.0,False,494.76744186046517,344.76744186046517,494.76744186046517,344.76744186046517,3,400.0,550.0,2,300.0,450.0,ALL_CLEAR,,100.0,,2,ALL_CLEAR,,100.0,,,ALL_CLEAR/PASS
landing,landing_stage1,landing_stage1,landing_stage1,TF,9,0,1,9529.292130866404,49.790192058808316,49.790192058808515,-33.33333333333333,35.593518979661944,129.1233155483776,35.59380904987291,129.12341111858044,594.7674418604652,444.76744186046517,2,594.7674418604652,444.76744186046517,300.0,450.0,71,101,INSIDE,CLEAR,False,,,True,100.0,100.0,100.0,False,494.76744186046517,344.76744186046517,494.76744186046517,344.76744186046517,3,400.0,550.0,2,300.0,450.0,ALL_CLEAR,,100.0,,2,ALL_CLEAR,,100.0,,,ALL_CLEAR/PASS
landing,landing_stage1,landing_stage1,landing_stage1,TF,9,0,1,9529.292130866404,49.790192058808316,49.790192058808515,0.0,35.593518979661944,129.1233155483776,35.593518979661944,129.1233155483776,594.7674418604652,444.76744186046517,2,594.7674418604652,444.76744186046517,300.0,450.0,71,101,INSIDE,CLEAR,False,,,True,100.0,100.0,100.0,False,494.76744186046517,344.76744186046517,494.76744186046517,344.76744186046517,3,400.0,550.0,2,300.0,450.0,ALL_CLEAR,,100.0,,2,ALL_CLEAR,,100.0,,,ALL_CLEAR/PASS
landing,landing_stage1,landing_stage1,landing_stage1,TF,9,0,1,9529.292130866404,49.790192058808316,49.790192058808515,33.33333333333334,35.593518979661944,129.1233155483776,35.59322890945098,129.12321997817475,594.7674418604652,444.76744186046517,2,594.7674418604652,444.76744186046517,300.0,450.0,71,101,INSIDE,CLEAR,False,,,True,100.0,100.0,100.0,False,494.76744186046517,344.76744186046517,494.76744186046517,344.76744186046517,3,400.0,550.0,2,300.0,450.0,ALL_CLEAR,,100.0,,2,ALL_CLEAR,,100.0,,,ALL_CLEAR/PASS
landing,landing_stage1,landing_stage1,landing_stage1,TF,9,0,1,9529.292130866404,49.790192058808316,49.790192058808515,66.66666666666669,35.593518979661944,129.1233155483776,35.59293883924002,129.1231244079719,594.7674418604652,444.76744186046517,2,594.7674418604652,444.76744186046517,300.0,450.0,70,101,INSIDE,CLEAR,False,,,True,100.0,100.0,100.0,False,494.76744186046517,344.76744186046517,494.76744186046517,344.76744186046517,3,400.0,550.0,2,300.0,450.0,ALL_CLEAR,,100.0,,2,ALL_CLEAR,,100.0,,,ALL_CLEAR/PASS
landing,landing_stage1,landing_stage1,landing_stage1,TF,9,0,1,9529.292130866404,49.790192058808316,49.790192058808515,100.0,35.593518979661944,129.1233155483776,35.592648769029054,129.12302883776903,594.7674418604652,444.76744186046517,2,594.7674418604652,444.76744186046517,300.0,450.0,70,101,INSIDE,CLEAR,False,,,True,100.0,100.0,100.0,False,494.76744186046517,344.76744186046517,494.76744186046517,344.76744186046517,3,400.0,550.0,2,300.0,450.0,ALL_CLEAR,,100.0,,2,ALL_CLEAR,,100.0,,,ALL_CLEAR/PASS
landing,landing_stage1,landing_stage1,landing_stage1,TF,9,0,2,9579.082322925213,99.58038411761663,99.58038411761703,-100.0,35.59363506225416,129.12278271839668,35.59450527288705,129.12306942900526,589.5348837209302,439.5348837209302,2,589.5348837209302,439.5348837209302,300.0,450.0,72,101,INSIDE,CLEAR,False,,,True,100.0,100.0,100.0,False,489.5348837209302,339.5348837209302,489.5348837209302,339.5348837209302,3,400.0,550.0,2,300.0,450.0,ALL_CLEAR,,100.0,,3,ALL_CLEAR,,100.0,,,ALL_CLEAR/PASS
landing,landing_stage1,landing_stage1,landing_stage1,TF,9,0,2,9579.082322925213,99.58038411761663,99.58038411761703,-66.66666666666666,35.59363506225416,129.12278271839668,35.59421520267608,129.1229738588024,589.5348837209302,439.5348837209302,2,589.5348837209302,439.5348837209302,300.0,450.0,72,101,INSIDE,CLEAR,False,,,True,100.0,100.0,100.0,False,489.5348837209302,339.5348837209302,489.5348837209302,339.5348837209302,3,400.0,550.0,2,300.0,450.0,ALL_CLEAR,,100.0,,3,ALL_CLEAR,,100.0,,,ALL_CLEAR/PASS
landing,landing_stage1,landing_stage1,landing_stage1,TF,9,0,2,9579.082322925213,99.58038411761663,99.58038411761703,-33.33333333333333,35.59363506225416,129.12278271839668,35.593925132465124,129.12287828859954,589.5348837209302,439.5348837209302,2,589.5348837209302,439.5348837209302,300.0,450.0,72,101,INSIDE,CLEAR,False,,,True,100.0,100.0,100.0,False,489.5348837209302,339.5348837209302,489.5348837209302,339.5348837209302,3,400.0,550.0,2,300.0,450.0,ALL_CLEAR,,100.0,,3,ALL_CLEAR,,100.0,,,ALL_CLEAR/PASS
landing,landing_stage1,landing_stage1,landing_stage1,TF,9,0,2,9579.082322925213,99.58038411761663,99.58038411761703,0.0,35.59363506225416,129.12278271839668,35.59363506225416,129.12278271839668,589.5348837209302,439.5348837209302,2,589.5348837209302,439.5348837209302,300.0,450.0,71,100,INSIDE,CLEAR,False,,,True,100.0,100.0,100.0,False,489.5348837209302,339.5348837209302,489.5348837209302,339.5348837209302,3,400.0,550.0,2,300.0,450.0,ALL_CLEAR,,100.0,,3,ALL_CLEAR,,100.0,,,ALL_CLEAR/PASS
landing,landing_stage1,landing_stage1,landing_stage1,TF,9,0,2,9579.082322925213,99.58038411761663,99.58038411761703,33.33333333333334,35.59363506225416,129.12278271839668,35.59334499204319,129.12268714819382,589.5348837209302,439.5348837209302,2,589.5348837209302,439.5348837209302,300.0,450.0,71,100,INSIDE,CLEAR,False,,,True,100.0,100.0,100.0,False,489.5348837209302,339.5348837209302,489.5348837209302,339.5348837209302,3,400.0,550.0,2,300.0,450.0,ALL_CLEAR,,100.0,,3,ALL_CLEAR,,100.0,,,ALL_CLEAR/PASS
landing,landing_stage1,landing_stage1,landing_stage1,TF,9,0,2,9579.082322925213,99.58038411761663,99.58038411761703,66.66666666666669,35.59363506225416,129.12278271839668,35.593054921832234,129.12259157799096,589.5348837209302,439.5348837209302,2,589.5348837209302,439.5348837209302,300.0,450.0,70,100,INSIDE,CLEAR,False,,,True,100.0,100.0,100.0,False,489.5348837209302,339.5348837209302,489.5348837209302,339.5348837209302,3,400.0,550.0,2,300.0,450.0,ALL_CLEAR,,100.0,,3,ALL_CLEAR,,100.0,,,ALL_CLEAR/PASS
landing,landing_stage1,landing_stage1,landing_stage1,TF,9,0,2,9579.082322925213,99.58038411761663,99.58038411761703,100.0,35.59363506225416,129.12278271839668,35.59276485162127,129.1224960077881,589.5348837209302,439.5348837209302,2,589.5348837209302,439.5348837209302,300.0,450.0,70,100,INSIDE,CLEAR,False,,,True,100.0,100.0,100.0,False,489.5348837209302,339.5348837209302,489.5348837209302,339.5348837209302,3,400.0,550.0,2,300.0,450.0,ALL_CLEAR,,100.0,,3,ALL_CLEAR,,100.0,,,ALL_CLEAR/PASS
landing,landing_stage1,landing_stage1,landing_stage1,TF,9,1,0,9579.082322925213,99.58038411761663,0.0,-100.0,35.59363506225416,129.12278271839668,35.59450527271802,129.12306943061265,589.5348837209302,439.5348837209302,2,589.5348837209302,439.5348837209302,300.0,450.0,72,101,INSIDE,CLEAR,False,,,True,100.0,100.0,100.0,False,489.5348837209302,339.5348837209302,489.5348837209302,339.5348837209302,3,400.0,550.0,2,300.0,450.0,ALL_CLEAR,,100.0,,3,ALL_CLEAR,,100.0,,,ALL_CLEAR/PASS
landing,landing_stage1,landing_stage1,landing_stage1,TF,9,1,0,9579.082322925213,99.58038411761663,0.0,-66.66666666666666,35.59363506225416,129.12278271839668,35.5942152025634,129.12297385987398,589.5348837209302,439.5348837209302,2,589.5348837209302,439.5348837209302,300.0,450.0,72,101,INSIDE,CLEAR,False,,,True,100.0,100.0,100.0,False,489.5348837209302,339.5348837209302,489.5348837209302,339.5348837209302,3,400.0,550.0,2,300.0,450.0,ALL_CLEAR,,100.0,,3,ALL_CLEAR,,100.0,,,ALL_CLEAR/PASS
landing,landing_stage1,landing_stage1,landing_stage1,TF,9,1,0,9579.082322925213,99.58038411761663,0.0,-33.33333333333333,35.59363506225416,129.12278271839668,35.59392513240878,129.12287828913534,589.5348837209302,439.5348837209302,2,589.5348837209302,439.5348837209302,300.0,450.0,72,101,INSIDE,CLEAR,False,,,True,100.0,100.0,100.0,False,489.5348837209302,339.5348837209302,489.5348837209302,339.5348837209302,3,400.0,550.0,2,300.0,450.0,ALL_CLEAR,,100.0,,3,ALL_CLEAR,,100.0,,,ALL_CLEAR/PASS
landing,landing_stage1,landing_stage1,landing_stage1,TF,9,1,0,9579.082322925213,99.58038411761663,0.0,33.33333333333334,35.59363506225416,129.12278271839668,35.59334499209954,129.122687147658,589.5348837209302,439.5348837209302,2,589.5348837209302,439.5348837209302,300.0,450.0,71,100,INSIDE,CLEAR,False,,,True,100.0,100.0,100.0,False,489.5348837209302,339.5348837209302,489.5348837209302,339.5348837209302,3,400.0,550.0,2,300.0,450.0,ALL_CLEAR,,100.0,,3,ALL_CLEAR,,100.0,,,ALL_CLEAR/PASS
landing,landing_stage1,landing_stage1,landing_stage1,TF,9,1,0,9579.082322925213,99.58038411761663,0.0,66.66666666666669,35.59363506225416,129.12278271839668,35.59305492194492,129.12259157691938,589.5348837209302,439.5348837209302,2,589.5348837209302,439.5348837209302,300.0,450.0,70,100,INSIDE,CLEAR,False,,,True,100.0,100.0,100.0,False,489.5348837209302,339.5348837209302,489.5348837209302,339.5348837209302,3,400.0,550.0,2,300.0,450.0,ALL_CLEAR,,100.0,,3,ALL_CLEAR,,100.0,,,ALL_CLEAR/PASS
landing,landing_stage1,landing_stage1,landing_stage1,TF,9,1,0,9579.082322925213,99.58038411761663,0.0,100.0,35.59363506225416,129.12278271839668,35.5927648517903,129.1224960061807,589.5348837209302,439.5348837209302,2,589.5348837209302,439.5348837209302,300.0,450.0,70,100,INSIDE,CLEAR,False,,,True,100.0,100.0,100.0,False,489.5348837209302,339.5348837209302,489.5348837209302,339.5348837209302,3,400.0,550.0,2,300.0,450.0,ALL_CLEAR,,100.0,,3,ALL_CLEAR,,100.0,,,ALL_CLEAR/PASS
landing,landing_stage1,landing_stage1,landing_stage1,TF,9,1,1,9628.872380248817,149.37044144122046,49.790057323604465,-100.0,35.593751144846365,129.12224988841575,35.59462135531023,129.12253660063175,584.3023255813953,434.3023255813953,2,584.3023255813953,434.3023255813953,300.0,450.0,72,100,INSIDE,CLEAR,False,,,True,100.0,100.0,100.0,False,484.3023255813953,334.3023255813953,484.3023255813953,334.3023255813953,3,400.0,550.0,2,300.0,450.0,ALL_CLEAR,,100.0,,4,ALL_CLEAR,,100.0,,,ALL_CLEAR/PASS
landing,landing_stage1,landing_stage1,landing_stage1,TF,9,1,1,9628.872380248817,149.37044144122046,49.790057323604465,-66.66666666666666,35.593751144846365,129.12224988841575,35.59433128515561,129.12244102989308,584.3023255813953,434.3023255813953,2,584.3023255813953,434.3023255813953,300.0,450.0,72,100,INSIDE,CLEAR,False,,,True,100.0,100.0,100.0,False,484.3023255813953,334.3023255813953,484.3023255813953,334.3023255813953,3,400.0,550.0,2,300.0,450.0,ALL_CLEAR,,100.0,,4,ALL_CLEAR,,100.0,,,ALL_CLEAR/PASS
landing,landing_stage1,landing_stage1,landing_stage1,TF,9,1,1,9628.872380248817,149.37044144122046,49.790057323604465,-33.33333333333333,35.593751144846365,129.12224988841575,35.59404121500099,129.12234545915442,584.3023255813953,434.3023255813953,2,584.3023255813953,434.3023255813953,300.0,450.0,72,100,INSIDE,CLEAR,False,,,True,100.0,100.0,100.0,False,484.3023255813953,334.3023255813953,484.3023255813953,334.3023255813953,3,400.0,550.0,2,300.0,450.0,ALL_CLEAR,,100.0,,4,ALL_CLEAR,,100.0,,,ALL_CLEAR/PASS
landing,landing_stage1,landing_stage1,landing_stage1,TF,9,1,1,9628.872380248817,149.37044144122046,49.790057323604465,0.0,35.593751144846365,129.12224988841575,35.593751144846365,129.12224988841575,584.3023255813953,434.3023255813953,2,584.3023255813953,434.3023255813953,300.0,450.0,71,100,INSIDE,CLEAR,False,,,True,100.0,100.0,100.0,False,484.3023255813953,334.3023255813953,484.3023255813953,334.3023255813953,3,400.0,550.0,2,300.0,450.0,ALL_CLEAR,,100.0,,4,ALL_CLEAR,,100.0,,,ALL_CLEAR/PASS
landing,landing_stage1,landing_stage1,landing_stage1,TF,9,1,1,9628.872380248817,149.37044144122046,49.790057323604465,33.33333333333334,35.593751144846365,129.12224988841575,35.593461074691746,129.12215431767711,584.3023255813953,434.3023255813953,2,584.3023255813953,434.3023255813953,300.0,450.0,71,100,INSIDE,CLEAR,False,,,True,100.0,100.0,100.0,False,484.3023255813953,334.3023255813953,484.3023255813953,334.3023255813953,3,400.0,550.0,2,300.0,450.0,ALL_CLEAR,,100.0,,4,ALL_CLEAR,,100.0,,,ALL_CLEAR/PASS
landing,landing_stage1,landing_stage1,landing_stage1,TF,9,1,1,9628.872380248817,149.37044144122046,49.790057323604465,66.66666666666669,35.593751144846365,129.12224988841575,35.593171004537126,129.12205874693845,584.3023255813953,434.3023255813953,2,584.3023255813953,434.3023255813953,300.0,450.0,71,100,INSIDE,CLEAR,False,,,True,100.0,100.0,100.0,False,484.3023255813953,334.3023255813953,484.3023255813953,334.3023255813953,3,400.0,550.0,2,300.0,450.0,ALL_CLEAR,,100.0,,4,ALL_CLEAR,,100.0,,,ALL_CLEAR/PASS
landing,landing_stage1,landing_stage1,landing_stage1,TF,9,1,1,9628.872380248817,149.37044144122046,49.790057323604465,100.0,35.593751144846365,129.12224988841575,35.59288093438251,129.12196317619978,584.3023255813953,434.3023255813953,2,584.3023255813953,434.3023255813953,300.0,450.0,70,100,INSIDE,CLEAR,False,,,True,100.0,100.0,100.0,False,484.3023255813953,334.3023255813953,484.3023255813953,334.3023255813953,3,400.0,550.0,2,300.0,450.0,ALL_CLEAR,,100.0,,4,ALL_CLEAR,,100.0,,,ALL_CLEAR/PASS
landing,landing_stage1,landing_stage1,landing_stage1,TF,9,1,2,9678.662437572422,199.16049876482612,99.58011464720893,-100.0,35.59386722743858,129.12171705843485,35.59473743790244,129.12200377065082,579.0697674418604,429.06976744186045,2,579.0697674418604,429.06976744186045,300.0,450.0,73,100,INSIDE,CLEAR,False,,,True,100.0,100.0,100.0,False,479.06976744186045,329.06976744186045,479.06976744186045,329.06976744186045,3,400.0,550.0,2,300.0,450.0,ALL_CLEAR,,100.0,,5,ALL_CLEAR,,100.0,,,ALL_CLEAR/PASS
landing,landing_stage1,landing_stage1,landing_stage1,TF,9,1,2,9678.662437572422,199.16049876482612,99.58011464720893,-66.66666666666666,35.59386722743858,129.12171705843485,35.59444736774782,129.12190819991216,579.0697674418604,429.06976744186045,2,579.0697674418604,429.06976744186045,300.0,450.0,72,100,INSIDE,CLEAR,False,,,True,100.0,100.0,100.0,False,479.06976744186045,329.06976744186045,479.06976744186045,329.06976744186045,3,400.0,550.0,2,300.0,450.0,ALL_CLEAR,,100.0,,5,ALL_CLEAR,,100.0,,,ALL_CLEAR/PASS
landing,landing_stage1,landing_stage1,landing_stage1,TF,9,1,2,9678.662437572422,199.16049876482612,99.58011464720893,-33.33333333333333,35.59386722743858,129.12171705843485,35.5941572975932,129.12181262917352,579.0697674418604,429.06976744186045,2,579.0697674418604,429.06976744186045,300.0,450.0,72,99,INSIDE,CLEAR,False,,,True,100.0,100.0,100.0,False,479.06976744186045,329.06976744186045,479.06976744186045,329.06976744186045,3,400.0,550.0,2,300.0,450.0,ALL_CLEAR,,100.0,,5,ALL_CLEAR,,100.0,,,ALL_CLEAR/PASS
landing,landing_stage1,landing_stage1,landing_stage1,TF,9,1,2,9678.662437572422,199.16049876482612,99.58011464720893,0.0,35.59386722743858,129.12171705843485,35.59386722743858,129.12171705843485,579.0697674418604,429.06976744186045,2,579.0697674418604,429.06976744186045,300.0,450.0,71,99,INSIDE,CLEAR,False,,,True,100.0,100.0,100.0,False,479.06976744186045,329.06976744186045,479.06976744186045,329.06976744186045,3,400.0,550.0,2,300.0,450.0,ALL_CLEAR,,100.0,,5,ALL_CLEAR,,100.0,,,ALL_CLEAR/PASS
landing,landing_stage1,landing_stage1,landing_stage1,TF,9,1,2,9678.662437572422,199.16049876482612,99.58011464720893,33.33333333333334,35.59386722743858,129.12171705843485,35.59357715728396,129.1216214876962,579.0697674418604,429.06976744186045,2,579.0697674418604,429.06976744186045,300.0,450.0,71,99,INSIDE,CLEAR,False,,,True,100.0,100.0,100.0,False,479.06976744186045,329.06976744186045,479.06976744186045,329.06976744186045,3,400.0,550.0,2,300.0,450.0,ALL_CLEAR,,100.0,,5,ALL_CLEAR,,100.0,,,ALL_CLEAR/PASS
landing,landing_stage1,landing_stage1,landing_stage1,TF,9,1,2,9678.662437572422,199.16049876482612,99.58011464720893,66.66666666666669,35.59386722743858,129.12171705843485,35.59328708712934,129.12152591695755,579.0697674418604,429.06976744186045,2,579.0697674418604,429.06976744186045,300.0,450.0,71,99,INSIDE,CLEAR,False,,,True,100.0,100.0,100.0,False,479.06976744186045,329.06976744186045,479.06976744186045,329.06976744186045,3,400.0,550.0,2,300.0,450.0,ALL_CLEAR,,100.0,,5,ALL_CLEAR,,100.0,,,ALL_CLEAR/PASS
landing,landing_stage1,landing_stage1,landing_stage1,TF,9,1,2,9678.662437572422,199.16049876482612,99.58011464720893,100.0,35.59386722743858,129.12171705843485,35.59299701697472,129.1214303462189,579.0697674418604,429.06976744186045,2,579.0697674418604,429.06976744186045,300.0,450.0,70,99,INSIDE,CLEAR,False,,,True,100.0,100.0,100.0,False,479.06976744186045,329.06976744186045,479.06976744186045,329.06976744186045,3,400.0,550.0,2,300.0,450.0,ALL_CLEAR,,100.0,,5,ALL_CLEAR,,100.0,,,ALL_CLEAR/PASS
landing,landing_stage1,landing_stage1,landing_stage1,TF,9,2,0,9678.662437572422,199.16049876482612,0.0,-100.0,35.59386722743858,129.12171705843485,35.59473743773341,129.12200377225824,579.0697674418604,429.06976744186045,2,579.0697674418604,429.06976744186045,300.0,450.0,73,100,INSIDE,CLEAR,False,,,True,100.0,100.0,100.0,False,479.06976744186045,329.06976744186045,479.06976744186045,329.06976744186045,3,400.0,550.0,2,300.0,450.0,ALL_CLEAR,,100.0,,5,ALL_CLEAR,,100.0,,,ALL_CLEAR/PASS
landing,landing_stage1,landing_stage1,landing_stage1,TF,9,2,0,9678.662437572422,199.16049876482612,0.0,-66.66666666666666,35.59386722743858,129.12171705843485,35.594447367635134,129.1219082009838,579.0697674418604,429.06976744186045,2,579.0697674418604,429.06976744186045,300.0,450.0,72,100,INSIDE,CLEAR,False,,,True,100.0,100.0,100.0,False,479.06976744186045,329.06976744186045,479.06976744186045,329.06976744186045,3,400.0,550.0,2,300.0,450.0,ALL_CLEAR,,100.0,,5,ALL_CLEAR,,100.0,,,ALL_CLEAR/PASS
landing,landing_stage1,landing_stage1,landing_stage1,TF,9,2,0,9678.662437572422,199.16049876482612,0.0,-33.33333333333333,35.59386722743858,129.12171705843485,35.59415729753685,129.12181262970932,579.0697674418604,429.06976744186045,2,579.0697674418604,429.06976744186045,300.0,450.0,72,99,INSIDE,CLEAR,False,,,True,100.0,100.0,100.0,False,479.06976744186045,329.06976744186045,479.06976744186045,329.06976744186045,3,400.0,550.0,2,300.0,450.0,ALL_CLEAR,,100.0,,5,ALL_CLEAR,,100.0,,,ALL_CLEAR/PASS
landing,landing_stage1,landing_stage1,landing_stage1,TF,9,2,0,9678.662437572422,199.16049876482612,0.0,33.33333333333334,35.59386722743858,129.12171705843485,35.593577157340306,129.12162148716038,579.0697674418604,429.06976744186045,2,579.0697674418604,429.06976744186045,300.0,450.0,71,99,INSIDE,CLEAR,False,,,True,100.0,100.0,100.0,False,479.06976744186045,329.06976744186045,479.06976744186045,329.06976744186045,3,400.0,550.0,2,300.0,450.0,ALL_CLEAR,,100.0,,5,ALL_CLEAR,,100.0,,,ALL_CLEAR/PASS
landing,landing_stage1,landing_stage1,landing_stage1,TF,9,2,0,9678.662437572422,199.16049876482612,0.0,66.66666666666669,35.59386722743858,129.12171705843485,35.593287087242025,129.1215259158859,579.0697674418604,429.06976744186045,2,579.0697674418604,429.06976744186045,300.0,450.0,71,99,INSIDE,CLEAR,False,,,True,100.0,100.0,100.0,False,479.06976744186045,329.06976744186045,479.06976744186045,329.06976744186045,3,400.0,550.0,2,300.0,450.0,ALL_CLEAR,,100.0,,5,ALL_CLEAR,,100.0,,,ALL_CLEAR/PASS
landing,landing_stage1,landing_stage1,landing_stage1,TF,9,2,0,9678.662437572422,199.16049876482612,0.0,100.0,35.59386722743858,129.12171705843485,35.59299701714375,129.12143034461147,579.0697674418604,429.06976744186045,2,579.0697674418604,429.06976744186045,300.0,450.0,70,99,INSIDE,CLEAR,False,,,True,100.0,100.0,100.0,False,479.06976744186045,329.06976744186045,479.06976744186045,329.06976744186045,3,400.0,550.0,2,300.0,450.0,ALL_CLEAR,,100.0,,5,ALL_CLEAR,,100.0,,,ALL_CLEAR/PASS
landing,landing_stage1,landing_stage1,landing_stage1,TF,9,2,1,9728.452360160189,248.95042135259246,49.78992258776588,-100.0,35.593983310030794,129.12118422845396,35.59485352032562,129.12147094227734,573.8372093023256,423.8372093023256,2,573.8372093023256,423.8372093023256,300.0,450.0,73,99,INSIDE,CLEAR,False,,,True,100.0,100.0,100.0,False,473.8372093023256,323.8372093023256,473.8372093023256,323.8372093023256,3,400.0,550.0,2,300.0,450.0,ALL_CLEAR,,100.0,,6,ALL_CLEAR,,100.0,,,ALL_CLEAR/PASS
landing,landing_stage1,landing_stage1,landing_stage1,TF,9,2,1,9728.452360160189,248.95042135259246,49.78992258776588,-66.66666666666666,35.593983310030794,129.12118422845396,35.59456345022734,129.12137537100287,573.8372093023256,423.8372093023256,2,573.8372093023256,423.8372093023256,300.0,450.0,72,99,INSIDE,CLEAR,False,,,True,100.0,100.0,100.0,False,473.8372093023256,323.8372093023256,473.8372093023256,323.8372093023256,3,400.0,550.0,2,300.0,450.0,ALL_CLEAR,,100.0,,6,ALL_CLEAR,,100.0,,,ALL_CLEAR/PASS
landing,landing_stage1,landing_stage1,landing_stage1,TF,9,2,1,9728.452360160189,248.95042135259246,49.78992258776588,-33.33333333333333,35.593983310030794,129.12118422845396,35.59427338012907,129.1212797997284,573.8372093023256,423.8372093023256,2,573.8372093023256,423.8372093023256,300.0,450.0,72,99,INSIDE,CLEAR,False,,,True,100.0,100.0,100.0,False,473.8372093023256,323.8372093023256,473.8372093023256,323.8372093023256,3,400.0,550.0,2,300.0,450.0,ALL_CLEAR,,100.0,,6,ALL_CLEAR,,100.0,,,ALL_CLEAR/PASS
landing,landing_stage1,landing_stage1,landing_stage1,TF,9,2,1,9728.452360160189,248.95042135259246,49.78992258776588,0.0,35.593983310030794,129.12118422845396,35.593983310030794,129.12118422845396,573.8372093023256,423.8372093023256,2,573.8372093023256,423.8372093023256,300.0,450.0,72,99,INSIDE,CLEAR,False,,,True,100.0,100.0,100.0,False,473.8372093023256,323.8372093023256,473.8372093023256,323.8372093023256,3,400.0,550.0,2,300.0,450.0,ALL_CLEAR,,100.0,,6,ALL_CLEAR,,100.0,,,ALL_CLEAR/PASS
landing,landing_stage1,landing_stage1,landing_stage1,TF,9,2,1,9728.452360160189,248.95042135259246,49.78992258776588,33.33333333333334,35.593983310030794,129.12118422845396,35.59369323993251,129.12108865717948,573.8372093023256,423.8372093023256,2,573.8372093023256,423.8372093023256,300.0,450.0,71,99,INSIDE,CLEAR,False,,,True,100.0,100.0,100.0,False,473.8372093023256,323.8372093023256,473.8372093023256,323.8372093023256,3,400.0,550.0,2,300.0,450.0,ALL_CLEAR,,100.0,,6,ALL_CLEAR,,100.0,,,ALL_CLEAR/PASS
landing,landing_stage1,landing_stage1,landing_stage1,TF,9,2,1,9728.452360160189,248.95042135259246,49.78992258776588,66.66666666666669,35.593983310030794,129.12118422845396,35.59340316983424,129.120993085905,573.8372093023256,423.8372093023256,2,573.8372093023256,423.8372093023256,300.0,450.0,71,99,INSIDE,CLEAR,False,,,True,100.0,100.0,100.0,False,473.8372093023256,323.8372093023256,473.8372093023256,323.8372093023256,3,400.0,550.0,2,300.0,450.0,ALL_CLEAR,,100.0,,6,ALL_CLEAR,,100.0,,,ALL_CLEAR/PASS
landing,landing_stage1,landing_stage1,landing_stage1,TF,9,2,1,9728.452360160189,248.95042135259246,49.78992258776588,100.0,35.593983310030794,129.12118422845396,35.59311309973596,129.12089751463054,573.8372093023256,423.8372093023256,2,573.8372093023256,423.8372093023256,300.0,450.0,71,99,INSIDE,CLEAR,False,,,True,100.0,100.0,100.0,False,473.8372093023256,323.8372093023256,473.8372093023256,323.8372093023256,3,400.0,550.0,2,300.0,450.0,ALL_CLEAR,,100.0,,6,ALL_CLEAR,,100.0,,,ALL_CLEAR/PASS
landing,landing_stage1,landing_stage1,landing_stage1,TF,9,2,2,9778.242282747953,298.740343940357,99.57984517553176,-100.0,35.594099392623,129.12065139847303,35.59496960291783,129.12093811229641,568.6046511627907,418.6046511627907,2,568.6046511627907,418.6046511627907,300.0,450.0,73,99,INSIDE,CLEAR,False,,,True,100.0,100.0,100.0,False,468.6046511627907,318.6046511627907,468.6046511627907,318.6046511627907,3,400.0,550.0,2,300.0,450.0,ALL_CLEAR,,100.0,,7,ALL_CLEAR,,100.0,,,ALL_CLEAR/PASS
landing,landing_stage1,landing_stage1,landing_stage1,TF,9,2,2,9778.242282747953,298.740343940357,99.57984517553176,-66.66666666666666,35.594099392623,129.12065139847303,35.594679532819555,129.12084254102197,568.6046511627907,418.6046511627907,2,568.6046511627907,418.6046511627907,300.0,450.0,72,99,INSIDE,CLEAR,False,,,True,100.0,100.0,100.0,False,468.6046511627907,318.6046511627907,468.6046511627907,318.6046511627907,3,400.0,550.0,2,300.0,450.0,ALL_CLEAR,,100.0,,7,ALL_CLEAR,,100.0,,,ALL_CLEAR/PASS
landing,landing_stage1,landing_stage1,landing_stage1,TF,9,2,2,9778.242282747953,298.740343940357,99.57984517553176,-33.33333333333333,35.594099392623,129.12065139847303,35.594389462721274,129.1207469697475,568.6046511627907,418.6046511627907,2,568.6046511627907,418.6046511627907,300.0,450.0,72,98,INSIDE,CLEAR,False,,,True,100.0,100.0,100.0,False,468.6046511627907,318.6046511627907,468.6046511627907,318.6046511627907,3,400.0,550.0,2,300.0,450.0,ALL_CLEAR,,100.0,,7,ALL_CLEAR,,100.0,,,ALL_CLEAR/PASS
landing,landing_stage1,landing_stage1,landing_stage1,TF,9,2,2,9778.242282747953,298.740343940357,99.57984517553176,0.0,35.594099392623,129.12065139847303,35.594099392623,129.12065139847303,568.6046511627907,418.6046511627907,2,568.6046511627907,418.6046511627907,300.0,450.0,72,98,INSIDE,CLEAR,False,,,True,100.0,100.0,100.0,False,468.6046511627907,318.6046511627907,468.6046511627907,318.6046511627907,3,400.0,550.0,2,300.0,450.0,ALL_CLEAR,,100.0,,7,ALL_CLEAR,,100.0,,,ALL_CLEAR/PASS
landing,landing_stage1,landing_stage1,landing_stage1,TF,9,2,2,9778.242282747953,298.740343940357,99.57984517553176,33.33333333333334,35.594099392623,129.12065139847303,35.59380932252473,129.12055582719856,568.6046511627907,418.6046511627907,2,568.6046511627907,418.6046511627907,300.0,450.0,71,98,INSIDE,CLEAR,False,,,True,100.0,100.0,100.0,False,468.6046511627907,318.6046511627907,468.6046511627907,318.6046511627907,3,400.0,550.0,2,300.0,450.0,ALL_CLEAR,,100.0,,7,ALL_CLEAR,,100.0,,,ALL_CLEAR/PASS
landing,landing_stage1,landing_stage1,landing_stage1,TF,9,2,2,9778.242282747953,298.740343940357,99.57984517553176,66.66666666666669,35.594099392623,129.12065139847303,35.59351925242645,129.1204602559241,568.6046511627907,418.6046511627907,2,568.6046511627907,418.6046511627907,300.0,450.0,71,98,INSIDE,CLEAR,False,,,True,100.0,100.0,100.0,False,468.6046511627907,318.6046511627907,468.6046511627907,318.6046511627907,3,400.0,550.0,2,300.0,450.0,ALL_CLEAR,,100.0,,7,ALL_CLEAR,,100.0,,,ALL_CLEAR/PASS
landing,landing_stage1,landing_stage1,landing_stage1,TF,9,2,2,9778.242282747953,298.740343940357,99.57984517553176,100.0,35.594099392623,129.12065139847303,35.59322918232817,129.12036468464964,568.6046511627907,418.6046511627907,2,568.6046511627907,418.6046511627907,300.0,450.0,71,98,INSIDE,CLEAR,False,,,True,100.0,100.0,100.0,False,468.6046511627907,318.6046511627907,468.6046511627907,318.6046511627907,3,400.0,550.0,2,300.0,450.0,ALL_CLEAR,,100.0,,7,ALL_CLEAR,,100.0,,,ALL_CLEAR/PASS
landing,landing_stage1,landing_stage1,landing_stage1,TF,9,3,0,9778.242282747953,298.740343940357,0.0,-100.0,35.594099392623,129.12065139847303,35.5949696027488,129.1209381139039,568.6046511627907,418.6046511627907,2,568.6046511627907,418.6046511627907,300.0,450.0,73,99,INSIDE,CLEAR,False,,,True,100.0,100.0,100.0,False,468.6046511627907,318.6046511627907,468.6046511627907,318.6046511627907,3,400.0,550.0,2,300.0,450.0,ALL_CLEAR,,100.0,,7,ALL_CLEAR,,100.0,,,ALL_CLEAR/PASS
landing,landing_stage1,landing_stage1,landing_stage1,TF,9,3,0,9778.242282747953,298.740343940357,0.0,-66.66666666666666,35.594099392623,129.12065139847303,35.59467953270686,129.1208425420936,568.6046511627907,418.6046511627907,2,568.6046511627907,418.6046511627907,300.0,450.0,72,99,INSIDE,CLEAR,False,,,True,100.0,100.0,100.0,False,468.6046511627907,318.6046511627907,468.6046511627907,318.6046511627907,3,400.0,550.0,2,300.0,450.0,ALL_CLEAR,,100.0,,7,ALL_CLEAR,,100.0,,,ALL_CLEAR/PASS
landing,landing_stage1,landing_stage1,landing_stage1,TF,9,3,0,9778.242282747953,298.740343940357,0.0,-33.33333333333333,35.594099392623,129.12065139847303,35.594389462664935,129.1207469702833,568.6046511627907,418.6046511627907,2,568.6046511627907,418.6046511627907,300.0,450.0,72,98,INSIDE,CLEAR,False,,,True,100.0,100.0,100.0,False,468.6046511627907,318.6046511627907,468.6046511627907,318.6046511627907,3,400.0,550.0,2,300.0,450.0,ALL_CLEAR,,100.0,,7,ALL_CLEAR,,100.0,,,ALL_CLEAR/PASS
landing,landing_stage1,landing_stage1,landing_stage1,TF,9,3,0,9778.242282747953,298.740343940357,0.0,33.33333333333334,35.594099392623,129.12065139847303,35.593809322581066,129.12055582666275,568.6046511627907,418.6046511627907,2,568.6046511627907,418.6046511627907,300.0,450.0,71,98,INSIDE,CLEAR,False,,,True,100.0,100.0,100.0,False,468.6046511627907,318.6046511627907,468.6046511627907,318.6046511627907,3,400.0,550.0,2,300.0,450.0,ALL_CLEAR,,100.0,,7,ALL_CLEAR,,100.0,,,ALL_CLEAR/PASS
landing,landing_stage1,landing_stage1,landing_stage1,TF,9,3,0,9778.242282747953,298.740343940357,0.0,66.66666666666669,35.594099392623,129.12065139847303,35.59351925253914,129.12046025485245,568.6046511627907,418.6046511627907,2,568.6046511627907,418.6046511627907,300.0,450.0,71,98,INSIDE,CLEAR,False,,,True,100.0,100.0,100.0,False,468.6046511627907,318.6046511627907,468.6046511627907,318.6046511627907,3,400.0,550.0,2,300.0,450.0,ALL_CLEAR,,100.0,,7,ALL_CLEAR,,100.0,,,ALL_CLEAR/PASS
landing,landing_stage1,landing_stage1,landing_stage1,TF,9,3,0,9778.242282747953,298.740343940357,0.0,100.0,35.594099392623,129.12065139847303,35.593229182497204,129.12036468304217,568.6046511627907,418.6046511627907,2,568.6046511627907,418.6046511627907,300.0,450.0,71,98,INSIDE,CLEAR,False,,,True,100.0,100.0,100.0,False,468.6046511627907,318.6046511627907,468.6046511627907,318.6046511627907,3,400.0,550.0,2,300.0,450.0,ALL_CLEAR,,100.0,,7,ALL_CLEAR,,100.0,,,ALL_CLEAR/PASS
landing,landing_stage1,landing_stage1,landing_stage1,TF,9,3,1,9828.032070599245,348.5301317916492,49.78978785129276,-100.0,35.594215475215215,129.1201185684921,35.59508568534101,129.12040528392296,563.3720930232557,413.37209302325573,2,563.3720930232557,413.37209302325573,300.0,450.0,73,98,INSIDE,CLEAR,False,,,True,100.0,100.0,100.0,False,463.37209302325573,313.37209302325573,463.37209302325573,313.37209302325573,3,400.0,550.0,2,300.0,450.0,ALL_CLEAR,,100.0,,8,ALL_CLEAR,,100.0,,,ALL_CLEAR/PASS
landing,landing_stage1,landing_stage1,landing_stage1,TF,9,3,1,9828.032070599245,348.5301317916492,49.78978785129276,-66.66666666666666,35.594215475215215,129.1201185684921,35.59479561529908,129.1203097121127,563.3720930232557,413.37209302325573,2,563.3720930232557,413.37209302325573,300.0,450.0,73,98,INSIDE,CLEAR,False,,,True,100.0,100.0,100.0,False,463.37209302325573,313.37209302325573,463.37209302325573,313.37209302325573,3,400.0,550.0,2,300.0,450.0,ALL_CLEAR,,100.0,,8,ALL_CLEAR,,100.0,,,ALL_CLEAR/PASS
landing,landing_stage1,landing_stage1,landing_stage1,TF,9,3,1,9828.032070599245,348.5301317916492,49.78978785129276,-33.33333333333333,35.594215475215215,129.1201185684921,35.59450554525715,129.1202141403024,563.3720930232557,413.37209302325573,2,563.3720930232557,413.37209302325573,300.0,450.0,72,98,INSIDE,CLEAR,False,,,True,100.0,100.0,100.0,False,463.37209302325573,313.37209302325573,463.37209302325573,313.37209302325573,3,400.0,550.0,2,300.0,450.0,ALL_CLEAR,,100.0,,8,ALL_CLEAR,,100.0,,,ALL_CLEAR/PASS
landing,landing_stage1,landing_stage1,landing_stage1,TF,9,3,1,9828.032070599245,348.5301317916492,49.78978785129276,0.0,35.594215475215215,129.1201185684921,35.594215475215215,129.1201185684921,563.3720930232557,413.37209302325573,2,563.3720930232557,413.37209302325573,300.0,450.0,72,98,INSIDE,CLEAR,False,,,True,100.0,100.0,100.0,False,463.37209302325573,313.37209302325573,463.37209302325573,313.37209302325573,3,400.0,550.0,2,300.0,450.0,ALL_CLEAR,,100.0,,8,ALL_CLEAR,,100.0,,,ALL_CLEAR/PASS
landing,landing_stage1,landing_stage1,landing_stage1,TF,9,3,1,9828.032070599245,348.5301317916492,49.78978785129276,33.33333333333334,35.594215475215215,129.1201185684921,35.59392540517328,129.12002299668183,563.3720930232557,413.37209302325573,2,563.3720930232557,413.37209302325573,300.0,450.0,72,98,INSIDE,CLEAR,False,,,True,100.0,100.0,100.0,False,463.37209302325573,313.37209302325573,463.37209302325573,313.37209302325573,3,400.0,550.0,2,300.0,450.0,ALL_CLEAR,,100.0,,8,ALL_CLEAR,,100.0,,,ALL_CLEAR/PASS
landing,landing_stage1,landing_stage1,landing_stage1,TF,9,3,1,9828.032070599245,348.5301317916492,49.78978785129276,66.66666666666669,35.594215475215215,129.1201185684921,35.59363533513135,129.11992742487155,563.3720930232557,413.37209302325573,2,563.3720930232557,413.37209302325573,300.0,450.0,71,98,INSIDE,CLEAR,False,,,True,100.0,100.0,100.0,False,463.37209302325573,313.37209302325573,463.37209302325573,313.37209302325573,3,400.0,550.0,2,300.0,450.0,ALL_CLEAR,,100.0,,8,ALL_CLEAR,,100.0,,,ALL_CLEAR/PASS
landing,landing_stage1,landing_stage1,landing_stage1,TF,9,3,1,9828.032070599245,348.5301317916492,49.78978785129276,100.0,35.594215475215215,129.1201185684921,35.59334526508942,129.11983185306127,563.3720930232557,413.37209302325573,2,563.3720930232557,413.37209302325573,300.0,450.0,71,98,INSIDE,CLEAR,False,,,True,100.0,100.0,100.0,False,463.37209302325573,313.37209302325573,463.37209302325573,313.37209302325573,3,400.0,550.0,2,300.0,450.0,ALL_CLEAR,,100.0,,8,ALL_CLEAR,,100.0,,,ALL_CLEAR/PASS
landing,landing_stage1,landing_stage1,landing_stage1,TF,9,3,2,9877.82185845054,398.3199196429432,99.57957570258552,-100.0,35.59433155780743,129.1195857385112,35.595201767933226,129.11987245394207,558.1395348837209,408.1395348837209,2,558.1395348837209,408.1395348837209,300.0,450.0,73,98,INSIDE,CLEAR,False,,,True,100.0,100.0,100.0,False,458.1395348837209,308.1395348837209,458.1395348837209,308.1395348837209,3,400.0,550.0,2,300.0,450.0,ALL_CLEAR,,100.0,,9,ALL_CLEAR,,100.0,,,ALL_CLEAR/PASS
landing,landing_stage1,landing_stage1,landing_stage1,TF,9,3,2,9877.82185845054,398.3199196429432,99.57957570258552,-66.66666666666666,35.59433155780743,129.1195857385112,35.59491169789129,129.1197768821318,558.1395348837209,408.1395348837209,2,558.1395348837209,408.1395348837209,300.0,450.0,73,97,INSIDE,CLEAR,False,,,True,100.0,100.0,100.0,False,458.1395348837209,308.1395348837209,458.1395348837209,308.1395348837209,3,400.0,550.0,2,300.0,450.0,ALL_CLEAR,,100.0,,9,ALL_CLEAR,,100.0,,,ALL_CLEAR/PASS
landing,landing_stage1,landing_stage1,landing_stage1,TF,9,3,2,9877.82185845054,398.3199196429432,99.57957570258552,-33.33333333333333,35.59433155780743,129.1195857385112,35.594621627849364,129.11968131032148,558.1395348837209,408.1395348837209,2,558.1395348837209,408.1395348837209,300.0,450.0,72,97,INSIDE,CLEAR,False,,,True,100.0,100.0,100.0,False,458.1395348837209,308.1395348837209,458.1395348837209,308.1395348837209,3,400.0,550.0,2,300.0,450.0,ALL_CLEAR,,100.0,,9,ALL_CLEAR,,100.0,,,ALL_CLEAR/PASS
landing,landing_stage1,landing_stage1,landing_stage1,TF,9,3,2,9877.82185845054,398.3199196429432,99.57957570258552,0.0,35.59433155780743,129.1195857385112,35.59433155780743,129.1195857385112,558.1395348837209,408.1395348837209,2,558.1395348837209,408.1395348837209,300.0,450.0,72,97,INSIDE,CLEAR,False,,,True,100.0,100.0,100.0,False,458.1395348837209,308.1395348837209,458.1395348837209,308.1395348837209,3,400.0,550.0,2,300.0,450.0,ALL_CLEAR,,100.0,,9,ALL_CLEAR,,100.0,,,ALL_CLEAR/PASS
landing,landing_stage1,landing_stage1,landing_stage1,TF,9,3,2,9877.82185845054,398.3199196429432,99.57957570258552,33.33333333333334,35.59433155780743,129.1195857385112,35.594041487765494,129.11949016670093,558.1395348837209,408.1395348837209,2,558.1395348837209,408.1395348837209,300.0,450.0,72,97,INSIDE,CLEAR,False,,,True,100.0,100.0,100.0,False,458.1395348837209,308.1395348837209,458.1395348837209,308.1395348837209,3,400.0,550.0,2,300.0,450.0,ALL_CLEAR,,100.0,,9,ALL_CLEAR,,100.0,,,ALL_CLEAR/PASS
landing,landing_stage1,landing_stage1,landing_stage1,TF,9,3,2,9877.82185845054,398.3199196429432,99.57957570258552,66.66666666666669,35.59433155780743,129.1195857385112,35.59375141772357,129.11939459489062,558.1395348837209,408.1395348837209,2,558.1395348837209,408.1395348837209,300.0,450.0,71,97,INSIDE,CLEAR,False,,,True,100.0,100.0,100.0,False,458.1395348837209,308.1395348837209,458.1395348837209,308.1395348837209,3,400.0,550.0,2,300.0,450.0,ALL_CLEAR,,100.0,,9,ALL_CLEAR,,100.0,,,ALL_CLEAR/PASS
landing,landing_stage1,landing_stage1,landing_stage1,TF,9,3,2,9877.82185845054,398.3199196429432,99.57957570258552,100.0,35.59433155780743,129.1195857385112,35.59346134768163,129.11929902308034,558.1395348837209,408.1395348837209,2,558.1395348837209,408.1395348837209,300.0,450.0,71,97,INSIDE,CLEAR,False,,,True,100.0,100.0,100.0,False,458.1395348837209,308.1395348837209,458.1395348837209,308.1395348837209,3,400.0,550.0,2,300.0,450.0,ALL_CLEAR,,100.0,,9,ALL_CLEAR,,100.0,,,ALL_CLEAR/PASS
landing,landing_stage1,landing_stage1,landing_stage1,TF,9,4,0,9877.82185845054,398.3199196429432,0.0,-100.0,35.59433155780743,129.1195857385112,35.59520176776419,129.11987245554954,558.1395348837209,408.1395348837209,2,558.1395348837209,408.1395348837209,300.0,450.0,73,98,INSIDE,CLEAR,False,,,True,100.0,100.0,100.0,False,458.1395348837209,308.1395348837209,458.1395348837209,308.1395348837209,3,400.0,550.0,2,300.0,450.0,ALL_CLEAR,,100.0,,9,ALL_CLEAR,,100.0,,,ALL_CLEAR/PASS
landing,landing_stage1,landing_stage1,landing_stage1,TF,9,4,0,9877.82185845054,398.3199196429432,0.0,-66.66666666666666,35.59433155780743,129.1195857385112,35.5949116977786,129.11977688320343,558.1395348837209,408.1395348837209,2,558.1395348837209,408.1395348837209,300.0,450.0,73,97,INSIDE,CLEAR,False,,,True,100.0,100.0,100.0,False,458.1395348837209,308.1395348837209,458.1395348837209,308.1395348837209,3,400.0,550.0,2,300.0,450.0,ALL_CLEAR,,100.0,,9,ALL_CLEAR,,100.0,,,ALL_CLEAR/PASS
landing,landing_stage1,landing_stage1,landing_stage1,TF,9,4,0,9877.82185845054,398.3199196429432,0.0,-33.33333333333333,35.59433155780743,129.1195857385112,35.59462162779302,129.11968131085732,558.1395348837209,408.1395348837209,2,558.1395348837209,408.1395348837209,300.0,450.0,72,97,INSIDE,CLEAR,False,,,True,100.0,100.0,100.0,False,458.1395348837209,308.1395348837209,458.1395348837209,308.1395348837209,3,400.0,550.0,2,300.0,450.0,ALL_CLEAR,,100.0,,9,ALL_CLEAR,,100.0,,,ALL_CLEAR/PASS
landing,landing_stage1,landing_stage1,landing_stage1,TF,9,4,0,9877.82185845054,398.3199196429432,0.0,33.33333333333334,35.59433155780743,129.1195857385112,35.59404148782184,129.1194901661651,558.1395348837209,408.1395348837209,2,558.1395348837209,408.1395348837209,300.0,450.0,72,97,INSIDE,CLEAR,False,,,True,100.0,100.0,100.0,False,458.1395348837209,308.1395348837209,458.1395348837209,308.1395348837209,3,400.0,550.0,2,300.0,450.0,ALL_CLEAR,,100.0,,9,ALL_CLEAR,,100.0,,,ALL_CLEAR/PASS
landing,landing_stage1,landing_stage1,landing_stage1,TF,9,4,0,9877.82185845054,398.3199196429432,0.0,66.66666666666669,35.59433155780743,129.1195857385112,35.59375141783626,129.11939459381898,558.1395348837209,408.1395348837209,2,558.1395348837209,408.1395348837209,300.0,450.0,71,97,INSIDE,CLEAR,False,,,True,100.0,100.0,100.0,False,458.1395348837209,308.1395348837209,458.1395348837209,308.1395348837209,3,400.0,550.0,2,300.0,450.0,ALL_CLEAR,,100.0,,9,ALL_CLEAR,,100.0,,,ALL_CLEAR/PASS
landing,landing_stage1,landing_stage1,landing_stage1,TF,9,4,0,9877.82185845054,398.3199196429432,0.0,100.0,35.59433155780743,129.1195857385112,35.59346134785067,129.11929902147287,558.1395348837209,408.1395348837209,2,558.1395348837209,408.1395348837209,300.0,450.0,71,97,INSIDE,CLEAR,False,,,True,100.0,100.0,100.0,False,458.1395348837209,308.1395348837209,458.1395348837209,308.1395348837209,3,400.0,550.0,2,300.0,450.0,ALL_CLEAR,,100.0,,9,ALL_CLEAR,,100.0,,,ALL_CLEAR/PASS
landing,landing_stage1,landing_stage1,landing_stage1,TF,9,4,1,9927.61151156452,448.10957275692454,49.789653113981004,-100.0,35.59444764039964,129.1190529085303,35.5953178503564,129.1193396255686,552.9069767441861,402.90697674418607,2,552.9069767441861,402.90697674418607,300.0,450.0,73,97,INSIDE,CLEAR,False,,,True,100.0,100.0,100.0,False,452.90697674418607,302.90697674418607,452.90697674418607,302.90697674418607,3,400.0,550.0,2,300.0,450.0,ALL_CLEAR,,100.0,,10,ALL_CLEAR,,100.0,,,ALL_CLEAR/PASS
landing,landing_stage1,landing_stage1,landing_stage1,TF,9,4,1,9927.61151156452,448.10957275692454,49.789653113981004,-66.66666666666666,35.59444764039964,129.1190529085303,35.59502778037081,129.1192440532225,552.9069767441861,402.90697674418607,2,552.9069767441861,402.90697674418607,300.0,450.0,73,97,INSIDE,CLEAR,False,,,True,100.0,100.0,100.0,False,452.90697674418607,302.90697674418607,452.90697674418607,302.90697674418607,3,400.0,550.0,2,300.0,450.0,ALL_CLEAR,,100.0,,10,ALL_CLEAR,,100.0,,,ALL_CLEAR/PASS
landing,landing_stage1,landing_stage1,landing_stage1,TF,9,4,1,9927.61151156452,448.10957275692454,49.789653113981004,-33.33333333333333,35.59444764039964,129.1190529085303,35.59473771038523,129.1191484808764,552.9069767441861,402.90697674418607,2,552.9069767441861,402.90697674418607,300.0,450.0,73,97,INSIDE,CLEAR,False,,,True,100.0,100.0,100.0,False,452.90697674418607,302.90697674418607,452.90697674418607,302.90697674418607,3,400.0,550.0,2,300.0,450.0,ALL_CLEAR,,100.0,,10,ALL_CLEAR,,100.0,,,ALL_CLEAR/PASS
landing,landing_stage1,landing_stage1,landing_stage1,TF,9,4,1,9927.61151156452,448.10957275692454,49.789653113981004,0.0,35.59444764039964,129.1190529085303,35.59444764039964,129.1190529085303,552.9069767441861,402.90697674418607,2,552.9069767441861,402.90697674418607,300.0,450.0,72,97,INSIDE,CLEAR,False,,,True,100.0,100.0,100.0,False,452.90697674418607,302.90697674418607,452.90697674418607,302.90697674418607,3,400.0,550.0,2,300.0,450.0,ALL_CLEAR,,100.0,,10,ALL_CLEAR,,100.0,,,ALL_CLEAR/PASS
landing,landing_stage1,landing_stage1,landing_stage1,TF,9,4,1,9927.61151156452,448.10957275692454,49.789653113981004,33.33333333333334,35.59444764039964,129.1190529085303,35.594157570414055,129.1189573361842,552.9069767441861,402.90697674418607,2,552.9069767441861,402.90697674418607,300.0,450.0,72,97,INSIDE,CLEAR,False,,,True,100.0,100.0,100.0,False,452.90697674418607,302.90697674418607,452.90697674418607,302.90697674418607,3,400.0,550.0,2,300.0,450.0,ALL_CLEAR,,100.0,,10,ALL_CLEAR,,100.0,,,ALL_CLEAR/PASS
landing,landing_stage1,landing_stage1,landing_stage1,TF,9,4,1,9927.61151156452,448.10957275692454,49.789653113981004,66.66666666666669,35.59444764039964,129.1190529085303,35.59386750042847,129.11886176383808,552.9069767441861,402.90697674418607,2,552.9069767441861,402.90697674418607,300.0,450.0,71,97,INSIDE,CLEAR,False,,,True,100.0,100.0,100.0,False,452.90697674418607,302.90697674418607,452.90697674418607,302.90697674418607,3,400.0,550.0,2,300.0,450.0,ALL_CLEAR,,100.0,,10,ALL_CLEAR,,100.0,,,ALL_CLEAR/PASS
landing,landing_stage1,landing_stage1,landing_stage1,TF,9,4,1,9927.61151156452,448.10957275692454,49.789653113981004,100.0,35.59444764039964,129.1190529085303,35.593577430442885,129.11876619149197,552.9069767441861,402.90697674418607,2,552.9069767441861,402.90697674418607,300.0,450.0,71,96,INSIDE,CLEAR,False,,,True,100.0,100.0,100.0,False,452.90697674418607,302.90697674418607,452.90697674418607,302.90697674418607,3,400.0,550.0,2,300.0,450.0,ALL_CLEAR,,100.0,,10,ALL_CLEAR,,100.0,,,ALL_CLEAR/PASS
landing,landing_stage1,landing_stage1,landing_stage1,TF,9,4,2,9977.401164678502,497.89922587090587,99.57930622796201,-100.0,35.59456372299186,129.11852007854938,35.595433932948616,129.11880679558772,547.6744186046512,397.67441860465124,1,547.6744186046512,397.67441860465124,200.0,350.0,73,97,INSIDE,CLEAR,False,,,True,100.0,100.0,100.0,False,447.67441860465124,297.67441860465124,447.67441860465124,297.67441860465124,2,300.0,450.0,1,200.0,350.0,ALL_CLEAR,,100.0,,11,ALL_CLEAR,,100.0,,,ALL_CLEAR/PASS
landing,landing_stage1,landing_stage1,landing_stage1,TF,9,4,2,9977.401164678502,497.89922587090587,99.57930622796201,-66.66666666666666,35.59456372299186,129.11852007854938,35.59514386296303,129.1187112232416,547.6744186046512,397.67441860465124,1,547.6744186046512,397.67441860465124,200.0,350.0,73,96,INSIDE,CLEAR,False,,,True,100.0,100.0,100.0,False,447.67441860465124,297.67441860465124,447.67441860465124,297.67441860465124,2,300.0,450.0,1,200.0,350.0,ALL_CLEAR,,100.0,,11,ALL_CLEAR,,100.0,,,ALL_CLEAR/PASS
landing,landing_stage1,landing_stage1,landing_stage1,TF,9,4,2,9977.401164678502,497.89922587090587,99.57930622796201,-33.33333333333333,35.59456372299186,129.11852007854938,35.594853792977446,129.1186156508955,547.6744186046512,397.67441860465124,1,547.6744186046512,397.67441860465124,200.0,350.0,73,96,INSIDE,CLEAR,False,,,True,100.0,100.0,100.0,False,447.67441860465124,297.67441860465124,447.67441860465124,297.67441860465124,2,300.0,450.0,1,200.0,350.0,ALL_CLEAR,,100.0,,11,ALL_CLEAR,,100.0,,,ALL_CLEAR/PASS
landing,landing_stage1,landing_stage1,landing_stage1,TF,9,4,2,9977.401164678502,497.89922587090587,99.57930622796201,0.0,35.59456372299186,129.11852007854938,35.59456372299186,129.11852007854938,547.6744186046512,397.67441860465124,1,547.6744186046512,397.67441860465124,200.0,350.0,72,96,INSIDE,CLEAR,False,,,True,100.0,100.0,100.0,False,447.67441860465124,297.67441860465124,447.67441860465124,297.67441860465124,2,300.0,450.0,1,200.0,350.0,ALL_CLEAR,,100.0,,11,ALL_CLEAR,,100.0,,,ALL_CLEAR/PASS
landing,landing_stage1,landing_stage1,landing_stage1,TF,9,4,2,9977.401164678502,497.89922587090587,99.57930622796201,33.33333333333334,35.59456372299186,129.11852007854938,35.59427365300627,129.11842450620327,547.6744186046512,397.67441860465124,1,547.6744186046512,397.67441860465124,200.0,350.0,72,96,INSIDE,CLEAR,False,,,True,100.0,100.0,100.0,False,447.67441860465124,297.67441860465124,447.67441860465124,297.67441860465124,2,300.0,450.0,1,200.0,350.0,ALL_CLEAR,,100.0,,11,ALL_CLEAR,,100.0,,,ALL_CLEAR/PASS
landing,landing_stage1,landing_stage1,landing_stage1,TF,9,4,2,9977.401164678502,497.89922587090587,99.57930622796201,66.66666666666669,35.59456372299186,129.11852007854938,35.59398358302069,129.11832893385716,547.6744186046512,397.67441860465124,1,547.6744186046512,397.67441860465124,200.0,350.0,72,96,INSIDE,CLEAR,False,,,True,100.0,100.0,100.0,False,447.67441860465124,297.67441860465124,447.67441860465124,297.67441860465124,2,300.0,450.0,1,200.0,350.0,ALL_CLEAR,,100.0,,11,ALL_CLEAR,,100.0,,,ALL_CLEAR/PASS
landing,landing_stage1,landing_stage1,landing_stage1,TF,9,4,2,9977.401164678502,497.89922587090587,99.57930622796201,100.0,35.59456372299186,129.11852007854938,35.5936935130351,129.11823336151105,547.6744186046512,397.67441860465124,1,547.6744186046512,397.67441860465124,200.0,350.0,71,96,INSIDE,CLEAR,False,,,True,100.0,100.0,100.0,False,447.67441860465124,297.67441860465124,447.67441860465124,297.67441860465124,2,300.0,450.0,1,200.0,350.0,ALL_CLEAR,,100.0,,11,ALL_CLEAR,,100.0,,,ALL_CLEAR/PASS
landing,landing_stage1,landing_stage1,landing_stage1,TF,9,5,0,9977.401164678502,497.89922587090587,0.0,-100.0,35.59456372299186,129.11852007854938,35.59543393277958,129.1188067971952,547.6744186046512,397.67441860465124,1,547.6744186046512,397.67441860465124,200.0,350.0,73,97,INSIDE,CLEAR,False,,,True,100.0,100.0,100.0,False,447.67441860465124,297.67441860465124,447.67441860465124,297.67441860465124,2,300.0,450.0,1,200.0,350.0,ALL_CLEAR,,100.0,,11,ALL_CLEAR,,100.0,,,ALL_CLEAR/PASS
landing,landing_stage1,landing_stage1,landing_stage1,TF,9,5,0,9977.401164678502,497.89922587090587,0.0,-66.66666666666666,35.59456372299186,129.11852007854938,35.59514386285034,129.11871122431327,547.6744186046512,397.67441860465124,1,547.6744186046512,397.67441860465124,200.0,350.0,73,96,INSIDE,CLEAR,False,,,True,100.0,100.0,100.0,False,447.67441860465124,297.67441860465124,447.67441860465124,297.67441860465124,2,300.0,450.0,1,200.0,350.0,ALL_CLEAR,,100.0,,11,ALL_CLEAR,,100.0,,,ALL_CLEAR/PASS
landing,landing_stage1,landing_stage1,landing_stage1,TF,9,5,0,9977.401164678502,497.89922587090587,0.0,-33.33333333333333,35.59456372299186,129.11852007854938,35.5948537929211,129.11861565143133,547.6744186046512,397.67441860465124,1,547.6744186046512,397.67441860465124,200.0,350.0,73,96,INSIDE,CLEAR,False,,,True,100.0,100.0,100.0,False,447.67441860465124,297.67441860465124,447.67441860465124,297.67441860465124,2,300.0,450.0,1,200.0,350.0,ALL_CLEAR,,100.0,,11,ALL_CLEAR,,100.0,,,ALL_CLEAR/PASS
landing,landing_stage1,landing_stage1,landing_stage1,TF,9,5,0,9977.401164678502,497.89922587090587,0.0,33.33333333333334,35.59456372299186,129.11852007854938,35.594273653062615,129.11842450566743,547.6744186046512,397.67441860465124,1,547.6744186046512,397.67441860465124,200.0,350.0,72,96,INSIDE,CLEAR,False,,,True,100.0,100.0,100.0,False,447.67441860465124,297.67441860465124,447.67441860465124,297.67441860465124,2,300.0,450.0,1,200.0,350.0,ALL_CLEAR,,100.0,,11,ALL_CLEAR,,100.0,,,ALL_CLEAR/PASS
landing,landing_stage1,landing_stage1,landing_stage1,TF,9,5,0,9977.401164678502,497.89922587090587,0.0,66.66666666666669,35.59456372299186,129.11852007854938,35.59398358313337,129.1183289327855,547.6744186046512,397.67441860465124,1,547.6744186046512,397.67441860465124,200.0,350.0,72,96,INSIDE,CLEAR,False,,,True,100.0,100.0,100.0,False,447.67441860465124,297.67441860465124,447.67441860465124,297.67441860465124,2,300.0,450.0,1,200.0,350.0,ALL_CLEAR,,100.0,,11,ALL_CLEAR,,100.0,,,ALL_CLEAR/PASS
landing,landing_stage1,landing_stage1,landing_stage1,TF,9,5,0,9977.401164678502,497.89922587090587,0.0,100.0,35.59456372299186,129.11852007854938,35.59369351320414,129.11823335990357,547.6744186046512,397.67441860465124,1,547.6744186046512,397.67441860465124,200.0,350.0,71,96,INSIDE,CLEAR,False,,,True,100.0,100.0,100.0,False,447.67441860465124,297.67441860465124,447.67441860465124,297.67441860465124,2,300.0,450.0,1,200.0,350.0,ALL_CLEAR,,100.0,,11,ALL_CLEAR,,100.0,,,ALL_CLEAR/PASS
landing,landing_stage1,landing_stage1,landing_stage1,TF,9,5,1,10027.190683054332,547.688744246736,49.789518375830625,-100.0,35.594679805584065,129.11798724856845,35.59555001537179,129.1182739672143,542.4418604651163,392.4418604651163,1,542.4418604651163,392.4418604651163,200.0,350.0,73,96,INSIDE,CLEAR,False,,,True,100.0,100.0,100.0,False,442.4418604651163,292.4418604651163,442.4418604651163,292.4418604651163,2,300.0,450.0,1,200.0,350.0,ALL_CLEAR,,100.0,,12,ALL_CLEAR,,100.0,,,ALL_CLEAR/PASS
landing,landing_stage1,landing_stage1,landing_stage1,TF,9,5,1,10027.190683054332,547.688744246736,49.789518375830625,-66.66666666666666,35.594679805584065,129.11798724856845,35.59525994544255,129.11817839433235,542.4418604651163,392.4418604651163,1,542.4418604651163,392.4418604651163,200.0,350.0,73,96,INSIDE,CLEAR,False,,,True,100.0,100.0,100.0,False,442.4418604651163,292.4418604651163,442.4418604651163,292.4418604651163,2,300.0,450.0,1,200.0,350.0,ALL_CLEAR,,100.0,,12,ALL_CLEAR,,100.0,,,ALL_CLEAR/PASS
landing,landing_stage1,landing_stage1,landing_stage1,TF,9,5,1,10027.190683054332,547.688744246736,49.789518375830625,-33.33333333333333,35.594679805584065,129.11798724856845,35.59496987551331,129.1180828214504,542.4418604651163,392.4418604651163,1,542.4418604651163,392.4418604651163,200.0,350.0,73,96,INSIDE,CLEAR,False,,,True,100.0,100.0,100.0,False,442.4418604651163,292.4418604651163,442.4418604651163,292.4418604651163,2,300.0,450.0,1,200.0,350.0,ALL_CLEAR,,100.0,,12,ALL_CLEAR,,100.0,,,ALL_CLEAR/PASS
landing,landing_stage1,landing_stage1,landing_stage1,TF,9,5,1,10027.190683054332,547.688744246736,49.789518375830625,0.0,35.594679805584065,129.11798724856845,35.594679805584065,129.11798724856845,542.4418604651163,392.4418604651163,1,542.4418604651163,392.4418604651163,200.0,350.0,72,96,INSIDE,CLEAR,False,,,True,100.0,100.0,100.0,False,442.4418604651163,292.4418604651163,442.4418604651163,292.4418604651163,2,300.0,450.0,1,200.0,350.0,ALL_CLEAR,,100.0,,12,ALL_CLEAR,,100.0,,,ALL_CLEAR/PASS
landing,landing_stage1,landing_stage1,landing_stage1,TF,9,5,1,10027.190683054332,547.688744246736,49.789518375830625,33.33333333333334,35.594679805584065,129.11798724856845,35.59438973565483,129.11789167568654,542.4418604651163,392.4418604651163,1,542.4418604651163,392.4418604651163,200.0,350.0,72,96,INSIDE,CLEAR,False,,,True,100.0,100.0,100.0,False,442.4418604651163,292.4418604651163,442.4418604651163,292.4418604651163,2,300.0,450.0,1,200.0,350.0,ALL_CLEAR,,100.0,,12,ALL_CLEAR,,100.0,,,ALL_CLEAR/PASS
landing,landing_stage1,landing_stage1,landing_stage1,TF,9,5,1,10027.190683054332,547.688744246736,49.789518375830625,66.66666666666669,35.594679805584065,129.11798724856845,35.59409966572559,129.1177961028046,542.4418604651163,392.4418604651163,1,542.4418604651163,392.4418604651163,200.0,350.0,72,96,INSIDE,CLEAR,False,,,True,100.0,100.0,100.0,False,442.4418604651163,292.4418604651163,442.4418604651163,292.4418604651163,2,300.0,450.0,1,200.0,350.0,ALL_CLEAR,,100.0,,12,ALL_CLEAR,,100.0,,,ALL_CLEAR/PASS
landing,landing_stage1,landing_stage1,landing_stage1,TF,9,5,1,10027.190683054332,547.688744246736,49.789518375830625,100.0,35.594679805584065,129.11798724856845,35.593809595796344,129.11770052992264,542.4418604651163,392.4418604651163,1,542.4418604651163,392.4418604651163,200.0,350.0,71,95,INSIDE,CLEAR,False,,,True,100.0,100.0,100.0,False,442.4418604651163,292.4418604651163,442.4418604651163,292.4418604651163,2,300.0,450.0,1,200.0,350.0,ALL_CLEAR,,100.0,,12,ALL_CLEAR,,100.0,,,ALL_CLEAR/PASS
landing,landing_stage1,landing_stage1,landing_stage1,TF,9,5,2,10076.980201430164,597.4782626225679,99.57903675166125,-100.0,35.59479588817628,129.11745441858756,35.595666097964,129.11774113723337,537.2093023255813,387.20930232558135,1,537.2093023255813,387.20930232558135,200.0,350.0,74,95,INSIDE,CLEAR,False,,,True,100.0,100.0,100.0,False,437.20930232558135,287.20930232558135,437.20930232558135,287.20930232558135,2,300.0,450.0,1,200.0,350.0,ALL_CLEAR,,100.0,,13,ALL_CLEAR,,100.0,,,ALL_CLEAR/PASS
landing,landing_stage1,landing_stage1,landing_stage1,TF,9,5,2,10076.980201430164,597.4782626225679,99.57903675166125,-66.66666666666666,35.59479588817628,129.11745441858756,35.595376028034764,129.11764556435145,537.2093023255813,387.20930232558135,1,537.2093023255813,387.20930232558135,200.0,350.0,73,95,INSIDE,CLEAR,False,,,True,100.0,100.0,100.0,False,437.20930232558135,287.20930232558135,437.20930232558135,287.20930232558135,2,300.0,450.0,1,200.0,350.0,ALL_CLEAR,,100.0,,13,ALL_CLEAR,,100.0,,,ALL_CLEAR/PASS
landing,landing_stage1,landing_stage1,landing_stage1,TF,9,5,2,10076.980201430164,597.4782626225679,99.57903675166125,-33.33333333333333,35.59479588817628,129.11745441858756,35.59508595810552,129.1175499914695,537.2093023255813,387.20930232558135,1,537.2093023255813,387.20930232558135,200.0,350.0,73,95,INSIDE,CLEAR,False,,,True,100.0,100.0,100.0,False,437.20930232558135,287.20930232558135,437.20930232558135,287.20930232558135,2,300.0,450.0,1,200.0,350.0,ALL_CLEAR,,100.0,,13,ALL_CLEAR,,100.0,,,ALL_CLEAR/PASS
landing,landing_stage1,landing_stage1,landing_stage1,TF,9,5,2,10076.980201430164,597.4782626225679,99.57903675166125,0.0,35.59479588817628,129.11745441858756,35.59479588817628,129.11745441858756,537.2093023255813,387.20930232558135,1,537.2093023255813,387.20930232558135,200.0,350.0,73,95,INSIDE,CLEAR,False,,,True,100.0,100.0,100.0,False,437.20930232558135,287.20930232558135,437.20930232558135,287.20930232558135,2,300.0,450.0,1,200.0,350.0,ALL_CLEAR,,100.0,,13,ALL_CLEAR,,100.0,,,ALL_CLEAR/PASS
landing,landing_stage1,landing_stage1,landing_stage1,TF,9,5,2,10076.980201430164,597.4782626225679,99.57903675166125,33.33333333333334,35.59479588817628,129.11745441858756,35.594505818247036,129.1173588457056,537.2093023255813,387.20930232558135,1,537.2093023255813,387.20930232558135,200.0,350.0,72,95,INSIDE,CLEAR,False,,,True,100.0,100.0,100.0,False,437.20930232558135,287.20930232558135,437.20930232558135,287.20930232558135,2,300.0,450.0,1,200.0,350.0,ALL_CLEAR,,100.0,,13,ALL_CLEAR,,100.0,,,ALL_CLEAR/PASS
landing,landing_stage1,landing_stage1,landing_stage1,TF,9,5,2,10076.980201430164,597.4782626225679,99.57903675166125,66.66666666666669,35.59479588817628,129.11745441858756,35.594215748317794,129.11726327282366,537.2093023255813,387.20930232558135,1,537.2093023255813,387.20930232558135,200.0,350.0,72,95,INSIDE,CLEAR,False,,,True,100.0,100.0,100.0,False,437.20930232558135,287.20930232558135,437.20930232558135,287.20930232558135,2,300.0,450.0,1,200.0,350.0,ALL_CLEAR,,100.0,,13,ALL_CLEAR,,100.0,,,ALL_CLEAR/PASS
landing,landing_stage1,landing_stage1,landing_stage1,TF,9,5,2,10076.980201430164,597.4782626225679,99.57903675166125,100.0,35.59479588817628,129.11745441858756,35.59392567838856,129.11716769994175,537.2093023255813,387.20930232558135,1,537.2093023255813,387.20930232558135,200.0,350.0,72,95,INSIDE,CLEAR,False,,,True,100.0,100.0,100.0,False,437.20930232558135,287.20930232558135,437.20930232558135,287.20930232558135,2,300.0,450.0,1,200.0,350.0,ALL_CLEAR,,100.0,,13,ALL_CLEAR,,100.0,,,ALL_CLEAR/PASS
landing,landing_stage1,landing_stage1,landing_stage1,TF,9,6,0,10076.980201430164,597.4782626225679,0.0,-100.0,35.59479588817628,129.11745441858756,35.59566609779496,129.1177411388409,537.2093023255813,387.20930232558135,1,537.2093023255813,387.20930232558135,200.0,350.0,74,95,INSIDE,CLEAR,False,,,True,100.0,100.0,100.0,False,437.20930232558135,287.20930232558135,437.20930232558135,287.20930232558135,2,300.0,450.0,1,200.0,350.0,ALL_CLEAR,,100.0,,13,ALL_CLEAR,,100.0,,,ALL_CLEAR/PASS
landing,landing_stage1,landing_stage1,landing_stage1,TF,9,6,0,10076.980201430164,597.4782626225679,0.0,-66.66666666666666,35.59479588817628,129.11745441858756,35.595376027922065,129.11764556542312,537.2093023255813,387.20930232558135,1,537.2093023255813,387.20930232558135,200.0,350.0,73,95,INSIDE,CLEAR,False,,,True,100.0,100.0,100.0,False,437.20930232558135,287.20930232558135,437.20930232558135,287.20930232558135,2,300.0,450.0,1,200.0,350.0,ALL_CLEAR,,100.0,,13,ALL_CLEAR,,100.0,,,ALL_CLEAR/PASS
landing,landing_stage1,landing_stage1,landing_stage1,TF,9,6,0,10076.980201430164,597.4782626225679,0.0,-33.33333333333333,35.59479588817628,129.11745441858756,35.595085958049175,129.11754999200534,537.2093023255813,387.20930232558135,1,537.2093023255813,387.20930232558135,200.0,350.0,73,95,INSIDE,CLEAR,False,,,True,100.0,100.0,100.0,False,437.20930232558135,287.20930232558135,437.20930232558135,287.20930232558135,2,300.0,450.0,1,200.0,350.0,ALL_CLEAR,,100.0,,13,ALL_CLEAR,,100.0,,,ALL_CLEAR/PASS
landing,landing_stage1,landing_stage1,landing_stage1,TF,9,6,0,10076.980201430164,597.4782626225679,0.0,33.33333333333334,35.59479588817628,129.11745441858756,35.59450581830338,129.11735884516978,537.2093023255813,387.20930232558135,1,537.2093023255813,387.20930232558135,200.0,350.0,72,95,INSIDE,CLEAR,False,,,True,100.0,100.0,100.0,False,437.20930232558135,287.20930232558135,437.20930232558135,287.20930232558135,2,300.0,450.0,1,200.0,350.0,ALL_CLEAR,,100.0,,13,ALL_CLEAR,,100.0,,,ALL_CLEAR/PASS
landing,landing_stage1,landing_stage1,landing_stage1,TF,9,6,0,10076.980201430164,597.4782626225679,0.0,66.66666666666669,35.59479588817628,129.11745441858756,35.59421574843049,129.117263271752,537.2093023255813,387.20930232558135,1,537.2093023255813,387.20930232558135,200.0,350.0,72,95,INSIDE,CLEAR,False,,,True,100.0,100.0,100.0,False,437.20930232558135,287.20930232558135,437.20930232558135,287.20930232558135,2,300.0,450.0,1,200.0,350.0,ALL_CLEAR,,100.0,,13,ALL_CLEAR,,100.0,,,ALL_CLEAR/PASS
landing,landing_stage1,landing_stage1,landing_stage1,TF,9,6,0,10076.980201430164,597.4782626225679,0.0,100.0,35.59479588817628,129.11745441858756,35.593925678557596,129.1171676983342,537.2093023255813,387.20930232558135,1,537.2093023255813,387.20930232558135,200.0,350.0,72,95,INSIDE,CLEAR,False,,,True,100.0,100.0,100.0,False,437.20930232558135,287.20930232558135,437.20930232558135,287.20930232558135,2,300.0,450.0,1,200.0,350.0,ALL_CLEAR,,100.0,,13,ALL_CLEAR,,100.0,,,ALL_CLEAR/PASS
landing,landing_stage1,landing_stage1,landing_stage1,TF,9,6,1,10126.769585067312,647.2676462597155,49.78938363714777,-100.0,35.59491197076849,129.11692158860666,35.595782180387175,129.11720830886,531.9767441860465,381.9767441860465,1,531.9767441860465,381.9767441860465,200.0,350.0,74,95,INSIDE,CLEAR,False,,,True,100.0,100.0,100.0,False,431.9767441860465,281.9767441860465,431.9767441860465,281.9767441860465,2,300.0,450.0,1,200.0,350.0,ALL_CLEAR,,100.0,,14,ALL_CLEAR,,100.0,,,ALL_CLEAR/PASS
landing,landing_stage1,landing_stage1,landing_stage1,TF,9,6,1,10126.769585067312,647.2676462597155,49.78938363714777,-66.66666666666666,35.59491197076849,129.11692158860666,35.59549211051428,129.11711273544222,531.9767441860465,381.9767441860465,1,531.9767441860465,381.9767441860465,200.0,350.0,73,95,INSIDE,CLEAR,False,,,True,100.0,100.0,100.0,False,431.9767441860465,281.9767441860465,431.9767441860465,281.9767441860465,2,300.0,450.0,1,200.0,350.0,ALL_CLEAR,,100.0,,14,ALL_CLEAR,,100.0,,,ALL_CLEAR/PASS
landing,landing_stage1,landing_stage1,landing_stage1,TF,9,6,1,10126.769585067312,647.2676462597155,49.78938363714777,-33.33333333333333,35.59491197076849,129.11692158860666,35.59520204064139,129.11701716202444,531.9767441860465,381.9767441860465,1,531.9767441860465,381.9767441860465,200.0,350.0,73,95,INSIDE,CLEAR,False,,,True,100.0,100.0,100.0,False,431.9767441860465,281.9767441860465,431.9767441860465,281.9767441860465,2,300.0,450.0,1,200.0,350.0,ALL_CLEAR,,100.0,,14,ALL_CLEAR,,100.0,,,ALL_CLEAR/PASS
landing,landing_stage1,landing_stage1,landing_stage1,TF,9,6,1,10126.769585067312,647.2676462597155,49.78938363714777,0.0,35.59491197076849,129.11692158860666,35.59491197076849,129.11692158860666,531.9767441860465,381.9767441860465,1,531.9767441860465,381.9767441860465,200.0,350.0,73,95,INSIDE,CLEAR,False,,,True,100.0,100.0,100.0,False,431.9767441860465,281.9767441860465,431.9767441860465,281.9767441860465,2,300.0,450.0,1,200.0,350.0,ALL_CLEAR,,100.0,,14,ALL_CLEAR,,100.0,,,ALL_CLEAR/PASS
landing,landing_stage1,landing_stage1,landing_stage1,TF,9,6,1,10126.769585067312,647.2676462597155,49.78938363714777,33.33333333333334,35.59491197076849,129.11692158860666,35.594621900895596,129.11682601518885,531.9767441860465,381.9767441860465,1,531.9767441860465,381.9767441860465,200.0,350.0,72,95,INSIDE,CLEAR,False,,,True,100.0,100.0,100.0,False,431.9767441860465,281.9767441860465,431.9767441860465,281.9767441860465,2,300.0,450.0,1,200.0,350.0,ALL_CLEAR,,100.0,,14,ALL_CLEAR,,100.0,,,ALL_CLEAR/PASS
landing,landing_stage1,landing_stage1,landing_stage1,TF,9,6,1,10126.769585067312,647.2676462597155,49.78938363714777,66.66666666666669,35.59491197076849,129.11692158860666,35.59433183102271,129.11673044177107,531.9767441860465,381.9767441860465,1,531.9767441860465,381.9767441860465,200.0,350.0,72,94,INSIDE,CLEAR,False,,,True,100.0,100.0,100.0,False,431.9767441860465,281.9767441860465,431.9767441860465,281.9767441860465,2,300.0,450.0,1,200.0,350.0,ALL_CLEAR,,100.0,,14,ALL_CLEAR,,100.0,,,ALL_CLEAR/PASS
landing,landing_stage1,landing_stage1,landing_stage1,TF,9,6,1,10126.769585067312,647.2676462597155,49.78938363714777,100.0,35.59491197076849,129.11692158860666,35.59404176114981,129.1166348683533,531.9767441860465,381.9767441860465,1,531.9767441860465,381.9767441860465,200.0,350.0,72,94,INSIDE,CLEAR,False,,,True,100.0,100.0,100.0,False,431.9767441860465,281.9767441860465,431.9767441860465,281.9767441860465,2,300.0,450.0,1,200.0,350.0,ALL_CLEAR,,100.0,,14,ALL_CLEAR,,100.0,,,ALL_CLEAR/PASS
landing,landing_stage1,landing_stage1,landing_stage1,TF,9,6,2,10176.55896870446,697.0570298968632,99.57876727429554,-100.0,35.59502805336071,129.11638875862573,35.59589826297939,129.11667547887907,526.7441860465116,376.7441860465116,1,526.7441860465116,376.7441860465116,200.0,350.0,74,94,INSIDE,CLEAR,False,,,True,100.0,100.0,100.0,False,426.7441860465116,276.7441860465116,426.7441860465116,276.7441860465116,2,300.0,450.0,1,200.0,350.0,ALL_CLEAR,,100.0,,15,ALL_CLEAR,,100.0,,,ALL_CLEAR/PASS
landing,landing_stage1,landing_stage1,landing_stage1,TF,9,6,2,10176.55896870446,697.0570298968632,99.57876727429554,-66.66666666666666,35.59502805336071,129.11638875862573,35.59560819310649,129.1165799054613,526.7441860465116,376.7441860465116,1,526.7441860465116,376.7441860465116,200.0,350.0,74,94,INSIDE,CLEAR,False,,,True,100.0,100.0,100.0,False,426.7441860465116,276.7441860465116,426.7441860465116,276.7441860465116,2,300.0,450.0,1,200.0,350.0,ALL_CLEAR,,100.0,,15,ALL_CLEAR,,100.0,,,ALL_CLEAR/PASS
landing,landing_stage1,landing_stage1,landing_stage1,TF,9,6,2,10176.55896870446,697.0570298968632,99.57876727429554,-33.33333333333333,35.59502805336071,129.11638875862573,35.595318123233604,129.1164843320435,526.7441860465116,376.7441860465116,1,526.7441860465116,376.7441860465116,200.0,350.0,73,94,INSIDE,CLEAR,False,,,True,100.0,100.0,100.0,False,426.7441860465116,276.7441860465116,426.7441860465116,276.7441860465116,2,300.0,450.0,1,200.0,350.0,ALL_CLEAR,,100.0,,15,ALL_CLEAR,,100.0,,,ALL_CLEAR/PASS
landing,landing_stage1,landing_stage1,landing_stage1,TF,9,6,2,10176.55896870446,697.0570298968632,99.57876727429554,0.0,35.59502805336071,129.11638875862573,35.59502805336071,129.11638875862573,526.7441860465116,376.7441860465116,1,526.7441860465116,376.7441860465116,200.0,350.0,73,94,INSIDE,CLEAR,False,,,True,100.0,100.0,100.0,False,426.7441860465116,276.7441860465116,426.7441860465116,276.7441860465116,2,300.0,450.0,1,200.0,350.0,ALL_CLEAR,,100.0,,15,ALL_CLEAR,,100.0,,,ALL_CLEAR/PASS
landing,landing_stage1,landing_stage1,landing_stage1,TF,9,6,2,10176.55896870446,697.0570298968632,99.57876727429554,33.33333333333334,35.59502805336071,129.11638875862573,35.59473798348781,129.11629318520795,526.7441860465116,376.7441860465116,1,526.7441860465116,376.7441860465116,200.0,350.0,73,94,INSIDE,CLEAR,False,,,True,100.0,100.0,100.0,False,426.7441860465116,276.7441860465116,426.7441860465116,276.7441860465116,2,300.0,450.0,1,200.0,350.0,ALL_CLEAR,,100.0,,15,ALL_CLEAR,,100.0,,,ALL_CLEAR/PASS
landing,landing_stage1,landing_stage1,landing_stage1,TF,9,6,2,10176.55896870446,697.0570298968632,99.57876727429554,66.66666666666669,35.59502805336071,129.11638875862573,35.59444791361492,129.11619761179017,526.7441860465116,376.7441860465116,1,526.7441860465116,376.7441860465116,200.0,350.0,72,94,INSIDE,CLEAR,False,,,True,100.0,100.0,100.0,False,426.7441860465116,276.7441860465116,426.7441860465116,276.7441860465116,2,300.0,450.0,1,200.0,350.0,ALL_CLEAR,,100.0,,15,ALL_CLEAR,,100.0,,,ALL_CLEAR/PASS
landing,landing_stage1,landing_stage1,landing_stage1,TF,9,6,2,10176.55896870446,697.0570298968632,99.57876727429554,100.0,35.59502805336071,129.11638875862573,35.594157843742025,129.1161020383724,526.7441860465116,376.7441860465116,1,526.7441860465116,376.7441860465116,200.0,350.0,72,94,INSIDE,CLEAR,False,,,True,100.0,100.0,100.0,False,426.7441860465116,276.7441860465116,426.7441860465116,276.7441860465116,2,300.0,450.0,1,200.0,350.0,ALL_CLEAR,,100.0,,15,ALL_CLEAR,,100.0,,,ALL_CLEAR/PASS
landing,landing_stage1,landing_stage1,landing_stage1,TF,9,7,0,10176.55896870446,697.0570298968632,0.0,-100.0,35.59502805336071,129.11638875862573,35.595898262810344,129.1166754804866,526.7441860465116,376.7441860465116,1,526.7441860465116,376.7441860465116,200.0,350.0,74,94,INSIDE,CLEAR,False,,,True,100.0,100.0,100.0,False,426.7441860465116,276.7441860465116,426.7441860465116,276.7441860465116,2,300.0,450.0,1,200.0,350.0,ALL_CLEAR,,100.0,,15,ALL_CLEAR,,100.0,,,ALL_CLEAR/PASS
landing,landing_stage1,landing_stage1,landing_stage1,TF,9,7,0,10176.55896870446,697.0570298968632,0.0,-66.66666666666666,35.59502805336071,129.11638875862573,35.5956081929938,129.116579906533,526.7441860465116,376.7441860465116,1,526.7441860465116,376.7441860465116,200.0,350.0,74,94,INSIDE,CLEAR,False,,,True,100.0,100.0,100.0,False,426.7441860465116,276.7441860465116,426.7441860465116,276.7441860465116,2,300.0,450.0,1,200.0,350.0,ALL_CLEAR,,100.0,,15,ALL_CLEAR,,100.0,,,ALL_CLEAR/PASS
landing,landing_stage1,landing_stage1,landing_stage1,TF,9,7,0,10176.55896870446,697.0570298968632,0.0,-33.33333333333333,35.59502805336071,129.11638875862573,35.59531812317725,129.11648433257935,526.7441860465116,376.7441860465116,1,526.7441860465116,376.7441860465116,200.0,350.0,73,94,INSIDE,CLEAR,False,,,True,100.0,100.0,100.0,False,426.7441860465116,276.7441860465116,426.7441860465116,276.7441860465116,2,300.0,450.0,1,200.0,350.0,ALL_CLEAR,,100.0,,15,ALL_CLEAR,,100.0,,,ALL_CLEAR/PASS
landing,landing_stage1,landing_stage1,landing_stage1,TF,9,7,0,10176.55896870446,697.0570298968632,0.0,33.33333333333334,35.59502805336071,129.11638875862573,35.594737983544164,129.11629318467212,526.7441860465116,376.7441860465116,1,526.7441860465116,376.7441860465116,200.0,350.0,73,94,INSIDE,CLEAR,False,,,True,100.0,100.0,100.0,False,426.7441860465116,276.7441860465116,426.7441860465116,276.7441860465116,2,300.0,450.0,1,200.0,350.0,ALL_CLEAR,,100.0,,15,ALL_CLEAR,,100.0,,,ALL_CLEAR/PASS
landing,landing_stage1,landing_stage1,landing_stage1,TF,9,7,0,10176.55896870446,697.0570298968632,0.0,66.66666666666669,35.59502805336071,129.11638875862573,35.59444791372761,129.11619761071847,526.7441860465116,376.7441860465116,1,526.7441860465116,376.7441860465116,200.0,350.0,72,94,INSIDE,CLEAR,False,,,True,100.0,100.0,100.0,False,426.7441860465116,276.7441860465116,426.7441860465116,276.7441860465116,2,300.0,450.0,1,200.0,350.0,ALL_CLEAR,,100.0,,15,ALL_CLEAR,,100.0,,,ALL_CLEAR/PASS
landing,landing_stage1,landing_stage1,landing_stage1,TF,9,7,0,10176.55896870446,697.0570298968632,0.0,100.0,35.59502805336071,129.11638875862573,35.59415784391107,129.11610203676486,526.7441860465116,376.7441860465116,1,526.7441860465116,376.7441860465116,200.0,350.0,72,94,INSIDE,CLEAR,False,,,True,100.0,100.0,100.0,False,426.7441860465116,276.7441860465116,426.7441860465116,276.7441860465116,2,300.0,450.0,1,200.0,350.0,ALL_CLEAR,,100.0,,15,ALL_CLEAR,,100.0,,,ALL_CLEAR/PASS
landing,landing_stage1,landing_stage1,landing_stage1,TF,9,7,1,10226.348217601984,746.8462787943881,49.78924889752424,-100.0,35.59514413595292,129.1158559286448,35.59601434540256,129.1161426505057,521.5116279069767,371.51162790697674,1,521.5116279069767,371.51162790697674,200.0,350.0,74,94,INSIDE,CLEAR,False,,,True,100.0,100.0,100.0,False,421.51162790697674,271.51162790697674,421.51162790697674,271.51162790697674,2,300.0,450.0,1,200.0,350.0,ALL_CLEAR,,100.0,,16,ALL_CLEAR,,100.0,,,ALL_CLEAR/PASS
landing,landing_stage1,landing_stage1,landing_stage1,TF,9,7,1,10226.348217601984,746.8462787943881,49.78924889752424,-66.66666666666666,35.59514413595292,129.1158559286448,35.59572427558601,129.11604707655206,521.5116279069767,371.51162790697674,1,521.5116279069767,371.51162790697674,200.0,350.0,74,94,INSIDE,CLEAR,False,,,True,100.0,100.0,100.0,False,421.51162790697674,271.51162790697674,421.51162790697674,271.51162790697674,2,300.0,450.0,1,200.0,350.0,ALL_CLEAR,,100.0,,16,ALL_CLEAR,,100.0,,,ALL_CLEAR/PASS
landing,landing_stage1,landing_stage1,landing_stage1,TF,9,7,1,10226.348217601984,746.8462787943881,49.78924889752424,-33.33333333333333,35.59514413595292,129.1158559286448,35.595434205769465,129.11595150259845,521.5116279069767,371.51162790697674,1,521.5116279069767,371.51162790697674,200.0,350.0,73,94,INSIDE,CLEAR,False,,,True,100.0,100.0,100.0,False,421.51162790697674,271.51162790697674,421.51162790697674,271.51162790697674,2,300.0,450.0,1,200.0,350.0,ALL_CLEAR,,100.0,,16,ALL_CLEAR,,100.0,,,ALL_CLEAR/PASS
landing,landing_stage1,landing_stage1,landing_stage1,TF,9,7,1,10226.348217601984,746.8462787943881,49.78924889752424,0.0,35.59514413595292,129.1158559286448,35.59514413595292,129.1158559286448,521.5116279069767,371.51162790697674,1,521.5116279069767,371.51162790697674,200.0,350.0,73,94,INSIDE,CLEAR,False,,,True,100.0,100.0,100.0,False,421.51162790697674,271.51162790697674,421.51162790697674,271.51162790697674,2,300.0,450.0,1,200.0,350.0,ALL_CLEAR,,100.0,,16,ALL_CLEAR,,100.0,,,ALL_CLEAR/PASS
landing,landing_stage1,landing_stage1,landing_stage1,TF,9,7,1,10226.348217601984,746.8462787943881,49.78924889752424,33.33333333333334,35.59514413595292,129.1158559286448,35.59485406613637,129.1157603546912,521.5116279069767,371.51162790697674,1,521.5116279069767,371.51162790697674,200.0,350.0,73,94,INSIDE,CLEAR,False,,,True,100.0,100.0,100.0,False,421.51162790697674,271.51162790697674,421.51162790697674,271.51162790697674,2,300.0,450.0,1,200.0,350.0,ALL_CLEAR,,100.0,,16,ALL_CLEAR,,100.0,,,ALL_CLEAR/PASS
landing,landing_stage1,landing_stage1,landing_stage1,TF,9,7,1,10226.348217601984,746.8462787943881,49.78924889752424,66.66666666666669,35.59514413595292,129.1158559286448,35.59456399631983,129.11566478073757,521.5116279069767,371.51162790697674,1,521.5116279069767,371.51162790697674,200.0,350.0,72,93,INSIDE,CLEAR,False,,,True,100.0,100.0,100.0,False,421.51162790697674,271.51162790697674,421.51162790697674,271.51162790697674,2,300.0,450.0,1,200.0,350.0,ALL_CLEAR,,100.0,,16,ALL_CLEAR,,100.0,,,ALL_CLEAR/PASS
landing,landing_stage1,landing_stage1,landing_stage1,TF,9,7,1,10226.348217601984,746.8462787943881,49.78924889752424,100.0,35.59514413595292,129.1158559286448,35.59427392650328,129.11556920678393,521.5116279069767,371.51162790697674,1,521.5116279069767,371.51162790697674,200.0,350.0,72,93,INSIDE,CLEAR,False,,,True,100.0,100.0,100.0,False,421.51162790697674,271.51162790697674,421.51162790697674,271.51162790697674,2,300.0,450.0,1,200.0,350.0,ALL_CLEAR,,100.0,,16,ALL_CLEAR,,100.0,,,ALL_CLEAR/PASS
landing,landing_stage1,landing_stage1,landing_stage1,TF,9,7,2,10276.137466499507,796.6355276919112,99.57849779504848,-100.0,35.59526021854513,129.1153230986639,35.596130427994765,129.11560982052478,516.2790697674419,366.2790697674419,1,516.2790697674419,366.2790697674419,200.0,350.0,74,93,INSIDE,CLEAR,False,,,True,100.0,100.0,100.0,False,416.2790697674419,266.2790697674419,416.2790697674419,266.2790697674419,2,300.0,450.0,1,200.0,350.0,ALL_CLEAR,,100.0,,17,ALL_CLEAR,,100.0,,,ALL_CLEAR/PASS
landing,landing_stage1,landing_stage1,landing_stage1,TF,9,7,2,10276.137466499507,796.6355276919112,99.57849779504848,-66.66666666666666,35.59526021854513,129.1153230986639,35.59584035817822,129.11551424657117,516.2790697674419,366.2790697674419,1,516.2790697674419,366.2790697674419,200.0,350.0,74,93,INSIDE,CLEAR,False,,,True,100.0,100.0,100.0,False,416.2790697674419,266.2790697674419,416.2790697674419,266.2790697674419,2,300.0,450.0,1,200.0,350.0,ALL_CLEAR,,100.0,,17,ALL_CLEAR,,100.0,,,ALL_CLEAR/PASS
landing,landing_stage1,landing_stage1,landing_stage1,TF,9,7,2,10276.137466499507,796.6355276919112,99.57849779504848,-33.33333333333333,35.59526021854513,129.1153230986639,35.59555028836167,129.11541867261752,516.2790697674419,366.2790697674419,1,516.2790697674419,366.2790697674419,200.0,350.0,73,93,INSIDE,CLEAR,False,,,True,100.0,100.0,100.0,False,416.2790697674419,266.2790697674419,416.2790697674419,266.2790697674419,2,300.0,450.0,1,200.0,350.0,ALL_CLEAR,,100.0,,17,ALL_CLEAR,,100.0,,,ALL_CLEAR/PASS
landing,landing_stage1,landing_stage1,landing_stage1,TF,9,7,2,10276.137466499507,796.6355276919112,99.57849779504848,0.0,35.59526021854513,129.1153230986639,35.59526021854513,129.1153230986639,516.2790697674419,366.2790697674419,1,516.2790697674419,366.2790697674419,200.0,350.0,73,93,INSIDE,CLEAR,False,,,True,100.0,100.0,100.0,False,416.2790697674419,266.2790697674419,416.2790697674419,266.2790697674419,2,300.0,450.0,1,200.0,350.0,ALL_CLEAR,,100.0,,17,ALL_CLEAR,,100.0,,,ALL_CLEAR/PASS
landing,landing_stage1,landing_stage1,landing_stage1,TF,9,7,2,10276.137466499507,796.6355276919112,99.57849779504848,33.33333333333334,35.59526021854513,129.1153230986639,35.594970148728585,129.1152275247103,516.2790697674419,366.2790697674419,1,516.2790697674419,366.2790697674419,200.0,350.0,73,93,INSIDE,CLEAR,False,,,True,100.0,100.0,100.0,False,416.2790697674419,266.2790697674419,416.2790697674419,266.2790697674419,2,300.0,450.0,1,200.0,350.0,ALL_CLEAR,,100.0,,17,ALL_CLEAR,,100.0,,,ALL_CLEAR/PASS
landing,landing_stage1,landing_stage1,landing_stage1,TF,9,7,2,10276.137466499507,796.6355276919112,99.57849779504848,66.66666666666669,35.59526021854513,129.1153230986639,35.594680078912035,129.11513195075665,516.2790697674419,366.2790697674419,1,516.2790697674419,366.2790697674419,200.0,350.0,72,93,INSIDE,CLEAR,False,,,True,100.0,100.0,100.0,False,416.2790697674419,266.2790697674419,416.2790697674419,266.2790697674419,2,300.0,450.0,1,200.0,350.0,ALL_CLEAR,,100.0,,17,ALL_CLEAR,,100.0,,,ALL_CLEAR/PASS
landing,landing_stage1,landing_stage1,landing_stage1,TF,9,7,2,10276.137466499507,796.6355276919112,99.57849779504848,100.0,35.59526021854513,129.1153230986639,35.59439000909549,129.11503637680303,516.2790697674419,366.2790697674419,1,516.2790697674419,366.2790697674419,200.0,350.0,72,93,INSIDE,CLEAR,False,,,True,100.0,100.0,100.0,False,416.2790697674419,266.2790697674419,416.2790697674419,266.2790697674419,2,300.0,450.0,1,200.0,350.0,ALL_CLEAR,,100.0,,17,ALL_CLEAR,,100.0,,,ALL_CLEAR/PASS
landing,landing_stage1,landing_stage1,landing_stage1,TF,9,8,0,10276.137466499507,796.6355276919112,0.0,-100.0,35.59526021854513,129.1153230986639,35.59613042782572,129.11560982213237,516.2790697674419,366.2790697674419,1,516.2790697674419,366.2790697674419,200.0,350.0,74,93,INSIDE,CLEAR,False,,,True,100.0,100.0,100.0,False,416.2790697674419,266.2790697674419,416.2790697674419,266.2790697674419,2,300.0,450.0,1,200.0,350.0,ALL_CLEAR,,100.0,,17,ALL_CLEAR,,100.0,,,ALL_CLEAR/PASS
landing,landing_stage1,landing_stage1,landing_stage1,TF,9,8,0,10276.137466499507,796.6355276919112,0.0,-66.66666666666666,35.59526021854513,129.1153230986639,35.59584035806552,129.11551424764286,516.2790697674419,366.2790697674419,1,516.2790697674419,366.2790697674419,200.0,350.0,74,93,INSIDE,CLEAR,False,,,True,100.0,100.0,100.0,False,416.2790697674419,266.2790697674419,416.2790697674419,266.2790697674419,2,300.0,450.0,1,200.0,350.0,ALL_CLEAR,,100.0,,17,ALL_CLEAR,,100.0,,,ALL_CLEAR/PASS
landing,landing_stage1,landing_stage1,landing_stage1,TF,9,8,0,10276.137466499507,796.6355276919112,0.0,-33.33333333333333,35.59526021854513,129.1153230986639,35.595550288305326,129.11541867315339,516.2790697674419,366.2790697674419,1,516.2790697674419,366.2790697674419,200.0,350.0,73,93,INSIDE,CLEAR,False,,,True,100.0,100.0,100.0,False,416.2790697674419,266.2790697674419,416.2790697674419,266.2790697674419,2,300.0,450.0,1,200.0,350.0,ALL_CLEAR,,100.0,,17,ALL_CLEAR,,100.0,,,ALL_CLEAR/PASS
landing,landing_stage1,landing_stage1,landing_stage1,TF,9,8,0,10276.137466499507,796.6355276919112,0.0,33.33333333333334,35.59526021854513,129.1153230986639,35.59497014878493,129.11522752417443,516.2790697674419,366.2790697674419,1,516.2790697674419,366.2790697674419,200.0,350.0,73,93,INSIDE,CLEAR,False,,,True,100.0,100.0,100.0,False,416.2790697674419,266.2790697674419,416.2790697674419,266.2790697674419,2,300.0,450.0,1,200.0,350.0,ALL_CLEAR,,100.0,,17,ALL_CLEAR,,100.0,,,ALL_CLEAR/PASS
landing,landing_stage1,landing_stage1,landing_stage1,TF,9,8,0,10276.137466499507,796.6355276919112,0.0,66.66666666666669,35.59526021854513,129.1153230986639,35.594680079024734,129.11513194968495,516.2790697674419,366.2790697674419,1,516.2790697674419,366.2790697674419,200.0,350.0,72,93,INSIDE,CLEAR,False,,,True,100.0,100.0,100.0,False,416.2790697674419,266.2790697674419,416.2790697674419,266.2790697674419,2,300.0,450.0,1,200.0,350.0,ALL_CLEAR,,100.0,,17,ALL_CLEAR,,100.0,,,ALL_CLEAR/PASS
landing,landing_stage1,landing_stage1,landing_stage1,TF,9,8,0,10276.137466499507,796.6355276919112,0.0,100.0,35.59526021854513,129.1153230986639,35.594390009264536,129.11503637519544,516.2790697674419,366.2790697674419,1,516.2790697674419,366.2790697674419,200.0,350.0,72,93,INSIDE,CLEAR,False,,,True,100.0,100.0,100.0,False,416.2790697674419,266.2790697674419,416.2790697674419,266.2790697674419,2,300.0,450.0,1,200.0,350.0,ALL_CLEAR,,100.0,,17,ALL_CLEAR,,100.0,,,ALL_CLEAR/PASS
landing,landing_stage1,landing_stage1,landing_stage1,TF,9,8,1,10325.926580656773,846.4246418491766,49.7891141572662,-100.0,35.595376301137335,129.114790268683,35.596246510417934,129.11507699215144,511.04651162790697,361.04651162790697,1,511.04651162790697,361.04651162790697,200.0,350.0,74,93,INSIDE,CLEAR,False,,,True,100.0,100.0,100.0,False,411.04651162790697,261.04651162790697,411.04651162790697,261.04651162790697,2,300.0,450.0,1,200.0,350.0,ALL_CLEAR,,100.0,,18,ALL_CLEAR,,100.0,,,ALL_CLEAR/PASS
landing,landing_stage1,landing_stage1,landing_stage1,TF,9,8,1,10325.926580656773,846.4246418491766,49.7891141572662,-66.66666666666666,35.595376301137335,129.114790268683,35.59595644065774,129.11498141766197,511.04651162790697,361.04651162790697,1,511.04651162790697,361.04651162790697,200.0,350.0,74,93,INSIDE,CLEAR,False,,,True,100.0,100.0,100.0,False,411.04651162790697,261.04651162790697,411.04651162790697,261.04651162790697,2,300.0,450.0,1,200.0,350.0,ALL_CLEAR,,100.0,,18,ALL_CLEAR,,100.0,,,ALL_CLEAR/PASS
landing,landing_stage1,landing_stage1,landing_stage1,TF,9,8,1,10325.926580656773,846.4246418491766,49.7891141572662,-33.33333333333333,35.595376301137335,129.114790268683,35.59566637089754,129.1148858431725,511.04651162790697,361.04651162790697,1,511.04651162790697,361.04651162790697,200.0,350.0,74,93,INSIDE,CLEAR,False,,,True,100.0,100.0,100.0,False,411.04651162790697,261.04651162790697,411.04651162790697,261.04651162790697,2,300.0,450.0,1,200.0,350.0,ALL_CLEAR,,100.0,,18,ALL_CLEAR,,100.0,,,ALL_CLEAR/PASS
landing,landing_stage1,landing_stage1,landing_stage1,TF,9,8,1,10325.926580656773,846.4246418491766,49.7891141572662,0.0,35.595376301137335,129.114790268683,35.595376301137335,129.114790268683,511.04651162790697,361.04651162790697,1,511.04651162790697,361.04651162790697,200.0,350.0,73,93,INSIDE,CLEAR,False,,,True,100.0,100.0,100.0,False,411.04651162790697,261.04651162790697,411.04651162790697,261.04651162790697,2,300.0,450.0,1,200.0,350.0,ALL_CLEAR,,100.0,,18,ALL_CLEAR,,100.0,,,ALL_CLEAR/PASS
landing,landing_stage1,landing_stage1,landing_stage1,TF,9,8,1,10325.926580656773,846.4246418491766,49.7891141572662,33.33333333333334,35.595376301137335,129.114790268683,35.59508623137714,129.1146946941935,511.04651162790697,361.04651162790697,1,511.04651162790697,361.04651162790697,200.0,350.0,73,93,INSIDE,CLEAR,False,,,True,100.0,100.0,100.0,False,411.04651162790697,261.04651162790697,411.04651162790697,261.04651162790697,2,300.0,450.0,1,200.0,350.0,ALL_CLEAR,,100.0,,18,ALL_CLEAR,,100.0,,,ALL_CLEAR/PASS
landing,landing_stage1,landing_stage1,landing_stage1,TF,9,8,1,10325.926580656773,846.4246418491766,49.7891141572662,66.66666666666669,35.595376301137335,129.114790268683,35.59479616161694,129.11459911970402,511.04651162790697,361.04651162790697,1,511.04651162790697,361.04651162790697,200.0,350.0,73,92,INSIDE,CLEAR,False,,,True,100.0,100.0,100.0,False,411.04651162790697,261.04651162790697,411.04651162790697,261.04651162790697,2,300.0,450.0,1,200.0,350.0,ALL_CLEAR,,100.0,,18,ALL_CLEAR,,100.0,,,ALL_CLEAR/PASS
landing,landing_stage1,landing_stage1,landing_stage1,TF,9,8,1,10325.926580656773,846.4246418491766,49.7891141572662,100.0,35.595376301137335,129.114790268683,35.59450609185674,129.11450354521455,511.04651162790697,361.04651162790697,1,511.04651162790697,361.04651162790697,200.0,350.0,72,92,INSIDE,CLEAR,False,,,True,100.0,100.0,100.0,False,411.04651162790697,261.04651162790697,411.04651162790697,261.04651162790697,2,300.0,450.0,1,200.0,350.0,ALL_CLEAR,,100.0,,18,ALL_CLEAR,,100.0,,,ALL_CLEAR/PASS
landing,landing_stage1,landing_stage1,landing_stage1,TF,9,8,2,10375.71569481404,896.2137560064439,99.5782283145324,-100.0,35.59549238372955,129.11425743870208,35.59636259301014,129.11454416217055,505.8139534883721,355.8139534883721,1,505.8139534883721,355.8139534883721,200.0,350.0,74,92,INSIDE,CLEAR,False,,,True,100.0,100.0,100.0,False,405.8139534883721,255.81395348837208,405.8139534883721,255.81395348837208,2,300.0,450.0,1,200.0,350.0,ALL_CLEAR,,100.0,,19,ALL_CLEAR,,100.0,,,ALL_CLEAR/PASS
landing,landing_stage1,landing_stage1,landing_stage1,TF,9,8,2,10375.71569481404,896.2137560064439,99.5782283145324,-66.66666666666666,35.59549238372955,129.11425743870208,35.596072523249944,129.11444858768104,505.8139534883721,355.8139534883721,1,505.8139534883721,355.8139534883721,200.0,350.0,74,92,INSIDE,CLEAR,False,,,True,100.0,100.0,100.0,False,405.8139534883721,255.81395348837208,405.8139534883721,255.81395348837208,2,300.0,450.0,1,200.0,350.0,ALL_CLEAR,,100.0,,19,ALL_CLEAR,,100.0,,,ALL_CLEAR/PASS
landing,landing_stage1,landing_stage1,landing_stage1,TF,9,8,2,10375.71569481404,896.2137560064439,99.5782283145324,-33.33333333333333,35.59549238372955,129.11425743870208,35.59578245348975,129.11435301319156,505.8139534883721,355.8139534883721,1,505.8139534883721,355.8139534883721,200.0,350.0,74,92,INSIDE,CLEAR,False,,,True,100.0,100.0,100.0,False,405.8139534883721,255.81395348837208,405.8139534883721,255.81395348837208,2,300.0,450.0,1,200.0,350.0,ALL_CLEAR,,100.0,,19,ALL_CLEAR,,100.0,,,ALL_CLEAR/PASS
landing,landing_stage1,landing_stage1,landing_stage1,TF,9,8,2,10375.71569481404,896.2137560064439,99.5782283145324,0.0,35.59549238372955,129.11425743870208,35.59549238372955,129.11425743870208,505.8139534883721,355.8139534883721,1,505.8139534883721,355.8139534883721,200.0,350.0,73,92,INSIDE,CLEAR,False,,,True,100.0,100.0,100.0,False,405.8139534883721,255.81395348837208,405.8139534883721,255.81395348837208,2,300.0,450.0,1,200.0,350.0,ALL_CLEAR,,100.0,,19,ALL_CLEAR,,100.0,,,ALL_CLEAR/PASS
landing,landing_stage1,landing_stage1,landing_stage1,TF,9,8,2,10375.71569481404,896.2137560064439,99.5782283145324,33.33333333333334,35.59549238372955,129.11425743870208,35.59520231396935,129.1141618642126,505.8139534883721,355.8139534883721,1,505.8139534883721,355.8139534883721,200.0,350.0,73,92,INSIDE,CLEAR,False,,,True,100.0,100.0,100.0,False,405.8139534883721,255.81395348837208,405.8139534883721,255.81395348837208,2,300.0,450.0,1,200.0,350.0,ALL_CLEAR,,100.0,,19,ALL_CLEAR,,100.0,,,ALL_CLEAR/PASS
landing,landing_stage1,landing_stage1,landing_stage1,TF,9,8,2,10375.71569481404,896.2137560064439,99.5782283145324,66.66666666666669,35.59549238372955,129.11425743870208,35.594912244209155,129.11406628972313,505.8139534883721,355.8139534883721,1,505.8139534883721,355.8139534883721,200.0,350.0,73,92,INSIDE,CLEAR,False,,,True,100.0,100.0,100.0,False,405.8139534883721,255.81395348837208,405.8139534883721,255.81395348837208,2,300.0,450.0,1,200.0,350.0,ALL_CLEAR,,100.0,,19,ALL_CLEAR,,100.0,,,ALL_CLEAR/PASS
landing,landing_stage1,landing_stage1,landing_stage1,TF,9,8,2,10375.71569481404,896.2137560064439,99.5782283145324,100.0,35.59549238372955,129.11425743870208,35.59462217444896,129.11397071523362,505.8139534883721,355.8139534883721,1,505.8139534883721,355.8139534883721,200.0,350.0,72,92,INSIDE,CLEAR,False,,,True,100.0,100.0,100.0,False,405.8139534883721,255.81395348837208,405.8139534883721,255.81395348837208,2,300.0,450.0,1,200.0,350.0,ALL_CLEAR,,100.0,,19,ALL_CLEAR,,100.0,,,ALL_CLEAR/PASS
landing,landing_stage1,landing_stage1,landing_stage1,TF,9,9,0,10375.71569481404,896.2137560064439,0.0,-100.0,35.59549238372955,129.11425743870208,35.596362592841096,129.11454416377813,505.8139534883721,355.8139534883721,1,505.8139534883721,355.8139534883721,200.0,350.0,74,92,INSIDE,CLEAR,False,,,True,100.0,100.0,100.0,False,405.8139534883721,255.81395348837208,405.8139534883721,255.81395348837208,2,300.0,450.0,1,200.0,350.0,ALL_CLEAR,,100.0,,19,ALL_CLEAR,,100.0,,,ALL_CLEAR/PASS
landing,landing_stage1,landing_stage1,landing_stage1,TF,9,9,0,10375.71569481404,896.2137560064439,0.0,-66.66666666666666,35.59549238372955,129.11425743870208,35.596072523137245,129.11444858875277,505.8139534883721,355.8139534883721,1,505.8139534883721,355.8139534883721,200.0,350.0,74,92,INSIDE,CLEAR,False,,,True,100.0,100.0,100.0,False,405.8139534883721,255.81395348837208,405.8139534883721,255.81395348837208,2,300.0,450.0,1,200.0,350.0,ALL_CLEAR,,100.0,,19,ALL_CLEAR,,100.0,,,ALL_CLEAR/PASS
landing,landing_stage1,landing_stage1,landing_stage1,TF,9,9,0,10375.71569481404,896.2137560064439,0.0,-33.33333333333333,35.59549238372955,129.11425743870208,35.5957824534334,129.11435301372742,505.8139534883721,355.8139534883721,1,505.8139534883721,355.8139534883721,200.0,350.0,74,92,INSIDE,CLEAR,False,,,True,100.0,100.0,100.0,False,405.8139534883721,255.81395348837208,405.8139534883721,255.81395348837208,2,300.0,450.0,1,200.0,350.0,ALL_CLEAR,,100.0,,19,ALL_CLEAR,,100.0,,,ALL_CLEAR/PASS
landing,landing_stage1,landing_stage1,landing_stage1,TF,9,9,0,10375.71569481404,896.2137560064439,0.0,33.33333333333334,35.59549238372955,129.11425743870208,35.5952023140257,129.11416186367674,505.8139534883721,355.8139534883721,1,505.8139534883721,355.8139534883721,200.0,350.0,73,92,INSIDE,CLEAR,False,,,True,100.0,100.0,100.0,False,405.8139534883721,255.81395348837208,405.8139534883721,255.81395348837208,2,300.0,450.0,1,200.0,350.0,ALL_CLEAR,,100.0,,19,ALL_CLEAR,,100.0,,,ALL_CLEAR/PASS
landing,landing_stage1,landing_stage1,landing_stage1,TF,9,9,0,10375.71569481404,896.2137560064439,0.0,66.66666666666669,35.59549238372955,129.11425743870208,35.594912244321854,129.1140662886514,505.8139534883721,355.8139534883721,1,505.8139534883721,355.8139534883721,200.0,350.0,73,92,INSIDE,CLEAR,False,,,True,100.0,100.0,100.0,False,405.8139534883721,255.81395348837208,405.8139534883721,255.81395348837208,2,300.0,450.0,1,200.0,350.0,ALL_CLEAR,,100.0,,19,ALL_CLEAR,,100.0,,,ALL_CLEAR/PASS
landing,landing_stage1,landing_stage1,landing_stage1,TF,9,9,0,10375.71569481404,896.2137560064439,0.0,100.0,35.59549238372955,129.11425743870208,35.594622174618,129.11397071362603,505.8139534883721,355.8139534883721,1,505.8139534883721,355.8139534883721,200.0,350.0,72,92,INSIDE,CLEAR,False,,,True,100.0,100.0,100.0,False,405.8139534883721,255.81395348837208,405.8139534883721,255.81395348837208,2,300.0,450.0,1,200.0,350.0,ALL_CLEAR,,100.0,,19,ALL_CLEAR,,100.0,,,ALL_CLEAR/PASS
landing,landing_stage1,landing_stage1,landing_stage1,TF,9,9,1,10425.504674231654,946.0027354240574,49.788979417612616,-100.0,35.595608466321764,129.11372460872116,35.59647867543331,129.1140113337972,500.5813953488372,350.5813953488372,1,500.5813953488372,350.5813953488372,200.0,350.0,75,92,INSIDE,CLEAR,False,,,True,100.0,100.0,100.0,False,400.5813953488372,250.5813953488372,400.5813953488372,250.5813953488372,2,300.0,450.0,1,200.0,350.0,ALL_CLEAR,,100.0,,20,ALL_CLEAR,,100.0,,,ALL_CLEAR/PASS
landing,landing_stage1,landing_stage1,landing_stage1,TF,9,9,1,10425.504674231654,946.0027354240574,49.788979417612616,-66.66666666666666,35.595608466321764,129.11372460872116,35.59618860572946,129.11391575877184,500.5813953488372,350.5813953488372,1,500.5813953488372,350.5813953488372,200.0,350.0,74,92,INSIDE,CLEAR,False,,,True,100.0,100.0,100.0,False,400.5813953488372,250.5813953488372,400.5813953488372,250.5813953488372,2,300.0,450.0,1,200.0,350.0,ALL_CLEAR,,100.0,,20,ALL_CLEAR,,100.0,,,ALL_CLEAR/PASS
landing,landing_stage1,landing_stage1,landing_stage1,TF,9,9,1,10425.504674231654,946.0027354240574,49.788979417612616,-33.33333333333333,35.595608466321764,129.11372460872116,35.595898536025615,129.1138201837465,500.5813953488372,350.5813953488372,1,500.5813953488372,350.5813953488372,200.0,350.0,74,92,INSIDE,CLEAR,False,,,True,100.0,100.0,100.0,False,400.5813953488372,250.5813953488372,400.5813953488372,250.5813953488372,2,300.0,450.0,1,200.0,350.0,ALL_CLEAR,,100.0,,20,ALL_CLEAR,,100.0,,,ALL_CLEAR/PASS
landing,landing_stage1,landing_stage1,landing_stage1,TF,9,9,1,10425.504674231654,946.0027354240574,49.788979417612616,0.0,35.595608466321764,129.11372460872116,35.595608466321764,129.11372460872116,500.5813953488372,350.5813953488372,1,500.5813953488372,350.5813953488372,200.0,350.0,74,92,INSIDE,CLEAR,False,,,True,100.0,100.0,100.0,False,400.5813953488372,250.5813953488372,400.5813953488372,250.5813953488372,2,300.0,450.0,1,200.0,350.0,ALL_CLEAR,,100.0,,20,ALL_CLEAR,,100.0,,,ALL_CLEAR/PASS
landing,landing_stage1,landing_stage1,landing_stage1,TF,9,9,1,10425.504674231654,946.0027354240574,49.788979417612616,33.33333333333334,35.595608466321764,129.11372460872116,35.59531839661791,129.11362903369582,500.5813953488372,350.5813953488372,1,500.5813953488372,350.5813953488372,200.0,350.0,73,91,INSIDE,CLEAR,False,,,True,100.0,100.0,100.0,False,400.5813953488372,250.5813953488372,400.5813953488372,250.5813953488372,2,300.0,450.0,1,200.0,350.0,ALL_CLEAR,,100.0,,20,ALL_CLEAR,,100.0,,,ALL_CLEAR/PASS
landing,landing_stage1,landing_stage1,landing_stage1,TF,9,9,1,10425.504674231654,946.0027354240574,49.788979417612616,66.66666666666669,35.595608466321764,129.11372460872116,35.59502832691407,129.11353345867047,500.5813953488372,350.5813953488372,1,500.5813953488372,350.5813953488372,200.0,350.0,73,91,INSIDE,CLEAR,False,,,True,100.0,100.0,100.0,False,400.5813953488372,250.5813953488372,400.5813953488372,250.5813953488372,2,300.0,450.0,1,200.0,350.0,ALL_CLEAR,,100.0,,20,ALL_CLEAR,,100.0,,,ALL_CLEAR/PASS
landing,landing_stage1,landing_stage1,landing_stage1,TF,9,9,1,10425.504674231654,946.0027354240574,49.788979417612616,100.0,35.595608466321764,129.11372460872116,35.59473825721022,129.1134378836451,500.5813953488372,350.5813953488372,1,500.5813953488372,350.5813953488372,200.0,350.0,73,91,INSIDE,CLEAR,False,,,True,100.0,100.0,100.0,False,400.5813953488372,250.5813953488372,400.5813953488372,250.5813953488372,2,300.0,450.0,1,200.0,350.0,ALL_CLEAR,,100.0,,20,ALL_CLEAR,,100.0,,,ALL_CLEAR/PASS
landing,landing_stage1,landing_stage1,landing_stage1,TF,9,9,2,10475.293653649265,995.7917148416691,99.57795883522523,-100.0,35.59572454891398,129.11319177874023,35.596594758025525,129.11347850381628,495.34883720930236,345.34883720930236,1,495.34883720930236,345.34883720930236,200.0,350.0,75,91,INSIDE,CLEAR,False,,,True,100.0,100.0,100.0,False,395.34883720930236,245.34883720930236,395.34883720930236,245.34883720930236,2,300.0,450.0,1,200.0,350.0,ALL_CLEAR,,100.0,,21,ALL_CLEAR,,100.0,,,ALL_CLEAR/PASS
landing,landing_stage1,landing_stage1,landing_stage1,TF,9,9,2,10475.293653649265,995.7917148416691,99.57795883522523,-66.66666666666666,35.59572454891398,129.11319177874023,35.59630468832167,129.1133829287909,495.34883720930236,345.34883720930236,1,495.34883720930236,345.34883720930236,200.0,350.0,74,91,INSIDE,CLEAR,False,,,True,100.0,100.0,100.0,False,395.34883720930236,245.34883720930236,395.34883720930236,245.34883720930236,2,300.0,450.0,1,200.0,350.0,ALL_CLEAR,,100.0,,21,ALL_CLEAR,,100.0,,,ALL_CLEAR/PASS
landing,landing_stage1,landing_stage1,landing_stage1,TF,9,9,2,10475.293653649265,995.7917148416691,99.57795883522523,-33.33333333333333,35.59572454891398,129.11319177874023,35.59601461861783,129.11328735376557,495.34883720930236,345.34883720930236,1,495.34883720930236,345.34883720930236,200.0,350.0,74,91,INSIDE,CLEAR,False,,,True,100.0,100.0,100.0,False,395.34883720930236,245.34883720930236,395.34883720930236,245.34883720930236,2,300.0,450.0,1,200.0,350.0,ALL_CLEAR,,100.0,,21,ALL_CLEAR,,100.0,,,ALL_CLEAR/PASS
landing,landing_stage1,landing_stage1,landing_stage1,TF,9,9,2,10475.293653649265,995.7917148416691,99.57795883522523,0.0,35.59572454891398,129.11319177874023,35.59572454891398,129.11319177874023,495.34883720930236,345.34883720930236,1,495.34883720930236,345.34883720930236,200.0,350.0,74,91,INSIDE,CLEAR,False,,,True,100.0,100.0,100.0,False,395.34883720930236,245.34883720930236,395.34883720930236,245.34883720930236,2,300.0,450.0,1,200.0,350.0,ALL_CLEAR,,100.0,,21,ALL_CLEAR,,100.0,,,ALL_CLEAR/PASS
landing,landing_stage1,landing_stage1,landing_stage1,TF,9,9,2,10475.293653649265,995.7917148416691,99.57795883522523,33.33333333333334,35.59572454891398,129.11319177874023,35.59543447921013,129.1130962037149,495.34883720930236,345.34883720930236,1,495.34883720930236,345.34883720930236,200.0,350.0,73,91,INSIDE,CLEAR,False,,,True,100.0,100.0,100.0,False,395.34883720930236,245.34883720930236,395.34883720930236,245.34883720930236,2,300.0,450.0,1,200.0,350.0,ALL_CLEAR,,100.0,,21,ALL_CLEAR,,100.0,,,ALL_CLEAR/PASS
landing,landing_stage1,landing_stage1,landing_stage1,TF,9,9,2,10475.293653649265,995.7917148416691,99.57795883522523,66.66666666666669,35.59572454891398,129.11319177874023,35.59514440950628,129.11300062868955,495.34883720930236,345.34883720930236,1,495.34883720930236,345.34883720930236,200.0,350.0,73,91,INSIDE,CLEAR,False,,,True,100.0,100.0,100.0,False,395.34883720930236,245.34883720930236,395.34883720930236,245.34883720930236,2,300.0,450.0,1,200.0,350.0,ALL_CLEAR,,100.0,,21,ALL_CLEAR,,100.0,,,ALL_CLEAR/PASS
landing,landing_stage1,landing_stage1,landing_stage1,TF,9,9,2,10475.293653649265,995.7917148416691,99.57795883522523,100.0,35.59572454891398,129.11319177874023,35.59485433980243,129.11290505366418,495.34883720930236,345.34883720930236,1,495.34883720930236,345.34883720930236,200.0,350.0,73,91,INSIDE,CLEAR,False,,,True,100.0,100.0,100.0,False,395.34883720930236,245.34883720930236,395.34883720930236,245.34883720930236,2,300.0,450.0,1,200.0,350.0,ALL_CLEAR,,100.0,,21,ALL_CLEAR,,100.0,,,ALL_CLEAR/PASS
landing,landing_stage1,landing_stage1,landing_stage1,TF,9,10,0,10475.293653649265,995.7917148416691,0.0,-100.0,35.59572454891398,129.11319177874023,35.59659475785647,129.1134785054239,495.34883720930236,345.34883720930236,1,495.34883720930236,345.34883720930236,200.0,350.0,75,91,INSIDE,CLEAR,False,,,True,100.0,100.0,100.0,False,395.34883720930236,245.34883720930236,395.34883720930236,245.34883720930236,2,300.0,450.0,1,200.0,350.0,ALL_CLEAR,,100.0,,21,ALL_CLEAR,,100.0,,,ALL_CLEAR/PASS
landing,landing_stage1,landing_stage1,landing_stage1,TF,9,10,0,10475.293653649265,995.7917148416691,0.0,-66.66666666666666,35.59572454891398,129.11319177874023,35.596304688208974,129.11338292986267,495.34883720930236,345.34883720930236,1,495.34883720930236,345.34883720930236,200.0,350.0,74,91,INSIDE,CLEAR,False,,,True,100.0,100.0,100.0,False,395.34883720930236,245.34883720930236,395.34883720930236,245.34883720930236,2,300.0,450.0,1,200.0,350.0,ALL_CLEAR,,100.0,,21,ALL_CLEAR,,100.0,,,ALL_CLEAR/PASS
landing,landing_stage1,landing_stage1,landing_stage1,TF,9,10,0,10475.293653649265,995.7917148416691,0.0,-33.33333333333333,35.59572454891398,129.11319177874023,35.596014618561476,129.11328735430146,495.34883720930236,345.34883720930236,1,495.34883720930236,345.34883720930236,200.0,350.0,74,91,INSIDE,CLEAR,False,,,True,100.0,100.0,100.0,False,395.34883720930236,245.34883720930236,395.34883720930236,245.34883720930236,2,300.0,450.0,1,200.0,350.0,ALL_CLEAR,,100.0,,21,ALL_CLEAR,,100.0,,,ALL_CLEAR/PASS
landing,landing_stage1,landing_stage1,landing_stage1,TF,9,10,0,10475.293653649265,995.7917148416691,0.0,33.33333333333334,35.59572454891398,129.11319177874023,35.59543447926648,129.113096203179,495.34883720930236,345.34883720930236,1,495.34883720930236,345.34883720930236,200.0,350.0,73,91,INSIDE,CLEAR,False,,,True,100.0,100.0,100.0,False,395.34883720930236,245.34883720930236,395.34883720930236,245.34883720930236,2,300.0,450.0,1,200.0,350.0,ALL_CLEAR,,100.0,,21,ALL_CLEAR,,100.0,,,ALL_CLEAR/PASS
landing,landing_stage1,landing_stage1,landing_stage1,TF,9,10,0,10475.293653649265,995.7917148416691,0.0,66.66666666666669,35.59572454891398,129.11319177874023,35.59514440961898,129.1130006276178,495.34883720930236,345.34883720930236,1,495.34883720930236,345.34883720930236,200.0,350.0,73,91,INSIDE,CLEAR,False,,,True,100.0,100.0,100.0,False,395.34883720930236,245.34883720930236,395.34883720930236,245.34883720930236,2,300.0,450.0,1,200.0,350.0,ALL_CLEAR,,100.0,,21,ALL_CLEAR,,100.0,,,ALL_CLEAR/PASS
landing,landing_stage1,landing_stage1,landing_stage1,TF,9,10,0,10475.293653649265,995.7917148416691,0.0,100.0,35.59572454891398,129.11319177874023,35.594854339971484,129.11290505205656,495.34883720930236,345.34883720930236,1,495.34883720930236,345.34883720930236,200.0,350.0,73,91,INSIDE,CLEAR,False,,,True,100.0,100.0,100.0,False,395.34883720930236,245.34883720930236,395.34883720930236,245.34883720930236,2,300.0,450.0,1,200.0,350.0,ALL_CLEAR,,100.0,,21,ALL_CLEAR,,100.0,,,ALL_CLEAR/PASS
landing,landing_stage1,landing_stage1,landing_stage1,TF,9,10,1,10525.082498323907,1045.580559516311,49.788844674642476,-100.0,35.59584063150619,129.1126589487593,35.59671084044869,129.11294567544297,490.1162790697675,340.1162790697675,1,490.1162790697675,340.1162790697675,200.0,350.0,75,91,INSIDE,CLEAR,False,,,True,100.0,100.0,100.0,False,390.1162790697675,240.11627906976747,390.1162790697675,240.11627906976747,2,300.0,450.0,1,200.0,350.0,ALL_CLEAR,,100.0,,22,ALL_CLEAR,,100.0,,,ALL_CLEAR/PASS
landing,landing_stage1,landing_stage1,landing_stage1,TF,9,10,1,10525.082498323907,1045.580559516311,49.788844674642476,-66.66666666666666,35.59584063150619,129.1126589487593,35.59642077080119,129.11285009988177,490.1162790697675,340.1162790697675,1,490.1162790697675,340.1162790697675,200.0,350.0,75,91,INSIDE,CLEAR,False,,,True,100.0,100.0,100.0,False,390.1162790697675,240.11627906976747,390.1162790697675,240.11627906976747,2,300.0,450.0,1,200.0,350.0,ALL_CLEAR,,100.0,,22,ALL_CLEAR,,100.0,,,ALL_CLEAR/PASS
landing,landing_stage1,landing_stage1,landing_stage1,TF,9,10,1,10525.082498323907,1045.580559516311,49.788844674642476,-33.33333333333333,35.59584063150619,129.1126589487593,35.59613070115369,129.11275452432054,490.1162790697675,340.1162790697675,1,490.1162790697675,340.1162790697675,200.0,350.0,74,91,INSIDE,CLEAR,False,,,True,100.0,100.0,100.0,False,390.1162790697675,240.11627906976747,390.1162790697675,240.11627906976747,2,300.0,450.0,1,200.0,350.0,ALL_CLEAR,,100.0,,22,ALL_CLEAR,,100.0,,,ALL_CLEAR/PASS
landing,landing_stage1,landing_stage1,landing_stage1,TF,9,10,1,10525.082498323907,1045.580559516311,49.788844674642476,0.0,35.59584063150619,129.1126589487593,35.59584063150619,129.1126589487593,490.1162790697675,340.1162790697675,1,490.1162790697675,340.1162790697675,200.0,350.0,74,91,INSIDE,CLEAR,False,,,True,100.0,100.0,100.0,False,390.1162790697675,240.11627906976747,390.1162790697675,240.11627906976747,2,300.0,450.0,1,200.0,350.0,ALL_CLEAR,,100.0,,22,ALL_CLEAR,,100.0,,,ALL_CLEAR/PASS
landing,landing_stage1,landing_stage1,landing_stage1,TF,9,10,1,10525.082498323907,1045.580559516311,49.788844674642476,33.33333333333334,35.59584063150619,129.1126589487593,35.595550561858694,129.1125633731981,490.1162790697675,340.1162790697675,1,490.1162790697675,340.1162790697675,200.0,350.0,73,90,INSIDE,CLEAR,False,,,True,100.0,100.0,100.0,False,390.1162790697675,240.11627906976747,390.1162790697675,240.11627906976747,2,300.0,450.0,1,200.0,350.0,ALL_CLEAR,,100.0,,22,ALL_CLEAR,,100.0,,,ALL_CLEAR/PASS
landing,landing_stage1,landing_stage1,landing_stage1,TF,9,10,1,10525.082498323907,1045.580559516311,49.788844674642476,66.66666666666669,35.59584063150619,129.1126589487593,35.595260492211196,129.11246779763687,490.1162790697675,340.1162790697675,1,490.1162790697675,340.1162790697675,200.0,350.0,73,90,INSIDE,CLEAR,False,,,True,100.0,100.0,100.0,False,390.1162790697675,240.11627906976747,390.1162790697675,240.11627906976747,2,300.0,450.0,1,200.0,350.0,ALL_CLEAR,,100.0,,22,ALL_CLEAR,,100.0,,,ALL_CLEAR/PASS
landing,landing_stage1,landing_stage1,landing_stage1,TF,9,10,1,10525.082498323907,1045.580559516311,49.788844674642476,100.0,35.59584063150619,129.1126589487593,35.5949704225637,129.11237222207566,490.1162790697675,340.1162790697675,1,490.1162790697675,340.1162790697675,200.0,350.0,73,90,INSIDE,CLEAR,False,,,True,100.0,100.0,100.0,False,390.1162790697675,240.11627906976747,390.1162790697675,240.11627906976747,2,300.0,450.0,1,200.0,350.0,ALL_CLEAR,,100.0,,22,ALL_CLEAR,,100.0,,,ALL_CLEAR/PASS
landing,landing_stage1,landing_stage1,landing_stage1,TF,9,10,2,10574.871342998551,1095.3694041909548,99.57768934928495,-100.0,35.595956714098406,129.1121261187784,35.5968269230409,129.11241284546207,484.8837209302326,334.8837209302326,1,484.8837209302326,334.8837209302326,200.0,350.0,75,90,INSIDE,CLEAR,False,,,True,100.0,100.0,100.0,False,384.8837209302326,234.88372093023258,384.8837209302326,234.88372093023258,2,300.0,450.0,1,200.0,350.0,ALL_CLEAR,,100.0,,23,ALL_CLEAR,,100.0,,,ALL_CLEAR/PASS
landing,landing_stage1,landing_stage1,landing_stage1,TF,9,10,2,10574.871342998551,1095.3694041909548,99.57768934928495,-66.66666666666666,35.595956714098406,129.1121261187784,35.5965368533934,129.11231726990084,484.8837209302326,334.8837209302326,1,484.8837209302326,334.8837209302326,200.0,350.0,75,90,INSIDE,CLEAR,False,,,True,100.0,100.0,100.0,False,384.8837209302326,234.88372093023258,384.8837209302326,234.88372093023258,2,300.0,450.0,1,200.0,350.0,ALL_CLEAR,,100.0,,23,ALL_CLEAR,,100.0,,,ALL_CLEAR/PASS
landing,landing_stage1,landing_stage1,landing_stage1,TF,9,10,2,10574.871342998551,1095.3694041909548,99.57768934928495,-33.33333333333333,35.595956714098406,129.1121261187784,35.596246783745904,129.11222169433964,484.8837209302326,334.8837209302326,1,484.8837209302326,334.8837209302326,200.0,350.0,74,90,INSIDE,CLEAR,False,,,True,100.0,100.0,100.0,False,384.8837209302326,234.88372093023258,384.8837209302326,234.88372093023258,2,300.0,450.0,1,200.0,350.0,ALL_CLEAR,,100.0,,23,ALL_CLEAR,,100.0,,,ALL_CLEAR/PASS
landing,landing_stage1,landing_stage1,landing_stage1,TF,9,10,2,10574.871342998551,1095.3694041909548,99.57768934928495,0.0,35.595956714098406,129.1121261187784,35.595956714098406,129.1121261187784,484.8837209302326,334.8837209302326,1,484.8837209302326,334.8837209302326,200.0,350.0,74,90,INSIDE,CLEAR,False,,,True,100.0,100.0,100.0,False,384.8837209302326,234.88372093023258,384.8837209302326,234.88372093023258,2,300.0,450.0,1,200.0,350.0,ALL_CLEAR,,100.0,,23,ALL_CLEAR,,100.0,,,ALL_CLEAR/PASS
landing,landing_stage1,landing_stage1,landing_stage1,TF,9,10,2,10574.871342998551,1095.3694041909548,99.57768934928495,33.33333333333334,35.595956714098406,129.1121261187784,35.59566664445091,129.11203054321717,484.8837209302326,334.8837209302326,1,484.8837209302326,334.8837209302326,200.0,350.0,74,90,INSIDE,CLEAR,False,,,True,100.0,100.0,100.0,False,384.8837209302326,234.88372093023258,384.8837209302326,234.88372093023258,2,300.0,450.0,1,200.0,350.0,ALL_CLEAR,,100.0,,23,ALL_CLEAR,,100.0,,,ALL_CLEAR/PASS
landing,landing_stage1,landing_stage1,landing_stage1,TF,9,10,2,10574.871342998551,1095.3694041909548,99.57768934928495,66.66666666666669,35.595956714098406,129.1121261187784,35.59537657480341,129.11193496765597,484.8837209302326,334.8837209302326,1,484.8837209302326,334.8837209302326,200.0,350.0,73,90,INSIDE,CLEAR,False,,,True,100.0,100.0,100.0,False,384.8837209302326,234.88372093023258,384.8837209302326,234.88372093023258,2,300.0,450.0,1,200.0,350.0,ALL_CLEAR,,100.0,,23,ALL_CLEAR,,100.0,,,ALL_CLEAR/PASS
landing,landing_stage1,landing_stage1,landing_stage1,TF,9,10,2,10574.871342998551,1095.3694041909548,99.57768934928495,100.0,35.595956714098406,129.1121261187784,35.59508650515591,129.11183939209474,484.8837209302326,334.8837209302326,1,484.8837209302326,334.8837209302326,200.0,350.0,73,90,INSIDE,CLEAR,False,,,True,100.0,100.0,100.0,False,384.8837209302326,234.88372093023258,384.8837209302326,234.88372093023258,2,300.0,450.0,1,200.0,350.0,ALL_CLEAR,,100.0,,23,ALL_CLEAR,,100.0,,,ALL_CLEAR/PASS
landing,landing_stage1,landing_stage1,landing_stage1,TF,9,11,0,10574.871342998551,1095.3694041909548,0.0,-100.0,35.595956714098406,129.1121261187784,35.59682692287185,129.1124128470697,484.8837209302326,334.8837209302326,1,484.8837209302326,334.8837209302326,200.0,350.0,75,90,INSIDE,CLEAR,False,,,True,100.0,100.0,100.0,False,384.8837209302326,234.88372093023258,384.8837209302326,234.88372093023258,2,300.0,450.0,1,200.0,350.0,ALL_CLEAR,,100.0,,23,ALL_CLEAR,,100.0,,,ALL_CLEAR/PASS
landing,landing_stage1,landing_stage1,landing_stage1,TF,9,11,0,10574.871342998551,1095.3694041909548,0.0,-66.66666666666666,35.595956714098406,129.1121261187784,35.5965368532807,129.1123172709726,484.8837209302326,334.8837209302326,1,484.8837209302326,334.8837209302326,200.0,350.0,75,90,INSIDE,CLEAR,False,,,True,100.0,100.0,100.0,False,384.8837209302326,234.88372093023258,384.8837209302326,234.88372093023258,2,300.0,450.0,1,200.0,350.0,ALL_CLEAR,,100.0,,23,ALL_CLEAR,,100.0,,,ALL_CLEAR/PASS
landing,landing_stage1,landing_stage1,landing_stage1,TF,9,11,0,10574.871342998551,1095.3694041909548,0.0,-33.33333333333333,35.595956714098406,129.1121261187784,35.59624678368955,129.1122216948755,484.8837209302326,334.8837209302326,1,484.8837209302326,334.8837209302326,200.0,350.0,74,90,INSIDE,CLEAR,False,,,True,100.0,100.0,100.0,False,384.8837209302326,234.88372093023258,384.8837209302326,234.88372093023258,2,300.0,450.0,1,200.0,350.0,ALL_CLEAR,,100.0,,23,ALL_CLEAR,,100.0,,,ALL_CLEAR/PASS
landing,landing_stage1,landing_stage1,landing_stage1,TF,9,11,0,10574.871342998551,1095.3694041909548,0.0,33.33333333333334,35.595956714098406,129.1121261187784,35.59566664450726,129.1120305426813,484.8837209302326,334.8837209302326,1,484.8837209302326,334.8837209302326,200.0,350.0,74,90,INSIDE,CLEAR,False,,,True,100.0,100.0,100.0,False,384.8837209302326,234.88372093023258,384.8837209302326,234.88372093023258,2,300.0,450.0,1,200.0,350.0,ALL_CLEAR,,100.0,,23,ALL_CLEAR,,100.0,,,ALL_CLEAR/PASS
landing,landing_stage1,landing_stage1,landing_stage1,TF,9,11,0,10574.871342998551,1095.3694041909548,0.0,66.66666666666669,35.595956714098406,129.1121261187784,35.59537657491611,129.11193496658422,484.8837209302326,334.8837209302326,1,484.8837209302326,334.8837209302326,200.0,350.0,73,90,INSIDE,CLEAR,False,,,True,100.0,100.0,100.0,False,384.8837209302326,234.88372093023258,384.8837209302326,234.88372093023258,2,300.0,450.0,1,200.0,350.0,ALL_CLEAR,,100.0,,23,ALL_CLEAR,,100.0,,,ALL_CLEAR/PASS
landing,landing_stage1,landing_stage1,landing_stage1,TF,9,11,0,10574.871342998551,1095.3694041909548,0.0,100.0,35.595956714098406,129.1121261187784,35.595086505324964,129.11183939048712,484.8837209302326,334.8837209302326,1,484.8837209302326,334.8837209302326,200.0,350.0,73,90,INSIDE,CLEAR,False,,,True,100.0,100.0,100.0,False,384.8837209302326,234.88372093023258,384.8837209302326,234.88372093023258,2,300.0,450.0,1,200.0,350.0,ALL_CLEAR,,100.0,,23,ALL_CLEAR,,100.0,,,ALL_CLEAR/PASS
landing,landing_stage1,landing_stage1,landing_stage1,TF,9,11,1,10624.660052930623,1145.1581141230272,49.78870993207268,-100.0,35.59607279669062,129.1115932887975,35.59694300546406,129.11188001708877,479.6511627906977,329.6511627906977,1,479.6511627906977,329.6511627906977,200.0,350.0,75,90,INSIDE,CLEAR,False,,,True,100.0,100.0,100.0,False,379.6511627906977,229.6511627906977,379.6511627906977,229.6511627906977,2,300.0,450.0,1,200.0,350.0,ALL_CLEAR,,100.0,,24,ALL_CLEAR,,100.0,,,ALL_CLEAR/PASS
landing,landing_stage1,landing_stage1,landing_stage1,TF,9,11,1,10624.660052930623,1145.1581141230272,49.78870993207268,-66.66666666666666,35.59607279669062,129.1115932887975,35.59665293587291,129.11178444099167,479.6511627906977,329.6511627906977,1,479.6511627906977,329.6511627906977,200.0,350.0,75,90,INSIDE,CLEAR,False,,,True,100.0,100.0,100.0,False,379.6511627906977,229.6511627906977,379.6511627906977,229.6511627906977,2,300.0,450.0,1,200.0,350.0,ALL_CLEAR,,100.0,,24,ALL_CLEAR,,100.0,,,ALL_CLEAR/PASS
landing,landing_stage1,landing_stage1,landing_stage1,TF,9,11,1,10624.660052930623,1145.1581141230272,49.78870993207268,-33.33333333333333,35.59607279669062,129.1115932887975,35.596362866281765,129.11168886489457,479.6511627906977,329.6511627906977,1,479.6511627906977,329.6511627906977,200.0,350.0,74,90,INSIDE,CLEAR,False,,,True,100.0,100.0,100.0,False,379.6511627906977,229.6511627906977,379.6511627906977,229.6511627906977,2,300.0,450.0,1,200.0,350.0,ALL_CLEAR,,100.0,,24,ALL_CLEAR,,100.0,,,ALL_CLEAR/PASS
landing,landing_stage1,landing_stage1,landing_stage1,TF,9,11,1,10624.660052930623,1145.1581141230272,49.78870993207268,0.0,35.59607279669062,129.1115932887975,35.59607279669062,129.1115932887975,479.6511627906977,329.6511627906977,1,479.6511627906977,329.6511627906977,200.0,350.0,74,89,INSIDE,CLEAR,False,,,True,100.0,100.0,100.0,False,379.6511627906977,229.6511627906977,379.6511627906977,229.6511627906977,2,300.0,450.0,1,200.0,350.0,ALL_CLEAR,,100.0,,24,ALL_CLEAR,,100.0,,,ALL_CLEAR/PASS
landing,landing_stage1,landing_stage1,landing_stage1,TF,9,11,1,10624.660052930623,1145.1581141230272,49.78870993207268,33.33333333333334,35.59607279669062,129.1115932887975,35.59578272709947,129.1114977127004,479.6511627906977,329.6511627906977,1,479.6511627906977,329.6511627906977,200.0,350.0,74,89,INSIDE,CLEAR,False,,,True,100.0,100.0,100.0,False,379.6511627906977,229.6511627906977,379.6511627906977,229.6511627906977,2,300.0,450.0,1,200.0,350.0,ALL_CLEAR,,100.0,,24,ALL_CLEAR,,100.0,,,ALL_CLEAR/PASS
landing,landing_stage1,landing_stage1,landing_stage1,TF,9,11,1,10624.660052930623,1145.1581141230272,49.78870993207268,66.66666666666669,35.59607279669062,129.1115932887975,35.59549265750832,129.11140213660332,479.6511627906977,329.6511627906977,1,479.6511627906977,329.6511627906977,200.0,350.0,73,89,INSIDE,CLEAR,False,,,True,100.0,100.0,100.0,False,379.6511627906977,229.6511627906977,379.6511627906977,229.6511627906977,2,300.0,450.0,1,200.0,350.0,ALL_CLEAR,,100.0,,24,ALL_CLEAR,,100.0,,,ALL_CLEAR/PASS
landing,landing_stage1,landing_stage1,landing_stage1,TF,9,11,1,10624.660052930623,1145.1581141230272,49.78870993207268,100.0,35.59607279669062,129.1115932887975,35.59520258791717,129.11130656050622,479.6511627906977,329.6511627906977,1,479.6511627906977,329.6511627906977,200.0,350.0,73,89,INSIDE,CLEAR,False,,,True,100.0,100.0,100.0,False,379.6511627906977,229.6511627906977,379.6511627906977,229.6511627906977,2,300.0,450.0,1,200.0,350.0,ALL_CLEAR,,100.0,,24,ALL_CLEAR,,100.0,,,ALL_CLEAR/PASS
landing,landing_stage1,landing_stage1,landing_stage1,TF,9,11,2,10674.448762862696,1194.9468240550996,99.57741986414536,-100.0,35.59618887928283,129.11106045881658,35.59705908805627,129.11134718710787,474.4186046511628,324.4186046511628,1,474.4186046511628,324.4186046511628,200.0,350.0,75,89,INSIDE,CLEAR,False,,,True,100.0,100.0,100.0,False,374.4186046511628,224.4186046511628,374.4186046511628,224.4186046511628,2,300.0,450.0,1,200.0,350.0,ALL_CLEAR,,100.0,,25,ALL_CLEAR,,100.0,,,ALL_CLEAR/PASS
landing,landing_stage1,landing_stage1,landing_stage1,TF,9,11,2,10674.448762862696,1194.9468240550996,99.57741986414536,-66.66666666666666,35.59618887928283,129.11106045881658,35.596769018465125,129.11125161101077,474.4186046511628,324.4186046511628,1,474.4186046511628,324.4186046511628,200.0,350.0,75,89,INSIDE,CLEAR,False,,,True,100.0,100.0,100.0,False,374.4186046511628,224.4186046511628,374.4186046511628,224.4186046511628,2,300.0,450.0,1,200.0,350.0,ALL_CLEAR,,100.0,,25,ALL_CLEAR,,100.0,,,ALL_CLEAR/PASS
landing,landing_stage1,landing_stage1,landing_stage1,TF,9,11,2,10674.448762862696,1194.9468240550996,99.57741986414536,-33.33333333333333,35.59618887928283,129.11106045881658,35.59647894887397,129.11115603491368,474.4186046511628,324.4186046511628,1,474.4186046511628,324.4186046511628,200.0,350.0,75,89,INSIDE,CLEAR,False,,,True,100.0,100.0,100.0,False,374.4186046511628,224.4186046511628,374.4186046511628,224.4186046511628,2,300.0,450.0,1,200.0,350.0,ALL_CLEAR,,100.0,,25,ALL_CLEAR,,100.0,,,ALL_CLEAR/PASS
landing,landing_stage1,landing_stage1,landing_stage1,TF,9,11,2,10674.448762862696,1194.9468240550996,99.57741986414536,0.0,35.59618887928283,129.11106045881658,35.59618887928283,129.11106045881658,474.4186046511628,324.4186046511628,1,474.4186046511628,324.4186046511628,200.0,350.0,74,89,INSIDE,CLEAR,False,,,True,100.0,100.0,100.0,False,374.4186046511628,224.4186046511628,374.4186046511628,224.4186046511628,2,300.0,450.0,1,200.0,350.0,ALL_CLEAR,,100.0,,25,ALL_CLEAR,,100.0,,,ALL_CLEAR/PASS
landing,landing_stage1,landing_stage1,landing_stage1,TF,9,11,2,10674.448762862696,1194.9468240550996,99.57741986414536,33.33333333333334,35.59618887928283,129.11106045881658,35.59589880969168,129.1109648827195,474.4186046511628,324.4186046511628,1,474.4186046511628,324.4186046511628,200.0,350.0,74,89,INSIDE,CLEAR,False,,,True,100.0,100.0,100.0,False,374.4186046511628,224.4186046511628,374.4186046511628,224.4186046511628,2,300.0,450.0,1,200.0,350.0,ALL_CLEAR,,100.0,,25,ALL_CLEAR,,100.0,,,ALL_CLEAR/PASS
landing,landing_stage1,landing_stage1,landing_stage1,TF,9,11,2,10674.448762862696,1194.9468240550996,99.57741986414536,66.66666666666669,35.59618887928283,129.11106045881658,35.59560874010053,129.1108693066224,474.4186046511628,324.4186046511628,1,474.4186046511628,324.4186046511628,200.0,350.0,74,89,INSIDE,CLEAR,False,,,True,100.0,100.0,100.0,False,374.4186046511628,224.4186046511628,374.4186046511628,224.4186046511628,2,300.0,450.0,1,200.0,350.0,ALL_CLEAR,,100.0,,25,ALL_CLEAR,,100.0,,,ALL_CLEAR/PASS
landing,landing_stage1,landing_stage1,landing_stage1,TF,9,11,2,10674.448762862696,1194.9468240550996,99.57741986414536,100.0,35.59618887928283,129.11106045881658,35.595318670509386,129.1107737305253,474.4186046511628,324.4186046511628,1,474.4186046511628,324.4186046511628,200.0,350.0,73,89,INSIDE,CLEAR,False,,,True,100.0,100.0,100.0,False,374.4186046511628,224.4186046511628,374.4186046511628,224.4186046511628,2,300.0,450.0,1,200.0,350.0,ALL_CLEAR,,100.0,,25,ALL_CLEAR,,100.0,,,ALL_CLEAR/PASS
landing,landing_stage1,landing_stage1,landing_stage1,TF,9,12,0,10674.448762862696,1194.9468240550996,0.0,-100.0,35.59618887928283,129.11106045881658,35.59705908788722,129.1113471887155,474.4186046511628,324.4186046511628,1,474.4186046511628,324.4186046511628,200.0,350.0,75,89,INSIDE,CLEAR,False,,,True,100.0,100.0,100.0,False,374.4186046511628,224.4186046511628,374.4186046511628,224.4186046511628,2,300.0,450.0,1,200.0,350.0,ALL_CLEAR,,100.0,,25,ALL_CLEAR,,100.0,,,ALL_CLEAR/PASS
landing,landing_stage1,landing_stage1,landing_stage1,TF,9,12,0,10674.448762862696,1194.9468240550996,0.0,-66.66666666666666,35.59618887928283,129.11106045881658,35.59676901835242,129.11125161208253,474.4186046511628,324.4186046511628,1,474.4186046511628,324.4186046511628,200.0,350.0,75,89,INSIDE,CLEAR,False,,,True,100.0,100.0,100.0,False,374.4186046511628,224.4186046511628,374.4186046511628,224.4186046511628,2,300.0,450.0,1,200.0,350.0,ALL_CLEAR,,100.0,,25,ALL_CLEAR,,100.0,,,ALL_CLEAR/PASS
landing,landing_stage1,landing_stage1,landing_stage1,TF,9,12,0,10674.448762862696,1194.9468240550996,0.0,-33.33333333333333,35.59618887928283,129.11106045881658,35.59647894881763,129.11115603544957,474.4186046511628,324.4186046511628,1,474.4186046511628,324.4186046511628,200.0,350.0,75,89,INSIDE,CLEAR,False,,,True,100.0,100.0,100.0,False,374.4186046511628,224.4186046511628,374.4186046511628,224.4186046511628,2,300.0,450.0,1,200.0,350.0,ALL_CLEAR,,100.0,,25,ALL_CLEAR,,100.0,,,ALL_CLEAR/PASS
landing,landing_stage1,landing_stage1,landing_stage1,TF,9,12,0,10674.448762862696,1194.9468240550996,0.0,33.33333333333334,35.59618887928283,129.11106045881658,35.59589880974803,129.1109648821836,474.4186046511628,324.4186046511628,1,474.4186046511628,324.4186046511628,200.0,350.0,74,89,INSIDE,CLEAR,False,,,True,100.0,100.0,100.0,False,374.4186046511628,224.4186046511628,374.4186046511628,224.4186046511628,2,300.0,450.0,1,200.0,350.0,ALL_CLEAR,,100.0,,25,ALL_CLEAR,,100.0,,,ALL_CLEAR/PASS
landing,landing_stage1,landing_stage1,landing_stage1,TF,9,12,0,10674.448762862696,1194.9468240550996,0.0,66.66666666666669,35.59618887928283,129.11106045881658,35.59560874021324,129.11086930555064,474.4186046511628,324.4186046511628,1,474.4186046511628,324.4186046511628,200.0,350.0,74,89,INSIDE,CLEAR,False,,,True,100.0,100.0,100.0,False,374.4186046511628,224.4186046511628,374.4186046511628,224.4186046511628,2,300.0,450.0,1,200.0,350.0,ALL_CLEAR,,100.0,,25,ALL_CLEAR,,100.0,,,ALL_CLEAR/PASS
landing,landing_stage1,landing_stage1,landing_stage1,TF,9,12,0,10674.448762862696,1194.9468240550996,0.0,100.0,35.59618887928283,129.11106045881658,35.59531867067844,129.11077372891765,474.4186046511628,324.4186046511628,1,474.4186046511628,324.4186046511628,200.0,350.0,73,89,INSIDE,CLEAR,False,,,True,100.0,100.0,100.0,False,374.4186046511628,224.4186046511628,374.4186046511628,224.4186046511628,2,300.0,450.0,1,200.0,350.0,ALL_CLEAR,,100.0,,25,ALL_CLEAR,,100.0,,,ALL_CLEAR/PASS
landing,landing_stage1,landing_stage1,landing_stage1,TF,9,12,1,10724.237338051564,1244.7353992439675,49.78857518886839,-100.0,35.596304961875035,129.11052762883565,35.59717517047943,129.11081435873461,469.1860465116279,319.1860465116279,1,469.1860465116279,319.1860465116279,200.0,350.0,75,89,INSIDE,CLEAR,False,,,True,100.0,100.0,100.0,False,369.1860465116279,219.18604651162792,369.1860465116279,219.18604651162792,2,300.0,450.0,1,200.0,350.0,ALL_CLEAR,,100.0,,26,ALL_CLEAR,,100.0,,,ALL_CLEAR/PASS
landing,landing_stage1,landing_stage1,landing_stage1,TF,9,12,1,10724.237338051564,1244.7353992439675,49.78857518886839,-66.66666666666666,35.596304961875035,129.11052762883565,35.59688510094463,129.11071878210163,469.1860465116279,319.1860465116279,1,469.1860465116279,319.1860465116279,200.0,350.0,75,89,INSIDE,CLEAR,False,,,True,100.0,100.0,100.0,False,369.1860465116279,219.18604651162792,369.1860465116279,219.18604651162792,2,300.0,450.0,1,200.0,350.0,ALL_CLEAR,,100.0,,26,ALL_CLEAR,,100.0,,,ALL_CLEAR/PASS
landing,landing_stage1,landing_stage1,landing_stage1,TF,9,12,1,10724.237338051564,1244.7353992439675,49.78857518886839,-33.33333333333333,35.596304961875035,129.11052762883565,35.596595031409834,129.11062320546864,469.1860465116279,319.1860465116279,1,469.1860465116279,319.1860465116279,200.0,350.0,75,89,INSIDE,CLEAR,False,,,True,100.0,100.0,100.0,False,369.1860465116279,219.18604651162792,369.1860465116279,219.18604651162792,2,300.0,450.0,1,200.0,350.0,ALL_CLEAR,,100.0,,26,ALL_CLEAR,,100.0,,,ALL_CLEAR/PASS
landing,landing_stage1,landing_stage1,landing_stage1,TF,9,12,1,10724.237338051564,1244.7353992439675,49.78857518886839,0.0,35.596304961875035,129.11052762883565,35.596304961875035,129.11052762883565,469.1860465116279,319.1860465116279,1,469.1860465116279,319.1860465116279,200.0,350.0,74,88,INSIDE,CLEAR,False,,,True,100.0,100.0,100.0,False,369.1860465116279,219.18604651162792,369.1860465116279,219.18604651162792,2,300.0,450.0,1,200.0,350.0,ALL_CLEAR,,100.0,,26,ALL_CLEAR,,100.0,,,ALL_CLEAR/PASS
landing,landing_stage1,landing_stage1,landing_stage1,TF,9,12,1,10724.237338051564,1244.7353992439675,49.78857518886839,33.33333333333334,35.596304961875035,129.11052762883565,35.59601489234024,129.1104320522027,469.1860465116279,319.1860465116279,1,469.1860465116279,319.1860465116279,200.0,350.0,74,88,INSIDE,CLEAR,False,,,True,100.0,100.0,100.0,False,369.1860465116279,219.18604651162792,369.1860465116279,219.18604651162792,2,300.0,450.0,1,200.0,350.0,ALL_CLEAR,,100.0,,26,ALL_CLEAR,,100.0,,,ALL_CLEAR/PASS
landing,landing_stage1,landing_stage1,landing_stage1,TF,9,12,1,10724.237338051564,1244.7353992439675,49.78857518886839,66.66666666666669,35.596304961875035,129.11052762883565,35.595724822805444,129.1103364755697,469.1860465116279,319.1860465116279,1,469.1860465116279,319.1860465116279,200.0,350.0,74,88,INSIDE,CLEAR,False,,,True,100.0,100.0,100.0,False,369.1860465116279,219.18604651162792,369.1860465116279,219.18604651162792,2,300.0,450.0,1,200.0,350.0,ALL_CLEAR,,100.0,,26,ALL_CLEAR,,100.0,,,ALL_CLEAR/PASS
landing,landing_stage1,landing_stage1,landing_stage1,TF,9,12,1,10724.237338051564,1244.7353992439675,49.78857518886839,100.0,35.596304961875035,129.11052762883565,35.595434753270645,129.11024089893672,469.1860465116279,319.1860465116279,1,469.1860465116279,319.1860465116279,200.0,350.0,73,88,INSIDE,CLEAR,False,,,True,100.0,100.0,100.0,False,369.1860465116279,219.18604651162792,369.1860465116279,219.18604651162792,2,300.0,450.0,1,200.0,350.0,ALL_CLEAR,,100.0,,26,ALL_CLEAR,,100.0,,,ALL_CLEAR/PASS
landing,landing_stage1,landing_stage1,landing_stage1,TF,9,12,2,10774.025913240432,1294.5239744328355,99.57715037773679,-100.0,35.59642104446725,129.10999479885476,35.59729125307164,129.1102815287537,463.95348837209303,313.95348837209303,1,463.95348837209303,313.95348837209303,200.0,350.0,76,88,INSIDE,CLEAR,False,,,True,100.0,100.0,100.0,False,363.95348837209303,213.95348837209303,363.95348837209303,213.95348837209303,2,300.0,450.0,1,200.0,350.0,ALL_CLEAR,,100.0,,27,ALL_CLEAR,,100.0,,,ALL_CLEAR/PASS
landing,landing_stage1,landing_stage1,landing_stage1,TF,9,12,2,10774.025913240432,1294.5239744328355,99.57715037773679,-66.66666666666666,35.59642104446725,129.10999479885476,35.59700118353684,129.1101859521207,463.95348837209303,313.95348837209303,1,463.95348837209303,313.95348837209303,200.0,350.0,75,88,INSIDE,CLEAR,False,,,True,100.0,100.0,100.0,False,363.95348837209303,213.95348837209303,363.95348837209303,213.95348837209303,2,300.0,450.0,1,200.0,350.0,ALL_CLEAR,,100.0,,27,ALL_CLEAR,,100.0,,,ALL_CLEAR/PASS
landing,landing_stage1,landing_stage1,landing_stage1,TF,9,12,2,10774.025913240432,1294.5239744328355,99.57715037773679,-33.33333333333333,35.59642104446725,129.10999479885476,35.59671111400205,129.11009037548774,463.95348837209303,313.95348837209303,1,463.95348837209303,313.95348837209303,200.0,350.0,75,88,INSIDE,CLEAR,False,,,True,100.0,100.0,100.0,False,363.95348837209303,213.95348837209303,363.95348837209303,213.95348837209303,2,300.0,450.0,1,200.0,350.0,ALL_CLEAR,,100.0,,27,ALL_CLEAR,,100.0,,,ALL_CLEAR/PASS
landing,landing_stage1,landing_stage1,landing_stage1,TF,9,12,2,10774.025913240432,1294.5239744328355,99.57715037773679,0.0,35.59642104446725,129.10999479885476,35.59642104446725,129.10999479885476,463.95348837209303,313.95348837209303,1,463.95348837209303,313.95348837209303,200.0,350.0,75,88,INSIDE,CLEAR,False,,,True,100.0,100.0,100.0,False,363.95348837209303,213.95348837209303,363.95348837209303,213.95348837209303,2,300.0,450.0,1,200.0,350.0,ALL_CLEAR,,100.0,,27,ALL_CLEAR,,100.0,,,ALL_CLEAR/PASS
landing,landing_stage1,landing_stage1,landing_stage1,TF,9,12,2,10774.025913240432,1294.5239744328355,99.57715037773679,33.33333333333334,35.59642104446725,129.10999479885476,35.59613097493245,129.10989922222177,463.95348837209303,313.95348837209303,1,463.95348837209303,313.95348837209303,200.0,350.0,74,88,INSIDE,CLEAR,False,,,True,100.0,100.0,100.0,False,363.95348837209303,213.95348837209303,363.95348837209303,213.95348837209303,2,300.0,450.0,1,200.0,350.0,ALL_CLEAR,,100.0,,27,ALL_CLEAR,,100.0,,,ALL_CLEAR/PASS
landing,landing_stage1,landing_stage1,landing_stage1,TF,9,12,2,10774.025913240432,1294.5239744328355,99.57715037773679,66.66666666666669,35.59642104446725,129.10999479885476,35.59584090539766,129.1098036455888,463.95348837209303,313.95348837209303,1,463.95348837209303,313.95348837209303,200.0,350.0,74,88,INSIDE,CLEAR,False,,,True,100.0,100.0,100.0,False,363.95348837209303,213.95348837209303,363.95348837209303,213.95348837209303,2,300.0,450.0,1,200.0,350.0,ALL_CLEAR,,100.0,,27,ALL_CLEAR,,100.0,,,ALL_CLEAR/PASS
landing,landing_stage1,landing_stage1,landing_stage1,TF,9,12,2,10774.025913240432,1294.5239744328355,99.57715037773679,100.0,35.59642104446725,129.10999479885476,35.59555083586286,129.10970806895583,463.95348837209303,313.95348837209303,1,463.95348837209303,313.95348837209303,200.0,350.0,73,88,INSIDE,CLEAR,False,,,True,100.0,100.0,100.0,False,363.95348837209303,213.95348837209303,363.95348837209303,213.95348837209303,2,300.0,450.0,1,200.0,350.0,ALL_CLEAR,,100.0,,27,ALL_CLEAR,,100.0,,,ALL_CLEAR/PASS
landing,landing_stage1,landing_stage1,landing_stage1,TF,9,13,0,10774.025913240432,1294.5239744328355,0.0,-100.0,35.59642104446725,129.10999479885476,35.59729125290258,129.1102815303614,463.95348837209303,313.95348837209303,1,463.95348837209303,313.95348837209303,200.0,350.0,76,88,INSIDE,CLEAR,False,,,True,100.0,100.0,100.0,False,363.95348837209303,213.95348837209303,363.95348837209303,213.95348837209303,2,300.0,450.0,1,200.0,350.0,ALL_CLEAR,,100.0,,27,ALL_CLEAR,,100.0,,,ALL_CLEAR/PASS
landing,landing_stage1,landing_stage1,landing_stage1,TF,9,13,0,10774.025913240432,1294.5239744328355,0.0,-66.66666666666666,35.59642104446725,129.10999479885476,35.59700118342413,129.1101859531925,463.95348837209303,313.95348837209303,1,463.95348837209303,313.95348837209303,200.0,350.0,75,88,INSIDE,CLEAR,False,,,True,100.0,100.0,100.0,False,363.95348837209303,213.95348837209303,363.95348837209303,213.95348837209303,2,300.0,450.0,1,200.0,350.0,ALL_CLEAR,,100.0,,27,ALL_CLEAR,,100.0,,,ALL_CLEAR/PASS
landing,landing_stage1,landing_stage1,landing_stage1,TF,9,13,0,10774.025913240432,1294.5239744328355,0.0,-33.33333333333333,35.59642104446725,129.10999479885476,35.596711113945695,129.11009037602363,463.95348837209303,313.95348837209303,1,463.95348837209303,313.95348837209303,200.0,350.0,75,88,INSIDE,CLEAR,False,,,True,100.0,100.0,100.0,False,363.95348837209303,213.95348837209303,363.95348837209303,213.95348837209303,2,300.0,450.0,1,200.0,350.0,ALL_CLEAR,,100.0,,27,ALL_CLEAR,,100.0,,,ALL_CLEAR/PASS
landing,landing_stage1,landing_stage1,landing_stage1,TF,9,13,0,10774.025913240432,1294.5239744328355,0.0,33.33333333333334,35.59642104446725,129.10999479885476,35.5961309749888,129.10989922168588,463.95348837209303,313.95348837209303,1,463.95348837209303,313.95348837209303,200.0,350.0,74,88,INSIDE,CLEAR,False,,,True,100.0,100.0,100.0,False,363.95348837209303,213.95348837209303,363.95348837209303,213.95348837209303,2,300.0,450.0,1,200.0,350.0,ALL_CLEAR,,100.0,,27,ALL_CLEAR,,100.0,,,ALL_CLEAR/PASS
landing,landing_stage1,landing_stage1,landing_stage1,TF,9,13,0,10774.025913240432,1294.5239744328355,0.0,66.66666666666669,35.59642104446725,129.10999479885476,35.595840905510364,129.109803644517,463.95348837209303,313.95348837209303,1,463.95348837209303,313.95348837209303,200.0,350.0,74,88,INSIDE,CLEAR,False,,,True,100.0,100.0,100.0,False,363.95348837209303,213.95348837209303,363.95348837209303,213.95348837209303,2,300.0,450.0,1,200.0,350.0,ALL_CLEAR,,100.0,,27,ALL_CLEAR,,100.0,,,ALL_CLEAR/PASS
landing,landing_stage1,landing_stage1,landing_stage1,TF,9,13,0,10774.025913240432,1294.5239744328355,0.0,100.0,35.59642104446725,129.10999479885476,35.59555083603192,129.10970806734812,463.95348837209303,313.95348837209303,1,463.95348837209303,313.95348837209303,200.0,350.0,73,88,INSIDE,CLEAR,False,,,True,100.0,100.0,100.0,False,363.95348837209303,213.95348837209303,363.95348837209303,213.95348837209303,2,300.0,450.0,1,200.0,350.0,ALL_CLEAR,,100.0,,27,ALL_CLEAR,,100.0,,,ALL_CLEAR/PASS
landing,landing_stage1,landing_stage1,landing_stage1,TF,9,13,1,10823.81435368546,1344.3124148778643,49.7884404450296,-100.0,35.59653712705946,129.10946196887386,35.59740733549479,129.10974870038046,458.7209302325581,308.7209302325581,1,458.7209302325581,308.7209302325581,200.0,350.0,76,88,INSIDE,CLEAR,False,,,True,100.0,100.0,100.0,False,358.7209302325581,208.7209302325581,358.7209302325581,208.7209302325581,2,300.0,450.0,1,200.0,350.0,ALL_CLEAR,,100.0,,28,ALL_CLEAR,,100.0,,,ALL_CLEAR/PASS
landing,landing_stage1,landing_stage1,landing_stage1,TF,9,13,1,10823.81435368546,1344.3124148778643,49.7884404450296,-66.66666666666666,35.59653712705946,129.10946196887386,35.59711726601635,129.1096531232116,458.7209302325581,308.7209302325581,1,458.7209302325581,308.7209302325581,200.0,350.0,75,88,INSIDE,CLEAR,False,,,True,100.0,100.0,100.0,False,358.7209302325581,208.7209302325581,358.7209302325581,208.7209302325581,2,300.0,450.0,1,200.0,350.0,ALL_CLEAR,,100.0,,28,ALL_CLEAR,,100.0,,,ALL_CLEAR/PASS
landing,landing_stage1,landing_stage1,landing_stage1,TF,9,13,1,10823.81435368546,1344.3124148778643,49.7884404450296,-33.33333333333333,35.59653712705946,129.10946196887386,35.59682719653791,129.1095575460427,458.7209302325581,308.7209302325581,1,458.7209302325581,308.7209302325581,200.0,350.0,75,87,INSIDE,CLEAR,False,,,True,100.0,100.0,100.0,False,358.7209302325581,208.7209302325581,358.7209302325581,208.7209302325581,2,300.0,450.0,1,200.0,350.0,ALL_CLEAR,,100.0,,28,ALL_CLEAR,,100.0,,,ALL_CLEAR/PASS
landing,landing_stage1,landing_stage1,landing_stage1,TF,9,13,1,10823.81435368546,1344.3124148778643,49.7884404450296,0.0,35.59653712705946,129.10946196887386,35.59653712705946,129.10946196887386,458.7209302325581,308.7209302325581,1,458.7209302325581,308.7209302325581,200.0,350.0,75,87,INSIDE,CLEAR,False,,,True,100.0,100.0,100.0,False,358.7209302325581,208.7209302325581,358.7209302325581,208.7209302325581,2,300.0,450.0,1,200.0,350.0,ALL_CLEAR,,100.0,,28,ALL_CLEAR,,100.0,,,ALL_CLEAR/PASS
landing,landing_stage1,landing_stage1,landing_stage1,TF,9,13,1,10823.81435368546,1344.3124148778643,49.7884404450296,33.33333333333334,35.59653712705946,129.10946196887386,35.59624705758102,129.10936639170498,458.7209302325581,308.7209302325581,1,458.7209302325581,308.7209302325581,200.0,350.0,74,87,INSIDE,CLEAR,False,,,True,100.0,100.0,100.0,False,358.7209302325581,208.7209302325581,358.7209302325581,208.7209302325581,2,300.0,450.0,1,200.0,350.0,ALL_CLEAR,,100.0,,28,ALL_CLEAR,,100.0,,,ALL_CLEAR/PASS
landing,landing_stage1,landing_stage1,landing_stage1,TF,9,13,1,10823.81435368546,1344.3124148778643,49.7884404450296,66.66666666666669,35.59653712705946,129.10946196887386,35.59595698810258,129.1092708145361,458.7209302325581,308.7209302325581,1,458.7209302325581,308.7209302325581,200.0,350.0,74,87,INSIDE,CLEAR,False,,,True,100.0,100.0,100.0,False,358.7209302325581,208.7209302325581,358.7209302325581,208.7209302325581,2,300.0,450.0,1,200.0,350.0,ALL_CLEAR,,100.0,,28,ALL_CLEAR,,100.0,,,ALL_CLEAR/PASS
landing,landing_stage1,landing_stage1,landing_stage1,TF,9,13,1,10823.81435368546,1344.3124148778643,49.7884404450296,100.0,35.59653712705946,129.10946196887386,35.59566691862413,129.10917523736723,458.7209302325581,308.7209302325581,1,458.7209302325581,308.7209302325581,200.0,350.0,74,87,INSIDE,CLEAR,False,,,True,100.0,100.0,100.0,False,358.7209302325581,208.7209302325581,358.7209302325581,208.7209302325581,2,300.0,450.0,1,200.0,350.0,ALL_CLEAR,,100.0,,28,ALL_CLEAR,,100.0,,,ALL_CLEAR/PASS
landing,landing_stage1,landing_stage1,landing_stage1,TF,9,13,2,10873.602794130491,1394.1008553228949,99.5768808900592,-100.0,35.59665320965168,129.10892913889293,35.59752341808701,129.10921587039957,453.4883720930232,303.4883720930232,1,453.4883720930232,303.4883720930232,200.0,350.0,76,87,INSIDE,CLEAR,False,,,True,100.0,100.0,100.0,False,353.4883720930232,203.4883720930232,353.4883720930232,203.4883720930232,2,300.0,450.0,1,200.0,350.0,ALL_CLEAR,,100.0,,29,ALL_CLEAR,,100.0,,,ALL_CLEAR/PASS
landing,landing_stage1,landing_stage1,landing_stage1,TF,9,13,2,10873.602794130491,1394.1008553228949,99.5768808900592,-66.66666666666666,35.59665320965168,129.10892913889293,35.59723334860856,129.1091202932307,453.4883720930232,303.4883720930232,1,453.4883720930232,303.4883720930232,200.0,350.0,76,87,INSIDE,CLEAR,False,,,True,100.0,100.0,100.0,False,353.4883720930232,203.4883720930232,353.4883720930232,203.4883720930232,2,300.0,450.0,1,200.0,350.0,ALL_CLEAR,,100.0,,29,ALL_CLEAR,,100.0,,,ALL_CLEAR/PASS
landing,landing_stage1,landing_stage1,landing_stage1,TF,9,13,2,10873.602794130491,1394.1008553228949,99.5768808900592,-33.33333333333333,35.59665320965168,129.10892913889293,35.59694327913012,129.1090247160618,453.4883720930232,303.4883720930232,1,453.4883720930232,303.4883720930232,200.0,350.0,75,87,INSIDE,CLEAR,False,,,True,100.0,100.0,100.0,False,353.4883720930232,203.4883720930232,353.4883720930232,203.4883720930232,2,300.0,450.0,1,200.0,350.0,ALL_CLEAR,,100.0,,29,ALL_CLEAR,,100.0,,,ALL_CLEAR/PASS
landing,landing_stage1,landing_stage1,landing_stage1,TF,9,13,2,10873.602794130491,1394.1008553228949,99.5768808900592,0.0,35.59665320965168,129.10892913889293,35.59665320965168,129.10892913889293,453.4883720930232,303.4883720930232,1,453.4883720930232,303.4883720930232,200.0,350.0,75,87,INSIDE,CLEAR,False,,,True,100.0,100.0,100.0,False,353.4883720930232,203.4883720930232,353.4883720930232,203.4883720930232,2,300.0,450.0,1,200.0,350.0,ALL_CLEAR,,100.0,,29,ALL_CLEAR,,100.0,,,ALL_CLEAR/PASS
landing,landing_stage1,landing_stage1,landing_stage1,TF,9,13,2,10873.602794130491,1394.1008553228949,99.5768808900592,33.33333333333334,35.59665320965168,129.10892913889293,35.59636314017323,129.10883356172405,453.4883720930232,303.4883720930232,1,453.4883720930232,303.4883720930232,200.0,350.0,74,87,INSIDE,CLEAR,False,,,True,100.0,100.0,100.0,False,353.4883720930232,203.4883720930232,353.4883720930232,203.4883720930232,2,300.0,450.0,1,200.0,350.0,ALL_CLEAR,,100.0,,29,ALL_CLEAR,,100.0,,,ALL_CLEAR/PASS
landing,landing_stage1,landing_stage1,landing_stage1,TF,9,13,2,10873.602794130491,1394.1008553228949,99.5768808900592,66.66666666666669,35.59665320965168,129.10892913889293,35.59607307069479,129.10873798455518,453.4883720930232,303.4883720930232,1,453.4883720930232,303.4883720930232,200.0,350.0,74,87,INSIDE,CLEAR,False,,,True,100.0,100.0,100.0,False,353.4883720930232,203.4883720930232,353.4883720930232,203.4883720930232,2,300.0,450.0,1,200.0,350.0,ALL_CLEAR,,100.0,,29,ALL_CLEAR,,100.0,,,ALL_CLEAR/PASS
landing,landing_stage1,landing_stage1,landing_stage1,TF,9,13,2,10873.602794130491,1394.1008553228949,99.5768808900592,100.0,35.59665320965168,129.10892913889293,35.59578300121635,129.1086424073863,453.4883720930232,303.4883720930232,1,453.4883720930232,303.4883720930232,200.0,350.0,74,87,INSIDE,CLEAR,False,,,True,100.0,100.0,100.0,False,353.4883720930232,203.4883720930232,353.4883720930232,203.4883720930232,2,300.0,450.0,1,200.0,350.0,ALL_CLEAR,,100.0,,29,ALL_CLEAR,,100.0,,,ALL_CLEAR/PASS
landing,landing_stage1,landing_stage1,landing_stage1,TF,9,14,0,10873.602794130491,1394.1008553228949,0.0,-100.0,35.59665320965168,129.10892913889293,35.59752341791795,129.10921587200724,453.4883720930232,303.4883720930232,1,453.4883720930232,303.4883720930232,200.0,350.0,76,87,INSIDE,CLEAR,False,,,True,100.0,100.0,100.0,False,353.4883720930232,203.4883720930232,353.4883720930232,203.4883720930232,2,300.0,450.0,1,200.0,350.0,ALL_CLEAR,,100.0,,29,ALL_CLEAR,,100.0,,,ALL_CLEAR/PASS
landing,landing_stage1,landing_stage1,landing_stage1,TF,9,14,0,10873.602794130491,1394.1008553228949,0.0,-66.66666666666666,35.59665320965168,129.10892913889293,35.597233348495855,129.10912029430247,453.4883720930232,303.4883720930232,1,453.4883720930232,303.4883720930232,200.0,350.0,76,87,INSIDE,CLEAR,False,,,True,100.0,100.0,100.0,False,353.4883720930232,203.4883720930232,353.4883720930232,203.4883720930232,2,300.0,450.0,1,200.0,350.0,ALL_CLEAR,,100.0,,29,ALL_CLEAR,,100.0,,,ALL_CLEAR/PASS
landing,landing_stage1,landing_stage1,landing_stage1,TF,9,14,0,10873.602794130491,1394.1008553228949,0.0,-33.33333333333333,35.59665320965168,129.10892913889293,35.59694327907377,129.1090247165977,453.4883720930232,303.4883720930232,1,453.4883720930232,303.4883720930232,200.0,350.0,75,87,INSIDE,CLEAR,False,,,True,100.0,100.0,100.0,False,353.4883720930232,203.4883720930232,353.4883720930232,203.4883720930232,2,300.0,450.0,1,200.0,350.0,ALL_CLEAR,,100.0,,29,ALL_CLEAR,,100.0,,,ALL_CLEAR/PASS
landing,landing_stage1,landing_stage1,landing_stage1,TF,9,14,0,10873.602794130491,1394.1008553228949,0.0,33.33333333333334,35.59665320965168,129.10892913889293,35.596363140229585,129.10883356118816,453.4883720930232,303.4883720930232,1,453.4883720930232,303.4883720930232,200.0,350.0,74,87,INSIDE,CLEAR,False,,,True,100.0,100.0,100.0,False,353.4883720930232,203.4883720930232,353.4883720930232,203.4883720930232,2,300.0,450.0,1,200.0,350.0,ALL_CLEAR,,100.0,,29,ALL_CLEAR,,100.0,,,ALL_CLEAR/PASS
landing,landing_stage1,landing_stage1,landing_stage1,TF,9,14,0,10873.602794130491,1394.1008553228949,0.0,66.66666666666669,35.59665320965168,129.10892913889293,35.5960730708075,129.1087379834834,453.4883720930232,303.4883720930232,1,453.4883720930232,303.4883720930232,200.0,350.0,74,87,INSIDE,CLEAR,False,,,True,100.0,100.0,100.0,False,353.4883720930232,203.4883720930232,353.4883720930232,203.4883720930232,2,300.0,450.0,1,200.0,350.0,ALL_CLEAR,,100.0,,29,ALL_CLEAR,,100.0,,,ALL_CLEAR/PASS
landing,landing_stage1,landing_stage1,landing_stage1,TF,9,14,0,10873.602794130491,1394.1008553228949,0.0,100.0,35.59665320965168,129.10892913889293,35.595783001385406,129.10864240577862,453.4883720930232,303.4883720930232,1,453.4883720930232,303.4883720930232,200.0,350.0,74,87,INSIDE,CLEAR,False,,,True,100.0,100.0,100.0,False,353.4883720930232,203.4883720930232,353.4883720930232,203.4883720930232,2,300.0,450.0,1,200.0,350.0,ALL_CLEAR,,100.0,,29,ALL_CLEAR,,100.0,,,ALL_CLEAR/PASS
landing,landing_stage1,landing_stage1,landing_stage1,TF,9,14,1,10923.391099830844,1443.8891610232477,49.78830570035222,-100.0,35.59676929224389,129.108396308912,35.59763950051016,129.10868304202634,448.2558139534883,298.2558139534883,0,448.2558139534883,298.2558139534883,100.0,250.0,76,87,INSIDE,CLEAR,False,,,True,100.0,100.0,100.0,False,348.2558139534883,198.2558139534883,348.2558139534883,198.2558139534883,1,200.0,350.0,0,100.0,250.0,ALL_CLEAR,,100.0,,30,ALL_CLEAR,,100.0,,,ALL_CLEAR/PASS
landing,landing_stage1,landing_stage1,landing_stage1,TF,9,14,1,10923.391099830844,1443.8891610232477,49.78830570035222,-66.66666666666666,35.59676929224389,129.108396308912,35.59734943108807,129.10858746432157,448.2558139534883,298.2558139534883,0,448.2558139534883,298.2558139534883,100.0,250.0,76,87,INSIDE,CLEAR,False,,,True,100.0,100.0,100.0,False,348.2558139534883,198.2558139534883,348.2558139534883,198.2558139534883,1,200.0,350.0,0,100.0,250.0,ALL_CLEAR,,100.0,,30,ALL_CLEAR,,100.0,,,ALL_CLEAR/PASS
landing,landing_stage1,landing_stage1,landing_stage1,TF,9,14,1,10923.391099830844,1443.8891610232477,49.78830570035222,-33.33333333333333,35.59676929224389,129.108396308912,35.597059361665984,129.1084918866168,448.2558139534883,298.2558139534883,0,448.2558139534883,298.2558139534883,100.0,250.0,75,86,INSIDE,CLEAR,False,,,True,100.0,100.0,100.0,False,348.2558139534883,198.2558139534883,348.2558139534883,198.2558139534883,1,200.0,350.0,0,100.0,250.0,ALL_CLEAR,,100.0,,30,ALL_CLEAR,,100.0,,,ALL_CLEAR/PASS
landing,landing_stage1,landing_stage1,landing_stage1,TF,9,14,1,10923.391099830844,1443.8891610232477,49.78830570035222,0.0,35.59676929224389,129.108396308912,35.59676929224389,129.108396308912,448.2558139534883,298.2558139534883,0,448.2558139534883,298.2558139534883,100.0,250.0,75,86,INSIDE,CLEAR,False,,,True,100.0,100.0,100.0,False,348.2558139534883,198.2558139534883,348.2558139534883,198.2558139534883,1,200.0,350.0,0,100.0,250.0,ALL_CLEAR,,100.0,,30,ALL_CLEAR,,100.0,,,ALL_CLEAR/PASS
landing,landing_stage1,landing_stage1,landing_stage1,TF,9,14,1,10923.391099830844,1443.8891610232477,49.78830570035222,33.33333333333334,35.59676929224389,129.108396308912,35.5964792228218,129.10830073120724,448.2558139534883,298.2558139534883,0,448.2558139534883,298.2558139534883,100.0,250.0,75,86,INSIDE,CLEAR,False,,,True,100.0,100.0,100.0,False,348.2558139534883,198.2558139534883,348.2558139534883,198.2558139534883,1,200.0,350.0,0,100.0,250.0,ALL_CLEAR,,100.0,,30,ALL_CLEAR,,100.0,,,ALL_CLEAR/PASS
landing,landing_stage1,landing_stage1,landing_stage1,TF,9,14,1,10923.391099830844,1443.8891610232477,49.78830570035222,66.66666666666669,35.59676929224389,129.108396308912,35.59618915339971,129.10820515350247,448.2558139534883,298.2558139534883,0,448.2558139534883,298.2558139534883,100.0,250.0,74,86,INSIDE,CLEAR,False,,,True,100.0,100.0,100.0,False,348.2558139534883,198.2558139534883,348.2558139534883,198.2558139534883,1,200.0,350.0,0,100.0,250.0,ALL_CLEAR,,100.0,,30,ALL_CLEAR,,100.0,,,ALL_CLEAR/PASS
landing,landing_stage1,landing_stage1,landing_stage1,TF,9,14,1,10923.391099830844,1443.8891610232477,49.78830570035222,100.0,35.59676929224389,129.108396308912,35.59589908397762,129.1081095757977,448.2558139534883,298.2558139534883,0,448.2558139534883,298.2558139534883,100.0,250.0,74,86,INSIDE,CLEAR,False,,,True,100.0,100.0,100.0,False,348.2558139534883,198.2558139534883,348.2558139534883,198.2558139534883,1,200.0,350.0,0,100.0,250.0,ALL_CLEAR,,100.0,,30,ALL_CLEAR,,100.0,,,ALL_CLEAR/PASS
landing,landing_stage1,landing_stage1,landing_stage1,TF,9,14,2,10973.179405531195,1493.6774667235986,99.57661140070444,-100.0,35.596885374836106,129.1078634789311,35.597755583102376,129.10815021204542,443.0232558139535,293.0232558139535,0,443.0232558139535,293.0232558139535,100.0,250.0,76,86,INSIDE,CLEAR,False,,,True,100.0,100.0,100.0,False,343.0232558139535,193.02325581395348,343.0232558139535,193.02325581395348,1,200.0,350.0,0,100.0,250.0,ALL_CLEAR,,100.0,,31,ALL_CLEAR,,100.0,,,ALL_CLEAR/PASS
landing,landing_stage1,landing_stage1,landing_stage1,TF,9,14,2,10973.179405531195,1493.6774667235986,99.57661140070444,-66.66666666666666,35.596885374836106,129.1078634789311,35.597465513680284,129.10805463434065,443.0232558139535,293.0232558139535,0,443.0232558139535,293.0232558139535,100.0,250.0,76,86,INSIDE,CLEAR,False,,,True,100.0,100.0,100.0,False,343.0232558139535,193.02325581395348,343.0232558139535,193.02325581395348,1,200.0,350.0,0,100.0,250.0,ALL_CLEAR,,100.0,,31,ALL_CLEAR,,100.0,,,ALL_CLEAR/PASS
landing,landing_stage1,landing_stage1,landing_stage1,TF,9,14,2,10973.179405531195,1493.6774667235986,99.57661140070444,-33.33333333333333,35.596885374836106,129.1078634789311,35.5971754442582,129.10795905663588,443.0232558139535,293.0232558139535,0,443.0232558139535,293.0232558139535,100.0,250.0,75,86,INSIDE,CLEAR,False,,,True,100.0,100.0,100.0,False,343.0232558139535,193.02325581395348,343.0232558139535,193.02325581395348,1,200.0,350.0,0,100.0,250.0,ALL_CLEAR,,100.0,,31,ALL_CLEAR,,100.0,,,ALL_CLEAR/PASS
landing,landing_stage1,landing_stage1,landing_stage1,TF,9,14,2,10973.179405531195,1493.6774667235986,99.57661140070444,0.0,35.596885374836106,129.1078634789311,35.596885374836106,129.1078634789311,443.0232558139535,293.0232558139535,0,443.0232558139535,293.0232558139535,100.0,250.0,75,86,INSIDE,CLEAR,False,,,True,100.0,100.0,100.0,False,343.0232558139535,193.02325581395348,343.0232558139535,193.02325581395348,1,200.0,350.0,0,100.0,250.0,ALL_CLEAR,,100.0,,31,ALL_CLEAR,,100.0,,,ALL_CLEAR/PASS
landing,landing_stage1,landing_stage1,landing_stage1,TF,9,14,2,10973.179405531195,1493.6774667235986,99.57661140070444,33.33333333333334,35.596885374836106,129.1078634789311,35.59659530541401,129.10776790122634,443.0232558139535,293.0232558139535,0,443.0232558139535,293.0232558139535,100.0,250.0,75,86,INSIDE,CLEAR,False,,,True,100.0,100.0,100.0,False,343.0232558139535,193.02325581395348,343.0232558139535,193.02325581395348,1,200.0,350.0,0,100.0,250.0,ALL_CLEAR,,100.0,,31,ALL_CLEAR,,100.0,,,ALL_CLEAR/PASS
landing,landing_stage1,landing_stage1,landing_stage1,TF,9,14,2,10973.179405531195,1493.6774667235986,99.57661140070444,66.66666666666669,35.596885374836106,129.1078634789311,35.59630523599193,129.10767232352157,443.0232558139535,293.0232558139535,0,443.0232558139535,293.0232558139535,100.0,250.0,74,86,INSIDE,CLEAR,False,,,True,100.0,100.0,100.0,False,343.0232558139535,193.02325581395348,343.0232558139535,193.02325581395348,1,200.0,350.0,0,100.0,250.0,ALL_CLEAR,,100.0,,31,ALL_CLEAR,,100.0,,,ALL_CLEAR/PASS
landing,landing_stage1,landing_stage1,landing_stage1,TF,9,14,2,10973.179405531195,1493.6774667235986,99.57661140070444,100.0,35.596885374836106,129.1078634789311,35.596015166569835,129.1075767458168,443.0232558139535,293.0232558139535,0,443.0232558139535,293.0232558139535,100.0,250.0,74,86,INSIDE,CLEAR,False,,,True,100.0,100.0,100.0,False,343.0232558139535,193.02325581395348,343.0232558139535,193.02325581395348,1,200.0,350.0,0,100.0,250.0,ALL_CLEAR,,100.0,,31,ALL_CLEAR,,100.0,,,ALL_CLEAR/PASS
landing,landing_stage1,landing_stage1,landing_stage1,TF,9,15,0,10973.179405531195,1493.6774667235986,0.0,-100.0,35.596885374836106,129.1078634789311,35.59775558293332,129.10815021365315,443.0232558139535,293.0232558139535,0,443.0232558139535,293.0232558139535,100.0,250.0,76,86,INSIDE,CLEAR,False,,,True,100.0,100.0,100.0,False,343.0232558139535,193.02325581395348,343.0232558139535,193.02325581395348,1,200.0,350.0,0,100.0,250.0,ALL_CLEAR,,100.0,,31,ALL_CLEAR,,100.0,,,ALL_CLEAR/PASS
landing,landing_stage1,landing_stage1,landing_stage1,TF,9,15,0,10973.179405531195,1493.6774667235986,0.0,-66.66666666666666,35.596885374836106,129.1078634789311,35.59746551356758,129.1080546354125,443.0232558139535,293.0232558139535,0,443.0232558139535,293.0232558139535,100.0,250.0,76,86,INSIDE,CLEAR,False,,,True,100.0,100.0,100.0,False,343.0232558139535,193.02325581395348,343.0232558139535,193.02325581395348,1,200.0,350.0,0,100.0,250.0,ALL_CLEAR,,100.0,,31,ALL_CLEAR,,100.0,,,ALL_CLEAR/PASS
landing,landing_stage1,landing_stage1,landing_stage1,TF,9,15,0,10973.179405531195,1493.6774667235986,0.0,-33.33333333333333,35.596885374836106,129.1078634789311,35.597175444201845,129.1079590571718,443.0232558139535,293.0232558139535,0,443.0232558139535,293.0232558139535,100.0,250.0,75,86,INSIDE,CLEAR,False,,,True,100.0,100.0,100.0,False,343.0232558139535,193.02325581395348,343.0232558139535,193.02325581395348,1,200.0,350.0,0,100.0,250.0,ALL_CLEAR,,100.0,,31,ALL_CLEAR,,100.0,,,ALL_CLEAR/PASS
landing,landing_stage1,landing_stage1,landing_stage1,TF,9,15,0,10973.179405531195,1493.6774667235986,0.0,33.33333333333334,35.596885374836106,129.1078634789311,35.596595305470366,129.10776790069042,443.0232558139535,293.0232558139535,0,443.0232558139535,293.0232558139535,100.0,250.0,75,86,INSIDE,CLEAR,False,,,True,100.0,100.0,100.0,False,343.0232558139535,193.02325581395348,343.0232558139535,193.02325581395348,1,200.0,350.0,0,100.0,250.0,ALL_CLEAR,,100.0,,31,ALL_CLEAR,,100.0,,,ALL_CLEAR/PASS
landing,landing_stage1,landing_stage1,landing_stage1,TF,9,15,0,10973.179405531195,1493.6774667235986,0.0,66.66666666666669,35.596885374836106,129.1078634789311,35.596305236104634,129.10767232244973,443.0232558139535,293.0232558139535,0,443.0232558139535,293.0232558139535,100.0,250.0,74,86,INSIDE,CLEAR,False,,,True,100.0,100.0,100.0,False,343.0232558139535,193.02325581395348,343.0232558139535,193.02325581395348,1,200.0,350.0,0,100.0,250.0,ALL_CLEAR,,100.0,,31,ALL_CLEAR,,100.0,,,ALL_CLEAR/PASS
landing,landing_stage1,landing_stage1,landing_stage1,TF,9,15,0,10973.179405531195,1493.6774667235986,0.0,100.0,35.596885374836106,129.1078634789311,35.596015166738894,129.10757674420907,443.0232558139535,293.0232558139535,0,443.0232558139535,293.0232558139535,100.0,250.0,74,86,INSIDE,CLEAR,False,,,True,100.0,100.0,100.0,False,343.0232558139535,193.02325581395348,343.0232558139535,193.02325581395348,1,200.0,350.0,0,100.0,250.0,ALL_CLEAR,,100.0,,31,ALL_CLEAR,,100.0,,,ALL_CLEAR/PASS
landing,landing_stage1,landing_stage1,landing_stage1,TF,9,15,1,11022.967576484894,1543.4656376772982,49.788170953699336,-100.0,35.59700145742832,129.1073306489502,35.59787166552553,129.10761738367225,437.7906976744186,287.7906976744186,0,437.7906976744186,287.7906976744186,100.0,250.0,76,86,INSIDE,CLEAR,False,,,True,100.0,100.0,100.0,False,337.7906976744186,187.7906976744186,337.7906976744186,187.7906976744186,1,200.0,350.0,0,100.0,250.0,ALL_CLEAR,,100.0,,32,ALL_CLEAR,,100.0,,,ALL_CLEAR/PASS
landing,landing_stage1,landing_stage1,landing_stage1,TF,9,15,1,11022.967576484894,1543.4656376772982,49.788170953699336,-66.66666666666666,35.59700145742832,129.1073306489502,35.59758159615979,129.1075218054316,437.7906976744186,287.7906976744186,0,437.7906976744186,287.7906976744186,100.0,250.0,76,86,INSIDE,CLEAR,False,,,True,100.0,100.0,100.0,False,337.7906976744186,187.7906976744186,337.7906976744186,187.7906976744186,1,200.0,350.0,0,100.0,250.0,ALL_CLEAR,,100.0,,32,ALL_CLEAR,,100.0,,,ALL_CLEAR/PASS
landing,landing_stage1,landing_stage1,landing_stage1,TF,9,15,1,11022.967576484894,1543.4656376772982,49.788170953699336,-33.33333333333333,35.59700145742832,129.1073306489502,35.59729152679406,129.1074262271909,437.7906976744186,287.7906976744186,0,437.7906976744186,287.7906976744186,100.0,250.0,76,85,INSIDE,CLEAR,False,,,True,100.0,100.0,100.0,False,337.7906976744186,187.7906976744186,337.7906976744186,187.7906976744186,1,200.0,350.0,0,100.0,250.0,ALL_CLEAR,,100.0,,32,ALL_CLEAR,,100.0,,,ALL_CLEAR/PASS
landing,landing_stage1,landing_stage1,landing_stage1,TF,9,15,1,11022.967576484894,1543.4656376772982,49.788170953699336,0.0,35.59700145742832,129.1073306489502,35.59700145742832,129.1073306489502,437.7906976744186,287.7906976744186,0,437.7906976744186,287.7906976744186,100.0,250.0,75,85,INSIDE,CLEAR,False,,,True,100.0,100.0,100.0,False,337.7906976744186,187.7906976744186,337.7906976744186,187.7906976744186,1,200.0,350.0,0,100.0,250.0,ALL_CLEAR,,100.0,,32,ALL_CLEAR,,100.0,,,ALL_CLEAR/PASS
landing,landing_stage1,landing_stage1,landing_stage1,TF,9,15,1,11022.967576484894,1543.4656376772982,49.788170953699336,33.33333333333334,35.59700145742832,129.1073306489502,35.59671138806258,129.10723507070952,437.7906976744186,287.7906976744186,0,437.7906976744186,287.7906976744186,100.0,250.0,75,85,INSIDE,CLEAR,False,,,True,100.0,100.0,100.0,False,337.7906976744186,187.7906976744186,337.7906976744186,187.7906976744186,1,200.0,350.0,0,100.0,250.0,ALL_CLEAR,,100.0,,32,ALL_CLEAR,,100.0,,,ALL_CLEAR/PASS
landing,landing_stage1,landing_stage1,landing_stage1,TF,9,15,1,11022.967576484894,1543.4656376772982,49.788170953699336,66.66666666666669,35.59700145742832,129.1073306489502,35.59642131869685,129.10713949246883,437.7906976744186,287.7906976744186,0,437.7906976744186,287.7906976744186,100.0,250.0,75,85,INSIDE,CLEAR,False,,,True,100.0,100.0,100.0,False,337.7906976744186,187.7906976744186,337.7906976744186,187.7906976744186,1,200.0,350.0,0,100.0,250.0,ALL_CLEAR,,100.0,,32,ALL_CLEAR,,100.0,,,ALL_CLEAR/PASS
landing,landing_stage1,landing_stage1,landing_stage1,TF,9,15,1,11022.967576484894,1543.4656376772982,49.788170953699336,100.0,35.59700145742832,129.1073306489502,35.59613124933111,129.10704391422817,437.7906976744186,287.7906976744186,0,437.7906976744186,287.7906976744186,100.0,250.0,74,85,INSIDE,CLEAR,False,,,True,100.0,100.0,100.0,False,337.7906976744186,187.7906976744186,337.7906976744186,187.7906976744186,1,200.0,350.0,0,100.0,250.0,ALL_CLEAR,,100.0,,32,ALL_CLEAR,,100.0,,,ALL_CLEAR/PASS
landing,landing_stage1,landing_stage1,landing_stage1,TF,9,15,2,11072.755747438594,1593.2538086309978,99.57634190739867,-100.0,35.597117540020534,129.1067978189693,35.597987748117745,129.10708455369135,432.5581395348837,282.5581395348837,0,432.5581395348837,282.5581395348837,100.0,250.0,76,85,INSIDE,CLEAR,False,,,True,100.0,100.0,100.0,False,332.5581395348837,182.5581395348837,332.5581395348837,182.5581395348837,1,200.0,350.0,0,100.0,250.0,ALL_CLEAR,,100.0,,33,ALL_CLEAR,,100.0,,,ALL_CLEAR/PASS
landing,landing_stage1,landing_stage1,landing_stage1,TF,9,15,2,11072.755747438594,1593.2538086309978,99.57634190739867,-66.66666666666666,35.597117540020534,129.1067978189693,35.597697678752006,129.1069889754507,432.5581395348837,282.5581395348837,0,432.5581395348837,282.5581395348837,100.0,250.0,76,85,INSIDE,CLEAR,False,,,True,100.0,100.0,100.0,False,332.5581395348837,182.5581395348837,332.5581395348837,182.5581395348837,1,200.0,350.0,0,100.0,250.0,ALL_CLEAR,,100.0,,33,ALL_CLEAR,,100.0,,,ALL_CLEAR/PASS
landing,landing_stage1,landing_stage1,landing_stage1,TF,9,15,2,11072.755747438594,1593.2538086309978,99.57634190739867,-33.33333333333333,35.597117540020534,129.1067978189693,35.59740760938627,129.10689339721,432.5581395348837,282.5581395348837,0,432.5581395348837,282.5581395348837,100.0,250.0,76,85,INSIDE,CLEAR,False,,,True,100.0,100.0,100.0,False,332.5581395348837,182.5581395348837,332.5581395348837,182.5581395348837,1,200.0,350.0,0,100.0,250.0,ALL_CLEAR,,100.0,,33,ALL_CLEAR,,100.0,,,ALL_CLEAR/PASS
landing,landing_stage1,landing_stage1,landing_stage1,TF,9,15,2,11072.755747438594,1593.2538086309978,99.57634190739867,0.0,35.597117540020534,129.1067978189693,35.597117540020534,129.1067978189693,432.5581395348837,282.5581395348837,0,432.5581395348837,282.5581395348837,100.0,250.0,75,85,INSIDE,CLEAR,False,,,True,100.0,100.0,100.0,False,332.5581395348837,182.5581395348837,332.5581395348837,182.5581395348837,1,200.0,350.0,0,100.0,250.0,ALL_CLEAR,,100.0,,33,ALL_CLEAR,,100.0,,,ALL_CLEAR/PASS
landing,landing_stage1,landing_stage1,landing_stage1,TF,9,15,2,11072.755747438594,1593.2538086309978,99.57634190739867,33.33333333333334,35.597117540020534,129.1067978189693,35.596827470654794,129.10670224072862,432.5581395348837,282.5581395348837,0,432.5581395348837,282.5581395348837,100.0,250.0,75,85,INSIDE,CLEAR,False,,,True,100.0,100.0,100.0,False,332.5581395348837,182.5581395348837,332.5581395348837,182.5581395348837,1,200.0,350.0,0,100.0,250.0,ALL_CLEAR,,100.0,,33,ALL_CLEAR,,100.0,,,ALL_CLEAR/PASS
landing,landing_stage1,landing_stage1,landing_stage1,TF,9,15,2,11072.755747438594,1593.2538086309978,99.57634190739867,66.66666666666669,35.597117540020534,129.1067978189693,35.59653740128906,129.10660666248793,432.5581395348837,282.5581395348837,0,432.5581395348837,282.5581395348837,100.0,250.0,75,85,INSIDE,CLEAR,False,,,True,100.0,100.0,100.0,False,332.5581395348837,182.5581395348837,332.5581395348837,182.5581395348837,1,200.0,350.0,0,100.0,250.0,ALL_CLEAR,,100.0,,33,ALL_CLEAR,,100.0,,,ALL_CLEAR/PASS
landing,landing_stage1,landing_stage1,landing_stage1,TF,9,15,2,11072.755747438594,1593.2538086309978,99.57634190739867,100.0,35.597117540020534,129.1067978189693,35.59624733192332,129.10651108424727,432.5581395348837,282.5581395348837,0,432.5581395348837,282.5581395348837,100.0,250.0,74,85,INSIDE,CLEAR,False,,,True,100.0,100.0,100.0,False,332.5581395348837,182.5581395348837,332.5581395348837,182.5581395348837,1,200.0,350.0,0,100.0,250.0,ALL_CLEAR,,100.0,,33,ALL_CLEAR,,100.0,,,ALL_CLEAR/PASS
landing,landing_stage1,landing_stage1,landing_stage1,TF,9,16,0,11072.755747438594,1593.2538086309978,0.0,-100.0,35.597117540020534,129.1067978189693,35.597987747948686,129.10708455529908,432.5581395348837,282.5581395348837,0,432.5581395348837,282.5581395348837,100.0,250.0,76,85,INSIDE,CLEAR,False,,,True,100.0,100.0,100.0,False,332.5581395348837,182.5581395348837,332.5581395348837,182.5581395348837,1,200.0,350.0,0,100.0,250.0,ALL_CLEAR,,100.0,,33,ALL_CLEAR,,100.0,,,ALL_CLEAR/PASS
landing,landing_stage1,landing_stage1,landing_stage1,TF,9,16,0,11072.755747438594,1593.2538086309978,0.0,-66.66666666666666,35.597117540020534,129.1067978189693,35.5976976786393,129.1069889765225,432.5581395348837,282.5581395348837,0,432.5581395348837,282.5581395348837,100.0,250.0,76,85,INSIDE,CLEAR,False,,,True,100.0,100.0,100.0,False,332.5581395348837,182.5581395348837,332.5581395348837,182.5581395348837,1,200.0,350.0,0,100.0,250.0,ALL_CLEAR,,100.0,,33,ALL_CLEAR,,100.0,,,ALL_CLEAR/PASS
landing,landing_stage1,landing_stage1,landing_stage1,TF,9,16,0,11072.755747438594,1593.2538086309978,0.0,-33.33333333333333,35.597117540020534,129.1067978189693,35.59740760932992,129.1068933977459,432.5581395348837,282.5581395348837,0,432.5581395348837,282.5581395348837,100.0,250.0,76,85,INSIDE,CLEAR,False,,,True,100.0,100.0,100.0,False,332.5581395348837,182.5581395348837,332.5581395348837,182.5581395348837,1,200.0,350.0,0,100.0,250.0,ALL_CLEAR,,100.0,,33,ALL_CLEAR,,100.0,,,ALL_CLEAR/PASS
landing,landing_stage1,landing_stage1,landing_stage1,TF,9,16,0,11072.755747438594,1593.2538086309978,0.0,33.33333333333334,35.597117540020534,129.1067978189693,35.59682747071115,129.10670224019273,432.5581395348837,282.5581395348837,0,432.5581395348837,282.5581395348837,100.0,250.0,75,85,INSIDE,CLEAR,False,,,True,100.0,100.0,100.0,False,332.5581395348837,182.5581395348837,332.5581395348837,182.5581395348837,1,200.0,350.0,0,100.0,250.0,ALL_CLEAR,,100.0,,33,ALL_CLEAR,,100.0,,,ALL_CLEAR/PASS
landing,landing_stage1,landing_stage1,landing_stage1,TF,9,16,0,11072.755747438594,1593.2538086309978,0.0,66.66666666666669,35.597117540020534,129.1067978189693,35.59653740140177,129.10660666141612,432.5581395348837,282.5581395348837,0,432.5581395348837,282.5581395348837,100.0,250.0,75,85,INSIDE,CLEAR,False,,,True,100.0,100.0,100.0,False,332.5581395348837,182.5581395348837,332.5581395348837,182.5581395348837,1,200.0,350.0,0,100.0,250.0,ALL_CLEAR,,100.0,,33,ALL_CLEAR,,100.0,,,ALL_CLEAR/PASS
landing,landing_stage1,landing_stage1,landing_stage1,TF,9,16,0,11072.755747438594,1593.2538086309978,0.0,100.0,35.597117540020534,129.1067978189693,35.59624733209238,129.10651108263954,432.5581395348837,282.5581395348837,0,432.5581395348837,282.5581395348837,100.0,250.0,74,85,INSIDE,CLEAR,False,,,True,100.0,100.0,100.0,False,332.5581395348837,182.5581395348837,332.5581395348837,182.5581395348837,1,200.0,350.0,0,100.0,250.0,ALL_CLEAR,,100.0,,33,ALL_CLEAR,,100.0,,,ALL_CLEAR/PASS
landing,landing_stage1,landing_stage1,landing_stage1,TF,9,16,1,11122.543783648416,1643.04184484082,49.78803620982261,-100.0,35.59723362261274,129.10626498898839,35.59810383054089,129.10655172531816,427.3255813953488,277.3255813953488,0,427.3255813953488,277.3255813953488,100.0,250.0,77,85,INSIDE,CLEAR,False,,,True,100.0,100.0,100.0,False,327.3255813953488,177.32558139534882,327.3255813953488,177.32558139534882,1,200.0,350.0,0,100.0,250.0,ALL_CLEAR,,100.0,,34,ALL_CLEAR,,100.0,,,ALL_CLEAR/PASS
landing,landing_stage1,landing_stage1,landing_stage1,TF,9,16,1,11122.543783648416,1643.04184484082,49.78803620982261,-66.66666666666666,35.59723362261274,129.10626498898839,35.59781376123151,129.10645614654157,427.3255813953488,277.3255813953488,0,427.3255813953488,277.3255813953488,100.0,250.0,76,84,INSIDE,CLEAR,False,,,True,100.0,100.0,100.0,False,327.3255813953488,177.32558139534882,327.3255813953488,177.32558139534882,1,200.0,350.0,0,100.0,250.0,ALL_CLEAR,,100.0,,34,ALL_CLEAR,,100.0,,,ALL_CLEAR/PASS
landing,landing_stage1,landing_stage1,landing_stage1,TF,9,16,1,11122.543783648416,1643.04184484082,49.78803620982261,-33.33333333333333,35.59723362261274,129.10626498898839,35.59752369192213,129.10636056776497,427.3255813953488,277.3255813953488,0,427.3255813953488,277.3255813953488,100.0,250.0,76,84,INSIDE,CLEAR,False,,,True,100.0,100.0,100.0,False,327.3255813953488,177.32558139534882,327.3255813953488,177.32558139534882,1,200.0,350.0,0,100.0,250.0,ALL_CLEAR,,100.0,,34,ALL_CLEAR,,100.0,,,ALL_CLEAR/PASS
landing,landing_stage1,landing_stage1,landing_stage1,TF,9,16,1,11122.543783648416,1643.04184484082,49.78803620982261,0.0,35.59723362261274,129.10626498898839,35.59723362261274,129.10626498898839,427.3255813953488,277.3255813953488,0,427.3255813953488,277.3255813953488,100.0,250.0,76,84,INSIDE,CLEAR,False,,,True,100.0,100.0,100.0,False,327.3255813953488,177.32558139534882,327.3255813953488,177.32558139534882,1,200.0,350.0,0,100.0,250.0,ALL_CLEAR,,100.0,,34,ALL_CLEAR,,100.0,,,ALL_CLEAR/PASS
landing,landing_stage1,landing_stage1,landing_stage1,TF,9,16,1,11122.543783648416,1643.04184484082,49.78803620982261,33.33333333333334,35.59723362261274,129.10626498898839,35.596943553303355,129.1061694102118,427.3255813953488,277.3255813953488,0,427.3255813953488,277.3255813953488,100.0,250.0,75,84,INSIDE,CLEAR,False,,,True,100.0,100.0,100.0,False,327.3255813953488,177.32558139534882,327.3255813953488,177.32558139534882,1,200.0,350.0,0,100.0,250.0,ALL_CLEAR,,100.0,,34,ALL_CLEAR,,100.0,,,ALL_CLEAR/PASS
landing,landing_stage1,landing_stage1,landing_stage1,TF,9,16,1,11122.543783648416,1643.04184484082,49.78803620982261,66.66666666666669,35.59723362261274,129.10626498898839,35.596653483993975,129.1060738314352,427.3255813953488,277.3255813953488,0,427.3255813953488,277.3255813953488,100.0,250.0,75,84,INSIDE,CLEAR,False,,,True,100.0,100.0,100.0,False,327.3255813953488,177.32558139534882,327.3255813953488,177.32558139534882,1,200.0,350.0,0,100.0,250.0,ALL_CLEAR,,100.0,,34,ALL_CLEAR,,100.0,,,ALL_CLEAR/PASS
landing,landing_stage1,landing_stage1,landing_stage1,TF,9,16,1,11122.543783648416,1643.04184484082,49.78803620982261,100.0,35.59723362261274,129.10626498898839,35.59636341468459,129.10597825265862,427.3255813953488,277.3255813953488,0,427.3255813953488,277.3255813953488,100.0,250.0,74,84,INSIDE,CLEAR,False,,,True,100.0,100.0,100.0,False,327.3255813953488,177.32558139534882,327.3255813953488,177.32558139534882,1,200.0,350.0,0,100.0,250.0,ALL_CLEAR,,100.0,,34,ALL_CLEAR,,100.0,,,ALL_CLEAR/PASS
landing,landing_stage1,landing_stage1,landing_stage1,TF,9,16,2,11172.331819858238,1692.8298810506421,99.57607241964521,-100.0,35.59734970520495,129.10573215900746,35.5982199131331,129.10601889533723,422.09302325581393,272.09302325581393,0,422.09302325581393,272.09302325581393,100.0,250.0,77,84,INSIDE,CLEAR,False,,,True,100.0,100.0,100.0,False,322.09302325581393,172.09302325581393,322.09302325581393,172.09302325581393,1,200.0,350.0,0,100.0,250.0,ALL_CLEAR,,100.0,,35,ALL_CLEAR,,100.0,,,ALL_CLEAR/PASS
landing,landing_stage1,landing_stage1,landing_stage1,TF,9,16,2,11172.331819858238,1692.8298810506421,99.57607241964521,-66.66666666666666,35.59734970520495,129.10573215900746,35.597929843823714,129.10592331656065,422.09302325581393,272.09302325581393,0,422.09302325581393,272.09302325581393,100.0,250.0,76,84,INSIDE,CLEAR,False,,,True,100.0,100.0,100.0,False,322.09302325581393,172.09302325581393,322.09302325581393,172.09302325581393,1,200.0,350.0,0,100.0,250.0,ALL_CLEAR,,100.0,,35,ALL_CLEAR,,100.0,,,ALL_CLEAR/PASS
landing,landing_stage1,landing_stage1,landing_stage1,TF,9,16,2,11172.331819858238,1692.8298810506421,99.57607241964521,-33.33333333333333,35.59734970520495,129.10573215900746,35.597639774514334,129.10582773778404,422.09302325581393,272.09302325581393,0,422.09302325581393,272.09302325581393,100.0,250.0,76,84,INSIDE,CLEAR,False,,,True,100.0,100.0,100.0,False,322.09302325581393,172.09302325581393,322.09302325581393,172.09302325581393,1,200.0,350.0,0,100.0,250.0,ALL_CLEAR,,100.0,,35,ALL_CLEAR,,100.0,,,ALL_CLEAR/PASS
landing,landing_stage1,landing_stage1,landing_stage1,TF,9,16,2,11172.331819858238,1692.8298810506421,99.57607241964521,0.0,35.59734970520495,129.10573215900746,35.59734970520495,129.10573215900746,422.09302325581393,272.09302325581393,0,422.09302325581393,272.09302325581393,100.0,250.0,76,84,INSIDE,CLEAR,False,,,True,100.0,100.0,100.0,False,322.09302325581393,172.09302325581393,322.09302325581393,172.09302325581393,1,200.0,350.0,0,100.0,250.0,ALL_CLEAR,,100.0,,35,ALL_CLEAR,,100.0,,,ALL_CLEAR/PASS
landing,landing_stage1,landing_stage1,landing_stage1,TF,9,16,2,11172.331819858238,1692.8298810506421,99.57607241964521,33.33333333333334,35.59734970520495,129.10573215900746,35.59705963589556,129.10563658023088,422.09302325581393,272.09302325581393,0,422.09302325581393,272.09302325581393,100.0,250.0,75,84,INSIDE,CLEAR,False,,,True,100.0,100.0,100.0,False,322.09302325581393,172.09302325581393,322.09302325581393,172.09302325581393,1,200.0,350.0,0,100.0,250.0,ALL_CLEAR,,100.0,,35,ALL_CLEAR,,100.0,,,ALL_CLEAR/PASS
landing,landing_stage1,landing_stage1,landing_stage1,TF,9,16,2,11172.331819858238,1692.8298810506421,99.57607241964521,66.66666666666669,35.59734970520495,129.10573215900746,35.59676956658618,129.10554100145427,422.09302325581393,272.09302325581393,0,422.09302325581393,272.09302325581393,100.0,250.0,75,84,INSIDE,CLEAR,False,,,True,100.0,100.0,100.0,False,322.09302325581393,172.09302325581393,322.09302325581393,172.09302325581393,1,200.0,350.0,0,100.0,250.0,ALL_CLEAR,,100.0,,35,ALL_CLEAR,,100.0,,,ALL_CLEAR/PASS
landing,landing_stage1,landing_stage1,landing_stage1,TF,9,16,2,11172.331819858238,1692.8298810506421,99.57607241964521,100.0,35.59734970520495,129.10573215900746,35.596479497276796,129.1054454226777,422.09302325581393,272.09302325581393,0,422.09302325581393,272.09302325581393,100.0,250.0,75,83,INSIDE,CLEAR,False,,,True,100.0,100.0,100.0,False,322.09302325581393,172.09302325581393,322.09302325581393,172.09302325581393,1,200.0,350.0,0,100.0,250.0,ALL_CLEAR,,100.0,,35,ALL_CLEAR,,100.0,,,ALL_CLEAR/PASS
landing,landing_stage1,landing_stage1,landing_stage1,TF,9,17,0,11172.331819858238,1692.8298810506421,0.0,-100.0,35.59734970520495,129.10573215900746,35.598219912964026,129.10601889694502,422.09302325581393,272.09302325581393,0,422.09302325581393,272.09302325581393,100.0,250.0,77,84,INSIDE,CLEAR,False,,,True,100.0,100.0,100.0,False,322.09302325581393,172.09302325581393,322.09302325581393,172.09302325581393,1,200.0,350.0,0,100.0,250.0,ALL_CLEAR,,100.0,,35,ALL_CLEAR,,100.0,,,ALL_CLEAR/PASS
landing,landing_stage1,landing_stage1,landing_stage1,TF,9,17,0,11172.331819858238,1692.8298810506421,0.0,-66.66666666666666,35.59734970520495,129.10573215900746,35.597929843711,129.1059233176325,422.09302325581393,272.09302325581393,0,422.09302325581393,272.09302325581393,100.0,250.0,76,84,INSIDE,CLEAR,False,,,True,100.0,100.0,100.0,False,322.09302325581393,172.09302325581393,322.09302325581393,172.09302325581393,1,200.0,350.0,0,100.0,250.0,ALL_CLEAR,,100.0,,35,ALL_CLEAR,,100.0,,,ALL_CLEAR/PASS
landing,landing_stage1,landing_stage1,landing_stage1,TF,9,17,0,11172.331819858238,1692.8298810506421,0.0,-33.33333333333333,35.59734970520495,129.10573215900746,35.597639774457974,129.10582773832,422.09302325581393,272.09302325581393,0,422.09302325581393,272.09302325581393,100.0,250.0,76,84,INSIDE,CLEAR,False,,,True,100.0,100.0,100.0,False,322.09302325581393,172.09302325581393,322.09302325581393,172.09302325581393,1,200.0,350.0,0,100.0,250.0,ALL_CLEAR,,100.0,,35,ALL_CLEAR,,100.0,,,ALL_CLEAR/PASS
landing,landing_stage1,landing_stage1,landing_stage1,TF,9,17,0,11172.331819858238,1692.8298810506421,0.0,33.33333333333334,35.59734970520495,129.10573215900746,35.59705963595192,129.10563657969493,422.09302325581393,272.09302325581393,0,422.09302325581393,272.09302325581393,100.0,250.0,75,84,INSIDE,CLEAR,False,,,True,100.0,100.0,100.0,False,322.09302325581393,172.09302325581393,322.09302325581393,172.09302325581393,1,200.0,350.0,0,100.0,250.0,ALL_CLEAR,,100.0,,35,ALL_CLEAR,,100.0,,,ALL_CLEAR/PASS
landing,landing_stage1,landing_stage1,landing_stage1,TF,9,17,0,11172.331819858238,1692.8298810506421,0.0,66.66666666666669,35.59734970520495,129.10573215900746,35.596769566698896,129.10554100038243,422.09302325581393,272.09302325581393,0,422.09302325581393,272.09302325581393,100.0,250.0,75,84,INSIDE,CLEAR,False,,,True,100.0,100.0,100.0,False,322.09302325581393,172.09302325581393,322.09302325581393,172.09302325581393,1,200.0,350.0,0,100.0,250.0,ALL_CLEAR,,100.0,,35,ALL_CLEAR,,100.0,,,ALL_CLEAR/PASS
landing,landing_stage1,landing_stage1,landing_stage1,TF,9,17,0,11172.331819858238,1692.8298810506421,0.0,100.0,35.59734970520495,129.10573215900746,35.59647949744587,129.1054454210699,422.09302325581393,272.09302325581393,0,422.09302325581393,272.09302325581393,100.0,250.0,75,83,INSIDE,CLEAR,False,,,True,100.0,100.0,100.0,False,322.09302325581393,172.09302325581393,322.09302325581393,172.09302325581393,1,200.0,350.0,0,100.0,250.0,ALL_CLEAR,,100.0,,35,ALL_CLEAR,,100.0,,,ALL_CLEAR/PASS
landing,landing_stage1,landing_stage1,landing_stage1,TF,9,17,1,11222.11972132014,1742.6177825125433,49.78790146190076,-100.0,35.59746578779716,129.10519932902656,35.59833599555624,129.1054860669641,416.8604651162791,266.8604651162791,0,416.8604651162791,266.8604651162791,100.0,250.0,77,84,INSIDE,CLEAR,False,,,True,100.0,100.0,100.0,False,316.8604651162791,166.8604651162791,316.8604651162791,166.8604651162791,1,200.0,350.0,0,100.0,250.0,ALL_CLEAR,,100.0,,36,ALL_CLEAR,,100.0,,,ALL_CLEAR/PASS
landing,landing_stage1,landing_stage1,landing_stage1,TF,9,17,1,11222.11972132014,1742.6177825125433,49.78790146190076,-66.66666666666666,35.59746578779716,129.10519932902656,35.598045926303215,129.1053904876516,416.8604651162791,266.8604651162791,0,416.8604651162791,266.8604651162791,100.0,250.0,77,83,INSIDE,CLEAR,False,,,True,100.0,100.0,100.0,False,316.8604651162791,166.8604651162791,316.8604651162791,166.8604651162791,1,200.0,350.0,0,100.0,250.0,ALL_CLEAR,,100.0,,36,ALL_CLEAR,,100.0,,,ALL_CLEAR/PASS
landing,landing_stage1,landing_stage1,landing_stage1,TF,9,17,1,11222.11972132014,1742.6177825125433,49.78790146190076,-33.33333333333333,35.59746578779716,129.10519932902656,35.59775585705019,129.10529490833906,416.8604651162791,266.8604651162791,0,416.8604651162791,266.8604651162791,100.0,250.0,76,83,INSIDE,CLEAR,False,,,True,100.0,100.0,100.0,False,316.8604651162791,166.8604651162791,316.8604651162791,166.8604651162791,1,200.0,350.0,0,100.0,250.0,ALL_CLEAR,,100.0,,36,ALL_CLEAR,,100.0,,,ALL_CLEAR/PASS
landing,landing_stage1,landing_stage1,landing_stage1,TF,9,17,1,11222.11972132014,1742.6177825125433,49.78790146190076,0.0,35.59746578779716,129.10519932902656,35.59746578779716,129.10519932902656,416.8604651162791,266.8604651162791,0,416.8604651162791,266.8604651162791,100.0,250.0,76,83,INSIDE,CLEAR,False,,,True,100.0,100.0,100.0,False,316.8604651162791,166.8604651162791,316.8604651162791,166.8604651162791,1,200.0,350.0,0,100.0,250.0,ALL_CLEAR,,100.0,,36,ALL_CLEAR,,100.0,,,ALL_CLEAR/PASS
landing,landing_stage1,landing_stage1,landing_stage1,TF,9,17,1,11222.11972132014,1742.6177825125433,49.78790146190076,33.33333333333334,35.59746578779716,129.10519932902656,35.597175718544136,129.10510374971403,416.8604651162791,266.8604651162791,0,416.8604651162791,266.8604651162791,100.0,250.0,75,83,INSIDE,CLEAR,False,,,True,100.0,100.0,100.0,False,316.8604651162791,166.8604651162791,316.8604651162791,166.8604651162791,1,200.0,350.0,0,100.0,250.0,ALL_CLEAR,,100.0,,36,ALL_CLEAR,,100.0,,,ALL_CLEAR/PASS
landing,landing_stage1,landing_stage1,landing_stage1,TF,9,17,1,11222.11972132014,1742.6177825125433,49.78790146190076,66.66666666666669,35.59746578779716,129.10519932902656,35.59688564929111,129.1050081704015,416.8604651162791,266.8604651162791,0,416.8604651162791,266.8604651162791,100.0,250.0,75,83,INSIDE,CLEAR,False,,,True,100.0,100.0,100.0,False,316.8604651162791,166.8604651162791,316.8604651162791,166.8604651162791,1,200.0,350.0,0,100.0,250.0,ALL_CLEAR,,100.0,,36,ALL_CLEAR,,100.0,,,ALL_CLEAR/PASS
landing,landing_stage1,landing_stage1,landing_stage1,TF,9,17,1,11222.11972132014,1742.6177825125433,49.78790146190076,100.0,35.59746578779716,129.10519932902656,35.596595580038084,129.104912591089,416.8604651162791,266.8604651162791,0,416.8604651162791,266.8604651162791,100.0,250.0,75,83,INSIDE,CLEAR,False,,,True,100.0,100.0,100.0,False,316.8604651162791,166.8604651162791,316.8604651162791,166.8604651162791,1,200.0,350.0,0,100.0,250.0,ALL_CLEAR,,100.0,,36,ALL_CLEAR,,100.0,,,ALL_CLEAR/PASS
landing,landing_stage1,landing_stage1,landing_stage1,TF,9,17,2,11271.90762278204,1792.4056839744444,99.57580292380152,-100.0,35.59758187038938,129.10466649904563,35.598452078148455,129.1049532369832,411.6279069767442,261.6279069767442,0,411.6279069767442,261.6279069767442,100.0,250.0,77,83,INSIDE,CLEAR,False,,,True,100.0,100.0,100.0,False,311.6279069767442,161.6279069767442,311.6279069767442,161.6279069767442,1,200.0,350.0,0,100.0,250.0,ALL_CLEAR,,100.0,,37,ALL_CLEAR,,100.0,,,ALL_CLEAR/PASS
landing,landing_stage1,landing_stage1,landing_stage1,TF,9,17,2,11271.90762278204,1792.4056839744444,99.57580292380152,-66.66666666666666,35.59758187038938,129.10466649904563,35.59816200889543,129.10485765767066,411.6279069767442,261.6279069767442,0,411.6279069767442,261.6279069767442,100.0,250.0,77,83,INSIDE,CLEAR,False,,,True,100.0,100.0,100.0,False,311.6279069767442,161.6279069767442,311.6279069767442,161.6279069767442,1,200.0,350.0,0,100.0,250.0,ALL_CLEAR,,100.0,,37,ALL_CLEAR,,100.0,,,ALL_CLEAR/PASS
landing,landing_stage1,landing_stage1,landing_stage1,TF,9,17,2,11271.90762278204,1792.4056839744444,99.57580292380152,-33.33333333333333,35.59758187038938,129.10466649904563,35.5978719396424,129.10476207835816,411.6279069767442,261.6279069767442,0,411.6279069767442,261.6279069767442,100.0,250.0,76,83,INSIDE,CLEAR,False,,,True,100.0,100.0,100.0,False,311.6279069767442,161.6279069767442,311.6279069767442,161.6279069767442,1,200.0,350.0,0,100.0,250.0,ALL_CLEAR,,100.0,,37,ALL_CLEAR,,100.0,,,ALL_CLEAR/PASS
landing,landing_stage1,landing_stage1,landing_stage1,TF,9,17,2,11271.90762278204,1792.4056839744444,99.57580292380152,0.0,35.59758187038938,129.10466649904563,35.59758187038938,129.10466649904563,411.6279069767442,261.6279069767442,0,411.6279069767442,261.6279069767442,100.0,250.0,76,83,INSIDE,CLEAR,False,,,True,100.0,100.0,100.0,False,311.6279069767442,161.6279069767442,311.6279069767442,161.6279069767442,1,200.0,350.0,0,100.0,250.0,ALL_CLEAR,,100.0,,37,ALL_CLEAR,,100.0,,,ALL_CLEAR/PASS
landing,landing_stage1,landing_stage1,landing_stage1,TF,9,17,2,11271.90762278204,1792.4056839744444,99.57580292380152,33.33333333333334,35.59758187038938,129.10466649904563,35.59729180113635,129.1045709197331,411.6279069767442,261.6279069767442,0,411.6279069767442,261.6279069767442,100.0,250.0,76,83,INSIDE,CLEAR,False,,,True,100.0,100.0,100.0,False,311.6279069767442,161.6279069767442,311.6279069767442,161.6279069767442,1,200.0,350.0,0,100.0,250.0,ALL_CLEAR,,100.0,,37,ALL_CLEAR,,100.0,,,ALL_CLEAR/PASS
landing,landing_stage1,landing_stage1,landing_stage1,TF,9,17,2,11271.90762278204,1792.4056839744444,99.57580292380152,66.66666666666669,35.59758187038938,129.10466649904563,35.597001731883324,129.1044753404206,411.6279069767442,261.6279069767442,0,411.6279069767442,261.6279069767442,100.0,250.0,75,83,INSIDE,CLEAR,False,,,True,100.0,100.0,100.0,False,311.6279069767442,161.6279069767442,311.6279069767442,161.6279069767442,1,200.0,350.0,0,100.0,250.0,ALL_CLEAR,,100.0,,37,ALL_CLEAR,,100.0,,,ALL_CLEAR/PASS
landing,landing_stage1,landing_stage1,landing_stage1,TF,9,17,2,11271.90762278204,1792.4056839744444,99.57580292380152,100.0,35.59758187038938,129.10466649904563,35.5967116626303,129.10437976110808,411.6279069767442,261.6279069767442,0,411.6279069767442,261.6279069767442,100.0,250.0,75,82,INSIDE,CLEAR,False,,,True,100.0,100.0,100.0,False,311.6279069767442,161.6279069767442,311.6279069767442,161.6279069767442,1,200.0,350.0,0,100.0,250.0,ALL_CLEAR,,100.0,,37,ALL_CLEAR,,100.0,,,ALL_CLEAR/PASS
landing,landing_stage1,landing_stage1,landing_stage1,TF,9,18,0,11271.90762278204,1792.4056839744444,0.0,-100.0,35.59758187038938,129.10466649904563,35.59845207797939,129.10495323859098,411.6279069767442,261.6279069767442,0,411.6279069767442,261.6279069767442,100.0,250.0,77,83,INSIDE,CLEAR,False,,,True,100.0,100.0,100.0,False,311.6279069767442,161.6279069767442,311.6279069767442,161.6279069767442,1,200.0,350.0,0,100.0,250.0,ALL_CLEAR,,100.0,,37,ALL_CLEAR,,100.0,,,ALL_CLEAR/PASS
landing,landing_stage1,landing_stage1,landing_stage1,TF,9,18,0,11271.90762278204,1792.4056839744444,0.0,-66.66666666666666,35.59758187038938,129.10466649904563,35.598162008782715,129.10485765874253,411.6279069767442,261.6279069767442,0,411.6279069767442,261.6279069767442,100.0,250.0,77,83,INSIDE,CLEAR,False,,,True,100.0,100.0,100.0,False,311.6279069767442,161.6279069767442,311.6279069767442,161.6279069767442,1,200.0,350.0,0,100.0,250.0,ALL_CLEAR,,100.0,,37,ALL_CLEAR,,100.0,,,ALL_CLEAR/PASS
landing,landing_stage1,landing_stage1,landing_stage1,TF,9,18,0,11271.90762278204,1792.4056839744444,0.0,-33.33333333333333,35.59758187038938,129.10466649904563,35.59787193958605,129.10476207889408,411.6279069767442,261.6279069767442,0,411.6279069767442,261.6279069767442,100.0,250.0,76,83,INSIDE,CLEAR,False,,,True,100.0,100.0,100.0,False,311.6279069767442,161.6279069767442,311.6279069767442,161.6279069767442,1,200.0,350.0,0,100.0,250.0,ALL_CLEAR,,100.0,,37,ALL_CLEAR,,100.0,,,ALL_CLEAR/PASS
landing,landing_stage1,landing_stage1,landing_stage1,TF,9,18,0,11271.90762278204,1792.4056839744444,0.0,33.33333333333334,35.59758187038938,129.10466649904563,35.5972918011927,129.1045709191972,411.6279069767442,261.6279069767442,0,411.6279069767442,261.6279069767442,100.0,250.0,76,83,INSIDE,CLEAR,False,,,True,100.0,100.0,100.0,False,311.6279069767442,161.6279069767442,311.6279069767442,161.6279069767442,1,200.0,350.0,0,100.0,250.0,ALL_CLEAR,,100.0,,37,ALL_CLEAR,,100.0,,,ALL_CLEAR/PASS
landing,landing_stage1,landing_stage1,landing_stage1,TF,9,18,0,11271.90762278204,1792.4056839744444,0.0,66.66666666666669,35.59758187038938,129.10466649904563,35.59700173199604,129.10447533934874,411.6279069767442,261.6279069767442,0,411.6279069767442,261.6279069767442,100.0,250.0,75,83,INSIDE,CLEAR,False,,,True,100.0,100.0,100.0,False,311.6279069767442,161.6279069767442,311.6279069767442,161.6279069767442,1,200.0,350.0,0,100.0,250.0,ALL_CLEAR,,100.0,,37,ALL_CLEAR,,100.0,,,ALL_CLEAR/PASS
landing,landing_stage1,landing_stage1,landing_stage1,TF,9,18,0,11271.90762278204,1792.4056839744444,0.0,100.0,35.59758187038938,129.10466649904563,35.596711662799365,129.1043797595003,411.6279069767442,261.6279069767442,0,411.6279069767442,261.6279069767442,100.0,250.0,75,82,INSIDE,CLEAR,False,,,True,100.0,100.0,100.0,False,311.6279069767442,161.6279069767442,311.6279069767442,161.6279069767442,1,200.0,350.0,0,100.0,250.0,ALL_CLEAR,,100.0,,37,ALL_CLEAR,,100.0,,,ALL_CLEAR/PASS
landing,landing_stage1,landing_stage1,landing_stage1,TF,9,18,1,11321.695389496317,1842.193450688721,49.787766714277176,-100.0,35.59769795298159,129.1041336690647,35.5985681605716,129.10442040861005,406.3953488372093,256.3953488372093,0,406.3953488372093,256.3953488372093,100.0,250.0,77,82,INSIDE,CLEAR,False,,,True,100.0,100.0,100.0,False,306.3953488372093,156.39534883720933,306.3953488372093,156.39534883720933,1,200.0,350.0,0,100.0,250.0,ALL_CLEAR,,100.0,,38,ALL_CLEAR,,100.0,,,ALL_CLEAR/PASS
landing,landing_stage1,landing_stage1,landing_stage1,TF,9,18,1,11321.695389496317,1842.193450688721,49.787766714277176,-66.66666666666666,35.59769795298159,129.1041336690647,35.59827809137493,129.1043248287616,406.3953488372093,256.3953488372093,0,406.3953488372093,256.3953488372093,100.0,250.0,77,82,INSIDE,CLEAR,False,,,True,100.0,100.0,100.0,False,306.3953488372093,156.39534883720933,306.3953488372093,156.39534883720933,1,200.0,350.0,0,100.0,250.0,ALL_CLEAR,,100.0,,38,ALL_CLEAR,,100.0,,,ALL_CLEAR/PASS
landing,landing_stage1,landing_stage1,landing_stage1,TF,9,18,1,11321.695389496317,1842.193450688721,49.787766714277176,-33.33333333333333,35.59769795298159,129.1041336690647,35.597988022178264,129.10422924891316,406.3953488372093,256.3953488372093,0,406.3953488372093,256.3953488372093,100.0,250.0,76,82,INSIDE,CLEAR,False,,,True,100.0,100.0,100.0,False,306.3953488372093,156.39534883720933,306.3953488372093,156.39534883720933,1,200.0,350.0,0,100.0,250.0,ALL_CLEAR,,100.0,,38,ALL_CLEAR,,100.0,,,ALL_CLEAR/PASS
landing,landing_stage1,landing_stage1,landing_stage1,TF,9,18,1,11321.695389496317,1842.193450688721,49.787766714277176,0.0,35.59769795298159,129.1041336690647,35.59769795298159,129.1041336690647,406.3953488372093,256.3953488372093,0,406.3953488372093,256.3953488372093,100.0,250.0,76,82,INSIDE,CLEAR,False,,,True,100.0,100.0,100.0,False,306.3953488372093,156.39534883720933,306.3953488372093,156.39534883720933,1,200.0,350.0,0,100.0,250.0,ALL_CLEAR,,100.0,,38,ALL_CLEAR,,100.0,,,ALL_CLEAR/PASS
landing,landing_stage1,landing_stage1,landing_stage1,TF,9,18,1,11321.695389496317,1842.193450688721,49.787766714277176,33.33333333333334,35.59769795298159,129.1041336690647,35.59740788378492,129.1040380892163,406.3953488372093,256.3953488372093,0,406.3953488372093,256.3953488372093,100.0,250.0,76,82,INSIDE,CLEAR,False,,,True,100.0,100.0,100.0,False,306.3953488372093,156.39534883720933,306.3953488372093,156.39534883720933,1,200.0,350.0,0,100.0,250.0,ALL_CLEAR,,100.0,,38,ALL_CLEAR,,100.0,,,ALL_CLEAR/PASS
landing,landing_stage1,landing_stage1,landing_stage1,TF,9,18,1,11321.695389496317,1842.193450688721,49.787766714277176,66.66666666666669,35.59769795298159,129.1041336690647,35.59711781458825,129.10394250936784,406.3953488372093,256.3953488372093,0,406.3953488372093,256.3953488372093,100.0,250.0,75,82,INSIDE,CLEAR,False,,,True,100.0,100.0,100.0,False,306.3953488372093,156.39534883720933,306.3953488372093,156.39534883720933,1,200.0,350.0,0,100.0,250.0,ALL_CLEAR,,100.0,,38,ALL_CLEAR,,100.0,,,ALL_CLEAR/PASS
landing,landing_stage1,landing_stage1,landing_stage1,TF,9,18,1,11321.695389496317,1842.193450688721,49.787766714277176,100.0,35.59769795298159,129.1041336690647,35.59682774539158,129.1038469295194,406.3953488372093,256.3953488372093,0,406.3953488372093,256.3953488372093,100.0,250.0,75,82,INSIDE,CLEAR,False,,,True,100.0,100.0,100.0,False,306.3953488372093,156.39534883720933,306.3953488372093,156.39534883720933,1,200.0,350.0,0,100.0,250.0,ALL_CLEAR,,100.0,,38,ALL_CLEAR,,100.0,,,ALL_CLEAR/PASS
landing,landing_stage1,landing_stage1,landing_stage1,TF,9,18,2,11371.483156210596,1891.9812174029994,99.57553342855435,-100.0,35.597814035573805,129.1036008390838,35.59868424316382,129.10388757862916,401.1627906976744,251.16279069767438,0,401.1627906976744,251.16279069767438,100.0,250.0,77,82,INSIDE,CLEAR,False,,,True,100.0,100.0,100.0,False,301.1627906976744,151.16279069767438,301.1627906976744,151.16279069767438,1,200.0,350.0,0,100.0,250.0,ALL_CLEAR,,100.0,,39,ALL_CLEAR,,100.0,,,ALL_CLEAR/PASS
landing,landing_stage1,landing_stage1,landing_stage1,TF,9,18,2,11371.483156210596,1891.9812174029994,99.57553342855435,-66.66666666666666,35.597814035573805,129.1036008390838,35.598394173967144,129.1037919987807,401.1627906976744,251.16279069767438,0,401.1627906976744,251.16279069767438,100.0,250.0,77,82,INSIDE,CLEAR,False,,,True,100.0,100.0,100.0,False,301.1627906976744,151.16279069767438,301.1627906976744,151.16279069767438,1,200.0,350.0,0,100.0,250.0,ALL_CLEAR,,100.0,,39,ALL_CLEAR,,100.0,,,ALL_CLEAR/PASS
landing,landing_stage1,landing_stage1,landing_stage1,TF,9,18,2,11371.483156210596,1891.9812174029994,99.57553342855435,-33.33333333333333,35.597814035573805,129.1036008390838,35.59810410477048,129.10369641893226,401.1627906976744,251.16279069767438,0,401.1627906976744,251.16279069767438,100.0,250.0,77,82,INSIDE,CLEAR,False,,,True,100.0,100.0,100.0,False,301.1627906976744,151.16279069767438,301.1627906976744,151.16279069767438,1,200.0,350.0,0,100.0,250.0,ALL_CLEAR,,100.0,,39,ALL_CLEAR,,100.0,,,ALL_CLEAR/PASS
landing,landing_stage1,landing_stage1,landing_stage1,TF,9,18,2,11371.483156210596,1891.9812174029994,99.57553342855435,0.0,35.597814035573805,129.1036008390838,35.597814035573805,129.1036008390838,401.1627906976744,251.16279069767438,0,401.1627906976744,251.16279069767438,100.0,250.0,76,82,INSIDE,CLEAR,False,,,True,100.0,100.0,100.0,False,301.1627906976744,151.16279069767438,301.1627906976744,151.16279069767438,1,200.0,350.0,0,100.0,250.0,ALL_CLEAR,,100.0,,39,ALL_CLEAR,,100.0,,,ALL_CLEAR/PASS
landing,landing_stage1,landing_stage1,landing_stage1,TF,9,18,2,11371.483156210596,1891.9812174029994,99.57553342855435,33.33333333333334,35.597814035573805,129.1036008390838,35.59752396637713,129.10350525923536,401.1627906976744,251.16279069767438,0,401.1627906976744,251.16279069767438,100.0,250.0,76,82,INSIDE,CLEAR,False,,,True,100.0,100.0,100.0,False,301.1627906976744,151.16279069767438,301.1627906976744,151.16279069767438,1,200.0,350.0,0,100.0,250.0,ALL_CLEAR,,100.0,,39,ALL_CLEAR,,100.0,,,ALL_CLEAR/PASS
landing,landing_stage1,landing_stage1,landing_stage1,TF,9,18,2,11371.483156210596,1891.9812174029994,99.57553342855435,66.66666666666669,35.597814035573805,129.1036008390838,35.597233897180466,129.1034096793869,401.1627906976744,251.16279069767438,0,401.1627906976744,251.16279069767438,100.0,250.0,76,81,INSIDE,CLEAR,False,,,True,100.0,100.0,100.0,False,301.1627906976744,151.16279069767438,301.1627906976744,151.16279069767438,1,200.0,350.0,0,100.0,250.0,ALL_CLEAR,,100.0,,39,ALL_CLEAR,,100.0,,,ALL_CLEAR/PASS
landing,landing_stage1,landing_stage1,landing_stage1,TF,9,18,2,11371.483156210596,1891.9812174029994,99.57553342855435,100.0,35.597814035573805,129.1036008390838,35.59694382798379,129.10331409953847,401.1627906976744,251.16279069767438,0,401.1627906976744,251.16279069767438,100.0,250.0,75,81,INSIDE,CLEAR,False,,,True,100.0,100.0,100.0,False,301.1627906976744,151.16279069767438,301.1627906976744,151.16279069767438,1,200.0,350.0,0,100.0,250.0,ALL_CLEAR,,100.0,,39,ALL_CLEAR,,100.0,,,ALL_CLEAR/PASS
landing,landing_stage1,landing_stage1,landing_stage1,TF,9,19,0,11371.483156210596,1891.9812174029994,0.0,-100.0,35.597814035573805,129.1036008390838,35.59868424299475,129.10388758023697,401.1627906976744,251.16279069767438,0,401.1627906976744,251.16279069767438,100.0,250.0,77,82,INSIDE,CLEAR,False,,,True,100.0,100.0,100.0,False,301.1627906976744,151.16279069767438,301.1627906976744,151.16279069767438,1,200.0,350.0,0,100.0,250.0,ALL_CLEAR,,100.0,,39,ALL_CLEAR,,100.0,,,ALL_CLEAR/PASS
landing,landing_stage1,landing_stage1,landing_stage1,TF,9,19,0,11371.483156210596,1891.9812174029994,0.0,-66.66666666666666,35.597814035573805,129.1036008390838,35.59839417385443,129.10379199985258,401.1627906976744,251.16279069767438,0,401.1627906976744,251.16279069767438,100.0,250.0,77,82,INSIDE,CLEAR,False,,,True,100.0,100.0,100.0,False,301.1627906976744,151.16279069767438,301.1627906976744,151.16279069767438,1,200.0,350.0,0,100.0,250.0,ALL_CLEAR,,100.0,,39,ALL_CLEAR,,100.0,,,ALL_CLEAR/PASS
landing,landing_stage1,landing_stage1,landing_stage1,TF,9,19,0,11371.483156210596,1891.9812174029994,0.0,-33.33333333333333,35.597814035573805,129.1036008390838,35.59810410471412,129.1036964194682,401.1627906976744,251.16279069767438,0,401.1627906976744,251.16279069767438,100.0,250.0,77,82,INSIDE,CLEAR,False,,,True,100.0,100.0,100.0,False,301.1627906976744,151.16279069767438,301.1627906976744,151.16279069767438,1,200.0,350.0,0,100.0,250.0,ALL_CLEAR,,100.0,,39,ALL_CLEAR,,100.0,,,ALL_CLEAR/PASS
landing,landing_stage1,landing_stage1,landing_stage1,TF,9,19,0,11371.483156210596,1891.9812174029994,0.0,33.33333333333334,35.597814035573805,129.1036008390838,35.59752396643349,129.1035052586994,401.1627906976744,251.16279069767438,0,401.1627906976744,251.16279069767438,100.0,250.0,76,82,INSIDE,CLEAR,False,,,True,100.0,100.0,100.0,False,301.1627906976744,151.16279069767438,301.1627906976744,151.16279069767438,1,200.0,350.0,0,100.0,250.0,ALL_CLEAR,,100.0,,39,ALL_CLEAR,,100.0,,,ALL_CLEAR/PASS
landing,landing_stage1,landing_stage1,landing_stage1,TF,9,19,0,11371.483156210596,1891.9812174029994,0.0,66.66666666666669,35.597814035573805,129.1036008390838,35.59723389729318,129.10340967831505,401.1627906976744,251.16279069767438,0,401.1627906976744,251.16279069767438,100.0,250.0,76,81,INSIDE,CLEAR,False,,,True,100.0,100.0,100.0,False,301.1627906976744,151.16279069767438,301.1627906976744,151.16279069767438,1,200.0,350.0,0,100.0,250.0,ALL_CLEAR,,100.0,,39,ALL_CLEAR,,100.0,,,ALL_CLEAR/PASS
landing,landing_stage1,landing_stage1,landing_stage1,TF,9,19,0,11371.483156210596,1891.9812174029994,0.0,100.0,35.597814035573805,129.1036008390838,35.59694382815286,129.10331409793065,401.1627906976744,251.16279069767438,0,401.1627906976744,251.16279069767438,100.0,250.0,75,81,INSIDE,CLEAR,False,,,True,100.0,100.0,100.0,False,301.1627906976744,151.16279069767438,301.1627906976744,151.16279069767438,1,200.0,350.0,0,100.0,250.0,ALL_CLEAR,,100.0,,39,ALL_CLEAR,,100.0,,,ALL_CLEAR/PASS
landing,landing_stage1,landing_stage1,landing_stage1,TF,9,19,1,11421.27078817641,1941.7688493688147,49.78763196581502,-100.0,35.59793011816602,129.1030680091029,35.59880032558696,129.10335475025605,395.9302325581395,245.9302325581395,0,395.9302325581395,245.9302325581395,100.0,250.0,77,81,INSIDE,CLEAR,False,,,True,100.0,100.0,100.0,False,295.9302325581395,145.9302325581395,295.9302325581395,145.9302325581395,1,200.0,350.0,0,100.0,250.0,ALL_CLEAR,,100.0,,40,ALL_CLEAR,,100.0,,,ALL_CLEAR/PASS
landing,landing_stage1,landing_stage1,landing_stage1,TF,9,19,1,11421.27078817641,1941.7688493688147,49.78763196581502,-66.66666666666666,35.59793011816602,129.1030680091029,35.598510256446644,129.10325916987168,395.9302325581395,245.9302325581395,0,395.9302325581395,245.9302325581395,100.0,250.0,77,81,INSIDE,CLEAR,False,,,True,100.0,100.0,100.0,False,295.9302325581395,145.9302325581395,295.9302325581395,145.9302325581395,1,200.0,350.0,0,100.0,250.0,ALL_CLEAR,,100.0,,40,ALL_CLEAR,,100.0,,,ALL_CLEAR/PASS
landing,landing_stage1,landing_stage1,landing_stage1,TF,9,19,1,11421.27078817641,1941.7688493688147,49.78763196581502,-33.33333333333333,35.59793011816602,129.1030680091029,35.59822018730633,129.10316358948728,395.9302325581395,245.9302325581395,0,395.9302325581395,245.9302325581395,100.0,250.0,77,81,INSIDE,CLEAR,False,,,True,100.0,100.0,100.0,False,295.9302325581395,145.9302325581395,295.9302325581395,145.9302325581395,1,200.0,350.0,0,100.0,250.0,ALL_CLEAR,,100.0,,40,ALL_CLEAR,,100.0,,,ALL_CLEAR/PASS
landing,landing_stage1,landing_stage1,landing_stage1,TF,9,19,1,11421.27078817641,1941.7688493688147,49.78763196581502,0.0,35.59793011816602,129.1030680091029,35.59793011816602,129.1030680091029,395.9302325581395,245.9302325581395,0,395.9302325581395,245.9302325581395,100.0,250.0,76,81,INSIDE,CLEAR,False,,,True,100.0,100.0,100.0,False,295.9302325581395,145.9302325581395,295.9302325581395,145.9302325581395,1,200.0,350.0,0,100.0,250.0,ALL_CLEAR,,100.0,,40,ALL_CLEAR,,100.0,,,ALL_CLEAR/PASS
landing,landing_stage1,landing_stage1,landing_stage1,TF,9,19,1,11421.27078817641,1941.7688493688147,49.78763196581502,33.33333333333334,35.59793011816602,129.1030680091029,35.5976400490257,129.10297242871852,395.9302325581395,245.9302325581395,0,395.9302325581395,245.9302325581395,100.0,250.0,76,81,INSIDE,CLEAR,False,,,True,100.0,100.0,100.0,False,295.9302325581395,145.9302325581395,295.9302325581395,145.9302325581395,1,200.0,350.0,0,100.0,250.0,ALL_CLEAR,,100.0,,40,ALL_CLEAR,,100.0,,,ALL_CLEAR/PASS
landing,landing_stage1,landing_stage1,landing_stage1,TF,9,19,1,11421.27078817641,1941.7688493688147,49.78763196581502,66.66666666666669,35.59793011816602,129.1030680091029,35.59734997988539,129.10287684833412,395.9302325581395,245.9302325581395,0,395.9302325581395,245.9302325581395,100.0,250.0,76,81,INSIDE,CLEAR,False,,,True,100.0,100.0,100.0,False,295.9302325581395,145.9302325581395,295.9302325581395,145.9302325581395,1,200.0,350.0,0,100.0,250.0,ALL_CLEAR,,100.0,,40,ALL_CLEAR,,100.0,,,ALL_CLEAR/PASS
landing,landing_stage1,landing_stage1,landing_stage1,TF,9,19,1,11421.27078817641,1941.7688493688147,49.78763196581502,100.0,35.59793011816602,129.1030680091029,35.597059910745074,129.10278126794975,395.9302325581395,245.9302325581395,0,395.9302325581395,245.9302325581395,100.0,250.0,75,81,INSIDE,CLEAR,False,,,True,100.0,100.0,100.0,False,295.9302325581395,145.9302325581395,295.9302325581395,145.9302325581395,1,200.0,350.0,0,100.0,250.0,ALL_CLEAR,,100.0,,40,ALL_CLEAR,,100.0,,,ALL_CLEAR/PASS
landing,landing_stage1,landing_stage1,landing_stage1,TF,9,19,2,11471.058420142226,1991.55648133463,99.57526393163003,-100.0,35.598046200758226,129.102535179122,35.59891640817917,129.10282192027515,390.6976744186046,240.6976744186046,0,390.6976744186046,240.6976744186046,100.0,250.0,78,81,INSIDE,CLEAR,False,,,True,100.0,100.0,100.0,False,290.6976744186046,140.6976744186046,290.6976744186046,140.6976744186046,1,200.0,350.0,0,100.0,250.0,ALL_CLEAR,,100.0,,41,ALL_CLEAR,,100.0,,,ALL_CLEAR/PASS
landing,landing_stage1,landing_stage1,landing_stage1,TF,9,19,2,11471.058420142226,1991.55648133463,99.57526393163003,-66.66666666666666,35.598046200758226,129.102535179122,35.59862633903885,129.10272633989075,390.6976744186046,240.6976744186046,0,390.6976744186046,240.6976744186046,100.0,250.0,77,81,INSIDE,CLEAR,False,,,True,100.0,100.0,100.0,False,290.6976744186046,140.6976744186046,290.6976744186046,140.6976744186046,1,200.0,350.0,0,100.0,250.0,ALL_CLEAR,,100.0,,41,ALL_CLEAR,,100.0,,,ALL_CLEAR/PASS
landing,landing_stage1,landing_stage1,landing_stage1,TF,9,19,2,11471.058420142226,1991.55648133463,99.57526393163003,-33.33333333333333,35.598046200758226,129.102535179122,35.59833626989854,129.10263075950638,390.6976744186046,240.6976744186046,0,390.6976744186046,240.6976744186046,100.0,250.0,77,81,INSIDE,CLEAR,False,,,True,100.0,100.0,100.0,False,290.6976744186046,140.6976744186046,290.6976744186046,140.6976744186046,1,200.0,350.0,0,100.0,250.0,ALL_CLEAR,,100.0,,41,ALL_CLEAR,,100.0,,,ALL_CLEAR/PASS
landing,landing_stage1,landing_stage1,landing_stage1,TF,9,19,2,11471.058420142226,1991.55648133463,99.57526393163003,0.0,35.598046200758226,129.102535179122,35.598046200758226,129.102535179122,390.6976744186046,240.6976744186046,0,390.6976744186046,240.6976744186046,100.0,250.0,77,81,INSIDE,CLEAR,False,,,True,100.0,100.0,100.0,False,290.6976744186046,140.6976744186046,290.6976744186046,140.6976744186046,1,200.0,350.0,0,100.0,250.0,ALL_CLEAR,,100.0,,41,ALL_CLEAR,,100.0,,,ALL_CLEAR/PASS
landing,landing_stage1,landing_stage1,landing_stage1,TF,9,19,2,11471.058420142226,1991.55648133463,99.57526393163003,33.33333333333334,35.598046200758226,129.102535179122,35.59775613161791,129.1024395987376,390.6976744186046,240.6976744186046,0,390.6976744186046,240.6976744186046,100.0,250.0,76,81,INSIDE,CLEAR,False,,,True,100.0,100.0,100.0,False,290.6976744186046,140.6976744186046,290.6976744186046,140.6976744186046,1,200.0,350.0,0,100.0,250.0,ALL_CLEAR,,100.0,,41,ALL_CLEAR,,100.0,,,ALL_CLEAR/PASS
landing,landing_stage1,landing_stage1,landing_stage1,TF,9,19,2,11471.058420142226,1991.55648133463,99.57526393163003,66.66666666666669,35.598046200758226,129.102535179122,35.5974660624776,129.10234401835322,390.6976744186046,240.6976744186046,0,390.6976744186046,240.6976744186046,100.0,250.0,76,80,INSIDE,CLEAR,False,,,True,100.0,100.0,100.0,False,290.6976744186046,140.6976744186046,290.6976744186046,140.6976744186046,1,200.0,350.0,0,100.0,250.0,ALL_CLEAR,,100.0,,41,ALL_CLEAR,,100.0,,,ALL_CLEAR/PASS
landing,landing_stage1,landing_stage1,landing_stage1,TF,9,19,2,11471.058420142226,1991.55648133463,99.57526393163003,100.0,35.598046200758226,129.102535179122,35.59717599333728,129.10224843796883,390.6976744186046,240.6976744186046,0,390.6976744186046,240.6976744186046,100.0,250.0,75,80,INSIDE,CLEAR,False,,,True,100.0,100.0,100.0,False,290.6976744186046,140.6976744186046,290.6976744186046,140.6976744186046,1,200.0,350.0,0,100.0,250.0,ALL_CLEAR,,100.0,,41,ALL_CLEAR,,100.0,,,ALL_CLEAR/PASS
landing,landing_stage1,landing_stage1,landing_stage1,TF,9,20,0,11471.058420142226,1991.55648133463,0.0,-100.0,35.598046200758226,129.102535179122,35.5989164080101,129.10282192188296,390.6976744186046,240.6976744186046,0,390.6976744186046,240.6976744186046,100.0,250.0,78,81,INSIDE,CLEAR,False,,,True,100.0,100.0,100.0,False,290.6976744186046,140.6976744186046,290.6976744186046,140.6976744186046,1,200.0,350.0,0,100.0,250.0,ALL_CLEAR,,100.0,,41,ALL_CLEAR,,100.0,,,ALL_CLEAR/PASS
landing,landing_stage1,landing_stage1,landing_stage1,TF,9,20,0,11471.058420142226,1991.55648133463,0.0,-66.66666666666666,35.598046200758226,129.102535179122,35.59862633892614,129.10272634096265,390.6976744186046,240.6976744186046,0,390.6976744186046,240.6976744186046,100.0,250.0,77,81,INSIDE,CLEAR,False,,,True,100.0,100.0,100.0,False,290.6976744186046,140.6976744186046,290.6976744186046,140.6976744186046,1,200.0,350.0,0,100.0,250.0,ALL_CLEAR,,100.0,,41,ALL_CLEAR,,100.0,,,ALL_CLEAR/PASS
landing,landing_stage1,landing_stage1,landing_stage1,TF,9,20,0,11471.058420142226,1991.55648133463,0.0,-33.33333333333333,35.598046200758226,129.102535179122,35.598336269842186,129.1026307600423,390.6976744186046,240.6976744186046,0,390.6976744186046,240.6976744186046,100.0,250.0,77,81,INSIDE,CLEAR,False,,,True,100.0,100.0,100.0,False,290.6976744186046,140.6976744186046,290.6976744186046,140.6976744186046,1,200.0,350.0,0,100.0,250.0,ALL_CLEAR,,100.0,,41,ALL_CLEAR,,100.0,,,ALL_CLEAR/PASS
landing,landing_stage1,landing_stage1,landing_stage1,TF,9,20,0,11471.058420142226,1991.55648133463,0.0,33.33333333333334,35.598046200758226,129.102535179122,35.59775613167427,129.10243959820167,390.6976744186046,240.6976744186046,0,390.6976744186046,240.6976744186046,100.0,250.0,76,81,INSIDE,CLEAR,False,,,True,100.0,100.0,100.0,False,290.6976744186046,140.6976744186046,290.6976744186046,140.6976744186046,1,200.0,350.0,0,100.0,250.0,ALL_CLEAR,,100.0,,41,ALL_CLEAR,,100.0,,,ALL_CLEAR/PASS
landing,landing_stage1,landing_stage1,landing_stage1,TF,9,20,0,11471.058420142226,1991.55648133463,0.0,66.66666666666669,35.598046200758226,129.102535179122,35.597466062590314,129.10234401728133,390.6976744186046,240.6976744186046,0,390.6976744186046,240.6976744186046,100.0,250.0,76,80,INSIDE,CLEAR,False,,,True,100.0,100.0,100.0,False,290.6976744186046,140.6976744186046,290.6976744186046,140.6976744186046,1,200.0,350.0,0,100.0,250.0,ALL_CLEAR,,100.0,,41,ALL_CLEAR,,100.0,,,ALL_CLEAR/PASS
landing,landing_stage1,landing_stage1,landing_stage1,TF,9,20,0,11471.058420142226,1991.55648133463,0.0,100.0,35.598046200758226,129.102535179122,35.597175993506355,129.102248436361,390.6976744186046,240.6976744186046,0,390.6976744186046,240.6976744186046,100.0,250.0,75,80,INSIDE,CLEAR,False,,,True,100.0,100.0,100.0,False,290.6976744186046,140.6976744186046,290.6976744186046,140.6976744186046,1,200.0,350.0,0,100.0,250.0,ALL_CLEAR,,100.0,,41,ALL_CLEAR,,100.0,,,ALL_CLEAR/PASS
landing,landing_stage1,landing_stage1,landing_stage1,TF,9,20,1,11520.845917358945,2041.3439785513492,49.78749721671838,-100.0,35.59816228335043,129.10200234914106,35.599032490602305,129.10228909190207,385.4651162790698,235.46511627906978,0,385.4651162790698,235.46511627906978,100.0,250.0,78,80,INSIDE,CLEAR,False,,,True,100.0,100.0,100.0,False,285.4651162790698,135.46511627906978,285.4651162790698,135.46511627906978,1,200.0,350.0,0,100.0,250.0,ALL_CLEAR,,100.0,,42,ALL_CLEAR,,100.0,,,ALL_CLEAR/PASS
landing,landing_stage1,landing_stage1,landing_stage1,TF,9,20,1,11520.845917358945,2041.3439785513492,49.78749721671838,-66.66666666666666,35.59816228335043,129.10200234914106,35.59874242151835,129.10219351098172,385.4651162790698,235.46511627906978,0,385.4651162790698,235.46511627906978,100.0,250.0,77,80,INSIDE,CLEAR,False,,,True,100.0,100.0,100.0,False,285.4651162790698,135.46511627906978,285.4651162790698,135.46511627906978,1,200.0,350.0,0,100.0,250.0,ALL_CLEAR,,100.0,,42,ALL_CLEAR,,100.0,,,ALL_CLEAR/PASS
landing,landing_stage1,landing_stage1,landing_stage1,TF,9,20,1,11520.845917358945,2041.3439785513492,49.78749721671838,-33.33333333333333,35.59816228335043,129.10200234914106,35.59845235243439,129.1020979300614,385.4651162790698,235.46511627906978,0,385.4651162790698,235.46511627906978,100.0,250.0,77,80,INSIDE,CLEAR,False,,,True,100.0,100.0,100.0,False,285.4651162790698,135.46511627906978,285.4651162790698,135.46511627906978,1,200.0,350.0,0,100.0,250.0,ALL_CLEAR,,100.0,,42,ALL_CLEAR,,100.0,,,ALL_CLEAR/PASS
landing,landing_stage1,landing_stage1,landing_stage1,TF,9,20,1,11520.845917358945,2041.3439785513492,49.78749721671838,0.0,35.59816228335043,129.10200234914106,35.59816228335043,129.10200234914106,385.4651162790698,235.46511627906978,0,385.4651162790698,235.46511627906978,100.0,250.0,77,80,INSIDE,CLEAR,False,,,True,100.0,100.0,100.0,False,285.4651162790698,135.46511627906978,285.4651162790698,135.46511627906978,1,200.0,350.0,0,100.0,250.0,ALL_CLEAR,,100.0,,42,ALL_CLEAR,,100.0,,,ALL_CLEAR/PASS
landing,landing_stage1,landing_stage1,landing_stage1,TF,9,20,1,11520.845917358945,2041.3439785513492,49.78749721671838,33.33333333333334,35.59816228335043,129.10200234914106,35.59787221426648,129.10190676822074,385.4651162790698,235.46511627906978,0,385.4651162790698,235.46511627906978,100.0,250.0,76,80,INSIDE,CLEAR,False,,,True,100.0,100.0,100.0,False,285.4651162790698,135.46511627906978,285.4651162790698,135.46511627906978,1,200.0,350.0,0,100.0,250.0,ALL_CLEAR,,100.0,,42,ALL_CLEAR,,100.0,,,ALL_CLEAR/PASS
landing,landing_stage1,landing_stage1,landing_stage1,TF,9,20,1,11520.845917358945,2041.3439785513492,49.78749721671838,66.66666666666669,35.59816228335043,129.10200234914106,35.59758214518252,129.10181118730043,385.4651162790698,235.46511627906978,0,385.4651162790698,235.46511627906978,100.0,250.0,76,80,INSIDE,CLEAR,False,,,True,100.0,100.0,100.0,False,285.4651162790698,135.46511627906978,285.4651162790698,135.46511627906978,1,200.0,350.0,0,100.0,250.0,ALL_CLEAR,,100.0,,42,ALL_CLEAR,,100.0,,,ALL_CLEAR/PASS
landing,landing_stage1,landing_stage1,landing_stage1,TF,9,20,1,11520.845917358945,2041.3439785513492,49.78749721671838,100.0,35.59816228335043,129.10200234914106,35.59729207609857,129.10171560638008,385.4651162790698,235.46511627906978,0,385.4651162790698,235.46511627906978,100.0,250.0,76,80,INSIDE,CLEAR,False,,,True,100.0,100.0,100.0,False,285.4651162790698,135.46511627906978,285.4651162790698,135.46511627906978,1,200.0,350.0,0,100.0,250.0,ALL_CLEAR,,100.0,,42,ALL_CLEAR,,100.0,,,ALL_CLEAR/PASS
landing,landing_stage1,landing_stage1,landing_stage1,TF,9,20,2,11570.633414575663,2091.1314757680666,99.57499443343676,-100.0,35.59827836594265,129.10146951916016,35.59914857319452,129.10175626192114,380.2325581395349,230.2325581395349,0,380.2325581395349,230.2325581395349,100.0,250.0,78,80,INSIDE,CLEAR,False,,,True,100.0,100.0,100.0,False,280.2325581395349,130.2325581395349,280.2325581395349,130.2325581395349,1,200.0,350.0,0,100.0,250.0,ALL_CLEAR,,100.0,,43,ALL_CLEAR,,100.0,,,ALL_CLEAR/PASS
landing,landing_stage1,landing_stage1,landing_stage1,TF,9,20,2,11570.633414575663,2091.1314757680666,99.57499443343676,-66.66666666666666,35.59827836594265,129.10146951916016,35.59885850411056,129.10166068100082,380.2325581395349,230.2325581395349,0,380.2325581395349,230.2325581395349,100.0,250.0,78,80,INSIDE,CLEAR,False,,,True,100.0,100.0,100.0,False,280.2325581395349,130.2325581395349,280.2325581395349,130.2325581395349,1,200.0,350.0,0,100.0,250.0,ALL_CLEAR,,100.0,,43,ALL_CLEAR,,100.0,,,ALL_CLEAR/PASS
landing,landing_stage1,landing_stage1,landing_stage1,TF,9,20,2,11570.633414575663,2091.1314757680666,99.57499443343676,-33.33333333333333,35.59827836594265,129.10146951916016,35.59856843502661,129.10156510008048,380.2325581395349,230.2325581395349,0,380.2325581395349,230.2325581395349,100.0,250.0,77,80,INSIDE,CLEAR,False,,,True,100.0,100.0,100.0,False,280.2325581395349,130.2325581395349,280.2325581395349,130.2325581395349,1,200.0,350.0,0,100.0,250.0,ALL_CLEAR,,100.0,,43,ALL_CLEAR,,100.0,,,ALL_CLEAR/PASS
landing,landing_stage1,landing_stage1,landing_stage1,TF,9,20,2,11570.633414575663,2091.1314757680666,99.57499443343676,0.0,35.59827836594265,129.10146951916016,35.59827836594265,129.10146951916016,380.2325581395349,230.2325581395349,0,380.2325581395349,230.2325581395349,100.0,250.0,77,80,INSIDE,CLEAR,False,,,True,100.0,100.0,100.0,False,280.2325581395349,130.2325581395349,280.2325581395349,130.2325581395349,1,200.0,350.0,0,100.0,250.0,ALL_CLEAR,,100.0,,43,ALL_CLEAR,,100.0,,,ALL_CLEAR/PASS
landing,landing_stage1,landing_stage1,landing_stage1,TF,9,20,2,11570.633414575663,2091.1314757680666,99.57499443343676,33.33333333333334,35.59827836594265,129.10146951916016,35.59798829685869,129.10137393823985,380.2325581395349,230.2325581395349,0,380.2325581395349,230.2325581395349,100.0,250.0,76,79,INSIDE,CLEAR,False,,,True,100.0,100.0,100.0,False,280.2325581395349,130.2325581395349,280.2325581395349,130.2325581395349,1,200.0,350.0,0,100.0,250.0,ALL_CLEAR,,100.0,,43,ALL_CLEAR,,100.0,,,ALL_CLEAR/PASS
landing,landing_stage1,landing_stage1,landing_stage1,TF,9,20,2,11570.633414575663,2091.1314757680666,99.57499443343676,66.66666666666669,35.59827836594265,129.10146951916016,35.597698227774735,129.1012783573195,380.2325581395349,230.2325581395349,0,380.2325581395349,230.2325581395349,100.0,250.0,76,79,INSIDE,CLEAR,False,,,True,100.0,100.0,100.0,False,280.2325581395349,130.2325581395349,280.2325581395349,130.2325581395349,1,200.0,350.0,0,100.0,250.0,ALL_CLEAR,,100.0,,43,ALL_CLEAR,,100.0,,,ALL_CLEAR/PASS
landing,landing_stage1,landing_stage1,landing_stage1,TF,9,20,2,11570.633414575663,2091.1314757680666,99.57499443343676,100.0,35.59827836594265,129.10146951916016,35.597408158690776,129.10118277639918,380.2325581395349,230.2325581395349,0,380.2325581395349,230.2325581395349,100.0,250.0,76,79,INSIDE,CLEAR,False,,,True,100.0,100.0,100.0,False,280.2325581395349,130.2325581395349,280.2325581395349,130.2325581395349,1,200.0,350.0,0,100.0,250.0,ALL_CLEAR,,100.0,,43,ALL_CLEAR,,100.0,,,ALL_CLEAR/PASS
landing,landing_stage1,landing_stage1,landing_stage1,TF,9,21,0,11570.633414575663,2091.1314757680666,0.0,-100.0,35.59827836594265,129.10146951916016,35.59914857302544,129.101756263529,380.2325581395349,230.2325581395349,0,380.2325581395349,230.2325581395349,100.0,250.0,78,80,INSIDE,CLEAR,False,,,True,100.0,100.0,100.0,False,280.2325581395349,130.2325581395349,280.2325581395349,130.2325581395349,1,200.0,350.0,0,100.0,250.0,ALL_CLEAR,,100.0,,43,ALL_CLEAR,,100.0,,,ALL_CLEAR/PASS
landing,landing_stage1,landing_stage1,landing_stage1,TF,9,21,0,11570.633414575663,2091.1314757680666,0.0,-66.66666666666666,35.59827836594265,129.10146951916016,35.598858503997846,129.10166068207272,380.2325581395349,230.2325581395349,0,380.2325581395349,230.2325581395349,100.0,250.0,78,80,INSIDE,CLEAR,False,,,True,100.0,100.0,100.0,False,280.2325581395349,130.2325581395349,280.2325581395349,130.2325581395349,1,200.0,350.0,0,100.0,250.0,ALL_CLEAR,,100.0,,43,ALL_CLEAR,,100.0,,,ALL_CLEAR/PASS
landing,landing_stage1,landing_stage1,landing_stage1,TF,9,21,0,11570.633414575663,2091.1314757680666,0.0,-33.33333333333333,35.59827836594265,129.10146951916016,35.59856843497025,129.10156510061645,380.2325581395349,230.2325581395349,0,380.2325581395349,230.2325581395349,100.0,250.0,77,80,INSIDE,CLEAR,False,,,True,100.0,100.0,100.0,False,280.2325581395349,130.2325581395349,280.2325581395349,130.2325581395349,1,200.0,350.0,0,100.0,250.0,ALL_CLEAR,,100.0,,43,ALL_CLEAR,,100.0,,,ALL_CLEAR/PASS
landing,landing_stage1,landing_stage1,landing_stage1,TF,9,21,0,11570.633414575663,2091.1314757680666,0.0,33.33333333333334,35.59827836594265,129.10146951916016,35.59798829691505,129.10137393770387,380.2325581395349,230.2325581395349,0,380.2325581395349,230.2325581395349,100.0,250.0,76,79,INSIDE,CLEAR,False,,,True,100.0,100.0,100.0,False,280.2325581395349,130.2325581395349,280.2325581395349,130.2325581395349,1,200.0,350.0,0,100.0,250.0,ALL_CLEAR,,100.0,,43,ALL_CLEAR,,100.0,,,ALL_CLEAR/PASS
landing,landing_stage1,landing_stage1,landing_stage1,TF,9,21,0,11570.633414575663,2091.1314757680666,0.0,66.66666666666669,35.59827836594265,129.10146951916016,35.59769822788745,129.1012783562476,380.2325581395349,230.2325581395349,0,380.2325581395349,230.2325581395349,100.0,250.0,76,79,INSIDE,CLEAR,False,,,True,100.0,100.0,100.0,False,280.2325581395349,130.2325581395349,280.2325581395349,130.2325581395349,1,200.0,350.0,0,100.0,250.0,ALL_CLEAR,,100.0,,43,ALL_CLEAR,,100.0,,,ALL_CLEAR/PASS
landing,landing_stage1,landing_stage1,landing_stage1,TF,9,21,0,11570.633414575663,2091.1314757680666,0.0,100.0,35.59827836594265,129.10146951916016,35.59740815885986,129.1011827747913,380.2325581395349,230.2325581395349,0,380.2325581395349,230.2325581395349,100.0,250.0,76,79,INSIDE,CLEAR,False,,,True,100.0,100.0,100.0,False,280.2325581395349,130.2325581395349,280.2325581395349,130.2325581395349,1,200.0,350.0,0,100.0,250.0,ALL_CLEAR,,100.0,,43,ALL_CLEAR,,100.0,,,ALL_CLEAR/PASS
landing,landing_stage1,landing_stage1,landing_stage1,TF,9,21,1,11620.42077704265,2140.918838235053,49.787362466987254,-100.0,35.59839444853486,129.10093668917926,35.59926465561765,129.10122343354809,375.0,225.0,0,375.0,225.0,100.0,250.0,78,79,INSIDE,CLEAR,False,,,True,100.0,100.0,100.0,False,275.0,125.0,275.0,125.0,1,200.0,350.0,0,100.0,250.0,ALL_CLEAR,,100.0,,44,ALL_CLEAR,,100.0,,,ALL_CLEAR/PASS
landing,landing_stage1,landing_stage1,landing_stage1,TF,9,21,1,11620.42077704265,2140.918838235053,49.787362466987254,-66.66666666666666,35.59839444853486,129.10093668917926,35.59897458659006,129.10112785209182,375.0,225.0,0,375.0,225.0,100.0,250.0,78,79,INSIDE,CLEAR,False,,,True,100.0,100.0,100.0,False,275.0,125.0,275.0,125.0,1,200.0,350.0,0,100.0,250.0,ALL_CLEAR,,100.0,,44,ALL_CLEAR,,100.0,,,ALL_CLEAR/PASS
landing,landing_stage1,landing_stage1,landing_stage1,TF,9,21,1,11620.42077704265,2140.918838235053,49.787362466987254,-33.33333333333333,35.59839444853486,129.10093668917926,35.59868451756246,129.10103227063553,375.0,225.0,0,375.0,225.0,100.0,250.0,77,79,INSIDE,CLEAR,False,,,True,100.0,100.0,100.0,False,275.0,125.0,275.0,125.0,1,200.0,350.0,0,100.0,250.0,ALL_CLEAR,,100.0,,44,ALL_CLEAR,,100.0,,,ALL_CLEAR/PASS
landing,landing_stage1,landing_stage1,landing_stage1,TF,9,21,1,11620.42077704265,2140.918838235053,49.787362466987254,0.0,35.59839444853486,129.10093668917926,35.59839444853486,129.10093668917926,375.0,225.0,0,375.0,225.0,100.0,250.0,77,79,INSIDE,CLEAR,False,,,True,100.0,100.0,100.0,False,275.0,125.0,275.0,125.0,1,200.0,350.0,0,100.0,250.0,ALL_CLEAR,,100.0,,44,ALL_CLEAR,,100.0,,,ALL_CLEAR/PASS
landing,landing_stage1,landing_stage1,landing_stage1,TF,9,21,1,11620.42077704265,2140.918838235053,49.787362466987254,33.33333333333334,35.59839444853486,129.10093668917926,35.59810437950726,129.10084110772297,375.0,225.0,0,375.0,225.0,100.0,250.0,77,79,INSIDE,CLEAR,False,,,True,100.0,100.0,100.0,False,275.0,125.0,275.0,125.0,1,200.0,350.0,0,100.0,250.0,ALL_CLEAR,,100.0,,44,ALL_CLEAR,,100.0,,,ALL_CLEAR/PASS
landing,landing_stage1,landing_stage1,landing_stage1,TF,9,21,1,11620.42077704265,2140.918838235053,49.787362466987254,66.66666666666669,35.59839444853486,129.10093668917926,35.59781431047966,129.10074552626668,375.0,225.0,0,375.0,225.0,100.0,250.0,76,79,INSIDE,CLEAR,False,,,True,100.0,100.0,100.0,False,275.0,125.0,275.0,125.0,1,200.0,350.0,0,100.0,250.0,ALL_CLEAR,,100.0,,44,ALL_CLEAR,,100.0,,,ALL_CLEAR/PASS
landing,landing_stage1,landing_stage1,landing_stage1,TF,9,21,1,11620.42077704265,2140.918838235053,49.787362466987254,100.0,35.59839444853486,129.10093668917926,35.59752424145207,129.1006499448104,375.0,225.0,0,375.0,225.0,100.0,250.0,76,79,INSIDE,CLEAR,False,,,True,100.0,100.0,100.0,False,275.0,125.0,275.0,125.0,1,200.0,350.0,0,100.0,250.0,ALL_CLEAR,,100.0,,44,ALL_CLEAR,,100.0,,,ALL_CLEAR/PASS
landing,landing_stage1,landing_stage1,landing_stage1,TF,9,21,2,11670.208139509637,2190.7062007020413,99.57472493397451,-100.0,35.598510531127076,129.10040385919834,35.59938073820987,129.1006906035672,369.7674418604651,219.7674418604651,0,369.7674418604651,219.7674418604651,100.0,250.0,78,79,INSIDE,CLEAR,False,,,True,100.0,100.0,100.0,False,269.7674418604651,119.76744186046511,269.7674418604651,119.76744186046511,1,200.0,350.0,0,100.0,250.0,ALL_CLEAR,,100.0,,45,ALL_CLEAR,,100.0,,,ALL_CLEAR/PASS
landing,landing_stage1,landing_stage1,landing_stage1,TF,9,21,2,11670.208139509637,2190.7062007020413,99.57472493397451,-66.66666666666666,35.598510531127076,129.10040385919834,35.599090669182274,129.1005950221109,369.7674418604651,219.7674418604651,0,369.7674418604651,219.7674418604651,100.0,250.0,78,79,INSIDE,CLEAR,False,,,True,100.0,100.0,100.0,False,269.7674418604651,119.76744186046511,269.7674418604651,119.76744186046511,1,200.0,350.0,0,100.0,250.0,ALL_CLEAR,,100.0,,45,ALL_CLEAR,,100.0,,,ALL_CLEAR/PASS
landing,landing_stage1,landing_stage1,landing_stage1,TF,9,21,2,11670.208139509637,2190.7062007020413,99.57472493397451,-33.33333333333333,35.598510531127076,129.10040385919834,35.598800600154675,129.10049944065463,369.7674418604651,219.7674418604651,0,369.7674418604651,219.7674418604651,100.0,250.0,77,79,INSIDE,CLEAR,False,,,True,100.0,100.0,100.0,False,269.7674418604651,119.76744186046511,269.7674418604651,119.76744186046511,1,200.0,350.0,0,100.0,250.0,ALL_CLEAR,,100.0,,45,ALL_CLEAR,,100.0,,,ALL_CLEAR/PASS
landing,landing_stage1,landing_stage1,landing_stage1,TF,9,21,2,11670.208139509637,2190.7062007020413,99.57472493397451,0.0,35.598510531127076,129.10040385919834,35.598510531127076,129.10040385919834,369.7674418604651,219.7674418604651,0,369.7674418604651,219.7674418604651,100.0,250.0,77,79,INSIDE,CLEAR,False,,,True,100.0,100.0,100.0,False,269.7674418604651,119.76744186046511,269.7674418604651,119.76744186046511,1,200.0,350.0,0,100.0,250.0,ALL_CLEAR,,100.0,,45,ALL_CLEAR,,100.0,,,ALL_CLEAR/PASS
landing,landing_stage1,landing_stage1,landing_stage1,TF,9,21,2,11670.208139509637,2190.7062007020413,99.57472493397451,33.33333333333334,35.598510531127076,129.10040385919834,35.598220462099476,129.10030827774204,369.7674418604651,219.7674418604651,0,369.7674418604651,219.7674418604651,100.0,250.0,77,78,INSIDE,CLEAR,False,,,True,100.0,100.0,100.0,False,269.7674418604651,119.76744186046511,269.7674418604651,119.76744186046511,1,200.0,350.0,0,100.0,250.0,ALL_CLEAR,,100.0,,45,ALL_CLEAR,,100.0,,,ALL_CLEAR/PASS
landing,landing_stage1,landing_stage1,landing_stage1,TF,9,21,2,11670.208139509637,2190.7062007020413,99.57472493397451,66.66666666666669,35.598510531127076,129.10040385919834,35.59793039307188,129.10021269628578,369.7674418604651,219.7674418604651,0,369.7674418604651,219.7674418604651,100.0,250.0,76,78,INSIDE,CLEAR,False,,,True,100.0,100.0,100.0,False,269.7674418604651,119.76744186046511,269.7674418604651,119.76744186046511,1,200.0,350.0,0,100.0,250.0,ALL_CLEAR,,100.0,,45,ALL_CLEAR,,100.0,,,ALL_CLEAR/PASS
landing,landing_stage1,landing_stage1,landing_stage1,TF,9,21,2,11670.208139509637,2190.7062007020413,99.57472493397451,100.0,35.598510531127076,129.10040385919834,35.597640324044285,129.1001171148295,369.7674418604651,219.7674418604651,0,369.7674418604651,219.7674418604651,100.0,250.0,76,78,INSIDE,CLEAR,False,,,True,100.0,100.0,100.0,False,269.7674418604651,119.76744186046511,269.7674418604651,119.76744186046511,1,200.0,350.0,0,100.0,250.0,ALL_CLEAR,,100.0,,45,ALL_CLEAR,,100.0,,,ALL_CLEAR/PASS
landing,landing_stage1,landing_stage1,landing_stage1,TF,9,22,0,11670.208139509637,2190.7062007020413,0.0,-100.0,35.598510531127076,129.10040385919834,35.59938073804079,129.10069060517506,369.7674418604651,219.7674418604651,0,369.7674418604651,219.7674418604651,100.0,250.0,78,79,INSIDE,CLEAR,False,,,True,100.0,100.0,100.0,False,269.7674418604651,119.76744186046511,269.7674418604651,119.76744186046511,1,200.0,350.0,0,100.0,250.0,ALL_CLEAR,,100.0,,45,ALL_CLEAR,,100.0,,,ALL_CLEAR/PASS
landing,landing_stage1,landing_stage1,landing_stage1,TF,9,22,0,11670.208139509637,2190.7062007020413,0.0,-66.66666666666666,35.598510531127076,129.10040385919834,35.599090669069554,129.10059502318282,369.7674418604651,219.7674418604651,0,369.7674418604651,219.7674418604651,100.0,250.0,78,79,INSIDE,CLEAR,False,,,True,100.0,100.0,100.0,False,269.7674418604651,119.76744186046511,269.7674418604651,119.76744186046511,1,200.0,350.0,0,100.0,250.0,ALL_CLEAR,,100.0,,45,ALL_CLEAR,,100.0,,,ALL_CLEAR/PASS
landing,landing_stage1,landing_stage1,landing_stage1,TF,9,22,0,11670.208139509637,2190.7062007020413,0.0,-33.33333333333333,35.598510531127076,129.10040385919834,35.598800600098315,129.10049944119058,369.7674418604651,219.7674418604651,0,369.7674418604651,219.7674418604651,100.0,250.0,77,79,INSIDE,CLEAR,False,,,True,100.0,100.0,100.0,False,269.7674418604651,119.76744186046511,269.7674418604651,119.76744186046511,1,200.0,350.0,0,100.0,250.0,ALL_CLEAR,,100.0,,45,ALL_CLEAR,,100.0,,,ALL_CLEAR/PASS
landing,landing_stage1,landing_stage1,landing_stage1,TF,9,22,0,11670.208139509637,2190.7062007020413,0.0,33.33333333333334,35.598510531127076,129.10040385919834,35.59822046215584,129.1003082772061,369.7674418604651,219.7674418604651,0,369.7674418604651,219.7674418604651,100.0,250.0,77,78,INSIDE,CLEAR,False,,,True,100.0,100.0,100.0,False,269.7674418604651,119.76744186046511,269.7674418604651,119.76744186046511,1,200.0,350.0,0,100.0,250.0,ALL_CLEAR,,100.0,,45,ALL_CLEAR,,100.0,,,ALL_CLEAR/PASS
landing,landing_stage1,landing_stage1,landing_stage1,TF,9,22,0,11670.208139509637,2190.7062007020413,0.0,66.66666666666669,35.598510531127076,129.10040385919834,35.5979303931846,129.10021269521386,369.7674418604651,219.7674418604651,0,369.7674418604651,219.7674418604651,100.0,250.0,76,78,INSIDE,CLEAR,False,,,True,100.0,100.0,100.0,False,269.7674418604651,119.76744186046511,269.7674418604651,119.76744186046511,1,200.0,350.0,0,100.0,250.0,ALL_CLEAR,,100.0,,45,ALL_CLEAR,,100.0,,,ALL_CLEAR/PASS
landing,landing_stage1,landing_stage1,landing_stage1,TF,9,22,0,11670.208139509637,2190.7062007020413,0.0,100.0,35.598510531127076,129.10040385919834,35.59764032421336,129.10011711322161,369.7674418604651,219.7674418604651,0,369.7674418604651,219.7674418604651,100.0,250.0,76,78,INSIDE,CLEAR,False,,,True,100.0,100.0,100.0,False,269.7674418604651,119.76744186046511,269.7674418604651,119.76744186046511,1,200.0,350.0,0,100.0,250.0,ALL_CLEAR,,100.0,,45,ALL_CLEAR,,100.0,,,ALL_CLEAR/PASS
landing,landing_stage1,landing_stage1,landing_stage1,TF,9,22,1,11719.995367226054,2240.4934284184583,49.78722771641755,-100.0,35.59862661371929,129.0998710292174,35.59949682063301,129.10015777519416,364.5348837209302,214.53488372093022,0,364.5348837209302,214.53488372093022,100.0,250.0,78,78,INSIDE,CLEAR,False,,,True,100.0,100.0,100.0,False,264.5348837209302,114.53488372093022,264.5348837209302,114.53488372093022,1,200.0,350.0,0,100.0,250.0,ALL_CLEAR,,100.0,,46,ALL_CLEAR,,100.0,,,ALL_CLEAR/PASS
landing,landing_stage1,landing_stage1,landing_stage1,TF,9,22,1,11719.995367226054,2240.4934284184583,49.78722771641755,-66.66666666666666,35.59862661371929,129.0998710292174,35.59920675166177,129.10006219320192,364.5348837209302,214.53488372093022,0,364.5348837209302,214.53488372093022,100.0,250.0,78,78,INSIDE,CLEAR,False,,,True,100.0,100.0,100.0,False,264.5348837209302,114.53488372093022,264.5348837209302,114.53488372093022,1,200.0,350.0,0,100.0,250.0,ALL_CLEAR,,100.0,,46,ALL_CLEAR,,100.0,,,ALL_CLEAR/PASS
landing,landing_stage1,landing_stage1,landing_stage1,TF,9,22,1,11719.995367226054,2240.4934284184583,49.78722771641755,-33.33333333333333,35.59862661371929,129.0998710292174,35.59891668269053,129.09996661120968,364.5348837209302,214.53488372093022,0,364.5348837209302,214.53488372093022,100.0,250.0,78,78,INSIDE,CLEAR,False,,,True,100.0,100.0,100.0,False,264.5348837209302,114.53488372093022,264.5348837209302,114.53488372093022,1,200.0,350.0,0,100.0,250.0,ALL_CLEAR,,100.0,,46,ALL_CLEAR,,100.0,,,ALL_CLEAR/PASS
landing,landing_stage1,landing_stage1,landing_stage1,TF,9,22,1,11719.995367226054,2240.4934284184583,49.78722771641755,0.0,35.59862661371929,129.0998710292174,35.59862661371929,129.0998710292174,364.5348837209302,214.53488372093022,0,364.5348837209302,214.53488372093022,100.0,250.0,77,78,INSIDE,CLEAR,False,,,True,100.0,100.0,100.0,False,264.5348837209302,114.53488372093022,264.5348837209302,114.53488372093022,1,200.0,350.0,0,100.0,250.0,ALL_CLEAR,,100.0,,46,ALL_CLEAR,,100.0,,,ALL_CLEAR/PASS
landing,landing_stage1,landing_stage1,landing_stage1,TF,9,22,1,11719.995367226054,2240.4934284184583,49.78722771641755,33.33333333333334,35.59862661371929,129.0998710292174,35.59833654474805,129.09977544722517,364.5348837209302,214.53488372093022,0,364.5348837209302,214.53488372093022,100.0,250.0,77,78,INSIDE,CLEAR,False,,,True,100.0,100.0,100.0,False,264.5348837209302,114.53488372093022,264.5348837209302,114.53488372093022,1,200.0,350.0,0,100.0,250.0,ALL_CLEAR,,100.0,,46,ALL_CLEAR,,100.0,,,ALL_CLEAR/PASS
landing,landing_stage1,landing_stage1,landing_stage1,TF,9,22,1,11719.995367226054,2240.4934284184583,49.78722771641755,66.66666666666669,35.59862661371929,129.0998710292174,35.59804647577681,129.09967986523293,364.5348837209302,214.53488372093022,0,364.5348837209302,214.53488372093022,100.0,250.0,77,78,INSIDE,CLEAR,False,,,True,100.0,100.0,100.0,False,264.5348837209302,114.53488372093022,264.5348837209302,114.53488372093022,1,200.0,350.0,0,100.0,250.0,ALL_CLEAR,,100.0,,46,ALL_CLEAR,,100.0,,,ALL_CLEAR/PASS
landing,landing_stage1,landing_stage1,landing_stage1,TF,9,22,1,11719.995367226054,2240.4934284184583,49.78722771641755,100.0,35.59862661371929,129.0998710292174,35.59775640680557,129.0995842832407,364.5348837209302,214.53488372093022,0,364.5348837209302,214.53488372093022,100.0,250.0,76,78,INSIDE,CLEAR,False,,,True,100.0,100.0,100.0,False,264.5348837209302,114.53488372093022,264.5348837209302,114.53488372093022,1,200.0,350.0,0,100.0,250.0,ALL_CLEAR,,100.0,,46,ALL_CLEAR,,100.0,,,ALL_CLEAR/PASS
landing,landing_stage1,landing_stage1,landing_stage1,TF,9,22,2,11769.782594942473,2290.280656134877,99.5744554328351,-100.0,35.598742696311504,129.0993381992365,35.59961290322522,129.09962494521324,359.30232558139534,209.30232558139534,0,359.30232558139534,209.30232558139534,100.0,250.0,78,78,INSIDE,CLEAR,False,,,True,100.0,100.0,100.0,False,259.30232558139534,109.30232558139534,259.30232558139534,109.30232558139534,1,200.0,350.0,0,100.0,250.0,ALL_CLEAR,,100.0,,47,ALL_CLEAR,,100.0,,,ALL_CLEAR/PASS
landing,landing_stage1,landing_stage1,landing_stage1,TF,9,22,2,11769.782594942473,2290.280656134877,99.5744554328351,-66.66666666666666,35.598742696311504,129.0993381992365,35.59932283425398,129.099529363221,359.30232558139534,209.30232558139534,0,359.30232558139534,209.30232558139534,100.0,250.0,78,78,INSIDE,CLEAR,False,,,True,100.0,100.0,100.0,False,259.30232558139534,109.30232558139534,259.30232558139534,109.30232558139534,1,200.0,350.0,0,100.0,250.0,ALL_CLEAR,,100.0,,47,ALL_CLEAR,,100.0,,,ALL_CLEAR/PASS
landing,landing_stage1,landing_stage1,landing_stage1,TF,9,22,2,11769.782594942473,2290.280656134877,99.5744554328351,-33.33333333333333,35.598742696311504,129.0993381992365,35.59903276528274,129.09943378122875,359.30232558139534,209.30232558139534,0,359.30232558139534,209.30232558139534,100.0,250.0,78,78,INSIDE,CLEAR,False,,,True,100.0,100.0,100.0,False,259.30232558139534,109.30232558139534,259.30232558139534,109.30232558139534,1,200.0,350.0,0,100.0,250.0,ALL_CLEAR,,100.0,,47,ALL_CLEAR,,100.0,,,ALL_CLEAR/PASS
landing,landing_stage1,landing_stage1,landing_stage1,TF,9,22,2,11769.782594942473,2290.280656134877,99.5744554328351,0.0,35.598742696311504,129.0993381992365,35.598742696311504,129.0993381992365,359.30232558139534,209.30232558139534,0,359.30232558139534,209.30232558139534,100.0,250.0,77,78,INSIDE,CLEAR,False,,,True,100.0,100.0,100.0,False,259.30232558139534,109.30232558139534,259.30232558139534,109.30232558139534,1,200.0,350.0,0,100.0,250.0,ALL_CLEAR,,100.0,,47,ALL_CLEAR,,100.0,,,ALL_CLEAR/PASS
landing,landing_stage1,landing_stage1,landing_stage1,TF,9,22,2,11769.782594942473,2290.280656134877,99.5744554328351,33.33333333333334,35.598742696311504,129.0993381992365,35.598452627340265,129.09924261724427,359.30232558139534,209.30232558139534,0,359.30232558139534,209.30232558139534,100.0,250.0,77,77,INSIDE,CLEAR,False,,,True,100.0,100.0,100.0,False,259.30232558139534,109.30232558139534,259.30232558139534,109.30232558139534,1,200.0,350.0,0,100.0,250.0,ALL_CLEAR,,100.0,,47,ALL_CLEAR,,100.0,,,ALL_CLEAR/PASS
landing,landing_stage1,landing_stage1,landing_stage1,TF,9,22,2,11769.782594942473,2290.280656134877,99.5744554328351,66.66666666666669,35.598742696311504,129.0993381992365,35.598162558369026,129.09914703525203,359.30232558139534,209.30232558139534,0,359.30232558139534,209.30232558139534,100.0,250.0,77,77,INSIDE,CLEAR,False,,,True,100.0,100.0,100.0,False,259.30232558139534,109.30232558139534,259.30232558139534,109.30232558139534,1,200.0,350.0,0,100.0,250.0,ALL_CLEAR,,100.0,,47,ALL_CLEAR,,100.0,,,ALL_CLEAR/PASS
landing,landing_stage1,landing_stage1,landing_stage1,TF,9,22,2,11769.782594942473,2290.280656134877,99.5744554328351,100.0,35.598742696311504,129.0993381992365,35.59787248939779,129.0990514532598,359.30232558139534,209.30232558139534,0,359.30232558139534,209.30232558139534,100.0,250.0,76,77,INSIDE,CLEAR,False,,,True,100.0,100.0,100.0,False,259.30232558139534,109.30232558139534,259.30232558139534,109.30232558139534,1,200.0,350.0,0,100.0,250.0,ALL_CLEAR,,100.0,,47,ALL_CLEAR,,100.0,,,ALL_CLEAR/PASS
landing,landing_stage1,landing_stage1,landing_stage1,TF,9,23,0,11769.782594942473,2290.280656134877,0.0,-100.0,35.598742696311504,129.0993381992365,35.59961290305614,129.09962494682114,359.30232558139534,209.30232558139534,0,359.30232558139534,209.30232558139534,100.0,250.0,78,78,INSIDE,CLEAR,False,,,True,100.0,100.0,100.0,False,259.30232558139534,109.30232558139534,259.30232558139534,109.30232558139534,1,200.0,350.0,0,100.0,250.0,ALL_CLEAR,,100.0,,47,ALL_CLEAR,,100.0,,,ALL_CLEAR/PASS
landing,landing_stage1,landing_stage1,landing_stage1,TF,9,23,0,11769.782594942473,2290.280656134877,0.0,-66.66666666666666,35.598742696311504,129.0993381992365,35.59932283414126,129.09952936429292,359.30232558139534,209.30232558139534,0,359.30232558139534,209.30232558139534,100.0,250.0,78,78,INSIDE,CLEAR,False,,,True,100.0,100.0,100.0,False,259.30232558139534,109.30232558139534,259.30232558139534,109.30232558139534,1,200.0,350.0,0,100.0,250.0,ALL_CLEAR,,100.0,,47,ALL_CLEAR,,100.0,,,ALL_CLEAR/PASS
landing,landing_stage1,landing_stage1,landing_stage1,TF,9,23,0,11769.782594942473,2290.280656134877,0.0,-33.33333333333333,35.598742696311504,129.0993381992365,35.59903276522638,129.09943378176473,359.30232558139534,209.30232558139534,0,359.30232558139534,209.30232558139534,100.0,250.0,78,78,INSIDE,CLEAR,False,,,True,100.0,100.0,100.0,False,259.30232558139534,109.30232558139534,259.30232558139534,109.30232558139534,1,200.0,350.0,0,100.0,250.0,ALL_CLEAR,,100.0,,47,ALL_CLEAR,,100.0,,,ALL_CLEAR/PASS
landing,landing_stage1,landing_stage1,landing_stage1,TF,9,23,0,11769.782594942473,2290.280656134877,0.0,33.33333333333334,35.598742696311504,129.0993381992365,35.598452627396625,129.0992426167083,359.30232558139534,209.30232558139534,0,359.30232558139534,209.30232558139534,100.0,250.0,77,77,INSIDE,CLEAR,False,,,True,100.0,100.0,100.0,False,259.30232558139534,109.30232558139534,259.30232558139534,109.30232558139534,1,200.0,350.0,0,100.0,250.0,ALL_CLEAR,,100.0,,47,ALL_CLEAR,,100.0,,,ALL_CLEAR/PASS
landing,landing_stage1,landing_stage1,landing_stage1,TF,9,23,0,11769.782594942473,2290.280656134877,0.0,66.66666666666669,35.598742696311504,129.0993381992365,35.59816255848175,129.0991470341801,359.30232558139534,209.30232558139534,0,359.30232558139534,209.30232558139534,100.0,250.0,77,77,INSIDE,CLEAR,False,,,True,100.0,100.0,100.0,False,259.30232558139534,109.30232558139534,259.30232558139534,109.30232558139534,1,200.0,350.0,0,100.0,250.0,ALL_CLEAR,,100.0,,47,ALL_CLEAR,,100.0,,,ALL_CLEAR/PASS
landing,landing_stage1,landing_stage1,landing_stage1,TF,9,23,0,11769.782594942473,2290.280656134877,0.0,100.0,35.598742696311504,129.0993381992365,35.59787248956687,129.0990514516519,359.30232558139534,209.30232558139534,0,359.30232558139534,209.30232558139534,100.0,250.0,76,77,INSIDE,CLEAR,False,,,True,100.0,100.0,100.0,False,259.30232558139534,109.30232558139534,259.30232558139534,109.30232558139534,1,200.0,350.0,0,100.0,250.0,ALL_CLEAR,,100.0,,47,ALL_CLEAR,,100.0,,,ALL_CLEAR/PASS
landing,landing_stage1,landing_stage1,landing_stage1,TF,9,23,1,11819.569687907482,2340.067749099886,49.78709296500928,-100.0,35.59885877890372,129.09880536925562,35.599728985648355,129.0990921168402,354.06976744186045,204.06976744186045,0,354.06976744186045,204.06976744186045,100.0,250.0,79,77,INSIDE,CLEAR,False,,,True,100.0,100.0,100.0,False,254.06976744186045,104.06976744186045,254.06976744186045,104.06976744186045,1,200.0,350.0,0,100.0,250.0,ALL_CLEAR,,100.0,,48,ALL_CLEAR,,100.0,,,ALL_CLEAR/PASS
landing,landing_stage1,landing_stage1,landing_stage1,TF,9,23,1,11819.569687907482,2340.067749099886,49.78709296500928,-66.66666666666666,35.59885877890372,129.09880536925562,35.599438916733476,129.09899653431202,354.06976744186045,204.06976744186045,0,354.06976744186045,204.06976744186045,100.0,250.0,78,77,INSIDE,CLEAR,False,,,True,100.0,100.0,100.0,False,254.06976744186045,104.06976744186045,254.06976744186045,104.06976744186045,1,200.0,350.0,0,100.0,250.0,ALL_CLEAR,,100.0,,48,ALL_CLEAR,,100.0,,,ALL_CLEAR/PASS
landing,landing_stage1,landing_stage1,landing_stage1,TF,9,23,1,11819.569687907482,2340.067749099886,49.78709296500928,-33.33333333333333,35.59885877890372,129.09880536925562,35.5991488478186,129.0989009517838,354.06976744186045,204.06976744186045,0,354.06976744186045,204.06976744186045,100.0,250.0,78,77,INSIDE,CLEAR,False,,,True,100.0,100.0,100.0,False,254.06976744186045,104.06976744186045,254.06976744186045,104.06976744186045,1,200.0,350.0,0,100.0,250.0,ALL_CLEAR,,100.0,,48,ALL_CLEAR,,100.0,,,ALL_CLEAR/PASS
landing,landing_stage1,landing_stage1,landing_stage1,TF,9,23,1,11819.569687907482,2340.067749099886,49.78709296500928,0.0,35.59885877890372,129.09880536925562,35.59885877890371,129.09880536925562,354.06976744186045,204.06976744186045,0,354.06976744186045,204.06976744186045,100.0,250.0,78,77,INSIDE,CLEAR,False,,,True,100.0,100.0,100.0,False,254.06976744186045,104.06976744186045,254.06976744186045,104.06976744186045,1,200.0,350.0,0,100.0,250.0,ALL_CLEAR,,100.0,,48,ALL_CLEAR,,100.0,,,ALL_CLEAR/PASS
landing,landing_stage1,landing_stage1,landing_stage1,TF,9,23,1,11819.569687907482,2340.067749099886,49.78709296500928,33.33333333333334,35.59885877890372,129.09880536925562,35.59856870998883,129.0987097867274,354.06976744186045,204.06976744186045,0,354.06976744186045,204.06976744186045,100.0,250.0,77,77,INSIDE,CLEAR,False,,,True,100.0,100.0,100.0,False,254.06976744186045,104.06976744186045,254.06976744186045,104.06976744186045,1,200.0,350.0,0,100.0,250.0,ALL_CLEAR,,100.0,,48,ALL_CLEAR,,100.0,,,ALL_CLEAR/PASS
landing,landing_stage1,landing_stage1,landing_stage1,TF,9,23,1,11819.569687907482,2340.067749099886,49.78709296500928,66.66666666666669,35.59885877890372,129.09880536925562,35.598278641073954,129.09861420419918,354.06976744186045,204.06976744186045,0,354.06976744186045,204.06976744186045,100.0,250.0,77,77,INSIDE,CLEAR,False,,,True,100.0,100.0,100.0,False,254.06976744186045,104.06976744186045,254.06976744186045,104.06976744186045,1,200.0,350.0,0,100.0,250.0,ALL_CLEAR,,100.0,,48,ALL_CLEAR,,100.0,,,ALL_CLEAR/PASS
landing,landing_stage1,landing_stage1,landing_stage1,TF,9,23,1,11819.569687907482,2340.067749099886,49.78709296500928,100.0,35.59885877890372,129.09880536925562,35.597988572159075,129.098518621671,354.06976744186045,204.06976744186045,0,354.06976744186045,204.06976744186045,100.0,250.0,76,77,INSIDE,CLEAR,False,,,True,100.0,100.0,100.0,False,254.06976744186045,104.06976744186045,254.06976744186045,104.06976744186045,1,200.0,350.0,0,100.0,250.0,ALL_CLEAR,,100.0,,48,ALL_CLEAR,,100.0,,,ALL_CLEAR/PASS
landing,landing_stage1,landing_stage1,landing_stage1,TF,9,23,2,11869.356780872491,2389.854842064895,99.57418593001856,-100.0,35.598974861495925,129.0982725392747,35.59984506824056,129.0985592868593,348.8372093023256,198.83720930232562,0,348.8372093023256,198.83720930232562,100.0,250.0,79,77,INSIDE,CLEAR,False,,,True,100.0,100.0,100.0,False,248.83720930232562,98.83720930232562,248.83720930232562,98.83720930232562,0,100.0,250.0,0,100.0,250.0,ALL_CLEAR,,100.0,,49,ALL_CLEAR,,100.0,,,ALL_CLEAR/PASS
landing,landing_stage1,landing_stage1,landing_stage1,TF,9,23,2,11869.356780872491,2389.854842064895,99.57418593001856,-66.66666666666666,35.598974861495925,129.0982725392747,35.59955499932568,129.0984637043311,348.8372093023256,198.83720930232562,0,348.8372093023256,198.83720930232562,100.0,250.0,78,77,INSIDE,CLEAR,False,,,True,100.0,100.0,100.0,False,248.83720930232562,98.83720930232562,248.83720930232562,98.83720930232562,0,100.0,250.0,0,100.0,250.0,ALL_CLEAR,,100.0,,49,ALL_CLEAR,,100.0,,,ALL_CLEAR/PASS
landing,landing_stage1,landing_stage1,landing_stage1,TF,9,23,2,11869.356780872491,2389.854842064895,99.57418593001856,-33.33333333333333,35.598974861495925,129.0982725392747,35.599264930410804,129.0983681218029,348.8372093023256,198.83720930232562,0,348.8372093023256,198.83720930232562,100.0,250.0,78,77,INSIDE,CLEAR,False,,,True,100.0,100.0,100.0,False,248.83720930232562,98.83720930232562,248.83720930232562,98.83720930232562,0,100.0,250.0,0,100.0,250.0,ALL_CLEAR,,100.0,,49,ALL_CLEAR,,100.0,,,ALL_CLEAR/PASS
landing,landing_stage1,landing_stage1,landing_stage1,TF,9,23,2,11869.356780872491,2389.854842064895,99.57418593001856,0.0,35.598974861495925,129.0982725392747,35.598974861495925,129.0982725392747,348.8372093023256,198.83720930232562,0,348.8372093023256,198.83720930232562,100.0,250.0,78,76,INSIDE,CLEAR,False,,,True,100.0,100.0,100.0,False,248.83720930232562,98.83720930232562,248.83720930232562,98.83720930232562,0,100.0,250.0,0,100.0,250.0,ALL_CLEAR,,100.0,,49,ALL_CLEAR,,100.0,,,ALL_CLEAR/PASS
landing,landing_stage1,landing_stage1,landing_stage1,TF,9,23,2,11869.356780872491,2389.854842064895,99.57418593001856,33.33333333333334,35.598974861495925,129.0982725392747,35.59868479258105,129.09817695674647,348.8372093023256,198.83720930232562,0,348.8372093023256,198.83720930232562,100.0,250.0,77,76,INSIDE,CLEAR,False,,,True,100.0,100.0,100.0,False,248.83720930232562,98.83720930232562,248.83720930232562,98.83720930232562,0,100.0,250.0,0,100.0,250.0,ALL_CLEAR,,100.0,,49,ALL_CLEAR,,100.0,,,ALL_CLEAR/PASS
landing,landing_stage1,landing_stage1,landing_stage1,TF,9,23,2,11869.356780872491,2389.854842064895,99.57418593001856,66.66666666666669,35.598974861495925,129.0982725392747,35.59839472366617,129.09808137421828,348.8372093023256,198.83720930232562,0,348.8372093023256,198.83720930232562,100.0,250.0,77,76,INSIDE,CLEAR,False,,,True,100.0,100.0,100.0,False,248.83720930232562,98.83720930232562,248.83720930232562,98.83720930232562,0,100.0,250.0,0,100.0,250.0,ALL_CLEAR,,100.0,,49,ALL_CLEAR,,100.0,,,ALL_CLEAR/PASS
landing,landing_stage1,landing_stage1,landing_stage1,TF,9,23,2,11869.356780872491,2389.854842064895,99.57418593001856,100.0,35.598974861495925,129.0982725392747,35.59810465475129,129.09798579169006,348.8372093023256,198.83720930232562,0,348.8372093023256,198.83720930232562,100.0,250.0,77,76,INSIDE,CLEAR,False,,,True,100.0,100.0,100.0,False,248.83720930232562,98.83720930232562,248.83720930232562,98.83720930232562,0,100.0,250.0,0,100.0,250.0,ALL_CLEAR,,100.0,,49,ALL_CLEAR,,100.0,,,ALL_CLEAR/PASS
landing,landing_stage1,landing_stage1,landing_stage1,TF,9,24,0,11869.356780872491,2389.854842064895,0.0,-100.0,35.598974861495925,129.0982725392747,35.59984506807148,129.09855928846724,348.8372093023256,198.83720930232562,0,348.8372093023256,198.83720930232562,100.0,250.0,79,77,INSIDE,CLEAR,False,,,True,100.0,100.0,100.0,False,248.83720930232562,98.83720930232562,248.83720930232562,98.83720930232562,0,100.0,250.0,0,100.0,250.0,ALL_CLEAR,,100.0,,49,ALL_CLEAR,,100.0,,,ALL_CLEAR/PASS
landing,landing_stage1,landing_stage1,landing_stage1,TF,9,24,0,11869.356780872491,2389.854842064895,0.0,-66.66666666666666,35.598974861495925,129.0982725392747,35.59955499921296,129.09846370540305,348.8372093023256,198.83720930232562,0,348.8372093023256,198.83720930232562,100.0,250.0,78,77,INSIDE,CLEAR,False,,,True,100.0,100.0,100.0,False,248.83720930232562,98.83720930232562,248.83720930232562,98.83720930232562,0,100.0,250.0,0,100.0,250.0,ALL_CLEAR,,100.0,,49,ALL_CLEAR,,100.0,,,ALL_CLEAR/PASS
landing,landing_stage1,landing_stage1,landing_stage1,TF,9,24,0,11869.356780872491,2389.854842064895,0.0,-33.33333333333333,35.598974861495925,129.0982725392747,35.599264930354444,129.09836812233888,348.8372093023256,198.83720930232562,0,348.8372093023256,198.83720930232562,100.0,250.0,78,77,INSIDE,CLEAR,False,,,True,100.0,100.0,100.0,False,248.83720930232562,98.83720930232562,248.83720930232562,98.83720930232562,0,100.0,250.0,0,100.0,250.0,ALL_CLEAR,,100.0,,49,ALL_CLEAR,,100.0,,,ALL_CLEAR/PASS
landing,landing_stage1,landing_stage1,landing_stage1,TF,9,24,0,11869.356780872491,2389.854842064895,0.0,33.33333333333334,35.598974861495925,129.0982725392747,35.59868479263741,129.0981769562105,348.8372093023256,198.83720930232562,0,348.8372093023256,198.83720930232562,100.0,250.0,77,76,INSIDE,CLEAR,False,,,True,100.0,100.0,100.0,False,248.83720930232562,98.83720930232562,248.83720930232562,98.83720930232562,0,100.0,250.0,0,100.0,250.0,ALL_CLEAR,,100.0,,49,ALL_CLEAR,,100.0,,,ALL_CLEAR/PASS
landing,landing_stage1,landing_stage1,landing_stage1,TF,9,24,0,11869.356780872491,2389.854842064895,0.0,66.66666666666669,35.598974861495925,129.0982725392747,35.59839472377889,129.09808137314633,348.8372093023256,198.83720930232562,0,348.8372093023256,198.83720930232562,100.0,250.0,77,76,INSIDE,CLEAR,False,,,True,100.0,100.0,100.0,False,248.83720930232562,98.83720930232562,248.83720930232562,98.83720930232562,0,100.0,250.0,0,100.0,250.0,ALL_CLEAR,,100.0,,49,ALL_CLEAR,,100.0,,,ALL_CLEAR/PASS
landing,landing_stage1,landing_stage1,landing_stage1,TF,9,24,0,11869.356780872491,2389.854842064895,0.0,100.0,35.598974861495925,129.0982725392747,35.59810465492037,129.09798579008213,348.8372093023256,198.83720930232562,0,348.8372093023256,198.83720930232562,100.0,250.0,77,76,INSIDE,CLEAR,False,,,True,100.0,100.0,100.0,False,248.83720930232562,98.83720930232562,248.83720930232562,98.83720930232562,0,100.0,250.0,0,100.0,250.0,ALL_CLEAR,,100.0,,49,ALL_CLEAR,,100.0,,,ALL_CLEAR/PASS
landing,landing_stage1,landing_stage1,landing_stage1,TF,9,24,1,11919.143739085559,2439.641800277963,49.78695821306859,-100.0,35.59909094408814,129.09773970929376,35.599961150663695,129.09802645848632,343.60465116279073,193.60465116279073,0,343.60465116279073,193.60465116279073,100.0,250.0,79,76,INSIDE,CLEAR,False,,,True,100.0,100.0,100.0,False,243.60465116279073,93.60465116279073,243.60465116279073,93.60465116279073,0,100.0,250.0,0,100.0,250.0,ALL_CLEAR,,100.0,,50,ALL_CLEAR,,100.0,,,ALL_CLEAR/PASS
landing,landing_stage1,landing_stage1,landing_stage1,TF,9,24,1,11919.143739085559,2439.641800277963,49.78695821306859,-66.66666666666666,35.59909094408814,129.09773970929376,35.59967108180518,129.09793087542215,343.60465116279073,193.60465116279073,0,343.60465116279073,193.60465116279073,100.0,250.0,78,76,INSIDE,CLEAR,False,,,True,100.0,100.0,100.0,False,243.60465116279073,93.60465116279073,243.60465116279073,93.60465116279073,0,100.0,250.0,0,100.0,250.0,ALL_CLEAR,,100.0,,50,ALL_CLEAR,,100.0,,,ALL_CLEAR/PASS
landing,landing_stage1,landing_stage1,landing_stage1,TF,9,24,1,11919.143739085559,2439.641800277963,49.78695821306859,-33.33333333333333,35.59909094408814,129.09773970929376,35.59938101294666,129.09783529235796,343.60465116279073,193.60465116279073,0,343.60465116279073,193.60465116279073,100.0,250.0,78,76,INSIDE,CLEAR,False,,,True,100.0,100.0,100.0,False,243.60465116279073,93.60465116279073,243.60465116279073,93.60465116279073,0,100.0,250.0,0,100.0,250.0,ALL_CLEAR,,100.0,,50,ALL_CLEAR,,100.0,,,ALL_CLEAR/PASS
landing,landing_stage1,landing_stage1,landing_stage1,TF,9,24,1,11919.143739085559,2439.641800277963,49.78695821306859,0.0,35.59909094408814,129.09773970929376,35.59909094408814,129.09773970929376,343.60465116279073,193.60465116279073,0,343.60465116279073,193.60465116279073,100.0,250.0,78,76,INSIDE,CLEAR,False,,,True,100.0,100.0,100.0,False,243.60465116279073,93.60465116279073,243.60465116279073,93.60465116279073,0,100.0,250.0,0,100.0,250.0,ALL_CLEAR,,100.0,,50,ALL_CLEAR,,100.0,,,ALL_CLEAR/PASS
landing,landing_stage1,landing_stage1,landing_stage1,TF,9,24,1,11919.143739085559,2439.641800277963,49.78695821306859,33.33333333333334,35.59909094408814,129.09773970929376,35.59880087522962,129.0976441262296,343.60465116279073,193.60465116279073,0,343.60465116279073,193.60465116279073,100.0,250.0,77,76,INSIDE,CLEAR,False,,,True,100.0,100.0,100.0,False,243.60465116279073,93.60465116279073,243.60465116279073,93.60465116279073,0,100.0,250.0,0,100.0,250.0,ALL_CLEAR,,100.0,,50,ALL_CLEAR,,100.0,,,ALL_CLEAR/PASS
landing,landing_stage1,landing_stage1,landing_stage1,TF,9,24,1,11919.143739085559,2439.641800277963,49.78695821306859,66.66666666666669,35.59909094408814,129.09773970929376,35.5985108063711,129.0975485431654,343.60465116279073,193.60465116279073,0,343.60465116279073,193.60465116279073,100.0,250.0,77,76,INSIDE,CLEAR,False,,,True,100.0,100.0,100.0,False,243.60465116279073,93.60465116279073,243.60465116279073,93.60465116279073,0,100.0,250.0,0,100.0,250.0,ALL_CLEAR,,100.0,,50,ALL_CLEAR,,100.0,,,ALL_CLEAR/PASS
landing,landing_stage1,landing_stage1,landing_stage1,TF,9,24,1,11919.143739085559,2439.641800277963,49.78695821306859,100.0,35.59909094408814,129.09773970929376,35.598220737512584,129.09745296010124,343.60465116279073,193.60465116279073,0,343.60465116279073,193.60465116279073,100.0,250.0,77,76,INSIDE,CLEAR,False,,,True,100.0,100.0,100.0,False,243.60465116279073,93.60465116279073,243.60465116279073,93.60465116279073,0,100.0,250.0,0,100.0,250.0,ALL_CLEAR,,100.0,,50,ALL_CLEAR,,100.0,,,ALL_CLEAR/PASS
landing,landing_stage1,landing_stage1,landing_stage1,TF,9,24,2,11968.930697298629,2489.4287584910326,99.57391642613717,-100.0,35.599207026680354,129.09720687931286,35.60007723325591,129.09749362850542,338.37209302325584,188.37209302325584,0,338.37209302325584,188.37209302325584,100.0,250.0,79,76,INSIDE,CLEAR,False,,,True,100.0,100.0,100.0,False,238.37209302325584,88.37209302325584,238.37209302325584,88.37209302325584,0,100.0,250.0,0,100.0,250.0,ALL_CLEAR,,100.0,,51,ALL_CLEAR,,100.0,,,ALL_CLEAR/PASS
landing,landing_stage1,landing_stage1,landing_stage1,TF,9,24,2,11968.930697298629,2489.4287584910326,99.57391642613717,-66.66666666666666,35.599207026680354,129.09720687931286,35.59978716439739,129.09739804544122,338.37209302325584,188.37209302325584,0,338.37209302325584,188.37209302325584,100.0,250.0,79,76,INSIDE,CLEAR,False,,,True,100.0,100.0,100.0,False,238.37209302325584,88.37209302325584,238.37209302325584,88.37209302325584,0,100.0,250.0,0,100.0,250.0,ALL_CLEAR,,100.0,,51,ALL_CLEAR,,100.0,,,ALL_CLEAR/PASS
landing,landing_stage1,landing_stage1,landing_stage1,TF,9,24,2,11968.930697298629,2489.4287584910326,99.57391642613717,-33.33333333333333,35.599207026680354,129.09720687931286,35.59949709553887,129.09730246237706,338.37209302325584,188.37209302325584,0,338.37209302325584,188.37209302325584,100.0,250.0,78,76,INSIDE,CLEAR,False,,,True,100.0,100.0,100.0,False,238.37209302325584,88.37209302325584,238.37209302325584,88.37209302325584,0,100.0,250.0,0,100.0,250.0,ALL_CLEAR,,100.0,,51,ALL_CLEAR,,100.0,,,ALL_CLEAR/PASS
landing,landing_stage1,landing_stage1,landing_stage1,TF,9,24,2,11968.930697298629,2489.4287584910326,99.57391642613717,0.0,35.599207026680354,129.09720687931286,35.599207026680354,129.09720687931286,338.37209302325584,188.37209302325584,0,338.37209302325584,188.37209302325584,100.0,250.0,78,75,INSIDE,CLEAR,False,,,True,100.0,100.0,100.0,False,238.37209302325584,88.37209302325584,238.37209302325584,88.37209302325584,0,100.0,250.0,0,100.0,250.0,ALL_CLEAR,,100.0,,51,ALL_CLEAR,,100.0,,,ALL_CLEAR/PASS
landing,landing_stage1,landing_stage1,landing_stage1,TF,9,24,2,11968.930697298629,2489.4287584910326,99.57391642613717,33.33333333333334,35.599207026680354,129.09720687931286,35.598916957821835,129.09711129624867,338.37209302325584,188.37209302325584,0,338.37209302325584,188.37209302325584,100.0,250.0,78,75,INSIDE,CLEAR,False,,,True,100.0,100.0,100.0,False,238.37209302325584,88.37209302325584,238.37209302325584,88.37209302325584,0,100.0,250.0,0,100.0,250.0,ALL_CLEAR,,100.0,,51,ALL_CLEAR,,100.0,,,ALL_CLEAR/PASS
landing,landing_stage1,landing_stage1,landing_stage1,TF,9,24,2,11968.930697298629,2489.4287584910326,99.57391642613717,66.66666666666669,35.599207026680354,129.09720687931286,35.59862688896332,129.0970157131845,338.37209302325584,188.37209302325584,0,338.37209302325584,188.37209302325584,100.0,250.0,77,75,INSIDE,CLEAR,False,,,True,100.0,100.0,100.0,False,238.37209302325584,88.37209302325584,238.37209302325584,88.37209302325584,0,100.0,250.0,0,100.0,250.0,ALL_CLEAR,,100.0,,51,ALL_CLEAR,,100.0,,,ALL_CLEAR/PASS
landing,landing_stage1,landing_stage1,landing_stage1,TF,9,24,2,11968.930697298629,2489.4287584910326,99.57391642613717,100.0,35.599207026680354,129.09720687931286,35.5983368201048,129.0969201301203,338.37209302325584,188.37209302325584,0,338.37209302325584,188.37209302325584,100.0,250.0,77,75,INSIDE,CLEAR,False,,,True,100.0,100.0,100.0,False,238.37209302325584,88.37209302325584,238.37209302325584,88.37209302325584,0,100.0,250.0,0,100.0,250.0,ALL_CLEAR,,100.0,,51,ALL_CLEAR,,100.0,,,ALL_CLEAR/PASS
landing,landing_stage1,landing_stage1,landing_stage1,TF,9,25,0,11968.930697298629,2489.4287584910326,0.0,-100.0,35.599207026680354,129.09720687931286,35.60007723308682,129.09749363011335,338.37209302325584,188.37209302325584,0,338.37209302325584,188.37209302325584,100.0,250.0,79,76,INSIDE,CLEAR,False,,,True,100.0,100.0,100.0,False,238.37209302325584,88.37209302325584,238.37209302325584,88.37209302325584,0,100.0,250.0,0,100.0,250.0,ALL_CLEAR,,100.0,,51,ALL_CLEAR,,100.0,,,ALL_CLEAR/PASS
landing,landing_stage1,landing_stage1,landing_stage1,TF,9,25,0,11968.930697298629,2489.4287584910326,0.0,-66.66666666666666,35.599207026680354,129.09720687931286,35.59978716428466,129.0973980465132,338.37209302325584,188.37209302325584,0,338.37209302325584,188.37209302325584,100.0,250.0,79,76,INSIDE,CLEAR,False,,,True,100.0,100.0,100.0,False,238.37209302325584,88.37209302325584,238.37209302325584,88.37209302325584,0,100.0,250.0,0,100.0,250.0,ALL_CLEAR,,100.0,,51,ALL_CLEAR,,100.0,,,ALL_CLEAR/PASS
landing,landing_stage1,landing_stage1,landing_stage1,TF,9,25,0,11968.930697298629,2489.4287584910326,0.0,-33.33333333333333,35.599207026680354,129.09720687931286,35.59949709548251,129.09730246291304,338.37209302325584,188.37209302325584,0,338.37209302325584,188.37209302325584,100.0,250.0,78,76,INSIDE,CLEAR,False,,,True,100.0,100.0,100.0,False,238.37209302325584,88.37209302325584,238.37209302325584,88.37209302325584,0,100.0,250.0,0,100.0,250.0,ALL_CLEAR,,100.0,,51,ALL_CLEAR,,100.0,,,ALL_CLEAR/PASS
landing,landing_stage1,landing_stage1,landing_stage1,TF,9,25,0,11968.930697298629,2489.4287584910326,0.0,33.33333333333334,35.599207026680354,129.09720687931286,35.598916957878195,129.0971112957127,338.37209302325584,188.37209302325584,0,338.37209302325584,188.37209302325584,100.0,250.0,78,75,INSIDE,CLEAR,False,,,True,100.0,100.0,100.0,False,238.37209302325584,88.37209302325584,238.37209302325584,88.37209302325584,0,100.0,250.0,0,100.0,250.0,ALL_CLEAR,,100.0,,51,ALL_CLEAR,,100.0,,,ALL_CLEAR/PASS
landing,landing_stage1,landing_stage1,landing_stage1,TF,9,25,0,11968.930697298629,2489.4287584910326,0.0,66.66666666666669,35.599207026680354,129.09720687931286,35.598626889076044,129.09701571211252,338.37209302325584,188.37209302325584,0,338.37209302325584,188.37209302325584,100.0,250.0,77,75,INSIDE,CLEAR,False,,,True,100.0,100.0,100.0,False,238.37209302325584,88.37209302325584,238.37209302325584,88.37209302325584,0,100.0,250.0,0,100.0,250.0,ALL_CLEAR,,100.0,,51,ALL_CLEAR,,100.0,,,ALL_CLEAR/PASS
landing,landing_stage1,landing_stage1,landing_stage1,TF,9,25,0,11968.930697298629,2489.4287584910326,0.0,100.0,35.599207026680354,129.09720687931286,35.598336820273886,129.09692012851238,338.37209302325584,188.37209302325584,0,338.37209302325584,188.37209302325584,100.0,250.0,77,75,INSIDE,CLEAR,False,,,True,100.0,100.0,100.0,False,238.37209302325584,88.37209302325584,238.37209302325584,88.37209302325584,0,100.0,250.0,0,100.0,250.0,ALL_CLEAR,,100.0,,51,ALL_CLEAR,,100.0,,,ALL_CLEAR/PASS
landing,landing_stage1,landing_stage1,landing_stage1,TF,9,25,1,12018.717520758815,2539.215581951219,49.78682346018725,-100.0,35.59932310927256,129.09667404933197,35.600193315679036,129.09696080013245,333.1395348837209,183.1395348837209,0,333.1395348837209,183.1395348837209,100.0,250.0,79,75,INSIDE,CLEAR,False,,,True,100.0,100.0,100.0,False,233.1395348837209,83.1395348837209,233.1395348837209,83.1395348837209,0,100.0,250.0,0,100.0,250.0,ALL_CLEAR,,100.0,,52,ALL_CLEAR,,100.0,,,ALL_CLEAR/PASS
landing,landing_stage1,landing_stage1,landing_stage1,TF,9,25,1,12018.717520758815,2539.215581951219,49.78682346018725,-66.66666666666666,35.59932310927256,129.09667404933197,35.59990324687688,129.09686521653228,333.1395348837209,183.1395348837209,0,333.1395348837209,183.1395348837209,100.0,250.0,79,75,INSIDE,CLEAR,False,,,True,100.0,100.0,100.0,False,233.1395348837209,83.1395348837209,233.1395348837209,83.1395348837209,0,100.0,250.0,0,100.0,250.0,ALL_CLEAR,,100.0,,52,ALL_CLEAR,,100.0,,,ALL_CLEAR/PASS
landing,landing_stage1,landing_stage1,landing_stage1,TF,9,25,1,12018.717520758815,2539.215581951219,49.78682346018725,-33.33333333333333,35.59932310927256,129.09667404933197,35.59961317807472,129.0967696329321,333.1395348837209,183.1395348837209,0,333.1395348837209,183.1395348837209,100.0,250.0,78,75,INSIDE,CLEAR,False,,,True,100.0,100.0,100.0,False,233.1395348837209,83.1395348837209,233.1395348837209,83.1395348837209,0,100.0,250.0,0,100.0,250.0,ALL_CLEAR,,100.0,,52,ALL_CLEAR,,100.0,,,ALL_CLEAR/PASS
landing,landing_stage1,landing_stage1,landing_stage1,TF,9,25,1,12018.717520758815,2539.215581951219,49.78682346018725,0.0,35.59932310927256,129.09667404933197,35.59932310927257,129.09667404933197,333.1395348837209,183.1395348837209,0,333.1395348837209,183.1395348837209,100.0,250.0,78,75,INSIDE,CLEAR,False,,,True,100.0,100.0,100.0,False,233.1395348837209,83.1395348837209,233.1395348837209,83.1395348837209,0,100.0,250.0,0,100.0,250.0,ALL_CLEAR,,100.0,,52,ALL_CLEAR,,100.0,,,ALL_CLEAR/PASS
landing,landing_stage1,landing_stage1,landing_stage1,TF,9,25,1,12018.717520758815,2539.215581951219,49.78682346018725,33.33333333333334,35.59932310927256,129.09667404933197,35.59903304047041,129.0965784657318,333.1395348837209,183.1395348837209,0,333.1395348837209,183.1395348837209,100.0,250.0,78,75,INSIDE,CLEAR,False,,,True,100.0,100.0,100.0,False,233.1395348837209,83.1395348837209,233.1395348837209,83.1395348837209,0,100.0,250.0,0,100.0,250.0,ALL_CLEAR,,100.0,,52,ALL_CLEAR,,100.0,,,ALL_CLEAR/PASS
landing,landing_stage1,landing_stage1,landing_stage1,TF,9,25,1,12018.717520758815,2539.215581951219,49.78682346018725,66.66666666666669,35.59932310927256,129.09667404933197,35.59874297166825,129.09648288213162,333.1395348837209,183.1395348837209,0,333.1395348837209,183.1395348837209,100.0,250.0,77,75,INSIDE,CLEAR,False,,,True,100.0,100.0,100.0,False,233.1395348837209,83.1395348837209,233.1395348837209,83.1395348837209,0,100.0,250.0,0,100.0,250.0,ALL_CLEAR,,100.0,,52,ALL_CLEAR,,100.0,,,ALL_CLEAR/PASS
landing,landing_stage1,landing_stage1,landing_stage1,TF,9,25,1,12018.717520758815,2539.215581951219,49.78682346018725,100.0,35.59932310927256,129.09667404933197,35.59845290286609,129.09638729853145,333.1395348837209,183.1395348837209,0,333.1395348837209,183.1395348837209,100.0,250.0,77,75,INSIDE,CLEAR,False,,,True,100.0,100.0,100.0,False,233.1395348837209,83.1395348837209,233.1395348837209,83.1395348837209,0,100.0,250.0,0,100.0,250.0,ALL_CLEAR,,100.0,,52,ALL_CLEAR,,100.0,,,ALL_CLEAR/PASS
landing,landing_stage1,landing_stage1,landing_stage1,TF,9,25,2,12068.504344219004,2589.0024054114074,99.5736469203745,-100.0,35.599439191864775,129.09614121935104,35.60030939827124,129.09642797015152,327.906976744186,177.906976744186,0,327.906976744186,177.906976744186,100.0,250.0,79,75,INSIDE,CLEAR,False,,,True,100.0,100.0,100.0,False,227.906976744186,77.90697674418601,227.906976744186,77.90697674418601,0,100.0,250.0,0,100.0,250.0,ALL_CLEAR,,100.0,,53,ALL_CLEAR,,100.0,,,ALL_CLEAR/PASS
landing,landing_stage1,landing_stage1,landing_stage1,TF,9,25,2,12068.504344219004,2589.0024054114074,99.5736469203745,-66.66666666666666,35.599439191864775,129.09614121935104,35.600019329469085,129.09633238655138,327.906976744186,177.906976744186,0,327.906976744186,177.906976744186,100.0,250.0,79,75,INSIDE,CLEAR,False,,,True,100.0,100.0,100.0,False,227.906976744186,77.90697674418601,227.906976744186,77.90697674418601,0,100.0,250.0,0,100.0,250.0,ALL_CLEAR,,100.0,,53,ALL_CLEAR,,100.0,,,ALL_CLEAR/PASS
landing,landing_stage1,landing_stage1,landing_stage1,TF,9,25,2,12068.504344219004,2589.0024054114074,99.5736469203745,-33.33333333333333,35.599439191864775,129.09614121935104,35.59972926066693,129.0962368029512,327.906976744186,177.906976744186,0,327.906976744186,177.906976744186,100.0,250.0,79,74,INSIDE,CLEAR,False,,,True,100.0,100.0,100.0,False,227.906976744186,77.90697674418601,227.906976744186,77.90697674418601,0,100.0,250.0,0,100.0,250.0,ALL_CLEAR,,100.0,,53,ALL_CLEAR,,100.0,,,ALL_CLEAR/PASS
landing,landing_stage1,landing_stage1,landing_stage1,TF,9,25,2,12068.504344219004,2589.0024054114074,99.5736469203745,0.0,35.599439191864775,129.09614121935104,35.599439191864775,129.09614121935104,327.906976744186,177.906976744186,0,327.906976744186,177.906976744186,100.0,250.0,78,74,INSIDE,CLEAR,False,,,True,100.0,100.0,100.0,False,227.906976744186,77.90697674418601,227.906976744186,77.90697674418601,0,100.0,250.0,0,100.0,250.0,ALL_CLEAR,,100.0,,53,ALL_CLEAR,,100.0,,,ALL_CLEAR/PASS
landing,landing_stage1,landing_stage1,landing_stage1,TF,9,25,2,12068.504344219004,2589.0024054114074,99.5736469203745,33.33333333333334,35.599439191864775,129.09614121935104,35.59914912306262,129.09604563575087,327.906976744186,177.906976744186,0,327.906976744186,177.906976744186,100.0,250.0,78,74,INSIDE,CLEAR,False,,,True,100.0,100.0,100.0,False,227.906976744186,77.90697674418601,227.906976744186,77.90697674418601,0,100.0,250.0,0,100.0,250.0,ALL_CLEAR,,100.0,,53,ALL_CLEAR,,100.0,,,ALL_CLEAR/PASS
landing,landing_stage1,landing_stage1,landing_stage1,TF,9,25,2,12068.504344219004,2589.0024054114074,99.5736469203745,66.66666666666669,35.599439191864775,129.09614121935104,35.598859054260465,129.0959500521507,327.906976744186,177.906976744186,0,327.906976744186,177.906976744186,100.0,250.0,78,74,INSIDE,CLEAR,False,,,True,100.0,100.0,100.0,False,227.906976744186,77.90697674418601,227.906976744186,77.90697674418601,0,100.0,250.0,0,100.0,250.0,ALL_CLEAR,,100.0,,53,ALL_CLEAR,,100.0,,,ALL_CLEAR/PASS
landing,landing_stage1,landing_stage1,landing_stage1,TF,9,25,2,12068.504344219004,2589.0024054114074,99.5736469203745,100.0,35.599439191864775,129.09614121935104,35.59856898545831,129.09585446855056,327.906976744186,177.906976744186,0,327.906976744186,177.906976744186,100.0,250.0,77,74,INSIDE,CLEAR,False,,,True,100.0,100.0,100.0,False,227.906976744186,77.90697674418601,227.906976744186,77.90697674418601,0,100.0,250.0,0,100.0,250.0,ALL_CLEAR,,100.0,,53,ALL_CLEAR,,100.0,,,ALL_CLEAR/PASS
landing,landing_stage1,landing_stage1,landing_stage1,TF,9,26,0,12068.504344219004,2589.0024054114074,0.0,-100.0,35.599439191864775,129.09614121935104,35.600309398102155,129.0964279717595,327.906976744186,177.906976744186,0,327.906976744186,177.906976744186,100.0,250.0,79,75,INSIDE,CLEAR,False,,,True,100.0,100.0,100.0,False,227.906976744186,77.90697674418601,227.906976744186,77.90697674418601,0,100.0,250.0,0,100.0,250.0,ALL_CLEAR,,100.0,,53,ALL_CLEAR,,100.0,,,ALL_CLEAR/PASS
landing,landing_stage1,landing_stage1,landing_stage1,TF,9,26,0,12068.504344219004,2589.0024054114074,0.0,-66.66666666666666,35.599439191864775,129.09614121935104,35.600019329356364,129.09633238762336,327.906976744186,177.906976744186,0,327.906976744186,177.906976744186,100.0,250.0,79,75,INSIDE,CLEAR,False,,,True,100.0,100.0,100.0,False,227.906976744186,77.90697674418601,227.906976744186,77.90697674418601,0,100.0,250.0,0,100.0,250.0,ALL_CLEAR,,100.0,,53,ALL_CLEAR,,100.0,,,ALL_CLEAR/PASS
landing,landing_stage1,landing_stage1,landing_stage1,TF,9,26,0,12068.504344219004,2589.0024054114074,0.0,-33.33333333333333,35.599439191864775,129.09614121935104,35.599729260610566,129.0962368034872,327.906976744186,177.906976744186,0,327.906976744186,177.906976744186,100.0,250.0,79,74,INSIDE,CLEAR,False,,,True,100.0,100.0,100.0,False,227.906976744186,77.90697674418601,227.906976744186,77.90697674418601,0,100.0,250.0,0,100.0,250.0,ALL_CLEAR,,100.0,,53,ALL_CLEAR,,100.0,,,ALL_CLEAR/PASS
landing,landing_stage1,landing_stage1,landing_stage1,TF,9,26,0,12068.504344219004,2589.0024054114074,0.0,33.33333333333334,35.599439191864775,129.09614121935104,35.599149123118984,129.0960456352149,327.906976744186,177.906976744186,0,327.906976744186,177.906976744186,100.0,250.0,78,74,INSIDE,CLEAR,False,,,True,100.0,100.0,100.0,False,227.906976744186,77.90697674418601,227.906976744186,77.90697674418601,0,100.0,250.0,0,100.0,250.0,ALL_CLEAR,,100.0,,53,ALL_CLEAR,,100.0,,,ALL_CLEAR/PASS
landing,landing_stage1,landing_stage1,landing_stage1,TF,9,26,0,12068.504344219004,2589.0024054114074,0.0,66.66666666666669,35.599439191864775,129.09614121935104,35.598859054373186,129.09595005107872,327.906976744186,177.906976744186,0,327.906976744186,177.906976744186,100.0,250.0,78,74,INSIDE,CLEAR,False,,,True,100.0,100.0,100.0,False,227.906976744186,77.90697674418601,227.906976744186,77.90697674418601,0,100.0,250.0,0,100.0,250.0,ALL_CLEAR,,100.0,,53,ALL_CLEAR,,100.0,,,ALL_CLEAR/PASS
landing,landing_stage1,landing_stage1,landing_stage1,TF,9,26,0,12068.504344219004,2589.0024054114074,0.0,100.0,35.599439191864775,129.09614121935104,35.598568985627395,129.09585446694257,327.906976744186,177.906976744186,0,327.906976744186,177.906976744186,100.0,250.0,77,74,INSIDE,CLEAR,False,,,True,100.0,100.0,100.0,False,227.906976744186,77.90697674418601,227.906976744186,77.90697674418601,0,100.0,250.0,0,100.0,250.0,ALL_CLEAR,,100.0,,53,ALL_CLEAR,,100.0,,,ALL_CLEAR/PASS
landing,landing_stage1,landing_stage1,landing_stage1,TF,9,26,1,12118.291032925777,2638.7890941181813,49.78668870677352,-100.0,35.59955527445699,129.0956083893701,35.60042548069437,129.09589514177858,322.6744186046511,172.67441860465112,0,322.6744186046511,172.67441860465112,100.0,250.0,79,74,INSIDE,CLEAR,False,,,True,100.0,100.0,100.0,False,222.67441860465112,72.67441860465112,222.67441860465112,72.67441860465112,0,100.0,250.0,0,100.0,250.0,ALL_CLEAR,,100.0,,54,ALL_CLEAR,,100.0,,,ALL_CLEAR/PASS
landing,landing_stage1,landing_stage1,landing_stage1,TF,9,26,1,12118.291032925777,2638.7890941181813,49.78668870677352,-66.66666666666666,35.59955527445699,129.0956083893701,35.60013541194858,129.09579955764244,322.6744186046511,172.67441860465112,0,322.6744186046511,172.67441860465112,100.0,250.0,79,74,INSIDE,CLEAR,False,,,True,100.0,100.0,100.0,False,222.67441860465112,72.67441860465112,222.67441860465112,72.67441860465112,0,100.0,250.0,0,100.0,250.0,ALL_CLEAR,,100.0,,54,ALL_CLEAR,,100.0,,,ALL_CLEAR/PASS
landing,landing_stage1,landing_stage1,landing_stage1,TF,9,26,1,12118.291032925777,2638.7890941181813,49.78668870677352,-33.33333333333333,35.59955527445699,129.0956083893701,35.59984534320278,129.0957039735063,322.6744186046511,172.67441860465112,0,322.6744186046511,172.67441860465112,100.0,250.0,79,74,INSIDE,CLEAR,False,,,True,100.0,100.0,100.0,False,222.67441860465112,72.67441860465112,222.67441860465112,72.67441860465112,0,100.0,250.0,0,100.0,250.0,ALL_CLEAR,,100.0,,54,ALL_CLEAR,,100.0,,,ALL_CLEAR/PASS
landing,landing_stage1,landing_stage1,landing_stage1,TF,9,26,1,12118.291032925777,2638.7890941181813,49.78668870677352,0.0,35.59955527445699,129.0956083893701,35.59955527445699,129.0956083893701,322.6744186046511,172.67441860465112,0,322.6744186046511,172.67441860465112,100.0,250.0,78,74,INSIDE,CLEAR,False,,,True,100.0,100.0,100.0,False,222.67441860465112,72.67441860465112,222.67441860465112,72.67441860465112,0,100.0,250.0,0,100.0,250.0,ALL_CLEAR,,100.0,,54,ALL_CLEAR,,100.0,,,ALL_CLEAR/PASS
landing,landing_stage1,landing_stage1,landing_stage1,TF,9,26,1,12118.291032925777,2638.7890941181813,49.78668870677352,33.33333333333334,35.59955527445699,129.0956083893701,35.5992652057112,129.09551280523397,322.6744186046511,172.67441860465112,0,322.6744186046511,172.67441860465112,100.0,250.0,78,74,INSIDE,CLEAR,False,,,True,100.0,100.0,100.0,False,222.67441860465112,72.67441860465112,222.67441860465112,72.67441860465112,0,100.0,250.0,0,100.0,250.0,ALL_CLEAR,,100.0,,54,ALL_CLEAR,,100.0,,,ALL_CLEAR/PASS
landing,landing_stage1,landing_stage1,landing_stage1,TF,9,26,1,12118.291032925777,2638.7890941181813,49.78668870677352,66.66666666666669,35.59955527445699,129.0956083893701,35.5989751369654,129.09541722109782,322.6744186046511,172.67441860465112,0,322.6744186046511,172.67441860465112,100.0,250.0,78,74,INSIDE,CLEAR,False,,,True,100.0,100.0,100.0,False,222.67441860465112,72.67441860465112,222.67441860465112,72.67441860465112,0,100.0,250.0,0,100.0,250.0,ALL_CLEAR,,100.0,,54,ALL_CLEAR,,100.0,,,ALL_CLEAR/PASS
landing,landing_stage1,landing_stage1,landing_stage1,TF,9,26,1,12118.291032925777,2638.7890941181813,49.78668870677352,100.0,35.59955527445699,129.0956083893701,35.59868506821961,129.09532163696167,322.6744186046511,172.67441860465112,0,322.6744186046511,172.67441860465112,100.0,250.0,77,74,INSIDE,CLEAR,False,,,True,100.0,100.0,100.0,False,222.67441860465112,72.67441860465112,222.67441860465112,72.67441860465112,0,100.0,250.0,0,100.0,250.0,ALL_CLEAR,,100.0,,54,ALL_CLEAR,,100.0,,,ALL_CLEAR/PASS
landing,landing_stage1,landing_stage1,landing_stage1,TF,9,26,2,12168.077721632551,2688.5757828249552,99.57337741354704,-100.0,35.5996713570492,129.09507555938922,35.60054156328658,129.0953623117977,317.4418604651163,167.4418604651163,0,317.4418604651163,167.4418604651163,100.0,250.0,80,74,INSIDE,CLEAR,False,,,True,100.0,100.0,100.0,False,217.4418604651163,67.44186046511629,217.4418604651163,67.44186046511629,0,100.0,250.0,0,100.0,250.0,ALL_CLEAR,,100.0,,55,ALL_CLEAR,,100.0,,,ALL_CLEAR/PASS
landing,landing_stage1,landing_stage1,landing_stage1,TF,9,26,2,12168.077721632551,2688.5757828249552,99.57337741354704,-66.66666666666666,35.5996713570492,129.09507555938922,35.60025149454079,129.09526672766154,317.4418604651163,167.4418604651163,0,317.4418604651163,167.4418604651163,100.0,250.0,79,74,INSIDE,CLEAR,False,,,True,100.0,100.0,100.0,False,217.4418604651163,67.44186046511629,217.4418604651163,67.44186046511629,0,100.0,250.0,0,100.0,250.0,ALL_CLEAR,,100.0,,55,ALL_CLEAR,,100.0,,,ALL_CLEAR/PASS
landing,landing_stage1,landing_stage1,landing_stage1,TF,9,26,2,12168.077721632551,2688.5757828249552,99.57337741354704,-33.33333333333333,35.5996713570492,129.09507555938922,35.599961425794994,129.09517114352536,317.4418604651163,167.4418604651163,0,317.4418604651163,167.4418604651163,100.0,250.0,79,73,INSIDE,CLEAR,False,,,True,100.0,100.0,100.0,False,217.4418604651163,67.44186046511629,217.4418604651163,67.44186046511629,0,100.0,250.0,0,100.0,250.0,ALL_CLEAR,,100.0,,55,ALL_CLEAR,,100.0,,,ALL_CLEAR/PASS
landing,landing_stage1,landing_stage1,landing_stage1,TF,9,26,2,12168.077721632551,2688.5757828249552,99.57337741354704,0.0,35.5996713570492,129.09507555938922,35.5996713570492,129.09507555938922,317.4418604651163,167.4418604651163,0,317.4418604651163,167.4418604651163,100.0,250.0,78,73,INSIDE,CLEAR,False,,,True,100.0,100.0,100.0,False,217.4418604651163,67.44186046511629,217.4418604651163,67.44186046511629,0,100.0,250.0,0,100.0,250.0,ALL_CLEAR,,100.0,,55,ALL_CLEAR,,100.0,,,ALL_CLEAR/PASS
landing,landing_stage1,landing_stage1,landing_stage1,TF,9,26,2,12168.077721632551,2688.5757828249552,99.57337741354704,33.33333333333334,35.5996713570492,129.09507555938922,35.59938128830341,129.09497997525307,317.4418604651163,167.4418604651163,0,317.4418604651163,167.4418604651163,100.0,250.0,78,73,INSIDE,CLEAR,False,,,True,100.0,100.0,100.0,False,217.4418604651163,67.44186046511629,217.4418604651163,67.44186046511629,0,100.0,250.0,0,100.0,250.0,ALL_CLEAR,,100.0,,55,ALL_CLEAR,,100.0,,,ALL_CLEAR/PASS
landing,landing_stage1,landing_stage1,landing_stage1,TF,9,26,2,12168.077721632551,2688.5757828249552,99.57337741354704,66.66666666666669,35.5996713570492,129.09507555938922,35.599091219557614,129.0948843911169,317.4418604651163,167.4418604651163,0,317.4418604651163,167.4418604651163,100.0,250.0,78,73,INSIDE,CLEAR,False,,,True,100.0,100.0,100.0,False,217.4418604651163,67.44186046511629,217.4418604651163,67.44186046511629,0,100.0,250.0,0,100.0,250.0,ALL_CLEAR,,100.0,,55,ALL_CLEAR,,100.0,,,ALL_CLEAR/PASS
landing,landing_stage1,landing_stage1,landing_stage1,TF,9,26,2,12168.077721632551,2688.5757828249552,99.57337741354704,100.0,35.5996713570492,129.09507555938922,35.59880115081182,129.09478880698074,317.4418604651163,167.4418604651163,0,317.4418604651163,167.4418604651163,100.0,250.0,77,73,INSIDE,CLEAR,False,,,True,100.0,100.0,100.0,False,217.4418604651163,67.44186046511629,217.4418604651163,67.44186046511629,0,100.0,250.0,0,100.0,250.0,ALL_CLEAR,,100.0,,55,ALL_CLEAR,,100.0,,,ALL_CLEAR/PASS
landing,landing_stage1,landing_stage1,landing_stage1,TF,9,27,0,12168.077721632551,2688.5757828249552,0.0,-100.0,35.5996713570492,129.09507555938922,35.600541563117496,129.09536231340567,317.4418604651163,167.4418604651163,0,317.4418604651163,167.4418604651163,100.0,250.0,80,74,INSIDE,CLEAR,False,,,True,100.0,100.0,100.0,False,217.4418604651163,67.44186046511629,217.4418604651163,67.44186046511629,0,100.0,250.0,0,100.0,250.0,ALL_CLEAR,,100.0,,55,ALL_CLEAR,,100.0,,,ALL_CLEAR/PASS
landing,landing_stage1,landing_stage1,landing_stage1,TF,9,27,0,12168.077721632551,2688.5757828249552,0.0,-66.66666666666666,35.5996713570492,129.09507555938922,35.600251494428065,129.09526672873352,317.4418604651163,167.4418604651163,0,317.4418604651163,167.4418604651163,100.0,250.0,79,74,INSIDE,CLEAR,False,,,True,100.0,100.0,100.0,False,217.4418604651163,67.44186046511629,217.4418604651163,67.44186046511629,0,100.0,250.0,0,100.0,250.0,ALL_CLEAR,,100.0,,55,ALL_CLEAR,,100.0,,,ALL_CLEAR/PASS
landing,landing_stage1,landing_stage1,landing_stage1,TF,9,27,0,12168.077721632551,2688.5757828249552,0.0,-33.33333333333333,35.5996713570492,129.09507555938922,35.599961425738634,129.09517114406137,317.4418604651163,167.4418604651163,0,317.4418604651163,167.4418604651163,100.0,250.0,79,73,INSIDE,CLEAR,False,,,True,100.0,100.0,100.0,False,217.4418604651163,67.44186046511629,217.4418604651163,67.44186046511629,0,100.0,250.0,0,100.0,250.0,ALL_CLEAR,,100.0,,55,ALL_CLEAR,,100.0,,,ALL_CLEAR/PASS
landing,landing_stage1,landing_stage1,landing_stage1,TF,9,27,0,12168.077721632551,2688.5757828249552,0.0,33.33333333333334,35.5996713570492,129.09507555938922,35.59938128835977,129.09497997471706,317.4418604651163,167.4418604651163,0,317.4418604651163,167.4418604651163,100.0,250.0,78,73,INSIDE,CLEAR,False,,,True,100.0,100.0,100.0,False,217.4418604651163,67.44186046511629,217.4418604651163,67.44186046511629,0,100.0,250.0,0,100.0,250.0,ALL_CLEAR,,100.0,,55,ALL_CLEAR,,100.0,,,ALL_CLEAR/PASS
landing,landing_stage1,landing_stage1,landing_stage1,TF,9,27,0,12168.077721632551,2688.5757828249552,0.0,66.66666666666669,35.5996713570492,129.09507555938922,35.59909121967034,129.0948843900449,317.4418604651163,167.4418604651163,0,317.4418604651163,167.4418604651163,100.0,250.0,78,73,INSIDE,CLEAR,False,,,True,100.0,100.0,100.0,False,217.4418604651163,67.44186046511629,217.4418604651163,67.44186046511629,0,100.0,250.0,0,100.0,250.0,ALL_CLEAR,,100.0,,55,ALL_CLEAR,,100.0,,,ALL_CLEAR/PASS
landing,landing_stage1,landing_stage1,landing_stage1,TF,9,27,0,12168.077721632551,2688.5757828249552,0.0,100.0,35.5996713570492,129.09507555938922,35.59880115098091,129.09478880537276,317.4418604651163,167.4418604651163,0,317.4418604651163,167.4418604651163,100.0,250.0,77,73,INSIDE,CLEAR,False,,,True,100.0,100.0,100.0,False,217.4418604651163,67.44186046511629,217.4418604651163,67.44186046511629,0,100.0,250.0,0,100.0,250.0,ALL_CLEAR,,100.0,,55,ALL_CLEAR,,100.0,,,ALL_CLEAR/PASS
landing,landing_stage1,landing_stage1,landing_stage1,TF,9,27,1,12217.864275585072,2738.3623367774762,49.786553952521224,-100.0,35.59978743964142,129.09454272940832,35.60065764570971,129.09482948342477,312.2093023255814,162.2093023255814,0,312.2093023255814,162.2093023255814,100.0,250.0,80,73,INSIDE,CLEAR,False,,,True,100.0,100.0,100.0,False,212.2093023255814,62.209302325581405,212.2093023255814,62.209302325581405,0,100.0,250.0,0,100.0,250.0,ALL_CLEAR,,100.0,,56,ALL_CLEAR,,100.0,,,ALL_CLEAR/PASS
landing,landing_stage1,landing_stage1,landing_stage1,TF,9,27,1,12217.864275585072,2738.3623367774762,49.786553952521224,-66.66666666666666,35.59978743964142,129.09454272940832,35.60036757702028,129.09473389875262,312.2093023255814,162.2093023255814,0,312.2093023255814,162.2093023255814,100.0,250.0,79,73,INSIDE,CLEAR,False,,,True,100.0,100.0,100.0,False,212.2093023255814,62.209302325581405,212.2093023255814,62.209302325581405,0,100.0,250.0,0,100.0,250.0,ALL_CLEAR,,100.0,,56,ALL_CLEAR,,100.0,,,ALL_CLEAR/PASS
landing,landing_stage1,landing_stage1,landing_stage1,TF,9,27,1,12217.864275585072,2738.3623367774762,49.786553952521224,-33.33333333333333,35.59978743964142,129.09454272940832,35.60007750833085,129.09463831408047,312.2093023255814,162.2093023255814,0,312.2093023255814,162.2093023255814,100.0,250.0,79,73,INSIDE,CLEAR,False,,,True,100.0,100.0,100.0,False,212.2093023255814,62.209302325581405,212.2093023255814,62.209302325581405,0,100.0,250.0,0,100.0,250.0,ALL_CLEAR,,100.0,,56,ALL_CLEAR,,100.0,,,ALL_CLEAR/PASS
landing,landing_stage1,landing_stage1,landing_stage1,TF,9,27,1,12217.864275585072,2738.3623367774762,49.786553952521224,0.0,35.59978743964142,129.09454272940832,35.59978743964142,129.09454272940832,312.2093023255814,162.2093023255814,0,312.2093023255814,162.2093023255814,100.0,250.0,79,73,INSIDE,CLEAR,False,,,True,100.0,100.0,100.0,False,212.2093023255814,62.209302325581405,212.2093023255814,62.209302325581405,0,100.0,250.0,0,100.0,250.0,ALL_CLEAR,,100.0,,56,ALL_CLEAR,,100.0,,,ALL_CLEAR/PASS
landing,landing_stage1,landing_stage1,landing_stage1,TF,9,27,1,12217.864275585072,2738.3623367774762,49.786553952521224,33.33333333333334,35.59978743964142,129.09454272940832,35.59949737095199,129.09444714473614,312.2093023255814,162.2093023255814,0,312.2093023255814,162.2093023255814,100.0,250.0,78,73,INSIDE,CLEAR,False,,,True,100.0,100.0,100.0,False,212.2093023255814,62.209302325581405,212.2093023255814,62.209302325581405,0,100.0,250.0,0,100.0,250.0,ALL_CLEAR,,100.0,,56,ALL_CLEAR,,100.0,,,ALL_CLEAR/PASS
landing,landing_stage1,landing_stage1,landing_stage1,TF,9,27,1,12217.864275585072,2738.3623367774762,49.786553952521224,66.66666666666669,35.59978743964142,129.09454272940832,35.599207302262556,129.09435156006398,312.2093023255814,162.2093023255814,0,312.2093023255814,162.2093023255814,100.0,250.0,78,73,INSIDE,CLEAR,False,,,True,100.0,100.0,100.0,False,212.2093023255814,62.209302325581405,212.2093023255814,62.209302325581405,0,100.0,250.0,0,100.0,250.0,ALL_CLEAR,,100.0,,56,ALL_CLEAR,,100.0,,,ALL_CLEAR/PASS
landing,landing_stage1,landing_stage1,landing_stage1,TF,9,27,1,12217.864275585072,2738.3623367774762,49.786553952521224,100.0,35.59978743964142,129.09454272940832,35.598917233573125,129.09425597539183,312.2093023255814,162.2093023255814,0,312.2093023255814,162.2093023255814,100.0,250.0,78,73,INSIDE,CLEAR,False,,,True,100.0,100.0,100.0,False,212.2093023255814,62.209302325581405,212.2093023255814,62.209302325581405,0,100.0,250.0,0,100.0,250.0,ALL_CLEAR,,100.0,,56,ALL_CLEAR,,100.0,,,ALL_CLEAR/PASS
landing,landing_stage1,landing_stage1,landing_stage1,TF,9,27,2,12267.650829537593,2788.148890729997,99.57310790504245,-100.0,35.59990352223363,129.0940098994274,35.600773728301924,129.09429665344385,306.9767441860465,156.97674418604652,0,306.9767441860465,156.97674418604652,100.0,250.0,80,73,INSIDE,CLEAR,False,,,True,100.0,100.0,100.0,False,206.97674418604652,56.97674418604652,206.97674418604652,56.97674418604652,0,100.0,250.0,0,100.0,250.0,ALL_CLEAR,,100.0,,57,ALL_CLEAR,,100.0,,,ALL_CLEAR/PASS
landing,landing_stage1,landing_stage1,landing_stage1,TF,9,27,2,12267.650829537593,2788.148890729997,99.57310790504245,-66.66666666666666,35.59990352223363,129.0940098994274,35.60048365961249,129.0942010687717,306.9767441860465,156.97674418604652,0,306.9767441860465,156.97674418604652,100.0,250.0,79,72,INSIDE,CLEAR,False,,,True,100.0,100.0,100.0,False,206.97674418604652,56.97674418604652,206.97674418604652,56.97674418604652,0,100.0,250.0,0,100.0,250.0,ALL_CLEAR,,100.0,,57,ALL_CLEAR,,100.0,,,ALL_CLEAR/PASS
landing,landing_stage1,landing_stage1,landing_stage1,TF,9,27,2,12267.650829537593,2788.148890729997,99.57310790504245,-33.33333333333333,35.59990352223363,129.0940098994274,35.60019359092306,129.09410548409954,306.9767441860465,156.97674418604652,0,306.9767441860465,156.97674418604652,100.0,250.0,79,72,INSIDE,CLEAR,False,,,True,100.0,100.0,100.0,False,206.97674418604652,56.97674418604652,206.97674418604652,56.97674418604652,0,100.0,250.0,0,100.0,250.0,ALL_CLEAR,,100.0,,57,ALL_CLEAR,,100.0,,,ALL_CLEAR/PASS
landing,landing_stage1,landing_stage1,landing_stage1,TF,9,27,2,12267.650829537593,2788.148890729997,99.57310790504245,0.0,35.59990352223363,129.0940098994274,35.59990352223363,129.0940098994274,306.9767441860465,156.97674418604652,0,306.9767441860465,156.97674418604652,100.0,250.0,79,72,INSIDE,CLEAR,False,,,True,100.0,100.0,100.0,False,206.97674418604652,56.97674418604652,206.97674418604652,56.97674418604652,0,100.0,250.0,0,100.0,250.0,ALL_CLEAR,,100.0,,57,ALL_CLEAR,,100.0,,,ALL_CLEAR/PASS
landing,landing_stage1,landing_stage1,landing_stage1,TF,9,27,2,12267.650829537593,2788.148890729997,99.57310790504245,33.33333333333334,35.59990352223363,129.0940098994274,35.5996134535442,129.09391431475524,306.9767441860465,156.97674418604652,0,306.9767441860465,156.97674418604652,100.0,250.0,78,72,INSIDE,CLEAR,False,,,True,100.0,100.0,100.0,False,206.97674418604652,56.97674418604652,206.97674418604652,56.97674418604652,0,100.0,250.0,0,100.0,250.0,ALL_CLEAR,,100.0,,57,ALL_CLEAR,,100.0,,,ALL_CLEAR/PASS
landing,landing_stage1,landing_stage1,landing_stage1,TF,9,27,2,12267.650829537593,2788.148890729997,99.57310790504245,66.66666666666669,35.59990352223363,129.0940098994274,35.59932338485477,129.0938187300831,306.9767441860465,156.97674418604652,0,306.9767441860465,156.97674418604652,100.0,250.0,78,72,INSIDE,CLEAR,False,,,True,100.0,100.0,100.0,False,206.97674418604652,56.97674418604652,206.97674418604652,56.97674418604652,0,100.0,250.0,0,100.0,250.0,ALL_CLEAR,,100.0,,57,ALL_CLEAR,,100.0,,,ALL_CLEAR/PASS
landing,landing_stage1,landing_stage1,landing_stage1,TF,9,27,2,12267.650829537593,2788.148890729997,99.57310790504245,100.0,35.59990352223363,129.0940098994274,35.59903331616534,129.09372314541093,306.9767441860465,156.97674418604652,0,306.9767441860465,156.97674418604652,100.0,250.0,78,72,INSIDE,CLEAR,False,,,True,100.0,100.0,100.0,False,206.97674418604652,56.97674418604652,206.97674418604652,56.97674418604652,0,100.0,250.0,0,100.0,250.0,ALL_CLEAR,,100.0,,57,ALL_CLEAR,,100.0,,,ALL_CLEAR/PASS
landing,landing_stage1,landing_stage1,landing_stage1,TF,9,28,0,12267.650829537593,2788.148890729997,0.0,-100.0,35.59990352223363,129.0940098994274,35.600773728132836,129.09429665505186,306.9767441860465,156.97674418604652,0,306.9767441860465,156.97674418604652,100.0,250.0,80,73,INSIDE,CLEAR,False,,,True,100.0,100.0,100.0,False,206.97674418604652,56.97674418604652,206.97674418604652,56.97674418604652,0,100.0,250.0,0,100.0,250.0,ALL_CLEAR,,100.0,,57,ALL_CLEAR,,100.0,,,ALL_CLEAR/PASS
landing,landing_stage1,landing_stage1,landing_stage1,TF,9,28,0,12267.650829537593,2788.148890729997,0.0,-66.66666666666666,35.59990352223363,129.0940098994274,35.600483659499766,129.0942010698437,306.9767441860465,156.97674418604652,0,306.9767441860465,156.97674418604652,100.0,250.0,79,72,INSIDE,CLEAR,False,,,True,100.0,100.0,100.0,False,206.97674418604652,56.97674418604652,206.97674418604652,56.97674418604652,0,100.0,250.0,0,100.0,250.0,ALL_CLEAR,,100.0,,57,ALL_CLEAR,,100.0,,,ALL_CLEAR/PASS
landing,landing_stage1,landing_stage1,landing_stage1,TF,9,28,0,12267.650829537593,2788.148890729997,0.0,-33.33333333333333,35.59990352223363,129.0940098994274,35.6001935908667,129.09410548463555,306.9767441860465,156.97674418604652,0,306.9767441860465,156.97674418604652,100.0,250.0,79,72,INSIDE,CLEAR,False,,,True,100.0,100.0,100.0,False,206.97674418604652,56.97674418604652,206.97674418604652,56.97674418604652,0,100.0,250.0,0,100.0,250.0,ALL_CLEAR,,100.0,,57,ALL_CLEAR,,100.0,,,ALL_CLEAR/PASS
landing,landing_stage1,landing_stage1,landing_stage1,TF,9,28,0,12267.650829537593,2788.148890729997,0.0,33.33333333333334,35.59990352223363,129.0940098994274,35.59961345360056,129.09391431421923,306.9767441860465,156.97674418604652,0,306.9767441860465,156.97674418604652,100.0,250.0,78,72,INSIDE,CLEAR,False,,,True,100.0,100.0,100.0,False,206.97674418604652,56.97674418604652,206.97674418604652,56.97674418604652,0,100.0,250.0,0,100.0,250.0,ALL_CLEAR,,100.0,,57,ALL_CLEAR,,100.0,,,ALL_CLEAR/PASS
landing,landing_stage1,landing_stage1,landing_stage1,TF,9,28,0,12267.650829537593,2788.148890729997,0.0,66.66666666666669,35.59990352223363,129.0940098994274,35.5993233849675,129.09381872901108,306.9767441860465,156.97674418604652,0,306.9767441860465,156.97674418604652,100.0,250.0,78,72,INSIDE,CLEAR,False,,,True,100.0,100.0,100.0,False,206.97674418604652,56.97674418604652,206.97674418604652,56.97674418604652,0,100.0,250.0,0,100.0,250.0,ALL_CLEAR,,100.0,,57,ALL_CLEAR,,100.0,,,ALL_CLEAR/PASS
landing,landing_stage1,landing_stage1,landing_stage1,TF,9,28,0,12267.650829537593,2788.148890729997,0.0,100.0,35.59990352223363,129.0940098994274,35.59903331633443,129.09372314380292,306.9767441860465,156.97674418604652,0,306.9767441860465,156.97674418604652,100.0,250.0,78,72,INSIDE,CLEAR,False,,,True,100.0,100.0,100.0,False,206.97674418604652,56.97674418604652,206.97674418604652,56.97674418604652,0,100.0,250.0,0,100.0,250.0,ALL_CLEAR,,100.0,,57,ALL_CLEAR,,100.0,,,ALL_CLEAR/PASS
landing,landing_stage1,landing_stage1,landing_stage1,TF,9,28,1,12317.437248735023,2837.9353099274267,49.78641919743035,-100.0,35.600019604825846,129.09347706944646,35.60088981072504,129.09376382507094,301.74418604651163,151.74418604651163,0,301.74418604651163,151.74418604651163,100.0,250.0,80,72,INSIDE,CLEAR,False,,,True,100.0,100.0,100.0,False,201.74418604651163,51.74418604651163,201.74418604651163,51.74418604651163,0,100.0,250.0,0,100.0,250.0,ALL_CLEAR,,100.0,,58,ALL_CLEAR,,100.0,,,ALL_CLEAR/PASS
landing,landing_stage1,landing_stage1,landing_stage1,TF,9,28,1,12317.437248735023,2837.9353099274267,49.78641919743035,-66.66666666666666,35.600019604825846,129.09347706944646,35.60059974209198,129.09366823986278,301.74418604651163,151.74418604651163,0,301.74418604651163,151.74418604651163,100.0,250.0,80,72,INSIDE,CLEAR,False,,,True,100.0,100.0,100.0,False,201.74418604651163,51.74418604651163,201.74418604651163,51.74418604651163,0,100.0,250.0,0,100.0,250.0,ALL_CLEAR,,100.0,,58,ALL_CLEAR,,100.0,,,ALL_CLEAR/PASS
landing,landing_stage1,landing_stage1,landing_stage1,TF,9,28,1,12317.437248735023,2837.9353099274267,49.78641919743035,-33.33333333333333,35.600019604825846,129.09347706944646,35.60030967345891,129.09357265465462,301.74418604651163,151.74418604651163,0,301.74418604651163,151.74418604651163,100.0,250.0,79,72,INSIDE,CLEAR,False,,,True,100.0,100.0,100.0,False,201.74418604651163,51.74418604651163,201.74418604651163,51.74418604651163,0,100.0,250.0,0,100.0,250.0,ALL_CLEAR,,100.0,,58,ALL_CLEAR,,100.0,,,ALL_CLEAR/PASS
landing,landing_stage1,landing_stage1,landing_stage1,TF,9,28,1,12317.437248735023,2837.9353099274267,49.78641919743035,0.0,35.600019604825846,129.09347706944646,35.600019604825846,129.09347706944646,301.74418604651163,151.74418604651163,0,301.74418604651163,151.74418604651163,100.0,250.0,79,72,INSIDE,CLEAR,False,,,True,100.0,100.0,100.0,False,201.74418604651163,51.74418604651163,201.74418604651163,51.74418604651163,0,100.0,250.0,0,100.0,250.0,ALL_CLEAR,,100.0,,58,ALL_CLEAR,,100.0,,,ALL_CLEAR/PASS
landing,landing_stage1,landing_stage1,landing_stage1,TF,9,28,1,12317.437248735023,2837.9353099274267,49.78641919743035,33.33333333333334,35.600019604825846,129.09347706944646,35.599729536192775,129.09338148423834,301.74418604651163,151.74418604651163,0,301.74418604651163,151.74418604651163,100.0,250.0,79,72,INSIDE,CLEAR,False,,,True,100.0,100.0,100.0,False,201.74418604651163,51.74418604651163,201.74418604651163,51.74418604651163,0,100.0,250.0,0,100.0,250.0,ALL_CLEAR,,100.0,,58,ALL_CLEAR,,100.0,,,ALL_CLEAR/PASS
landing,landing_stage1,landing_stage1,landing_stage1,TF,9,28,1,12317.437248735023,2837.9353099274267,49.78641919743035,66.66666666666669,35.600019604825846,129.09347706944646,35.599439467559705,129.09328589903018,301.74418604651163,151.74418604651163,0,301.74418604651163,151.74418604651163,100.0,250.0,78,72,INSIDE,CLEAR,False,,,True,100.0,100.0,100.0,False,201.74418604651163,51.74418604651163,201.74418604651163,51.74418604651163,0,100.0,250.0,0,100.0,250.0,ALL_CLEAR,,100.0,,58,ALL_CLEAR,,100.0,,,ALL_CLEAR/PASS
landing,landing_stage1,landing_stage1,landing_stage1,TF,9,28,1,12317.437248735023,2837.9353099274267,49.78641919743035,100.0,35.600019604825846,129.09347706944646,35.59914939892664,129.09319031382202,301.74418604651163,151.74418604651163,0,301.74418604651163,151.74418604651163,100.0,250.0,78,72,INSIDE,CLEAR,False,,,True,100.0,100.0,100.0,False,201.74418604651163,51.74418604651163,201.74418604651163,51.74418604651163,0,100.0,250.0,0,100.0,250.0,ALL_CLEAR,,100.0,,58,ALL_CLEAR,,100.0,,,ALL_CLEAR/PASS
landing,landing_stage1,landing_stage1,landing_stage1,TF,9,28,2,12367.223667932454,2887.721729124858,99.5728383948607,-100.0,35.60013568741805,129.09294423946557,35.60100589331726,129.09323099509004,296.51162790697674,146.51162790697674,0,296.51162790697674,146.51162790697674,100.0,250.0,80,72,INSIDE,CLEAR,False,,,True,100.0,100.0,100.0,False,196.51162790697674,46.51162790697674,196.51162790697674,46.51162790697674,0,100.0,250.0,0,100.0,250.0,ALL_CLEAR,,100.0,,59,ALL_CLEAR,,100.0,,,ALL_CLEAR/PASS
landing,landing_stage1,landing_stage1,landing_stage1,TF,9,28,2,12367.223667932454,2887.721729124858,99.5728383948607,-66.66666666666666,35.60013568741805,129.09294423946557,35.60071582468419,129.09313540988188,296.51162790697674,146.51162790697674,0,296.51162790697674,146.51162790697674,100.0,250.0,80,71,INSIDE,CLEAR,False,,,True,100.0,100.0,100.0,False,196.51162790697674,46.51162790697674,196.51162790697674,46.51162790697674,0,100.0,250.0,0,100.0,250.0,ALL_CLEAR,,100.0,,59,ALL_CLEAR,,100.0,,,ALL_CLEAR/PASS
landing,landing_stage1,landing_stage1,landing_stage1,TF,9,28,2,12367.223667932454,2887.721729124858,99.5728383948607,-33.33333333333333,35.60013568741805,129.09294423946557,35.60042575605112,129.09303982467372,296.51162790697674,146.51162790697674,0,296.51162790697674,146.51162790697674,100.0,250.0,79,71,INSIDE,CLEAR,False,,,True,100.0,100.0,100.0,False,196.51162790697674,46.51162790697674,196.51162790697674,46.51162790697674,0,100.0,250.0,0,100.0,250.0,ALL_CLEAR,,100.0,,59,ALL_CLEAR,,100.0,,,ALL_CLEAR/PASS
landing,landing_stage1,landing_stage1,landing_stage1,TF,9,28,2,12367.223667932454,2887.721729124858,99.5728383948607,0.0,35.60013568741805,129.09294423946557,35.60013568741805,129.09294423946557,296.51162790697674,146.51162790697674,0,296.51162790697674,146.51162790697674,100.0,250.0,79,71,INSIDE,CLEAR,False,,,True,100.0,100.0,100.0,False,196.51162790697674,46.51162790697674,196.51162790697674,46.51162790697674,0,100.0,250.0,0,100.0,250.0,ALL_CLEAR,,100.0,,59,ALL_CLEAR,,100.0,,,ALL_CLEAR/PASS
landing,landing_stage1,landing_stage1,landing_stage1,TF,9,28,2,12367.223667932454,2887.721729124858,99.5728383948607,33.33333333333334,35.60013568741805,129.09294423946557,35.59984561878498,129.0928486542574,296.51162790697674,146.51162790697674,0,296.51162790697674,146.51162790697674,100.0,250.0,79,71,INSIDE,CLEAR,False,,,True,100.0,100.0,100.0,False,196.51162790697674,46.51162790697674,196.51162790697674,46.51162790697674,0,100.0,250.0,0,100.0,250.0,ALL_CLEAR,,100.0,,59,ALL_CLEAR,,100.0,,,ALL_CLEAR/PASS
landing,landing_stage1,landing_stage1,landing_stage1,TF,9,28,2,12367.223667932454,2887.721729124858,99.5728383948607,66.66666666666669,35.60013568741805,129.09294423946557,35.59955555015192,129.09275306904925,296.51162790697674,146.51162790697674,0,296.51162790697674,146.51162790697674,100.0,250.0,78,71,INSIDE,CLEAR,False,,,True,100.0,100.0,100.0,False,196.51162790697674,46.51162790697674,196.51162790697674,46.51162790697674,0,100.0,250.0,0,100.0,250.0,ALL_CLEAR,,100.0,,59,ALL_CLEAR,,100.0,,,ALL_CLEAR/PASS
landing,landing_stage1,landing_stage1,landing_stage1,TF,9,28,2,12367.223667932454,2887.721729124858,99.5728383948607,100.0,35.60013568741805,129.09294423946557,35.59926548151885,129.0926574838411,296.51162790697674,146.51162790697674,0,296.51162790697674,146.51162790697674,100.0,250.0,78,71,INSIDE,CLEAR,False,,,True,100.0,100.0,100.0,False,196.51162790697674,46.51162790697674,196.51162790697674,46.51162790697674,0,100.0,250.0,0,100.0,250.0,ALL_CLEAR,,100.0,,59,ALL_CLEAR,,100.0,,,ALL_CLEAR/PASS
landing,landing_stage1,landing_stage1,landing_stage1,TF,9,29,0,12367.223667932454,2887.721729124858,0.0,-100.0,35.60013568741805,129.09294423946557,35.60100589314816,129.09323099669805,296.51162790697674,146.51162790697674,0,296.51162790697674,146.51162790697674,100.0,250.0,80,72,INSIDE,CLEAR,False,,,True,100.0,100.0,100.0,False,196.51162790697674,46.51162790697674,196.51162790697674,46.51162790697674,0,100.0,250.0,0,100.0,250.0,ALL_CLEAR,,100.0,,59,ALL_CLEAR,,100.0,,,ALL_CLEAR/PASS
landing,landing_stage1,landing_stage1,landing_stage1,TF,9,29,0,12367.223667932454,2887.721729124858,0.0,-66.66666666666666,35.60013568741805,129.09294423946557,35.60071582457146,129.0931354109539,296.51162790697674,146.51162790697674,0,296.51162790697674,146.51162790697674,100.0,250.0,80,71,INSIDE,CLEAR,False,,,True,100.0,100.0,100.0,False,196.51162790697674,46.51162790697674,196.51162790697674,46.51162790697674,0,100.0,250.0,0,100.0,250.0,ALL_CLEAR,,100.0,,59,ALL_CLEAR,,100.0,,,ALL_CLEAR/PASS
landing,landing_stage1,landing_stage1,landing_stage1,TF,9,29,0,12367.223667932454,2887.721729124858,0.0,-33.33333333333333,35.60013568741805,129.09294423946557,35.600425755994756,129.09303982520973,296.51162790697674,146.51162790697674,0,296.51162790697674,146.51162790697674,100.0,250.0,79,71,INSIDE,CLEAR,False,,,True,100.0,100.0,100.0,False,196.51162790697674,46.51162790697674,196.51162790697674,46.51162790697674,0,100.0,250.0,0,100.0,250.0,ALL_CLEAR,,100.0,,59,ALL_CLEAR,,100.0,,,ALL_CLEAR/PASS
landing,landing_stage1,landing_stage1,landing_stage1,TF,9,29,0,12367.223667932454,2887.721729124858,0.0,33.33333333333334,35.60013568741805,129.09294423946557,35.59984561884135,129.0928486537214,296.51162790697674,146.51162790697674,0,296.51162790697674,146.51162790697674,100.0,250.0,79,71,INSIDE,CLEAR,False,,,True,100.0,100.0,100.0,False,196.51162790697674,46.51162790697674,196.51162790697674,46.51162790697674,0,100.0,250.0,0,100.0,250.0,ALL_CLEAR,,100.0,,59,ALL_CLEAR,,100.0,,,ALL_CLEAR/PASS
landing,landing_stage1,landing_stage1,landing_stage1,TF,9,29,0,12367.223667932454,2887.721729124858,0.0,66.66666666666669,35.60013568741805,129.09294423946557,35.59955555026465,129.09275306797724,296.51162790697674,146.51162790697674,0,296.51162790697674,146.51162790697674,100.0,250.0,78,71,INSIDE,CLEAR,False,,,True,100.0,100.0,100.0,False,196.51162790697674,46.51162790697674,196.51162790697674,46.51162790697674,0,100.0,250.0,0,100.0,250.0,ALL_CLEAR,,100.0,,59,ALL_CLEAR,,100.0,,,ALL_CLEAR/PASS
landing,landing_stage1,landing_stage1,landing_stage1,TF,9,29,0,12367.223667932454,2887.721729124858,0.0,100.0,35.60013568741805,129.09294423946557,35.599265481687944,129.09265748223308,296.51162790697674,146.51162790697674,0,296.51162790697674,146.51162790697674,100.0,250.0,78,71,INSIDE,CLEAR,False,,,True,100.0,100.0,100.0,False,196.51162790697674,46.51162790697674,196.51162790697674,46.51162790697674,0,100.0,250.0,0,100.0,250.0,ALL_CLEAR,,100.0,,59,ALL_CLEAR,,100.0,,,ALL_CLEAR/PASS
landing,landing_stage1,landing_stage1,landing_stage1,TF,9,29,1,12417.009952375398,2937.5080135678018,49.78628444294392,-100.0,35.60025177001026,129.09241140948464,35.60112197574037,129.09269816671713,291.27906976744185,141.27906976744185,0,291.27906976744185,141.27906976744185,100.0,250.0,80,71,INSIDE,CLEAR,False,,,True,100.0,100.0,100.0,False,191.27906976744185,41.279069767441854,191.27906976744185,41.279069767441854,0,100.0,250.0,0,100.0,250.0,ALL_CLEAR,,100.0,,60,ALL_CLEAR,,100.0,,,ALL_CLEAR/PASS
landing,landing_stage1,landing_stage1,landing_stage1,TF,9,29,1,12417.009952375398,2937.5080135678018,49.78628444294392,-66.66666666666666,35.60025177001026,129.09241140948464,35.600831907163666,129.09260258097297,291.27906976744185,141.27906976744185,0,291.27906976744185,141.27906976744185,100.0,250.0,80,71,INSIDE,CLEAR,False,,,True,100.0,100.0,100.0,False,191.27906976744185,41.279069767441854,191.27906976744185,41.279069767441854,0,100.0,250.0,0,100.0,250.0,ALL_CLEAR,,100.0,,60,ALL_CLEAR,,100.0,,,ALL_CLEAR/PASS
landing,landing_stage1,landing_stage1,landing_stage1,TF,9,29,1,12417.009952375398,2937.5080135678018,49.78628444294392,-33.33333333333333,35.60025177001026,129.09241140948464,35.60054183858696,129.0925069952288,291.27906976744185,141.27906976744185,0,291.27906976744185,141.27906976744185,100.0,250.0,80,71,INSIDE,CLEAR,False,,,True,100.0,100.0,100.0,False,191.27906976744185,41.279069767441854,191.27906976744185,41.279069767441854,0,100.0,250.0,0,100.0,250.0,ALL_CLEAR,,100.0,,60,ALL_CLEAR,,100.0,,,ALL_CLEAR/PASS
landing,landing_stage1,landing_stage1,landing_stage1,TF,9,29,1,12417.009952375398,2937.5080135678018,49.78628444294392,0.0,35.60025177001026,129.09241140948464,35.60025177001026,129.09241140948464,291.27906976744185,141.27906976744185,0,291.27906976744185,141.27906976744185,100.0,250.0,79,71,INSIDE,CLEAR,False,,,True,100.0,100.0,100.0,False,191.27906976744185,41.279069767441854,191.27906976744185,41.279069767441854,0,100.0,250.0,0,100.0,250.0,ALL_CLEAR,,100.0,,60,ALL_CLEAR,,100.0,,,ALL_CLEAR/PASS
landing,landing_stage1,landing_stage1,landing_stage1,TF,9,29,1,12417.009952375398,2937.5080135678018,49.78628444294392,33.33333333333334,35.60025177001026,129.09241140948464,35.599961701433564,129.09231582374048,291.27906976744185,141.27906976744185,0,291.27906976744185,141.27906976744185,100.0,250.0,79,71,INSIDE,CLEAR,False,,,True,100.0,100.0,100.0,False,191.27906976744185,41.279069767441854,191.27906976744185,41.279069767441854,0,100.0,250.0,0,100.0,250.0,ALL_CLEAR,,100.0,,60,ALL_CLEAR,,100.0,,,ALL_CLEAR/PASS
landing,landing_stage1,landing_stage1,landing_stage1,TF,9,29,1,12417.009952375398,2937.5080135678018,49.78628444294392,66.66666666666669,35.60025177001026,129.09241140948464,35.59967163285686,129.09222023799632,291.27906976744185,141.27906976744185,0,291.27906976744185,141.27906976744185,100.0,250.0,78,71,INSIDE,CLEAR,False,,,True,100.0,100.0,100.0,False,191.27906976744185,41.279069767441854,191.27906976744185,41.279069767441854,0,100.0,250.0,0,100.0,250.0,ALL_CLEAR,,100.0,,60,ALL_CLEAR,,100.0,,,ALL_CLEAR/PASS
landing,landing_stage1,landing_stage1,landing_stage1,TF,9,29,1,12417.009952375398,2937.5080135678018,49.78628444294392,100.0,35.60025177001026,129.09241140948464,35.59938156428016,129.09212465225215,291.27906976744185,141.27906976744185,0,291.27906976744185,141.27906976744185,100.0,250.0,78,70,INSIDE,CLEAR,False,,,True,100.0,100.0,100.0,False,191.27906976744185,41.279069767441854,191.27906976744185,41.279069767441854,0,100.0,250.0,0,100.0,250.0,ALL_CLEAR,,100.0,,60,ALL_CLEAR,,100.0,,,ALL_CLEAR/PASS
landing,landing_stage1,landing_stage1,landing_stage1,TF,9,29,2,12466.796236818342,2987.2942980107455,99.57256888588785,-100.0,35.600367852602474,129.0918785795037,35.601238058332584,129.0921653367362,286.04651162790697,136.04651162790697,0,286.04651162790697,136.04651162790697,100.0,250.0,80,70,INSIDE,CLEAR,False,,,True,100.0,100.0,100.0,False,186.04651162790697,36.046511627906966,186.04651162790697,36.046511627906966,0,100.0,250.0,0,100.0,250.0,ALL_CLEAR,,100.0,,61,ALL_CLEAR,,100.0,,,ALL_CLEAR/PASS
landing,landing_stage1,landing_stage1,landing_stage1,TF,9,29,2,12466.796236818342,2987.2942980107455,99.57256888588785,-66.66666666666666,35.600367852602474,129.0918785795037,35.60094798975588,129.09206975099204,286.04651162790697,136.04651162790697,0,286.04651162790697,136.04651162790697,100.0,250.0,80,70,INSIDE,CLEAR,False,,,True,100.0,100.0,100.0,False,186.04651162790697,36.046511627906966,186.04651162790697,36.046511627906966,0,100.0,250.0,0,100.0,250.0,ALL_CLEAR,,100.0,,61,ALL_CLEAR,,100.0,,,ALL_CLEAR/PASS
landing,landing_stage1,landing_stage1,landing_stage1,TF,9,29,2,12466.796236818342,2987.2942980107455,99.57256888588785,-33.33333333333333,35.600367852602474,129.0918785795037,35.60065792117918,129.09197416524788,286.04651162790697,136.04651162790697,0,286.04651162790697,136.04651162790697,100.0,250.0,80,70,INSIDE,CLEAR,False,,,True,100.0,100.0,100.0,False,186.04651162790697,36.046511627906966,186.04651162790697,36.046511627906966,0,100.0,250.0,0,100.0,250.0,ALL_CLEAR,,100.0,,61,ALL_CLEAR,,100.0,,,ALL_CLEAR/PASS
landing,landing_stage1,landing_stage1,landing_stage1,TF,9,29,2,12466.796236818342,2987.2942980107455,99.57256888588785,0.0,35.600367852602474,129.0918785795037,35.600367852602474,129.0918785795037,286.04651162790697,136.04651162790697,0,286.04651162790697,136.04651162790697,100.0,250.0,79,70,INSIDE,CLEAR,False,,,True,100.0,100.0,100.0,False,186.04651162790697,36.046511627906966,186.04651162790697,36.046511627906966,0,100.0,250.0,0,100.0,250.0,ALL_CLEAR,,100.0,,61,ALL_CLEAR,,100.0,,,ALL_CLEAR/PASS
landing,landing_stage1,landing_stage1,landing_stage1,TF,9,29,2,12466.796236818342,2987.2942980107455,99.57256888588785,33.33333333333334,35.600367852602474,129.0918785795037,35.60007778402577,129.09178299375955,286.04651162790697,136.04651162790697,0,286.04651162790697,136.04651162790697,100.0,250.0,79,70,INSIDE,CLEAR,False,,,True,100.0,100.0,100.0,False,186.04651162790697,36.046511627906966,186.04651162790697,36.046511627906966,0,100.0,250.0,0,100.0,250.0,ALL_CLEAR,,100.0,,61,ALL_CLEAR,,100.0,,,ALL_CLEAR/PASS
landing,landing_stage1,landing_stage1,landing_stage1,TF,9,29,2,12466.796236818342,2987.2942980107455,99.57256888588785,66.66666666666669,35.600367852602474,129.0918785795037,35.59978771544907,129.0916874080154,286.04651162790697,136.04651162790697,0,286.04651162790697,136.04651162790697,100.0,250.0,79,70,INSIDE,CLEAR,False,,,True,100.0,100.0,100.0,False,186.04651162790697,36.046511627906966,186.04651162790697,36.046511627906966,0,100.0,250.0,0,100.0,250.0,ALL_CLEAR,,100.0,,61,ALL_CLEAR,,100.0,,,ALL_CLEAR/PASS
landing,landing_stage1,landing_stage1,landing_stage1,TF,9,29,2,12466.796236818342,2987.2942980107455,99.57256888588785,100.0,35.600367852602474,129.0918785795037,35.599497646872365,129.09159182227123,286.04651162790697,136.04651162790697,0,286.04651162790697,136.04651162790697,100.0,250.0,78,70,INSIDE,CLEAR,False,,,True,100.0,100.0,100.0,False,186.04651162790697,36.046511627906966,186.04651162790697,36.046511627906966,0,100.0,250.0,0,100.0,250.0,ALL_CLEAR,,100.0,,61,ALL_CLEAR,,100.0,,,ALL_CLEAR/PASS
landing,landing_stage1,landing_stage1,landing_stage1,TF,9,30,0,12466.796236818342,2987.2942980107455,0.0,-100.0,35.600367852602474,129.0918785795037,35.60123805816348,129.0921653383443,286.04651162790697,136.04651162790697,0,286.04651162790697,136.04651162790697,100.0,250.0,80,70,INSIDE,CLEAR,False,,,True,100.0,100.0,100.0,False,186.04651162790697,36.046511627906966,186.04651162790697,36.046511627906966,0,100.0,250.0,0,100.0,250.0,ALL_CLEAR,,100.0,,61,ALL_CLEAR,,100.0,,,ALL_CLEAR/PASS
landing,landing_stage1,landing_stage1,landing_stage1,TF,9,30,0,12466.796236818342,2987.2942980107455,0.0,-66.66666666666666,35.600367852602474,129.0918785795037,35.600947989643146,129.0920697520641,286.04651162790697,136.04651162790697,0,286.04651162790697,136.04651162790697,100.0,250.0,80,70,INSIDE,CLEAR,False,,,True,100.0,100.0,100.0,False,186.04651162790697,36.046511627906966,186.04651162790697,36.046511627906966,0,100.0,250.0,0,100.0,250.0,ALL_CLEAR,,100.0,,61,ALL_CLEAR,,100.0,,,ALL_CLEAR/PASS
landing,landing_stage1,landing_stage1,landing_stage1,TF,9,30,0,12466.796236818342,2987.2942980107455,0.0,-33.33333333333333,35.600367852602474,129.0918785795037,35.60065792112281,129.0919741657839,286.04651162790697,136.04651162790697,0,286.04651162790697,136.04651162790697,100.0,250.0,80,70,INSIDE,CLEAR,False,,,True,100.0,100.0,100.0,False,186.04651162790697,36.046511627906966,186.04651162790697,36.046511627906966,0,100.0,250.0,0,100.0,250.0,ALL_CLEAR,,100.0,,61,ALL_CLEAR,,100.0,,,ALL_CLEAR/PASS
landing,landing_stage1,landing_stage1,landing_stage1,TF,9,30,0,12466.796236818342,2987.2942980107455,0.0,33.33333333333334,35.600367852602474,129.0918785795037,35.60007778408214,129.09178299322352,286.04651162790697,136.04651162790697,0,286.04651162790697,136.04651162790697,100.0,250.0,79,70,INSIDE,CLEAR,False,,,True,100.0,100.0,100.0,False,186.04651162790697,36.046511627906966,186.04651162790697,36.046511627906966,0,100.0,250.0,0,100.0,250.0,ALL_CLEAR,,100.0,,61,ALL_CLEAR,,100.0,,,ALL_CLEAR/PASS
landing,landing_stage1,landing_stage1,landing_stage1,TF,9,30,0,12466.796236818342,2987.2942980107455,0.0,66.66666666666669,35.600367852602474,129.0918785795037,35.5997877155618,129.09168740694332,286.04651162790697,136.04651162790697,0,286.04651162790697,136.04651162790697,100.0,250.0,79,70,INSIDE,CLEAR,False,,,True,100.0,100.0,100.0,False,186.04651162790697,36.046511627906966,186.04651162790697,36.046511627906966,0,100.0,250.0,0,100.0,250.0,ALL_CLEAR,,100.0,,61,ALL_CLEAR,,100.0,,,ALL_CLEAR/PASS
landing,landing_stage1,landing_stage1,landing_stage1,TF,9,30,0,12466.796236818342,2987.2942980107455,0.0,100.0,35.600367852602474,129.0918785795037,35.59949764704147,129.09159182066313,286.04651162790697,136.04651162790697,0,286.04651162790697,136.04651162790697,100.0,250.0,78,70,INSIDE,CLEAR,False,,,True,100.0,100.0,100.0,False,186.04651162790697,36.046511627906966,186.04651162790697,36.046511627906966,0,100.0,250.0,0,100.0,250.0,ALL_CLEAR,,100.0,,61,ALL_CLEAR,,100.0,,,ALL_CLEAR/PASS
landing,landing_stage1,landing_stage1,landing_stage1,TF,9,30,1,12516.582386502449,3037.0804476948524,49.78614968410639,-100.0,35.60048393519469,129.09134574952282,35.601354140755696,129.0916325083634,280.8139534883721,130.81395348837208,0,280.8139534883721,130.81395348837208,100.0,250.0,81,70,INSIDE,CLEAR,False,,,True,100.0,100.0,100.0,False,180.81395348837208,30.81395348837208,180.81395348837208,30.81395348837208,0,100.0,250.0,0,100.0,250.0,ALL_CLEAR,,100.0,,62,ALL_CLEAR,,100.0,,,ALL_CLEAR/PASS
landing,landing_stage1,landing_stage1,landing_stage1,TF,9,30,1,12516.582386502449,3037.0804476948524,49.78614968410639,-66.66666666666666,35.60048393519469,129.09134574952282,35.60106407223536,129.0915369220832,280.8139534883721,130.81395348837208,0,280.8139534883721,130.81395348837208,100.0,250.0,80,70,INSIDE,CLEAR,False,,,True,100.0,100.0,100.0,False,180.81395348837208,30.81395348837208,180.81395348837208,30.81395348837208,0,100.0,250.0,0,100.0,250.0,ALL_CLEAR,,100.0,,62,ALL_CLEAR,,100.0,,,ALL_CLEAR/PASS
landing,landing_stage1,landing_stage1,landing_stage1,TF,9,30,1,12516.582386502449,3037.0804476948524,49.78614968410639,-33.33333333333333,35.60048393519469,129.09134574952282,35.600774003715024,129.091441335803,280.8139534883721,130.81395348837208,0,280.8139534883721,130.81395348837208,100.0,250.0,80,70,INSIDE,CLEAR,False,,,True,100.0,100.0,100.0,False,180.81395348837208,30.81395348837208,180.81395348837208,30.81395348837208,0,100.0,250.0,0,100.0,250.0,ALL_CLEAR,,100.0,,62,ALL_CLEAR,,100.0,,,ALL_CLEAR/PASS
landing,landing_stage1,landing_stage1,landing_stage1,TF,9,30,1,12516.582386502449,3037.0804476948524,49.78614968410639,0.0,35.60048393519469,129.09134574952282,35.60048393519469,129.09134574952282,280.8139534883721,130.81395348837208,0,280.8139534883721,130.81395348837208,100.0,250.0,79,70,INSIDE,CLEAR,False,,,True,100.0,100.0,100.0,False,180.81395348837208,30.81395348837208,180.81395348837208,30.81395348837208,0,100.0,250.0,0,100.0,250.0,ALL_CLEAR,,100.0,,62,ALL_CLEAR,,100.0,,,ALL_CLEAR/PASS
landing,landing_stage1,landing_stage1,landing_stage1,TF,9,30,1,12516.582386502449,3037.0804476948524,49.78614968410639,33.33333333333334,35.60048393519469,129.09134574952282,35.60019386667435,129.09125016324262,280.8139534883721,130.81395348837208,0,280.8139534883721,130.81395348837208,100.0,250.0,79,70,INSIDE,CLEAR,False,,,True,100.0,100.0,100.0,False,180.81395348837208,30.81395348837208,180.81395348837208,30.81395348837208,0,100.0,250.0,0,100.0,250.0,ALL_CLEAR,,100.0,,62,ALL_CLEAR,,100.0,,,ALL_CLEAR/PASS
landing,landing_stage1,landing_stage1,landing_stage1,TF,9,30,1,12516.582386502449,3037.0804476948524,49.78614968410639,66.66666666666669,35.60048393519469,129.09134574952282,35.59990379815402,129.09115457696242,280.8139534883721,130.81395348837208,0,280.8139534883721,130.81395348837208,100.0,250.0,79,70,INSIDE,CLEAR,False,,,True,100.0,100.0,100.0,False,180.81395348837208,30.81395348837208,180.81395348837208,30.81395348837208,0,100.0,250.0,0,100.0,250.0,ALL_CLEAR,,100.0,,62,ALL_CLEAR,,100.0,,,ALL_CLEAR/PASS
landing,landing_stage1,landing_stage1,landing_stage1,TF,9,30,1,12516.582386502449,3037.0804476948524,49.78614968410639,100.0,35.60048393519469,129.09134574952282,35.59961372963368,129.09105899068223,280.8139534883721,130.81395348837208,0,280.8139534883721,130.81395348837208,100.0,250.0,78,69,INSIDE,CLEAR,False,,,True,100.0,100.0,100.0,False,180.81395348837208,30.81395348837208,180.81395348837208,30.81395348837208,0,100.0,250.0,0,100.0,250.0,ALL_CLEAR,,100.0,,62,ALL_CLEAR,,100.0,,,ALL_CLEAR/PASS
landing,landing_stage1,landing_stage1,landing_stage1,TF,9,30,2,12566.368536186554,3086.8665973789575,99.57229936821278,-100.0,35.6006000177869,129.09081291954192,35.60147022334791,129.0910996783825,275.5813953488372,125.58139534883719,0,275.5813953488372,125.58139534883719,100.0,250.0,81,69,INSIDE,CLEAR,False,,,True,100.0,100.0,100.0,False,175.5813953488372,25.58139534883719,175.5813953488372,25.58139534883719,0,100.0,250.0,0,100.0,250.0,ALL_CLEAR,,100.0,,63,ALL_CLEAR,,100.0,,,ALL_CLEAR/PASS
landing,landing_stage1,landing_stage1,landing_stage1,TF,9,30,2,12566.368536186554,3086.8665973789575,99.57229936821278,-66.66666666666666,35.6006000177869,129.09081291954192,35.601180154827574,129.0910040921023,275.5813953488372,125.58139534883719,0,275.5813953488372,125.58139534883719,100.0,250.0,80,69,INSIDE,CLEAR,False,,,True,100.0,100.0,100.0,False,175.5813953488372,25.58139534883719,175.5813953488372,25.58139534883719,0,100.0,250.0,0,100.0,250.0,ALL_CLEAR,,100.0,,63,ALL_CLEAR,,100.0,,,ALL_CLEAR/PASS
landing,landing_stage1,landing_stage1,landing_stage1,TF,9,30,2,12566.368536186554,3086.8665973789575,99.57229936821278,-33.33333333333333,35.6006000177869,129.09081291954192,35.60089008630724,129.0909085058221,275.5813953488372,125.58139534883719,0,275.5813953488372,125.58139534883719,100.0,250.0,80,69,INSIDE,CLEAR,False,,,True,100.0,100.0,100.0,False,175.5813953488372,25.58139534883719,175.5813953488372,25.58139534883719,0,100.0,250.0,0,100.0,250.0,ALL_CLEAR,,100.0,,63,ALL_CLEAR,,100.0,,,ALL_CLEAR/PASS
landing,landing_stage1,landing_stage1,landing_stage1,TF,9,30,2,12566.368536186554,3086.8665973789575,99.57229936821278,0.0,35.6006000177869,129.09081291954192,35.6006000177869,129.09081291954192,275.5813953488372,125.58139534883719,0,275.5813953488372,125.58139534883719,100.0,250.0,80,69,INSIDE,CLEAR,False,,,True,100.0,100.0,100.0,False,175.5813953488372,25.58139534883719,175.5813953488372,25.58139534883719,0,100.0,250.0,0,100.0,250.0,ALL_CLEAR,,100.0,,63,ALL_CLEAR,,100.0,,,ALL_CLEAR/PASS
landing,landing_stage1,landing_stage1,landing_stage1,TF,9,30,2,12566.368536186554,3086.8665973789575,99.57229936821278,33.33333333333334,35.6006000177869,129.09081291954192,35.60030994926657,129.09071733326172,275.5813953488372,125.58139534883719,0,275.5813953488372,125.58139534883719,100.0,250.0,79,69,INSIDE,CLEAR,False,,,True,100.0,100.0,100.0,False,175.5813953488372,25.58139534883719,175.5813953488372,25.58139534883719,0,100.0,250.0,0,100.0,250.0,ALL_CLEAR,,100.0,,63,ALL_CLEAR,,100.0,,,ALL_CLEAR/PASS
landing,landing_stage1,landing_stage1,landing_stage1,TF,9,30,2,12566.368536186554,3086.8665973789575,99.57229936821278,66.66666666666669,35.6006000177869,129.09081291954192,35.60001988074623,129.09062174698153,275.5813953488372,125.58139534883719,0,275.5813953488372,125.58139534883719,100.0,250.0,79,69,INSIDE,CLEAR,False,,,True,100.0,100.0,100.0,False,175.5813953488372,25.58139534883719,175.5813953488372,25.58139534883719,0,100.0,250.0,0,100.0,250.0,ALL_CLEAR,,100.0,,63,ALL_CLEAR,,100.0,,,ALL_CLEAR/PASS
landing,landing_stage1,landing_stage1,landing_stage1,TF,9,30,2,12566.368536186554,3086.8665973789575,99.57229936821278,100.0,35.6006000177869,129.09081291954192,35.599729812225895,129.09052616070133,275.5813953488372,125.58139534883719,0,275.5813953488372,125.58139534883719,100.0,250.0,79,69,INSIDE,CLEAR,False,,,True,100.0,100.0,100.0,False,175.5813953488372,25.58139534883719,175.5813953488372,25.58139534883719,0,100.0,250.0,0,100.0,250.0,ALL_CLEAR,,100.0,,63,ALL_CLEAR,,100.0,,,ALL_CLEAR/PASS
landing,landing_stage1,landing_stage1,landing_stage1,TF,9,31,0,12566.368536186554,3086.8665973789575,0.0,-100.0,35.6006000177869,129.09081291954192,35.601470223178815,129.09109967999058,275.5813953488372,125.58139534883719,0,275.5813953488372,125.58139534883719,100.0,250.0,81,69,INSIDE,CLEAR,False,,,True,100.0,100.0,100.0,False,175.5813953488372,25.58139534883719,175.5813953488372,25.58139534883719,0,100.0,250.0,0,100.0,250.0,ALL_CLEAR,,100.0,,63,ALL_CLEAR,,100.0,,,ALL_CLEAR/PASS
landing,landing_stage1,landing_stage1,landing_stage1,TF,9,31,0,12566.368536186554,3086.8665973789575,0.0,-66.66666666666666,35.6006000177869,129.09081291954192,35.60118015471485,129.09100409317435,275.5813953488372,125.58139534883719,0,275.5813953488372,125.58139534883719,100.0,250.0,80,69,INSIDE,CLEAR,False,,,True,100.0,100.0,100.0,False,175.5813953488372,25.58139534883719,175.5813953488372,25.58139534883719,0,100.0,250.0,0,100.0,250.0,ALL_CLEAR,,100.0,,63,ALL_CLEAR,,100.0,,,ALL_CLEAR/PASS
landing,landing_stage1,landing_stage1,landing_stage1,TF,9,31,0,12566.368536186554,3086.8665973789575,0.0,-33.33333333333333,35.6006000177869,129.09081291954192,35.60089008625087,129.09090850635815,275.5813953488372,125.58139534883719,0,275.5813953488372,125.58139534883719,100.0,250.0,80,69,INSIDE,CLEAR,False,,,True,100.0,100.0,100.0,False,175.5813953488372,25.58139534883719,175.5813953488372,25.58139534883719,0,100.0,250.0,0,100.0,250.0,ALL_CLEAR,,100.0,,63,ALL_CLEAR,,100.0,,,ALL_CLEAR/PASS
landing,landing_stage1,landing_stage1,landing_stage1,TF,9,31,0,12566.368536186554,3086.8665973789575,0.0,33.33333333333334,35.6006000177869,129.09081291954192,35.600309949322934,129.0907173327257,275.5813953488372,125.58139534883719,0,275.5813953488372,125.58139534883719,100.0,250.0,79,69,INSIDE,CLEAR,False,,,True,100.0,100.0,100.0,False,175.5813953488372,25.58139534883719,175.5813953488372,25.58139534883719,0,100.0,250.0,0,100.0,250.0,ALL_CLEAR,,100.0,,63,ALL_CLEAR,,100.0,,,ALL_CLEAR/PASS
landing,landing_stage1,landing_stage1,landing_stage1,TF,9,31,0,12566.368536186554,3086.8665973789575,0.0,66.66666666666669,35.6006000177869,129.09081291954192,35.60001988085896,129.0906217459095,275.5813953488372,125.58139534883719,0,275.5813953488372,125.58139534883719,100.0,250.0,79,69,INSIDE,CLEAR,False,,,True,100.0,100.0,100.0,False,175.5813953488372,25.58139534883719,175.5813953488372,25.58139534883719,0,100.0,250.0,0,100.0,250.0,ALL_CLEAR,,100.0,,63,ALL_CLEAR,,100.0,,,ALL_CLEAR/PASS
landing,landing_stage1,landing_stage1,landing_stage1,TF,9,31,0,12566.368536186554,3086.8665973789575,0.0,100.0,35.6006000177869,129.09081291954192,35.59972981239499,129.09052615909326,275.5813953488372,125.58139534883719,0,275.5813953488372,125.58139534883719,100.0,250.0,79,69,INSIDE,CLEAR,False,,,True,100.0,100.0,100.0,False,175.5813953488372,25.58139534883719,175.5813953488372,25.58139534883719,0,100.0,250.0,0,100.0,250.0,ALL_CLEAR,,100.0,,63,ALL_CLEAR,,100.0,,,ALL_CLEAR/PASS
landing,landing_stage1,landing_stage1,landing_stage1,TF,9,31,1,12616.15455111594,3136.652612308344,49.786014929385814,-100.0,35.60071610037912,129.090280089561,35.60158630577103,129.09056685000965,270.3488372093023,120.3488372093023,0,270.3488372093023,120.3488372093023,100.0,250.0,81,69,INSIDE,CLEAR,False,,,True,100.0,100.0,100.0,False,170.3488372093023,20.348837209302303,170.3488372093023,20.348837209302303,0,100.0,250.0,0,100.0,250.0,ALL_CLEAR,,100.0,,64,ALL_CLEAR,,100.0,,,ALL_CLEAR/PASS
landing,landing_stage1,landing_stage1,landing_stage1,TF,9,31,1,12616.15455111594,3136.652612308344,49.786014929385814,-66.66666666666666,35.60071610037912,129.090280089561,35.60129623730706,129.09047126319342,270.3488372093023,120.3488372093023,0,270.3488372093023,120.3488372093023,100.0,250.0,80,69,INSIDE,CLEAR,False,,,True,100.0,100.0,100.0,False,170.3488372093023,20.348837209302303,170.3488372093023,20.348837209302303,0,100.0,250.0,0,100.0,250.0,ALL_CLEAR,,100.0,,64,ALL_CLEAR,,100.0,,,ALL_CLEAR/PASS
landing,landing_stage1,landing_stage1,landing_stage1,TF,9,31,1,12616.15455111594,3136.652612308344,49.786014929385814,-33.33333333333333,35.60071610037912,129.090280089561,35.601006168843085,129.09037567637722,270.3488372093023,120.3488372093023,0,270.3488372093023,120.3488372093023,100.0,250.0,80,69,INSIDE,CLEAR,False,,,True,100.0,100.0,100.0,False,170.3488372093023,20.348837209302303,170.3488372093023,20.348837209302303,0,100.0,250.0,0,100.0,250.0,ALL_CLEAR,,100.0,,64,ALL_CLEAR,,100.0,,,ALL_CLEAR/PASS
landing,landing_stage1,landing_stage1,landing_stage1,TF,9,31,1,12616.15455111594,3136.652612308344,49.786014929385814,0.0,35.60071610037912,129.090280089561,35.60071610037912,129.090280089561,270.3488372093023,120.3488372093023,0,270.3488372093023,120.3488372093023,100.0,250.0,80,69,INSIDE,CLEAR,False,,,True,100.0,100.0,100.0,False,170.3488372093023,20.348837209302303,170.3488372093023,20.348837209302303,0,100.0,250.0,0,100.0,250.0,ALL_CLEAR,,100.0,,64,ALL_CLEAR,,100.0,,,ALL_CLEAR/PASS
landing,landing_stage1,landing_stage1,landing_stage1,TF,9,31,1,12616.15455111594,3136.652612308344,49.786014929385814,33.33333333333334,35.60071610037912,129.090280089561,35.60042603191515,129.09018450274476,270.3488372093023,120.3488372093023,0,270.3488372093023,120.3488372093023,100.0,250.0,79,69,INSIDE,CLEAR,False,,,True,100.0,100.0,100.0,False,170.3488372093023,20.348837209302303,170.3488372093023,20.348837209302303,0,100.0,250.0,0,100.0,250.0,ALL_CLEAR,,100.0,,64,ALL_CLEAR,,100.0,,,ALL_CLEAR/PASS
landing,landing_stage1,landing_stage1,landing_stage1,TF,9,31,1,12616.15455111594,3136.652612308344,49.786014929385814,66.66666666666669,35.60071610037912,129.090280089561,35.60013596345117,129.09008891592856,270.3488372093023,120.3488372093023,0,270.3488372093023,120.3488372093023,100.0,250.0,79,68,INSIDE,CLEAR,False,,,True,100.0,100.0,100.0,False,170.3488372093023,20.348837209302303,170.3488372093023,20.348837209302303,0,100.0,250.0,0,100.0,250.0,ALL_CLEAR,,100.0,,64,ALL_CLEAR,,100.0,,,ALL_CLEAR/PASS
landing,landing_stage1,landing_stage1,landing_stage1,TF,9,31,1,12616.15455111594,3136.652612308344,49.786014929385814,100.0,35.60071610037912,129.090280089561,35.599845894987205,129.08999332911233,270.3488372093023,120.3488372093023,0,270.3488372093023,120.3488372093023,100.0,250.0,79,68,INSIDE,CLEAR,False,,,True,100.0,100.0,100.0,False,170.3488372093023,20.348837209302303,170.3488372093023,20.348837209302303,0,100.0,250.0,0,100.0,250.0,ALL_CLEAR,,100.0,,64,ALL_CLEAR,,100.0,,,ALL_CLEAR/PASS
landing,landing_stage1,landing_stage1,landing_stage1,TF,9,31,2,12665.940566045325,3186.4386272377287,99.57202985877163,-100.0,35.60083218297133,129.08974725958007,35.60170238836324,129.09003402002872,265.1162790697674,115.11627906976742,0,265.1162790697674,115.11627906976742,100.0,250.0,81,68,INSIDE,CLEAR,False,,,True,100.0,100.0,100.0,False,165.11627906976742,15.116279069767415,165.11627906976742,15.116279069767415,0,100.0,250.0,0,100.0,250.0,ALL_CLEAR,,100.0,,65,ALL_CLEAR,,100.0,,,ALL_CLEAR/PASS
landing,landing_stage1,landing_stage1,landing_stage1,TF,9,31,2,12665.940566045325,3186.4386272377287,99.57202985877163,-66.66666666666666,35.60083218297133,129.08974725958007,35.601412319899275,129.0899384332125,265.1162790697674,115.11627906976742,0,265.1162790697674,115.11627906976742,100.0,250.0,81,68,INSIDE,CLEAR,False,,,True,100.0,100.0,100.0,False,165.11627906976742,15.116279069767415,165.11627906976742,15.116279069767415,0,100.0,250.0,0,100.0,250.0,ALL_CLEAR,,100.0,,65,ALL_CLEAR,,100.0,,,ALL_CLEAR/PASS
landing,landing_stage1,landing_stage1,landing_stage1,TF,9,31,2,12665.940566045325,3186.4386272377287,99.57202985877163,-33.33333333333333,35.60083218297133,129.08974725958007,35.6011222514353,129.0898428463963,265.1162790697674,115.11627906976742,0,265.1162790697674,115.11627906976742,100.0,250.0,80,68,INSIDE,CLEAR,False,,,True,100.0,100.0,100.0,False,165.11627906976742,15.116279069767415,165.11627906976742,15.116279069767415,0,100.0,250.0,0,100.0,250.0,ALL_CLEAR,,100.0,,65,ALL_CLEAR,,100.0,,,ALL_CLEAR/PASS
landing,landing_stage1,landing_stage1,landing_stage1,TF,9,31,2,12665.940566045325,3186.4386272377287,99.57202985877163,0.0,35.60083218297133,129.08974725958007,35.60083218297133,129.08974725958007,265.1162790697674,115.11627906976742,0,265.1162790697674,115.11627906976742,100.0,250.0,80,68,INSIDE,CLEAR,False,,,True,100.0,100.0,100.0,False,165.11627906976742,15.116279069767415,165.11627906976742,15.116279069767415,0,100.0,250.0,0,100.0,250.0,ALL_CLEAR,,100.0,,65,ALL_CLEAR,,100.0,,,ALL_CLEAR/PASS
landing,landing_stage1,landing_stage1,landing_stage1,TF,9,31,2,12665.940566045325,3186.4386272377287,99.57202985877163,33.33333333333334,35.60083218297133,129.08974725958007,35.60054211450736,129.08965167276384,265.1162790697674,115.11627906976742,0,265.1162790697674,115.11627906976742,100.0,250.0,80,68,INSIDE,CLEAR,False,,,True,100.0,100.0,100.0,False,165.11627906976742,15.116279069767415,165.11627906976742,15.116279069767415,0,100.0,250.0,0,100.0,250.0,ALL_CLEAR,,100.0,,65,ALL_CLEAR,,100.0,,,ALL_CLEAR/PASS
landing,landing_stage1,landing_stage1,landing_stage1,TF,9,31,2,12665.940566045325,3186.4386272377287,99.57202985877163,66.66666666666669,35.60083218297133,129.08974725958007,35.60025204604339,129.08955608594763,265.1162790697674,115.11627906976742,0,265.1162790697674,115.11627906976742,100.0,250.0,79,68,INSIDE,CLEAR,False,,,True,100.0,100.0,100.0,False,165.11627906976742,15.116279069767415,165.11627906976742,15.116279069767415,0,100.0,250.0,0,100.0,250.0,ALL_CLEAR,,100.0,,65,ALL_CLEAR,,100.0,,,ALL_CLEAR/PASS
landing,landing_stage1,landing_stage1,landing_stage1,TF,9,31,2,12665.940566045325,3186.4386272377287,99.57202985877163,100.0,35.60083218297133,129.08974725958007,35.59996197757942,129.0894604991314,265.1162790697674,115.11627906976742,0,265.1162790697674,115.11627906976742,100.0,250.0,79,68,INSIDE,CLEAR,False,,,True,100.0,100.0,100.0,False,165.11627906976742,15.116279069767415,165.11627906976742,15.116279069767415,0,100.0,250.0,0,100.0,250.0,ALL_CLEAR,,100.0,,65,ALL_CLEAR,,100.0,,,ALL_CLEAR/PASS
landing,landing_stage1,landing_stage1,landing_stage1,TF,9,32,0,12665.940566045325,3186.4386272377287,0.0,-100.0,35.60083218297133,129.08974725958007,35.60170238819414,129.09003402163682,265.1162790697674,115.11627906976742,0,265.1162790697674,115.11627906976742,100.0,250.0,81,68,INSIDE,CLEAR,False,,,True,100.0,100.0,100.0,False,165.11627906976742,15.116279069767415,165.11627906976742,15.116279069767415,0,100.0,250.0,0,100.0,250.0,ALL_CLEAR,,100.0,,65,ALL_CLEAR,,100.0,,,ALL_CLEAR/PASS
landing,landing_stage1,landing_stage1,landing_stage1,TF,9,32,0,12665.940566045325,3186.4386272377287,0.0,-66.66666666666666,35.60083218297133,129.08974725958007,35.60141231978654,129.08993843428456,265.1162790697674,115.11627906976742,0,265.1162790697674,115.11627906976742,100.0,250.0,81,68,INSIDE,CLEAR,False,,,True,100.0,100.0,100.0,False,165.11627906976742,15.116279069767415,165.11627906976742,15.116279069767415,0,100.0,250.0,0,100.0,250.0,ALL_CLEAR,,100.0,,65,ALL_CLEAR,,100.0,,,ALL_CLEAR/PASS
landing,landing_stage1,landing_stage1,landing_stage1,TF,9,32,0,12665.940566045325,3186.4386272377287,0.0,-33.33333333333333,35.60083218297133,129.08974725958007,35.60112225137893,129.08984284693233,265.1162790697674,115.11627906976742,0,265.1162790697674,115.11627906976742,100.0,250.0,80,68,INSIDE,CLEAR,False,,,True,100.0,100.0,100.0,False,165.11627906976742,15.116279069767415,165.11627906976742,15.116279069767415,0,100.0,250.0,0,100.0,250.0,ALL_CLEAR,,100.0,,65,ALL_CLEAR,,100.0,,,ALL_CLEAR/PASS
landing,landing_stage1,landing_stage1,landing_stage1,TF,9,32,0,12665.940566045325,3186.4386272377287,0.0,33.33333333333334,35.60083218297133,129.08974725958007,35.60054211456373,129.0896516722278,265.1162790697674,115.11627906976742,0,265.1162790697674,115.11627906976742,100.0,250.0,80,68,INSIDE,CLEAR,False,,,True,100.0,100.0,100.0,False,165.11627906976742,15.116279069767415,165.11627906976742,15.116279069767415,0,100.0,250.0,0,100.0,250.0,ALL_CLEAR,,100.0,,65,ALL_CLEAR,,100.0,,,ALL_CLEAR/PASS
landing,landing_stage1,landing_stage1,landing_stage1,TF,9,32,0,12665.940566045325,3186.4386272377287,0.0,66.66666666666669,35.60083218297133,129.08974725958007,35.60025204615612,129.08955608487557,265.1162790697674,115.11627906976742,0,265.1162790697674,115.11627906976742,100.0,250.0,79,68,INSIDE,CLEAR,False,,,True,100.0,100.0,100.0,False,165.11627906976742,15.116279069767415,165.11627906976742,15.116279069767415,0,100.0,250.0,0,100.0,250.0,ALL_CLEAR,,100.0,,65,ALL_CLEAR,,100.0,,,ALL_CLEAR/PASS
landing,landing_stage1,landing_stage1,landing_stage1,TF,9,32,0,12665.940566045325,3186.4386272377287,0.0,100.0,35.60083218297133,129.08974725958007,35.59996197774852,129.0894604975233,265.1162790697674,115.11627906976742,0,265.1162790697674,115.11627906976742,100.0,250.0,79,68,INSIDE,CLEAR,False,,,True,100.0,100.0,100.0,False,165.11627906976742,15.116279069767415,165.11627906976742,15.116279069767415,0,100.0,250.0,0,100.0,250.0,ALL_CLEAR,,100.0,,65,ALL_CLEAR,,100.0,,,ALL_CLEAR/PASS
landing,landing_stage1,landing_stage1,landing_stage1,TF,9,32,1,12715.726446214196,3236.2245074065995,49.78588016887118,-100.0,35.600948265563545,129.08921442959917,35.60181847078635,129.08950119165593,259.8837209302325,109.88372093023253,0,259.8837209302325,109.88372093023253,100.0,250.0,81,68,INSIDE,CLEAR,False,,,True,100.0,100.0,100.0,False,159.88372093023253,9.883720930232528,159.88372093023253,9.883720930232528,0,100.0,250.0,0,100.0,250.0,ALL_CLEAR,,100.0,,66,ALL_CLEAR,,100.0,,,ALL_CLEAR/PASS
landing,landing_stage1,landing_stage1,landing_stage1,TF,9,32,1,12715.726446214196,3236.2245074065995,49.78588016887118,-66.66666666666666,35.600948265563545,129.08921442959917,35.60152840237875,129.08940560430366,259.8837209302325,109.88372093023253,0,259.8837209302325,109.88372093023253,100.0,250.0,81,68,INSIDE,CLEAR,False,,,True,100.0,100.0,100.0,False,159.88372093023253,9.883720930232528,159.88372093023253,9.883720930232528,0,100.0,250.0,0,100.0,250.0,ALL_CLEAR,,100.0,,66,ALL_CLEAR,,100.0,,,ALL_CLEAR/PASS
landing,landing_stage1,landing_stage1,landing_stage1,TF,9,32,1,12715.726446214196,3236.2245074065995,49.78588016887118,-33.33333333333333,35.600948265563545,129.08921442959917,35.601238333971146,129.08931001695143,259.8837209302325,109.88372093023253,0,259.8837209302325,109.88372093023253,100.0,250.0,80,68,INSIDE,CLEAR,False,,,True,100.0,100.0,100.0,False,159.88372093023253,9.883720930232528,159.88372093023253,9.883720930232528,0,100.0,250.0,0,100.0,250.0,ALL_CLEAR,,100.0,,66,ALL_CLEAR,,100.0,,,ALL_CLEAR/PASS
landing,landing_stage1,landing_stage1,landing_stage1,TF,9,32,1,12715.726446214196,3236.2245074065995,49.78588016887118,0.0,35.600948265563545,129.08921442959917,35.600948265563545,129.08921442959917,259.8837209302325,109.88372093023253,0,259.8837209302325,109.88372093023253,100.0,250.0,80,68,INSIDE,CLEAR,False,,,True,100.0,100.0,100.0,False,159.88372093023253,9.883720930232528,159.88372093023253,9.883720930232528,0,100.0,250.0,0,100.0,250.0,ALL_CLEAR,,100.0,,66,ALL_CLEAR,,100.0,,,ALL_CLEAR/PASS
landing,landing_stage1,landing_stage1,landing_stage1,TF,9,32,1,12715.726446214196,3236.2245074065995,49.78588016887118,33.33333333333334,35.600948265563545,129.08921442959917,35.60065819715594,129.0891188422469,259.8837209302325,109.88372093023253,0,259.8837209302325,109.88372093023253,100.0,250.0,80,68,INSIDE,CLEAR,False,,,True,100.0,100.0,100.0,False,159.88372093023253,9.883720930232528,159.88372093023253,9.883720930232528,0,100.0,250.0,0,100.0,250.0,ALL_CLEAR,,100.0,,66,ALL_CLEAR,,100.0,,,ALL_CLEAR/PASS
landing,landing_stage1,landing_stage1,landing_stage1,TF,9,32,1,12715.726446214196,3236.2245074065995,49.78588016887118,66.66666666666669,35.600948265563545,129.08921442959917,35.600368128748336,129.08902325489467,259.8837209302325,109.88372093023253,0,259.8837209302325,109.88372093023253,100.0,250.0,79,67,INSIDE,CLEAR,False,,,True,100.0,100.0,100.0,False,159.88372093023253,9.883720930232528,159.88372093023253,9.883720930232528,0,100.0,250.0,0,100.0,250.0,ALL_CLEAR,,100.0,,66,ALL_CLEAR,,100.0,,,ALL_CLEAR/PASS
landing,landing_stage1,landing_stage1,landing_stage1,TF,9,32,1,12715.726446214196,3236.2245074065995,49.78588016887118,100.0,35.600948265563545,129.08921442959917,35.600078060340735,129.0889276675424,259.8837209302325,109.88372093023253,0,259.8837209302325,109.88372093023253,100.0,250.0,79,67,INSIDE,CLEAR,False,,,True,100.0,100.0,100.0,False,159.88372093023253,9.883720930232528,159.88372093023253,9.883720930232528,0,100.0,250.0,0,100.0,250.0,ALL_CLEAR,,100.0,,66,ALL_CLEAR,,100.0,,,ALL_CLEAR/PASS
landing,landing_stage1,landing_stage1,landing_stage1,TF,9,32,2,12765.512326383066,3286.0103875754703,99.57176033774236,-100.0,35.60106434815575,129.08868159961827,35.60193455337856,129.08896836167503,254.65116279069767,104.65116279069767,0,254.65116279069767,104.65116279069767,100.0,250.0,81,67,INSIDE,CLEAR,False,,,True,100.0,100.0,100.0,False,154.65116279069767,4.6511627906976685,154.65116279069767,4.6511627906976685,0,100.0,250.0,0,100.0,250.0,ALL_CLEAR,,100.0,,67,ALL_CLEAR,,100.0,,,ALL_CLEAR/PASS
landing,landing_stage1,landing_stage1,landing_stage1,TF,9,32,2,12765.512326383066,3286.0103875754703,99.57176033774236,-66.66666666666666,35.60106434815575,129.08868159961827,35.60164448497096,129.08887277432277,254.65116279069767,104.65116279069767,0,254.65116279069767,104.65116279069767,100.0,250.0,81,67,INSIDE,CLEAR,False,,,True,100.0,100.0,100.0,False,154.65116279069767,4.6511627906976685,154.65116279069767,4.6511627906976685,0,100.0,250.0,0,100.0,250.0,ALL_CLEAR,,100.0,,67,ALL_CLEAR,,100.0,,,ALL_CLEAR/PASS
landing,landing_stage1,landing_stage1,landing_stage1,TF,9,32,2,12765.512326383066,3286.0103875754703,99.57176033774236,-33.33333333333333,35.60106434815575,129.08868159961827,35.60135441656335,129.08877718697053,254.65116279069767,104.65116279069767,0,254.65116279069767,104.65116279069767,100.0,250.0,81,67,INSIDE,CLEAR,False,,,True,100.0,100.0,100.0,False,154.65116279069767,4.6511627906976685,154.65116279069767,4.6511627906976685,0,100.0,250.0,0,100.0,250.0,ALL_CLEAR,,100.0,,67,ALL_CLEAR,,100.0,,,ALL_CLEAR/PASS
landing,landing_stage1,landing_stage1,landing_stage1,TF,9,32,2,12765.512326383066,3286.0103875754703,99.57176033774236,0.0,35.60106434815575,129.08868159961827,35.60106434815575,129.08868159961827,254.65116279069767,104.65116279069767,0,254.65116279069767,104.65116279069767,100.0,250.0,80,67,INSIDE,CLEAR,False,,,True,100.0,100.0,100.0,False,154.65116279069767,4.6511627906976685,154.65116279069767,4.6511627906976685,0,100.0,250.0,0,100.0,250.0,ALL_CLEAR,,100.0,,67,ALL_CLEAR,,100.0,,,ALL_CLEAR/PASS
landing,landing_stage1,landing_stage1,landing_stage1,TF,9,32,2,12765.512326383066,3286.0103875754703,99.57176033774236,33.33333333333334,35.60106434815575,129.08868159961827,35.60077427974815,129.088586012266,254.65116279069767,104.65116279069767,0,254.65116279069767,104.65116279069767,100.0,250.0,80,67,INSIDE,CLEAR,False,,,True,100.0,100.0,100.0,False,154.65116279069767,4.6511627906976685,154.65116279069767,4.6511627906976685,0,100.0,250.0,0,100.0,250.0,ALL_CLEAR,,100.0,,67,ALL_CLEAR,,100.0,,,ALL_CLEAR/PASS
landing,landing_stage1,landing_stage1,landing_stage1,TF,9,32,2,12765.512326383066,3286.0103875754703,99.57176033774236,66.66666666666669,35.60106434815575,129.08868159961827,35.60048421134054,129.08849042491377,254.65116279069767,104.65116279069767,0,254.65116279069767,104.65116279069767,100.0,250.0,79,67,INSIDE,CLEAR,False,,,True,100.0,100.0,100.0,False,154.65116279069767,4.6511627906976685,154.65116279069767,4.6511627906976685,0,100.0,250.0,0,100.0,250.0,ALL_CLEAR,,100.0,,67,ALL_CLEAR,,100.0,,,ALL_CLEAR/PASS
landing,landing_stage1,landing_stage1,landing_stage1,TF,9,32,2,12765.512326383066,3286.0103875754703,99.57176033774236,100.0,35.60106434815575,129.08868159961827,35.60019414293294,129.0883948375615,254.65116279069767,104.65116279069767,0,254.65116279069767,104.65116279069767,100.0,250.0,79,67,INSIDE,CLEAR,False,,,True,100.0,100.0,100.0,False,154.65116279069767,4.6511627906976685,154.65116279069767,4.6511627906976685,0,100.0,250.0,0,100.0,250.0,ALL_CLEAR,,100.0,,67,ALL_CLEAR,,100.0,,,ALL_CLEAR/PASS
landing,landing_stage1,landing_stage1,landing_stage1,TF,9,33,0,12765.512326383066,3286.0103875754703,0.0,-100.0,35.60106434815575,129.08868159961827,35.60193455320946,129.08896836328316,254.65116279069767,104.65116279069767,0,254.65116279069767,104.65116279069767,100.0,250.0,81,67,INSIDE,CLEAR,False,,,True,100.0,100.0,100.0,False,154.65116279069767,4.6511627906976685,154.65116279069767,4.6511627906976685,0,100.0,250.0,0,100.0,250.0,ALL_CLEAR,,100.0,,67,ALL_CLEAR,,100.0,,,ALL_CLEAR/PASS
landing,landing_stage1,landing_stage1,landing_stage1,TF,9,33,0,12765.512326383066,3286.0103875754703,0.0,-66.66666666666666,35.60106434815575,129.08868159961827,35.60164448485823,129.08887277539486,254.65116279069767,104.65116279069767,0,254.65116279069767,104.65116279069767,100.0,250.0,81,67,INSIDE,CLEAR,False,,,True,100.0,100.0,100.0,False,154.65116279069767,4.6511627906976685,154.65116279069767,4.6511627906976685,0,100.0,250.0,0,100.0,250.0,ALL_CLEAR,,100.0,,67,ALL_CLEAR,,100.0,,,ALL_CLEAR/PASS
landing,landing_stage1,landing_stage1,landing_stage1,TF,9,33,0,12765.512326383066,3286.0103875754703,0.0,-33.33333333333333,35.60106434815575,129.08868159961827,35.601354416506986,129.08877718750657,254.65116279069767,104.65116279069767,0,254.65116279069767,104.65116279069767,100.0,250.0,81,67,INSIDE,CLEAR,False,,,True,100.0,100.0,100.0,False,154.65116279069767,4.6511627906976685,154.65116279069767,4.6511627906976685,0,100.0,250.0,0,100.0,250.0,ALL_CLEAR,,100.0,,67,ALL_CLEAR,,100.0,,,ALL_CLEAR/PASS
landing,landing_stage1,landing_stage1,landing_stage1,TF,9,33,0,12765.512326383066,3286.0103875754703,0.0,33.33333333333334,35.60106434815575,129.08868159961827,35.60077427980452,129.08858601172997,254.65116279069767,104.65116279069767,0,254.65116279069767,104.65116279069767,100.0,250.0,80,67,INSIDE,CLEAR,False,,,True,100.0,100.0,100.0,False,154.65116279069767,4.6511627906976685,154.65116279069767,4.6511627906976685,0,100.0,250.0,0,100.0,250.0,ALL_CLEAR,,100.0,,67,ALL_CLEAR,,100.0,,,ALL_CLEAR/PASS
landing,landing_stage1,landing_stage1,landing_stage1,TF,9,33,0,12765.512326383066,3286.0103875754703,0.0,66.66666666666669,35.60106434815575,129.08868159961827,35.60048421145328,129.08849042384168,254.65116279069767,104.65116279069767,0,254.65116279069767,104.65116279069767,100.0,250.0,79,67,INSIDE,CLEAR,False,,,True,100.0,100.0,100.0,False,154.65116279069767,4.6511627906976685,154.65116279069767,4.6511627906976685,0,100.0,250.0,0,100.0,250.0,ALL_CLEAR,,100.0,,67,ALL_CLEAR,,100.0,,,ALL_CLEAR/PASS
landing,landing_stage1,landing_stage1,landing_stage1,TF,9,33,0,12765.512326383066,3286.0103875754703,0.0,100.0,35.60106434815575,129.08868159961827,35.600194143102044,129.08839483595338,254.65116279069767,104.65116279069767,0,254.65116279069767,104.65116279069767,100.0,250.0,79,67,INSIDE,CLEAR,False,,,True,100.0,100.0,100.0,False,154.65116279069767,4.6511627906976685,154.65116279069767,4.6511627906976685,0,100.0,250.0,0,100.0,250.0,ALL_CLEAR,,100.0,,67,ALL_CLEAR,,100.0,,,ALL_CLEAR/PASS
landing,landing_stage1,landing_stage1,landing_stage1,TF,9,33,1,12815.298071794505,3335.7961329869086,49.785745411438725,-100.0,35.60118043074796,129.08814876963737,35.60205063580167,129.08843553330223,249.4186046511628,99.41860465116281,0,249.4186046511628,99.41860465116281,100.0,250.0,81,67,INSIDE,CLEAR,False,,,True,100.0,100.0,99.41860465116281,True,150.0,0.0,150.0,0.0,0,100.0,250.0,0,100.0,250.0,ALL_CLEAR,,100.0,,68,ALL_CLEAR,,100.0,,,ALL_CLEAR/PASS
landing,landing_stage1,landing_stage1,landing_stage1,TF,9,33,1,12815.298071794505,3335.7961329869086,49.785745411438725,-66.66666666666666,35.60118043074796,129.08814876963737,35.601760567450434,129.08833994541394,249.4186046511628,99.41860465116281,0,249.4186046511628,99.41860465116281,100.0,250.0,81,67,INSIDE,CLEAR,False,,,True,100.0,100.0,99.41860465116281,True,150.0,0.0,150.0,0.0,0,100.0,250.0,0,100.0,250.0,ALL_CLEAR,,100.0,,68,ALL_CLEAR,,100.0,,,ALL_CLEAR/PASS
landing,landing_stage1,landing_stage1,landing_stage1,TF,9,33,1,12815.298071794505,3335.7961329869086,49.785745411438725,-33.33333333333333,35.60118043074796,129.08814876963737,35.6014704990992,129.08824435752564,249.4186046511628,99.41860465116281,0,249.4186046511628,99.41860465116281,100.0,250.0,81,67,INSIDE,CLEAR,False,,,True,100.0,100.0,99.41860465116281,True,150.0,0.0,150.0,0.0,0,100.0,250.0,0,100.0,250.0,ALL_CLEAR,,100.0,,68,ALL_CLEAR,,100.0,,,ALL_CLEAR/PASS
landing,landing_stage1,landing_stage1,landing_stage1,TF,9,33,1,12815.298071794505,3335.7961329869086,49.785745411438725,0.0,35.60118043074796,129.08814876963737,35.60118043074796,129.08814876963737,249.4186046511628,99.41860465116281,0,249.4186046511628,99.41860465116281,100.0,250.0,80,67,INSIDE,CLEAR,False,,,True,100.0,100.0,99.41860465116281,True,150.0,0.0,150.0,0.0,0,100.0,250.0,0,100.0,250.0,ALL_CLEAR,,100.0,,68,ALL_CLEAR,,100.0,,,ALL_CLEAR/PASS
landing,landing_stage1,landing_stage1,landing_stage1,TF,9,33,1,12815.298071794505,3335.7961329869086,49.785745411438725,33.33333333333334,35.60118043074796,129.08814876963737,35.600890362396726,129.08805318174907,249.4186046511628,99.41860465116281,0,249.4186046511628,99.41860465116281,100.0,250.0,80,66,INSIDE,CLEAR,False,,,True,100.0,100.0,99.41860465116281,True,150.0,0.0,150.0,0.0,0,100.0,250.0,0,100.0,250.0,ALL_CLEAR,,100.0,,68,ALL_CLEAR,,100.0,,,ALL_CLEAR/PASS
landing,landing_stage1,landing_stage1,landing_stage1,TF,9,33,1,12815.298071794505,3335.7961329869086,49.785745411438725,66.66666666666669,35.60118043074796,129.08814876963737,35.60060029404549,129.08795759386078,249.4186046511628,99.41860465116281,0,249.4186046511628,99.41860465116281,100.0,250.0,80,66,INSIDE,CLEAR,False,,,True,100.0,100.0,99.41860465116281,True,150.0,0.0,150.0,0.0,0,100.0,250.0,0,100.0,250.0,ALL_CLEAR,,100.0,,68,ALL_CLEAR,,100.0,,,ALL_CLEAR/PASS
landing,landing_stage1,landing_stage1,landing_stage1,TF,9,33,1,12815.298071794505,3335.7961329869086,49.785745411438725,100.0,35.60118043074796,129.08814876963737,35.60031022569426,129.08786200597248,249.4186046511628,99.41860465116281,0,249.4186046511628,99.41860465116281,100.0,250.0,79,66,INSIDE,CLEAR,False,,,True,100.0,100.0,99.41860465116281,True,150.0,0.0,150.0,0.0,0,100.0,250.0,0,100.0,250.0,ALL_CLEAR,,100.0,,68,ALL_CLEAR,,100.0,,,ALL_CLEAR/PASS
landing,landing_stage1,landing_stage1,landing_stage1,TF,9,33,2,12865.083817205945,3385.5818783983486,99.57149082287745,-100.0,35.60129651334017,129.08761593965644,35.60216671839388,129.08790270332133,244.18604651162792,94.18604651162792,0,244.18604651162792,94.18604651162792,100.0,250.0,82,66,INSIDE,CLEAR,False,,,True,100.0,100.0,94.18604651162792,True,150.0,0.0,150.0,0.0,0,100.0,250.0,0,100.0,250.0,ALL_CLEAR,,100.0,,69,ALL_CLEAR,,100.0,,,ALL_CLEAR/PASS
landing,landing_stage1,landing_stage1,landing_stage1,TF,9,33,2,12865.083817205945,3385.5818783983486,99.57149082287745,-66.66666666666666,35.60129651334017,129.08761593965644,35.60187665004265,129.08780711543304,244.18604651162792,94.18604651162792,0,244.18604651162792,94.18604651162792,100.0,250.0,81,66,INSIDE,CLEAR,False,,,True,100.0,100.0,94.18604651162792,True,150.0,0.0,150.0,0.0,0,100.0,250.0,0,100.0,250.0,ALL_CLEAR,,100.0,,69,ALL_CLEAR,,100.0,,,ALL_CLEAR/PASS
landing,landing_stage1,landing_stage1,landing_stage1,TF,9,33,2,12865.083817205945,3385.5818783983486,99.57149082287745,-33.33333333333333,35.60129651334017,129.08761593965644,35.60158658169141,129.08771152754474,244.18604651162792,94.18604651162792,0,244.18604651162792,94.18604651162792,100.0,250.0,81,66,INSIDE,CLEAR,False,,,True,100.0,100.0,94.18604651162792,True,150.0,0.0,150.0,0.0,0,100.0,250.0,0,100.0,250.0,ALL_CLEAR,,100.0,,69,ALL_CLEAR,,100.0,,,ALL_CLEAR/PASS
landing,landing_stage1,landing_stage1,landing_stage1,TF,9,33,2,12865.083817205945,3385.5818783983486,99.57149082287745,0.0,35.60129651334017,129.08761593965644,35.60129651334017,129.08761593965644,244.18604651162792,94.18604651162792,0,244.18604651162792,94.18604651162792,100.0,250.0,80,66,INSIDE,CLEAR,False,,,True,100.0,100.0,94.18604651162792,True,150.0,0.0,150.0,0.0,0,100.0,250.0,0,100.0,250.0,ALL_CLEAR,,100.0,,69,ALL_CLEAR,,100.0,,,ALL_CLEAR/PASS
landing,landing_stage1,landing_stage1,landing_stage1,TF,9,33,2,12865.083817205945,3385.5818783983486,99.57149082287745,33.33333333333334,35.60129651334017,129.08761593965644,35.60100644498894,129.08752035176815,244.18604651162792,94.18604651162792,0,244.18604651162792,94.18604651162792,100.0,250.0,80,66,INSIDE,CLEAR,False,,,True,100.0,100.0,94.18604651162792,True,150.0,0.0,150.0,0.0,0,100.0,250.0,0,100.0,250.0,ALL_CLEAR,,100.0,,69,ALL_CLEAR,,100.0,,,ALL_CLEAR/PASS
landing,landing_stage1,landing_stage1,landing_stage1,TF,9,33,2,12865.083817205945,3385.5818783983486,99.57149082287745,66.66666666666669,35.60129651334017,129.08761593965644,35.6007163766377,129.08742476387985,244.18604651162792,94.18604651162792,0,244.18604651162792,94.18604651162792,100.0,250.0,80,66,INSIDE,CLEAR,False,,,True,100.0,100.0,94.18604651162792,True,150.0,0.0,150.0,0.0,0,100.0,250.0,0,100.0,250.0,ALL_CLEAR,,100.0,,69,ALL_CLEAR,,100.0,,,ALL_CLEAR/PASS
landing,landing_stage1,landing_stage1,landing_stage1,TF,9,33,2,12865.083817205945,3385.5818783983486,99.57149082287745,100.0,35.60129651334017,129.08761593965644,35.600426308286465,129.08732917599156,244.18604651162792,94.18604651162792,0,244.18604651162792,94.18604651162792,100.0,250.0,79,66,INSIDE,CLEAR,False,,,True,100.0,100.0,94.18604651162792,True,150.0,0.0,150.0,0.0,0,100.0,250.0,0,100.0,250.0,ALL_CLEAR,,100.0,,69,ALL_CLEAR,,100.0,,,ALL_CLEAR/PASS
landing,landing_stage1,landing_stage1,landing_stage1,TF,9,34,0,12865.083817205945,3385.5818783983486,0.0,-100.0,35.60129651334017,129.08761593965644,35.60216671822477,129.08790270492946,244.18604651162792,94.18604651162792,0,244.18604651162792,94.18604651162792,100.0,250.0,82,66,INSIDE,CLEAR,False,,,True,100.0,100.0,94.18604651162792,True,150.0,0.0,150.0,0.0,0,100.0,250.0,0,100.0,250.0,ALL_CLEAR,,100.0,,69,ALL_CLEAR,,100.0,,,ALL_CLEAR/PASS
landing,landing_stage1,landing_stage1,landing_stage1,TF,9,34,0,12865.083817205945,3385.5818783983486,0.0,-66.66666666666666,35.60129651334017,129.08761593965644,35.601876649929906,129.08780711650513,244.18604651162792,94.18604651162792,0,244.18604651162792,94.18604651162792,100.0,250.0,81,66,INSIDE,CLEAR,False,,,True,100.0,100.0,94.18604651162792,True,150.0,0.0,150.0,0.0,0,100.0,250.0,0,100.0,250.0,ALL_CLEAR,,100.0,,69,ALL_CLEAR,,100.0,,,ALL_CLEAR/PASS
landing,landing_stage1,landing_stage1,landing_stage1,TF,9,34,0,12865.083817205945,3385.5818783983486,0.0,-33.33333333333333,35.60129651334017,129.08761593965644,35.60158658163504,129.08771152808077,244.18604651162792,94.18604651162792,0,244.18604651162792,94.18604651162792,100.0,250.0,81,66,INSIDE,CLEAR,False,,,True,100.0,100.0,94.18604651162792,True,150.0,0.0,150.0,0.0,0,100.0,250.0,0,100.0,250.0,ALL_CLEAR,,100.0,,69,ALL_CLEAR,,100.0,,,ALL_CLEAR/PASS
landing,landing_stage1,landing_stage1,landing_stage1,TF,9,34,0,12865.083817205945,3385.5818783983486,0.0,33.33333333333334,35.60129651334017,129.08761593965644,35.60100644504531,129.08752035123211,244.18604651162792,94.18604651162792,0,244.18604651162792,94.18604651162792,100.0,250.0,80,66,INSIDE,CLEAR,False,,,True,100.0,100.0,94.18604651162792,True,150.0,0.0,150.0,0.0,0,100.0,250.0,0,100.0,250.0,ALL_CLEAR,,100.0,,69,ALL_CLEAR,,100.0,,,ALL_CLEAR/PASS
landing,landing_stage1,landing_stage1,landing_stage1,TF,9,34,0,12865.083817205945,3385.5818783983486,0.0,66.66666666666669,35.60129651334017,129.08761593965644,35.60071637675044,129.08742476280776,244.18604651162792,94.18604651162792,0,244.18604651162792,94.18604651162792,100.0,250.0,80,66,INSIDE,CLEAR,False,,,True,100.0,100.0,94.18604651162792,True,150.0,0.0,150.0,0.0,0,100.0,250.0,0,100.0,250.0,ALL_CLEAR,,100.0,,69,ALL_CLEAR,,100.0,,,ALL_CLEAR/PASS
landing,landing_stage1,landing_stage1,landing_stage1,TF,9,34,0,12865.083817205945,3385.5818783983486,0.0,100.0,35.60129651334017,129.08761593965644,35.600426308455575,129.08732917438343,244.18604651162792,94.18604651162792,0,244.18604651162792,94.18604651162792,100.0,250.0,79,66,INSIDE,CLEAR,False,,,True,100.0,100.0,94.18604651162792,True,150.0,0.0,150.0,0.0,0,100.0,250.0,0,100.0,250.0,ALL_CLEAR,,100.0,,69,ALL_CLEAR,,100.0,,,ALL_CLEAR/PASS
landing,landing_stage1,landing_stage1,landing_stage1,TF,9,34,1,12914.869427859318,3435.3674890517213,49.78561065337185,-100.0,35.60141259593239,129.08708310967552,35.60228280081699,129.08736987494854,238.95348837209303,88.95348837209303,0,238.95348837209303,88.95348837209303,100.0,250.0,82,66,INSIDE,CLEAR,False,,,True,100.0,100.0,88.95348837209303,True,150.0,0.0,150.0,0.0,0,100.0,250.0,0,100.0,250.0,ALL_CLEAR,,100.0,,70,ALL_CLEAR,,100.0,,,ALL_CLEAR/PASS
landing,landing_stage1,landing_stage1,landing_stage1,TF,9,34,1,12914.869427859318,3435.3674890517213,49.78561065337185,-66.66666666666666,35.60141259593239,129.08708310967552,35.60199273252212,129.0872742865242,238.95348837209303,88.95348837209303,0,238.95348837209303,88.95348837209303,100.0,250.0,81,66,INSIDE,CLEAR,False,,,True,100.0,100.0,88.95348837209303,True,150.0,0.0,150.0,0.0,0,100.0,250.0,0,100.0,250.0,ALL_CLEAR,,100.0,,70,ALL_CLEAR,,100.0,,,ALL_CLEAR/PASS
landing,landing_stage1,landing_stage1,landing_stage1,TF,9,34,1,12914.869427859318,3435.3674890517213,49.78561065337185,-33.33333333333333,35.60141259593239,129.08708310967552,35.601702664227254,129.08717869809985,238.95348837209303,88.95348837209303,0,238.95348837209303,88.95348837209303,100.0,250.0,81,66,INSIDE,CLEAR,False,,,True,100.0,100.0,88.95348837209303,True,150.0,0.0,150.0,0.0,0,100.0,250.0,0,100.0,250.0,ALL_CLEAR,,100.0,,70,ALL_CLEAR,,100.0,,,ALL_CLEAR/PASS
landing,landing_stage1,landing_stage1,landing_stage1,TF,9,34,1,12914.869427859318,3435.3674890517213,49.78561065337185,0.0,35.60141259593239,129.08708310967552,35.60141259593239,129.08708310967552,238.95348837209303,88.95348837209303,0,238.95348837209303,88.95348837209303,100.0,250.0,81,66,INSIDE,CLEAR,False,,,True,100.0,100.0,88.95348837209303,True,150.0,0.0,150.0,0.0,0,100.0,250.0,0,100.0,250.0,ALL_CLEAR,,100.0,,70,ALL_CLEAR,,100.0,,,ALL_CLEAR/PASS
landing,landing_stage1,landing_stage1,landing_stage1,TF,9,34,1,12914.869427859318,3435.3674890517213,49.78561065337185,33.33333333333334,35.60141259593239,129.08708310967552,35.60112252763752,129.0869875212512,238.95348837209303,88.95348837209303,0,238.95348837209303,88.95348837209303,100.0,250.0,80,65,INSIDE,CLEAR,False,,,True,100.0,100.0,88.95348837209303,True,150.0,0.0,150.0,0.0,0,100.0,250.0,0,100.0,250.0,ALL_CLEAR,,100.0,,70,ALL_CLEAR,,100.0,,,ALL_CLEAR/PASS
landing,landing_stage1,landing_stage1,landing_stage1,TF,9,34,1,12914.869427859318,3435.3674890517213,49.78561065337185,66.66666666666669,35.60141259593239,129.08708310967552,35.600832459342655,129.08689193282683,238.95348837209303,88.95348837209303,0,238.95348837209303,88.95348837209303,100.0,250.0,80,65,INSIDE,CLEAR,False,,,True,100.0,100.0,88.95348837209303,True,150.0,0.0,150.0,0.0,0,100.0,250.0,0,100.0,250.0,ALL_CLEAR,,100.0,,70,ALL_CLEAR,,100.0,,,ALL_CLEAR/PASS
landing,landing_stage1,landing_stage1,landing_stage1,TF,9,34,1,12914.869427859318,3435.3674890517213,49.78561065337185,100.0,35.60141259593239,129.08708310967552,35.60054239104779,129.0867963444025,238.95348837209303,88.95348837209303,0,238.95348837209303,88.95348837209303,100.0,250.0,80,65,INSIDE,CLEAR,False,,,True,100.0,100.0,88.95348837209303,True,150.0,0.0,150.0,0.0,0,100.0,250.0,0,100.0,250.0,ALL_CLEAR,,100.0,,70,ALL_CLEAR,,100.0,,,ALL_CLEAR/PASS
landing,landing_stage1,landing_stage1,landing_stage1,TF,9,34,2,12964.655038512688,3485.1530997050922,99.5712213067437,-100.0,35.6015286785246,129.0865502796946,35.6023988834092,129.0868370449676,233.72093023255815,83.72093023255815,0,233.72093023255815,83.72093023255815,100.0,250.0,82,65,INSIDE,CLEAR,False,,,True,100.0,100.0,83.72093023255815,True,150.0,0.0,150.0,0.0,0,100.0,250.0,0,100.0,250.0,ALL_CLEAR,,100.0,,71,ALL_CLEAR,,100.0,,,ALL_CLEAR/PASS
landing,landing_stage1,landing_stage1,landing_stage1,TF,9,34,2,12964.655038512688,3485.1530997050922,99.5712213067437,-66.66666666666666,35.6015286785246,129.0865502796946,35.602108815114335,129.08674145654328,233.72093023255815,83.72093023255815,0,233.72093023255815,83.72093023255815,100.0,250.0,81,65,INSIDE,CLEAR,False,,,True,100.0,100.0,83.72093023255815,True,150.0,0.0,150.0,0.0,0,100.0,250.0,0,100.0,250.0,ALL_CLEAR,,100.0,,71,ALL_CLEAR,,100.0,,,ALL_CLEAR/PASS
landing,landing_stage1,landing_stage1,landing_stage1,TF,9,34,2,12964.655038512688,3485.1530997050922,99.5712213067437,-33.33333333333333,35.6015286785246,129.0865502796946,35.60181874681947,129.08664586811892,233.72093023255815,83.72093023255815,0,233.72093023255815,83.72093023255815,100.0,250.0,81,65,INSIDE,CLEAR,False,,,True,100.0,100.0,83.72093023255815,True,150.0,0.0,150.0,0.0,0,100.0,250.0,0,100.0,250.0,ALL_CLEAR,,100.0,,71,ALL_CLEAR,,100.0,,,ALL_CLEAR/PASS
landing,landing_stage1,landing_stage1,landing_stage1,TF,9,34,2,12964.655038512688,3485.1530997050922,99.5712213067437,0.0,35.6015286785246,129.0865502796946,35.6015286785246,129.0865502796946,233.72093023255815,83.72093023255815,0,233.72093023255815,83.72093023255815,100.0,250.0,81,65,INSIDE,CLEAR,False,,,True,100.0,100.0,83.72093023255815,True,150.0,0.0,150.0,0.0,0,100.0,250.0,0,100.0,250.0,ALL_CLEAR,,100.0,,71,ALL_CLEAR,,100.0,,,ALL_CLEAR/PASS
landing,landing_stage1,landing_stage1,landing_stage1,TF,9,34,2,12964.655038512688,3485.1530997050922,99.5712213067437,33.33333333333334,35.6015286785246,129.0865502796946,35.601238610229736,129.08645469127026,233.72093023255815,83.72093023255815,0,233.72093023255815,83.72093023255815,100.0,250.0,80,65,INSIDE,CLEAR,False,,,True,100.0,100.0,83.72093023255815,True,150.0,0.0,150.0,0.0,0,100.0,250.0,0,100.0,250.0,ALL_CLEAR,,100.0,,71,ALL_CLEAR,,100.0,,,ALL_CLEAR/PASS
landing,landing_stage1,landing_stage1,landing_stage1,TF,9,34,2,12964.655038512688,3485.1530997050922,99.5712213067437,66.66666666666669,35.6015286785246,129.0865502796946,35.60094854193487,129.0863591028459,233.72093023255815,83.72093023255815,0,233.72093023255815,83.72093023255815,100.0,250.0,80,65,INSIDE,CLEAR,False,,,True,100.0,100.0,83.72093023255815,True,150.0,0.0,150.0,0.0,0,100.0,250.0,0,100.0,250.0,ALL_CLEAR,,100.0,,71,ALL_CLEAR,,100.0,,,ALL_CLEAR/PASS
landing,landing_stage1,landing_stage1,landing_stage1,TF,9,34,2,12964.655038512688,3485.1530997050922,99.5712213067437,100.0,35.6015286785246,129.0865502796946,35.60065847364,129.08626351442157,233.72093023255815,83.72093023255815,0,233.72093023255815,83.72093023255815,100.0,250.0,80,65,INSIDE,CLEAR,False,,,True,100.0,100.0,83.72093023255815,True,150.0,0.0,150.0,0.0,0,100.0,250.0,0,100.0,250.0,ALL_CLEAR,,100.0,,71,ALL_CLEAR,,100.0,,,ALL_CLEAR/PASS
landing,landing_stage1,landing_stage1,landing_stage1,TF,9,35,0,12964.655038512688,3485.1530997050922,0.0,-100.0,35.6015286785246,129.0865502796946,35.60239888324009,129.0868370465758,233.72093023255815,83.72093023255815,0,233.72093023255815,83.72093023255815,100.0,250.0,82,65,INSIDE,CLEAR,False,,,True,100.0,100.0,83.72093023255815,True,150.0,0.0,150.0,0.0,0,100.0,250.0,0,100.0,250.0,ALL_CLEAR,,100.0,,71,ALL_CLEAR,,100.0,,,ALL_CLEAR/PASS
landing,landing_stage1,landing_stage1,landing_stage1,TF,9,35,0,12964.655038512688,3485.1530997050922,0.0,-66.66666666666666,35.6015286785246,129.0865502796946,35.6021088150016,129.0867414576154,233.72093023255815,83.72093023255815,0,233.72093023255815,83.72093023255815,100.0,250.0,81,65,INSIDE,CLEAR,False,,,True,100.0,100.0,83.72093023255815,True,150.0,0.0,150.0,0.0,0,100.0,250.0,0,100.0,250.0,ALL_CLEAR,,100.0,,71,ALL_CLEAR,,100.0,,,ALL_CLEAR/PASS
landing,landing_stage1,landing_stage1,landing_stage1,TF,9,35,0,12964.655038512688,3485.1530997050922,0.0,-33.33333333333333,35.6015286785246,129.0865502796946,35.6018187467631,129.08664586865498,233.72093023255815,83.72093023255815,0,233.72093023255815,83.72093023255815,100.0,250.0,81,65,INSIDE,CLEAR,False,,,True,100.0,100.0,83.72093023255815,True,150.0,0.0,150.0,0.0,0,100.0,250.0,0,100.0,250.0,ALL_CLEAR,,100.0,,71,ALL_CLEAR,,100.0,,,ALL_CLEAR/PASS
landing,landing_stage1,landing_stage1,landing_stage1,TF,9,35,0,12964.655038512688,3485.1530997050922,0.0,33.33333333333334,35.6015286785246,129.0865502796946,35.6012386102861,129.0864546907342,233.72093023255815,83.72093023255815,0,233.72093023255815,83.72093023255815,100.0,250.0,80,65,INSIDE,CLEAR,False,,,True,100.0,100.0,83.72093023255815,True,150.0,0.0,150.0,0.0,0,100.0,250.0,0,100.0,250.0,ALL_CLEAR,,100.0,,71,ALL_CLEAR,,100.0,,,ALL_CLEAR/PASS
landing,landing_stage1,landing_stage1,landing_stage1,TF,9,35,0,12964.655038512688,3485.1530997050922,0.0,66.66666666666669,35.6015286785246,129.0865502796946,35.600948542047604,129.08635910177378,233.72093023255815,83.72093023255815,0,233.72093023255815,83.72093023255815,100.0,250.0,80,65,INSIDE,CLEAR,False,,,True,100.0,100.0,83.72093023255815,True,150.0,0.0,150.0,0.0,0,100.0,250.0,0,100.0,250.0,ALL_CLEAR,,100.0,,71,ALL_CLEAR,,100.0,,,ALL_CLEAR/PASS
landing,landing_stage1,landing_stage1,landing_stage1,TF,9,35,0,12964.655038512688,3485.1530997050922,0.0,100.0,35.6015286785246,129.0865502796946,35.60065847380911,129.0862635128134,233.72093023255815,83.72093023255815,0,233.72093023255815,83.72093023255815,100.0,250.0,80,65,INSIDE,CLEAR,False,,,True,100.0,100.0,83.72093023255815,True,150.0,0.0,150.0,0.0,0,100.0,250.0,0,100.0,250.0,ALL_CLEAR,,100.0,,71,ALL_CLEAR,,100.0,,,ALL_CLEAR/PASS
landing,landing_stage1,landing_stage1,landing_stage1,TF,9,35,1,13014.440514404576,3534.9385755969797,49.7854758918866,-100.0,35.601644761116816,129.08601744971367,35.602514965832306,129.08630421659487,228.48837209302326,78.48837209302326,0,228.48837209302326,78.48837209302326,100.0,250.0,82,65,INSIDE,CLEAR,False,,,True,100.0,100.0,78.48837209302326,True,150.0,0.0,150.0,0.0,0,100.0,250.0,0,100.0,250.0,ALL_CLEAR,,100.0,,72,ALL_CLEAR,,100.0,,,ALL_CLEAR/PASS
landing,landing_stage1,landing_stage1,landing_stage1,TF,9,35,1,13014.440514404576,3534.9385755969797,49.7854758918866,-66.66666666666666,35.601644761116816,129.08601744971367,35.60222489759381,129.08620862763448,228.48837209302326,78.48837209302326,0,228.48837209302326,78.48837209302326,100.0,250.0,82,65,INSIDE,CLEAR,False,,,True,100.0,100.0,78.48837209302326,True,150.0,0.0,150.0,0.0,0,100.0,250.0,0,100.0,250.0,ALL_CLEAR,,100.0,,72,ALL_CLEAR,,100.0,,,ALL_CLEAR/PASS
landing,landing_stage1,landing_stage1,landing_stage1,TF,9,35,1,13014.440514404576,3534.9385755969797,49.7854758918866,-33.33333333333333,35.601644761116816,129.08601744971367,35.60193482935531,129.08611303867409,228.48837209302326,78.48837209302326,0,228.48837209302326,78.48837209302326,100.0,250.0,81,65,INSIDE,CLEAR,False,,,True,100.0,100.0,78.48837209302326,True,150.0,0.0,150.0,0.0,0,100.0,250.0,0,100.0,250.0,ALL_CLEAR,,100.0,,72,ALL_CLEAR,,100.0,,,ALL_CLEAR/PASS
landing,landing_stage1,landing_stage1,landing_stage1,TF,9,35,1,13014.440514404576,3534.9385755969797,49.7854758918866,0.0,35.601644761116816,129.08601744971367,35.601644761116816,129.08601744971367,228.48837209302326,78.48837209302326,0,228.48837209302326,78.48837209302326,100.0,250.0,81,64,INSIDE,CLEAR,False,,,True,100.0,100.0,78.48837209302326,True,150.0,0.0,150.0,0.0,0,100.0,250.0,0,100.0,250.0,ALL_CLEAR,,100.0,,72,ALL_CLEAR,,100.0,,,ALL_CLEAR/PASS
landing,landing_stage1,landing_stage1,landing_stage1,TF,9,35,1,13014.440514404576,3534.9385755969797,49.7854758918866,33.33333333333334,35.601644761116816,129.08601744971367,35.60135469287832,129.08592186075327,228.48837209302326,78.48837209302326,0,228.48837209302326,78.48837209302326,100.0,250.0,81,64,INSIDE,CLEAR,False,,,True,100.0,100.0,78.48837209302326,True,150.0,0.0,150.0,0.0,0,100.0,250.0,0,100.0,250.0,ALL_CLEAR,,100.0,,72,ALL_CLEAR,,100.0,,,ALL_CLEAR/PASS
landing,landing_stage1,landing_stage1,landing_stage1,TF,9,35,1,13014.440514404576,3534.9385755969797,49.7854758918866,66.66666666666669,35.601644761116816,129.08601744971367,35.60106462463982,129.08582627179288,228.48837209302326,78.48837209302326,0,228.48837209302326,78.48837209302326,100.0,250.0,80,64,INSIDE,CLEAR,False,,,True,100.0,100.0,78.48837209302326,True,150.0,0.0,150.0,0.0,0,100.0,250.0,0,100.0,250.0,ALL_CLEAR,,100.0,,72,ALL_CLEAR,,100.0,,,ALL_CLEAR/PASS
landing,landing_stage1,landing_stage1,landing_stage1,TF,9,35,1,13014.440514404576,3534.9385755969797,49.7854758918866,100.0,35.601644761116816,129.08601744971367,35.60077455640132,129.0857306828325,228.48837209302326,78.48837209302326,0,228.48837209302326,78.48837209302326,100.0,250.0,80,64,INSIDE,CLEAR,False,,,True,100.0,100.0,78.48837209302326,True,150.0,0.0,150.0,0.0,0,100.0,250.0,0,100.0,250.0,ALL_CLEAR,,100.0,,72,ALL_CLEAR,,100.0,,,ALL_CLEAR/PASS
landing,landing_stage1,landing_stage1,landing_stage1,TF,9,35,2,13064.225990296462,3584.7240514888654,99.5709517837732,-100.0,35.60176084370902,129.08548461973277,35.60263104842451,129.08577138661397,223.25581395348837,73.25581395348837,0,223.25581395348837,73.25581395348837,100.0,250.0,82,64,INSIDE,CLEAR,False,,,True,100.0,100.0,73.25581395348837,True,150.0,0.0,150.0,0.0,0,100.0,250.0,0,100.0,250.0,ALL_CLEAR,,100.0,,73,ALL_CLEAR,,100.0,,,ALL_CLEAR/PASS
landing,landing_stage1,landing_stage1,landing_stage1,TF,9,35,2,13064.225990296462,3584.7240514888654,99.5709517837732,-66.66666666666666,35.60176084370902,129.08548461973277,35.60234098018602,129.08567579765358,223.25581395348837,73.25581395348837,0,223.25581395348837,73.25581395348837,100.0,250.0,82,64,INSIDE,CLEAR,False,,,True,100.0,100.0,73.25581395348837,True,150.0,0.0,150.0,0.0,0,100.0,250.0,0,100.0,250.0,ALL_CLEAR,,100.0,,73,ALL_CLEAR,,100.0,,,ALL_CLEAR/PASS
landing,landing_stage1,landing_stage1,landing_stage1,TF,9,35,2,13064.225990296462,3584.7240514888654,99.5709517837732,-33.33333333333333,35.60176084370902,129.08548461973277,35.60205091194752,129.08558020869316,223.25581395348837,73.25581395348837,0,223.25581395348837,73.25581395348837,100.0,250.0,81,64,INSIDE,CLEAR,False,,,True,100.0,100.0,73.25581395348837,True,150.0,0.0,150.0,0.0,0,100.0,250.0,0,100.0,250.0,ALL_CLEAR,,100.0,,73,ALL_CLEAR,,100.0,,,ALL_CLEAR/PASS
landing,landing_stage1,landing_stage1,landing_stage1,TF,9,35,2,13064.225990296462,3584.7240514888654,99.5709517837732,0.0,35.60176084370902,129.08548461973277,35.60176084370902,129.08548461973277,223.25581395348837,73.25581395348837,0,223.25581395348837,73.25581395348837,100.0,250.0,81,64,INSIDE,CLEAR,False,,,True,100.0,100.0,73.25581395348837,True,150.0,0.0,150.0,0.0,0,100.0,250.0,0,100.0,250.0,ALL_CLEAR,,100.0,,73,ALL_CLEAR,,100.0,,,ALL_CLEAR/PASS
landing,landing_stage1,landing_stage1,landing_stage1,TF,9,35,2,13064.225990296462,3584.7240514888654,99.5709517837732,33.33333333333334,35.60176084370902,129.08548461973277,35.601470775470524,129.08538903077238,223.25581395348837,73.25581395348837,0,223.25581395348837,73.25581395348837,100.0,250.0,81,64,INSIDE,CLEAR,False,,,True,100.0,100.0,73.25581395348837,True,150.0,0.0,150.0,0.0,0,100.0,250.0,0,100.0,250.0,ALL_CLEAR,,100.0,,73,ALL_CLEAR,,100.0,,,ALL_CLEAR/PASS
landing,landing_stage1,landing_stage1,landing_stage1,TF,9,35,2,13064.225990296462,3584.7240514888654,99.5709517837732,66.66666666666669,35.60176084370902,129.08548461973277,35.601180707232025,129.08529344181196,223.25581395348837,73.25581395348837,0,223.25581395348837,73.25581395348837,100.0,250.0,80,64,INSIDE,CLEAR,False,,,True,100.0,100.0,73.25581395348837,True,150.0,0.0,150.0,0.0,0,100.0,250.0,0,100.0,250.0,ALL_CLEAR,,100.0,,73,ALL_CLEAR,,100.0,,,ALL_CLEAR/PASS
landing,landing_stage1,landing_stage1,landing_stage1,TF,9,35,2,13064.225990296462,3584.7240514888654,99.5709517837732,100.0,35.60176084370902,129.08548461973277,35.60089063899353,129.08519785285156,223.25581395348837,73.25581395348837,0,223.25581395348837,73.25581395348837,100.0,250.0,80,64,INSIDE,CLEAR,False,,,True,100.0,100.0,73.25581395348837,True,150.0,0.0,150.0,0.0,0,100.0,250.0,0,100.0,250.0,ALL_CLEAR,,100.0,,73,ALL_CLEAR,,100.0,,,ALL_CLEAR/PASS
landing,landing_stage1,landing_stage1,landing_stage1,TF,9,36,0,13064.225990296462,3584.7240514888654,0.0,-100.0,35.60176084370902,129.08548461973277,35.602631048255404,129.08577138822216,223.25581395348837,73.25581395348837,0,223.25581395348837,73.25581395348837,100.0,250.0,82,64,INSIDE,CLEAR,False,,,True,100.0,100.0,73.25581395348837,True,150.0,0.0,150.0,0.0,0,100.0,250.0,0,100.0,250.0,ALL_CLEAR,,100.0,,73,ALL_CLEAR,,100.0,,,ALL_CLEAR/PASS
landing,landing_stage1,landing_stage1,landing_stage1,TF,9,36,0,13064.225990296462,3584.7240514888654,0.0,-66.66666666666666,35.60176084370902,129.08548461973277,35.60234098007328,129.0856757987257,223.25581395348837,73.25581395348837,0,223.25581395348837,73.25581395348837,100.0,250.0,82,64,INSIDE,CLEAR,False,,,True,100.0,100.0,73.25581395348837,True,150.0,0.0,150.0,0.0,0,100.0,250.0,0,100.0,250.0,ALL_CLEAR,,100.0,,73,ALL_CLEAR,,100.0,,,ALL_CLEAR/PASS
landing,landing_stage1,landing_stage1,landing_stage1,TF,9,36,0,13064.225990296462,3584.7240514888654,0.0,-33.33333333333333,35.60176084370902,129.08548461973277,35.60205091189115,129.08558020922922,223.25581395348837,73.25581395348837,0,223.25581395348837,73.25581395348837,100.0,250.0,81,64,INSIDE,CLEAR,False,,,True,100.0,100.0,73.25581395348837,True,150.0,0.0,150.0,0.0,0,100.0,250.0,0,100.0,250.0,ALL_CLEAR,,100.0,,73,ALL_CLEAR,,100.0,,,ALL_CLEAR/PASS
landing,landing_stage1,landing_stage1,landing_stage1,TF,9,36,0,13064.225990296462,3584.7240514888654,0.0,33.33333333333334,35.60176084370902,129.08548461973277,35.6014707755269,129.0853890302363,223.25581395348837,73.25581395348837,0,223.25581395348837,73.25581395348837,100.0,250.0,81,64,INSIDE,CLEAR,False,,,True,100.0,100.0,73.25581395348837,True,150.0,0.0,150.0,0.0,0,100.0,250.0,0,100.0,250.0,ALL_CLEAR,,100.0,,73,ALL_CLEAR,,100.0,,,ALL_CLEAR/PASS
landing,landing_stage1,landing_stage1,landing_stage1,TF,9,36,0,13064.225990296462,3584.7240514888654,0.0,66.66666666666669,35.60176084370902,129.08548461973277,35.60118070734477,129.08529344073983,223.25581395348837,73.25581395348837,0,223.25581395348837,73.25581395348837,100.0,250.0,80,64,INSIDE,CLEAR,False,,,True,100.0,100.0,73.25581395348837,True,150.0,0.0,150.0,0.0,0,100.0,250.0,0,100.0,250.0,ALL_CLEAR,,100.0,,73,ALL_CLEAR,,100.0,,,ALL_CLEAR/PASS
landing,landing_stage1,landing_stage1,landing_stage1,TF,9,36,0,13064.225990296462,3584.7240514888654,0.0,100.0,35.60176084370902,129.08548461973277,35.60089063916264,129.08519785124338,223.25581395348837,73.25581395348837,0,223.25581395348837,73.25581395348837,100.0,250.0,80,64,INSIDE,CLEAR,False,,,True,100.0,100.0,73.25581395348837,True,150.0,0.0,150.0,0.0,0,100.0,250.0,0,100.0,250.0,ALL_CLEAR,,100.0,,73,ALL_CLEAR,,100.0,,,ALL_CLEAR/PASS
landing,landing_stage1,landing_stage1,landing_stage1,TF,9,36,1,13114.01133142757,3634.5093926199734,49.78534113110787,-100.0,35.60187692630124,129.08495178975187,35.60274713084762,129.08523855824126,218.02325581395348,68.02325581395348,0,218.02325581395348,68.02325581395348,100.0,250.0,82,64,INSIDE,CLEAR,False,,,True,100.0,100.0,68.02325581395348,True,150.0,0.0,150.0,0.0,0,100.0,250.0,0,100.0,250.0,ALL_CLEAR,,100.0,,74,ALL_CLEAR,,100.0,,,ALL_CLEAR/PASS
landing,landing_stage1,landing_stage1,landing_stage1,TF,9,36,1,13114.01133142757,3634.5093926199734,49.78534113110787,-66.66666666666666,35.60187692630124,129.08495178975187,35.60245706266549,129.08514296874478,218.02325581395348,68.02325581395348,0,218.02325581395348,68.02325581395348,100.0,250.0,82,64,INSIDE,CLEAR,False,,,True,100.0,100.0,68.02325581395348,True,150.0,0.0,150.0,0.0,0,100.0,250.0,0,100.0,250.0,ALL_CLEAR,,100.0,,74,ALL_CLEAR,,100.0,,,ALL_CLEAR/PASS
landing,landing_stage1,landing_stage1,landing_stage1,TF,9,36,1,13114.01133142757,3634.5093926199734,49.78534113110787,-33.33333333333333,35.60187692630124,129.08495178975187,35.60216699448336,129.08504737924832,218.02325581395348,68.02325581395348,0,218.02325581395348,68.02325581395348,100.0,250.0,82,64,INSIDE,CLEAR,False,,,True,100.0,100.0,68.02325581395348,True,150.0,0.0,150.0,0.0,0,100.0,250.0,0,100.0,250.0,ALL_CLEAR,,100.0,,74,ALL_CLEAR,,100.0,,,ALL_CLEAR/PASS
landing,landing_stage1,landing_stage1,landing_stage1,TF,9,36,1,13114.01133142757,3634.5093926199734,49.78534113110787,0.0,35.60187692630124,129.08495178975187,35.60187692630124,129.08495178975187,218.02325581395348,68.02325581395348,0,218.02325581395348,68.02325581395348,100.0,250.0,81,63,INSIDE,CLEAR,False,,,True,100.0,100.0,68.02325581395348,True,150.0,0.0,150.0,0.0,0,100.0,250.0,0,100.0,250.0,ALL_CLEAR,,100.0,,74,ALL_CLEAR,,100.0,,,ALL_CLEAR/PASS
landing,landing_stage1,landing_stage1,landing_stage1,TF,9,36,1,13114.01133142757,3634.5093926199734,49.78534113110787,33.33333333333334,35.60187692630124,129.08495178975187,35.60158685811911,129.0848562002554,218.02325581395348,68.02325581395348,0,218.02325581395348,68.02325581395348,100.0,250.0,81,63,INSIDE,CLEAR,False,,,True,100.0,100.0,68.02325581395348,True,150.0,0.0,150.0,0.0,0,100.0,250.0,0,100.0,250.0,ALL_CLEAR,,100.0,,74,ALL_CLEAR,,100.0,,,ALL_CLEAR/PASS
landing,landing_stage1,landing_stage1,landing_stage1,TF,9,36,1,13114.01133142757,3634.5093926199734,49.78534113110787,66.66666666666669,35.60187692630124,129.08495178975187,35.60129678993698,129.08476061075893,218.02325581395348,68.02325581395348,0,218.02325581395348,68.02325581395348,100.0,250.0,80,63,INSIDE,CLEAR,False,,,True,100.0,100.0,68.02325581395348,True,150.0,0.0,150.0,0.0,0,100.0,250.0,0,100.0,250.0,ALL_CLEAR,,100.0,,74,ALL_CLEAR,,100.0,,,ALL_CLEAR/PASS
landing,landing_stage1,landing_stage1,landing_stage1,TF,9,36,1,13114.01133142757,3634.5093926199734,49.78534113110787,100.0,35.60187692630124,129.08495178975187,35.60100672175486,129.08466502126245,218.02325581395348,68.02325581395348,0,218.02325581395348,68.02325581395348,100.0,250.0,80,63,INSIDE,CLEAR,False,,,True,100.0,100.0,68.02325581395348,True,150.0,0.0,150.0,0.0,0,100.0,250.0,0,100.0,250.0,ALL_CLEAR,,100.0,,74,ALL_CLEAR,,100.0,,,ALL_CLEAR/PASS
landing,landing_stage1,landing_stage1,landing_stage1,TF,9,36,2,13163.796672558678,3684.2947337510814,99.57068226221574,-100.0,35.60199300889345,129.08441895977094,35.60286321343983,129.08470572826033,212.7906976744186,62.790697674418595,0,212.7906976744186,62.790697674418595,100.0,250.0,82,63,INSIDE,CLEAR,False,,,True,100.0,100.0,62.790697674418595,True,150.0,0.0,150.0,0.0,0,100.0,250.0,0,100.0,250.0,ALL_CLEAR,,100.0,,75,ALL_CLEAR,,100.0,,,ALL_CLEAR/PASS
landing,landing_stage1,landing_stage1,landing_stage1,TF,9,36,2,13163.796672558678,3684.2947337510814,99.57068226221574,-66.66666666666666,35.60199300889345,129.08441895977094,35.60257314525771,129.08461013876388,212.7906976744186,62.790697674418595,0,212.7906976744186,62.790697674418595,100.0,250.0,82,63,INSIDE,CLEAR,False,,,True,100.0,100.0,62.790697674418595,True,150.0,0.0,150.0,0.0,0,100.0,250.0,0,100.0,250.0,ALL_CLEAR,,100.0,,75,ALL_CLEAR,,100.0,,,ALL_CLEAR/PASS
landing,landing_stage1,landing_stage1,landing_stage1,TF,9,36,2,13163.796672558678,3684.2947337510814,99.57068226221574,-33.33333333333333,35.60199300889345,129.08441895977094,35.602283077075576,129.0845145492674,212.7906976744186,62.790697674418595,0,212.7906976744186,62.790697674418595,100.0,250.0,82,63,INSIDE,CLEAR,False,,,True,100.0,100.0,62.790697674418595,True,150.0,0.0,150.0,0.0,0,100.0,250.0,0,100.0,250.0,ALL_CLEAR,,100.0,,75,ALL_CLEAR,,100.0,,,ALL_CLEAR/PASS
landing,landing_stage1,landing_stage1,landing_stage1,TF,9,36,2,13163.796672558678,3684.2947337510814,99.57068226221574,0.0,35.60199300889345,129.08441895977094,35.60199300889345,129.08441895977094,212.7906976744186,62.790697674418595,0,212.7906976744186,62.790697674418595,100.0,250.0,81,63,INSIDE,CLEAR,False,,,True,100.0,100.0,62.790697674418595,True,150.0,0.0,150.0,0.0,0,100.0,250.0,0,100.0,250.0,ALL_CLEAR,,100.0,,75,ALL_CLEAR,,100.0,,,ALL_CLEAR/PASS
landing,landing_stage1,landing_stage1,landing_stage1,TF,9,36,2,13163.796672558678,3684.2947337510814,99.57068226221574,33.33333333333334,35.60199300889345,129.08441895977094,35.60170294071133,129.0843233702745,212.7906976744186,62.790697674418595,0,212.7906976744186,62.790697674418595,100.0,250.0,81,63,INSIDE,CLEAR,False,,,True,100.0,100.0,62.790697674418595,True,150.0,0.0,150.0,0.0,0,100.0,250.0,0,100.0,250.0,ALL_CLEAR,,100.0,,75,ALL_CLEAR,,100.0,,,ALL_CLEAR/PASS
landing,landing_stage1,landing_stage1,landing_stage1,TF,9,36,2,13163.796672558678,3684.2947337510814,99.57068226221574,66.66666666666669,35.60199300889345,129.08441895977094,35.601412872529195,129.084227780778,212.7906976744186,62.790697674418595,0,212.7906976744186,62.790697674418595,100.0,250.0,81,63,INSIDE,CLEAR,False,,,True,100.0,100.0,62.790697674418595,True,150.0,0.0,150.0,0.0,0,100.0,250.0,0,100.0,250.0,ALL_CLEAR,,100.0,,75,ALL_CLEAR,,100.0,,,ALL_CLEAR/PASS
landing,landing_stage1,landing_stage1,landing_stage1,TF,9,36,2,13163.796672558678,3684.2947337510814,99.57068226221574,100.0,35.60199300889345,129.08441895977094,35.60112280434707,129.08413219128155,212.7906976744186,62.790697674418595,0,212.7906976744186,62.790697674418595,100.0,250.0,80,63,INSIDE,CLEAR,False,,,True,100.0,100.0,62.790697674418595,True,150.0,0.0,150.0,0.0,0,100.0,250.0,0,100.0,250.0,ALL_CLEAR,,100.0,,75,ALL_CLEAR,,100.0,,,ALL_CLEAR/PASS
landing,landing_stage1,landing_stage1,landing_stage1,TF,9,37,0,13163.796672558678,3684.2947337510814,0.0,-100.0,35.60199300889345,129.08441895977094,35.60286321327072,129.08470572986857,212.7906976744186,62.790697674418595,0,212.7906976744186,62.790697674418595,100.0,250.0,82,63,INSIDE,CLEAR,False,,,True,100.0,100.0,62.790697674418595,True,150.0,0.0,150.0,0.0,0,100.0,250.0,0,100.0,250.0,ALL_CLEAR,,100.0,,75,ALL_CLEAR,,100.0,,,ALL_CLEAR/PASS
landing,landing_stage1,landing_stage1,landing_stage1,TF,9,37,0,13163.796672558678,3684.2947337510814,0.0,-66.66666666666666,35.60199300889345,129.08441895977094,35.602573145144966,129.08461013983603,212.7906976744186,62.790697674418595,0,212.7906976744186,62.790697674418595,100.0,250.0,82,63,INSIDE,CLEAR,False,,,True,100.0,100.0,62.790697674418595,True,150.0,0.0,150.0,0.0,0,100.0,250.0,0,100.0,250.0,ALL_CLEAR,,100.0,,75,ALL_CLEAR,,100.0,,,ALL_CLEAR/PASS
landing,landing_stage1,landing_stage1,landing_stage1,TF,9,37,0,13163.796672558678,3684.2947337510814,0.0,-33.33333333333333,35.60199300889345,129.08441895977094,35.60228307701921,129.0845145498035,212.7906976744186,62.790697674418595,0,212.7906976744186,62.790697674418595,100.0,250.0,82,63,INSIDE,CLEAR,False,,,True,100.0,100.0,62.790697674418595,True,150.0,0.0,150.0,0.0,0,100.0,250.0,0,100.0,250.0,ALL_CLEAR,,100.0,,75,ALL_CLEAR,,100.0,,,ALL_CLEAR/PASS
landing,landing_stage1,landing_stage1,landing_stage1,TF,9,37,0,13163.796672558678,3684.2947337510814,0.0,33.33333333333334,35.60199300889345,129.08441895977094,35.601702940767694,129.0843233697384,212.7906976744186,62.790697674418595,0,212.7906976744186,62.790697674418595,100.0,250.0,81,63,INSIDE,CLEAR,False,,,True,100.0,100.0,62.790697674418595,True,150.0,0.0,150.0,0.0,0,100.0,250.0,0,100.0,250.0,ALL_CLEAR,,100.0,,75,ALL_CLEAR,,100.0,,,ALL_CLEAR/PASS
landing,landing_stage1,landing_stage1,landing_stage1,TF,9,37,0,13163.796672558678,3684.2947337510814,0.0,66.66666666666669,35.60199300889345,129.08441895977094,35.60141287264194,129.08422777970586,212.7906976744186,62.790697674418595,0,212.7906976744186,62.790697674418595,100.0,250.0,81,63,INSIDE,CLEAR,False,,,True,100.0,100.0,62.790697674418595,True,150.0,0.0,150.0,0.0,0,100.0,250.0,0,100.0,250.0,ALL_CLEAR,,100.0,,75,ALL_CLEAR,,100.0,,,ALL_CLEAR/PASS
landing,landing_stage1,landing_stage1,landing_stage1,TF,9,37,0,13163.796672558678,3684.2947337510814,0.0,100.0,35.60199300889345,129.08441895977094,35.60112280451618,129.0841321896733,212.7906976744186,62.790697674418595,0,212.7906976744186,62.790697674418595,100.0,250.0,80,63,INSIDE,CLEAR,False,,,True,100.0,100.0,62.790697674418595,True,150.0,0.0,150.0,0.0,0,100.0,250.0,0,100.0,250.0,ALL_CLEAR,,100.0,,75,ALL_CLEAR,,100.0,,,ALL_CLEAR/PASS
landing,landing_stage1,landing_stage1,landing_stage1,TF,9,37,1,13213.581878928167,3734.0799401205713,49.78520636949059,-100.0,35.602109091485666,129.08388612979002,35.60297929586294,129.08417289988765,207.5581395348837,57.55813953488371,0,207.5581395348837,57.55813953488371,100.0,250.0,83,63,INSIDE,CLEAR,False,,,True,100.0,100.0,57.55813953488371,True,150.0,0.0,150.0,0.0,0,100.0,250.0,0,100.0,250.0,ALL_CLEAR,,100.0,,76,ALL_CLEAR,,100.0,,,ALL_CLEAR/PASS
landing,landing_stage1,landing_stage1,landing_stage1,TF,9,37,1,13213.581878928167,3734.0799401205713,49.78520636949059,-66.66666666666666,35.602109091485666,129.08388612979002,35.60268922773718,129.0840773098551,207.5581395348837,57.55813953488371,0,207.5581395348837,57.55813953488371,100.0,250.0,82,63,INSIDE,CLEAR,False,,,True,100.0,100.0,57.55813953488371,True,150.0,0.0,150.0,0.0,0,100.0,250.0,0,100.0,250.0,ALL_CLEAR,,100.0,,76,ALL_CLEAR,,100.0,,,ALL_CLEAR/PASS
landing,landing_stage1,landing_stage1,landing_stage1,TF,9,37,1,13213.581878928167,3734.0799401205713,49.78520636949059,-33.33333333333333,35.602109091485666,129.08388612979002,35.60239915961142,129.08398171982256,207.5581395348837,57.55813953488371,0,207.5581395348837,57.55813953488371,100.0,250.0,82,63,INSIDE,CLEAR,False,,,True,100.0,100.0,57.55813953488371,True,150.0,0.0,150.0,0.0,0,100.0,250.0,0,100.0,250.0,ALL_CLEAR,,100.0,,76,ALL_CLEAR,,100.0,,,ALL_CLEAR/PASS
landing,landing_stage1,landing_stage1,landing_stage1,TF,9,37,1,13213.581878928167,3734.0799401205713,49.78520636949059,0.0,35.602109091485666,129.08388612979002,35.602109091485666,129.08388612979002,207.5581395348837,57.55813953488371,0,207.5581395348837,57.55813953488371,100.0,250.0,81,62,INSIDE,CLEAR,False,,,True,100.0,100.0,57.55813953488371,True,150.0,0.0,150.0,0.0,0,100.0,250.0,0,100.0,250.0,ALL_CLEAR,,100.0,,76,ALL_CLEAR,,100.0,,,ALL_CLEAR/PASS
landing,landing_stage1,landing_stage1,landing_stage1,TF,9,37,1,13213.581878928167,3734.0799401205713,49.78520636949059,33.33333333333334,35.602109091485666,129.08388612979002,35.60181902335991,129.0837905397575,207.5581395348837,57.55813953488371,0,207.5581395348837,57.55813953488371,100.0,250.0,81,62,INSIDE,CLEAR,False,,,True,100.0,100.0,57.55813953488371,True,150.0,0.0,150.0,0.0,0,100.0,250.0,0,100.0,250.0,ALL_CLEAR,,100.0,,76,ALL_CLEAR,,100.0,,,ALL_CLEAR/PASS
landing,landing_stage1,landing_stage1,landing_stage1,TF,9,37,1,13213.581878928167,3734.0799401205713,49.78520636949059,66.66666666666669,35.602109091485666,129.08388612979002,35.60152895523415,129.08369494972496,207.5581395348837,57.55813953488371,0,207.5581395348837,57.55813953488371,100.0,250.0,81,62,INSIDE,CLEAR,False,,,True,100.0,100.0,57.55813953488371,True,150.0,0.0,150.0,0.0,0,100.0,250.0,0,100.0,250.0,ALL_CLEAR,,100.0,,76,ALL_CLEAR,,100.0,,,ALL_CLEAR/PASS
landing,landing_stage1,landing_stage1,landing_stage1,TF,9,37,1,13213.581878928167,3734.0799401205713,49.78520636949059,100.0,35.602109091485666,129.08388612979002,35.601238887108394,129.0835993596924,207.5581395348837,57.55813953488371,0,207.5581395348837,57.55813953488371,100.0,250.0,80,62,INSIDE,CLEAR,False,,,True,100.0,100.0,57.55813953488371,True,150.0,0.0,150.0,0.0,0,100.0,250.0,0,100.0,250.0,ALL_CLEAR,,100.0,,76,ALL_CLEAR,,100.0,,,ALL_CLEAR/PASS
landing,landing_stage1,landing_stage1,landing_stage1,TF,9,37,2,13263.36708529766,3783.865146490063,99.57041273898118,-100.0,35.60222517407788,129.08335329980912,35.60309537845515,129.08364006990675,202.32558139534885,52.32558139534885,0,202.32558139534885,52.32558139534885,100.0,250.0,83,62,INSIDE,CLEAR,False,,,True,100.0,100.0,52.32558139534885,True,150.0,0.0,150.0,0.0,0,100.0,250.0,0,100.0,250.0,ALL_CLEAR,,100.0,,77,ALL_CLEAR,,100.0,,,ALL_CLEAR/PASS
landing,landing_stage1,landing_stage1,landing_stage1,TF,9,37,2,13263.36708529766,3783.865146490063,99.57041273898118,-66.66666666666666,35.60222517407788,129.08335329980912,35.602805310329394,129.0835444798742,202.32558139534885,52.32558139534885,0,202.32558139534885,52.32558139534885,100.0,250.0,82,62,INSIDE,CLEAR,False,,,True,100.0,100.0,52.32558139534885,True,150.0,0.0,150.0,0.0,0,100.0,250.0,0,100.0,250.0,ALL_CLEAR,,100.0,,77,ALL_CLEAR,,100.0,,,ALL_CLEAR/PASS
landing,landing_stage1,landing_stage1,landing_stage1,TF,9,37,2,13263.36708529766,3783.865146490063,99.57041273898118,-33.33333333333333,35.60222517407788,129.08335329980912,35.60251524220364,129.08344888984166,202.32558139534885,52.32558139534885,0,202.32558139534885,52.32558139534885,100.0,250.0,82,62,INSIDE,CLEAR,False,,,True,100.0,100.0,52.32558139534885,True,150.0,0.0,150.0,0.0,0,100.0,250.0,0,100.0,250.0,ALL_CLEAR,,100.0,,77,ALL_CLEAR,,100.0,,,ALL_CLEAR/PASS
landing,landing_stage1,landing_stage1,landing_stage1,TF,9,37,2,13263.36708529766,3783.865146490063,99.57041273898118,0.0,35.60222517407788,129.08335329980912,35.60222517407788,129.08335329980912,202.32558139534885,52.32558139534885,0,202.32558139534885,52.32558139534885,100.0,250.0,82,62,INSIDE,CLEAR,False,,,True,100.0,100.0,52.32558139534885,True,150.0,0.0,150.0,0.0,0,100.0,250.0,0,100.0,250.0,ALL_CLEAR,,100.0,,77,ALL_CLEAR,,100.0,,,ALL_CLEAR/PASS
landing,landing_stage1,landing_stage1,landing_stage1,TF,9,37,2,13263.36708529766,3783.865146490063,99.57041273898118,33.33333333333334,35.60222517407788,129.08335329980912,35.60193510595212,129.08325770977657,202.32558139534885,52.32558139534885,0,202.32558139534885,52.32558139534885,100.0,250.0,81,62,INSIDE,CLEAR,False,,,True,100.0,100.0,52.32558139534885,True,150.0,0.0,150.0,0.0,0,100.0,250.0,0,100.0,250.0,ALL_CLEAR,,100.0,,77,ALL_CLEAR,,100.0,,,ALL_CLEAR/PASS
landing,landing_stage1,landing_stage1,landing_stage1,TF,9,37,2,13263.36708529766,3783.865146490063,99.57041273898118,66.66666666666669,35.60222517407788,129.08335329980912,35.601645037826366,129.08316211974403,202.32558139534885,52.32558139534885,0,202.32558139534885,52.32558139534885,100.0,250.0,81,62,INSIDE,CLEAR,False,,,True,100.0,100.0,52.32558139534885,True,150.0,0.0,150.0,0.0,0,100.0,250.0,0,100.0,250.0,ALL_CLEAR,,100.0,,77,ALL_CLEAR,,100.0,,,ALL_CLEAR/PASS
landing,landing_stage1,landing_stage1,landing_stage1,TF,9,37,2,13263.36708529766,3783.865146490063,99.57041273898118,100.0,35.60222517407788,129.08335329980912,35.60135496970061,129.0830665297115,202.32558139534885,52.32558139534885,0,202.32558139534885,52.32558139534885,100.0,250.0,81,62,INSIDE,CLEAR,False,,,True,100.0,100.0,52.32558139534885,True,150.0,0.0,150.0,0.0,0,100.0,250.0,0,100.0,250.0,ALL_CLEAR,,100.0,,77,ALL_CLEAR,,100.0,,,ALL_CLEAR/PASS
landing,landing_stage1,landing_stage1,landing_stage1,TF,9,38,0,13263.36708529766,3783.865146490063,0.0,-100.0,35.60222517407788,129.08335329980912,35.603095378286035,129.08364007151496,202.32558139534885,52.32558139534885,0,202.32558139534885,52.32558139534885,100.0,250.0,83,62,INSIDE,CLEAR,False,,,True,100.0,100.0,52.32558139534885,True,150.0,0.0,150.0,0.0,0,100.0,250.0,0,100.0,250.0,ALL_CLEAR,,100.0,,77,ALL_CLEAR,,100.0,,,ALL_CLEAR/PASS
landing,landing_stage1,landing_stage1,landing_stage1,TF,9,38,0,13263.36708529766,3783.865146490063,0.0,-66.66666666666666,35.60222517407788,129.08335329980912,35.602805310216645,129.08354448094636,202.32558139534885,52.32558139534885,0,202.32558139534885,52.32558139534885,100.0,250.0,82,62,INSIDE,CLEAR,False,,,True,100.0,100.0,52.32558139534885,True,150.0,0.0,150.0,0.0,0,100.0,250.0,0,100.0,250.0,ALL_CLEAR,,100.0,,77,ALL_CLEAR,,100.0,,,ALL_CLEAR/PASS
landing,landing_stage1,landing_stage1,landing_stage1,TF,9,38,0,13263.36708529766,3783.865146490063,0.0,-33.33333333333333,35.60222517407788,129.08335329980912,35.60251524214726,129.08344889037772,202.32558139534885,52.32558139534885,0,202.32558139534885,52.32558139534885,100.0,250.0,82,62,INSIDE,CLEAR,False,,,True,100.0,100.0,52.32558139534885,True,150.0,0.0,150.0,0.0,0,100.0,250.0,0,100.0,250.0,ALL_CLEAR,,100.0,,77,ALL_CLEAR,,100.0,,,ALL_CLEAR/PASS
landing,landing_stage1,landing_stage1,landing_stage1,TF,9,38,0,13263.36708529766,3783.865146490063,0.0,33.33333333333334,35.60222517407788,129.08335329980912,35.6019351060085,129.0832577092405,202.32558139534885,52.32558139534885,0,202.32558139534885,52.32558139534885,100.0,250.0,81,62,INSIDE,CLEAR,False,,,True,100.0,100.0,52.32558139534885,True,150.0,0.0,150.0,0.0,0,100.0,250.0,0,100.0,250.0,ALL_CLEAR,,100.0,,77,ALL_CLEAR,,100.0,,,ALL_CLEAR/PASS
landing,landing_stage1,landing_stage1,landing_stage1,TF,9,38,0,13263.36708529766,3783.865146490063,0.0,66.66666666666669,35.60222517407788,129.08335329980912,35.601645037939115,129.08316211867188,202.32558139534885,52.32558139534885,0,202.32558139534885,52.32558139534885,100.0,250.0,81,62,INSIDE,CLEAR,False,,,True,100.0,100.0,52.32558139534885,True,150.0,0.0,150.0,0.0,0,100.0,250.0,0,100.0,250.0,ALL_CLEAR,,100.0,,77,ALL_CLEAR,,100.0,,,ALL_CLEAR/PASS
landing,landing_stage1,landing_stage1,landing_stage1,TF,9,38,0,13263.36708529766,3783.865146490063,0.0,100.0,35.60222517407788,129.08335329980912,35.601354969869725,129.08306652810327,202.32558139534885,52.32558139534885,0,202.32558139534885,52.32558139534885,100.0,250.0,81,62,INSIDE,CLEAR,False,,,True,100.0,100.0,52.32558139534885,True,150.0,0.0,150.0,0.0,0,100.0,250.0,0,100.0,250.0,ALL_CLEAR,,100.0,,77,ALL_CLEAR,,100.0,,,ALL_CLEAR/PASS
landing,landing_stage1,landing_stage1,landing_stage1,TF,9,38,1,13313.152156903456,3833.6502180958596,49.7850716057959,-100.0,35.60234125667009,129.08282046982822,35.60321146087824,129.08310724153407,197.093023255814,47.09302325581399,0,197.093023255814,47.09302325581399,100.0,250.0,83,62,INSIDE,CLEAR,False,,,True,100.0,100.0,47.09302325581399,True,150.0,0.0,150.0,0.0,0,100.0,250.0,0,100.0,250.0,ALL_CLEAR,,100.0,,78,ALL_CLEAR,,100.0,,,ALL_CLEAR/PASS
landing,landing_stage1,landing_stage1,landing_stage1,TF,9,38,1,13313.152156903456,3833.6502180958596,49.7850716057959,-66.66666666666666,35.60234125667009,129.08282046982822,35.60292139280886,129.08301165096546,197.093023255814,47.09302325581399,0,197.093023255814,47.09302325581399,100.0,250.0,82,62,INSIDE,CLEAR,False,,,True,100.0,100.0,47.09302325581399,True,150.0,0.0,150.0,0.0,0,100.0,250.0,0,100.0,250.0,ALL_CLEAR,,100.0,,78,ALL_CLEAR,,100.0,,,ALL_CLEAR/PASS
landing,landing_stage1,landing_stage1,landing_stage1,TF,9,38,1,13313.152156903456,3833.6502180958596,49.7850716057959,-33.33333333333333,35.60234125667009,129.08282046982822,35.60263132473948,129.08291606039683,197.093023255814,47.09302325581399,0,197.093023255814,47.09302325581399,100.0,250.0,82,61,INSIDE,CLEAR,False,,,True,100.0,100.0,47.09302325581399,True,150.0,0.0,150.0,0.0,0,100.0,250.0,0,100.0,250.0,ALL_CLEAR,,100.0,,78,ALL_CLEAR,,100.0,,,ALL_CLEAR/PASS
landing,landing_stage1,landing_stage1,landing_stage1,TF,9,38,1,13313.152156903456,3833.6502180958596,49.7850716057959,0.0,35.60234125667009,129.08282046982822,35.60234125667009,129.08282046982822,197.093023255814,47.09302325581399,0,197.093023255814,47.09302325581399,100.0,250.0,82,61,INSIDE,CLEAR,False,,,True,100.0,100.0,47.09302325581399,True,150.0,0.0,150.0,0.0,0,100.0,250.0,0,100.0,250.0,ALL_CLEAR,,100.0,,78,ALL_CLEAR,,100.0,,,ALL_CLEAR/PASS
landing,landing_stage1,landing_stage1,landing_stage1,TF,9,38,1,13313.152156903456,3833.6502180958596,49.7850716057959,33.33333333333334,35.60234125667009,129.08282046982822,35.602051188600704,129.08272487925962,197.093023255814,47.09302325581399,0,197.093023255814,47.09302325581399,100.0,250.0,81,61,INSIDE,CLEAR,False,,,True,100.0,100.0,47.09302325581399,True,150.0,0.0,150.0,0.0,0,100.0,250.0,0,100.0,250.0,ALL_CLEAR,,100.0,,78,ALL_CLEAR,,100.0,,,ALL_CLEAR/PASS
landing,landing_stage1,landing_stage1,landing_stage1,TF,9,38,1,13313.152156903456,3833.6502180958596,49.7850716057959,66.66666666666669,35.60234125667009,129.08282046982822,35.60176112053132,129.08262928869098,197.093023255814,47.09302325581399,0,197.093023255814,47.09302325581399,100.0,250.0,81,61,INSIDE,CLEAR,False,,,True,100.0,100.0,47.09302325581399,True,150.0,0.0,150.0,0.0,0,100.0,250.0,0,100.0,250.0,ALL_CLEAR,,100.0,,78,ALL_CLEAR,,100.0,,,ALL_CLEAR/PASS
landing,landing_stage1,landing_stage1,landing_stage1,TF,9,38,1,13313.152156903456,3833.6502180958596,49.7850716057959,100.0,35.60234125667009,129.08282046982822,35.60147105246194,129.08253369812238,197.093023255814,47.09302325581399,0,197.093023255814,47.09302325581399,100.0,250.0,81,61,INSIDE,CLEAR,False,,,True,100.0,100.0,47.09302325581399,True,150.0,0.0,150.0,0.0,0,100.0,250.0,0,100.0,250.0,ALL_CLEAR,,100.0,,78,ALL_CLEAR,,100.0,,,ALL_CLEAR/PASS
landing,landing_stage1,landing_stage1,landing_stage1,TF,9,38,2,13362.93722850925,3883.4352897016543,99.5701432115918,-100.0,35.6024573392623,129.08228763984732,35.603327543470456,129.08257441155317,191.8604651162791,41.8604651162791,0,191.8604651162791,41.8604651162791,100.0,250.0,83,61,INSIDE,CLEAR,False,,,True,100.0,100.0,41.8604651162791,True,150.0,0.0,150.0,0.0,0,100.0,250.0,0,100.0,250.0,ALL_CLEAR,,100.0,,79,ALL_CLEAR,,100.0,,,ALL_CLEAR/PASS
landing,landing_stage1,landing_stage1,landing_stage1,TF,9,38,2,13362.93722850925,3883.4352897016543,99.5701432115918,-66.66666666666666,35.6024573392623,129.08228763984732,35.60303747540107,129.08247882098456,191.8604651162791,41.8604651162791,0,191.8604651162791,41.8604651162791,100.0,250.0,83,61,INSIDE,CLEAR,False,,,True,100.0,100.0,41.8604651162791,True,150.0,0.0,150.0,0.0,0,100.0,250.0,0,100.0,250.0,ALL_CLEAR,,100.0,,79,ALL_CLEAR,,100.0,,,ALL_CLEAR/PASS
landing,landing_stage1,landing_stage1,landing_stage1,TF,9,38,2,13362.93722850925,3883.4352897016543,99.5701432115918,-33.33333333333333,35.6024573392623,129.08228763984732,35.602747407331684,129.08238323041593,191.8604651162791,41.8604651162791,0,191.8604651162791,41.8604651162791,100.0,250.0,82,61,INSIDE,CLEAR,False,,,True,100.0,100.0,41.8604651162791,True,150.0,0.0,150.0,0.0,0,100.0,250.0,0,100.0,250.0,ALL_CLEAR,,100.0,,79,ALL_CLEAR,,100.0,,,ALL_CLEAR/PASS
landing,landing_stage1,landing_stage1,landing_stage1,TF,9,38,2,13362.93722850925,3883.4352897016543,99.5701432115918,0.0,35.6024573392623,129.08228763984732,35.6024573392623,129.08228763984732,191.8604651162791,41.8604651162791,0,191.8604651162791,41.8604651162791,100.0,250.0,82,61,INSIDE,CLEAR,False,,,True,100.0,100.0,41.8604651162791,True,150.0,0.0,150.0,0.0,0,100.0,250.0,0,100.0,250.0,ALL_CLEAR,,100.0,,79,ALL_CLEAR,,100.0,,,ALL_CLEAR/PASS
landing,landing_stage1,landing_stage1,landing_stage1,TF,9,38,2,13362.93722850925,3883.4352897016543,99.5701432115918,33.33333333333334,35.6024573392623,129.08228763984732,35.60216727119292,129.08219204927872,191.8604651162791,41.8604651162791,0,191.8604651162791,41.8604651162791,100.0,250.0,82,61,INSIDE,CLEAR,False,,,True,100.0,100.0,41.8604651162791,True,150.0,0.0,150.0,0.0,0,100.0,250.0,0,100.0,250.0,ALL_CLEAR,,100.0,,79,ALL_CLEAR,,100.0,,,ALL_CLEAR/PASS
landing,landing_stage1,landing_stage1,landing_stage1,TF,9,38,2,13362.93722850925,3883.4352897016543,99.5701432115918,66.66666666666669,35.6024573392623,129.08228763984732,35.601877203123536,129.08209645871008,191.8604651162791,41.8604651162791,0,191.8604651162791,41.8604651162791,100.0,250.0,81,61,INSIDE,CLEAR,False,,,True,100.0,100.0,41.8604651162791,True,150.0,0.0,150.0,0.0,0,100.0,250.0,0,100.0,250.0,ALL_CLEAR,,100.0,,79,ALL_CLEAR,,100.0,,,ALL_CLEAR/PASS
landing,landing_stage1,landing_stage1,landing_stage1,TF,9,38,2,13362.93722850925,3883.4352897016543,99.5701432115918,100.0,35.6024573392623,129.08228763984732,35.601587135054146,129.08200086814148,191.8604651162791,41.8604651162791,0,191.8604651162791,41.8604651162791,100.0,250.0,81,61,INSIDE,CLEAR,False,,,True,100.0,100.0,41.8604651162791,True,150.0,0.0,150.0,0.0,0,100.0,250.0,0,100.0,250.0,ALL_CLEAR,,100.0,,79,ALL_CLEAR,,100.0,,,ALL_CLEAR/PASS
landing,landing_stage1,landing_stage1,landing_stage1,TF,9,39,0,13362.93722850925,3883.4352897016543,0.0,-100.0,35.6024573392623,129.08228763984732,35.60332754330134,129.08257441316144,191.8604651162791,41.8604651162791,0,191.8604651162791,41.8604651162791,100.0,250.0,83,61,INSIDE,CLEAR,False,,,True,100.0,100.0,41.8604651162791,True,150.0,0.0,150.0,0.0,0,100.0,250.0,0,100.0,250.0,ALL_CLEAR,,100.0,,79,ALL_CLEAR,,100.0,,,ALL_CLEAR/PASS
landing,landing_stage1,landing_stage1,landing_stage1,TF,9,39,0,13362.93722850925,3883.4352897016543,0.0,-66.66666666666666,35.6024573392623,129.08228763984732,35.603037475288325,129.08247882205674,191.8604651162791,41.8604651162791,0,191.8604651162791,41.8604651162791,100.0,250.0,83,61,INSIDE,CLEAR,False,,,True,100.0,100.0,41.8604651162791,True,150.0,0.0,150.0,0.0,0,100.0,250.0,0,100.0,250.0,ALL_CLEAR,,100.0,,79,ALL_CLEAR,,100.0,,,ALL_CLEAR/PASS
landing,landing_stage1,landing_stage1,landing_stage1,TF,9,39,0,13362.93722850925,3883.4352897016543,0.0,-33.33333333333333,35.6024573392623,129.08228763984732,35.60274740727532,129.08238323095202,191.8604651162791,41.8604651162791,0,191.8604651162791,41.8604651162791,100.0,250.0,82,61,INSIDE,CLEAR,False,,,True,100.0,100.0,41.8604651162791,True,150.0,0.0,150.0,0.0,0,100.0,250.0,0,100.0,250.0,ALL_CLEAR,,100.0,,79,ALL_CLEAR,,100.0,,,ALL_CLEAR/PASS
landing,landing_stage1,landing_stage1,landing_stage1,TF,9,39,0,13362.93722850925,3883.4352897016543,0.0,33.33333333333334,35.6024573392623,129.08228763984732,35.602167271249286,129.08219204874263,191.8604651162791,41.8604651162791,0,191.8604651162791,41.8604651162791,100.0,250.0,82,61,INSIDE,CLEAR,False,,,True,100.0,100.0,41.8604651162791,True,150.0,0.0,150.0,0.0,0,100.0,250.0,0,100.0,250.0,ALL_CLEAR,,100.0,,79,ALL_CLEAR,,100.0,,,ALL_CLEAR/PASS
landing,landing_stage1,landing_stage1,landing_stage1,TF,9,39,0,13362.93722850925,3883.4352897016543,0.0,66.66666666666669,35.6024573392623,129.08228763984732,35.60187720323628,129.0820964576379,191.8604651162791,41.8604651162791,0,191.8604651162791,41.8604651162791,100.0,250.0,81,61,INSIDE,CLEAR,False,,,True,100.0,100.0,41.8604651162791,True,150.0,0.0,150.0,0.0,0,100.0,250.0,0,100.0,250.0,ALL_CLEAR,,100.0,,79,ALL_CLEAR,,100.0,,,ALL_CLEAR/PASS
landing,landing_stage1,landing_stage1,landing_stage1,TF,9,39,0,13362.93722850925,3883.4352897016543,0.0,100.0,35.6024573392623,129.08228763984732,35.60158713522326,129.0820008665332,191.8604651162791,41.8604651162791,0,191.8604651162791,41.8604651162791,100.0,250.0,81,61,INSIDE,CLEAR,False,,,True,100.0,100.0,41.8604651162791,True,150.0,0.0,150.0,0.0,0,100.0,250.0,0,100.0,250.0,ALL_CLEAR,,100.0,,79,ALL_CLEAR,,100.0,,,ALL_CLEAR/PASS
landing,landing_stage1,landing_stage1,landing_stage1,TF,9,39,1,13412.722165354537,3933.2202265469405,49.78493684528542,-100.0,35.602573421854515,129.0817548098664,35.603443625893554,129.0820415831805,186.6279069767442,36.627906976744214,0,186.6279069767442,36.627906976744214,100.0,250.0,83,61,INSIDE,CLEAR,False,,,True,100.0,100.0,36.627906976744214,True,150.0,0.0,150.0,0.0,0,100.0,250.0,0,100.0,250.0,ALL_CLEAR,,100.0,,80,ALL_CLEAR,,100.0,,,ALL_CLEAR/PASS
landing,landing_stage1,landing_stage1,landing_stage1,TF,9,39,1,13412.722165354537,3933.2202265469405,49.78493684528542,-66.66666666666666,35.602573421854515,129.0817548098664,35.60315355788054,129.08194599207582,186.6279069767442,36.627906976744214,0,186.6279069767442,36.627906976744214,100.0,250.0,83,61,INSIDE,CLEAR,False,,,True,100.0,100.0,36.627906976744214,True,150.0,0.0,150.0,0.0,0,100.0,250.0,0,100.0,250.0,ALL_CLEAR,,100.0,,80,ALL_CLEAR,,100.0,,,ALL_CLEAR/PASS
landing,landing_stage1,landing_stage1,landing_stage1,TF,9,39,1,13412.722165354537,3933.2202265469405,49.78493684528542,-33.33333333333333,35.602573421854515,129.0817548098664,35.60286348986753,129.0818504009711,186.6279069767442,36.627906976744214,0,186.6279069767442,36.627906976744214,100.0,250.0,82,60,INSIDE,CLEAR,False,,,True,100.0,100.0,36.627906976744214,True,150.0,0.0,150.0,0.0,0,100.0,250.0,0,100.0,250.0,ALL_CLEAR,,100.0,,80,ALL_CLEAR,,100.0,,,ALL_CLEAR/PASS
landing,landing_stage1,landing_stage1,landing_stage1,TF,9,39,1,13412.722165354537,3933.2202265469405,49.78493684528542,0.0,35.602573421854515,129.0817548098664,35.602573421854515,129.0817548098664,186.6279069767442,36.627906976744214,0,186.6279069767442,36.627906976744214,100.0,250.0,82,60,INSIDE,CLEAR,False,,,True,100.0,100.0,36.627906976744214,True,150.0,0.0,150.0,0.0,0,100.0,250.0,0,100.0,250.0,ALL_CLEAR,,100.0,,80,ALL_CLEAR,,100.0,,,ALL_CLEAR/PASS
landing,landing_stage1,landing_stage1,landing_stage1,TF,9,39,1,13412.722165354537,3933.2202265469405,49.78493684528542,33.33333333333334,35.602573421854515,129.0817548098664,35.6022833538415,129.0816592187617,186.6279069767442,36.627906976744214,0,186.6279069767442,36.627906976744214,100.0,250.0,82,60,INSIDE,CLEAR,False,,,True,100.0,100.0,36.627906976744214,True,150.0,0.0,150.0,0.0,0,100.0,250.0,0,100.0,250.0,ALL_CLEAR,,100.0,,80,ALL_CLEAR,,100.0,,,ALL_CLEAR/PASS
landing,landing_stage1,landing_stage1,landing_stage1,TF,9,39,1,13412.722165354537,3933.2202265469405,49.78493684528542,66.66666666666669,35.602573421854515,129.0817548098664,35.60199328582849,129.08156362765698,186.6279069767442,36.627906976744214,0,186.6279069767442,36.627906976744214,100.0,250.0,81,60,INSIDE,CLEAR,False,,,True,100.0,100.0,36.627906976744214,True,150.0,0.0,150.0,0.0,0,100.0,250.0,0,100.0,250.0,ALL_CLEAR,,100.0,,80,ALL_CLEAR,,100.0,,,ALL_CLEAR/PASS
landing,landing_stage1,landing_stage1,landing_stage1,TF,9,39,1,13412.722165354537,3933.2202265469405,49.78493684528542,100.0,35.602573421854515,129.0817548098664,35.601703217815476,129.08146803655228,186.6279069767442,36.627906976744214,0,186.6279069767442,36.627906976744214,100.0,250.0,81,60,INSIDE,CLEAR,False,,,True,100.0,100.0,36.627906976744214,True,150.0,0.0,150.0,0.0,0,100.0,250.0,0,100.0,250.0,ALL_CLEAR,,100.0,,80,ALL_CLEAR,,100.0,,,ALL_CLEAR/PASS
landing,landing_stage1,landing_stage1,landing_stage1,TF,9,39,2,13462.507102199821,3983.005163392225,99.56987369057084,-100.0,35.60268950444673,129.08122197988547,35.60355970848577,129.08150875319959,181.3953488372093,31.395348837209298,0,181.3953488372093,31.395348837209298,100.0,250.0,83,60,INSIDE,CLEAR,False,,,True,100.0,100.0,31.395348837209298,True,150.0,0.0,150.0,0.0,0,100.0,250.0,0,100.0,250.0,ALL_CLEAR,,100.0,,81,ALL_CLEAR,,100.0,,,ALL_CLEAR/PASS
landing,landing_stage1,landing_stage1,landing_stage1,TF,9,39,2,13462.507102199821,3983.005163392225,99.56987369057084,-66.66666666666666,35.60268950444673,129.08122197988547,35.60326964047275,129.0814131620949,181.3953488372093,31.395348837209298,0,181.3953488372093,31.395348837209298,100.0,250.0,83,60,INSIDE,CLEAR,False,,,True,100.0,100.0,31.395348837209298,True,150.0,0.0,150.0,0.0,0,100.0,250.0,0,100.0,250.0,ALL_CLEAR,,100.0,,81,ALL_CLEAR,,100.0,,,ALL_CLEAR/PASS
landing,landing_stage1,landing_stage1,landing_stage1,TF,9,39,2,13462.507102199821,3983.005163392225,99.56987369057084,-33.33333333333333,35.60268950444673,129.08122197988547,35.602979572459745,129.08131757099017,181.3953488372093,31.395348837209298,0,181.3953488372093,31.395348837209298,100.0,250.0,83,60,INSIDE,CLEAR,False,,,True,100.0,100.0,31.395348837209298,True,150.0,0.0,150.0,0.0,0,100.0,250.0,0,100.0,250.0,ALL_CLEAR,,100.0,,81,ALL_CLEAR,,100.0,,,ALL_CLEAR/PASS
landing,landing_stage1,landing_stage1,landing_stage1,TF,9,39,2,13462.507102199821,3983.005163392225,99.56987369057084,0.0,35.60268950444673,129.08122197988547,35.60268950444673,129.08122197988547,181.3953488372093,31.395348837209298,0,181.3953488372093,31.395348837209298,100.0,250.0,82,60,INSIDE,CLEAR,False,,,True,100.0,100.0,31.395348837209298,True,150.0,0.0,150.0,0.0,0,100.0,250.0,0,100.0,250.0,ALL_CLEAR,,100.0,,81,ALL_CLEAR,,100.0,,,ALL_CLEAR/PASS
landing,landing_stage1,landing_stage1,landing_stage1,TF,9,39,2,13462.507102199821,3983.005163392225,99.56987369057084,33.33333333333334,35.60268950444673,129.08122197988547,35.602399436433714,129.08112638878077,181.3953488372093,31.395348837209298,0,181.3953488372093,31.395348837209298,100.0,250.0,82,60,INSIDE,CLEAR,False,,,True,100.0,100.0,31.395348837209298,True,150.0,0.0,150.0,0.0,0,100.0,250.0,0,100.0,250.0,ALL_CLEAR,,100.0,,81,ALL_CLEAR,,100.0,,,ALL_CLEAR/PASS
landing,landing_stage1,landing_stage1,landing_stage1,TF,9,39,2,13462.507102199821,3983.005163392225,99.56987369057084,66.66666666666669,35.60268950444673,129.08122197988547,35.602109368420706,129.08103079767605,181.3953488372093,31.395348837209298,0,181.3953488372093,31.395348837209298,100.0,250.0,81,60,INSIDE,CLEAR,False,,,True,100.0,100.0,31.395348837209298,True,150.0,0.0,150.0,0.0,0,100.0,250.0,0,100.0,250.0,ALL_CLEAR,,100.0,,81,ALL_CLEAR,,100.0,,,ALL_CLEAR/PASS
landing,landing_stage1,landing_stage1,landing_stage1,TF,9,39,2,13462.507102199821,3983.005163392225,99.56987369057084,100.0,35.60268950444673,129.08122197988547,35.60181930040769,129.08093520657135,181.3953488372093,31.395348837209298,0,181.3953488372093,31.395348837209298,100.0,250.0,81,60,INSIDE,CLEAR,False,,,True,100.0,100.0,31.395348837209298,True,150.0,0.0,150.0,0.0,0,100.0,250.0,0,100.0,250.0,ALL_CLEAR,,100.0,,81,ALL_CLEAR,,100.0,,,ALL_CLEAR/PASS
landing,landing_stage1,landing_stage1,landing_stage1,TF,9,40,0,13462.507102199821,3983.005163392225,0.0,-100.0,35.60268950444673,129.08122197988547,35.603559708316645,129.08150875480786,181.3953488372093,31.395348837209298,0,181.3953488372093,31.395348837209298,100.0,250.0,83,60,INSIDE,CLEAR,False,,,True,100.0,100.0,31.395348837209298,True,150.0,0.0,150.0,0.0,0,100.0,250.0,0,100.0,250.0,ALL_CLEAR,,100.0,,81,ALL_CLEAR,,100.0,,,ALL_CLEAR/PASS
landing,landing_stage1,landing_stage1,landing_stage1,TF,9,40,0,13462.507102199821,3983.005163392225,0.0,-66.66666666666666,35.60268950444673,129.08122197988547,35.60326964036001,129.08141316316707,181.3953488372093,31.395348837209298,0,181.3953488372093,31.395348837209298,100.0,250.0,83,60,INSIDE,CLEAR,False,,,True,100.0,100.0,31.395348837209298,True,150.0,0.0,150.0,0.0,0,100.0,250.0,0,100.0,250.0,ALL_CLEAR,,100.0,,81,ALL_CLEAR,,100.0,,,ALL_CLEAR/PASS
landing,landing_stage1,landing_stage1,landing_stage1,TF,9,40,0,13462.507102199821,3983.005163392225,0.0,-33.33333333333333,35.60268950444673,129.08122197988547,35.60297957240337,129.08131757152626,181.3953488372093,31.395348837209298,0,181.3953488372093,31.395348837209298,100.0,250.0,83,60,INSIDE,CLEAR,False,,,True,100.0,100.0,31.395348837209298,True,150.0,0.0,150.0,0.0,0,100.0,250.0,0,100.0,250.0,ALL_CLEAR,,100.0,,81,ALL_CLEAR,,100.0,,,ALL_CLEAR/PASS
landing,landing_stage1,landing_stage1,landing_stage1,TF,9,40,0,13462.507102199821,3983.005163392225,0.0,33.33333333333334,35.60268950444673,129.08122197988547,35.60239943649009,129.08112638824468,181.3953488372093,31.395348837209298,0,181.3953488372093,31.395348837209298,100.0,250.0,82,60,INSIDE,CLEAR,False,,,True,100.0,100.0,31.395348837209298,True,150.0,0.0,150.0,0.0,0,100.0,250.0,0,100.0,250.0,ALL_CLEAR,,100.0,,81,ALL_CLEAR,,100.0,,,ALL_CLEAR/PASS
landing,landing_stage1,landing_stage1,landing_stage1,TF,9,40,0,13462.507102199821,3983.005163392225,0.0,66.66666666666669,35.60268950444673,129.08122197988547,35.60210936853345,129.08103079660387,181.3953488372093,31.395348837209298,0,181.3953488372093,31.395348837209298,100.0,250.0,81,60,INSIDE,CLEAR,False,,,True,100.0,100.0,31.395348837209298,True,150.0,0.0,150.0,0.0,0,100.0,250.0,0,100.0,250.0,ALL_CLEAR,,100.0,,81,ALL_CLEAR,,100.0,,,ALL_CLEAR/PASS
landing,landing_stage1,landing_stage1,landing_stage1,TF,9,40,0,13462.507102199821,3983.005163392225,0.0,100.0,35.60268950444673,129.08122197988547,35.601819300576814,129.08093520496308,181.3953488372093,31.395348837209298,0,181.3953488372093,31.395348837209298,100.0,250.0,81,60,INSIDE,CLEAR,False,,,True,100.0,100.0,31.395348837209298,True,150.0,0.0,150.0,0.0,0,100.0,250.0,0,100.0,250.0,ALL_CLEAR,,100.0,,81,ALL_CLEAR,,100.0,,,ALL_CLEAR/PASS
landing,landing_stage1,landing_stage1,landing_stage1,TF,9,40,1,13512.291904279939,4032.7899654723424,49.78480208011778,-100.0,35.602805587038944,129.08068914990457,35.60367579090886,129.08097592482696,176.1627906976744,26.16279069767441,0,176.1627906976744,26.16279069767441,100.0,250.0,83,60,INSIDE,CLEAR,False,,,True,100.0,100.0,26.16279069767441,True,150.0,0.0,150.0,0.0,0,100.0,250.0,0,100.0,250.0,ALL_CLEAR,,100.0,,82,ALL_CLEAR,,100.0,,,ALL_CLEAR/PASS
landing,landing_stage1,landing_stage1,landing_stage1,TF,9,40,1,13512.291904279939,4032.7899654723424,49.78480208011778,-66.66666666666666,35.602805587038944,129.08068914990457,35.60338572295222,129.08088033318614,176.1627906976744,26.16279069767441,0,176.1627906976744,26.16279069767441,100.0,250.0,83,59,INSIDE,CLEAR,False,,,True,100.0,100.0,26.16279069767441,True,150.0,0.0,150.0,0.0,0,100.0,250.0,0,100.0,250.0,ALL_CLEAR,,100.0,,82,ALL_CLEAR,,100.0,,,ALL_CLEAR/PASS
landing,landing_stage1,landing_stage1,landing_stage1,TF,9,40,1,13512.291904279939,4032.7899654723424,49.78480208011778,-33.33333333333333,35.602805587038944,129.08068914990457,35.60309565499558,129.08078474154536,176.1627906976744,26.16279069767441,0,176.1627906976744,26.16279069767441,100.0,250.0,83,59,INSIDE,CLEAR,False,,,True,100.0,100.0,26.16279069767441,True,150.0,0.0,150.0,0.0,0,100.0,250.0,0,100.0,250.0,ALL_CLEAR,,100.0,,82,ALL_CLEAR,,100.0,,,ALL_CLEAR/PASS
landing,landing_stage1,landing_stage1,landing_stage1,TF,9,40,1,13512.291904279939,4032.7899654723424,49.78480208011778,0.0,35.602805587038944,129.08068914990457,35.602805587038944,129.08068914990457,176.1627906976744,26.16279069767441,0,176.1627906976744,26.16279069767441,100.0,250.0,82,59,INSIDE,CLEAR,False,,,True,100.0,100.0,26.16279069767441,True,150.0,0.0,150.0,0.0,0,100.0,250.0,0,100.0,250.0,ALL_CLEAR,,100.0,,82,ALL_CLEAR,,100.0,,,ALL_CLEAR/PASS
landing,landing_stage1,landing_stage1,landing_stage1,TF,9,40,1,13512.291904279939,4032.7899654723424,49.78480208011778,33.33333333333334,35.602805587038944,129.08068914990457,35.6025155190823,129.08059355826376,176.1627906976744,26.16279069767441,0,176.1627906976744,26.16279069767441,100.0,250.0,82,59,INSIDE,CLEAR,False,,,True,100.0,100.0,26.16279069767441,True,150.0,0.0,150.0,0.0,0,100.0,250.0,0,100.0,250.0,ALL_CLEAR,,100.0,,82,ALL_CLEAR,,100.0,,,ALL_CLEAR/PASS
landing,landing_stage1,landing_stage1,landing_stage1,TF,9,40,1,13512.291904279939,4032.7899654723424,49.78480208011778,66.66666666666669,35.602805587038944,129.08068914990457,35.60222545112566,129.08049796662297,176.1627906976744,26.16279069767441,0,176.1627906976744,26.16279069767441,100.0,250.0,82,59,INSIDE,CLEAR,False,,,True,100.0,100.0,26.16279069767441,True,150.0,0.0,150.0,0.0,0,100.0,250.0,0,100.0,250.0,ALL_CLEAR,,100.0,,82,ALL_CLEAR,,100.0,,,ALL_CLEAR/PASS
landing,landing_stage1,landing_stage1,landing_stage1,TF,9,40,1,13512.291904279939,4032.7899654723424,49.78480208011778,100.0,35.602805587038944,129.08068914990457,35.60193538316902,129.08040237498216,176.1627906976744,26.16279069767441,0,176.1627906976744,26.16279069767441,100.0,250.0,81,59,INSIDE,CLEAR,False,,,True,100.0,100.0,26.16279069767441,True,150.0,0.0,150.0,0.0,0,100.0,250.0,0,100.0,250.0,ALL_CLEAR,,100.0,,82,ALL_CLEAR,,100.0,,,ALL_CLEAR/PASS
landing,landing_stage1,landing_stage1,landing_stage1,TF,9,40,2,13562.076706360056,4082.57476755246,99.56960416023556,-100.0,35.60292166963115,129.08015631992365,35.603791873501066,129.08044309484603,170.93023255813952,20.930232558139522,0,170.93023255813952,20.930232558139522,100.0,250.0,83,59,INSIDE,CLEAR,False,,,True,100.0,100.0,20.930232558139522,True,150.0,0.0,150.0,0.0,0,100.0,250.0,0,100.0,250.0,ALL_CLEAR,,100.0,,83,ALL_CLEAR,,100.0,,,ALL_CLEAR/PASS
landing,landing_stage1,landing_stage1,landing_stage1,TF,9,40,2,13562.076706360056,4082.57476755246,99.56960416023556,-66.66666666666666,35.60292166963115,129.08015631992365,35.60350180554443,129.08034750320525,170.93023255813952,20.930232558139522,0,170.93023255813952,20.930232558139522,100.0,250.0,83,59,INSIDE,CLEAR,False,,,True,100.0,100.0,20.930232558139522,True,150.0,0.0,150.0,0.0,0,100.0,250.0,0,100.0,250.0,ALL_CLEAR,,100.0,,83,ALL_CLEAR,,100.0,,,ALL_CLEAR/PASS
landing,landing_stage1,landing_stage1,landing_stage1,TF,9,40,2,13562.076706360056,4082.57476755246,99.56960416023556,-33.33333333333333,35.60292166963115,129.08015631992365,35.60321173758779,129.08025191156443,170.93023255813952,20.930232558139522,0,170.93023255813952,20.930232558139522,100.0,250.0,83,59,INSIDE,CLEAR,False,,,True,100.0,100.0,20.930232558139522,True,150.0,0.0,150.0,0.0,0,100.0,250.0,0,100.0,250.0,ALL_CLEAR,,100.0,,83,ALL_CLEAR,,100.0,,,ALL_CLEAR/PASS
landing,landing_stage1,landing_stage1,landing_stage1,TF,9,40,2,13562.076706360056,4082.57476755246,99.56960416023556,0.0,35.60292166963115,129.08015631992365,35.60292166963115,129.08015631992365,170.93023255813952,20.930232558139522,0,170.93023255813952,20.930232558139522,100.0,250.0,82,59,INSIDE,CLEAR,False,,,True,100.0,100.0,20.930232558139522,True,150.0,0.0,150.0,0.0,0,100.0,250.0,0,100.0,250.0,ALL_CLEAR,,100.0,,83,ALL_CLEAR,,100.0,,,ALL_CLEAR/PASS
landing,landing_stage1,landing_stage1,landing_stage1,TF,9,40,2,13562.076706360056,4082.57476755246,99.56960416023556,33.33333333333334,35.60292166963115,129.08015631992365,35.60263160167451,129.08006072828286,170.93023255813952,20.930232558139522,0,170.93023255813952,20.930232558139522,100.0,250.0,82,59,INSIDE,CLEAR,False,,,True,100.0,100.0,20.930232558139522,True,150.0,0.0,150.0,0.0,0,100.0,250.0,0,100.0,250.0,ALL_CLEAR,,100.0,,83,ALL_CLEAR,,100.0,,,ALL_CLEAR/PASS
landing,landing_stage1,landing_stage1,landing_stage1,TF,9,40,2,13562.076706360056,4082.57476755246,99.56960416023556,66.66666666666669,35.60292166963115,129.08015631992365,35.60234153371787,129.07996513664204,170.93023255813952,20.930232558139522,0,170.93023255813952,20.930232558139522,100.0,250.0,82,59,INSIDE,CLEAR,False,,,True,100.0,100.0,20.930232558139522,True,150.0,0.0,150.0,0.0,0,100.0,250.0,0,100.0,250.0,ALL_CLEAR,,100.0,,83,ALL_CLEAR,,100.0,,,ALL_CLEAR/PASS
landing,landing_stage1,landing_stage1,landing_stage1,TF,9,40,2,13562.076706360056,4082.57476755246,99.56960416023556,100.0,35.60292166963115,129.08015631992365,35.602051465761235,129.07986954500126,170.93023255813952,20.930232558139522,0,170.93023255813952,20.930232558139522,100.0,250.0,81,58,INSIDE,CLEAR,False,,,True,100.0,100.0,20.930232558139522,True,150.0,0.0,150.0,0.0,0,100.0,250.0,0,100.0,250.0,ALL_CLEAR,,100.0,,83,ALL_CLEAR,,100.0,,,ALL_CLEAR/PASS
landing,landing_stage1,landing_stage1,landing_stage1,TF,9,41,0,13562.076706360056,4082.57476755246,0.0,-100.0,35.60292166963115,129.08015631992365,35.60379187333194,129.08044309645436,170.93023255813952,20.930232558139522,0,170.93023255813952,20.930232558139522,100.0,250.0,83,59,INSIDE,CLEAR,False,,,True,100.0,100.0,20.930232558139522,True,150.0,0.0,150.0,0.0,0,100.0,250.0,0,100.0,250.0,ALL_CLEAR,,100.0,,83,ALL_CLEAR,,100.0,,,ALL_CLEAR/PASS
landing,landing_stage1,landing_stage1,landing_stage1,TF,9,41,0,13562.076706360056,4082.57476755246,0.0,-66.66666666666666,35.60292166963115,129.08015631992365,35.603501805431684,129.08034750427746,170.93023255813952,20.930232558139522,0,170.93023255813952,20.930232558139522,100.0,250.0,83,59,INSIDE,CLEAR,False,,,True,100.0,100.0,20.930232558139522,True,150.0,0.0,150.0,0.0,0,100.0,250.0,0,100.0,250.0,ALL_CLEAR,,100.0,,83,ALL_CLEAR,,100.0,,,ALL_CLEAR/PASS
landing,landing_stage1,landing_stage1,landing_stage1,TF,9,41,0,13562.076706360056,4082.57476755246,0.0,-33.33333333333333,35.60292166963115,129.08015631992365,35.60321173753142,129.08025191210055,170.93023255813952,20.930232558139522,0,170.93023255813952,20.930232558139522,100.0,250.0,83,59,INSIDE,CLEAR,False,,,True,100.0,100.0,20.930232558139522,True,150.0,0.0,150.0,0.0,0,100.0,250.0,0,100.0,250.0,ALL_CLEAR,,100.0,,83,ALL_CLEAR,,100.0,,,ALL_CLEAR/PASS
landing,landing_stage1,landing_stage1,landing_stage1,TF,9,41,0,13562.076706360056,4082.57476755246,0.0,33.33333333333334,35.60292166963115,129.08015631992365,35.602631601730884,129.08006072774674,170.93023255813952,20.930232558139522,0,170.93023255813952,20.930232558139522,100.0,250.0,82,59,INSIDE,CLEAR,False,,,True,100.0,100.0,20.930232558139522,True,150.0,0.0,150.0,0.0,0,100.0,250.0,0,100.0,250.0,ALL_CLEAR,,100.0,,83,ALL_CLEAR,,100.0,,,ALL_CLEAR/PASS
landing,landing_stage1,landing_stage1,landing_stage1,TF,9,41,0,13562.076706360056,4082.57476755246,0.0,66.66666666666669,35.60292166963115,129.08015631992365,35.60234153383062,129.07996513556984,170.93023255813952,20.930232558139522,0,170.93023255813952,20.930232558139522,100.0,250.0,82,59,INSIDE,CLEAR,False,,,True,100.0,100.0,20.930232558139522,True,150.0,0.0,150.0,0.0,0,100.0,250.0,0,100.0,250.0,ALL_CLEAR,,100.0,,83,ALL_CLEAR,,100.0,,,ALL_CLEAR/PASS
landing,landing_stage1,landing_stage1,landing_stage1,TF,9,41,0,13562.076706360056,4082.57476755246,0.0,100.0,35.60292166963115,129.08015631992365,35.60205146593036,129.07986954339293,170.93023255813952,20.930232558139522,0,170.93023255813952,20.930232558139522,100.0,250.0,81,58,INSIDE,CLEAR,False,,,True,100.0,100.0,20.930232558139522,True,150.0,0.0,150.0,0.0,0,100.0,250.0,0,100.0,250.0,ALL_CLEAR,,100.0,,83,ALL_CLEAR,,100.0,,,ALL_CLEAR/PASS
landing,landing_stage1,landing_stage1,landing_stage1,TF,9,41,1,13611.86137367561,4132.359434868014,49.78466731555459,-100.0,35.60303775222336,129.07962348994272,35.60390795592416,129.07991026647343,165.69767441860466,15.697674418604663,0,165.69767441860466,15.697674418604663,100.0,250.0,84,59,INSIDE,CLEAR,False,,,True,100.0,100.0,15.697674418604663,True,150.0,0.0,150.0,0.0,0,100.0,250.0,0,100.0,250.0,ALL_CLEAR,,100.0,,84,ALL_CLEAR,,100.0,,,ALL_CLEAR/PASS
landing,landing_stage1,landing_stage1,landing_stage1,TF,9,41,1,13611.86137367561,4132.359434868014,49.78466731555459,-66.66666666666666,35.60303775222336,129.07962348994272,35.60361788802389,129.07981467429653,165.69767441860466,15.697674418604663,0,165.69767441860466,15.697674418604663,100.0,250.0,83,58,INSIDE,CLEAR,False,,,True,100.0,100.0,15.697674418604663,True,150.0,0.0,150.0,0.0,0,100.0,250.0,0,100.0,250.0,ALL_CLEAR,,100.0,,84,ALL_CLEAR,,100.0,,,ALL_CLEAR/PASS
landing,landing_stage1,landing_stage1,landing_stage1,TF,9,41,1,13611.86137367561,4132.359434868014,49.78466731555459,-33.33333333333333,35.60303775222336,129.07962348994272,35.603327820123624,129.07971908211962,165.69767441860466,15.697674418604663,0,165.69767441860466,15.697674418604663,100.0,250.0,83,58,INSIDE,CLEAR,False,,,True,100.0,100.0,15.697674418604663,True,150.0,0.0,150.0,0.0,0,100.0,250.0,0,100.0,250.0,ALL_CLEAR,,100.0,,84,ALL_CLEAR,,100.0,,,ALL_CLEAR/PASS
landing,landing_stage1,landing_stage1,landing_stage1,TF,9,41,1,13611.86137367561,4132.359434868014,49.78466731555459,0.0,35.60303775222336,129.07962348994272,35.603037752223365,129.07962348994272,165.69767441860466,15.697674418604663,0,165.69767441860466,15.697674418604663,100.0,250.0,83,58,INSIDE,CLEAR,False,,,True,100.0,100.0,15.697674418604663,True,150.0,0.0,150.0,0.0,0,100.0,250.0,0,100.0,250.0,ALL_CLEAR,,100.0,,84,ALL_CLEAR,,100.0,,,ALL_CLEAR/PASS
landing,landing_stage1,landing_stage1,landing_stage1,TF,9,41,1,13611.86137367561,4132.359434868014,49.78466731555459,33.33333333333334,35.60303775222336,129.07962348994272,35.6027476843231,129.07952789776584,165.69767441860466,15.697674418604663,0,165.69767441860466,15.697674418604663,100.0,250.0,82,58,INSIDE,CLEAR,False,,,True,100.0,100.0,15.697674418604663,True,150.0,0.0,150.0,0.0,0,100.0,250.0,0,100.0,250.0,ALL_CLEAR,,100.0,,84,ALL_CLEAR,,100.0,,,ALL_CLEAR/PASS
landing,landing_stage1,landing_stage1,landing_stage1,TF,9,41,1,13611.86137367561,4132.359434868014,49.78466731555459,66.66666666666669,35.60303775222336,129.07962348994272,35.60245761642283,129.07943230558894,165.69767441860466,15.697674418604663,0,165.69767441860466,15.697674418604663,100.0,250.0,82,58,INSIDE,CLEAR,False,,,True,100.0,100.0,15.697674418604663,True,150.0,0.0,150.0,0.0,0,100.0,250.0,0,100.0,250.0,ALL_CLEAR,,100.0,,84,ALL_CLEAR,,100.0,,,ALL_CLEAR/PASS
landing,landing_stage1,landing_stage1,landing_stage1,TF,9,41,1,13611.86137367561,4132.359434868014,49.78466731555459,100.0,35.60303775222336,129.07962348994272,35.602167548522566,129.07933671341203,165.69767441860466,15.697674418604663,0,165.69767441860466,15.697674418604663,100.0,250.0,82,58,INSIDE,CLEAR,False,,,True,100.0,100.0,15.697674418604663,True,150.0,0.0,150.0,0.0,0,100.0,250.0,0,100.0,250.0,ALL_CLEAR,,100.0,,84,ALL_CLEAR,,100.0,,,ALL_CLEAR/PASS
landing,landing_stage1,landing_stage1,landing_stage1,TF,9,41,2,13661.646040991165,4182.144102183569,99.56933463110919,-100.0,35.60315383481557,129.07909065996182,35.604024038516364,129.07937743649254,160.46511627906978,10.465116279069775,0,160.46511627906978,10.465116279069775,100.0,250.0,84,58,INSIDE,CLEAR,False,,,True,100.0,100.0,10.465116279069775,True,150.0,0.0,150.0,0.0,0,100.0,250.0,0,100.0,250.0,ALL_CLEAR,,100.0,,85,ALL_CLEAR,,100.0,,,ALL_CLEAR/PASS
landing,landing_stage1,landing_stage1,landing_stage1,TF,9,41,2,13661.646040991165,4182.144102183569,99.56933463110919,-66.66666666666666,35.60315383481557,129.07909065996182,35.603733970616105,129.07928184431563,160.46511627906978,10.465116279069775,0,160.46511627906978,10.465116279069775,100.0,250.0,83,58,INSIDE,CLEAR,False,,,True,100.0,100.0,10.465116279069775,True,150.0,0.0,150.0,0.0,0,100.0,250.0,0,100.0,250.0,ALL_CLEAR,,100.0,,85,ALL_CLEAR,,100.0,,,ALL_CLEAR/PASS
landing,landing_stage1,landing_stage1,landing_stage1,TF,9,41,2,13661.646040991165,4182.144102183569,99.56933463110919,-33.33333333333333,35.60315383481557,129.07909065996182,35.60344390271584,129.07918625213873,160.46511627906978,10.465116279069775,0,160.46511627906978,10.465116279069775,100.0,250.0,83,58,INSIDE,CLEAR,False,,,True,100.0,100.0,10.465116279069775,True,150.0,0.0,150.0,0.0,0,100.0,250.0,0,100.0,250.0,ALL_CLEAR,,100.0,,85,ALL_CLEAR,,100.0,,,ALL_CLEAR/PASS
landing,landing_stage1,landing_stage1,landing_stage1,TF,9,41,2,13661.646040991165,4182.144102183569,99.56933463110919,0.0,35.60315383481557,129.07909065996182,35.60315383481557,129.07909065996182,160.46511627906978,10.465116279069775,0,160.46511627906978,10.465116279069775,100.0,250.0,83,58,INSIDE,CLEAR,False,,,True,100.0,100.0,10.465116279069775,True,150.0,0.0,150.0,0.0,0,100.0,250.0,0,100.0,250.0,ALL_CLEAR,,100.0,,85,ALL_CLEAR,,100.0,,,ALL_CLEAR/PASS
landing,landing_stage1,landing_stage1,landing_stage1,TF,9,41,2,13661.646040991165,4182.144102183569,99.56933463110919,33.33333333333334,35.60315383481557,129.07909065996182,35.602863766915306,129.07899506778492,160.46511627906978,10.465116279069775,0,160.46511627906978,10.465116279069775,100.0,250.0,82,58,INSIDE,CLEAR,False,,,True,100.0,100.0,10.465116279069775,True,150.0,0.0,150.0,0.0,0,100.0,250.0,0,100.0,250.0,ALL_CLEAR,,100.0,,85,ALL_CLEAR,,100.0,,,ALL_CLEAR/PASS
landing,landing_stage1,landing_stage1,landing_stage1,TF,9,41,2,13661.646040991165,4182.144102183569,99.56933463110919,66.66666666666669,35.60315383481557,129.07909065996182,35.60257369901504,129.078899475608,160.46511627906978,10.465116279069775,0,160.46511627906978,10.465116279069775,100.0,250.0,82,58,INSIDE,CLEAR,False,,,True,100.0,100.0,10.465116279069775,True,150.0,0.0,150.0,0.0,0,100.0,250.0,0,100.0,250.0,ALL_CLEAR,,100.0,,85,ALL_CLEAR,,100.0,,,ALL_CLEAR/PASS
landing,landing_stage1,landing_stage1,landing_stage1,TF,9,41,2,13661.646040991165,4182.144102183569,99.56933463110919,100.0,35.60315383481557,129.07909065996182,35.60228363111478,129.0788038834311,160.46511627906978,10.465116279069775,0,160.46511627906978,10.465116279069775,100.0,250.0,82,57,INSIDE,CLEAR,False,,,True,100.0,100.0,10.465116279069775,True,150.0,0.0,150.0,0.0,0,100.0,250.0,0,100.0,250.0,ALL_CLEAR,,100.0,,85,ALL_CLEAR,,100.0,,,ALL_CLEAR/PASS
landing,landing_stage1,landing_stage1,vertiport,TF,9,42,0,13661.646040991165,4182.144102183569,0.0,-100.0,35.60315383481557,129.07909065996182,35.60402403834724,129.07937743810086,160.46511627906978,10.465116279069775,0,160.46511627906978,10.465116279069775,100.0,250.0,84,58,INSIDE,CLEAR,False,,,True,100.0,100.0,10.465116279069775,True,150.0,0.0,150.0,0.0,0,100.0,250.0,0,100.0,250.0,ALL_CLEAR,,100.0,,85,ALL_CLEAR,,100.0,,,ALL_CLEAR/PASS
landing,landing_stage1,landing_stage1,vertiport,TF,9,42,0,13661.646040991165,4182.144102183569,0.0,-66.66666666666666,35.60315383481557,129.07909065996182,35.60373397050335,129.07928184538784,160.46511627906978,10.465116279069775,0,160.46511627906978,10.465116279069775,100.0,250.0,83,58,INSIDE,CLEAR,False,,,True,100.0,100.0,10.465116279069775,True,150.0,0.0,150.0,0.0,0,100.0,250.0,0,100.0,250.0,ALL_CLEAR,,100.0,,85,ALL_CLEAR,,100.0,,,ALL_CLEAR/PASS
landing,landing_stage1,landing_stage1,vertiport,TF,9,42,0,13661.646040991165,4182.144102183569,0.0,-33.33333333333333,35.60315383481557,129.07909065996182,35.603443902659464,129.07918625267484,160.46511627906978,10.465116279069775,0,160.46511627906978,10.465116279069775,100.0,250.0,83,58,INSIDE,CLEAR,False,,,True,100.0,100.0,10.465116279069775,True,150.0,0.0,150.0,0.0,0,100.0,250.0,0,100.0,250.0,ALL_CLEAR,,100.0,,85,ALL_CLEAR,,100.0,,,ALL_CLEAR/PASS
landing,landing_stage1,landing_stage1,vertiport,TF,9,42,0,13661.646040991165,4182.144102183569,0.0,33.33333333333334,35.60315383481557,129.07909065996182,35.60286376697168,129.0789950672488,160.46511627906978,10.465116279069775,0,160.46511627906978,10.465116279069775,100.0,250.0,82,58,INSIDE,CLEAR,False,,,True,100.0,100.0,10.465116279069775,True,150.0,0.0,150.0,0.0,0,100.0,250.0,0,100.0,250.0,ALL_CLEAR,,100.0,,85,ALL_CLEAR,,100.0,,,ALL_CLEAR/PASS
landing,landing_stage1,landing_stage1,vertiport,TF,9,42,0,13661.646040991165,4182.144102183569,0.0,66.66666666666669,35.60315383481557,129.07909065996182,35.602573699127795,129.0788994745358,160.46511627906978,10.465116279069775,0,160.46511627906978,10.465116279069775,100.0,250.0,82,58,INSIDE,CLEAR,False,,,True,100.0,100.0,10.465116279069775,True,150.0,0.0,150.0,0.0,0,100.0,250.0,0,100.0,250.0,ALL_CLEAR,,100.0,,85,ALL_CLEAR,,100.0,,,ALL_CLEAR/PASS
landing,landing_stage1,landing_stage1,vertiport,TF,9,42,0,13661.646040991165,4182.144102183569,0.0,100.0,35.60315383481557,129.07909065996182,35.6022836312839,129.07880388182278,160.46511627906978,10.465116279069775,0,160.46511627906978,10.465116279069775,100.0,250.0,82,57,INSIDE,CLEAR,False,,,True,100.0,100.0,10.465116279069775,True,150.0,0.0,150.0,0.0,0,100.0,250.0,0,100.0,250.0,ALL_CLEAR,,100.0,,85,ALL_CLEAR,,100.0,,,ALL_CLEAR/PASS
landing,landing_stage1,landing_stage1,vertiport,TF,9,42,1,13711.430573541522,4231.928634733926,49.78453255035699,-100.0,35.603269917407786,129.07855782998092,35.604140120939455,129.07884460811994,155.2325581395349,5.232558139534888,0,155.2325581395349,5.232558139534888,100.0,250.0,84,57,INSIDE,CLEAR,False,,,True,100.0,100.0,5.232558139534888,True,150.0,0.0,150.0,0.0,0,100.0,250.0,0,100.0,250.0,ALL_CLEAR,,100.0,,86,ALL_CLEAR,,100.0,,,ALL_CLEAR/PASS
landing,landing_stage1,landing_stage1,vertiport,TF,9,42,1,13711.430573541522,4231.928634733926,49.78453255035699,-66.66666666666666,35.603269917407786,129.07855782998092,35.60385005309556,129.07874901540694,155.2325581395349,5.232558139534888,0,155.2325581395349,5.232558139534888,100.0,250.0,84,57,INSIDE,CLEAR,False,,,True,100.0,100.0,5.232558139534888,True,150.0,0.0,150.0,0.0,0,100.0,250.0,0,100.0,250.0,ALL_CLEAR,,100.0,,86,ALL_CLEAR,,100.0,,,ALL_CLEAR/PASS
landing,landing_stage1,landing_stage1,vertiport,TF,9,42,1,13711.430573541522,4231.928634733926,49.78453255035699,-33.33333333333333,35.603269917407786,129.07855782998092,35.60355998525168,129.07865342269392,155.2325581395349,5.232558139534888,0,155.2325581395349,5.232558139534888,100.0,250.0,83,57,INSIDE,CLEAR,False,,,True,100.0,100.0,5.232558139534888,True,150.0,0.0,150.0,0.0,0,100.0,250.0,0,100.0,250.0,ALL_CLEAR,,100.0,,86,ALL_CLEAR,,100.0,,,ALL_CLEAR/PASS
landing,landing_stage1,landing_stage1,vertiport,TF,9,42,1,13711.430573541522,4231.928634733926,49.78453255035699,0.0,35.603269917407786,129.07855782998092,35.603269917407786,129.07855782998092,155.2325581395349,5.232558139534888,0,155.2325581395349,5.232558139534888,100.0,250.0,83,57,INSIDE,CLEAR,False,,,True,100.0,100.0,5.232558139534888,True,150.0,0.0,150.0,0.0,0,100.0,250.0,0,100.0,250.0,ALL_CLEAR,,100.0,,86,ALL_CLEAR,,100.0,,,ALL_CLEAR/PASS
landing,landing_stage1,landing_stage1,vertiport,TF,9,42,1,13711.430573541522,4231.928634733926,49.78453255035699,33.33333333333334,35.603269917407786,129.07855782998092,35.602979849563894,129.0784622372679,155.2325581395349,5.232558139534888,0,155.2325581395349,5.232558139534888,100.0,250.0,83,57,INSIDE,CLEAR,False,,,True,100.0,100.0,5.232558139534888,True,150.0,0.0,150.0,0.0,0,100.0,250.0,0,100.0,250.0,ALL_CLEAR,,100.0,,86,ALL_CLEAR,,100.0,,,ALL_CLEAR/PASS
landing,landing_stage1,landing_stage1,vertiport,TF,9,42,1,13711.430573541522,4231.928634733926,49.78453255035699,66.66666666666669,35.603269917407786,129.07855782998092,35.60268978172001,129.07836664455488,155.2325581395349,5.232558139534888,0,155.2325581395349,5.232558139534888,100.0,250.0,82,57,INSIDE,CLEAR,False,,,True,100.0,100.0,5.232558139534888,True,150.0,0.0,150.0,0.0,0,100.0,250.0,0,100.0,250.0,ALL_CLEAR,,100.0,,86,ALL_CLEAR,,100.0,,,ALL_CLEAR/PASS
landing,landing_stage1,landing_stage1,vertiport,TF,9,42,1,13711.430573541522,4231.928634733926,49.78453255035699,100.0,35.603269917407786,129.07855782998092,35.60239971387612,129.07827105184188,155.2325581395349,5.232558139534888,0,155.2325581395349,5.232558139534888,100.0,250.0,82,57,INSIDE,CLEAR,False,,,True,100.0,100.0,5.232558139534888,True,150.0,0.0,150.0,0.0,0,100.0,250.0,0,100.0,250.0,ALL_CLEAR,,100.0,,86,ALL_CLEAR,,100.0,,,ALL_CLEAR/PASS
landing,landing_stage1,landing_stage1,vertiport,TF,9,42,2,13761.215106091879,4281.7131672842825,99.56906510071398,-100.0,35.603386,129.078025,35.60425620353167,129.07831177813904,150.0,0.0,0,150.0,0.0,100.0,250.0,84,57,INSIDE,CLEAR,False,,,True,100.0,100.0,0.0,True,150.0,0.0,150.0,0.0,0,100.0,250.0,0,100.0,250.0,ALL_CLEAR,,100.0,,87,ALL_CLEAR,,100.0,,,ALL_CLEAR/PASS
landing,landing_stage1,landing_stage1,vertiport,TF,9,42,2,13761.215106091879,4281.7131672842825,99.56906510071398,-66.66666666666666,35.603386,129.078025,35.60396613568778,129.07821618542602,150.0,0.0,0,150.0,0.0,100.0,250.0,84,57,INSIDE,CLEAR,False,,,True,100.0,100.0,0.0,True,150.0,0.0,150.0,0.0,0,100.0,250.0,0,100.0,250.0,ALL_CLEAR,,100.0,,87,ALL_CLEAR,,100.0,,,ALL_CLEAR/PASS
landing,landing_stage1,landing_stage1,vertiport,TF,9,42,2,13761.215106091879,4281.7131672842825,99.56906510071398,-33.33333333333333,35.603386,129.078025,35.60367606784389,129.07812059271302,150.0,0.0,0,150.0,0.0,100.0,250.0,83,57,INSIDE,CLEAR,False,,,True,100.0,100.0,0.0,True,150.0,0.0,150.0,0.0,0,100.0,250.0,0,100.0,250.0,ALL_CLEAR,,100.0,,87,ALL_CLEAR,,100.0,,,ALL_CLEAR/PASS
landing,landing_stage1,landing_stage1,vertiport,TF,9,42,2,13761.215106091879,4281.7131672842825,99.56906510071398,0.0,35.603386,129.078025,35.603386,129.078025,150.0,0.0,0,150.0,0.0,100.0,250.0,83,57,INSIDE,CLEAR,False,,,True,100.0,100.0,0.0,True,150.0,0.0,150.0,0.0,0,100.0,250.0,0,100.0,250.0,ALL_CLEAR,,100.0,,87,ALL_CLEAR,,100.0,,,ALL_CLEAR/PASS
landing,landing_stage1,landing_stage1,vertiport,TF,9,42,2,13761.215106091879,4281.7131672842825,99.56906510071398,33.33333333333334,35.603386,129.078025,35.60309593215611,129.07792940728697,150.0,0.0,0,150.0,0.0,100.0,250.0,83,57,INSIDE,CLEAR,False,,,True,100.0,100.0,0.0,True,150.0,0.0,150.0,0.0,0,100.0,250.0,0,100.0,250.0,ALL_CLEAR,,100.0,,87,ALL_CLEAR,,100.0,,,ALL_CLEAR/PASS
landing,landing_stage1,landing_stage1,vertiport,TF,9,42,2,13761.215106091879,4281.7131672842825,99.56906510071398,66.66666666666669,35.603386,129.078025,35.602805864312224,129.07783381457398,150.0,0.0,0,150.0,0.0,100.0,250.0,82,56,INSIDE,CLEAR,False,,,True,100.0,100.0,0.0,True,150.0,0.0,150.0,0.0,0,100.0,250.0,0,100.0,250.0,ALL_CLEAR,,100.0,,87,ALL_CLEAR,,100.0,,,ALL_CLEAR/PASS
landing,landing_stage1,landing_stage1,vertiport,TF,9,42,2,13761.215106091879,4281.7131672842825,99.56906510071398,100.0,35.603386,129.078025,35.60251579646833,129.07773822186095,150.0,0.0,0,150.0,0.0,100.0,250.0,82,56,INSIDE,CLEAR,False,,,True,100.0,100.0,0.0,True,150.0,0.0,150.0,0.0,0,100.0,250.0,0,100.0,250.0,ALL_CLEAR,,100.0,,87,ALL_CLEAR,,100.0,,,ALL_CLEAR/PASS
