order,grid_i,grid_j,X_EPSG5179,Y_EPSG5179,lat,lon
1,0,0,1137450,1726450,35.5244791,129.0159529
2,1,0,1137550,1726450,35.5244652,129.0170555
3,2,0,1137650,1726450,35.5244513,129.0181581
4,3,0,1137750,1726450,35.5244374,129.0192606
5,4,0,1137850,1726450,35.5244235,129.0203632
6,5,0,1137950,1726450,35.5244096,129.0214658
7,6,0,1138050,1726450,35.5243957,129.0225683
8,7,0,1138150,1726450,35.5243818,129.0236709
9,8,0,1138250,1726450,35.5243679,129.0247734
10,9,0,1138350,1726450,35.5243539,129.025876
11,10,0,1138450,1726450,35.5243399,129.0269786
12,11,0,1138550,1726450,35.524326,129.0280811
13,12,0,1138650,1726450,35.524312,129.0291837
14,13,0,1138750,1726450,35.524298,129.0302862
15,14,0,1138850,1726450,35.524284,129.0313888
16,15,0,1138950,1726450,35.52427,129.0324914
17,16,0,1139050,1726450,35.524256,129.0335939
18,17,0,1139150,1726450,35.524242,129.0346965
19,18,0,1139250,1726450,35.5242279,129.035799
20,19,0,1139350,1726450,35.5242139,129.0369016
21,20,0,1139450,1726450,35.5241998,129.0380041
22,21,0,1139550,1726450,35.5241858,129.0391067
23,22,0,1139650,1726450,35.5241717,129.0402092
24,23,0,1139750,1726450,35.5241576,129.0413118
25,24,0,1139850,1726450,35.5241435,129.0424143
26,25,0,1139950,1726450,35.5241294,129.0435169
27,26,0,1140050,1726450,35.5241153,129.0446194
28,27,0,1140150,1726450,35.5241012,129.045722
29,28,0,1140250,1726450,35.524087,129.0468245
30,29,0,1140350,1726450,35.5240729,129.0479271
31,30,0,1140450,1726450,35.5240587,129.0490296
32,31,0,1140550,1726450,35.5240445,129.0501322
33,32,0,1140650,1726450,35.5240304,129.0512347
34,33,0,1140750,1726450,35.5240162,129.0523372
35,34,0,1140850,1726450,35.524002,129.0534398
36,35,0,1140950,1726450,35.5239878,129.0545423
37,36,0,1141050,1726450,35.5239736,129.0556449
38,37,0,1141150,1726450,35.5239593,129.0567474
39,38,0,1141250,1726450,35.5239451,129.0578499
40,39,0,1141350,1726450,35.5239308,129.0589525
41,40,0,1141450,1726450,35.5239166,129.060055
42,41,0,1141550,1726450,35.5239023,129.0611576
43,42,0,1141650,1726450,35.523888,129.0622601
44,43,0,1141750,1726450,35.5238737,129.0633626
45,44,0,1141850,1726450,35.5238595,129.0644652
46,45,0,1141950,1726450,35.5238451,129.0655677
47,46,0,1142050,1726450,35.5238308,129.0666702
48,47,0,1142150,1726450,35.5238165,129.0677728
49,48,0,1142250,1726450,35.5238022,129.0688753
50,49,0,1142350,1726450,35.5237878,129.0699778
51,50,0,1142450,1726450,35.5237734,129.0710803
52,51,0,1142550,1726450,35.5237591,129.0721829
53,52,0,1142650,1726450,35.5237447,129.0732854
54,53,0,1142750,1726450,35.5237303,129.0743879
55,54,0,1142850,1726450,35.5237159,129.0754905
56,55,0,1142950,1726450,35.5237015,129.076593
57,56,0,1143050,1726450,35.5236871,129.0776955
58,57,0,1143150,1726450,35.5236727,129.078798
59,58,0,1143250,1726450,35.5236582,129.0799006
60,59,0,1143350,1726450,35.5236438,129.0810031
61,60,0,1143450,1726450,35.5236293,129.0821056
62,61,0,1143550,1726450,35.5236148,129.0832081
63,62,0,1143650,1726450,35.5236004,129.0843106
64,63,0,1143750,1726450,35.5235859,129.0854132
65,64,0,1143850,1726450,35.5235714,129.0865157
66,65,0,1143950,1726450,35.5235569,129.0876182
67,66,0,1144050,1726450,35.5235423,129.0887207
68,67,0,1144150,1726450,35.5235278,129.0898232
69,68,0,1144250,1726450,35.5235133,129.0909257
70,69,0,1144350,1726450,35.5234987,129.0920283
71,70,0,1144450,1726450,35.5234842,129.0931308
72,71,0,1144550,1726450,35.5234696,129.0942333
73,72,0,1144650,1726450,35.523455,129.0953358
74,73,0,1144750,1726450,35.5234404,129.0964383
75,74,0,1144850,1726450,35.5234258,129.0975408
76,75,0,1144950,1726450,35.5234112,129.0986433
77,76,0,1145050,1726450,35.5233966,129.0997458
78,77,0,1145150,1726450,35.523382,129.1008483
79,78,0,1145250,1726450,35.5233673,129.1019508
80,79,0,1145350,1726450,35.5233527,129.1030534
81,80,0,1145450,1726450,35.523338,129.1041559
82,81,0,1145550,1726450,35.5233233,129.1052584
83,82,0,1145650,1726450,35.5233086,129.1063609
84,83,0,1145750,1726450,35.523294,129.1074634
85,84,0,1145850,1726450,35.5232793,129.1085659
86,85,0,1145950,1726450,35.5232645,129.1096684
87,86,0,1146050,1726450,35.5232498,129.1107709
88,87,0,1146150,1726450,35.5232351,129.1118734
89,88,0,1146250,1726450,35.5232203,129.1129759
90,89,0,1146350,1726450,35.5232056,129.1140784
91,90,0,1146450,1726450,35.5231908,129.1151809
92,91,0,1146550,1726450,35.5231761,129.1162834
93,92,0,1146650,1726450,35.5231613,129.1173859
94,93,0,1146750,1726450,35.5231465,129.1184884
95,94,0,1146850,1726450,35.5231317,129.1195909
96,95,0,1146950,1726450,35.5231169,129.1206933
97,96,0,1147050,1726450,35.523102,129.1217958
98,97,0,1147150,1726450,35.5230872,129.1228983
99,98,0,1147250,1726450,35.5230724,129.1240008
100,99,0,1147350,1726450,35.5230575,129.1251033
101,100,0,1147450,1726450,35.5230427,129.1262058
102,101,0,1147550,1726450,35.5230278,129.1273083
103,102,0,1147650,1726450,35.5230129,129.1284108
104,103,0,1147750,1726450,35.522998,129.1295133
105,104,0,1147850,1726450,35.5229831,129.1306158
106,105,0,1147950,1726450,35.5229682,129.1317182
107,106,0,1148050,1726450,35.5229533,129.1328207
108,107,0,1148150,1726450,35.5229383,129.1339232
109,108,0,1148250,1726450,35.5229234,129.1350257
110,109,0,1148350,1726450,35.5229084,129.1361282
111,110,0,1148450,1726450,35.5228935,129.1372307
112,111,0,1148550,1726450,35.5228785,129.1383331
113,112,0,1148650,1726450,35.5228635,129.1394356
114,113,0,1148750,1726450,35.5228485,129.1405381
115,114,0,1148850,1726450,35.5228335,129.1416406
116,115,0,1148950,1726450,35.5228185,129.1427431
117,116,0,1149050,1726450,35.5228035,129.1438455
118,117,0,1149150,1726450,35.5227885,129.144948
119,118,0,1149250,1726450,35.5227734,129.1460505
120,119,0,1149350,1726450,35.5227584,129.147153
121,120,0,1149450,1726450,35.5227433,129.1482554
122,121,0,1149550,1726450,35.5227282,129.1493579
123,122,0,1149650,1726450,35.5227131,129.1504604
124,123,0,1149750,1726450,35.522698,129.1515628
125,124,0,1149850,1726450,35.5226829,129.1526653
126,125,0,1149950,1726450,35.5226678,129.1537678
127,126,0,1150050,1726450,35.5226527,129.1548703
128,127,0,1150150,1726450,35.5226376,129.1559727
129,127,1,1150150,1726550,35.5235389,129.1559912
130,126,1,1150050,1726550,35.523554,129.1548888
131,125,1,1149950,1726550,35.5235691,129.1537863
132,124,1,1149850,1726550,35.5235842,129.1526838
133,123,1,1149750,1726550,35.5235993,129.1515813
134,122,1,1149650,1726550,35.5236144,129.1504788
135,121,1,1149550,1726550,35.5236295,129.1493763
136,120,1,1149450,1726550,35.5236446,129.1482739
137,119,1,1149350,1726550,35.5236597,129.1471714
138,118,1,1149250,1726550,35.5236747,129.1460689
139,117,1,1149150,1726550,35.5236897,129.1449664
140,116,1,1149050,1726550,35.5237048,129.1438639
141,115,1,1148950,1726550,35.5237198,129.1427614
142,114,1,1148850,1726550,35.5237348,129.1416589
143,113,1,1148750,1726550,35.5237498,129.1405564
144,112,1,1148650,1726550,35.5237648,129.139454
145,111,1,1148550,1726550,35.5237798,129.1383515
146,110,1,1148450,1726550,35.5237948,129.137249
147,109,1,1148350,1726550,35.5238097,129.1361465
148,108,1,1148250,1726550,35.5238247,129.135044
149,107,1,1148150,1726550,35.5238396,129.1339415
150,106,1,1148050,1726550,35.5238546,129.132839
151,105,1,1147950,1726550,35.5238695,129.1317365
152,104,1,1147850,1726550,35.5238844,129.130634
153,103,1,1147750,1726550,35.5238993,129.1295315
154,102,1,1147650,1726550,35.5239142,129.128429
155,101,1,1147550,1726550,35.5239291,129.1273265
156,100,1,1147450,1726550,35.523944,129.126224
157,99,1,1147350,1726550,35.5239588,129.1251215
158,98,1,1147250,1726550,35.5239737,129.124019
159,97,1,1147150,1726550,35.5239885,129.1229165
160,96,1,1147050,1726550,35.5240034,129.121814
161,95,1,1146950,1726550,35.5240182,129.1207115
162,94,1,1146850,1726550,35.524033,129.119609
163,93,1,1146750,1726550,35.5240478,129.1185065
164,92,1,1146650,1726550,35.5240626,129.117404
165,91,1,1146550,1726550,35.5240774,129.1163014
166,90,1,1146450,1726550,35.5240921,129.1151989
167,89,1,1146350,1726550,35.5241069,129.1140964
168,88,1,1146250,1726550,35.5241217,129.1129939
169,87,1,1146150,1726550,35.5241364,129.1118914
170,86,1,1146050,1726550,35.5241511,129.1107889
171,85,1,1145950,1726550,35.5241658,129.1096864
172,84,1,1145850,1726550,35.5241806,129.1085839
173,83,1,1145750,1726550,35.5241953,129.1074813
174,82,1,1145650,1726550,35.52421,129.1063788
175,81,1,1145550,1726550,35.5242246,129.1052763
176,80,1,1145450,1726550,35.5242393,129.1041738
177,79,1,1145350,1726550,35.524254,129.1030713
178,78,1,1145250,1726550,35.5242686,129.1019688
179,77,1,1145150,1726550,35.5242833,129.1008662
180,76,1,1145050,1726550,35.5242979,129.0997637
181,75,1,1144950,1726550,35.5243125,129.0986612
182,74,1,1144850,1726550,35.5243271,129.0975587
183,73,1,1144750,1726550,35.5243417,129.0964562
184,72,1,1144650,1726550,35.5243563,129.0953536
185,71,1,1144550,1726550,35.5243709,129.0942511
186,70,1,1144450,1726550,35.5243855,129.0931486
187,69,1,1144350,1726550,35.5244,129.0920461
188,68,1,1144250,1726550,35.5244146,129.0909435
189,67,1,1144150,1726550,35.5244291,129.089841
190,66,1,1144050,1726550,35.5244437,129.0887385
191,65,1,1143950,1726550,35.5244582,129.0876359
192,64,1,1143850,1726550,35.5244727,129.0865334
193,63,1,1143750,1726550,35.5244872,129.0854309
194,62,1,1143650,1726550,35.5245017,129.0843284
195,61,1,1143550,1726550,35.5245162,129.0832258
196,60,1,1143450,1726550,35.5245306,129.0821233
197,59,1,1143350,1726550,35.5245451,129.0810208
198,58,1,1143250,1726550,35.5245595,129.0799182
199,57,1,1143150,1726550,35.524574,129.0788157
200,56,1,1143050,1726550,35.5245884,129.0777131
201,55,1,1142950,1726550,35.5246028,129.0766106
202,54,1,1142850,1726550,35.5246172,129.0755081
203,53,1,1142750,1726550,35.5246316,129.0744055
204,52,1,1142650,1726550,35.524646,129.073303
205,51,1,1142550,1726550,35.5246604,129.0722005
206,50,1,1142450,1726550,35.5246748,129.0710979
207,49,1,1142350,1726550,35.5246891,129.0699954
208,48,1,1142250,1726550,35.5247035,129.0688928
209,47,1,1142150,1726550,35.5247178,129.0677903
210,46,1,1142050,1726550,35.5247322,129.0666877
211,45,1,1141950,1726550,35.5247465,129.0655852
212,44,1,1141850,1726550,35.5247608,129.0644827
213,43,1,1141750,1726550,35.5247751,129.0633801
214,42,1,1141650,1726550,35.5247894,129.0622776
215,41,1,1141550,1726550,35.5248036,129.061175
216,40,1,1141450,1726550,35.5248179,129.0600725
217,39,1,1141350,1726550,35.5248322,129.0589699
218,38,1,1141250,1726550,35.5248464,129.0578674
219,37,1,1141150,1726550,35.5248607,129.0567648
220,36,1,1141050,1726550,35.5248749,129.0556623
221,35,1,1140950,1726550,35.5248891,129.0545597
222,34,1,1140850,1726550,35.5249033,129.0534572
223,33,1,1140750,1726550,35.5249175,129.0523546
224,32,1,1140650,1726550,35.5249317,129.051252
225,31,1,1140550,1726550,35.5249459,129.0501495
226,30,1,1140450,1726550,35.52496,129.0490469
227,29,1,1140350,1726550,35.5249742,129.0479444
228,28,1,1140250,1726550,35.5249884,129.0468418
229,27,1,1140150,1726550,35.5250025,129.0457393
230,26,1,1140050,1726550,35.5250166,129.0446367
231,25,1,1139950,1726550,35.5250307,129.0435341
232,24,1,1139850,1726550,35.5250448,129.0424316
233,23,1,1139750,1726550,35.5250589,129.041329
234,22,1,1139650,1726550,35.525073,129.0402265
235,21,1,1139550,1726550,35.5250871,129.0391239
236,20,1,1139450,1726550,35.5251012,129.0380213
237,19,1,1139350,1726550,35.5251152,129.0369188
238,18,1,1139250,1726550,35.5251293,129.0358162
239,17,1,1139150,1726550,35.5251433,129.0347136
240,16,1,1139050,1726550,35.5251573,129.0336111
241,15,1,1138950,1726550,35.5251714,129.0325085
242,14,1,1138850,1726550,35.5251854,129.0314059
243,13,1,1138750,1726550,35.5251994,129.0303034
244,12,1,1138650,1726550,35.5252133,129.0292008
245,11,1,1138550,1726550,35.5252273,129.0280982
246,10,1,1138450,1726550,35.5252413,129.0269956
247,9,1,1138350,1726550,35.5252552,129.0258931
248,8,1,1138250,1726550,35.5252692,129.0247905
249,7,1,1138150,1726550,35.5252831,129.0236879
250,6,1,1138050,1726550,35.5252971,129.0225854
251,5,1,1137950,1726550,35.525311,129.0214828
252,4,1,1137850,1726550,35.5253249,129.0203802
253,3,1,1137750,1726550,35.5253388,129.0192776
254,2,1,1137650,1726550,35.5253527,129.018175
255,1,1,1137550,1726550,35.5253665,129.0170725
256,0,1,1137450,1726550,35.5253804,129.0159699
257,0,2,1137450,1726650,35.5262818,129.0159868
258,1,2,1137550,1726650,35.5262679,129.0170894
259,2,2,1137650,1726650,35.526254,129.018192
260,3,2,1137750,1726650,35.5262401,129.0192946
261,4,2,1137850,1726650,35.5262262,129.0203972
262,5,2,1137950,1726650,35.5262123,129.0214998
263,6,2,1138050,1726650,35.5261984,129.0226024
264,7,2,1138150,1726650,35.5261845,129.023705
265,8,2,1138250,1726650,35.5261705,129.0248076
266,9,2,1138350,1726650,35.5261566,129.0259101
267,10,2,1138450,1726650,35.5261426,129.0270127
268,11,2,1138550,1726650,35.5261287,129.0281153
269,12,2,1138650,1726650,35.5261147,129.0292179
270,13,2,1138750,1726650,35.5261007,129.0303205
271,14,2,1138850,1726650,35.5260867,129.0314231
272,15,2,1138950,1726650,35.5260727,129.0325256
273,16,2,1139050,1726650,35.5260587,129.0336282
274,17,2,1139150,1726650,35.5260447,129.0347308
275,18,2,1139250,1726650,35.5260306,129.0358334
276,19,2,1139350,1726650,35.5260166,129.036936
277,20,2,1139450,1726650,35.5260025,129.0380385
278,21,2,1139550,1726650,35.5259884,129.0391411
279,22,2,1139650,1726650,35.5259744,129.0402437
280,23,2,1139750,1726650,35.5259603,129.0413463
281,24,2,1139850,1726650,35.5259462,129.0424488
282,25,2,1139950,1726650,35.5259321,129.0435514
283,26,2,1140050,1726650,35.525918,129.044654
284,27,2,1140150,1726650,35.5259038,129.0457565
285,28,2,1140250,1726650,35.5258897,129.0468591
286,29,2,1140350,1726650,35.5258755,129.0479617
287,30,2,1140450,1726650,35.5258614,129.0490643
288,31,2,1140550,1726650,35.5258472,129.0501668
289,32,2,1140650,1726650,35.525833,129.0512694
290,33,2,1140750,1726650,35.5258188,129.052372
291,34,2,1140850,1726650,35.5258046,129.0534745
292,35,2,1140950,1726650,35.5257904,129.0545771
293,36,2,1141050,1726650,35.5257762,129.0556797
294,37,2,1141150,1726650,35.525762,129.0567822
295,38,2,1141250,1726650,35.5257478,129.0578848
296,39,2,1141350,1726650,35.5257335,129.0589874
297,40,2,1141450,1726650,35.5257192,129.0600899
298,41,2,1141550,1726650,35.525705,129.0611925
299,42,2,1141650,1726650,35.5256907,129.062295
300,43,2,1141750,1726650,35.5256764,129.0633976
301,44,2,1141850,1726650,35.5256621,129.0645002
302,45,2,1141950,1726650,35.5256478,129.0656027
303,46,2,1142050,1726650,35.5256335,129.0667053
304,47,2,1142150,1726650,35.5256191,129.0678078
305,48,2,1142250,1726650,35.5256048,129.0689104
306,49,2,1142350,1726650,35.5255905,129.0700129
307,50,2,1142450,1726650,35.5255761,129.0711155
308,51,2,1142550,1726650,35.5255617,129.072218
309,52,2,1142650,1726650,35.5255474,129.0733206
310,53,2,1142750,1726650,35.525533,129.0744231
311,54,2,1142850,1726650,35.5255186,129.0755257
312,55,2,1142950,1726650,35.5255041,129.0766282
313,56,2,1143050,1726650,35.5254897,129.0777308
314,57,2,1143150,1726650,35.5254753,129.0788333
315,58,2,1143250,1726650,35.5254609,129.0799359
316,59,2,1143350,1726650,35.5254464,129.0810384
317,60,2,1143450,1726650,35.5254319,129.082141
318,61,2,1143550,1726650,35.5254175,129.0832435
319,62,2,1143650,1726650,35.525403,129.0843461
320,63,2,1143750,1726650,35.5253885,129.0854486
321,64,2,1143850,1726650,35.525374,129.0865512
322,65,2,1143950,1726650,35.5253595,129.0876537
323,66,2,1144050,1726650,35.525345,129.0887562
324,67,2,1144150,1726650,35.5253304,129.0898588
325,68,2,1144250,1726650,35.5253159,129.0909613
326,69,2,1144350,1726650,35.5253013,129.0920639
327,70,2,1144450,1726650,35.5252868,129.0931664
328,71,2,1144550,1726650,35.5252722,129.0942689
329,72,2,1144650,1726650,35.5252576,129.0953715
330,73,2,1144750,1726650,35.525243,129.096474
331,74,2,1144850,1726650,35.5252284,129.0975765
332,75,2,1144950,1726650,35.5252138,129.0986791
333,76,2,1145050,1726650,35.5251992,129.0997816
334,77,2,1145150,1726650,35.5251846,129.1008841
335,78,2,1145250,1726650,35.5251699,129.1019867
336,79,2,1145350,1726650,35.5251553,129.1030892
337,80,2,1145450,1726650,35.5251406,129.1041917
338,81,2,1145550,1726650,35.5251259,129.1052943
339,82,2,1145650,1726650,35.5251113,129.1063968
340,83,2,1145750,1726650,35.5250966,129.1074993
341,84,2,1145850,1726650,35.5250819,129.1086019
342,85,2,1145950,1726650,35.5250672,129.1097044
343,86,2,1146050,1726650,35.5250524,129.1108069
344,87,2,1146150,1726650,35.5250377,129.1119094
345,88,2,1146250,1726650,35.525023,129.113012
346,89,2,1146350,1726650,35.5250082,129.1141145
347,90,2,1146450,1726650,35.5249934,129.115217
348,91,2,1146550,1726650,35.5249787,129.1163195
349,92,2,1146650,1726650,35.5249639,129.117422
350,93,2,1146750,1726650,35.5249491,129.1185246
351,94,2,1146850,1726650,35.5249343,129.1196271
352,95,2,1146950,1726650,35.5249195,129.1207296
353,96,2,1147050,1726650,35.5249047,129.1218321
354,97,2,1147150,1726650,35.5248898,129.1229346
355,98,2,1147250,1726650,35.524875,129.1240372
356,99,2,1147350,1726650,35.5248601,129.1251397
357,100,2,1147450,1726650,35.5248453,129.1262422
358,101,2,1147550,1726650,35.5248304,129.1273447
359,102,2,1147650,1726650,35.5248155,129.1284472
360,103,2,1147750,1726650,35.5248006,129.1295497
361,104,2,1147850,1726650,35.5247857,129.1306522
362,105,2,1147950,1726650,35.5247708,129.1317547
363,106,2,1148050,1726650,35.5247559,129.1328572
364,107,2,1148150,1726650,35.5247409,129.1339598
365,108,2,1148250,1726650,35.524726,129.1350623
366,109,2,1148350,1726650,35.524711,129.1361648
367,110,2,1148450,1726650,35.5246961,129.1372673
368,111,2,1148550,1726650,35.5246811,129.1383698
369,112,2,1148650,1726650,35.5246661,129.1394723
370,113,2,1148750,1726650,35.5246511,129.1405748
371,114,2,1148850,1726650,35.5246361,129.1416773
372,115,2,1148950,1726650,35.5246211,129.1427798
373,116,2,1149050,1726650,35.5246061,129.1438823
374,117,2,1149150,1726650,35.524591,129.1449848
375,118,2,1149250,1726650,35.524576,129.1460873
376,119,2,1149350,1726650,35.5245609,129.1471898
377,120,2,1149450,1726650,35.5245459,129.1482923
378,121,2,1149550,1726650,35.5245308,129.1493948
379,122,2,1149650,1726650,35.5245157,129.1504973
380,123,2,1149750,1726650,35.5245006,129.1515998
381,124,2,1149850,1726650,35.5244855,129.1527023
382,125,2,1149950,1726650,35.5244704,129.1538048
383,126,2,1150050,1726650,35.5244553,129.1549073
384,127,2,1150150,1726650,35.5244401,129.1560098
385,127,3,1150150,1726750,35.5253414,129.1560283
386,126,3,1150050,1726750,35.5253566,129.1549258
387,125,3,1149950,1726750,35.5253717,129.1538233
388,124,3,1149850,1726750,35.5253868,129.1527208
389,123,3,1149750,1726750,35.5254019,129.1516183
390,122,3,1149650,1726750,35.525417,129.1505157
391,121,3,1149550,1726750,35.5254321,129.1494132
392,120,3,1149450,1726750,35.5254472,129.1483107
393,119,3,1149350,1726750,35.5254622,129.1472082
394,118,3,1149250,1726750,35.5254773,129.1461057
395,117,3,1149150,1726750,35.5254923,129.1450032
396,116,3,1149050,1726750,35.5255074,129.1439007
397,115,3,1148950,1726750,35.5255224,129.1427982
398,114,3,1148850,1726750,35.5255374,129.1416957
399,113,3,1148750,1726750,35.5255524,129.1405931
400,112,3,1148650,1726750,35.5255674,129.1394906
401,111,3,1148550,1726750,35.5255824,129.1383881
402,110,3,1148450,1726750,35.5255974,129.1372856
403,109,3,1148350,1726750,35.5256123,129.1361831
404,108,3,1148250,1726750,35.5256273,129.1350806
405,107,3,1148150,1726750,35.5256422,129.133978
406,106,3,1148050,1726750,35.5256572,129.1328755
407,105,3,1147950,1726750,35.5256721,129.131773
408,104,3,1147850,1726750,35.525687,129.1306705
409,103,3,1147750,1726750,35.5257019,129.1295679
410,102,3,1147650,1726750,35.5257168,129.1284654
411,101,3,1147550,1726750,35.5257317,129.1273629
412,100,3,1147450,1726750,35.5257466,129.1262604
413,99,3,1147350,1726750,35.5257614,129.1251578
414,98,3,1147250,1726750,35.5257763,129.1240553
415,97,3,1147150,1726750,35.5257911,129.1229528
416,96,3,1147050,1726750,35.525806,129.1218503
417,95,3,1146950,1726750,35.5258208,129.1207477
418,94,3,1146850,1726750,35.5258356,129.1196452
419,93,3,1146750,1726750,35.5258504,129.1185427
420,92,3,1146650,1726750,35.5258652,129.1174401
421,91,3,1146550,1726750,35.52588,129.1163376
422,90,3,1146450,1726750,35.5258948,129.1152351
423,89,3,1146350,1726750,35.5259095,129.1141325
424,88,3,1146250,1726750,35.5259243,129.11303
425,87,3,1146150,1726750,35.525939,129.1119275
426,86,3,1146050,1726750,35.5259537,129.1108249
427,85,3,1145950,1726750,35.5259685,129.1097224
428,84,3,1145850,1726750,35.5259832,129.1086198
429,83,3,1145750,1726750,35.5259979,129.1075173
430,82,3,1145650,1726750,35.5260126,129.1064148
431,81,3,1145550,1726750,35.5260273,129.1053122
432,80,3,1145450,1726750,35.5260419,129.1042097
433,79,3,1145350,1726750,35.5260566,129.1031071
434,78,3,1145250,1726750,35.5260712,129.1020046
435,77,3,1145150,1726750,35.5260859,129.1009021
436,76,3,1145050,1726750,35.5261005,129.0997995
437,75,3,1144950,1726750,35.5261151,129.098697
438,74,3,1144850,1726750,35.5261298,129.0975944
439,73,3,1144750,1726750,35.5261444,129.0964919
440,72,3,1144650,1726750,35.5261589,129.0953893
441,71,3,1144550,1726750,35.5261735,129.0942868
442,70,3,1144450,1726750,35.5261881,129.0931842
443,69,3,1144350,1726750,35.5262027,129.0920817
444,68,3,1144250,1726750,35.5262172,129.0909791
445,67,3,1144150,1726750,35.5262318,129.0898766
446,66,3,1144050,1726750,35.5262463,129.088774
447,65,3,1143950,1726750,35.5262608,129.0876715
448,64,3,1143850,1726750,35.5262753,129.0865689
449,63,3,1143750,1726750,35.5262898,129.0854664
450,62,3,1143650,1726750,35.5263043,129.0843638
451,61,3,1143550,1726750,35.5263188,129.0832612
452,60,3,1143450,1726750,35.5263333,129.0821587
453,59,3,1143350,1726750,35.5263477,129.0810561
454,58,3,1143250,1726750,35.5263622,129.0799536
455,57,3,1143150,1726750,35.5263766,129.078851
456,56,3,1143050,1726750,35.5263911,129.0777484
457,55,3,1142950,1726750,35.5264055,129.0766459
458,54,3,1142850,1726750,35.5264199,129.0755433
459,53,3,1142750,1726750,35.5264343,129.0744408
460,52,3,1142650,1726750,35.5264487,129.0733382
461,51,3,1142550,1726750,35.5264631,129.0722356
462,50,3,1142450,1726750,35.5264774,129.0711331
463,49,3,1142350,1726750,35.5264918,129.0700305
464,48,3,1142250,1726750,35.5265061,129.0689279
465,47,3,1142150,1726750,35.5265205,129.0678254
466,46,3,1142050,1726750,35.5265348,129.0667228
467,45,3,1141950,1726750,35.5265491,129.0656202
468,44,3,1141850,1726750,35.5265634,129.0645177
469,43,3,1141750,1726750,35.5265777,129.0634151
470,42,3,1141650,1726750,35.526592,129.0623125
471,41,3,1141550,1726750,35.5266063,129.0612099
472,40,3,1141450,1726750,35.5266206,129.0601074
473,39,3,1141350,1726750,35.5266348,129.0590048
474,38,3,1141250,1726750,35.5266491,129.0579022
475,37,3,1141150,1726750,35.5266633,129.0567996
476,36,3,1141050,1726750,35.5266776,129.0556971
477,35,3,1140950,1726750,35.5266918,129.0545945
478,34,3,1140850,1726750,35.526706,129.0534919
479,33,3,1140750,1726750,35.5267202,129.0523893
480,32,3,1140650,1726750,35.5267344,129.0512867
481,31,3,1140550,1726750,35.5267485,129.0501842
482,30,3,1140450,1726750,35.5267627,129.0490816
483,29,3,1140350,1726750,35.5267769,129.047979
484,28,3,1140250,1726750,35.526791,129.0468764
485,27,3,1140150,1726750,35.5268052,129.0457738
486,26,3,1140050,1726750,35.5268193,129.0446713
487,25,3,1139950,1726750,35.5268334,129.0435687
488,24,3,1139850,1726750,35.5268475,129.0424661
489,23,3,1139750,1726750,35.5268616,129.0413635
490,22,3,1139650,1726750,35.5268757,129.0402609
491,21,3,1139550,1726750,35.5268898,129.0391583
492,20,3,1139450,1726750,35.5269039,129.0380557
493,19,3,1139350,1726750,35.5269179,129.0369531
494,18,3,1139250,1726750,35.526932,129.0358506
495,17,3,1139150,1726750,35.526946,129.034748
496,16,3,1139050,1726750,35.52696,129.0336454
497,15,3,1138950,1726750,35.526974,129.0325428
498,14,3,1138850,1726750,35.5269881,129.0314402
499,13,3,1138750,1726750,35.527002,129.0303376
500,12,3,1138650,1726750,35.527016,129.029235
501,11,3,1138550,1726750,35.52703,129.0281324
502,10,3,1138450,1726750,35.527044,129.0270298
503,9,3,1138350,1726750,35.5270579,129.0259272
504,8,3,1138250,1726750,35.5270719,129.0248246
505,7,3,1138150,1726750,35.5270858,129.023722
506,6,3,1138050,1726750,35.5270998,129.0226194
507,5,3,1137950,1726750,35.5271137,129.0215168
508,4,3,1137850,1726750,35.5271276,129.0204142
509,3,3,1137750,1726750,35.5271415,129.0193116
510,2,3,1137650,1726750,35.5271554,129.018209
511,1,3,1137550,1726750,35.5271692,129.0171064
512,0,3,1137450,1726750,35.5271831,129.0160038
513,0,4,1137450,1726850,35.5280845,129.0160208
514,1,4,1137550,1726850,35.5280706,129.0171234
515,2,4,1137650,1726850,35.5280567,129.018226
516,3,4,1137750,1726850,35.5280428,129.0193286
517,4,4,1137850,1726850,35.5280289,129.0204312
518,5,4,1137950,1726850,35.528015,129.0215338
519,6,4,1138050,1726850,35.5280011,129.0226364
520,7,4,1138150,1726850,35.5279872,129.0237391
521,8,4,1138250,1726850,35.5279732,129.0248417
522,9,4,1138350,1726850,35.5279593,129.0259443
523,10,4,1138450,1726850,35.5279453,129.0270469
524,11,4,1138550,1726850,35.5279314,129.0281495
525,12,4,1138650,1726850,35.5279174,129.0292521
526,13,4,1138750,1726850,35.5279034,129.0303547
527,14,4,1138850,1726850,35.5278894,129.0314573
528,15,4,1138950,1726850,35.5278754,129.0325599
529,16,4,1139050,1726850,35.5278614,129.0336625
530,17,4,1139150,1726850,35.5278473,129.0347651
531,18,4,1139250,1726850,35.5278333,129.0358677
532,19,4,1139350,1726850,35.5278193,129.0369703
533,20,4,1139450,1726850,35.5278052,129.0380729
534,21,4,1139550,1726850,35.5277911,129.0391755
535,22,4,1139650,1726850,35.527777,129.0402781
536,23,4,1139750,1726850,35.527763,129.0413807
537,24,4,1139850,1726850,35.5277489,129.0424833
538,25,4,1139950,1726850,35.5277347,129.0435859
539,26,4,1140050,1726850,35.5277206,129.0446885
540,27,4,1140150,1726850,35.5277065,129.0457911
541,28,4,1140250,1726850,35.5276924,129.0468937
542,29,4,1140350,1726850,35.5276782,129.0479963
543,30,4,1140450,1726850,35.5276641,129.0490989
544,31,4,1140550,1726850,35.5276499,129.0502015
545,32,4,1140650,1726850,35.5276357,129.0513041
546,33,4,1140750,1726850,35.5276215,129.0524067
547,34,4,1140850,1726850,35.5276073,129.0535093
548,35,4,1140950,1726850,35.5275931,129.0546119
549,36,4,1141050,1726850,35.5275789,129.0557145
550,37,4,1141150,1726850,35.5275647,129.0568171
551,38,4,1141250,1726850,35.5275504,129.0579196
552,39,4,1141350,1726850,35.5275362,129.0590222
553,40,4,1141450,1726850,35.5275219,129.0601248
554,41,4,1141550,1726850,35.5275076,129.0612274
555,42,4,1141650,1726850,35.5274934,129.06233
556,43,4,1141750,1726850,35.5274791,129.0634326
557,44,4,1141850,1726850,35.5274648,129.0645351
558,45,4,1141950,1726850,35.5274505,129.0656377
559,46,4,1142050,1726850,35.5274361,129.0667403
560,47,4,1142150,1726850,35.5274218,129.0678429
561,48,4,1142250,1726850,35.5274075,129.0689455
562,49,4,1142350,1726850,35.5273931,129.0700481
563,50,4,1142450,1726850,35.5273788,129.0711506
564,51,4,1142550,1726850,35.5273644,129.0722532
565,52,4,1142650,1726850,35.52735,129.0733558
566,53,4,1142750,1726850,35.5273356,129.0744584
567,54,4,1142850,1726850,35.5273212,129.0755609
568,55,4,1142950,1726850,35.5273068,129.0766635
569,56,4,1143050,1726850,35.5272924,129.0777661
570,57,4,1143150,1726850,35.5272779,129.0788687
571,58,4,1143250,1726850,35.5272635,129.0799712
572,59,4,1143350,1726850,35.5272491,129.0810738
573,60,4,1143450,1726850,35.5272346,129.0821764
574,61,4,1143550,1726850,35.5272201,129.0832789
575,62,4,1143650,1726850,35.5272056,129.0843815
576,63,4,1143750,1726850,35.5271911,129.0854841
577,64,4,1143850,1726850,35.5271766,129.0865867
578,65,4,1143950,1726850,35.5271621,129.0876892
579,66,4,1144050,1726850,35.5271476,129.0887918
580,67,4,1144150,1726850,35.5271331,129.0898943
581,68,4,1144250,1726850,35.5271185,129.0909969
582,69,4,1144350,1726850,35.527104,129.0920995
583,70,4,1144450,1726850,35.5270894,129.093202
584,71,4,1144550,1726850,35.5270748,129.0943046
585,72,4,1144650,1726850,35.5270603,129.0954072
586,73,4,1144750,1726850,35.5270457,129.0965097
587,74,4,1144850,1726850,35.5270311,129.0976123
588,75,4,1144950,1726850,35.5270165,129.0987148
589,76,4,1145050,1726850,35.5270018,129.0998174
590,77,4,1145150,1726850,35.5269872,129.10092
591,78,4,1145250,1726850,35.5269726,129.1020225
592,79,4,1145350,1726850,35.5269579,129.1031251
593,80,4,1145450,1726850,35.5269432,129.1042276
594,81,4,1145550,1726850,35.5269286,129.1053302
595,82,4,1145650,1726850,35.5269139,129.1064327
596,83,4,1145750,1726850,35.5268992,129.1075353
597,84,4,1145850,1726850,35.5268845,129.1086378
598,85,4,1145950,1726850,35.5268698,129.1097404
599,86,4,1146050,1726850,35.5268551,129.1108429
600,87,4,1146150,1726850,35.5268403,129.1119455
601,88,4,1146250,1726850,35.5268256,129.113048
602,89,4,1146350,1726850,35.5268108,129.1141506
603,90,4,1146450,1726850,35.5267961,129.1152531
604,91,4,1146550,1726850,35.5267813,129.1163557
605,92,4,1146650,1726850,35.5267665,129.1174582
606,93,4,1146750,1726850,35.5267517,129.1185608
607,94,4,1146850,1726850,35.5267369,129.1196633
608,95,4,1146950,1726850,35.5267221,129.1207659
609,96,4,1147050,1726850,35.5267073,129.1218684
610,97,4,1147150,1726850,35.5266924,129.1229709
611,98,4,1147250,1726850,35.5266776,129.1240735
612,99,4,1147350,1726850,35.5266627,129.125176
613,100,4,1147450,1726850,35.5266479,129.1262786
614,101,4,1147550,1726850,35.526633,129.1273811
615,102,4,1147650,1726850,35.5266181,129.1284836
616,103,4,1147750,1726850,35.5266032,129.1295862
617,104,4,1147850,1726850,35.5265883,129.1306887
618,105,4,1147950,1726850,35.5265734,129.1317912
619,106,4,1148050,1726850,35.5265585,129.1328938
620,107,4,1148150,1726850,35.5265435,129.1339963
621,108,4,1148250,1726850,35.5265286,129.1350988
622,109,4,1148350,1726850,35.5265136,129.1362014
623,110,4,1148450,1726850,35.5264987,129.1373039
624,111,4,1148550,1726850,35.5264837,129.1384064
625,112,4,1148650,1726850,35.5264687,129.139509
626,113,4,1148750,1726850,35.5264537,129.1406115
627,114,4,1148850,1726850,35.5264387,129.141714
628,115,4,1148950,1726850,35.5264237,129.1428165
629,116,4,1149050,1726850,35.5264087,129.1439191
630,117,4,1149150,1726850,35.5263936,129.1450216
631,118,4,1149250,1726850,35.5263786,129.1461241
632,119,4,1149350,1726850,35.5263635,129.1472266
633,120,4,1149450,1726850,35.5263485,129.1483292
634,121,4,1149550,1726850,35.5263334,129.1494317
635,122,4,1149650,1726850,35.5263183,129.1505342
636,123,4,1149750,1726850,35.5263032,129.1516367
637,124,4,1149850,1726850,35.5262881,129.1527392
638,125,4,1149950,1726850,35.526273,129.1538418
639,126,4,1150050,1726850,35.5262579,129.1549443
640,127,4,1150150,1726850,35.5262427,129.1560468
641,127,5,1150150,1726950,35.527144,129.1560653
642,126,5,1150050,1726950,35.5271591,129.1549628
643,125,5,1149950,1726950,35.5271743,129.1538603
644,124,5,1149850,1726950,35.5271894,129.1527577
645,123,5,1149750,1726950,35.5272045,129.1516552
646,122,5,1149650,1726950,35.5272196,129.1505527
647,121,5,1149550,1726950,35.5272347,129.1494501
648,120,5,1149450,1726950,35.5272498,129.1483476
649,119,5,1149350,1726950,35.5272648,129.1472451
650,118,5,1149250,1726950,35.5272799,129.1461425
651,117,5,1149150,1726950,35.5272949,129.14504
652,116,5,1149050,1726950,35.52731,129.1439375
653,115,5,1148950,1726950,35.527325,129.1428349
654,114,5,1148850,1726950,35.52734,129.1417324
655,113,5,1148750,1726950,35.527355,129.1406298
656,112,5,1148650,1726950,35.52737,129.1395273
657,111,5,1148550,1726950,35.527385,129.1384248
658,110,5,1148450,1726950,35.5274,129.1373222
659,109,5,1148350,1726950,35.5274149,129.1362197
660,108,5,1148250,1726950,35.5274299,129.1351171
661,107,5,1148150,1726950,35.5274448,129.1340146
662,106,5,1148050,1726950,35.5274598,129.132912
663,105,5,1147950,1726950,35.5274747,129.1318095
664,104,5,1147850,1726950,35.5274896,129.1307069
665,103,5,1147750,1726950,35.5275045,129.1296044
666,102,5,1147650,1726950,35.5275194,129.1285018
667,101,5,1147550,1726950,35.5275343,129.1273993
668,100,5,1147450,1726950,35.5275492,129.1262967
669,99,5,1147350,1726950,35.527564,129.1251942
670,98,5,1147250,1726950,35.5275789,129.1240916
671,97,5,1147150,1726950,35.5275937,129.1229891
672,96,5,1147050,1726950,35.5276086,129.1218865
673,95,5,1146950,1726950,35.5276234,129.120784
674,94,5,1146850,1726950,35.5276382,129.1196814
675,93,5,1146750,1726950,35.527653,129.1185789
676,92,5,1146650,1726950,35.5276678,129.1174763
677,91,5,1146550,1726950,35.5276826,129.1163738
678,90,5,1146450,1726950,35.5276974,129.1152712
679,89,5,1146350,1726950,35.5277121,129.1141686
680,88,5,1146250,1726950,35.5277269,129.1130661
681,87,5,1146150,1726950,35.5277416,129.1119635
682,86,5,1146050,1726950,35.5277564,129.110861
683,85,5,1145950,1726950,35.5277711,129.1097584
684,84,5,1145850,1726950,35.5277858,129.1086558
685,83,5,1145750,1726950,35.5278005,129.1075533
686,82,5,1145650,1726950,35.5278152,129.1064507
687,81,5,1145550,1726950,35.5278299,129.1053481
688,80,5,1145450,1726950,35.5278446,129.1042456
689,79,5,1145350,1726950,35.5278592,129.103143
690,78,5,1145250,1726950,35.5278739,129.1020404
691,77,5,1145150,1726950,35.5278885,129.1009379
692,76,5,1145050,1726950,35.5279031,129.0998353
693,75,5,1144950,1726950,35.5279178,129.0987327
694,74,5,1144850,1726950,35.5279324,129.0976302
695,73,5,1144750,1726950,35.527947,129.0965276
696,72,5,1144650,1726950,35.5279616,129.095425
697,71,5,1144550,1726950,35.5279762,129.0943224
698,70,5,1144450,1726950,35.5279907,129.0932199
699,69,5,1144350,1726950,35.5280053,129.0921173
700,68,5,1144250,1726950,35.5280199,129.0910147
701,67,5,1144150,1726950,35.5280344,129.0899121
702,66,5,1144050,1726950,35.5280489,129.0888096
703,65,5,1143950,1726950,35.5280634,129.087707
704,64,5,1143850,1726950,35.528078,129.0866044
705,63,5,1143750,1726950,35.5280925,129.0855018
706,62,5,1143650,1726950,35.528107,129.0843992
707,61,5,1143550,1726950,35.5281214,129.0832967
708,60,5,1143450,1726950,35.5281359,129.0821941
709,59,5,1143350,1726950,35.5281504,129.0810915
710,58,5,1143250,1726950,35.5281648,129.0799889
711,57,5,1143150,1726950,35.5281793,129.0788863
712,56,5,1143050,1726950,35.5281937,129.0777837
713,55,5,1142950,1726950,35.5282081,129.0766812
714,54,5,1142850,1726950,35.5282225,129.0755786
715,53,5,1142750,1726950,35.5282369,129.074476
716,52,5,1142650,1726950,35.5282513,129.0733734
717,51,5,1142550,1726950,35.5282657,129.0722708
718,50,5,1142450,1726950,35.5282801,129.0711682
719,49,5,1142350,1726950,35.5282944,129.0700656
720,48,5,1142250,1726950,35.5283088,129.068963
721,47,5,1142150,1726950,35.5283231,129.0678604
722,46,5,1142050,1726950,35.5283375,129.0667578
723,45,5,1141950,1726950,35.5283518,129.0656552
724,44,5,1141850,1726950,35.5283661,129.0645526
725,43,5,1141750,1726950,35.5283804,129.0634501
726,42,5,1141650,1726950,35.5283947,129.0623475
727,41,5,1141550,1726950,35.528409,129.0612449
728,40,5,1141450,1726950,35.5284232,129.0601423
729,39,5,1141350,1726950,35.5284375,129.0590397
730,38,5,1141250,1726950,35.5284517,129.0579371
731,37,5,1141150,1726950,35.528466,129.0568345
732,36,5,1141050,1726950,35.5284802,129.0557319
733,35,5,1140950,1726950,35.5284944,129.0546293
734,34,5,1140850,1726950,35.5285086,129.0535267
735,33,5,1140750,1726950,35.5285228,129.0524241
736,32,5,1140650,1726950,35.528537,129.0513215
737,31,5,1140550,1726950,35.5285512,129.0502188
738,30,5,1140450,1726950,35.5285654,129.0491162
739,29,5,1140350,1726950,35.5285795,129.0480136
740,28,5,1140250,1726950,35.5285937,129.046911
741,27,5,1140150,1726950,35.5286078,129.0458084
742,26,5,1140050,1726950,35.528622,129.0447058
743,25,5,1139950,1726950,35.5286361,129.0436032
744,24,5,1139850,1726950,35.5286502,129.0425006
745,23,5,1139750,1726950,35.5286643,129.041398
746,22,5,1139650,1726950,35.5286784,129.0402954
747,21,5,1139550,1726950,35.5286925,129.0391928
748,20,5,1139450,1726950,35.5287065,129.0380901
749,19,5,1139350,1726950,35.5287206,129.0369875
750,18,5,1139250,1726950,35.5287346,129.0358849
751,17,5,1139150,1726950,35.5287487,129.0347823
752,16,5,1139050,1726950,35.5287627,129.0336797
753,15,5,1138950,1726950,35.5287767,129.0325771
754,14,5,1138850,1726950,35.5287907,129.0314744
755,13,5,1138750,1726950,35.5288047,129.0303718
756,12,5,1138650,1726950,35.5288187,129.0292692
757,11,5,1138550,1726950,35.5288327,129.0281666
758,10,5,1138450,1726950,35.5288467,129.027064
759,9,5,1138350,1726950,35.5288606,129.0259613
760,8,5,1138250,1726950,35.5288746,129.0248587
761,7,5,1138150,1726950,35.5288885,129.0237561
762,6,5,1138050,1726950,35.5289024,129.0226535
763,5,5,1137950,1726950,35.5289164,129.0215509
764,4,5,1137850,1726950,35.5289303,129.0204482
765,3,5,1137750,1726950,35.5289442,129.0193456
766,2,5,1137650,1726950,35.5289581,129.018243
767,1,5,1137550,1726950,35.5289719,129.0171403
768,0,5,1137450,1726950,35.5289858,129.0160377
769,0,6,1137450,1727050,35.5298871,129.0160547
770,1,6,1137550,1727050,35.5298733,129.0171573
771,2,6,1137650,1727050,35.5298594,129.01826
772,3,6,1137750,1727050,35.5298455,129.0193626
773,4,6,1137850,1727050,35.5298316,129.0204652
774,5,6,1137950,1727050,35.5298177,129.0215679
775,6,6,1138050,1727050,35.5298038,129.0226705
776,7,6,1138150,1727050,35.5297899,129.0237731
777,8,6,1138250,1727050,35.5297759,129.0248758
778,9,6,1138350,1727050,35.529762,129.0259784
779,10,6,1138450,1727050,35.529748,129.027081
780,11,6,1138550,1727050,35.529734,129.0281837
781,12,6,1138650,1727050,35.5297201,129.0292863
782,13,6,1138750,1727050,35.5297061,129.0303889
783,14,6,1138850,1727050,35.5296921,129.0314916
784,15,6,1138950,1727050,35.5296781,129.0325942
785,16,6,1139050,1727050,35.529664,129.0336968
786,17,6,1139150,1727050,35.52965,129.0347995
787,18,6,1139250,1727050,35.529636,129.0359021
788,19,6,1139350,1727050,35.5296219,129.0370047
789,20,6,1139450,1727050,35.5296079,129.0381073
790,21,6,1139550,1727050,35.5295938,129.03921
791,22,6,1139650,1727050,35.5295797,129.0403126
792,23,6,1139750,1727050,35.5295656,129.0414152
793,24,6,1139850,1727050,35.5295515,129.0425178
794,25,6,1139950,1727050,35.5295374,129.0436205
795,26,6,1140050,1727050,35.5295233,129.0447231
796,27,6,1140150,1727050,35.5295092,129.0458257
797,28,6,1140250,1727050,35.529495,129.0469283
798,29,6,1140350,1727050,35.5294809,129.048031
799,30,6,1140450,1727050,35.5294667,129.0491336
800,31,6,1140550,1727050,35.5294526,129.0502362
801,32,6,1140650,1727050,35.5294384,129.0513388
802,33,6,1140750,1727050,35.5294242,129.0524414
803,34,6,1140850,1727050,35.52941,129.053544
804,35,6,1140950,1727050,35.5293958,129.0546467
805,36,6,1141050,1727050,35.5293815,129.0557493
806,37,6,1141150,1727050,35.5293673,129.0568519
807,38,6,1141250,1727050,35.5293531,129.0579545
808,39,6,1141350,1727050,35.5293388,129.0590571
809,40,6,1141450,1727050,35.5293246,129.0601597
810,41,6,1141550,1727050,35.5293103,129.0612623
811,42,6,1141650,1727050,35.529296,129.0623649
812,43,6,1141750,1727050,35.5292817,129.0634675
813,44,6,1141850,1727050,35.5292674,129.0645702
814,45,6,1141950,1727050,35.5292531,129.0656728
815,46,6,1142050,1727050,35.5292388,129.0667754
816,47,6,1142150,1727050,35.5292245,129.067878
817,48,6,1142250,1727050,35.5292101,129.0689806
818,49,6,1142350,1727050,35.5291958,129.0700832
819,50,6,1142450,1727050,35.5291814,129.0711858
820,51,6,1142550,1727050,35.529167,129.0722884
821,52,6,1142650,1727050,35.5291526,129.073391
822,53,6,1142750,1727050,35.5291383,129.0744936
823,54,6,1142850,1727050,35.5291239,129.0755962
824,55,6,1142950,1727050,35.5291094,129.0766988
825,56,6,1143050,1727050,35.529095,129.0778014
826,57,6,1143150,1727050,35.5290806,129.078904
827,58,6,1143250,1727050,35.5290661,129.0800066
828,59,6,1143350,1727050,35.5290517,129.0811092
829,60,6,1143450,1727050,35.5290372,129.0822118
830,61,6,1143550,1727050,35.5290228,129.0833144
831,62,6,1143650,1727050,35.5290083,129.084417
832,63,6,1143750,1727050,35.5289938,129.0855196
833,64,6,1143850,1727050,35.5289793,129.0866221
834,65,6,1143950,1727050,35.5289648,129.0877247
835,66,6,1144050,1727050,35.5289502,129.0888273
836,67,6,1144150,1727050,35.5289357,129.0899299
837,68,6,1144250,1727050,35.5289212,129.0910325
838,69,6,1144350,1727050,35.5289066,129.0921351
839,70,6,1144450,1727050,35.5288921,129.0932377
840,71,6,1144550,1727050,35.5288775,129.0943403
841,72,6,1144650,1727050,35.5288629,129.0954429
842,73,6,1144750,1727050,35.5288483,129.0965454
843,74,6,1144850,1727050,35.5288337,129.097648
844,75,6,1144950,1727050,35.5288191,129.0987506
845,76,6,1145050,1727050,35.5288045,129.0998532
846,77,6,1145150,1727050,35.5287898,129.1009558
847,78,6,1145250,1727050,35.5287752,129.1020584
848,79,6,1145350,1727050,35.5287605,129.1031609
849,80,6,1145450,1727050,35.5287459,129.1042635
850,81,6,1145550,1727050,35.5287312,129.1053661
851,82,6,1145650,1727050,35.5287165,129.1064687
852,83,6,1145750,1727050,35.5287018,129.1075712
853,84,6,1145850,1727050,35.5286871,129.1086738
854,85,6,1145950,1727050,35.5286724,129.1097764
855,86,6,1146050,1727050,35.5286577,129.110879
856,87,6,1146150,1727050,35.5286429,129.1119815
857,88,6,1146250,1727050,35.5286282,129.1130841
858,89,6,1146350,1727050,35.5286134,129.1141867
859,90,6,1146450,1727050,35.5285987,129.1152893
860,91,6,1146550,1727050,35.5285839,129.1163918
861,92,6,1146650,1727050,35.5285691,129.1174944
862,93,6,1146750,1727050,35.5285543,129.118597
863,94,6,1146850,1727050,35.5285395,129.1196995
864,95,6,1146950,1727050,35.5285247,129.1208021
865,96,6,1147050,1727050,35.5285099,129.1219047
866,97,6,1147150,1727050,35.528495,129.1230072
867,98,6,1147250,1727050,35.5284802,129.1241098
868,99,6,1147350,1727050,35.5284653,129.1252124
869,100,6,1147450,1727050,35.5284505,129.1263149
870,101,6,1147550,1727050,35.5284356,129.1274175
871,102,6,1147650,1727050,35.5284207,129.1285201
872,103,6,1147750,1727050,35.5284058,129.1296226
873,104,6,1147850,1727050,35.5283909,129.1307252
874,105,6,1147950,1727050,35.528376,129.1318277
875,106,6,1148050,1727050,35.5283611,129.1329303
876,107,6,1148150,1727050,35.5283461,129.1340329
877,108,6,1148250,1727050,35.5283312,129.1351354
878,109,6,1148350,1727050,35.5283162,129.136238
879,110,6,1148450,1727050,35.5283013,129.1373405
880,111,6,1148550,1727050,35.5282863,129.1384431
881,112,6,1148650,1727050,35.5282713,129.1395456
882,113,6,1148750,1727050,35.5282563,129.1406482
883,114,6,1148850,1727050,35.5282413,129.1417507
884,115,6,1148950,1727050,35.5282263,129.1428533
885,116,6,1149050,1727050,35.5282113,129.1439558
886,117,6,1149150,1727050,35.5281962,129.1450584
887,118,6,1149250,1727050,35.5281812,129.1461609
888,119,6,1149350,1727050,35.5281661,129.1472635
889,120,6,1149450,1727050,35.528151,129.148366
890,121,6,1149550,1727050,35.528136,129.1494686
891,122,6,1149650,1727050,35.5281209,129.1505711
892,123,6,1149750,1727050,35.5281058,129.1516737
893,124,6,1149850,1727050,35.5280907,129.1527762
894,125,6,1149950,1727050,35.5280756,129.1538788
895,126,6,1150050,1727050,35.5280604,129.1549813
896,127,6,1150150,1727050,35.5280453,129.1560838
897,127,7,1150150,1727150,35.5289466,129.1561024
898,126,7,1150050,1727150,35.5289617,129.1549998
899,125,7,1149950,1727150,35.5289768,129.1538973
900,124,7,1149850,1727150,35.528992,129.1527947
901,123,7,1149750,1727150,35.5290071,129.1516922
902,122,7,1149650,1727150,35.5290222,129.1505896
903,121,7,1149550,1727150,35.5290373,129.149487
904,120,7,1149450,1727150,35.5290523,129.1483845
905,119,7,1149350,1727150,35.5290674,129.1472819
906,118,7,1149250,1727150,35.5290825,129.1461794
907,117,7,1149150,1727150,35.5290975,129.1450768
908,116,7,1149050,1727150,35.5291125,129.1439742
909,115,7,1148950,1727150,35.5291276,129.1428717
910,114,7,1148850,1727150,35.5291426,129.1417691
911,113,7,1148750,1727150,35.5291576,129.1406665
912,112,7,1148650,1727150,35.5291726,129.139564
913,111,7,1148550,1727150,35.5291876,129.1384614
914,110,7,1148450,1727150,35.5292026,129.1373588
915,109,7,1148350,1727150,35.5292175,129.1362563
916,108,7,1148250,1727150,35.5292325,129.1351537
917,107,7,1148150,1727150,35.5292474,129.1340511
918,106,7,1148050,1727150,35.5292624,129.1329486
919,105,7,1147950,1727150,35.5292773,129.131846
920,104,7,1147850,1727150,35.5292922,129.1307434
921,103,7,1147750,1727150,35.5293071,129.1296409
922,102,7,1147650,1727150,35.529322,129.1285383
923,101,7,1147550,1727150,35.5293369,129.1274357
924,100,7,1147450,1727150,35.5293518,129.1263331
925,99,7,1147350,1727150,35.5293666,129.1252306
926,98,7,1147250,1727150,35.5293815,129.124128
927,97,7,1147150,1727150,35.5293963,129.1230254
928,96,7,1147050,1727150,35.5294112,129.1219228
929,95,7,1146950,1727150,35.529426,129.1208202
930,94,7,1146850,1727150,35.5294408,129.1197177
931,93,7,1146750,1727150,35.5294556,129.1186151
932,92,7,1146650,1727150,35.5294704,129.1175125
933,91,7,1146550,1727150,35.5294852,129.1164099
934,90,7,1146450,1727150,35.5295,129.1153073
935,89,7,1146350,1727150,35.5295147,129.1142048
936,88,7,1146250,1727150,35.5295295,129.1131022
937,87,7,1146150,1727150,35.5295442,129.1119996
938,86,7,1146050,1727150,35.529559,129.110897
939,85,7,1145950,1727150,35.5295737,129.1097944
940,84,7,1145850,1727150,35.5295884,129.1086918
941,83,7,1145750,1727150,35.5296031,129.1075892
942,82,7,1145650,1727150,35.5296178,129.1064866
943,81,7,1145550,1727150,35.5296325,129.1053841
944,80,7,1145450,1727150,35.5296472,129.1042815
945,79,7,1145350,1727150,35.5296618,129.1031789
946,78,7,1145250,1727150,35.5296765,129.1020763
947,77,7,1145150,1727150,35.5296911,129.1009737
948,76,7,1145050,1727150,35.5297058,129.0998711
949,75,7,1144950,1727150,35.5297204,129.0987685
950,74,7,1144850,1727150,35.529735,129.0976659
951,73,7,1144750,1727150,35.5297496,129.0965633
952,72,7,1144650,1727150,35.5297642,129.0954607
953,71,7,1144550,1727150,35.5297788,129.0943581
954,70,7,1144450,1727150,35.5297934,129.0932555
955,69,7,1144350,1727150,35.5298079,129.0921529
956,68,7,1144250,1727150,35.5298225,129.0910503
957,67,7,1144150,1727150,35.529837,129.0899477
958,66,7,1144050,1727150,35.5298516,129.0888451
959,65,7,1143950,1727150,35.5298661,129.0877425
960,64,7,1143850,1727150,35.5298806,129.0866399
961,63,7,1143750,1727150,35.5298951,129.0855373
962,62,7,1143650,1727150,35.5299096,129.0844347
963,61,7,1143550,1727150,35.5299241,129.0833321
964,60,7,1143450,1727150,35.5299386,129.0822295
965,59,7,1143350,1727150,35.529953,129.0811269
966,58,7,1143250,1727150,35.5299675,129.0800243
967,57,7,1143150,1727150,35.5299819,129.0789216
968,56,7,1143050,1727150,35.5299963,129.077819
969,55,7,1142950,1727150,35.5300108,129.0767164
970,54,7,1142850,1727150,35.5300252,129.0756138
971,53,7,1142750,1727150,35.5300396,129.0745112
972,52,7,1142650,1727150,35.530054,129.0734086
973,51,7,1142550,1727150,35.5300684,129.072306
974,50,7,1142450,1727150,35.5300827,129.0712034
975,49,7,1142350,1727150,35.5300971,129.0701007
976,48,7,1142250,1727150,35.5301114,129.0689981
977,47,7,1142150,1727150,35.5301258,129.0678955
978,46,7,1142050,1727150,35.5301401,129.0667929
979,45,7,1141950,1727150,35.5301544,129.0656903
980,44,7,1141850,1727150,35.5301687,129.0645877
981,43,7,1141750,1727150,35.5301831,129.063485
982,42,7,1141650,1727150,35.5301973,129.0623824
983,41,7,1141550,1727150,35.5302116,129.0612798
984,40,7,1141450,1727150,35.5302259,129.0601772
985,39,7,1141350,1727150,35.5302402,129.0590745
986,38,7,1141250,1727150,35.5302544,129.0579719
987,37,7,1141150,1727150,35.5302687,129.0568693
988,36,7,1141050,1727150,35.5302829,129.0557667
989,35,7,1140950,1727150,35.5302971,129.054664
990,34,7,1140850,1727150,35.5303113,129.0535614
991,33,7,1140750,1727150,35.5303255,129.0524588
992,32,7,1140650,1727150,35.5303397,129.0513562
993,31,7,1140550,1727150,35.5303539,129.0502535
994,30,7,1140450,1727150,35.5303681,129.0491509
995,29,7,1140350,1727150,35.5303822,129.0480483
996,28,7,1140250,1727150,35.5303964,129.0469456
997,27,7,1140150,1727150,35.5304105,129.045843
998,26,7,1140050,1727150,35.5304246,129.0447404
999,25,7,1139950,1727150,35.5304388,129.0436377
1000,24,7,1139850,1727150,35.5304529,129.0425351
1001,23,7,1139750,1727150,35.530467,129.0414325
1002,22,7,1139650,1727150,35.5304811,129.0403298
1003,21,7,1139550,1727150,35.5304951,129.0392272
1004,20,7,1139450,1727150,35.5305092,129.0381246
1005,19,7,1139350,1727150,35.5305233,129.0370219
1006,18,7,1139250,1727150,35.5305373,129.0359193
1007,17,7,1139150,1727150,35.5305514,129.0348166
1008,16,7,1139050,1727150,35.5305654,129.033714
1009,15,7,1138950,1727150,35.5305794,129.0326114
1010,14,7,1138850,1727150,35.5305934,129.0315087
1011,13,7,1138750,1727150,35.5306074,129.0304061
1012,12,7,1138650,1727150,35.5306214,129.0293034
1013,11,7,1138550,1727150,35.5306354,129.0282008
1014,10,7,1138450,1727150,35.5306494,129.0270981
1015,9,7,1138350,1727150,35.5306633,129.0259955
1016,8,7,1138250,1727150,35.5306773,129.0248928
1017,7,7,1138150,1727150,35.5306912,129.0237902
1018,6,7,1138050,1727150,35.5307051,129.0226875
1019,5,7,1137950,1727150,35.5307191,129.0215849
1020,4,7,1137850,1727150,35.530733,129.0204822
1021,3,7,1137750,1727150,35.5307469,129.0193796
1022,2,7,1137650,1727150,35.5307607,129.0182769
1023,1,7,1137550,1727150,35.5307746,129.0171743
1024,0,7,1137450,1727150,35.5307885,129.0160716
1025,0,8,1137450,1727250,35.5316898,129.0160886
1026,1,8,1137550,1727250,35.531676,129.0171913
1027,2,8,1137650,1727250,35.5316621,129.0182939
1028,3,8,1137750,1727250,35.5316482,129.0193966
1029,4,8,1137850,1727250,35.5316343,129.0204993
1030,5,8,1137950,1727250,35.5316204,129.0216019
1031,6,8,1138050,1727250,35.5316065,129.0227046
1032,7,8,1138150,1727250,35.5315926,129.0238072
1033,8,8,1138250,1727250,35.5315786,129.0249099
1034,9,8,1138350,1727250,35.5315647,129.0260126
1035,10,8,1138450,1727250,35.5315507,129.0271152
1036,11,8,1138550,1727250,35.5315367,129.0282179
1037,12,8,1138650,1727250,35.5315228,129.0293205
1038,13,8,1138750,1727250,35.5315088,129.0304232
1039,14,8,1138850,1727250,35.5314948,129.0315258
1040,15,8,1138950,1727250,35.5314808,129.0326285
1041,16,8,1139050,1727250,35.5314667,129.0337312
1042,17,8,1139150,1727250,35.5314527,129.0348338
1043,18,8,1139250,1727250,35.5314387,129.0359365
1044,19,8,1139350,1727250,35.5314246,129.0370391
1045,20,8,1139450,1727250,35.5314106,129.0381418
1046,21,8,1139550,1727250,35.5313965,129.0392444
1047,22,8,1139650,1727250,35.5313824,129.0403471
1048,23,8,1139750,1727250,35.5313683,129.0414497
1049,24,8,1139850,1727250,35.5313542,129.0425524
1050,25,8,1139950,1727250,35.5313401,129.043655
1051,26,8,1140050,1727250,35.531326,129.0447576
1052,27,8,1140150,1727250,35.5313118,129.0458603
1053,28,8,1140250,1727250,35.5312977,129.0469629
1054,29,8,1140350,1727250,35.5312836,129.0480656
1055,30,8,1140450,1727250,35.5312694,129.0491682
1056,31,8,1140550,1727250,35.5312552,129.0502709
1057,32,8,1140650,1727250,35.531241,129.0513735
1058,33,8,1140750,1727250,35.5312268,129.0524762
1059,34,8,1140850,1727250,35.5312126,129.0535788
1060,35,8,1140950,1727250,35.5311984,129.0546814
1061,36,8,1141050,1727250,35.5311842,129.0557841
1062,37,8,1141150,1727250,35.53117,129.0568867
1063,38,8,1141250,1727250,35.5311557,129.0579893
1064,39,8,1141350,1727250,35.5311415,129.059092
1065,40,8,1141450,1727250,35.5311272,129.0601946
1066,41,8,1141550,1727250,35.531113,129.0612973
1067,42,8,1141650,1727250,35.5310987,129.0623999
1068,43,8,1141750,1727250,35.5310844,129.0635025
1069,44,8,1141850,1727250,35.5310701,129.0646052
1070,45,8,1141950,1727250,35.5310558,129.0657078
1071,46,8,1142050,1727250,35.5310414,129.0668104
1072,47,8,1142150,1727250,35.5310271,129.067913
1073,48,8,1142250,1727250,35.5310128,129.0690157
1074,49,8,1142350,1727250,35.5309984,129.0701183
1075,50,8,1142450,1727250,35.5309841,129.0712209
1076,51,8,1142550,1727250,35.5309697,129.0723236
1077,52,8,1142650,1727250,35.5309553,129.0734262
1078,53,8,1142750,1727250,35.5309409,129.0745288
1079,54,8,1142850,1727250,35.5309265,129.0756314
1080,55,8,1142950,1727250,35.5309121,129.0767341
1081,56,8,1143050,1727250,35.5308977,129.0778367
1082,57,8,1143150,1727250,35.5308832,129.0789393
1083,58,8,1143250,1727250,35.5308688,129.0800419
1084,59,8,1143350,1727250,35.5308543,129.0811445
1085,60,8,1143450,1727250,35.5308399,129.0822472
1086,61,8,1143550,1727250,35.5308254,129.0833498
1087,62,8,1143650,1727250,35.5308109,129.0844524
1088,63,8,1143750,1727250,35.5307964,129.085555
1089,64,8,1143850,1727250,35.5307819,129.0866576
1090,65,8,1143950,1727250,35.5307674,129.0877603
1091,66,8,1144050,1727250,35.5307529,129.0888629
1092,67,8,1144150,1727250,35.5307383,129.0899655
1093,68,8,1144250,1727250,35.5307238,129.0910681
1094,69,8,1144350,1727250,35.5307092,129.0921707
1095,70,8,1144450,1727250,35.5306947,129.0932733
1096,71,8,1144550,1727250,35.5306801,129.0943759
1097,72,8,1144650,1727250,35.5306655,129.0954785
1098,73,8,1144750,1727250,35.5306509,129.0965812
1099,74,8,1144850,1727250,35.5306363,129.0976838
1100,75,8,1144950,1727250,35.5306217,129.0987864
1101,76,8,1145050,1727250,35.5306071,129.099889
1102,77,8,1145150,1727250,35.5305924,129.1009916
1103,78,8,1145250,1727250,35.5305778,129.1020942
1104,79,8,1145350,1727250,35.5305632,129.1031968
1105,80,8,1145450,1727250,35.5305485,129.1042994
1106,81,8,1145550,1727250,35.5305338,129.105402
1107,82,8,1145650,1727250,35.5305191,129.1065046
1108,83,8,1145750,1727250,35.5305044,129.1076072
1109,84,8,1145850,1727250,35.5304897,129.1087098
1110,85,8,1145950,1727250,35.530475,129.1098124
1111,86,8,1146050,1727250,35.5304603,129.110915
1112,87,8,1146150,1727250,35.5304455,129.1120176
1113,88,8,1146250,1727250,35.5304308,129.1131202
1114,89,8,1146350,1727250,35.530416,129.1142228
1115,90,8,1146450,1727250,35.5304013,129.1153254
1116,91,8,1146550,1727250,35.5303865,129.116428
1117,92,8,1146650,1727250,35.5303717,129.1175306
1118,93,8,1146750,1727250,35.5303569,129.1186332
1119,94,8,1146850,1727250,35.5303421,129.1197358
1120,95,8,1146950,1727250,35.5303273,129.1208384
1121,96,8,1147050,1727250,35.5303125,129.121941
1122,97,8,1147150,1727250,35.5302976,129.1230436
1123,98,8,1147250,1727250,35.5302828,129.1241461
1124,99,8,1147350,1727250,35.5302679,129.1252487
1125,100,8,1147450,1727250,35.5302531,129.1263513
1126,101,8,1147550,1727250,35.5302382,129.1274539
1127,102,8,1147650,1727250,35.5302233,129.1285565
1128,103,8,1147750,1727250,35.5302084,129.1296591
1129,104,8,1147850,1727250,35.5301935,129.1307617
1130,105,8,1147950,1727250,35.5301786,129.1318643
1131,106,8,1148050,1727250,35.5301637,129.1329668
1132,107,8,1148150,1727250,35.5301487,129.1340694
1133,108,8,1148250,1727250,35.5301338,129.135172
1134,109,8,1148350,1727250,35.5301188,129.1362746
1135,110,8,1148450,1727250,35.5301039,129.1373772
1136,111,8,1148550,1727250,35.5300889,129.1384797
1137,112,8,1148650,1727250,35.5300739,129.1395823
1138,113,8,1148750,1727250,35.5300589,129.1406849
1139,114,8,1148850,1727250,35.5300439,129.1417875
1140,115,8,1148950,1727250,35.5300289,129.14289
1141,116,8,1149050,1727250,35.5300138,129.1439926
1142,117,8,1149150,1727250,35.5299988,129.1450952
1143,118,8,1149250,1727250,35.5299838,129.1461978
1144,119,8,1149350,1727250,35.5299687,129.1473003
1145,120,8,1149450,1727250,35.5299536,129.1484029
1146,121,8,1149550,1727250,35.5299385,129.1495055
1147,122,8,1149650,1727250,35.5299235,129.1506081
1148,123,8,1149750,1727250,35.5299084,129.1517106
1149,124,8,1149850,1727250,35.5298933,129.1528132
1150,125,8,1149950,1727250,35.5298781,129.1539158
1151,126,8,1150050,1727250,35.529863,129.1550183
1152,127,8,1150150,1727250,35.5298479,129.1561209
1153,127,9,1150150,1727350,35.5307492,129.1561394
1154,126,9,1150050,1727350,35.5307643,129.1550368
1155,125,9,1149950,1727350,35.5307794,129.1539343
1156,124,9,1149850,1727350,35.5307945,129.1528317
1157,123,9,1149750,1727350,35.5308097,129.1517291
1158,122,9,1149650,1727350,35.5308247,129.1506265
1159,121,9,1149550,1727350,35.5308398,129.1495239
1160,120,9,1149450,1727350,35.5308549,129.1484214
1161,119,9,1149350,1727350,35.53087,129.1473188
1162,118,9,1149250,1727350,35.530885,129.1462162
1163,117,9,1149150,1727350,35.5309001,129.1451136
1164,116,9,1149050,1727350,35.5309151,129.144011
1165,115,9,1148950,1727350,35.5309302,129.1429084
1166,114,9,1148850,1727350,35.5309452,129.1418058
1167,113,9,1148750,1727350,35.5309602,129.1407032
1168,112,9,1148650,1727350,35.5309752,129.1396007
1169,111,9,1148550,1727350,35.5309902,129.1384981
1170,110,9,1148450,1727350,35.5310051,129.1373955
1171,109,9,1148350,1727350,35.5310201,129.1362929
1172,108,9,1148250,1727350,35.5310351,129.1351903
1173,107,9,1148150,1727350,35.53105,129.1340877
1174,106,9,1148050,1727350,35.531065,129.1329851
1175,105,9,1147950,1727350,35.5310799,129.1318825
1176,104,9,1147850,1727350,35.5310948,129.1307799
1177,103,9,1147750,1727350,35.5311097,129.1296773
1178,102,9,1147650,1727350,35.5311246,129.1285747
1179,101,9,1147550,1727350,35.5311395,129.1274721
1180,100,9,1147450,1727350,35.5311544,129.1263695
1181,99,9,1147350,1727350,35.5311692,129.1252669
1182,98,9,1147250,1727350,35.5311841,129.1241643
1183,97,9,1147150,1727350,35.5311989,129.1230617
1184,96,9,1147050,1727350,35.5312138,129.1219591
1185,95,9,1146950,1727350,35.5312286,129.1208565
1186,94,9,1146850,1727350,35.5312434,129.1197539
1187,93,9,1146750,1727350,35.5312582,129.1186513
1188,92,9,1146650,1727350,35.531273,129.1175487
1189,91,9,1146550,1727350,35.5312878,129.1164461
1190,90,9,1146450,1727350,35.5313026,129.1153435
1191,89,9,1146350,1727350,35.5313174,129.1142409
1192,88,9,1146250,1727350,35.5313321,129.1131383
1193,87,9,1146150,1727350,35.5313469,129.1120356
1194,86,9,1146050,1727350,35.5313616,129.110933
1195,85,9,1145950,1727350,35.5313763,129.1098304
1196,84,9,1145850,1727350,35.531391,129.1087278
1197,83,9,1145750,1727350,35.5314057,129.1076252
1198,82,9,1145650,1727350,35.5314204,129.1065226
1199,81,9,1145550,1727350,35.5314351,129.10542
1200,80,9,1145450,1727350,35.5314498,129.1043174
1201,79,9,1145350,1727350,35.5314645,129.1032147
1202,78,9,1145250,1727350,35.5314791,129.1021121
1203,77,9,1145150,1727350,35.5314938,129.1010095
1204,76,9,1145050,1727350,35.5315084,129.0999069
1205,75,9,1144950,1727350,35.531523,129.0988043
1206,74,9,1144850,1727350,35.5315376,129.0977016
1207,73,9,1144750,1727350,35.5315522,129.096599
1208,72,9,1144650,1727350,35.5315668,129.0954964
1209,71,9,1144550,1727350,35.5315814,129.0943938
1210,70,9,1144450,1727350,35.531596,129.0932912
1211,69,9,1144350,1727350,35.5316106,129.0921885
1212,68,9,1144250,1727350,35.5316251,129.0910859
1213,67,9,1144150,1727350,35.5316397,129.0899833
1214,66,9,1144050,1727350,35.5316542,129.0888806
1215,65,9,1143950,1727350,35.5316687,129.087778
1216,64,9,1143850,1727350,35.5316832,129.0866754
1217,63,9,1143750,1727350,35.5316977,129.0855728
1218,62,9,1143650,1727350,35.5317122,129.0844701
1219,61,9,1143550,1727350,35.5317267,129.0833675
1220,60,9,1143450,1727350,35.5317412,129.0822649
1221,59,9,1143350,1727350,35.5317557,129.0811622
1222,58,9,1143250,1727350,35.5317701,129.0800596
1223,57,9,1143150,1727350,35.5317846,129.078957
1224,56,9,1143050,1727350,35.531799,129.0778543
1225,55,9,1142950,1727350,35.5318134,129.0767517
1226,54,9,1142850,1727350,35.5318278,129.0756491
1227,53,9,1142750,1727350,35.5318422,129.0745464
1228,52,9,1142650,1727350,35.5318566,129.0734438
1229,51,9,1142550,1727350,35.531871,129.0723412
1230,50,9,1142450,1727350,35.5318854,129.0712385
1231,49,9,1142350,1727350,35.5318997,129.0701359
1232,48,9,1142250,1727350,35.5319141,129.0690332
1233,47,9,1142150,1727350,35.5319284,129.0679306
1234,46,9,1142050,1727350,35.5319428,129.0668279
1235,45,9,1141950,1727350,35.5319571,129.0657253
1236,44,9,1141850,1727350,35.5319714,129.0646227
1237,43,9,1141750,1727350,35.5319857,129.06352
1238,42,9,1141650,1727350,35.532,129.0624174
1239,41,9,1141550,1727350,35.5320143,129.0613147
1240,40,9,1141450,1727350,35.5320286,129.0602121
1241,39,9,1141350,1727350,35.5320428,129.0591094
1242,38,9,1141250,1727350,35.5320571,129.0580068
1243,37,9,1141150,1727350,35.5320713,129.0569041
1244,36,9,1141050,1727350,35.5320855,129.0558015
1245,35,9,1140950,1727350,35.5320998,129.0546988
1246,34,9,1140850,1727350,35.532114,129.0535962
1247,33,9,1140750,1727350,35.5321282,129.0524935
1248,32,9,1140650,1727350,35.5321424,129.0513909
1249,31,9,1140550,1727350,35.5321566,129.0502882
1250,30,9,1140450,1727350,35.5321707,129.0491856
1251,29,9,1140350,1727350,35.5321849,129.0480829
1252,28,9,1140250,1727350,35.532199,129.0469802
1253,27,9,1140150,1727350,35.5322132,129.0458776
1254,26,9,1140050,1727350,35.5322273,129.0447749
1255,25,9,1139950,1727350,35.5322414,129.0436723
1256,24,9,1139850,1727350,35.5322555,129.0425696
1257,23,9,1139750,1727350,35.5322696,129.041467
1258,22,9,1139650,1727350,35.5322837,129.0403643
1259,21,9,1139550,1727350,35.5322978,129.0392616
1260,20,9,1139450,1727350,35.5323119,129.038159
1261,19,9,1139350,1727350,35.532326,129.0370563
1262,18,9,1139250,1727350,35.53234,129.0359536
1263,17,9,1139150,1727350,35.532354,129.034851
1264,16,9,1139050,1727350,35.5323681,129.0337483
1265,15,9,1138950,1727350,35.5323821,129.0326456
1266,14,9,1138850,1727350,35.5323961,129.031543
1267,13,9,1138750,1727350,35.5324101,129.0304403
1268,12,9,1138650,1727350,35.5324241,129.0293376
1269,11,9,1138550,1727350,35.5324381,129.028235
1270,10,9,1138450,1727350,35.532452,129.0271323
1271,9,9,1138350,1727350,35.532466,129.0260296
1272,8,9,1138250,1727350,35.53248,129.024927
1273,7,9,1138150,1727350,35.5324939,129.0238243
1274,6,9,1138050,1727350,35.5325078,129.0227216
1275,5,9,1137950,1727350,35.5325217,129.0216189
1276,4,9,1137850,1727350,35.5325357,129.0205163
1277,3,9,1137750,1727350,35.5325496,129.0194136
1278,2,9,1137650,1727350,35.5325634,129.0183109
1279,1,9,1137550,1727350,35.5325773,129.0172082
1280,0,9,1137450,1727350,35.5325912,129.0161056
1281,0,10,1137450,1727450,35.5334925,129.0161225
1282,1,10,1137550,1727450,35.5334787,129.0172252
1283,2,10,1137650,1727450,35.5334648,129.0183279
1284,3,10,1137750,1727450,35.5334509,129.0194306
1285,4,10,1137850,1727450,35.533437,129.0205333
1286,5,10,1137950,1727450,35.5334231,129.021636
1287,6,10,1138050,1727450,35.5334092,129.0227386
1288,7,10,1138150,1727450,35.5333952,129.0238413
1289,8,10,1138250,1727450,35.5333813,129.024944
1290,9,10,1138350,1727450,35.5333673,129.0260467
1291,10,10,1138450,1727450,35.5333534,129.0271494
1292,11,10,1138550,1727450,35.5333394,129.0282521
1293,12,10,1138650,1727450,35.5333254,129.0293547
1294,13,10,1138750,1727450,35.5333114,129.0304574
1295,14,10,1138850,1727450,35.5332974,129.0315601
1296,15,10,1138950,1727450,35.5332834,129.0326628
1297,16,10,1139050,1727450,35.5332694,129.0337655
1298,17,10,1139150,1727450,35.5332554,129.0348681
1299,18,10,1139250,1727450,35.5332413,129.0359708
1300,19,10,1139350,1727450,35.5332273,129.0370735
1301,20,10,1139450,1727450,35.5332132,129.0381762
1302,21,10,1139550,1727450,35.5331992,129.0392788
1303,22,10,1139650,1727450,35.5331851,129.0403815
1304,23,10,1139750,1727450,35.533171,129.0414842
1305,24,10,1139850,1727450,35.5331569,129.0425869
1306,25,10,1139950,1727450,35.5331428,129.0436895
1307,26,10,1140050,1727450,35.5331286,129.0447922
1308,27,10,1140150,1727450,35.5331145,129.0458949
1309,28,10,1140250,1727450,35.5331004,129.0469976
1310,29,10,1140350,1727450,35.5330862,129.0481002
1311,30,10,1140450,1727450,35.5330721,129.0492029
1312,31,10,1140550,1727450,35.5330579,129.0503056
1313,32,10,1140650,1727450,35.5330437,129.0514082
1314,33,10,1140750,1727450,35.5330295,129.0525109
1315,34,10,1140850,1727450,35.5330153,129.0536136
1316,35,10,1140950,1727450,35.5330011,129.0547162
1317,36,10,1141050,1727450,35.5329869,129.0558189
1318,37,10,1141150,1727450,35.5329726,129.0569215
1319,38,10,1141250,1727450,35.5329584,129.0580242
1320,39,10,1141350,1727450,35.5329441,129.0591269
1321,40,10,1141450,1727450,35.5329299,129.0602295
1322,41,10,1141550,1727450,35.5329156,129.0613322
1323,42,10,1141650,1727450,35.5329013,129.0624348
1324,43,10,1141750,1727450,35.532887,129.0635375
1325,44,10,1141850,1727450,35.5328727,129.0646402
1326,45,10,1141950,1727450,35.5328584,129.0657428
1327,46,10,1142050,1727450,35.5328441,129.0668455
1328,47,10,1142150,1727450,35.5328298,129.0679481
1329,48,10,1142250,1727450,35.5328154,129.0690508
1330,49,10,1142350,1727450,35.5328011,129.0701534
1331,50,10,1142450,1727450,35.5327867,129.0712561
1332,51,10,1142550,1727450,35.5327723,129.0723587
1333,52,10,1142650,1727450,35.5327579,129.0734614
1334,53,10,1142750,1727450,35.5327435,129.074564
1335,54,10,1142850,1727450,35.5327291,129.0756667
1336,55,10,1142950,1727450,35.5327147,129.0767693
1337,56,10,1143050,1727450,35.5327003,129.077872
1338,57,10,1143150,1727450,35.5326859,129.0789746
1339,58,10,1143250,1727450,35.5326714,129.0800773
1340,59,10,1143350,1727450,35.532657,129.0811799
1341,60,10,1143450,1727450,35.5326425,129.0822826
1342,61,10,1143550,1727450,35.532628,129.0833852
1343,62,10,1143650,1727450,35.5326136,129.0844879
1344,63,10,1143750,1727450,35.5325991,129.0855905
1345,64,10,1143850,1727450,35.5325846,129.0866931
1346,65,10,1143950,1727450,35.53257,129.0877958
1347,66,10,1144050,1727450,35.5325555,129.0888984
1348,67,10,1144150,1727450,35.532541,129.0900011
1349,68,10,1144250,1727450,35.5325264,129.0911037
1350,69,10,1144350,1727450,35.5325119,129.0922063
1351,70,10,1144450,1727450,35.5324973,129.093309
1352,71,10,1144550,1727450,35.5324827,129.0944116
1353,72,10,1144650,1727450,35.5324682,129.0955142
1354,73,10,1144750,1727450,35.5324536,129.0966169
1355,74,10,1144850,1727450,35.532439,129.0977195
1356,75,10,1144950,1727450,35.5324243,129.0988221
1357,76,10,1145050,1727450,35.5324097,129.0999248
1358,77,10,1145150,1727450,35.5323951,129.1010274
1359,78,10,1145250,1727450,35.5323804,129.10213
1360,79,10,1145350,1727450,35.5323658,129.1032327
1361,80,10,1145450,1727450,35.5323511,129.1043353
1362,81,10,1145550,1727450,35.5323364,129.1054379
1363,82,10,1145650,1727450,35.5323217,129.1065406
1364,83,10,1145750,1727450,35.532307,129.1076432
1365,84,10,1145850,1727450,35.5322923,129.1087458
1366,85,10,1145950,1727450,35.5322776,129.1098484
1367,86,10,1146050,1727450,35.5322629,129.1109511
1368,87,10,1146150,1727450,35.5322482,129.1120537
1369,88,10,1146250,1727450,35.5322334,129.1131563
1370,89,10,1146350,1727450,35.5322187,129.1142589
1371,90,10,1146450,1727450,35.5322039,129.1153615
1372,91,10,1146550,1727450,35.5321891,129.1164642
1373,92,10,1146650,1727450,35.5321743,129.1175668
1374,93,10,1146750,1727450,35.5321595,129.1186694
1375,94,10,1146850,1727450,35.5321447,129.119772
1376,95,10,1146950,1727450,35.5321299,129.1208746
1377,96,10,1147050,1727450,35.5321151,129.1219773
1378,97,10,1147150,1727450,35.5321002,129.1230799
1379,98,10,1147250,1727450,35.5320854,129.1241825
1380,99,10,1147350,1727450,35.5320705,129.1252851
1381,100,10,1147450,1727450,35.5320557,129.1263877
1382,101,10,1147550,1727450,35.5320408,129.1274903
1383,102,10,1147650,1727450,35.5320259,129.1285929
1384,103,10,1147750,1727450,35.532011,129.1296955
1385,104,10,1147850,1727450,35.5319961,129.1307982
1386,105,10,1147950,1727450,35.5319812,129.1319008
1387,106,10,1148050,1727450,35.5319663,129.1330034
1388,107,10,1148150,1727450,35.5319513,129.134106
1389,108,10,1148250,1727450,35.5319364,129.1352086
1390,109,10,1148350,1727450,35.5319214,129.1363112
1391,110,10,1148450,1727450,35.5319064,129.1374138
1392,111,10,1148550,1727450,35.5318915,129.1385164
1393,112,10,1148650,1727450,35.5318765,129.139619
1394,113,10,1148750,1727450,35.5318615,129.1407216
1395,114,10,1148850,1727450,35.5318465,129.1418242
1396,115,10,1148950,1727450,35.5318315,129.1429268
1397,116,10,1149050,1727450,35.5318164,129.1440294
1398,117,10,1149150,1727450,35.5318014,129.145132
1399,118,10,1149250,1727450,35.5317863,129.1462346
1400,119,10,1149350,1727450,35.5317713,129.1473372
1401,120,10,1149450,1727450,35.5317562,129.1484398
1402,121,10,1149550,1727450,35.5317411,129.1495424
1403,122,10,1149650,1727450,35.531726,129.150645
1404,123,10,1149750,1727450,35.5317109,129.1517476
1405,124,10,1149850,1727450,35.5316958,129.1528502
1406,125,10,1149950,1727450,35.5316807,129.1539528
1407,126,10,1150050,1727450,35.5316656,129.1550554
1408,127,10,1150150,1727450,35.5316504,129.1561579
1409,127,11,1150150,1727550,35.5325517,129.1561765
1410,126,11,1150050,1727550,35.5325669,129.1550739
1411,125,11,1149950,1727550,35.532582,129.1539713
1412,124,11,1149850,1727550,35.5325971,129.1528687
1413,123,11,1149750,1727550,35.5326122,129.1517661
1414,122,11,1149650,1727550,35.5326273,129.1506635
1415,121,11,1149550,1727550,35.5326424,129.1495608
1416,120,11,1149450,1727550,35.5326575,129.1484582
1417,119,11,1149350,1727550,35.5326726,129.1473556
1418,118,11,1149250,1727550,35.5326876,129.146253
1419,117,11,1149150,1727550,35.5327027,129.1451504
1420,116,11,1149050,1727550,35.5327177,129.1440478
1421,115,11,1148950,1727550,35.5327327,129.1429452
1422,114,11,1148850,1727550,35.5327478,129.1418426
1423,113,11,1148750,1727550,35.5327628,129.14074
1424,112,11,1148650,1727550,35.5327778,129.1396373
1425,111,11,1148550,1727550,35.5327928,129.1385347
1426,110,11,1148450,1727550,35.5328077,129.1374321
1427,109,11,1148350,1727550,35.5328227,129.1363295
1428,108,11,1148250,1727550,35.5328377,129.1352269
1429,107,11,1148150,1727550,35.5328526,129.1341243
1430,106,11,1148050,1727550,35.5328676,129.1330216
1431,105,11,1147950,1727550,35.5328825,129.131919
1432,104,11,1147850,1727550,35.5328974,129.1308164
1433,103,11,1147750,1727550,35.5329123,129.1297138
1434,102,11,1147650,1727550,35.5329272,129.1286112
1435,101,11,1147550,1727550,35.5329421,129.1275085
1436,100,11,1147450,1727550,35.532957,129.1264059
1437,99,11,1147350,1727550,35.5329718,129.1253033
1438,98,11,1147250,1727550,35.5329867,129.1242007
1439,97,11,1147150,1727550,35.5330015,129.123098
1440,96,11,1147050,1727550,35.5330164,129.1219954
1441,95,11,1146950,1727550,35.5330312,129.1208928
1442,94,11,1146850,1727550,35.533046,129.1197901
1443,93,11,1146750,1727550,35.5330608,129.1186875
1444,92,11,1146650,1727550,35.5330756,129.1175849
1445,91,11,1146550,1727550,35.5330904,129.1164822
1446,90,11,1146450,1727550,35.5331052,129.1153796
1447,89,11,1146350,1727550,35.53312,129.114277
1448,88,11,1146250,1727550,35.5331347,129.1131743
1449,87,11,1146150,1727550,35.5331495,129.1120717
1450,86,11,1146050,1727550,35.5331642,129.1109691
1451,85,11,1145950,1727550,35.5331789,129.1098664
1452,84,11,1145850,1727550,35.5331936,129.1087638
1453,83,11,1145750,1727550,35.5332084,129.1076612
1454,82,11,1145650,1727550,35.5332231,129.1065585
1455,81,11,1145550,1727550,35.5332377,129.1054559
1456,80,11,1145450,1727550,35.5332524,129.1043532
1457,79,11,1145350,1727550,35.5332671,129.1032506
1458,78,11,1145250,1727550,35.5332817,129.102148
1459,77,11,1145150,1727550,35.5332964,129.1010453
1460,76,11,1145050,1727550,35.533311,129.0999427
1461,75,11,1144950,1727550,35.5333256,129.09884
1462,74,11,1144850,1727550,35.5333403,129.0977374
1463,73,11,1144750,1727550,35.5333549,129.0966347
1464,72,11,1144650,1727550,35.5333695,129.0955321
1465,71,11,1144550,1727550,35.5333841,129.0944294
1466,70,11,1144450,1727550,35.5333986,129.0933268
1467,69,11,1144350,1727550,35.5334132,129.0922242
1468,68,11,1144250,1727550,35.5334277,129.0911215
1469,67,11,1144150,1727550,35.5334423,129.0900188
1470,66,11,1144050,1727550,35.5334568,129.0889162
1471,65,11,1143950,1727550,35.5334714,129.0878135
1472,64,11,1143850,1727550,35.5334859,129.0867109
1473,63,11,1143750,1727550,35.5335004,129.0856082
1474,62,11,1143650,1727550,35.5335149,129.0845056
1475,61,11,1143550,1727550,35.5335294,129.0834029
1476,60,11,1143450,1727550,35.5335438,129.0823003
1477,59,11,1143350,1727550,35.5335583,129.0811976
1478,58,11,1143250,1727550,35.5335727,129.080095
1479,57,11,1143150,1727550,35.5335872,129.0789923
1480,56,11,1143050,1727550,35.5336016,129.0778896
1481,55,11,1142950,1727550,35.5336161,129.076787
1482,54,11,1142850,1727550,35.5336305,129.0756843
1483,53,11,1142750,1727550,35.5336449,129.0745817
1484,52,11,1142650,1727550,35.5336593,129.073479
1485,51,11,1142550,1727550,35.5336737,129.0723763
1486,50,11,1142450,1727550,35.533688,129.0712737
1487,49,11,1142350,1727550,35.5337024,129.070171
1488,48,11,1142250,1727550,35.5337167,129.0690683
1489,47,11,1142150,1727550,35.5337311,129.0679657
1490,46,11,1142050,1727550,35.5337454,129.066863
1491,45,11,1141950,1727550,35.5337597,129.0657603
1492,44,11,1141850,1727550,35.5337741,129.0646577
1493,43,11,1141750,1727550,35.5337884,129.063555
1494,42,11,1141650,1727550,35.5338027,129.0624523
1495,41,11,1141550,1727550,35.5338169,129.0613497
1496,40,11,1141450,1727550,35.5338312,129.060247
1497,39,11,1141350,1727550,35.5338455,129.0591443
1498,38,11,1141250,1727550,35.5338597,129.0580416
1499,37,11,1141150,1727550,35.533874,129.056939
1500,36,11,1141050,1727550,35.5338882,129.0558363
1501,35,11,1140950,1727550,35.5339024,129.0547336
1502,34,11,1140850,1727550,35.5339166,129.0536309
1503,33,11,1140750,1727550,35.5339308,129.0525283
1504,32,11,1140650,1727550,35.533945,129.0514256
1505,31,11,1140550,1727550,35.5339592,129.0503229
1506,30,11,1140450,1727550,35.5339734,129.0492202
1507,29,11,1140350,1727550,35.5339876,129.0481175
1508,28,11,1140250,1727550,35.5340017,129.0470149
1509,27,11,1140150,1727550,35.5340159,129.0459122
1510,26,11,1140050,1727550,35.53403,129.0448095
1511,25,11,1139950,1727550,35.5340441,129.0437068
1512,24,11,1139850,1727550,35.5340582,129.0426041
1513,23,11,1139750,1727550,35.5340723,129.0415014
1514,22,11,1139650,1727550,35.5340864,129.0403988
1515,21,11,1139550,1727550,35.5341005,129.0392961
1516,20,11,1139450,1727550,35.5341146,129.0381934
1517,19,11,1139350,1727550,35.5341286,129.0370907
1518,18,11,1139250,1727550,35.5341427,129.035988
1519,17,11,1139150,1727550,35.5341567,129.0348853
1520,16,11,1139050,1727550,35.5341708,129.0337826
1521,15,11,1138950,1727550,35.5341848,129.0326799
1522,14,11,1138850,1727550,35.5341988,129.0315772
1523,13,11,1138750,1727550,35.5342128,129.0304746
1524,12,11,1138650,1727550,35.5342268,129.0293719
1525,11,11,1138550,1727550,35.5342408,129.0282692
1526,10,11,1138450,1727550,35.5342547,129.0271665
1527,9,11,1138350,1727550,35.5342687,129.0260638
1528,8,11,1138250,1727550,35.5342826,129.0249611
1529,7,11,1138150,1727550,35.5342966,129.0238584
1530,6,11,1138050,1727550,35.5343105,129.0227557
1531,5,11,1137950,1727550,35.5343244,129.021653
1532,4,11,1137850,1727550,35.5343383,129.0205503
1533,3,11,1137750,1727550,35.5343522,129.0194476
1534,2,11,1137650,1727550,35.5343661,129.0183449
1535,1,11,1137550,1727550,35.53438,129.0172422
1536,0,11,1137450,1727550,35.5343939,129.0161395
1537,0,12,1137450,1727650,35.5352952,129.0161564
1538,1,12,1137550,1727650,35.5352814,129.0172592
1539,2,12,1137650,1727650,35.5352675,129.0183619
1540,3,12,1137750,1727650,35.5352536,129.0194646
1541,4,12,1137850,1727650,35.5352397,129.0205673
1542,5,12,1137950,1727650,35.5352258,129.02167
1543,6,12,1138050,1727650,35.5352119,129.0227727
1544,7,12,1138150,1727650,35.5351979,129.0238754
1545,8,12,1138250,1727650,35.535184,129.0249781
1546,9,12,1138350,1727650,35.53517,129.0260808
1547,10,12,1138450,1727650,35.5351561,129.0271836
1548,11,12,1138550,1727650,35.5351421,129.0282863
1549,12,12,1138650,1727650,35.5351281,129.029389
1550,13,12,1138750,1727650,35.5351141,129.0304917
1551,14,12,1138850,1727650,35.5351001,129.0315944
1552,15,12,1138950,1727650,35.5350861,129.0326971
1553,16,12,1139050,1727650,35.5350721,129.0337998
1554,17,12,1139150,1727650,35.5350581,129.0349025
1555,18,12,1139250,1727650,35.535044,129.0360052
1556,19,12,1139350,1727650,35.53503,129.0371079
1557,20,12,1139450,1727650,35.5350159,129.0382106
1558,21,12,1139550,1727650,35.5350018,129.0393133
1559,22,12,1139650,1727650,35.5349878,129.040416
1560,23,12,1139750,1727650,35.5349737,129.0415187
1561,24,12,1139850,1727650,35.5349596,129.0426214
1562,25,12,1139950,1727650,35.5349454,129.0437241
1563,26,12,1140050,1727650,35.5349313,129.0448268
1564,27,12,1140150,1727650,35.5349172,129.0459295
1565,28,12,1140250,1727650,35.534903,129.0470322
1566,29,12,1140350,1727650,35.5348889,129.0481349
1567,30,12,1140450,1727650,35.5348747,129.0492376
1568,31,12,1140550,1727650,35.5348606,129.0503402
1569,32,12,1140650,1727650,35.5348464,129.0514429
1570,33,12,1140750,1727650,35.5348322,129.0525456
1571,34,12,1140850,1727650,35.534818,129.0536483
1572,35,12,1140950,1727650,35.5348038,129.054751
1573,36,12,1141050,1727650,35.5347895,129.0558537
1574,37,12,1141150,1727650,35.5347753,129.0569564
1575,38,12,1141250,1727650,35.5347611,129.0580591
1576,39,12,1141350,1727650,35.5347468,129.0591618
1577,40,12,1141450,1727650,35.5347325,129.0602644
1578,41,12,1141550,1727650,35.5347183,129.0613671
1579,42,12,1141650,1727650,35.534704,129.0624698
1580,43,12,1141750,1727650,35.5346897,129.0635725
1581,44,12,1141850,1727650,35.5346754,129.0646752
1582,45,12,1141950,1727650,35.5346611,129.0657779
1583,46,12,1142050,1727650,35.5346467,129.0668805
1584,47,12,1142150,1727650,35.5346324,129.0679832
1585,48,12,1142250,1727650,35.5346181,129.0690859
1586,49,12,1142350,1727650,35.5346037,129.0701886
1587,50,12,1142450,1727650,35.5345894,129.0712912
1588,51,12,1142550,1727650,35.534575,129.0723939
1589,52,12,1142650,1727650,35.5345606,129.0734966
1590,53,12,1142750,1727650,35.5345462,129.0745993
1591,54,12,1142850,1727650,35.5345318,129.0757019
1592,55,12,1142950,1727650,35.5345174,129.0768046
1593,56,12,1143050,1727650,35.534503,129.0779073
1594,57,12,1143150,1727650,35.5344885,129.07901
1595,58,12,1143250,1727650,35.5344741,129.0801126
1596,59,12,1143350,1727650,35.5344596,129.0812153
1597,60,12,1143450,1727650,35.5344451,129.082318
1598,61,12,1143550,1727650,35.5344307,129.0834206
1599,62,12,1143650,1727650,35.5344162,129.0845233
1600,63,12,1143750,1727650,35.5344017,129.085626
1601,64,12,1143850,1727650,35.5343872,129.0867286
1602,65,12,1143950,1727650,35.5343727,129.0878313
1603,66,12,1144050,1727650,35.5343581,129.088934
1604,67,12,1144150,1727650,35.5343436,129.0900366
1605,68,12,1144250,1727650,35.5343291,129.0911393
1606,69,12,1144350,1727650,35.5343145,129.092242
1607,70,12,1144450,1727650,35.5342999,129.0933446
1608,71,12,1144550,1727650,35.5342854,129.0944473
1609,72,12,1144650,1727650,35.5342708,129.0955499
1610,73,12,1144750,1727650,35.5342562,129.0966526
1611,74,12,1144850,1727650,35.5342416,129.0977553
1612,75,12,1144950,1727650,35.534227,129.0988579
1613,76,12,1145050,1727650,35.5342123,129.0999606
1614,77,12,1145150,1727650,35.5341977,129.1010632
1615,78,12,1145250,1727650,35.534183,129.1021659
1616,79,12,1145350,1727650,35.5341684,129.1032685
1617,80,12,1145450,1727650,35.5341537,129.1043712
1618,81,12,1145550,1727650,35.534139,129.1054738
1619,82,12,1145650,1727650,35.5341244,129.1065765
1620,83,12,1145750,1727650,35.5341097,129.1076792
1621,84,12,1145850,1727650,35.534095,129.1087818
1622,85,12,1145950,1727650,35.5340802,129.1098845
1623,86,12,1146050,1727650,35.5340655,129.1109871
1624,87,12,1146150,1727650,35.5340508,129.1120897
1625,88,12,1146250,1727650,35.534036,129.1131924
1626,89,12,1146350,1727650,35.5340213,129.114295
1627,90,12,1146450,1727650,35.5340065,129.1153977
1628,91,12,1146550,1727650,35.5339917,129.1165003
1629,92,12,1146650,1727650,35.5339769,129.117603
1630,93,12,1146750,1727650,35.5339621,129.1187056
1631,94,12,1146850,1727650,35.5339473,129.1198083
1632,95,12,1146950,1727650,35.5339325,129.1209109
1633,96,12,1147050,1727650,35.5339177,129.1220135
1634,97,12,1147150,1727650,35.5339028,129.1231162
1635,98,12,1147250,1727650,35.533888,129.1242188
1636,99,12,1147350,1727650,35.5338731,129.1253215
1637,100,12,1147450,1727650,35.5338583,129.1264241
1638,101,12,1147550,1727650,35.5338434,129.1275267
1639,102,12,1147650,1727650,35.5338285,129.1286294
1640,103,12,1147750,1727650,35.5338136,129.129732
1641,104,12,1147850,1727650,35.5337987,129.1308346
1642,105,12,1147950,1727650,35.5337838,129.1319373
1643,106,12,1148050,1727650,35.5337688,129.1330399
1644,107,12,1148150,1727650,35.5337539,129.1341425
1645,108,12,1148250,1727650,35.533739,129.1352452
1646,109,12,1148350,1727650,35.533724,129.1363478
1647,110,12,1148450,1727650,35.533709,129.1374504
1648,111,12,1148550,1727650,35.5336941,129.1385531
1649,112,12,1148650,1727650,35.5336791,129.1396557
1650,113,12,1148750,1727650,35.5336641,129.1407583
1651,114,12,1148850,1727650,35.5336491,129.1418609
1652,115,12,1148950,1727650,35.533634,129.1429636
1653,116,12,1149050,1727650,35.533619,129.1440662
1654,117,12,1149150,1727650,35.533604,129.1451688
1655,118,12,1149250,1727650,35.5335889,129.1462714
1656,119,12,1149350,1727650,35.5335739,129.1473741
1657,120,12,1149450,1727650,35.5335588,129.1484767
1658,121,12,1149550,1727650,35.5335437,129.1495793
1659,122,12,1149650,1727650,35.5335286,129.1506819
1660,123,12,1149750,1727650,35.5335135,129.1517845
1661,124,12,1149850,1727650,35.5334984,129.1528872
1662,125,12,1149950,1727650,35.5334833,129.1539898
1663,126,12,1150050,1727650,35.5334682,129.1550924
1664,127,12,1150150,1727650,35.533453,129.156195
1665,127,13,1150150,1727750,35.5343543,129.1562135
1666,126,13,1150050,1727750,35.5343694,129.1551109
1667,125,13,1149950,1727750,35.5343846,129.1540083
1668,124,13,1149850,1727750,35.5343997,129.1529056
1669,123,13,1149750,1727750,35.5344148,129.151803
1670,122,13,1149650,1727750,35.5344299,129.1507004
1671,121,13,1149550,1727750,35.534445,129.1495978
1672,120,13,1149450,1727750,35.5344601,129.1484951
1673,119,13,1149350,1727750,35.5344751,129.1473925
1674,118,13,1149250,1727750,35.5344902,129.1462899
1675,117,13,1149150,1727750,35.5345053,129.1451872
1676,116,13,1149050,1727750,35.5345203,129.1440846
1677,115,13,1148950,1727750,35.5345353,129.1429819
1678,114,13,1148850,1727750,35.5345503,129.1418793
1679,113,13,1148750,1727750,35.5345654,129.1407767
1680,112,13,1148650,1727750,35.5345804,129.139674
1681,111,13,1148550,1727750,35.5345953,129.1385714
1682,110,13,1148450,1727750,35.5346103,129.1374687
1683,109,13,1148350,1727750,35.5346253,129.1363661
1684,108,13,1148250,1727750,35.5346403,129.1352635
1685,107,13,1148150,1727750,35.5346552,129.1341608
1686,106,13,1148050,1727750,35.5346701,129.1330582
1687,105,13,1147950,1727750,35.5346851,129.1319555
1688,104,13,1147850,1727750,35.5347,129.1308529
1689,103,13,1147750,1727750,35.5347149,129.1297502
1690,102,13,1147650,1727750,35.5347298,129.1286476
1691,101,13,1147550,1727750,35.5347447,129.1275449
1692,100,13,1147450,1727750,35.5347596,129.1264423
1693,99,13,1147350,1727750,35.5347744,129.1253396
1694,98,13,1147250,1727750,35.5347893,129.124237
1695,97,13,1147150,1727750,35.5348041,129.1231343
1696,96,13,1147050,1727750,35.534819,129.1220317
1697,95,13,1146950,1727750,35.5348338,129.120929
1698,94,13,1146850,1727750,35.5348486,129.1198264
1699,93,13,1146750,1727750,35.5348634,129.1187237
1700,92,13,1146650,1727750,35.5348782,129.1176211
1701,91,13,1146550,1727750,35.534893,129.1165184
1702,90,13,1146450,1727750,35.5349078,129.1154158
1703,89,13,1146350,1727750,35.5349226,129.1143131
1704,88,13,1146250,1727750,35.5349373,129.1132104
1705,87,13,1146150,1727750,35.5349521,129.1121078
1706,86,13,1146050,1727750,35.5349668,129.1110051
1707,85,13,1145950,1727750,35.5349815,129.1099025
1708,84,13,1145850,1727750,35.5349963,129.1087998
1709,83,13,1145750,1727750,35.535011,129.1076971
1710,82,13,1145650,1727750,35.5350257,129.1065945
1711,81,13,1145550,1727750,35.5350404,129.1054918
1712,80,13,1145450,1727750,35.535055,129.1043891
1713,79,13,1145350,1727750,35.5350697,129.1032865
1714,78,13,1145250,1727750,35.5350844,129.1021838
1715,77,13,1145150,1727750,35.535099,129.1010811
1716,76,13,1145050,1727750,35.5351136,129.0999785
1717,75,13,1144950,1727750,35.5351283,129.0988758
1718,74,13,1144850,1727750,35.5351429,129.0977731
1719,73,13,1144750,1727750,35.5351575,129.0966705
1720,72,13,1144650,1727750,35.5351721,129.0955678
1721,71,13,1144550,1727750,35.5351867,129.0944651
1722,70,13,1144450,1727750,35.5352013,129.0933625
1723,69,13,1144350,1727750,35.5352158,129.0922598
1724,68,13,1144250,1727750,35.5352304,129.0911571
1725,67,13,1144150,1727750,35.5352449,129.0900544
1726,66,13,1144050,1727750,35.5352595,129.0889518
1727,65,13,1143950,1727750,35.535274,129.0878491
1728,64,13,1143850,1727750,35.5352885,129.0867464
1729,63,13,1143750,1727750,35.535303,129.0856437
1730,62,13,1143650,1727750,35.5353175,129.084541
1731,61,13,1143550,1727750,35.535332,129.0834384
1732,60,13,1143450,1727750,35.5353465,129.0823357
1733,59,13,1143350,1727750,35.5353609,129.081233
1734,58,13,1143250,1727750,35.5353754,129.0801303
1735,57,13,1143150,1727750,35.5353898,129.0790276
1736,56,13,1143050,1727750,35.5354043,129.0779249
1737,55,13,1142950,1727750,35.5354187,129.0768223
1738,54,13,1142850,1727750,35.5354331,129.0757196
1739,53,13,1142750,1727750,35.5354475,129.0746169
1740,52,13,1142650,1727750,35.5354619,129.0735142
1741,51,13,1142550,1727750,35.5354763,129.0724115
1742,50,13,1142450,1727750,35.5354907,129.0713088
1743,49,13,1142350,1727750,35.535505,129.0702061
1744,48,13,1142250,1727750,35.5355194,129.0691034
1745,47,13,1142150,1727750,35.5355337,129.0680008
1746,46,13,1142050,1727750,35.5355481,129.0668981
1747,45,13,1141950,1727750,35.5355624,129.0657954
1748,44,13,1141850,1727750,35.5355767,129.0646927
1749,43,13,1141750,1727750,35.535591,129.06359
1750,42,13,1141650,1727750,35.5356053,129.0624873
1751,41,13,1141550,1727750,35.5356196,129.0613846
1752,40,13,1141450,1727750,35.5356339,129.0602819
1753,39,13,1141350,1727750,35.5356481,129.0591792
1754,38,13,1141250,1727750,35.5356624,129.0580765
1755,37,13,1141150,1727750,35.5356766,129.0569738
1756,36,13,1141050,1727750,35.5356909,129.0558711
1757,35,13,1140950,1727750,35.5357051,129.0547684
1758,34,13,1140850,1727750,35.5357193,129.0536657
1759,33,13,1140750,1727750,35.5357335,129.052563
1760,32,13,1140650,1727750,35.5357477,129.0514603
1761,31,13,1140550,1727750,35.5357619,129.0503576
1762,30,13,1140450,1727750,35.5357761,129.0492549
1763,29,13,1140350,1727750,35.5357902,129.0481522
1764,28,13,1140250,1727750,35.5358044,129.0470495
1765,27,13,1140150,1727750,35.5358185,129.0459468
1766,26,13,1140050,1727750,35.5358327,129.0448441
1767,25,13,1139950,1727750,35.5358468,129.0437414
1768,24,13,1139850,1727750,35.5358609,129.0426386
1769,23,13,1139750,1727750,35.535875,129.0415359
1770,22,13,1139650,1727750,35.5358891,129.0404332
1771,21,13,1139550,1727750,35.5359032,129.0393305
1772,20,13,1139450,1727750,35.5359172,129.0382278
1773,19,13,1139350,1727750,35.5359313,129.0371251
1774,18,13,1139250,1727750,35.5359454,129.0360224
1775,17,13,1139150,1727750,35.5359594,129.0349197
1776,16,13,1139050,1727750,35.5359734,129.0338169
1777,15,13,1138950,1727750,35.5359875,129.0327142
1778,14,13,1138850,1727750,35.5360015,129.0316115
1779,13,13,1138750,1727750,35.5360155,129.0305088
1780,12,13,1138650,1727750,35.5360295,129.0294061
1781,11,13,1138550,1727750,35.5360434,129.0283034
1782,10,13,1138450,1727750,35.5360574,129.0272006
1783,9,13,1138350,1727750,35.5360714,129.0260979
1784,8,13,1138250,1727750,35.5360853,129.0249952
1785,7,13,1138150,1727750,35.5360993,129.0238925
1786,6,13,1138050,1727750,35.5361132,129.0227898
1787,5,13,1137950,1727750,35.5361271,129.021687
1788,4,13,1137850,1727750,35.536141,129.0205843
1789,3,13,1137750,1727750,35.5361549,129.0194816
1790,2,13,1137650,1727750,35.5361688,129.0183789
1791,1,13,1137550,1727750,35.5361827,129.0172761
1792,0,13,1137450,1727750,35.5361966,129.0161734
1793,0,14,1137450,1727850,35.5370979,129.0161904
1794,1,14,1137550,1727850,35.5370841,129.0172931
1795,2,14,1137650,1727850,35.5370702,129.0183958
1796,3,14,1137750,1727850,35.5370563,129.0194986
1797,4,14,1137850,1727850,35.5370424,129.0206013
1798,5,14,1137950,1727850,35.5370285,129.0217041
1799,6,14,1138050,1727850,35.5370145,129.0228068
1800,7,14,1138150,1727850,35.5370006,129.0239095
1801,8,14,1138250,1727850,35.5369867,129.0250123
1802,9,14,1138350,1727850,35.5369727,129.026115
1803,10,14,1138450,1727850,35.5369588,129.0272177
1804,11,14,1138550,1727850,35.5369448,129.0283205
1805,12,14,1138650,1727850,35.5369308,129.0294232
1806,13,14,1138750,1727850,35.5369168,129.0305259
1807,14,14,1138850,1727850,35.5369028,129.0316287
1808,15,14,1138950,1727850,35.5368888,129.0327314
1809,16,14,1139050,1727850,35.5368748,129.0338341
1810,17,14,1139150,1727850,35.5368607,129.0349368
1811,18,14,1139250,1727850,35.5368467,129.0360396
1812,19,14,1139350,1727850,35.5368326,129.0371423
1813,20,14,1139450,1727850,35.5368186,129.038245
1814,21,14,1139550,1727850,35.5368045,129.0393477
1815,22,14,1139650,1727850,35.5367904,129.0404505
1816,23,14,1139750,1727850,35.5367763,129.0415532
1817,24,14,1139850,1727850,35.5367622,129.0426559
1818,25,14,1139950,1727850,35.5367481,129.0437586
1819,26,14,1140050,1727850,35.536734,129.0448613
1820,27,14,1140150,1727850,35.5367199,129.0459641
1821,28,14,1140250,1727850,35.5367057,129.0470668
1822,29,14,1140350,1727850,35.5366916,129.0481695
1823,30,14,1140450,1727850,35.5366774,129.0492722
1824,31,14,1140550,1727850,35.5366632,129.0503749
1825,32,14,1140650,1727850,35.536649,129.0514777
1826,33,14,1140750,1727850,35.5366348,129.0525804
1827,34,14,1140850,1727850,35.5366206,129.0536831
1828,35,14,1140950,1727850,35.5366064,129.0547858
1829,36,14,1141050,1727850,35.5365922,129.0558885
1830,37,14,1141150,1727850,35.536578,129.0569912
1831,38,14,1141250,1727850,35.5365637,129.0580939
1832,39,14,1141350,1727850,35.5365495,129.0591966
1833,40,14,1141450,1727850,35.5365352,129.0602994
1834,41,14,1141550,1727850,35.5365209,129.0614021
1835,42,14,1141650,1727850,35.5365066,129.0625048
1836,43,14,1141750,1727850,35.5364923,129.0636075
1837,44,14,1141850,1727850,35.536478,129.0647102
1838,45,14,1141950,1727850,35.5364637,129.0658129
1839,46,14,1142050,1727850,35.5364494,129.0669156
1840,47,14,1142150,1727850,35.5364351,129.0680183
1841,48,14,1142250,1727850,35.5364207,129.069121
1842,49,14,1142350,1727850,35.5364064,129.0702237
1843,50,14,1142450,1727850,35.536392,129.0713264
1844,51,14,1142550,1727850,35.5363776,129.0724291
1845,52,14,1142650,1727850,35.5363632,129.0735318
1846,53,14,1142750,1727850,35.5363488,129.0746345
1847,54,14,1142850,1727850,35.5363344,129.0757372
1848,55,14,1142950,1727850,35.53632,129.0768399
1849,56,14,1143050,1727850,35.5363056,129.0779426
1850,57,14,1143150,1727850,35.5362912,129.0790453
1851,58,14,1143250,1727850,35.5362767,129.080148
1852,59,14,1143350,1727850,35.5362623,129.0812507
1853,60,14,1143450,1727850,35.5362478,129.0823534
1854,61,14,1143550,1727850,35.5362333,129.0834561
1855,62,14,1143650,1727850,35.5362188,129.0845588
1856,63,14,1143750,1727850,35.5362043,129.0856615
1857,64,14,1143850,1727850,35.5361898,129.0867642
1858,65,14,1143950,1727850,35.5361753,129.0878668
1859,66,14,1144050,1727850,35.5361608,129.0889695
1860,67,14,1144150,1727850,35.5361462,129.0900722
1861,68,14,1144250,1727850,35.5361317,129.0911749
1862,69,14,1144350,1727850,35.5361171,129.0922776
1863,70,14,1144450,1727850,35.5361026,129.0933803
1864,71,14,1144550,1727850,35.536088,129.094483
1865,72,14,1144650,1727850,35.5360734,129.0955856
1866,73,14,1144750,1727850,35.5360588,129.0966883
1867,74,14,1144850,1727850,35.5360442,129.097791
1868,75,14,1144950,1727850,35.5360296,129.0988937
1869,76,14,1145050,1727850,35.536015,129.0999964
1870,77,14,1145150,1727850,35.5360003,129.1010991
1871,78,14,1145250,1727850,35.5359857,129.1022017
1872,79,14,1145350,1727850,35.535971,129.1033044
1873,80,14,1145450,1727850,35.5359563,129.1044071
1874,81,14,1145550,1727850,35.5359417,129.1055098
1875,82,14,1145650,1727850,35.535927,129.1066125
1876,83,14,1145750,1727850,35.5359123,129.1077151
1877,84,14,1145850,1727850,35.5358976,129.1088178
1878,85,14,1145950,1727850,35.5358829,129.1099205
1879,86,14,1146050,1727850,35.5358681,129.1110231
1880,87,14,1146150,1727850,35.5358534,129.1121258
1881,88,14,1146250,1727850,35.5358386,129.1132285
1882,89,14,1146350,1727850,35.5358239,129.1143312
1883,90,14,1146450,1727850,35.5358091,129.1154338
1884,91,14,1146550,1727850,35.5357943,129.1165365
1885,92,14,1146650,1727850,35.5357795,129.1176392
1886,93,14,1146750,1727850,35.5357647,129.1187418
1887,94,14,1146850,1727850,35.5357499,129.1198445
1888,95,14,1146950,1727850,35.5357351,129.1209472
1889,96,14,1147050,1727850,35.5357203,129.1220498
1890,97,14,1147150,1727850,35.5357054,129.1231525
1891,98,14,1147250,1727850,35.5356906,129.1242552
1892,99,14,1147350,1727850,35.5356757,129.1253578
1893,100,14,1147450,1727850,35.5356609,129.1264605
1894,101,14,1147550,1727850,35.535646,129.1275632
1895,102,14,1147650,1727850,35.5356311,129.1286658
1896,103,14,1147750,1727850,35.5356162,129.1297685
1897,104,14,1147850,1727850,35.5356013,129.1308711
1898,105,14,1147950,1727850,35.5355864,129.1319738
1899,106,14,1148050,1727850,35.5355714,129.1330764
1900,107,14,1148150,1727850,35.5355565,129.1341791
1901,108,14,1148250,1727850,35.5355416,129.1352818
1902,109,14,1148350,1727850,35.5355266,129.1363844
1903,110,14,1148450,1727850,35.5355116,129.1374871
1904,111,14,1148550,1727850,35.5354966,129.1385897
1905,112,14,1148650,1727850,35.5354817,129.1396924
1906,113,14,1148750,1727850,35.5354667,129.140795
1907,114,14,1148850,1727850,35.5354516,129.1418977
1908,115,14,1148950,1727850,35.5354366,129.1430003
1909,116,14,1149050,1727850,35.5354216,129.144103
1910,117,14,1149150,1727850,35.5354066,129.1452056
1911,118,14,1149250,1727850,35.5353915,129.1463083
1912,119,14,1149350,1727850,35.5353764,129.1474109
1913,120,14,1149450,1727850,35.5353614,129.1485136
1914,121,14,1149550,1727850,35.5353463,129.1496162
1915,122,14,1149650,1727850,35.5353312,129.1507189
1916,123,14,1149750,1727850,35.5353161,129.1518215
1917,124,14,1149850,1727850,35.535301,129.1529241
1918,125,14,1149950,1727850,35.5352859,129.1540268
1919,126,14,1150050,1727850,35.5352707,129.1551294
1920,127,14,1150150,1727850,35.5352556,129.1562321
1921,127,15,1150150,1727950,35.5361569,129.1562506
1922,126,15,1150050,1727950,35.536172,129.1551479
1923,125,15,1149950,1727950,35.5361871,129.1540453
1924,124,15,1149850,1727950,35.5362023,129.1529426
1925,123,15,1149750,1727950,35.5362174,129.15184
1926,122,15,1149650,1727950,35.5362325,129.1507373
1927,121,15,1149550,1727950,35.5362476,129.1496347
1928,120,15,1149450,1727950,35.5362627,129.148532
1929,119,15,1149350,1727950,35.5362777,129.1474294
1930,118,15,1149250,1727950,35.5362928,129.1463267
1931,117,15,1149150,1727950,35.5363078,129.145224
1932,116,15,1149050,1727950,35.5363229,129.1441214
1933,115,15,1148950,1727950,35.5363379,129.1430187
1934,114,15,1148850,1727950,35.5363529,129.141916
1935,113,15,1148750,1727950,35.5363679,129.1408134
1936,112,15,1148650,1727950,35.5363829,129.1397107
1937,111,15,1148550,1727950,35.5363979,129.1386081
1938,110,15,1148450,1727950,35.5364129,129.1375054
1939,109,15,1148350,1727950,35.5364279,129.1364027
1940,108,15,1148250,1727950,35.5364428,129.1353001
1941,107,15,1148150,1727950,35.5364578,129.1341974
1942,106,15,1148050,1727950,35.5364727,129.1330947
1943,105,15,1147950,1727950,35.5364877,129.1319921
1944,104,15,1147850,1727950,35.5365026,129.1308894
1945,103,15,1147750,1727950,35.5365175,129.1297867
1946,102,15,1147650,1727950,35.5365324,129.128684
1947,101,15,1147550,1727950,35.5365473,129.1275814
1948,100,15,1147450,1727950,35.5365622,129.1264787
1949,99,15,1147350,1727950,35.536577,129.125376
1950,98,15,1147250,1727950,35.5365919,129.1242733
1951,97,15,1147150,1727950,35.5366068,129.1231707
1952,96,15,1147050,1727950,35.5366216,129.122068
1953,95,15,1146950,1727950,35.5366364,129.1209653
1954,94,15,1146850,1727950,35.5366512,129.1198626
1955,93,15,1146750,1727950,35.536666,129.11876
1956,92,15,1146650,1727950,35.5366808,129.1176573
1957,91,15,1146550,1727950,35.5366956,129.1165546
1958,90,15,1146450,1727950,35.5367104,129.1154519
1959,89,15,1146350,1727950,35.5367252,129.1143492
1960,88,15,1146250,1727950,35.5367399,129.1132465
1961,87,15,1146150,1727950,35.5367547,129.1121439
1962,86,15,1146050,1727950,35.5367694,129.1110412
1963,85,15,1145950,1727950,35.5367842,129.1099385
1964,84,15,1145850,1727950,35.5367989,129.1088358
1965,83,15,1145750,1727950,35.5368136,129.1077331
1966,82,15,1145650,1727950,35.5368283,129.1066304
1967,81,15,1145550,1727950,35.536843,129.1055277
1968,80,15,1145450,1727950,35.5368577,129.104425
1969,79,15,1145350,1727950,35.5368723,129.1033224
1970,78,15,1145250,1727950,35.536887,129.1022197
1971,77,15,1145150,1727950,35.5369016,129.101117
1972,76,15,1145050,1727950,35.5369163,129.1000143
1973,75,15,1144950,1727950,35.5369309,129.0989116
1974,74,15,1144850,1727950,35.5369455,129.0978089
1975,73,15,1144750,1727950,35.5369601,129.0967062
1976,72,15,1144650,1727950,35.5369747,129.0956035
1977,71,15,1144550,1727950,35.5369893,129.0945008
1978,70,15,1144450,1727950,35.5370039,129.0933981
1979,69,15,1144350,1727950,35.5370185,129.0922954
1980,68,15,1144250,1727950,35.537033,129.0911927
1981,67,15,1144150,1727950,35.5370476,129.09009
1982,66,15,1144050,1727950,35.5370621,129.0889873
1983,65,15,1143950,1727950,35.5370766,129.0878846
1984,64,15,1143850,1727950,35.5370911,129.0867819
1985,63,15,1143750,1727950,35.5371056,129.0856792
1986,62,15,1143650,1727950,35.5371201,129.0845765
1987,61,15,1143550,1727950,35.5371346,129.0834738
1988,60,15,1143450,1727950,35.5371491,129.0823711
1989,59,15,1143350,1727950,35.5371636,129.0812684
1990,58,15,1143250,1727950,35.537178,129.0801657
1991,57,15,1143150,1727950,35.5371925,129.079063
1992,56,15,1143050,1727950,35.5372069,129.0779603
1993,55,15,1142950,1727950,35.5372213,129.0768575
1994,54,15,1142850,1727950,35.5372358,129.0757548
1995,53,15,1142750,1727950,35.5372502,129.0746521
1996,52,15,1142650,1727950,35.5372646,129.0735494
1997,51,15,1142550,1727950,35.5372789,129.0724467
1998,50,15,1142450,1727950,35.5372933,129.071344
1999,49,15,1142350,1727950,35.5373077,129.0702413
2000,48,15,1142250,1727950,35.537322,129.0691386
2001,47,15,1142150,1727950,35.5373364,129.0680358
2002,46,15,1142050,1727950,35.5373507,129.0669331
2003,45,15,1141950,1727950,35.5373651,129.0658304
2004,44,15,1141850,1727950,35.5373794,129.0647277
2005,43,15,1141750,1727950,35.5373937,129.063625
2006,42,15,1141650,1727950,35.537408,129.0625223
2007,41,15,1141550,1727950,35.5374223,129.0614195
2008,40,15,1141450,1727950,35.5374365,129.0603168
2009,39,15,1141350,1727950,35.5374508,129.0592141
2010,38,15,1141250,1727950,35.537465,129.0581114
2011,37,15,1141150,1727950,35.5374793,129.0570086
2012,36,15,1141050,1727950,35.5374935,129.0559059
2013,35,15,1140950,1727950,35.5375078,129.0548032
2014,34,15,1140850,1727950,35.537522,129.0537005
2015,33,15,1140750,1727950,35.5375362,129.0525977
2016,32,15,1140650,1727950,35.5375504,129.051495
2017,31,15,1140550,1727950,35.5375646,129.0503923
2018,30,15,1140450,1727950,35.5375787,129.0492896
2019,29,15,1140350,1727950,35.5375929,129.0481868
2020,28,15,1140250,1727950,35.537607,129.0470841
2021,27,15,1140150,1727950,35.5376212,129.0459814
2022,26,15,1140050,1727950,35.5376353,129.0448786
2023,25,15,1139950,1727950,35.5376494,129.0437759
2024,24,15,1139850,1727950,35.5376636,129.0426732
2025,23,15,1139750,1727950,35.5376777,129.0415704
2026,22,15,1139650,1727950,35.5376918,129.0404677
2027,21,15,1139550,1727950,35.5377058,129.039365
2028,20,15,1139450,1727950,35.5377199,129.0382622
2029,19,15,1139350,1727950,35.537734,129.0371595
2030,18,15,1139250,1727950,35.537748,129.0360568
2031,17,15,1139150,1727950,35.5377621,129.034954
2032,16,15,1139050,1727950,35.5377761,129.0338513
2033,15,15,1138950,1727950,35.5377901,129.0327485
2034,14,15,1138850,1727950,35.5378042,129.0316458
2035,13,15,1138750,1727950,35.5378182,129.030543
2036,12,15,1138650,1727950,35.5378321,129.0294403
2037,11,15,1138550,1727950,35.5378461,129.0283376
2038,10,15,1138450,1727950,35.5378601,129.0272348
2039,9,15,1138350,1727950,35.5378741,129.0261321
2040,8,15,1138250,1727950,35.537888,129.0250293
2041,7,15,1138150,1727950,35.537902,129.0239266
2042,6,15,1138050,1727950,35.5379159,129.0228238
2043,5,15,1137950,1727950,35.5379298,129.0217211
2044,4,15,1137850,1727950,35.5379437,129.0206183
2045,3,15,1137750,1727950,35.5379576,129.0195156
2046,2,15,1137650,1727950,35.5379715,129.0184128
2047,1,15,1137550,1727950,35.5379854,129.0173101
2048,0,15,1137450,1727950,35.5379993,129.0162073
2049,0,16,1137450,1728050,35.5389006,129.0162243
2050,1,16,1137550,1728050,35.5388868,129.0173271
2051,2,16,1137650,1728050,35.5388729,129.0184298
2052,3,16,1137750,1728050,35.538859,129.0195326
2053,4,16,1137850,1728050,35.5388451,129.0206354
2054,5,16,1137950,1728050,35.5388312,129.0217381
2055,6,16,1138050,1728050,35.5388172,129.0228409
2056,7,16,1138150,1728050,35.5388033,129.0239436
2057,8,16,1138250,1728050,35.5387894,129.0250464
2058,9,16,1138350,1728050,35.5387754,129.0261492
2059,10,16,1138450,1728050,35.5387614,129.0272519
2060,11,16,1138550,1728050,35.5387475,129.0283547
2061,12,16,1138650,1728050,35.5387335,129.0294574
2062,13,16,1138750,1728050,35.5387195,129.0305602
2063,14,16,1138850,1728050,35.5387055,129.0316629
2064,15,16,1138950,1728050,35.5386915,129.0327657
2065,16,16,1139050,1728050,35.5386775,129.0338684
2066,17,16,1139150,1728050,35.5386634,129.0349712
2067,18,16,1139250,1728050,35.5386494,129.0360739
2068,19,16,1139350,1728050,35.5386353,129.0371767
2069,20,16,1139450,1728050,35.5386213,129.0382794
2070,21,16,1139550,1728050,35.5386072,129.0393822
2071,22,16,1139650,1728050,35.5385931,129.0404849
2072,23,16,1139750,1728050,35.538579,129.0415877
2073,24,16,1139850,1728050,35.5385649,129.0426904
2074,25,16,1139950,1728050,35.5385508,129.0437932
2075,26,16,1140050,1728050,35.5385367,129.0448959
2076,27,16,1140150,1728050,35.5385225,129.0459987
2077,28,16,1140250,1728050,35.5385084,129.0471014
2078,29,16,1140350,1728050,35.5384942,129.0482042
2079,30,16,1140450,1728050,35.5384801,129.0493069
2080,31,16,1140550,1728050,35.5384659,129.0504096
2081,32,16,1140650,1728050,35.5384517,129.0515124
2082,33,16,1140750,1728050,35.5384375,129.0526151
2083,34,16,1140850,1728050,35.5384233,129.0537179
2084,35,16,1140950,1728050,35.5384091,129.0548206
2085,36,16,1141050,1728050,35.5383949,129.0559233
2086,37,16,1141150,1728050,35.5383806,129.0570261
2087,38,16,1141250,1728050,35.5383664,129.0581288
2088,39,16,1141350,1728050,35.5383521,129.0592315
2089,40,16,1141450,1728050,35.5383379,129.0603343
2090,41,16,1141550,1728050,35.5383236,129.061437
2091,42,16,1141650,1728050,35.5383093,129.0625397
2092,43,16,1141750,1728050,35.538295,129.0636425
2093,44,16,1141850,1728050,35.5382807,129.0647452
2094,45,16,1141950,1728050,35.5382664,129.0658479
2095,46,16,1142050,1728050,35.5382521,129.0669507
2096,47,16,1142150,1728050,35.5382377,129.0680534
2097,48,16,1142250,1728050,35.5382234,129.0691561
2098,49,16,1142350,1728050,35.538209,129.0702588
2099,50,16,1142450,1728050,35.5381946,129.0713616
2100,51,16,1142550,1728050,35.5381803,129.0724643
2101,52,16,1142650,1728050,35.5381659,129.073567
2102,53,16,1142750,1728050,35.5381515,129.0746697
2103,54,16,1142850,1728050,35.5381371,129.0757725
2104,55,16,1142950,1728050,35.5381227,129.0768752
2105,56,16,1143050,1728050,35.5381082,129.0779779
2106,57,16,1143150,1728050,35.5380938,129.0790806
2107,58,16,1143250,1728050,35.5380794,129.0801834
2108,59,16,1143350,1728050,35.5380649,129.0812861
2109,60,16,1143450,1728050,35.5380504,129.0823888
2110,61,16,1143550,1728050,35.5380359,129.0834915
2111,62,16,1143650,1728050,35.5380215,129.0845942
2112,63,16,1143750,1728050,35.538007,129.0856969
2113,64,16,1143850,1728050,35.5379925,129.0867997
2114,65,16,1143950,1728050,35.5379779,129.0879024
2115,66,16,1144050,1728050,35.5379634,129.0890051
2116,67,16,1144150,1728050,35.5379489,129.0901078
2117,68,16,1144250,1728050,35.5379343,129.0912105
2118,69,16,1144350,1728050,35.5379198,129.0923132
2119,70,16,1144450,1728050,35.5379052,129.0934159
2120,71,16,1144550,1728050,35.5378906,129.0945186
2121,72,16,1144650,1728050,35.537876,129.0956214
2122,73,16,1144750,1728050,35.5378614,129.0967241
2123,74,16,1144850,1728050,35.5378468,129.0978268
2124,75,16,1144950,1728050,35.5378322,129.0989295
2125,76,16,1145050,1728050,35.5378176,129.1000322
2126,77,16,1145150,1728050,35.5378029,129.1011349
2127,78,16,1145250,1728050,35.5377883,129.1022376
2128,79,16,1145350,1728050,35.5377736,129.1033403
2129,80,16,1145450,1728050,35.537759,129.104443
2130,81,16,1145550,1728050,35.5377443,129.1055457
2131,82,16,1145650,1728050,35.5377296,129.1066484
2132,83,16,1145750,1728050,35.5377149,129.1077511
2133,84,16,1145850,1728050,35.5377002,129.1088538
2134,85,16,1145950,1728050,35.5376855,129.1099565
2135,86,16,1146050,1728050,35.5376707,129.1110592
2136,87,16,1146150,1728050,35.537656,129.1121619
2137,88,16,1146250,1728050,35.5376413,129.1132646
2138,89,16,1146350,1728050,35.5376265,129.1143673
2139,90,16,1146450,1728050,35.5376117,129.11547
2140,91,16,1146550,1728050,35.5375969,129.1165727
2141,92,16,1146650,1728050,35.5375822,129.1176754
2142,93,16,1146750,1728050,35.5375674,129.1187781
2143,94,16,1146850,1728050,35.5375525,129.1198808
2144,95,16,1146950,1728050,35.5375377,129.1209834
2145,96,16,1147050,1728050,35.5375229,129.1220861
2146,97,16,1147150,1728050,35.5375081,129.1231888
2147,98,16,1147250,1728050,35.5374932,129.1242915
2148,99,16,1147350,1728050,35.5374783,129.1253942
2149,100,16,1147450,1728050,35.5374635,129.1264969
2150,101,16,1147550,1728050,35.5374486,129.1275996
2151,102,16,1147650,1728050,35.5374337,129.1287023
2152,103,16,1147750,1728050,35.5374188,129.1298049
2153,104,16,1147850,1728050,35.5374039,129.1309076
2154,105,16,1147950,1728050,35.537389,129.1320103
2155,106,16,1148050,1728050,35.537374,129.133113
2156,107,16,1148150,1728050,35.5373591,129.1342157
2157,108,16,1148250,1728050,35.5373441,129.1353184
2158,109,16,1148350,1728050,35.5373292,129.136421
2159,110,16,1148450,1728050,35.5373142,129.1375237
2160,111,16,1148550,1728050,35.5372992,129.1386264
2161,112,16,1148650,1728050,35.5372842,129.1397291
2162,113,16,1148750,1728050,35.5372692,129.1408317
2163,114,16,1148850,1728050,35.5372542,129.1419344
2164,115,16,1148950,1728050,35.5372392,129.1430371
2165,116,16,1149050,1728050,35.5372242,129.1441398
2166,117,16,1149150,1728050,35.5372091,129.1452424
2167,118,16,1149250,1728050,35.5371941,129.1463451
2168,119,16,1149350,1728050,35.537179,129.1474478
2169,120,16,1149450,1728050,35.5371639,129.1485505
2170,121,16,1149550,1728050,35.5371489,129.1496531
2171,122,16,1149650,1728050,35.5371338,129.1507558
2172,123,16,1149750,1728050,35.5371187,129.1518585
2173,124,16,1149850,1728050,35.5371036,129.1529611
2174,125,16,1149950,1728050,35.5370884,129.1540638
2175,126,16,1150050,1728050,35.5370733,129.1551665
2176,127,16,1150150,1728050,35.5370582,129.1562691
2177,127,17,1150150,1728150,35.5379594,129.1562877
2178,126,17,1150050,1728150,35.5379746,129.155185
2179,125,17,1149950,1728150,35.5379897,129.1540823
2180,124,17,1149850,1728150,35.5380048,129.1529796
2181,123,17,1149750,1728150,35.53802,129.1518769
2182,122,17,1149650,1728150,35.5380351,129.1507743
2183,121,17,1149550,1728150,35.5380502,129.1496716
2184,120,17,1149450,1728150,35.5380652,129.1485689
2185,119,17,1149350,1728150,35.5380803,129.1474662
2186,118,17,1149250,1728150,35.5380954,129.1463635
2187,117,17,1149150,1728150,35.5381104,129.1452609
2188,116,17,1149050,1728150,35.5381255,129.1441582
2189,115,17,1148950,1728150,35.5381405,129.1430555
2190,114,17,1148850,1728150,35.5381555,129.1419528
2191,113,17,1148750,1728150,35.5381705,129.1408501
2192,112,17,1148650,1728150,35.5381855,129.1397474
2193,111,17,1148550,1728150,35.5382005,129.1386447
2194,110,17,1148450,1728150,35.5382155,129.137542
2195,109,17,1148350,1728150,35.5382305,129.1364393
2196,108,17,1148250,1728150,35.5382454,129.1353367
2197,107,17,1148150,1728150,35.5382604,129.134234
2198,106,17,1148050,1728150,35.5382753,129.1331313
2199,105,17,1147950,1728150,35.5382903,129.1320286
2200,104,17,1147850,1728150,35.5383052,129.1309259
2201,103,17,1147750,1728150,35.5383201,129.1298232
2202,102,17,1147650,1728150,35.538335,129.1287205
2203,101,17,1147550,1728150,35.5383499,129.1276178
2204,100,17,1147450,1728150,35.5383648,129.1265151
2205,99,17,1147350,1728150,35.5383796,129.1254124
2206,98,17,1147250,1728150,35.5383945,129.1243097
2207,97,17,1147150,1728150,35.5384094,129.123207
2208,96,17,1147050,1728150,35.5384242,129.1221043
2209,95,17,1146950,1728150,35.538439,129.1210016
2210,94,17,1146850,1728150,35.5384538,129.1198989
2211,93,17,1146750,1728150,35.5384687,129.1187962
2212,92,17,1146650,1728150,35.5384835,129.1176935
2213,91,17,1146550,1728150,35.5384982,129.1165908
2214,90,17,1146450,1728150,35.538513,129.1154881
2215,89,17,1146350,1728150,35.5385278,129.1143854
2216,88,17,1146250,1728150,35.5385426,129.1132826
2217,87,17,1146150,1728150,35.5385573,129.1121799
2218,86,17,1146050,1728150,35.538572,129.1110772
2219,85,17,1145950,1728150,35.5385868,129.1099745
2220,84,17,1145850,1728150,35.5386015,129.1088718
2221,83,17,1145750,1728150,35.5386162,129.1077691
2222,82,17,1145650,1728150,35.5386309,129.1066664
2223,81,17,1145550,1728150,35.5386456,129.1055637
2224,80,17,1145450,1728150,35.5386603,129.104461
2225,79,17,1145350,1728150,35.5386749,129.1033582
2226,78,17,1145250,1728150,35.5386896,129.1022555
2227,77,17,1145150,1728150,35.5387043,129.1011528
2228,76,17,1145050,1728150,35.5387189,129.1000501
2229,75,17,1144950,1728150,35.5387335,129.0989474
2230,74,17,1144850,1728150,35.5387481,129.0978447
2231,73,17,1144750,1728150,35.5387627,129.0967419
2232,72,17,1144650,1728150,35.5387773,129.0956392
2233,71,17,1144550,1728150,35.5387919,129.0945365
2234,70,17,1144450,1728150,35.5388065,129.0934338
2235,69,17,1144350,1728150,35.5388211,129.092331
2236,68,17,1144250,1728150,35.5388356,129.0912283
2237,67,17,1144150,1728150,35.5388502,129.0901256
2238,66,17,1144050,1728150,35.5388647,129.0890229
2239,65,17,1143950,1728150,35.5388793,129.0879201
2240,64,17,1143850,1728150,35.5388938,129.0868174
2241,63,17,1143750,1728150,35.5389083,129.0857147
2242,62,17,1143650,1728150,35.5389228,129.084612
2243,61,17,1143550,1728150,35.5389373,129.0835092
2244,60,17,1143450,1728150,35.5389517,129.0824065
2245,59,17,1143350,1728150,35.5389662,129.0813038
2246,58,17,1143250,1728150,35.5389807,129.080201
2247,57,17,1143150,1728150,35.5389951,129.0790983
2248,56,17,1143050,1728150,35.5390096,129.0779956
2249,55,17,1142950,1728150,35.539024,129.0768928
2250,54,17,1142850,1728150,35.5390384,129.0757901
2251,53,17,1142750,1728150,35.5390528,129.0746874
2252,52,17,1142650,1728150,35.5390672,129.0735846
2253,51,17,1142550,1728150,35.5390816,129.0724819
2254,50,17,1142450,1728150,35.539096,129.0713792
2255,49,17,1142350,1728150,35.5391103,129.0702764
2256,48,17,1142250,1728150,35.5391247,129.0691737
2257,47,17,1142150,1728150,35.539139,129.0680709
2258,46,17,1142050,1728150,35.5391534,129.0669682
2259,45,17,1141950,1728150,35.5391677,129.0658655
2260,44,17,1141850,1728150,35.539182,129.0647627
2261,43,17,1141750,1728150,35.5391963,129.06366
2262,42,17,1141650,1728150,35.5392106,129.0625572
2263,41,17,1141550,1728150,35.5392249,129.0614545
2264,40,17,1141450,1728150,35.5392392,129.0603517
2265,39,17,1141350,1728150,35.5392535,129.059249
2266,38,17,1141250,1728150,35.5392677,129.0581462
2267,37,17,1141150,1728150,35.539282,129.0570435
2268,36,17,1141050,1728150,35.5392962,129.0559407
2269,35,17,1140950,1728150,35.5393104,129.054838
2270,34,17,1140850,1728150,35.5393246,129.0537352
2271,33,17,1140750,1728150,35.5393388,129.0526325
2272,32,17,1140650,1728150,35.539353,129.0515297
2273,31,17,1140550,1728150,35.5393672,129.050427
2274,30,17,1140450,1728150,35.5393814,129.0493242
2275,29,17,1140350,1728150,35.5393956,129.0482215
2276,28,17,1140250,1728150,35.5394097,129.0471187
2277,27,17,1140150,1728150,35.5394239,129.046016
2278,26,17,1140050,1728150,35.539438,129.0449132
2279,25,17,1139950,1728150,35.5394521,129.0438105
2280,24,17,1139850,1728150,35.5394662,129.0427077
2281,23,17,1139750,1728150,35.5394803,129.0416049
2282,22,17,1139650,1728150,35.5394944,129.0405022
2283,21,17,1139550,1728150,35.5395085,129.0393994
2284,20,17,1139450,1728150,35.5395226,129.0382967
2285,19,17,1139350,1728150,35.5395367,129.0371939
2286,18,17,1139250,1728150,35.5395507,129.0360911
2287,17,17,1139150,1728150,35.5395648,129.0349884
2288,16,17,1139050,1728150,35.5395788,129.0338856
2289,15,17,1138950,1728150,35.5395928,129.0327828
2290,14,17,1138850,1728150,35.5396068,129.0316801
2291,13,17,1138750,1728150,35.5396208,129.0305773
2292,12,17,1138650,1728150,35.5396348,129.0294745
2293,11,17,1138550,1728150,35.5396488,129.0283718
2294,10,17,1138450,1728150,35.5396628,129.027269
2295,9,17,1138350,1728150,35.5396768,129.0261662
2296,8,17,1138250,1728150,35.5396907,129.0250635
2297,7,17,1138150,1728150,35.5397046,129.0239607
2298,6,17,1138050,1728150,35.5397186,129.0228579
2299,5,17,1137950,1728150,35.5397325,129.0217551
2300,4,17,1137850,1728150,35.5397464,129.0206524
2301,3,17,1137750,1728150,35.5397603,129.0195496
2302,2,17,1137650,1728150,35.5397742,129.0184468
2303,1,17,1137550,1728150,35.5397881,129.017344
2304,0,17,1137450,1728150,35.539802,129.0162413
2305,0,18,1137450,1728250,35.5407033,129.0162582
2306,1,18,1137550,1728250,35.5406894,129.017361
2307,2,18,1137650,1728250,35.5406756,129.0184638
2308,3,18,1137750,1728250,35.5406617,129.0195666
2309,4,18,1137850,1728250,35.5406478,129.0206694
2310,5,18,1137950,1728250,35.5406339,129.0217722
2311,6,18,1138050,1728250,35.5406199,129.022875
2312,7,18,1138150,1728250,35.540606,129.0239777
2313,8,18,1138250,1728250,35.540592,129.0250805
2314,9,18,1138350,1728250,35.5405781,129.0261833
2315,10,18,1138450,1728250,35.5405641,129.0272861
2316,11,18,1138550,1728250,35.5405502,129.0283889
2317,12,18,1138650,1728250,35.5405362,129.0294917
2318,13,18,1138750,1728250,35.5405222,129.0305944
2319,14,18,1138850,1728250,35.5405082,129.0316972
2320,15,18,1138950,1728250,35.5404942,129.0328
2321,16,18,1139050,1728250,35.5404801,129.0339028
2322,17,18,1139150,1728250,35.5404661,129.0350055
2323,18,18,1139250,1728250,35.5404521,129.0361083
2324,19,18,1139350,1728250,35.540438,129.0372111
2325,20,18,1139450,1728250,35.5404239,129.0383139
2326,21,18,1139550,1728250,35.5404099,129.0394166
2327,22,18,1139650,1728250,35.5403958,129.0405194
2328,23,18,1139750,1728250,35.5403817,129.0416222
2329,24,18,1139850,1728250,35.5403676,129.042725
2330,25,18,1139950,1728250,35.5403535,129.0438277
2331,26,18,1140050,1728250,35.5403393,129.0449305
2332,27,18,1140150,1728250,35.5403252,129.0460333
2333,28,18,1140250,1728250,35.540311,129.047136
2334,29,18,1140350,1728250,35.5402969,129.0482388
2335,30,18,1140450,1728250,35.5402827,129.0493416
2336,31,18,1140550,1728250,35.5402686,129.0504443
2337,32,18,1140650,1728250,35.5402544,129.0515471
2338,33,18,1140750,1728250,35.5402402,129.0526499
2339,34,18,1140850,1728250,35.540226,129.0537526
2340,35,18,1140950,1728250,35.5402117,129.0548554
2341,36,18,1141050,1728250,35.5401975,129.0559582
2342,37,18,1141150,1728250,35.5401833,129.0570609
2343,38,18,1141250,1728250,35.540169,129.0581637
2344,39,18,1141350,1728250,35.5401548,129.0592664
2345,40,18,1141450,1728250,35.5401405,129.0603692
2346,41,18,1141550,1728250,35.5401262,129.061472
2347,42,18,1141650,1728250,35.540112,129.0625747
2348,43,18,1141750,1728250,35.5400977,129.0636775
2349,44,18,1141850,1728250,35.5400833,129.0647802
2350,45,18,1141950,1728250,35.540069,129.065883
2351,46,18,1142050,1728250,35.5400547,129.0669857
2352,47,18,1142150,1728250,35.5400404,129.0680885
2353,48,18,1142250,1728250,35.540026,129.0691912
2354,49,18,1142350,1728250,35.5400117,129.070294
2355,50,18,1142450,1728250,35.5399973,129.0713967
2356,51,18,1142550,1728250,35.5399829,129.0724995
2357,52,18,1142650,1728250,35.5399685,129.0736022
2358,53,18,1142750,1728250,35.5399541,129.074705
2359,54,18,1142850,1728250,35.5399397,129.0758077
2360,55,18,1142950,1728250,35.5399253,129.0769105
2361,56,18,1143050,1728250,35.5399109,129.0780132
2362,57,18,1143150,1728250,35.5398964,129.079116
2363,58,18,1143250,1728250,35.539882,129.0802187
2364,59,18,1143350,1728250,35.5398675,129.0813215
2365,60,18,1143450,1728250,35.5398531,129.0824242
2366,61,18,1143550,1728250,35.5398386,129.083527
2367,62,18,1143650,1728250,35.5398241,129.0846297
2368,63,18,1143750,1728250,35.5398096,129.0857324
2369,64,18,1143850,1728250,35.5397951,129.0868352
2370,65,18,1143950,1728250,35.5397806,129.0879379
2371,66,18,1144050,1728250,35.539766,129.0890407
2372,67,18,1144150,1728250,35.5397515,129.0901434
2373,68,18,1144250,1728250,35.539737,129.0912461
2374,69,18,1144350,1728250,35.5397224,129.0923489
2375,70,18,1144450,1728250,35.5397078,129.0934516
2376,71,18,1144550,1728250,35.5396932,129.0945543
2377,72,18,1144650,1728250,35.5396787,129.0956571
2378,73,18,1144750,1728250,35.5396641,129.0967598
2379,74,18,1144850,1728250,35.5396495,129.0978625
2380,75,18,1144950,1728250,35.5396348,129.0989653
2381,76,18,1145050,1728250,35.5396202,129.100068
2382,77,18,1145150,1728250,35.5396056,129.1011707
2383,78,18,1145250,1728250,35.5395909,129.1022735
2384,79,18,1145350,1728250,35.5395763,129.1033762
2385,80,18,1145450,1728250,35.5395616,129.1044789
2386,81,18,1145550,1728250,35.5395469,129.1055816
2387,82,18,1145650,1728250,35.5395322,129.1066844
2388,83,18,1145750,1728250,35.5395175,129.1077871
2389,84,18,1145850,1728250,35.5395028,129.1088898
2390,85,18,1145950,1728250,35.5394881,129.1099925
2391,86,18,1146050,1728250,35.5394734,129.1110953
2392,87,18,1146150,1728250,35.5394586,129.112198
2393,88,18,1146250,1728250,35.5394439,129.1133007
2394,89,18,1146350,1728250,35.5394291,129.1144034
2395,90,18,1146450,1728250,35.5394143,129.1155061
2396,91,18,1146550,1728250,35.5393995,129.1166089
2397,92,18,1146650,1728250,35.5393848,129.1177116
2398,93,18,1146750,1728250,35.53937,129.1188143
2399,94,18,1146850,1728250,35.5393551,129.119917
2400,95,18,1146950,1728250,35.5393403,129.1210197
2401,96,18,1147050,1728250,35.5393255,129.1221224
2402,97,18,1147150,1728250,35.5393107,129.1232252
2403,98,18,1147250,1728250,35.5392958,129.1243279
2404,99,18,1147350,1728250,35.5392809,129.1254306
2405,100,18,1147450,1728250,35.5392661,129.1265333
2406,101,18,1147550,1728250,35.5392512,129.127636
2407,102,18,1147650,1728250,35.5392363,129.1287387
2408,103,18,1147750,1728250,35.5392214,129.1298414
2409,104,18,1147850,1728250,35.5392065,129.1309441
2410,105,18,1147950,1728250,35.5391916,129.1320468
2411,106,18,1148050,1728250,35.5391766,129.1331495
2412,107,18,1148150,1728250,35.5391617,129.1342522
2413,108,18,1148250,1728250,35.5391467,129.135355
2414,109,18,1148350,1728250,35.5391318,129.1364577
2415,110,18,1148450,1728250,35.5391168,129.1375604
2416,111,18,1148550,1728250,35.5391018,129.1386631
2417,112,18,1148650,1728250,35.5390868,129.1397658
2418,113,18,1148750,1728250,35.5390718,129.1408685
2419,114,18,1148850,1728250,35.5390568,129.1419712
2420,115,18,1148950,1728250,35.5390418,129.1430739
2421,116,18,1149050,1728250,35.5390268,129.1441766
2422,117,18,1149150,1728250,35.5390117,129.1452793
2423,118,18,1149250,1728250,35.5389967,129.146382
2424,119,18,1149350,1728250,35.5389816,129.1474847
2425,120,18,1149450,1728250,35.5389665,129.1485873
2426,121,18,1149550,1728250,35.5389514,129.14969
2427,122,18,1149650,1728250,35.5389364,129.1507927
2428,123,18,1149750,1728250,35.5389212,129.1518954
2429,124,18,1149850,1728250,35.5389061,129.1529981
2430,125,18,1149950,1728250,35.538891,129.1541008
2431,126,18,1150050,1728250,35.5388759,129.1552035
2432,127,18,1150150,1728250,35.5388607,129.1563062
2433,127,19,1150150,1728350,35.539762,129.1563247
2434,126,19,1150050,1728350,35.5397772,129.155222
2435,125,19,1149950,1728350,35.5397923,129.1541193
2436,124,19,1149850,1728350,35.5398074,129.1530166
2437,123,19,1149750,1728350,35.5398225,129.1519139
2438,122,19,1149650,1728350,35.5398376,129.1508112
2439,121,19,1149550,1728350,35.5398527,129.1497085
2440,120,19,1149450,1728350,35.5398678,129.1486058
2441,119,19,1149350,1728350,35.5398829,129.1475031
2442,118,19,1149250,1728350,35.539898,129.1464004
2443,117,19,1149150,1728350,35.539913,129.1452977
2444,116,19,1149050,1728350,35.539928,129.144195
2445,115,19,1148950,1728350,35.5399431,129.1430923
2446,114,19,1148850,1728350,35.5399581,129.1419895
2447,113,19,1148750,1728350,35.5399731,129.1408868
2448,112,19,1148650,1728350,35.5399881,129.1397841
2449,111,19,1148550,1728350,35.5400031,129.1386814
2450,110,19,1148450,1728350,35.5400181,129.1375787
2451,109,19,1148350,1728350,35.5400331,129.136476
2452,108,19,1148250,1728350,35.540048,129.1353733
2453,107,19,1148150,1728350,35.540063,129.1342705
2454,106,19,1148050,1728350,35.5400779,129.1331678
2455,105,19,1147950,1728350,35.5400929,129.1320651
2456,104,19,1147850,1728350,35.5401078,129.1309624
2457,103,19,1147750,1728350,35.5401227,129.1298597
2458,102,19,1147650,1728350,35.5401376,129.1287569
2459,101,19,1147550,1728350,35.5401525,129.1276542
2460,100,19,1147450,1728350,35.5401674,129.1265515
2461,99,19,1147350,1728350,35.5401822,129.1254488
2462,98,19,1147250,1728350,35.5401971,129.124346
2463,97,19,1147150,1728350,35.540212,129.1232433
2464,96,19,1147050,1728350,35.5402268,129.1221406
2465,95,19,1146950,1728350,35.5402416,129.1210379
2466,94,19,1146850,1728350,35.5402564,129.1199351
2467,93,19,1146750,1728350,35.5402713,129.1188324
2468,92,19,1146650,1728350,35.5402861,129.1177297
2469,91,19,1146550,1728350,35.5403009,129.1166269
2470,90,19,1146450,1728350,35.5403156,129.1155242
2471,89,19,1146350,1728350,35.5403304,129.1144215
2472,88,19,1146250,1728350,35.5403452,129.1133188
2473,87,19,1146150,1728350,35.5403599,129.112216
2474,86,19,1146050,1728350,35.5403747,129.1111133
2475,85,19,1145950,1728350,35.5403894,129.1100106
2476,84,19,1145850,1728350,35.5404041,129.1089078
2477,83,19,1145750,1728350,35.5404188,129.1078051
2478,82,19,1145650,1728350,35.5404335,129.1067023
2479,81,19,1145550,1728350,35.5404482,129.1055996
2480,80,19,1145450,1728350,35.5404629,129.1044969
2481,79,19,1145350,1728350,35.5404776,129.1033941
2482,78,19,1145250,1728350,35.5404922,129.1022914
2483,77,19,1145150,1728350,35.5405069,129.1011886
2484,76,19,1145050,1728350,35.5405215,129.1000859
2485,75,19,1144950,1728350,35.5405361,129.0989832
2486,74,19,1144850,1728350,35.5405508,129.0978804
2487,73,19,1144750,1728350,35.5405654,129.0967777
2488,72,19,1144650,1728350,35.54058,129.0956749
2489,71,19,1144550,1728350,35.5405946,129.0945722
2490,70,19,1144450,1728350,35.5406091,129.0934694
2491,69,19,1144350,1728350,35.5406237,129.0923667
2492,68,19,1144250,1728350,35.5406383,129.0912639
2493,67,19,1144150,1728350,35.5406528,129.0901612
2494,66,19,1144050,1728350,35.5406674,129.0890584
2495,65,19,1143950,1728350,35.5406819,129.0879557
2496,64,19,1143850,1728350,35.5406964,129.0868529
2497,63,19,1143750,1728350,35.5407109,129.0857502
2498,62,19,1143650,1728350,35.5407254,129.0846474
2499,61,19,1143550,1728350,35.5407399,129.0835447
2500,60,19,1143450,1728350,35.5407544,129.0824419
2501,59,19,1143350,1728350,35.5407689,129.0813392
2502,58,19,1143250,1728350,35.5407833,129.0802364
2503,57,19,1143150,1728350,35.5407978,129.0791336
2504,56,19,1143050,1728350,35.5408122,129.0780309
2505,55,19,1142950,1728350,35.5408266,129.0769281
2506,54,19,1142850,1728350,35.540841,129.0758254
2507,53,19,1142750,1728350,35.5408555,129.0747226
2508,52,19,1142650,1728350,35.5408699,129.0736198
2509,51,19,1142550,1728350,35.5408842,129.0725171
2510,50,19,1142450,1728350,35.5408986,129.0714143
2511,49,19,1142350,1728350,35.540913,129.0703116
2512,48,19,1142250,1728350,35.5409273,129.0692088
2513,47,19,1142150,1728350,35.5409417,129.068106
2514,46,19,1142050,1728350,35.540956,129.0670033
2515,45,19,1141950,1728350,35.5409704,129.0659005
2516,44,19,1141850,1728350,35.5409847,129.0647977
2517,43,19,1141750,1728350,35.540999,129.063695
2518,42,19,1141650,1728350,35.5410133,129.0625922
2519,41,19,1141550,1728350,35.5410276,129.0614894
2520,40,19,1141450,1728350,35.5410418,129.0603867
2521,39,19,1141350,1728350,35.5410561,129.0592839
2522,38,19,1141250,1728350,35.5410704,129.0581811
2523,37,19,1141150,1728350,35.5410846,129.0570783
2524,36,19,1141050,1728350,35.5410989,129.0559756
2525,35,19,1140950,1728350,35.5411131,129.0548728
2526,34,19,1140850,1728350,35.5411273,129.05377
2527,33,19,1140750,1728350,35.5411415,129.0526672
2528,32,19,1140650,1728350,35.5411557,129.0515645
2529,31,19,1140550,1728350,35.5411699,129.0504617
2530,30,19,1140450,1728350,35.5411841,129.0493589
2531,29,19,1140350,1728350,35.5411982,129.0482561
2532,28,19,1140250,1728350,35.5412124,129.0471533
2533,27,19,1140150,1728350,35.5412265,129.0460506
2534,26,19,1140050,1728350,35.5412407,129.0449478
2535,25,19,1139950,1728350,35.5412548,129.043845
2536,24,19,1139850,1728350,35.5412689,129.0427422
2537,23,19,1139750,1728350,35.541283,129.0416394
2538,22,19,1139650,1728350,35.5412971,129.0405367
2539,21,19,1139550,1728350,35.5413112,129.0394339
2540,20,19,1139450,1728350,35.5413253,129.0383311
2541,19,19,1139350,1728350,35.5413393,129.0372283
2542,18,19,1139250,1728350,35.5413534,129.0361255
2543,17,19,1139150,1728350,35.5413674,129.0350227
2544,16,19,1139050,1728350,35.5413815,129.0339199
2545,15,19,1138950,1728350,35.5413955,129.0328171
2546,14,19,1138850,1728350,35.5414095,129.0317144
2547,13,19,1138750,1728350,35.5414235,129.0306116
2548,12,19,1138650,1728350,35.5414375,129.0295088
2549,11,19,1138550,1728350,35.5414515,129.028406
2550,10,19,1138450,1728350,35.5414655,129.0273032
2551,9,19,1138350,1728350,35.5414794,129.0262004
2552,8,19,1138250,1728350,35.5414934,129.0250976
2553,7,19,1138150,1728350,35.5415073,129.0239948
2554,6,19,1138050,1728350,35.5415213,129.022892
2555,5,19,1137950,1728350,35.5415352,129.0217892
2556,4,19,1137850,1728350,35.5415491,129.0206864
2557,3,19,1137750,1728350,35.541563,129.0195836
2558,2,19,1137650,1728350,35.5415769,129.0184808
2559,1,19,1137550,1728350,35.5415908,129.017378
2560,0,19,1137450,1728350,35.5416047,129.0162752
2561,0,20,1137450,1728450,35.542506,129.0162922
2562,1,20,1137550,1728450,35.5424921,129.017395
2563,2,20,1137650,1728450,35.5424783,129.0184978
2564,3,20,1137750,1728450,35.5424644,129.0196006
2565,4,20,1137850,1728450,35.5424505,129.0207034
2566,5,20,1137950,1728450,35.5424365,129.0218062
2567,6,20,1138050,1728450,35.5424226,129.022909
2568,7,20,1138150,1728450,35.5424087,129.0240119
2569,8,20,1138250,1728450,35.5423947,129.0251147
2570,9,20,1138350,1728450,35.5423808,129.0262175
2571,10,20,1138450,1728450,35.5423668,129.0273203
2572,11,20,1138550,1728450,35.5423528,129.0284231
2573,12,20,1138650,1728450,35.5423389,129.0295259
2574,13,20,1138750,1728450,35.5423249,129.0306287
2575,14,20,1138850,1728450,35.5423109,129.0317315
2576,15,20,1138950,1728450,35.5422968,129.0328343
2577,16,20,1139050,1728450,35.5422828,129.0339371
2578,17,20,1139150,1728450,35.5422688,129.0350399
2579,18,20,1139250,1728450,35.5422547,129.0361427
2580,19,20,1139350,1728450,35.5422407,129.0372455
2581,20,20,1139450,1728450,35.5422266,129.0383483
2582,21,20,1139550,1728450,35.5422125,129.0394511
2583,22,20,1139650,1728450,35.5421984,129.0405539
2584,23,20,1139750,1728450,35.5421843,129.0416567
2585,24,20,1139850,1728450,35.5421702,129.0427595
2586,25,20,1139950,1728450,35.5421561,129.0438623
2587,26,20,1140050,1728450,35.542142,129.0449651
2588,27,20,1140150,1728450,35.5421279,129.0460679
2589,28,20,1140250,1728450,35.5421137,129.0471707
2590,29,20,1140350,1728450,35.5420996,129.0482735
2591,30,20,1140450,1728450,35.5420854,129.0493762
2592,31,20,1140550,1728450,35.5420712,129.050479
2593,32,20,1140650,1728450,35.542057,129.0515818
2594,33,20,1140750,1728450,35.5420428,129.0526846
2595,34,20,1140850,1728450,35.5420286,129.0537874
2596,35,20,1140950,1728450,35.5420144,129.0548902
2597,36,20,1141050,1728450,35.5420002,129.055993
2598,37,20,1141150,1728450,35.5419859,129.0570958
2599,38,20,1141250,1728450,35.5419717,129.0581985
2600,39,20,1141350,1728450,35.5419574,129.0593013
2601,40,20,1141450,1728450,35.5419432,129.0604041
2602,41,20,1141550,1728450,35.5419289,129.0615069
2603,42,20,1141650,1728450,35.5419146,129.0626097
2604,43,20,1141750,1728450,35.5419003,129.0637125
2605,44,20,1141850,1728450,35.541886,129.0648152
2606,45,20,1141950,1728450,35.5418717,129.065918
2607,46,20,1142050,1728450,35.5418574,129.0670208
2608,47,20,1142150,1728450,35.541843,129.0681236
2609,48,20,1142250,1728450,35.5418287,129.0692264
2610,49,20,1142350,1728450,35.5418143,129.0703291
2611,50,20,1142450,1728450,35.5417999,129.0714319
2612,51,20,1142550,1728450,35.5417856,129.0725347
2613,52,20,1142650,1728450,35.5417712,129.0736375
2614,53,20,1142750,1728450,35.5417568,129.0747402
2615,54,20,1142850,1728450,35.5417424,129.075843
2616,55,20,1142950,1728450,35.5417279,129.0769458
2617,56,20,1143050,1728450,35.5417135,129.0780485
2618,57,20,1143150,1728450,35.5416991,129.0791513
2619,58,20,1143250,1728450,35.5416846,129.0802541
2620,59,20,1143350,1728450,35.5416702,129.0813569
2621,60,20,1143450,1728450,35.5416557,129.0824596
2622,61,20,1143550,1728450,35.5416412,129.0835624
2623,62,20,1143650,1728450,35.5416267,129.0846652
2624,63,20,1143750,1728450,35.5416122,129.0857679
2625,64,20,1143850,1728450,35.5415977,129.0868707
2626,65,20,1143950,1728450,35.5415832,129.0879735
2627,66,20,1144050,1728450,35.5415687,129.0890762
2628,67,20,1144150,1728450,35.5415541,129.090179
2629,68,20,1144250,1728450,35.5415396,129.0912817
2630,69,20,1144350,1728450,35.541525,129.0923845
2631,70,20,1144450,1728450,35.5415105,129.0934873
2632,71,20,1144550,1728450,35.5414959,129.09459
2633,72,20,1144650,1728450,35.5414813,129.0956928
2634,73,20,1144750,1728450,35.5414667,129.0967955
2635,74,20,1144850,1728450,35.5414521,129.0978983
2636,75,20,1144950,1728450,35.5414375,129.099001
2637,76,20,1145050,1728450,35.5414228,129.1001038
2638,77,20,1145150,1728450,35.5414082,129.1012066
2639,78,20,1145250,1728450,35.5413935,129.1023093
2640,79,20,1145350,1728450,35.5413789,129.1034121
2641,80,20,1145450,1728450,35.5413642,129.1045148
2642,81,20,1145550,1728450,35.5413495,129.1056176
2643,82,20,1145650,1728450,35.5413348,129.1067203
2644,83,20,1145750,1728450,35.5413201,129.1078231
2645,84,20,1145850,1728450,35.5413054,129.1089258
2646,85,20,1145950,1728450,35.5412907,129.1100286
2647,86,20,1146050,1728450,35.541276,129.1111313
2648,87,20,1146150,1728450,35.5412612,129.1122341
2649,88,20,1146250,1728450,35.5412465,129.1133368
2650,89,20,1146350,1728450,35.5412317,129.1144396
2651,90,20,1146450,1728450,35.5412169,129.1155423
2652,91,20,1146550,1728450,35.5412022,129.116645
2653,92,20,1146650,1728450,35.5411874,129.1177478
2654,93,20,1146750,1728450,35.5411726,129.1188505
2655,94,20,1146850,1728450,35.5411578,129.1199533
2656,95,20,1146950,1728450,35.5411429,129.121056
2657,96,20,1147050,1728450,35.5411281,129.1221587
2658,97,20,1147150,1728450,35.5411133,129.1232615
2659,98,20,1147250,1728450,35.5410984,129.1243642
2660,99,20,1147350,1728450,35.5410835,129.125467
2661,100,20,1147450,1728450,35.5410687,129.1265697
2662,101,20,1147550,1728450,35.5410538,129.1276724
2663,102,20,1147650,1728450,35.5410389,129.1287752
2664,103,20,1147750,1728450,35.541024,129.1298779
2665,104,20,1147850,1728450,35.5410091,129.1309806
2666,105,20,1147950,1728450,35.5409942,129.1320834
2667,106,20,1148050,1728450,35.5409792,129.1331861
2668,107,20,1148150,1728450,35.5409643,129.1342888
2669,108,20,1148250,1728450,35.5409493,129.1353916
2670,109,20,1148350,1728450,35.5409344,129.1364943
2671,110,20,1148450,1728450,35.5409194,129.137597
2672,111,20,1148550,1728450,35.5409044,129.1386997
2673,112,20,1148650,1728450,35.5408894,129.1398025
2674,113,20,1148750,1728450,35.5408744,129.1409052
2675,114,20,1148850,1728450,35.5408594,129.1420079
2676,115,20,1148950,1728450,35.5408444,129.1431106
2677,116,20,1149050,1728450,35.5408293,129.1442134
2678,117,20,1149150,1728450,35.5408143,129.1453161
2679,118,20,1149250,1728450,35.5407992,129.1464188
2680,119,20,1149350,1728450,35.5407842,129.1475215
2681,120,20,1149450,1728450,35.5407691,129.1486242
2682,121,20,1149550,1728450,35.540754,129.149727
2683,122,20,1149650,1728450,35.5407389,129.1508297
2684,123,20,1149750,1728450,35.5407238,129.1519324
2685,124,20,1149850,1728450,35.5407087,129.1530351
2686,125,20,1149950,1728450,35.5406936,129.1541378
2687,126,20,1150050,1728450,35.5406784,129.1552405
2688,127,20,1150150,1728450,35.5406633,129.1563433
2689,127,21,1150150,1728550,35.5415646,129.1563618
2690,126,21,1150050,1728550,35.5415797,129.1552591
2691,125,21,1149950,1728550,35.5415949,129.1541563
2692,124,21,1149850,1728550,35.54161,129.1530536
2693,123,21,1149750,1728550,35.5416251,129.1519509
2694,122,21,1149650,1728550,35.5416402,129.1508482
2695,121,21,1149550,1728550,35.5416553,129.1497454
2696,120,21,1149450,1728550,35.5416704,129.1486427
2697,119,21,1149350,1728550,35.5416855,129.14754
2698,118,21,1149250,1728550,35.5417005,129.1464372
2699,117,21,1149150,1728550,35.5417156,129.1453345
2700,116,21,1149050,1728550,35.5417306,129.1442318
2701,115,21,1148950,1728550,35.5417457,129.143129
2702,114,21,1148850,1728550,35.5417607,129.1420263
2703,113,21,1148750,1728550,35.5417757,129.1409236
2704,112,21,1148650,1728550,35.5417907,129.1398208
2705,111,21,1148550,1728550,35.5418057,129.1387181
2706,110,21,1148450,1728550,35.5418207,129.1376153
2707,109,21,1148350,1728550,35.5418357,129.1365126
2708,108,21,1148250,1728550,35.5418506,129.1354099
2709,107,21,1148150,1728550,35.5418656,129.1343071
2710,106,21,1148050,1728550,35.5418805,129.1332044
2711,105,21,1147950,1728550,35.5418955,129.1321016
2712,104,21,1147850,1728550,35.5419104,129.1309989
2713,103,21,1147750,1728550,35.5419253,129.1298961
2714,102,21,1147650,1728550,35.5419402,129.1287934
2715,101,21,1147550,1728550,35.5419551,129.1276906
2716,100,21,1147450,1728550,35.54197,129.1265879
2717,99,21,1147350,1728550,35.5419848,129.1254851
2718,98,21,1147250,1728550,35.5419997,129.1243824
2719,97,21,1147150,1728550,35.5420146,129.1232796
2720,96,21,1147050,1728550,35.5420294,129.1221769
2721,95,21,1146950,1728550,35.5420442,129.1210741
2722,94,21,1146850,1728550,35.5420591,129.1199714
2723,93,21,1146750,1728550,35.5420739,129.1188686
2724,92,21,1146650,1728550,35.5420887,129.1177659
2725,91,21,1146550,1728550,35.5421035,129.1166631
2726,90,21,1146450,1728550,35.5421182,129.1155604
2727,89,21,1146350,1728550,35.542133,129.1144576
2728,88,21,1146250,1728550,35.5421478,129.1133549
2729,87,21,1146150,1728550,35.5421625,129.1122521
2730,86,21,1146050,1728550,35.5421773,129.1111493
2731,85,21,1145950,1728550,35.542192,129.1100466
2732,84,21,1145850,1728550,35.5422067,129.1089438
2733,83,21,1145750,1728550,35.5422214,129.1078411
2734,82,21,1145650,1728550,35.5422361,129.1067383
2735,81,21,1145550,1728550,35.5422508,129.1056355
2736,80,21,1145450,1728550,35.5422655,129.1045328
2737,79,21,1145350,1728550,35.5422802,129.10343
2738,78,21,1145250,1728550,35.5422948,129.1023272
2739,77,21,1145150,1728550,35.5423095,129.1012245
2740,76,21,1145050,1728550,35.5423241,129.1001217
2741,75,21,1144950,1728550,35.5423388,129.0990189
2742,74,21,1144850,1728550,35.5423534,129.0979162
2743,73,21,1144750,1728550,35.542368,129.0968134
2744,72,21,1144650,1728550,35.5423826,129.0957106
2745,71,21,1144550,1728550,35.5423972,129.0946079
2746,70,21,1144450,1728550,35.5424118,129.0935051
2747,69,21,1144350,1728550,35.5424263,129.0924023
2748,68,21,1144250,1728550,35.5424409,129.0912995
2749,67,21,1144150,1728550,35.5424554,129.0901968
2750,66,21,1144050,1728550,35.54247,129.089094
2751,65,21,1143950,1728550,35.5424845,129.0879912
2752,64,21,1143850,1728550,35.542499,129.0868884
2753,63,21,1143750,1728550,35.5425136,129.0857857
2754,62,21,1143650,1728550,35.542528,129.0846829
2755,61,21,1143550,1728550,35.5425425,129.0835801
2756,60,21,1143450,1728550,35.542557,129.0824773
2757,59,21,1143350,1728550,35.5425715,129.0813746
2758,58,21,1143250,1728550,35.5425859,129.0802718
2759,57,21,1143150,1728550,35.5426004,129.079169
2760,56,21,1143050,1728550,35.5426148,129.0780662
2761,55,21,1142950,1728550,35.5426293,129.0769634
2762,54,21,1142850,1728550,35.5426437,129.0758606
2763,53,21,1142750,1728550,35.5426581,129.0747579
2764,52,21,1142650,1728550,35.5426725,129.0736551
2765,51,21,1142550,1728550,35.5426869,129.0725523
2766,50,21,1142450,1728550,35.5427013,129.0714495
2767,49,21,1142350,1728550,35.5427156,129.0703467
2768,48,21,1142250,1728550,35.54273,129.0692439
2769,47,21,1142150,1728550,35.5427443,129.0681411
2770,46,21,1142050,1728550,35.5427587,129.0670383
2771,45,21,1141950,1728550,35.542773,129.0659355
2772,44,21,1141850,1728550,35.5427873,129.0648328
2773,43,21,1141750,1728550,35.5428016,129.06373
2774,42,21,1141650,1728550,35.5428159,129.0626272
2775,41,21,1141550,1728550,35.5428302,129.0615244
2776,40,21,1141450,1728550,35.5428445,129.0604216
2777,39,21,1141350,1728550,35.5428588,129.0593188
2778,38,21,1141250,1728550,35.542873,129.058216
2779,37,21,1141150,1728550,35.5428873,129.0571132
2780,36,21,1141050,1728550,35.5429015,129.0560104
2781,35,21,1140950,1728550,35.5429157,129.0549076
2782,34,21,1140850,1728550,35.54293,129.0538048
2783,33,21,1140750,1728550,35.5429442,129.052702
2784,32,21,1140650,1728550,35.5429584,129.0515992
2785,31,21,1140550,1728550,35.5429725,129.0504964
2786,30,21,1140450,1728550,35.5429867,129.0493936
2787,29,21,1140350,1728550,35.5430009,129.0482908
2788,28,21,1140250,1728550,35.5430151,129.047188
2789,27,21,1140150,1728550,35.5430292,129.0460852
2790,26,21,1140050,1728550,35.5430433,129.0449824
2791,25,21,1139950,1728550,35.5430575,129.0438796
2792,24,21,1139850,1728550,35.5430716,129.0427768
2793,23,21,1139750,1728550,35.5430857,129.0416739
2794,22,21,1139650,1728550,35.5430998,129.0405711
2795,21,21,1139550,1728550,35.5431139,129.0394683
2796,20,21,1139450,1728550,35.5431279,129.0383655
2797,19,21,1139350,1728550,35.543142,129.0372627
2798,18,21,1139250,1728550,35.5431561,129.0361599
2799,17,21,1139150,1728550,35.5431701,129.0350571
2800,16,21,1139050,1728550,35.5431842,129.0339543
2801,15,21,1138950,1728550,35.5431982,129.0328515
2802,14,21,1138850,1728550,35.5432122,129.0317486
2803,13,21,1138750,1728550,35.5432262,129.0306458
2804,12,21,1138650,1728550,35.5432402,129.029543
2805,11,21,1138550,1728550,35.5432542,129.0284402
2806,10,21,1138450,1728550,35.5432682,129.0273374
2807,9,21,1138350,1728550,35.5432821,129.0262345
2808,8,21,1138250,1728550,35.5432961,129.0251317
2809,7,21,1138150,1728550,35.54331,129.0240289
2810,6,21,1138050,1728550,35.543324,129.0229261
2811,5,21,1137950,1728550,35.5433379,129.0218233
2812,4,21,1137850,1728550,35.5433518,129.0207204
2813,3,21,1137750,1728550,35.5433657,129.0196176
2814,2,21,1137650,1728550,35.5433796,129.0185148
2815,1,21,1137550,1728550,35.5433935,129.017412
2816,0,21,1137450,1728550,35.5434074,129.0163091
2817,0,22,1137450,1728650,35.5443087,129.0163261
2818,1,22,1137550,1728650,35.5442948,129.017429
2819,2,22,1137650,1728650,35.5442809,129.0185318
2820,3,22,1137750,1728650,35.544267,129.0196346
2821,4,22,1137850,1728650,35.5442531,129.0207375
2822,5,22,1137950,1728650,35.5442392,129.0218403
2823,6,22,1138050,1728650,35.5442253,129.0229431
2824,7,22,1138150,1728650,35.5442114,129.024046
2825,8,22,1138250,1728650,35.5441974,129.0251488
2826,9,22,1138350,1728650,35.5441835,129.0262516
2827,10,22,1138450,1728650,35.5441695,129.0273545
2828,11,22,1138550,1728650,35.5441555,129.0284573
2829,12,22,1138650,1728650,35.5441415,129.0295601
2830,13,22,1138750,1728650,35.5441275,129.030663
2831,14,22,1138850,1728650,35.5441135,129.0317658
2832,15,22,1138950,1728650,35.5440995,129.0328686
2833,16,22,1139050,1728650,35.5440855,129.0339714
2834,17,22,1139150,1728650,35.5440715,129.0350743
2835,18,22,1139250,1728650,35.5440574,129.0361771
2836,19,22,1139350,1728650,35.5440433,129.0372799
2837,20,22,1139450,1728650,35.5440293,129.0383827
2838,21,22,1139550,1728650,35.5440152,129.0394856
2839,22,22,1139650,1728650,35.5440011,129.0405884
2840,23,22,1139750,1728650,35.543987,129.0416912
2841,24,22,1139850,1728650,35.5439729,129.042794
2842,25,22,1139950,1728650,35.5439588,129.0438968
2843,26,22,1140050,1728650,35.5439447,129.0449997
2844,27,22,1140150,1728650,35.5439305,129.0461025
2845,28,22,1140250,1728650,35.5439164,129.0472053
2846,29,22,1140350,1728650,35.5439022,129.0483081
2847,30,22,1140450,1728650,35.5438881,129.0494109
2848,31,22,1140550,1728650,35.5438739,129.0505137
2849,32,22,1140650,1728650,35.5438597,129.0516166
2850,33,22,1140750,1728650,35.5438455,129.0527194
2851,34,22,1140850,1728650,35.5438313,129.0538222
2852,35,22,1140950,1728650,35.5438171,129.054925
2853,36,22,1141050,1728650,35.5438028,129.0560278
2854,37,22,1141150,1728650,35.5437886,129.0571306
2855,38,22,1141250,1728650,35.5437744,129.0582334
2856,39,22,1141350,1728650,35.5437601,129.0593362
2857,40,22,1141450,1728650,35.5437458,129.060439
2858,41,22,1141550,1728650,35.5437315,129.0615419
2859,42,22,1141650,1728650,35.5437173,129.0626447
2860,43,22,1141750,1728650,35.543703,129.0637475
2861,44,22,1141850,1728650,35.5436887,129.0648503
2862,45,22,1141950,1728650,35.5436743,129.0659531
2863,46,22,1142050,1728650,35.54366,129.0670559
2864,47,22,1142150,1728650,35.5436457,129.0681587
2865,48,22,1142250,1728650,35.5436313,129.0692615
2866,49,22,1142350,1728650,35.543617,129.0703643
2867,50,22,1142450,1728650,35.5436026,129.0714671
2868,51,22,1142550,1728650,35.5435882,129.0725699
2869,52,22,1142650,1728650,35.5435738,129.0736727
2870,53,22,1142750,1728650,35.5435594,129.0747755
2871,54,22,1142850,1728650,35.543545,129.0758783
2872,55,22,1142950,1728650,35.5435306,129.0769811
2873,56,22,1143050,1728650,35.5435162,129.0780839
2874,57,22,1143150,1728650,35.5435017,129.0791867
2875,58,22,1143250,1728650,35.5434873,129.0802895
2876,59,22,1143350,1728650,35.5434728,129.0813923
2877,60,22,1143450,1728650,35.5434583,129.082495
2878,61,22,1143550,1728650,35.5434439,129.0835978
2879,62,22,1143650,1728650,35.5434294,129.0847006
2880,63,22,1143750,1728650,35.5434149,129.0858034
2881,64,22,1143850,1728650,35.5434004,129.0869062
2882,65,22,1143950,1728650,35.5433858,129.088009
2883,66,22,1144050,1728650,35.5433713,129.0891118
2884,67,22,1144150,1728650,35.5433568,129.0902146
2885,68,22,1144250,1728650,35.5433422,129.0913174
2886,69,22,1144350,1728650,35.5433277,129.0924201
2887,70,22,1144450,1728650,35.5433131,129.0935229
2888,71,22,1144550,1728650,35.5432985,129.0946257
2889,72,22,1144650,1728650,35.5432839,129.0957285
2890,73,22,1144750,1728650,35.5432693,129.0968313
2891,74,22,1144850,1728650,35.5432547,129.0979341
2892,75,22,1144950,1728650,35.5432401,129.0990368
2893,76,22,1145050,1728650,35.5432254,129.1001396
2894,77,22,1145150,1728650,35.5432108,129.1012424
2895,78,22,1145250,1728650,35.5431962,129.1023452
2896,79,22,1145350,1728650,35.5431815,129.103448
2897,80,22,1145450,1728650,35.5431668,129.1045507
2898,81,22,1145550,1728650,35.5431521,129.1056535
2899,82,22,1145650,1728650,35.5431374,129.1067563
2900,83,22,1145750,1728650,35.5431227,129.1078591
2901,84,22,1145850,1728650,35.543108,129.1089618
2902,85,22,1145950,1728650,35.5430933,129.1100646
2903,86,22,1146050,1728650,35.5430786,129.1111674
2904,87,22,1146150,1728650,35.5430638,129.1122701
2905,88,22,1146250,1728650,35.5430491,129.1133729
2906,89,22,1146350,1728650,35.5430343,129.1144757
2907,90,22,1146450,1728650,35.5430195,129.1155785
2908,91,22,1146550,1728650,35.5430048,129.1166812
2909,92,22,1146650,1728650,35.54299,129.117784
2910,93,22,1146750,1728650,35.5429752,129.1188868
2911,94,22,1146850,1728650,35.5429604,129.1199895
2912,95,22,1146950,1728650,35.5429455,129.1210923
2913,96,22,1147050,1728650,35.5429307,129.1221951
2914,97,22,1147150,1728650,35.5429159,129.1232978
2915,98,22,1147250,1728650,35.542901,129.1244006
2916,99,22,1147350,1728650,35.5428861,129.1255033
2917,100,22,1147450,1728650,35.5428713,129.1266061
2918,101,22,1147550,1728650,35.5428564,129.1277089
2919,102,22,1147650,1728650,35.5428415,129.1288116
2920,103,22,1147750,1728650,35.5428266,129.1299144
2921,104,22,1147850,1728650,35.5428117,129.1310171
2922,105,22,1147950,1728650,35.5427967,129.1321199
2923,106,22,1148050,1728650,35.5427818,129.1332226
2924,107,22,1148150,1728650,35.5427669,129.1343254
2925,108,22,1148250,1728650,35.5427519,129.1354282
2926,109,22,1148350,1728650,35.542737,129.1365309
2927,110,22,1148450,1728650,35.542722,129.1376337
2928,111,22,1148550,1728650,35.542707,129.1387364
2929,112,22,1148650,1728650,35.542692,129.1398392
2930,113,22,1148750,1728650,35.542677,129.1409419
2931,114,22,1148850,1728650,35.542662,129.1420447
2932,115,22,1148950,1728650,35.542647,129.1431474
2933,116,22,1149050,1728650,35.5426319,129.1442502
2934,117,22,1149150,1728650,35.5426169,129.1453529
2935,118,22,1149250,1728650,35.5426018,129.1464557
2936,119,22,1149350,1728650,35.5425868,129.1475584
2937,120,22,1149450,1728650,35.5425717,129.1486611
2938,121,22,1149550,1728650,35.5425566,129.1497639
2939,122,22,1149650,1728650,35.5425415,129.1508666
2940,123,22,1149750,1728650,35.5425264,129.1519694
2941,124,22,1149850,1728650,35.5425113,129.1530721
2942,125,22,1149950,1728650,35.5424962,129.1541749
2943,126,22,1150050,1728650,35.542481,129.1552776
2944,127,22,1150150,1728650,35.5424659,129.1563803
2945,127,23,1150150,1728750,35.5433672,129.1563989
2946,126,23,1150050,1728750,35.5433823,129.1552961
2947,125,23,1149950,1728750,35.5433974,129.1541934
2948,124,23,1149850,1728750,35.5434126,129.1530906
2949,123,23,1149750,1728750,35.5434277,129.1519879
2950,122,23,1149650,1728750,35.5434428,129.1508851
2951,121,23,1149550,1728750,35.5434579,129.1497824
2952,120,23,1149450,1728750,35.543473,129.1486796
2953,119,23,1149350,1728750,35.543488,129.1475768
2954,118,23,1149250,1728750,35.5435031,129.1464741
2955,117,23,1149150,1728750,35.5435182,129.1453713
2956,116,23,1149050,1728750,35.5435332,129.1442686
2957,115,23,1148950,1728750,35.5435482,129.1431658
2958,114,23,1148850,1728750,35.5435633,129.142063
2959,113,23,1148750,1728750,35.5435783,129.1409603
2960,112,23,1148650,1728750,35.5435933,129.1398575
2961,111,23,1148550,1728750,35.5436083,129.1387548
2962,110,23,1148450,1728750,35.5436233,129.137652
2963,109,23,1148350,1728750,35.5436382,129.1365492
2964,108,23,1148250,1728750,35.5436532,129.1354465
2965,107,23,1148150,1728750,35.5436682,129.1343437
2966,106,23,1148050,1728750,35.5436831,129.1332409
2967,105,23,1147950,1728750,35.543698,129.1321382
2968,104,23,1147850,1728750,35.543713,129.1310354
2969,103,23,1147750,1728750,35.5437279,129.1299326
2970,102,23,1147650,1728750,35.5437428,129.1288298
2971,101,23,1147550,1728750,35.5437577,129.1277271
2972,100,23,1147450,1728750,35.5437726,129.1266243
2973,99,23,1147350,1728750,35.5437874,129.1255215
2974,98,23,1147250,1728750,35.5438023,129.1244188
2975,97,23,1147150,1728750,35.5438172,129.123316
2976,96,23,1147050,1728750,35.543832,129.1222132
2977,95,23,1146950,1728750,35.5438468,129.1211104
2978,94,23,1146850,1728750,35.5438617,129.1200077
2979,93,23,1146750,1728750,35.5438765,129.1189049
2980,92,23,1146650,1728750,35.5438913,129.1178021
2981,91,23,1146550,1728750,35.5439061,129.1166993
2982,90,23,1146450,1728750,35.5439208,129.1155965
2983,89,23,1146350,1728750,35.5439356,129.1144938
2984,88,23,1146250,1728750,35.5439504,129.113391
2985,87,23,1146150,1728750,35.5439651,129.1122882
2986,86,23,1146050,1728750,35.5439799,129.1111854
2987,85,23,1145950,1728750,35.5439946,129.1100826
2988,84,23,1145850,1728750,35.5440093,129.1089798
2989,83,23,1145750,1728750,35.544024,129.1078771
2990,82,23,1145650,1728750,35.5440388,129.1067743
2991,81,23,1145550,1728750,35.5440534,129.1056715
2992,80,23,1145450,1728750,35.5440681,129.1045687
2993,79,23,1145350,1728750,35.5440828,129.1034659
2994,78,23,1145250,1728750,35.5440975,129.1023631
2995,77,23,1145150,1728750,35.5441121,129.1012603
2996,76,23,1145050,1728750,35.5441268,129.1001575
2997,75,23,1144950,1728750,35.5441414,129.0990547
2998,74,23,1144850,1728750,35.544156,129.0979519
2999,73,23,1144750,1728750,35.5441706,129.0968491
3000,72,23,1144650,1728750,35.5441852,129.0957464
3001,71,23,1144550,1728750,35.5441998,129.0946436
3002,70,23,1144450,1728750,35.5442144,129.0935408
3003,69,23,1144350,1728750,35.544229,129.092438
3004,68,23,1144250,1728750,35.5442435,129.0913352
3005,67,23,1144150,1728750,35.5442581,129.0902324
3006,66,23,1144050,1728750,35.5442726,129.0891296
3007,65,23,1143950,1728750,35.5442872,129.0880268
3008,64,23,1143850,1728750,35.5443017,129.086924
3009,63,23,1143750,1728750,35.5443162,129.0858212
3010,62,23,1143650,1728750,35.5443307,129.0847184
3011,61,23,1143550,1728750,35.5443452,129.0836156
3012,60,23,1143450,1728750,35.5443597,129.0825128
3013,59,23,1143350,1728750,35.5443741,129.08141
3014,58,23,1143250,1728750,35.5443886,129.0803071
3015,57,23,1143150,1728750,35.544403,129.0792043
3016,56,23,1143050,1728750,35.5444175,129.0781015
3017,55,23,1142950,1728750,35.5444319,129.0769987
3018,54,23,1142850,1728750,35.5444463,129.0758959
3019,53,23,1142750,1728750,35.5444607,129.0747931
3020,52,23,1142650,1728750,35.5444751,129.0736903
3021,51,23,1142550,1728750,35.5444895,129.0725875
3022,50,23,1142450,1728750,35.5445039,129.0714847
3023,49,23,1142350,1728750,35.5445183,129.0703819
3024,48,23,1142250,1728750,35.5445326,129.069279
3025,47,23,1142150,1728750,35.544547,129.0681762
3026,46,23,1142050,1728750,35.5445613,129.0670734
3027,45,23,1141950,1728750,35.5445757,129.0659706
3028,44,23,1141850,1728750,35.54459,129.0648678
3029,43,23,1141750,1728750,35.5446043,129.063765
3030,42,23,1141650,1728750,35.5446186,129.0626621
3031,41,23,1141550,1728750,35.5446329,129.0615593
3032,40,23,1141450,1728750,35.5446472,129.0604565
3033,39,23,1141350,1728750,35.5446614,129.0593537
3034,38,23,1141250,1728750,35.5446757,129.0582509
3035,37,23,1141150,1728750,35.5446899,129.057148
3036,36,23,1141050,1728750,35.5447042,129.0560452
3037,35,23,1140950,1728750,35.5447184,129.0549424
3038,34,23,1140850,1728750,35.5447326,129.0538396
3039,33,23,1140750,1728750,35.5447468,129.0527367
3040,32,23,1140650,1728750,35.544761,129.0516339
3041,31,23,1140550,1728750,35.5447752,129.0505311
3042,30,23,1140450,1728750,35.5447894,129.0494283
3043,29,23,1140350,1728750,35.5448036,129.0483254
3044,28,23,1140250,1728750,35.5448177,129.0472226
3045,27,23,1140150,1728750,35.5448319,129.0461198
3046,26,23,1140050,1728750,35.544846,129.0450169
3047,25,23,1139950,1728750,35.5448601,129.0439141
3048,24,23,1139850,1728750,35.5448742,129.0428113
3049,23,23,1139750,1728750,35.5448884,129.0417085
3050,22,23,1139650,1728750,35.5449025,129.0406056
3051,21,23,1139550,1728750,35.5449165,129.0395028
3052,20,23,1139450,1728750,35.5449306,129.0384
3053,19,23,1139350,1728750,35.5449447,129.0372971
3054,18,23,1139250,1728750,35.5449587,129.0361943
3055,17,23,1139150,1728750,35.5449728,129.0350914
3056,16,23,1139050,1728750,35.5449868,129.0339886
3057,15,23,1138950,1728750,35.5450009,129.0328858
3058,14,23,1138850,1728750,35.5450149,129.0317829
3059,13,23,1138750,1728750,35.5450289,129.0306801
3060,12,23,1138650,1728750,35.5450429,129.0295772
3061,11,23,1138550,1728750,35.5450569,129.0284744
3062,10,23,1138450,1728750,35.5450708,129.0273716
3063,9,23,1138350,1728750,35.5450848,129.0262687
3064,8,23,1138250,1728750,35.5450988,129.0251659
3065,7,23,1138150,1728750,35.5451127,129.024063
3066,6,23,1138050,1728750,35.5451266,129.0229602
3067,5,23,1137950,1728750,35.5451406,129.0218573
3068,4,23,1137850,1728750,35.5451545,129.0207545
3069,3,23,1137750,1728750,35.5451684,129.0196516
3070,2,23,1137650,1728750,35.5451823,129.0185488
3071,1,23,1137550,1728750,35.5451962,129.0174459
3072,0,23,1137450,1728750,35.5452101,129.0163431
3073,0,24,1137450,1728850,35.5461114,129.0163601
3074,1,24,1137550,1728850,35.5460975,129.0174629
3075,2,24,1137650,1728850,35.5460836,129.0185658
3076,3,24,1137750,1728850,35.5460697,129.0196686
3077,4,24,1137850,1728850,35.5460558,129.0207715
3078,5,24,1137950,1728850,35.5460419,129.0218744
3079,6,24,1138050,1728850,35.546028,129.0229772
3080,7,24,1138150,1728850,35.5460141,129.0240801
3081,8,24,1138250,1728850,35.5460001,129.0251829
3082,9,24,1138350,1728850,35.5459861,129.0262858
3083,10,24,1138450,1728850,35.5459722,129.0273887
3084,11,24,1138550,1728850,35.5459582,129.0284915
3085,12,24,1138650,1728850,35.5459442,129.0295944
3086,13,24,1138750,1728850,35.5459302,129.0306972
3087,14,24,1138850,1728850,35.5459162,129.0318001
3088,15,24,1138950,1728850,35.5459022,129.0329029
3089,16,24,1139050,1728850,35.5458882,129.0340058
3090,17,24,1139150,1728850,35.5458741,129.0351086
3091,18,24,1139250,1728850,35.5458601,129.0362115
3092,19,24,1139350,1728850,35.545846,129.0373143
3093,20,24,1139450,1728850,35.545832,129.0384172
3094,21,24,1139550,1728850,35.5458179,129.03952
3095,22,24,1139650,1728850,35.5458038,129.0406229
3096,23,24,1139750,1728850,35.5457897,129.0417257
3097,24,24,1139850,1728850,35.5457756,129.0428286
3098,25,24,1139950,1728850,35.5457615,129.0439314
3099,26,24,1140050,1728850,35.5457473,129.0450342
3100,27,24,1140150,1728850,35.5457332,129.0461371
3101,28,24,1140250,1728850,35.545719,129.0472399
3102,29,24,1140350,1728850,35.5457049,129.0483428
3103,30,24,1140450,1728850,35.5456907,129.0494456
3104,31,24,1140550,1728850,35.5456765,129.0505484
3105,32,24,1140650,1728850,35.5456624,129.0516513
3106,33,24,1140750,1728850,35.5456482,129.0527541
3107,34,24,1140850,1728850,35.5456339,129.053857
3108,35,24,1140950,1728850,35.5456197,129.0549598
3109,36,24,1141050,1728850,35.5456055,129.0560626
3110,37,24,1141150,1728850,35.5455913,129.0571655
3111,38,24,1141250,1728850,35.545577,129.0582683
3112,39,24,1141350,1728850,35.5455628,129.0593711
3113,40,24,1141450,1728850,35.5455485,129.060474
3114,41,24,1141550,1728850,35.5455342,129.0615768
3115,42,24,1141650,1728850,35.5455199,129.0626796
3116,43,24,1141750,1728850,35.5455056,129.0637825
3117,44,24,1141850,1728850,35.5454913,129.0648853
3118,45,24,1141950,1728850,35.545477,129.0659881
3119,46,24,1142050,1728850,35.5454627,129.067091
3120,47,24,1142150,1728850,35.5454483,129.0681938
3121,48,24,1142250,1728850,35.545434,129.0692966
3122,49,24,1142350,1728850,35.5454196,129.0703994
3123,50,24,1142450,1728850,35.5454052,129.0715023
3124,51,24,1142550,1728850,35.5453909,129.0726051
3125,52,24,1142650,1728850,35.5453765,129.0737079
3126,53,24,1142750,1728850,35.5453621,129.0748107
3127,54,24,1142850,1728850,35.5453476,129.0759136
3128,55,24,1142950,1728850,35.5453332,129.0770164
3129,56,24,1143050,1728850,35.5453188,129.0781192
3130,57,24,1143150,1728850,35.5453044,129.079222
3131,58,24,1143250,1728850,35.5452899,129.0803248
3132,59,24,1143350,1728850,35.5452754,129.0814277
3133,60,24,1143450,1728850,35.545261,129.0825305
3134,61,24,1143550,1728850,35.5452465,129.0836333
3135,62,24,1143650,1728850,35.545232,129.0847361
3136,63,24,1143750,1728850,35.5452175,129.0858389
3137,64,24,1143850,1728850,35.545203,129.0869417
3138,65,24,1143950,1728850,35.5451885,129.0880445
3139,66,24,1144050,1728850,35.5451739,129.0891474
3140,67,24,1144150,1728850,35.5451594,129.0902502
3141,68,24,1144250,1728850,35.5451448,129.091353
3142,69,24,1144350,1728850,35.5451303,129.0924558
3143,70,24,1144450,1728850,35.5451157,129.0935586
3144,71,24,1144550,1728850,35.5451011,129.0946614
3145,72,24,1144650,1728850,35.5450865,129.0957642
3146,73,24,1144750,1728850,35.5450719,129.096867
3147,74,24,1144850,1728850,35.5450573,129.0979698
3148,75,24,1144950,1728850,35.5450427,129.0990726
3149,76,24,1145050,1728850,35.5450281,129.1001754
3150,77,24,1145150,1728850,35.5450134,129.1012782
3151,78,24,1145250,1728850,35.5449988,129.102381
3152,79,24,1145350,1728850,35.5449841,129.1034838
3153,80,24,1145450,1728850,35.5449694,129.1045866
3154,81,24,1145550,1728850,35.5449548,129.1056894
3155,82,24,1145650,1728850,35.5449401,129.1067922
3156,83,24,1145750,1728850,35.5449254,129.107895
3157,84,24,1145850,1728850,35.5449106,129.1089978
3158,85,24,1145950,1728850,35.5448959,129.1101006
3159,86,24,1146050,1728850,35.5448812,129.1112034
3160,87,24,1146150,1728850,35.5448664,129.1123062
3161,88,24,1146250,1728850,35.5448517,129.113409
3162,89,24,1146350,1728850,35.5448369,129.1145118
3163,90,24,1146450,1728850,35.5448222,129.1156146
3164,91,24,1146550,1728850,35.5448074,129.1167174
3165,92,24,1146650,1728850,35.5447926,129.1178202
3166,93,24,1146750,1728850,35.5447778,129.118923
3167,94,24,1146850,1728850,35.544763,129.1200258
3168,95,24,1146950,1728850,35.5447481,129.1211286
3169,96,24,1147050,1728850,35.5447333,129.1222314
3170,97,24,1147150,1728850,35.5447185,129.1233342
3171,98,24,1147250,1728850,35.5447036,129.1244369
3172,99,24,1147350,1728850,35.5446887,129.1255397
3173,100,24,1147450,1728850,35.5446739,129.1266425
3174,101,24,1147550,1728850,35.544659,129.1277453
3175,102,24,1147650,1728850,35.5446441,129.1288481
3176,103,24,1147750,1728850,35.5446292,129.1299509
3177,104,24,1147850,1728850,35.5446143,129.1310536
3178,105,24,1147950,1728850,35.5445993,129.1321564
3179,106,24,1148050,1728850,35.5445844,129.1332592
3180,107,24,1148150,1728850,35.5445695,129.134362
3181,108,24,1148250,1728850,35.5445545,129.1354648
3182,109,24,1148350,1728850,35.5445395,129.1365675
3183,110,24,1148450,1728850,35.5445246,129.1376703
3184,111,24,1148550,1728850,35.5445096,129.1387731
3185,112,24,1148650,1728850,35.5444946,129.1398759
3186,113,24,1148750,1728850,35.5444796,129.1409786
3187,114,24,1148850,1728850,35.5444646,129.1420814
3188,115,24,1148950,1728850,35.5444495,129.1431842
3189,116,24,1149050,1728850,35.5444345,129.144287
3190,117,24,1149150,1728850,35.5444195,129.1453897
3191,118,24,1149250,1728850,35.5444044,129.1464925
3192,119,24,1149350,1728850,35.5443893,129.1475953
3193,120,24,1149450,1728850,35.5443743,129.148698
3194,121,24,1149550,1728850,35.5443592,129.1498008
3195,122,24,1149650,1728850,35.5443441,129.1509036
3196,123,24,1149750,1728850,35.544329,129.1520063
3197,124,24,1149850,1728850,35.5443139,129.1531091
3198,125,24,1149950,1728850,35.5442987,129.1542119
3199,126,24,1150050,1728850,35.5442836,129.1553146
3200,127,24,1150150,1728850,35.5442684,129.1564174
3201,127,25,1150150,1728950,35.5451697,129.1564359
3202,126,25,1150050,1728950,35.5451849,129.1553332
3203,125,25,1149950,1728950,35.5452,129.1542304
3204,124,25,1149850,1728950,35.5452151,129.1531276
3205,123,25,1149750,1728950,35.5452303,129.1520248
3206,122,25,1149650,1728950,35.5452454,129.1509221
3207,121,25,1149550,1728950,35.5452605,129.1498193
3208,120,25,1149450,1728950,35.5452755,129.1487165
3209,119,25,1149350,1728950,35.5452906,129.1476137
3210,118,25,1149250,1728950,35.5453057,129.1465109
3211,117,25,1149150,1728950,35.5453207,129.1454082
3212,116,25,1149050,1728950,35.5453358,129.1443054
3213,115,25,1148950,1728950,35.5453508,129.1432026
3214,114,25,1148850,1728950,35.5453659,129.1420998
3215,113,25,1148750,1728950,35.5453809,129.140997
3216,112,25,1148650,1728950,35.5453959,129.1398942
3217,111,25,1148550,1728950,35.5454109,129.1387914
3218,110,25,1148450,1728950,35.5454259,129.1376886
3219,109,25,1148350,1728950,35.5454408,129.1365859
3220,108,25,1148250,1728950,35.5454558,129.1354831
3221,107,25,1148150,1728950,35.5454708,129.1343803
3222,106,25,1148050,1728950,35.5454857,129.1332775
3223,105,25,1147950,1728950,35.5455006,129.1321747
3224,104,25,1147850,1728950,35.5455156,129.1310719
3225,103,25,1147750,1728950,35.5455305,129.1299691
3226,102,25,1147650,1728950,35.5455454,129.1288663
3227,101,25,1147550,1728950,35.5455603,129.1277635
3228,100,25,1147450,1728950,35.5455752,129.1266607
3229,99,25,1147350,1728950,35.54559,129.1255579
3230,98,25,1147250,1728950,35.5456049,129.1244551
3231,97,25,1147150,1728950,35.5456198,129.1233523
3232,96,25,1147050,1728950,35.5456346,129.1222495
3233,95,25,1146950,1728950,35.5456494,129.1211467
3234,94,25,1146850,1728950,35.5456643,129.1200439
3235,93,25,1146750,1728950,35.5456791,129.1189411
3236,92,25,1146650,1728950,35.5456939,129.1178383
3237,91,25,1146550,1728950,35.5457087,129.1167355
3238,90,25,1146450,1728950,35.5457235,129.1156327
3239,89,25,1146350,1728950,35.5457382,129.1145299
3240,88,25,1146250,1728950,35.545753,129.1134271
3241,87,25,1146150,1728950,35.5457677,129.1123243
3242,86,25,1146050,1728950,35.5457825,129.1112215
3243,85,25,1145950,1728950,35.5457972,129.1101187
3244,84,25,1145850,1728950,35.5458119,129.1090159
3245,83,25,1145750,1728950,35.5458267,129.107913
3246,82,25,1145650,1728950,35.5458414,129.1068102
3247,81,25,1145550,1728950,35.5458561,129.1057074
3248,80,25,1145450,1728950,35.5458707,129.1046046
3249,79,25,1145350,1728950,35.5458854,129.1035018
3250,78,25,1145250,1728950,35.5459001,129.102399
3251,77,25,1145150,1728950,35.5459147,129.1012962
3252,76,25,1145050,1728950,35.5459294,129.1001933
3253,75,25,1144950,1728950,35.545944,129.0990905
3254,74,25,1144850,1728950,35.5459586,129.0979877
3255,73,25,1144750,1728950,35.5459732,129.0968849
3256,72,25,1144650,1728950,35.5459878,129.0957821
3257,71,25,1144550,1728950,35.5460024,129.0946793
3258,70,25,1144450,1728950,35.546017,129.0935764
3259,69,25,1144350,1728950,35.5460316,129.0924736
3260,68,25,1144250,1728950,35.5460462,129.0913708
3261,67,25,1144150,1728950,35.5460607,129.090268
3262,66,25,1144050,1728950,35.5460753,129.0891651
3263,65,25,1143950,1728950,35.5460898,129.0880623
3264,64,25,1143850,1728950,35.5461043,129.0869595
3265,63,25,1143750,1728950,35.5461188,129.0858567
3266,62,25,1143650,1728950,35.5461333,129.0847538
3267,61,25,1143550,1728950,35.5461478,129.083651
3268,60,25,1143450,1728950,35.5461623,129.0825482
3269,59,25,1143350,1728950,35.5461768,129.0814454
3270,58,25,1143250,1728950,35.5461912,129.0803425
3271,57,25,1143150,1728950,35.5462057,129.0792397
3272,56,25,1143050,1728950,35.5462201,129.0781369
3273,55,25,1142950,1728950,35.5462345,129.077034
3274,54,25,1142850,1728950,35.546249,129.0759312
3275,53,25,1142750,1728950,35.5462634,129.0748284
3276,52,25,1142650,1728950,35.5462778,129.0737255
3277,51,25,1142550,1728950,35.5462922,129.0726227
3278,50,25,1142450,1728950,35.5463066,129.0715198
3279,49,25,1142350,1728950,35.5463209,129.070417
3280,48,25,1142250,1728950,35.5463353,129.0693142
3281,47,25,1142150,1728950,35.5463496,129.0682113
3282,46,25,1142050,1728950,35.546364,129.0671085
3283,45,25,1141950,1728950,35.5463783,129.0660057
3284,44,25,1141850,1728950,35.5463926,129.0649028
3285,43,25,1141750,1728950,35.5464069,129.0638
3286,42,25,1141650,1728950,35.5464212,129.0626971
3287,41,25,1141550,1728950,35.5464355,129.0615943
3288,40,25,1141450,1728950,35.5464498,129.0604914
3289,39,25,1141350,1728950,35.5464641,129.0593886
3290,38,25,1141250,1728950,35.5464783,129.0582857
3291,37,25,1141150,1728950,35.5464926,129.0571829
3292,36,25,1141050,1728950,35.5465068,129.0560801
3293,35,25,1140950,1728950,35.5465211,129.0549772
3294,34,25,1140850,1728950,35.5465353,129.0538744
3295,33,25,1140750,1728950,35.5465495,129.0527715
3296,32,25,1140650,1728950,35.5465637,129.0516687
3297,31,25,1140550,1728950,35.5465779,129.0505658
3298,30,25,1140450,1728950,35.5465921,129.049463
3299,29,25,1140350,1728950,35.5466062,129.0483601
3300,28,25,1140250,1728950,35.5466204,129.0472572
3301,27,25,1140150,1728950,35.5466345,129.0461544
3302,26,25,1140050,1728950,35.5466487,129.0450515
3303,25,25,1139950,1728950,35.5466628,129.0439487
3304,24,25,1139850,1728950,35.5466769,129.0428458
3305,23,25,1139750,1728950,35.546691,129.041743
3306,22,25,1139650,1728950,35.5467051,129.0406401
3307,21,25,1139550,1728950,35.5467192,129.0395372
3308,20,25,1139450,1728950,35.5467333,129.0384344
3309,19,25,1139350,1728950,35.5467474,129.0373315
3310,18,25,1139250,1728950,35.5467614,129.0362287
3311,17,25,1139150,1728950,35.5467755,129.0351258
3312,16,25,1139050,1728950,35.5467895,129.0340229
3313,15,25,1138950,1728950,35.5468035,129.0329201
3314,14,25,1138850,1728950,35.5468176,129.0318172
3315,13,25,1138750,1728950,35.5468316,129.0307143
3316,12,25,1138650,1728950,35.5468456,129.0296115
3317,11,25,1138550,1728950,35.5468595,129.0285086
3318,10,25,1138450,1728950,35.5468735,129.0274057
3319,9,25,1138350,1728950,35.5468875,129.0263029
3320,8,25,1138250,1728950,35.5469014,129.0252
3321,7,25,1138150,1728950,35.5469154,129.0240971
3322,6,25,1138050,1728950,35.5469293,129.0229943
3323,5,25,1137950,1728950,35.5469433,129.0218914
3324,4,25,1137850,1728950,35.5469572,129.0207885
3325,3,25,1137750,1728950,35.5469711,129.0196857
3326,2,25,1137650,1728950,35.546985,129.0185828
3327,1,25,1137550,1728950,35.5469989,129.0174799
3328,0,25,1137450,1728950,35.5470127,129.016377
3329,0,26,1137450,1729050,35.5479141,129.016394
3330,1,26,1137550,1729050,35.5479002,129.0174969
3331,2,26,1137650,1729050,35.5478863,129.0185998
3332,3,26,1137750,1729050,35.5478724,129.0197027
3333,4,26,1137850,1729050,35.5478585,129.0208056
3334,5,26,1137950,1729050,35.5478446,129.0219084
3335,6,26,1138050,1729050,35.5478307,129.0230113
3336,7,26,1138150,1729050,35.5478167,129.0241142
3337,8,26,1138250,1729050,35.5478028,129.0252171
3338,9,26,1138350,1729050,35.5477888,129.02632
3339,10,26,1138450,1729050,35.5477749,129.0274228
3340,11,26,1138550,1729050,35.5477609,129.0285257
3341,12,26,1138650,1729050,35.5477469,129.0296286
3342,13,26,1138750,1729050,35.5477329,129.0307315
3343,14,26,1138850,1729050,35.5477189,129.0318344
3344,15,26,1138950,1729050,35.5477049,129.0329372
3345,16,26,1139050,1729050,35.5476908,129.0340401
3346,17,26,1139150,1729050,35.5476768,129.035143
3347,18,26,1139250,1729050,35.5476628,129.0362459
3348,19,26,1139350,1729050,35.5476487,129.0373487
3349,20,26,1139450,1729050,35.5476346,129.0384516
3350,21,26,1139550,1729050,35.5476205,129.0395545
3351,22,26,1139650,1729050,35.5476065,129.0406574
3352,23,26,1139750,1729050,35.5475924,129.0417602
3353,24,26,1139850,1729050,35.5475783,129.0428631
3354,25,26,1139950,1729050,35.5475641,129.043966
3355,26,26,1140050,1729050,35.54755,129.0450688
3356,27,26,1140150,1729050,35.5475359,129.0461717
3357,28,26,1140250,1729050,35.5475217,129.0472746
3358,29,26,1140350,1729050,35.5475076,129.0483774
3359,30,26,1140450,1729050,35.5474934,129.0494803
3360,31,26,1140550,1729050,35.5474792,129.0505832
3361,32,26,1140650,1729050,35.547465,129.051686
3362,33,26,1140750,1729050,35.5474508,129.0527889
3363,34,26,1140850,1729050,35.5474366,129.0538917
3364,35,26,1140950,1729050,35.5474224,129.0549946
3365,36,26,1141050,1729050,35.5474082,129.0560975
3366,37,26,1141150,1729050,35.5473939,129.0572003
3367,38,26,1141250,1729050,35.5473797,129.0583032
3368,39,26,1141350,1729050,35.5473654,129.059406
3369,40,26,1141450,1729050,35.5473511,129.0605089
3370,41,26,1141550,1729050,35.5473369,129.0616118
3371,42,26,1141650,1729050,35.5473226,129.0627146
3372,43,26,1141750,1729050,35.5473083,129.0638175
3373,44,26,1141850,1729050,35.547294,129.0649203
3374,45,26,1141950,1729050,35.5472796,129.0660232
3375,46,26,1142050,1729050,35.5472653,129.067126
3376,47,26,1142150,1729050,35.547251,129.0682289
3377,48,26,1142250,1729050,35.5472366,129.0693317
3378,49,26,1142350,1729050,35.5472222,129.0704346
3379,50,26,1142450,1729050,35.5472079,129.0715374
3380,51,26,1142550,1729050,35.5471935,129.0726403
3381,52,26,1142650,1729050,35.5471791,129.0737431
3382,53,26,1142750,1729050,35.5471647,129.074846
3383,54,26,1142850,1729050,35.5471503,129.0759488
3384,55,26,1142950,1729050,35.5471359,129.0770517
3385,56,26,1143050,1729050,35.5471214,129.0781545
3386,57,26,1143150,1729050,35.547107,129.0792574
3387,58,26,1143250,1729050,35.5470925,129.0803602
3388,59,26,1143350,1729050,35.5470781,129.0814631
3389,60,26,1143450,1729050,35.5470636,129.0825659
3390,61,26,1143550,1729050,35.5470491,129.0836687
3391,62,26,1143650,1729050,35.5470346,129.0847716
3392,63,26,1143750,1729050,35.5470201,129.0858744
3393,64,26,1143850,1729050,35.5470056,129.0869773
3394,65,26,1143950,1729050,35.5469911,129.0880801
3395,66,26,1144050,1729050,35.5469766,129.0891829
3396,67,26,1144150,1729050,35.546962,129.0902858
3397,68,26,1144250,1729050,35.5469475,129.0913886
3398,69,26,1144350,1729050,35.5469329,129.0924914
3399,70,26,1144450,1729050,35.5469183,129.0935943
3400,71,26,1144550,1729050,35.5469038,129.0946971
3401,72,26,1144650,1729050,35.5468892,129.0957999
3402,73,26,1144750,1729050,35.5468746,129.0969028
3403,74,26,1144850,1729050,35.5468599,129.0980056
3404,75,26,1144950,1729050,35.5468453,129.0991084
3405,76,26,1145050,1729050,35.5468307,129.1002113
3406,77,26,1145150,1729050,35.546816,129.1013141
3407,78,26,1145250,1729050,35.5468014,129.1024169
3408,79,26,1145350,1729050,35.5467867,129.1035197
3409,80,26,1145450,1729050,35.5467721,129.1046226
3410,81,26,1145550,1729050,35.5467574,129.1057254
3411,82,26,1145650,1729050,35.5467427,129.1068282
3412,83,26,1145750,1729050,35.546728,129.107931
3413,84,26,1145850,1729050,35.5467133,129.1090339
3414,85,26,1145950,1729050,35.5466985,129.1101367
3415,86,26,1146050,1729050,35.5466838,129.1112395
3416,87,26,1146150,1729050,35.5466691,129.1123423
3417,88,26,1146250,1729050,35.5466543,129.1134451
3418,89,26,1146350,1729050,35.5466395,129.114548
3419,90,26,1146450,1729050,35.5466248,129.1156508
3420,91,26,1146550,1729050,35.54661,129.1167536
3421,92,26,1146650,1729050,35.5465952,129.1178564
3422,93,26,1146750,1729050,35.5465804,129.1189592
3423,94,26,1146850,1729050,35.5465656,129.120062
3424,95,26,1146950,1729050,35.5465507,129.1211649
3425,96,26,1147050,1729050,35.5465359,129.1222677
3426,97,26,1147150,1729050,35.5465211,129.1233705
3427,98,26,1147250,1729050,35.5465062,129.1244733
3428,99,26,1147350,1729050,35.5464913,129.1255761
3429,100,26,1147450,1729050,35.5464765,129.1266789
3430,101,26,1147550,1729050,35.5464616,129.1277817
3431,102,26,1147650,1729050,35.5464467,129.1288845
3432,103,26,1147750,1729050,35.5464318,129.1299873
3433,104,26,1147850,1729050,35.5464169,129.1310902
3434,105,26,1147950,1729050,35.5464019,129.132193
3435,106,26,1148050,1729050,35.546387,129.1332958
3436,107,26,1148150,1729050,35.5463721,129.1343986
3437,108,26,1148250,1729050,35.5463571,129.1355014
3438,109,26,1148350,1729050,35.5463421,129.1366042
3439,110,26,1148450,1729050,35.5463272,129.137707
3440,111,26,1148550,1729050,35.5463122,129.1388098
3441,112,26,1148650,1729050,35.5462972,129.1399126
3442,113,26,1148750,1729050,35.5462822,129.1410154
3443,114,26,1148850,1729050,35.5462671,129.1421182
3444,115,26,1148950,1729050,35.5462521,129.143221
3445,116,26,1149050,1729050,35.5462371,129.1443238
3446,117,26,1149150,1729050,35.546222,129.1454266
3447,118,26,1149250,1729050,35.546207,129.1465294
3448,119,26,1149350,1729050,35.5461919,129.1476322
3449,120,26,1149450,1729050,35.5461768,129.148735
3450,121,26,1149550,1729050,35.5461617,129.1498377
3451,122,26,1149650,1729050,35.5461467,129.1509405
3452,123,26,1149750,1729050,35.5461315,129.1520433
3453,124,26,1149850,1729050,35.5461164,129.1531461
3454,125,26,1149950,1729050,35.5461013,129.1542489
3455,126,26,1150050,1729050,35.5460862,129.1553517
3456,127,26,1150150,1729050,35.546071,129.1564545
3457,127,27,1150150,1729150,35.5469723,129.156473
3458,126,27,1150050,1729150,35.5469874,129.1553702
3459,125,27,1149950,1729150,35.5470026,129.1542674
3460,124,27,1149850,1729150,35.5470177,129.1531646
3461,123,27,1149750,1729150,35.5470328,129.1520618
3462,122,27,1149650,1729150,35.5470479,129.150959
3463,121,27,1149550,1729150,35.547063,129.1498562
3464,120,27,1149450,1729150,35.5470781,129.1487534
3465,119,27,1149350,1729150,35.5470932,129.1476506
3466,118,27,1149250,1729150,35.5471083,129.1465478
3467,117,27,1149150,1729150,35.5471233,129.145445
3468,116,27,1149050,1729150,35.5471384,129.1443422
3469,115,27,1148950,1729150,35.5471534,129.1432394
3470,114,27,1148850,1729150,35.5471684,129.1421366
3471,113,27,1148750,1729150,35.5471835,129.1410337
3472,112,27,1148650,1729150,35.5471985,129.1399309
3473,111,27,1148550,1729150,35.5472135,129.1388281
3474,110,27,1148450,1729150,35.5472284,129.1377253
3475,109,27,1148350,1729150,35.5472434,129.1366225
3476,108,27,1148250,1729150,35.5472584,129.1355197
3477,107,27,1148150,1729150,35.5472733,129.1344169
3478,106,27,1148050,1729150,35.5472883,129.133314
3479,105,27,1147950,1729150,35.5473032,129.1322112
3480,104,27,1147850,1729150,35.5473182,129.1311084
3481,103,27,1147750,1729150,35.5473331,129.1300056
3482,102,27,1147650,1729150,35.547348,129.1289028
3483,101,27,1147550,1729150,35.5473629,129.1278
3484,100,27,1147450,1729150,35.5473778,129.1266971
3485,99,27,1147350,1729150,35.5473926,129.1255943
3486,98,27,1147250,1729150,35.5474075,129.1244915
3487,97,27,1147150,1729150,35.5474224,129.1233887
3488,96,27,1147050,1729150,35.5474372,129.1222858
3489,95,27,1146950,1729150,35.547452,129.121183
3490,94,27,1146850,1729150,35.5474669,129.1200802
3491,93,27,1146750,1729150,35.5474817,129.1189774
3492,92,27,1146650,1729150,35.5474965,129.1178745
3493,91,27,1146550,1729150,35.5475113,129.1167717
3494,90,27,1146450,1729150,35.5475261,129.1156689
3495,89,27,1146350,1729150,35.5475408,129.114566
3496,88,27,1146250,1729150,35.5475556,129.1134632
3497,87,27,1146150,1729150,35.5475704,129.1123604
3498,86,27,1146050,1729150,35.5475851,129.1112575
3499,85,27,1145950,1729150,35.5475998,129.1101547
3500,84,27,1145850,1729150,35.5476146,129.1090519
3501,83,27,1145750,1729150,35.5476293,129.107949
3502,82,27,1145650,1729150,35.547644,129.1068462
3503,81,27,1145550,1729150,35.5476587,129.1057434
3504,80,27,1145450,1729150,35.5476734,129.1046405
3505,79,27,1145350,1729150,35.547688,129.1035377
3506,78,27,1145250,1729150,35.5477027,129.1024349
3507,77,27,1145150,1729150,35.5477174,129.101332
3508,76,27,1145050,1729150,35.547732,129.1002292
3509,75,27,1144950,1729150,35.5477466,129.0991263
3510,74,27,1144850,1729150,35.5477613,129.0980235
3511,73,27,1144750,1729150,35.5477759,129.0969206
3512,72,27,1144650,1729150,35.5477905,129.0958178
3513,71,27,1144550,1729150,35.5478051,129.094715
3514,70,27,1144450,1729150,35.5478196,129.0936121
3515,69,27,1144350,1729150,35.5478342,129.0925093
3516,68,27,1144250,1729150,35.5478488,129.0914064
3517,67,27,1144150,1729150,35.5478633,129.0903036
3518,66,27,1144050,1729150,35.5478779,129.0892007
3519,65,27,1143950,1729150,35.5478924,129.0880979
3520,64,27,1143850,1729150,35.5479069,129.086995
3521,63,27,1143750,1729150,35.5479214,129.0858922
3522,62,27,1143650,1729150,35.547936,129.0847893
3523,61,27,1143550,1729150,35.5479504,129.0836865
3524,60,27,1143450,1729150,35.5479649,129.0825836
3525,59,27,1143350,1729150,35.5479794,129.0814808
3526,58,27,1143250,1729150,35.5479939,129.0803779
3527,57,27,1143150,1729150,35.5480083,129.079275
3528,56,27,1143050,1729150,35.5480228,129.0781722
3529,55,27,1142950,1729150,35.5480372,129.0770693
3530,54,27,1142850,1729150,35.5480516,129.0759665
3531,53,27,1142750,1729150,35.548066,129.0748636
3532,52,27,1142650,1729150,35.5480804,129.0737608
3533,51,27,1142550,1729150,35.5480948,129.0726579
3534,50,27,1142450,1729150,35.5481092,129.071555
3535,49,27,1142350,1729150,35.5481236,129.0704522
3536,48,27,1142250,1729150,35.5481379,129.0693493
3537,47,27,1142150,1729150,35.5481523,129.0682464
3538,46,27,1142050,1729150,35.5481666,129.0671436
3539,45,27,1141950,1729150,35.548181,129.0660407
3540,44,27,1141850,1729150,35.5481953,129.0649378
3541,43,27,1141750,1729150,35.5482096,129.063835
3542,42,27,1141650,1729150,35.5482239,129.0627321
3543,41,27,1141550,1729150,35.5482382,129.0616292
3544,40,27,1141450,1729150,35.5482525,129.0605264
3545,39,27,1141350,1729150,35.5482667,129.0594235
3546,38,27,1141250,1729150,35.548281,129.0583206
3547,37,27,1141150,1729150,35.5482952,129.0572178
3548,36,27,1141050,1729150,35.5483095,129.0561149
3549,35,27,1140950,1729150,35.5483237,129.055012
3550,34,27,1140850,1729150,35.5483379,129.0539091
3551,33,27,1140750,1729150,35.5483521,129.0528063
3552,32,27,1140650,1729150,35.5483663,129.0517034
3553,31,27,1140550,1729150,35.5483805,129.0506005
3554,30,27,1140450,1729150,35.5483947,129.0494976
3555,29,27,1140350,1729150,35.5484089,129.0483948
3556,28,27,1140250,1729150,35.548423,129.0472919
3557,27,27,1140150,1729150,35.5484372,129.046189
3558,26,27,1140050,1729150,35.5484513,129.0450861
3559,25,27,1139950,1729150,35.5484655,129.0439832
3560,24,27,1139850,1729150,35.5484796,129.0428804
3561,23,27,1139750,1729150,35.5484937,129.0417775
3562,22,27,1139650,1729150,35.5485078,129.0406746
3563,21,27,1139550,1729150,35.5485219,129.0395717
3564,20,27,1139450,1729150,35.548536,129.0384688
3565,19,27,1139350,1729150,35.54855,129.0373659
3566,18,27,1139250,1729150,35.5485641,129.0362631
3567,17,27,1139150,1729150,35.5485781,129.0351602
3568,16,27,1139050,1729150,35.5485922,129.0340573
3569,15,27,1138950,1729150,35.5486062,129.0329544
3570,14,27,1138850,1729150,35.5486202,129.0318515
3571,13,27,1138750,1729150,35.5486342,129.0307486
3572,12,27,1138650,1729150,35.5486482,129.0296457
3573,11,27,1138550,1729150,35.5486622,129.0285428
3574,10,27,1138450,1729150,35.5486762,129.0274399
3575,9,27,1138350,1729150,35.5486902,129.026337
3576,8,27,1138250,1729150,35.5487041,129.0252342
3577,7,27,1138150,1729150,35.5487181,129.0241313
3578,6,27,1138050,1729150,35.548732,129.0230284
3579,5,27,1137950,1729150,35.5487459,129.0219255
3580,4,27,1137850,1729150,35.5487599,129.0208226
3581,3,27,1137750,1729150,35.5487738,129.0197197
3582,2,27,1137650,1729150,35.5487877,129.0186168
3583,1,27,1137550,1729150,35.5488016,129.0175139
3584,0,27,1137450,1729150,35.5488154,129.016411
3585,0,28,1137450,1729250,35.5497168,129.016428
3586,1,28,1137550,1729250,35.5497029,129.0175309
3587,2,28,1137650,1729250,35.549689,129.0186338
3588,3,28,1137750,1729250,35.5496751,129.0197367
3589,4,28,1137850,1729250,35.5496612,129.0208396
3590,5,28,1137950,1729250,35.5496473,129.0219425
3591,6,28,1138050,1729250,35.5496334,129.0230454
3592,7,28,1138150,1729250,35.5496194,129.0241483
3593,8,28,1138250,1729250,35.5496055,129.0252512
3594,9,28,1138350,1729250,35.5495915,129.0263541
3595,10,28,1138450,1729250,35.5495775,129.027457
3596,11,28,1138550,1729250,35.5495636,129.0285599
3597,12,28,1138650,1729250,35.5495496,129.0296628
3598,13,28,1138750,1729250,35.5495356,129.0307658
3599,14,28,1138850,1729250,35.5495216,129.0318687
3600,15,28,1138950,1729250,35.5495075,129.0329716
3601,16,28,1139050,1729250,35.5494935,129.0340745
3602,17,28,1139150,1729250,35.5494795,129.0351774
3603,18,28,1139250,1729250,35.5494654,129.0362803
3604,19,28,1139350,1729250,35.5494514,129.0373832
3605,20,28,1139450,1729250,35.5494373,129.0384861
3606,21,28,1139550,1729250,35.5494232,129.0395889
3607,22,28,1139650,1729250,35.5494091,129.0406918
3608,23,28,1139750,1729250,35.549395,129.0417947
3609,24,28,1139850,1729250,35.5493809,129.0428976
3610,25,28,1139950,1729250,35.5493668,129.0440005
3611,26,28,1140050,1729250,35.5493527,129.0451034
3612,27,28,1140150,1729250,35.5493385,129.0462063
3613,28,28,1140250,1729250,35.5493244,129.0473092
3614,29,28,1140350,1729250,35.5493102,129.0484121
3615,30,28,1140450,1729250,35.549296,129.049515
3616,31,28,1140550,1729250,35.5492819,129.0506179
3617,32,28,1140650,1729250,35.5492677,129.0517208
3618,33,28,1140750,1729250,35.5492535,129.0528237
3619,34,28,1140850,1729250,35.5492393,129.0539265
3620,35,28,1140950,1729250,35.549225,129.0550294
3621,36,28,1141050,1729250,35.5492108,129.0561323
3622,37,28,1141150,1729250,35.5491966,129.0572352
3623,38,28,1141250,1729250,35.5491823,129.0583381
3624,39,28,1141350,1729250,35.5491681,129.059441
3625,40,28,1141450,1729250,35.5491538,129.0605438
3626,41,28,1141550,1729250,35.5491395,129.0616467
3627,42,28,1141650,1729250,35.5491252,129.0627496
3628,43,28,1141750,1729250,35.5491109,129.0638525
3629,44,28,1141850,1729250,35.5490966,129.0649554
3630,45,28,1141950,1729250,35.5490823,129.0660582
3631,46,28,1142050,1729250,35.5490679,129.0671611
3632,47,28,1142150,1729250,35.5490536,129.068264
3633,48,28,1142250,1729250,35.5490393,129.0693669
3634,49,28,1142350,1729250,35.5490249,129.0704697
3635,50,28,1142450,1729250,35.5490105,129.0715726
3636,51,28,1142550,1729250,35.5489961,129.0726755
3637,52,28,1142650,1729250,35.5489817,129.0737784
3638,53,28,1142750,1729250,35.5489673,129.0748812
3639,54,28,1142850,1729250,35.5489529,129.0759841
3640,55,28,1142950,1729250,35.5489385,129.077087
3641,56,28,1143050,1729250,35.5489241,129.0781899
3642,57,28,1143150,1729250,35.5489096,129.0792927
3643,58,28,1143250,1729250,35.5488952,129.0803956
3644,59,28,1143350,1729250,35.5488807,129.0814985
3645,60,28,1143450,1729250,35.5488662,129.0826013
3646,61,28,1143550,1729250,35.5488518,129.0837042
3647,62,28,1143650,1729250,35.5488373,129.0848071
3648,63,28,1143750,1729250,35.5488228,129.0859099
3649,64,28,1143850,1729250,35.5488083,129.0870128
3650,65,28,1143950,1729250,35.5487937,129.0881156
3651,66,28,1144050,1729250,35.5487792,129.0892185
3652,67,28,1144150,1729250,35.5487647,129.0903214
3653,68,28,1144250,1729250,35.5487501,129.0914242
3654,69,28,1144350,1729250,35.5487355,129.0925271
3655,70,28,1144450,1729250,35.548721,129.0936299
3656,71,28,1144550,1729250,35.5487064,129.0947328
3657,72,28,1144650,1729250,35.5486918,129.0958357
3658,73,28,1144750,1729250,35.5486772,129.0969385
3659,74,28,1144850,1729250,35.5486626,129.0980414
3660,75,28,1144950,1729250,35.5486479,129.0991442
3661,76,28,1145050,1729250,35.5486333,129.1002471
3662,77,28,1145150,1729250,35.5486187,129.1013499
3663,78,28,1145250,1729250,35.548604,129.1024528
3664,79,28,1145350,1729250,35.5485893,129.1035556
3665,80,28,1145450,1729250,35.5485747,129.1046585
3666,81,28,1145550,1729250,35.54856,129.1057613
3667,82,28,1145650,1729250,35.5485453,129.1068642
3668,83,28,1145750,1729250,35.5485306,129.107967
3669,84,28,1145850,1729250,35.5485159,129.1090699
3670,85,28,1145950,1729250,35.5485011,129.1101727
3671,86,28,1146050,1729250,35.5484864,129.1112756
3672,87,28,1146150,1729250,35.5484717,129.1123784
3673,88,28,1146250,1729250,35.5484569,129.1134813
3674,89,28,1146350,1729250,35.5484421,129.1145841
3675,90,28,1146450,1729250,35.5484274,129.115687
3676,91,28,1146550,1729250,35.5484126,129.1167898
3677,92,28,1146650,1729250,35.5483978,129.1178926
3678,93,28,1146750,1729250,35.548383,129.1189955
3679,94,28,1146850,1729250,35.5483682,129.1200983
3680,95,28,1146950,1729250,35.5483533,129.1212012
3681,96,28,1147050,1729250,35.5483385,129.122304
3682,97,28,1147150,1729250,35.5483237,129.1234068
3683,98,28,1147250,1729250,35.5483088,129.1245097
3684,99,28,1147350,1729250,35.5482939,129.1256125
3685,100,28,1147450,1729250,35.5482791,129.1267153
3686,101,28,1147550,1729250,35.5482642,129.1278182
3687,102,28,1147650,1729250,35.5482493,129.128921
3688,103,28,1147750,1729250,35.5482344,129.1300238
3689,104,28,1147850,1729250,35.5482194,129.1311267
3690,105,28,1147950,1729250,35.5482045,129.1322295
3691,106,28,1148050,1729250,35.5481896,129.1333323
3692,107,28,1148150,1729250,35.5481746,129.1344352
3693,108,28,1148250,1729250,35.5481597,129.135538
3694,109,28,1148350,1729250,35.5481447,129.1366408
3695,110,28,1148450,1729250,35.5481297,129.1377436
3696,111,28,1148550,1729250,35.5481148,129.1388465
3697,112,28,1148650,1729250,35.5480998,129.1399493
3698,113,28,1148750,1729250,35.5480847,129.1410521
3699,114,28,1148850,1729250,35.5480697,129.1421549
3700,115,28,1148950,1729250,35.5480547,129.1432578
3701,116,28,1149050,1729250,35.5480397,129.1443606
3702,117,28,1149150,1729250,35.5480246,129.1454634
3703,118,28,1149250,1729250,35.5480096,129.1465662
3704,119,28,1149350,1729250,35.5479945,129.147669
3705,120,28,1149450,1729250,35.5479794,129.1487719
3706,121,28,1149550,1729250,35.5479643,129.1498747
3707,122,28,1149650,1729250,35.5479492,129.1509775
3708,123,28,1149750,1729250,35.5479341,129.1520803
3709,124,28,1149850,1729250,35.547919,129.1531831
3710,125,28,1149950,1729250,35.5479039,129.1542859
3711,126,28,1150050,1729250,35.5478887,129.1553888
3712,127,28,1150150,1729250,35.5478736,129.1564916
3713,127,29,1150150,1729350,35.5487749,129.1565101
3714,126,29,1150050,1729350,35.54879,129.1554073
3715,125,29,1149950,1729350,35.5488052,129.1543045
3716,124,29,1149850,1729350,35.5488203,129.1532016
3717,123,29,1149750,1729350,35.5488354,129.1520988
3718,122,29,1149650,1729350,35.5488505,129.150996
3719,121,29,1149550,1729350,35.5488656,129.1498931
3720,120,29,1149450,1729350,35.5488807,129.1487903
3721,119,29,1149350,1729350,35.5488958,129.1476875
3722,118,29,1149250,1729350,35.5489108,129.1465847
3723,117,29,1149150,1729350,35.5489259,129.1454818
3724,116,29,1149050,1729350,35.548941,129.144379
3725,115,29,1148950,1729350,35.548956,129.1432762
3726,114,29,1148850,1729350,35.548971,129.1421733
3727,113,29,1148750,1729350,35.548986,129.1410705
3728,112,29,1148650,1729350,35.549001,129.1399676
3729,111,29,1148550,1729350,35.549016,129.1388648
3730,110,29,1148450,1729350,35.549031,129.137762
3731,109,29,1148350,1729350,35.549046,129.1366591
3732,108,29,1148250,1729350,35.549061,129.1355563
3733,107,29,1148150,1729350,35.5490759,129.1344535
3734,106,29,1148050,1729350,35.5490909,129.1333506
3735,105,29,1147950,1729350,35.5491058,129.1322478
3736,104,29,1147850,1729350,35.5491207,129.1311449
3737,103,29,1147750,1729350,35.5491357,129.1300421
3738,102,29,1147650,1729350,35.5491506,129.1289392
3739,101,29,1147550,1729350,35.5491655,129.1278364
3740,100,29,1147450,1729350,35.5491804,129.1267335
3741,99,29,1147350,1729350,35.5491952,129.1256307
3742,98,29,1147250,1729350,35.5492101,129.1245279
3743,97,29,1147150,1729350,35.549225,129.123425
3744,96,29,1147050,1729350,35.5492398,129.1223222
3745,95,29,1146950,1729350,35.5492546,129.1212193
3746,94,29,1146850,1729350,35.5492695,129.1201165
3747,93,29,1146750,1729350,35.5492843,129.1190136
3748,92,29,1146650,1729350,35.5492991,129.1179107
3749,91,29,1146550,1729350,35.5493139,129.1168079
3750,90,29,1146450,1729350,35.5493287,129.115705
3751,89,29,1146350,1729350,35.5493434,129.1146022
3752,88,29,1146250,1729350,35.5493582,129.1134993
3753,87,29,1146150,1729350,35.549373,129.1123965
3754,86,29,1146050,1729350,35.5493877,129.1112936
3755,85,29,1145950,1729350,35.5494024,129.1101908
3756,84,29,1145850,1729350,35.5494172,129.1090879
3757,83,29,1145750,1729350,35.5494319,129.107985
3758,82,29,1145650,1729350,35.5494466,129.1068822
3759,81,29,1145550,1729350,35.5494613,129.1057793
3760,80,29,1145450,1729350,35.549476,129.1046765
3761,79,29,1145350,1729350,35.5494906,129.1035736
3762,78,29,1145250,1729350,35.5495053,129.1024707
3763,77,29,1145150,1729350,35.54952,129.1013679
3764,76,29,1145050,1729350,35.5495346,129.100265
3765,75,29,1144950,1729350,35.5495492,129.0991621
3766,74,29,1144850,1729350,35.5495639,129.0980593
3767,73,29,1144750,1729350,35.5495785,129.0969564
3768,72,29,1144650,1729350,35.5495931,129.0958535
3769,71,29,1144550,1729350,35.5496077,129.0947507
3770,70,29,1144450,1729350,35.5496223,129.0936478
3771,69,29,1144350,1729350,35.5496368,129.0925449
3772,68,29,1144250,1729350,35.5496514,129.091442
3773,67,29,1144150,1729350,35.549666,129.0903392
3774,66,29,1144050,1729350,35.5496805,129.0892363
3775,65,29,1143950,1729350,35.549695,129.0881334
3776,64,29,1143850,1729350,35.5497096,129.0870305
3777,63,29,1143750,1729350,35.5497241,129.0859277
3778,62,29,1143650,1729350,35.5497386,129.0848248
3779,61,29,1143550,1729350,35.5497531,129.0837219
3780,60,29,1143450,1729350,35.5497676,129.082619
3781,59,29,1143350,1729350,35.549782,129.0815162
3782,58,29,1143250,1729350,35.5497965,129.0804133
3783,57,29,1143150,1729350,35.549811,129.0793104
3784,56,29,1143050,1729350,35.5498254,129.0782075
3785,55,29,1142950,1729350,35.5498398,129.0771046
3786,54,29,1142850,1729350,35.5498543,129.0760018
3787,53,29,1142750,1729350,35.5498687,129.0748989
3788,52,29,1142650,1729350,35.5498831,129.073796
3789,51,29,1142550,1729350,35.5498975,129.0726931
3790,50,29,1142450,1729350,35.5499118,129.0715902
3791,49,29,1142350,1729350,35.5499262,129.0704873
3792,48,29,1142250,1729350,35.5499406,129.0693844
3793,47,29,1142150,1729350,35.5499549,129.0682816
3794,46,29,1142050,1729350,35.5499693,129.0671787
3795,45,29,1141950,1729350,35.5499836,129.0660758
3796,44,29,1141850,1729350,35.5499979,129.0649729
3797,43,29,1141750,1729350,35.5500122,129.06387
3798,42,29,1141650,1729350,35.5500265,129.0627671
3799,41,29,1141550,1729350,35.5500408,129.0616642
3800,40,29,1141450,1729350,35.5500551,129.0605613
3801,39,29,1141350,1729350,35.5500694,129.0594584
3802,38,29,1141250,1729350,35.5500836,129.0583555
3803,37,29,1141150,1729350,35.5500979,129.0572526
3804,36,29,1141050,1729350,35.5501121,129.0561497
3805,35,29,1140950,1729350,35.5501264,129.0550468
3806,34,29,1140850,1729350,35.5501406,129.0539439
3807,33,29,1140750,1729350,35.5501548,129.052841
3808,32,29,1140650,1729350,35.550169,129.0517381
3809,31,29,1140550,1729350,35.5501832,129.0506352
3810,30,29,1140450,1729350,35.5501974,129.0495323
3811,29,29,1140350,1729350,35.5502116,129.0484294
3812,28,29,1140250,1729350,35.5502257,129.0473265
3813,27,29,1140150,1729350,35.5502399,129.0462236
3814,26,29,1140050,1729350,35.550254,129.0451207
3815,25,29,1139950,1729350,35.5502681,129.0440178
3816,24,29,1139850,1729350,35.5502823,129.0429149
3817,23,29,1139750,1729350,35.5502964,129.041812
3818,22,29,1139650,1729350,35.5503105,129.0407091
3819,21,29,1139550,1729350,35.5503246,129.0396062
3820,20,29,1139450,1729350,35.5503386,129.0385033
3821,19,29,1139350,1729350,35.5503527,129.0374004
3822,18,29,1139250,1729350,35.5503668,129.0362975
3823,17,29,1139150,1729350,35.5503808,129.0351945
3824,16,29,1139050,1729350,35.5503949,129.0340916
3825,15,29,1138950,1729350,35.5504089,129.0329887
3826,14,29,1138850,1729350,35.5504229,129.0318858
3827,13,29,1138750,1729350,35.5504369,129.0307829
3828,12,29,1138650,1729350,35.5504509,129.02968
3829,11,29,1138550,1729350,35.5504649,129.0285771
3830,10,29,1138450,1729350,35.5504789,129.0274741
3831,9,29,1138350,1729350,35.5504929,129.0263712
3832,8,29,1138250,1729350,35.5505068,129.0252683
3833,7,29,1138150,1729350,35.5505208,129.0241654
3834,6,29,1138050,1729350,35.5505347,129.0230625
3835,5,29,1137950,1729350,35.5505486,129.0219595
3836,4,29,1137850,1729350,35.5505626,129.0208566
3837,3,29,1137750,1729350,35.5505765,129.0197537
3838,2,29,1137650,1729350,35.5505904,129.0186508
3839,1,29,1137550,1729350,35.5506042,129.0175479
3840,0,29,1137450,1729350,35.5506181,129.0164449
3841,0,30,1137450,1729450,35.5515195,129.0164619
3842,1,30,1137550,1729450,35.5515056,129.0175648
3843,2,30,1137650,1729450,35.5514917,129.0186678
3844,3,30,1137750,1729450,35.5514778,129.0197707
3845,4,30,1137850,1729450,35.5514639,129.0208736
3846,5,30,1137950,1729450,35.55145,129.0219766
3847,6,30,1138050,1729450,35.551436,129.0230795
3848,7,30,1138150,1729450,35.5514221,129.0241824
3849,8,30,1138250,1729450,35.5514082,129.0252854
3850,9,30,1138350,1729450,35.5513942,129.0263883
3851,10,30,1138450,1729450,35.5513802,129.0274912
3852,11,30,1138550,1729450,35.5513662,129.0285942
3853,12,30,1138650,1729450,35.5513523,129.0296971
3854,13,30,1138750,1729450,35.5513383,129.0308
3855,14,30,1138850,1729450,35.5513242,129.031903
3856,15,30,1138950,1729450,35.5513102,129.0330059
3857,16,30,1139050,1729450,35.5512962,129.0341088
3858,17,30,1139150,1729450,35.5512822,129.0352117
3859,18,30,1139250,1729450,35.5512681,129.0363147
3860,19,30,1139350,1729450,35.551254,129.0374176
3861,20,30,1139450,1729450,35.55124,129.0385205
3862,21,30,1139550,1729450,35.5512259,129.0396234
3863,22,30,1139650,1729450,35.5512118,129.0407263
3864,23,30,1139750,1729450,35.5511977,129.0418293
3865,24,30,1139850,1729450,35.5511836,129.0429322
3866,25,30,1139950,1729450,35.5511695,129.0440351
3867,26,30,1140050,1729450,35.5511553,129.045138
3868,27,30,1140150,1729450,35.5511412,129.0462409
3869,28,30,1140250,1729450,35.551127,129.0473438
3870,29,30,1140350,1729450,35.5511129,129.0484468
3871,30,30,1140450,1729450,35.5510987,129.0495497
3872,31,30,1140550,1729450,35.5510845,129.0506526
3873,32,30,1140650,1729450,35.5510703,129.0517555
3874,33,30,1140750,1729450,35.5510561,129.0528584
3875,34,30,1140850,1729450,35.5510419,129.0539613
3876,35,30,1140950,1729450,35.5510277,129.0550642
3877,36,30,1141050,1729450,35.5510135,129.0561672
3878,37,30,1141150,1729450,35.5509992,129.0572701
3879,38,30,1141250,1729450,35.550985,129.058373
3880,39,30,1141350,1729450,35.5509707,129.0594759
3881,40,30,1141450,1729450,35.5509564,129.0605788
3882,41,30,1141550,1729450,35.5509422,129.0616817
3883,42,30,1141650,1729450,35.5509279,129.0627846
3884,43,30,1141750,1729450,35.5509136,129.0638875
3885,44,30,1141850,1729450,35.5508993,129.0649904
3886,45,30,1141950,1729450,35.5508849,129.0660933
3887,46,30,1142050,1729450,35.5508706,129.0671962
3888,47,30,1142150,1729450,35.5508563,129.0682991
3889,48,30,1142250,1729450,35.5508419,129.069402
3890,49,30,1142350,1729450,35.5508275,129.0705049
3891,50,30,1142450,1729450,35.5508132,129.0716078
3892,51,30,1142550,1729450,35.5507988,129.0727107
3893,52,30,1142650,1729450,35.5507844,129.0738136
3894,53,30,1142750,1729450,35.55077,129.0749165
3895,54,30,1142850,1729450,35.5507556,129.0760194
3896,55,30,1142950,1729450,35.5507411,129.0771223
3897,56,30,1143050,1729450,35.5507267,129.0782252
3898,57,30,1143150,1729450,35.5507123,129.0793281
3899,58,30,1143250,1729450,35.5506978,129.080431
3900,59,30,1143350,1729450,35.5506834,129.0815339
3901,60,30,1143450,1729450,35.5506689,129.0826368
3902,61,30,1143550,1729450,35.5506544,129.0837396
3903,62,30,1143650,1729450,35.5506399,129.0848425
3904,63,30,1143750,1729450,35.5506254,129.0859454
3905,64,30,1143850,1729450,35.5506109,129.0870483
3906,65,30,1143950,1729450,35.5505964,129.0881512
3907,66,30,1144050,1729450,35.5505818,129.0892541
3908,67,30,1144150,1729450,35.5505673,129.090357
3909,68,30,1144250,1729450,35.5505527,129.0914599
3910,69,30,1144350,1729450,35.5505382,129.0925627
3911,70,30,1144450,1729450,35.5505236,129.0936656
3912,71,30,1144550,1729450,35.550509,129.0947685
3913,72,30,1144650,1729450,35.5504944,129.0958714
3914,73,30,1144750,1729450,35.5504798,129.0969743
3915,74,30,1144850,1729450,35.5504652,129.0980772
3916,75,30,1144950,1729450,35.5504506,129.09918
3917,76,30,1145050,1729450,35.5504359,129.1002829
3918,77,30,1145150,1729450,35.5504213,129.1013858
3919,78,30,1145250,1729450,35.5504066,129.1024887
3920,79,30,1145350,1729450,35.550392,129.1035915
3921,80,30,1145450,1729450,35.5503773,129.1046944
3922,81,30,1145550,1729450,35.5503626,129.1057973
3923,82,30,1145650,1729450,35.5503479,129.1069002
3924,83,30,1145750,1729450,35.5503332,129.108003
3925,84,30,1145850,1729450,35.5503185,129.1091059
3926,85,30,1145950,1729450,35.5503038,129.1102088
3927,86,30,1146050,1729450,35.550289,129.1113117
3928,87,30,1146150,1729450,35.5502743,129.1124145
3929,88,30,1146250,1729450,35.5502595,129.1135174
3930,89,30,1146350,1729450,35.5502447,129.1146203
3931,90,30,1146450,1729450,35.55023,129.1157231
3932,91,30,1146550,1729450,35.5502152,129.116826
3933,92,30,1146650,1729450,35.5502004,129.1179289
3934,93,30,1146750,1729450,35.5501856,129.1190317
3935,94,30,1146850,1729450,35.5501708,129.1201346
3936,95,30,1146950,1729450,35.5501559,129.1212375
3937,96,30,1147050,1729450,35.5501411,129.1223403
3938,97,30,1147150,1729450,35.5501263,129.1234432
3939,98,30,1147250,1729450,35.5501114,129.124546
3940,99,30,1147350,1729450,35.5500965,129.1256489
3941,100,30,1147450,1729450,35.5500817,129.1267518
3942,101,30,1147550,1729450,35.5500668,129.1278546
3943,102,30,1147650,1729450,35.5500519,129.1289575
3944,103,30,1147750,1729450,35.550037,129.1300603
3945,104,30,1147850,1729450,35.550022,129.1311632
3946,105,30,1147950,1729450,35.5500071,129.132266
3947,106,30,1148050,1729450,35.5499922,129.1333689
3948,107,30,1148150,1729450,35.5499772,129.1344718
3949,108,30,1148250,1729450,35.5499623,129.1355746
3950,109,30,1148350,1729450,35.5499473,129.1366775
3951,110,30,1148450,1729450,35.5499323,129.1377803
3952,111,30,1148550,1729450,35.5499173,129.1388832
3953,112,30,1148650,1729450,35.5499023,129.139986
3954,113,30,1148750,1729450,35.5498873,129.1410889
3955,114,30,1148850,1729450,35.5498723,129.1421917
3956,115,30,1148950,1729450,35.5498573,129.1432946
3957,116,30,1149050,1729450,35.5498422,129.1443974
3958,117,30,1149150,1729450,35.5498272,129.1455002
3959,118,30,1149250,1729450,35.5498121,129.1466031
3960,119,30,1149350,1729450,35.5497971,129.1477059
3961,120,30,1149450,1729450,35.549782,129.1488088
3962,121,30,1149550,1729450,35.5497669,129.1499116
3963,122,30,1149650,1729450,35.5497518,129.1510145
3964,123,30,1149750,1729450,35.5497367,129.1521173
3965,124,30,1149850,1729450,35.5497216,129.1532201
3966,125,30,1149950,1729450,35.5497064,129.154323
3967,126,30,1150050,1729450,35.5496913,129.1554258
3968,127,30,1150150,1729450,35.5496762,129.1565287
3969,127,31,1150150,1729550,35.5505774,129.1565472
3970,126,31,1150050,1729550,35.5505926,129.1554443
3971,125,31,1149950,1729550,35.5506077,129.1543415
3972,124,31,1149850,1729550,35.5506229,129.1532386
3973,123,31,1149750,1729550,35.550638,129.1521358
3974,122,31,1149650,1729550,35.5506531,129.1510329
3975,121,31,1149550,1729550,35.5506682,129.1499301
3976,120,31,1149450,1729550,35.5506833,129.1488272
3977,119,31,1149350,1729550,35.5506984,129.1477244
3978,118,31,1149250,1729550,35.5507134,129.1466215
3979,117,31,1149150,1729550,35.5507285,129.1455187
3980,116,31,1149050,1729550,35.5507435,129.1444158
3981,115,31,1148950,1729550,35.5507586,129.1433129
3982,114,31,1148850,1729550,35.5507736,129.1422101
3983,113,31,1148750,1729550,35.5507886,129.1411072
3984,112,31,1148650,1729550,35.5508036,129.1400044
3985,111,31,1148550,1729550,35.5508186,129.1389015
3986,110,31,1148450,1729550,35.5508336,129.1377986
3987,109,31,1148350,1729550,35.5508486,129.1366958
3988,108,31,1148250,1729550,35.5508636,129.1355929
3989,107,31,1148150,1729550,35.5508785,129.13449
3990,106,31,1148050,1729550,35.5508935,129.1333872
3991,105,31,1147950,1729550,35.5509084,129.1322843
3992,104,31,1147850,1729550,35.5509233,129.1311814
3993,103,31,1147750,1729550,35.5509383,129.1300786
3994,102,31,1147650,1729550,35.5509532,129.1289757
3995,101,31,1147550,1729550,35.5509681,129.1278728
3996,100,31,1147450,1729550,35.5509829,129.12677
3997,99,31,1147350,1729550,35.5509978,129.1256671
3998,98,31,1147250,1729550,35.5510127,129.1245642
3999,97,31,1147150,1729550,35.5510276,129.1234614
4000,96,31,1147050,1729550,35.5510424,129.1223585
4001,95,31,1146950,1729550,35.5510572,129.1212556
4002,94,31,1146850,1729550,35.5510721,129.1201527
4003,93,31,1146750,1729550,35.5510869,129.1190498
4004,92,31,1146650,1729550,35.5511017,129.117947
4005,91,31,1146550,1729550,35.5511165,129.1168441
4006,90,31,1146450,1729550,35.5511313,129.1157412
4007,89,31,1146350,1729550,35.551146,129.1146383
4008,88,31,1146250,1729550,35.5511608,129.1135355
4009,87,31,1146150,1729550,35.5511756,129.1124326
4010,86,31,1146050,1729550,35.5511903,129.1113297
4011,85,31,1145950,1729550,35.5512051,129.1102268
4012,84,31,1145850,1729550,35.5512198,129.1091239
4013,83,31,1145750,1729550,35.5512345,129.108021
4014,82,31,1145650,1729550,35.5512492,129.1069182
4015,81,31,1145550,1729550,35.5512639,129.1058153
4016,80,31,1145450,1729550,35.5512786,129.1047124
4017,79,31,1145350,1729550,35.5512933,129.1036095
4018,78,31,1145250,1729550,35.5513079,129.1025066
4019,77,31,1145150,1729550,35.5513226,129.1014037
4020,76,31,1145050,1729550,35.5513372,129.1003008
4021,75,31,1144950,1729550,35.5513519,129.0991979
4022,74,31,1144850,1729550,35.5513665,129.098095
4023,73,31,1144750,1729550,35.5513811,129.0969922
4024,72,31,1144650,1729550,35.5513957,129.0958893
4025,71,31,1144550,1729550,35.5514103,129.0947864
4026,70,31,1144450,1729550,35.5514249,129.0936835
4027,69,31,1144350,1729550,35.5514395,129.0925806
4028,68,31,1144250,1729550,35.551454,129.0914777
4029,67,31,1144150,1729550,35.5514686,129.0903748
4030,66,31,1144050,1729550,35.5514831,129.0892719
4031,65,31,1143950,1729550,35.5514977,129.088169
4032,64,31,1143850,1729550,35.5515122,129.0870661
4033,63,31,1143750,1729550,35.5515267,129.0859632
4034,62,31,1143650,1729550,35.5515412,129.0848603
4035,61,31,1143550,1729550,35.5515557,129.0837574
4036,60,31,1143450,1729550,35.5515702,129.0826545
4037,59,31,1143350,1729550,35.5515847,129.0815516
4038,58,31,1143250,1729550,35.5515991,129.0804487
4039,57,31,1143150,1729550,35.5516136,129.0793458
4040,56,31,1143050,1729550,35.551628,129.0782429
4041,55,31,1142950,1729550,35.5516425,129.0771399
4042,54,31,1142850,1729550,35.5516569,129.076037
4043,53,31,1142750,1729550,35.5516713,129.0749341
4044,52,31,1142650,1729550,35.5516857,129.0738312
4045,51,31,1142550,1729550,35.5517001,129.0727283
4046,50,31,1142450,1729550,35.5517145,129.0716254
4047,49,31,1142350,1729550,35.5517289,129.0705225
4048,48,31,1142250,1729550,35.5517432,129.0694196
4049,47,31,1142150,1729550,35.5517576,129.0683167
4050,46,31,1142050,1729550,35.5517719,129.0672138
4051,45,31,1141950,1729550,35.5517863,129.0661108
4052,44,31,1141850,1729550,35.5518006,129.0650079
4053,43,31,1141750,1729550,35.5518149,129.063905
4054,42,31,1141650,1729550,35.5518292,129.0628021
4055,41,31,1141550,1729550,35.5518435,129.0616992
4056,40,31,1141450,1729550,35.5518578,129.0605963
4057,39,31,1141350,1729550,35.551872,129.0594933
4058,38,31,1141250,1729550,35.5518863,129.0583904
4059,37,31,1141150,1729550,35.5519006,129.0572875
4060,36,31,1141050,1729550,35.5519148,129.0561846
4061,35,31,1140950,1729550,35.551929,129.0550816
4062,34,31,1140850,1729550,35.5519433,129.0539787
4063,33,31,1140750,1729550,35.5519575,129.0528758
4064,32,31,1140650,1729550,35.5519717,129.0517729
4065,31,31,1140550,1729550,35.5519859,129.05067
4066,30,31,1140450,1729550,35.552,129.049567
4067,29,31,1140350,1729550,35.5520142,129.0484641
4068,28,31,1140250,1729550,35.5520284,129.0473612
4069,27,31,1140150,1729550,35.5520425,129.0462582
4070,26,31,1140050,1729550,35.5520567,129.0451553
4071,25,31,1139950,1729550,35.5520708,129.0440524
4072,24,31,1139850,1729550,35.5520849,129.0429495
4073,23,31,1139750,1729550,35.552099,129.0418465
4074,22,31,1139650,1729550,35.5521131,129.0407436
4075,21,31,1139550,1729550,35.5521272,129.0396407
4076,20,31,1139450,1729550,35.5521413,129.0385377
4077,19,31,1139350,1729550,35.5521554,129.0374348
4078,18,31,1139250,1729550,35.5521694,129.0363319
4079,17,31,1139150,1729550,35.5521835,129.0352289
4080,16,31,1139050,1729550,35.5521975,129.034126
4081,15,31,1138950,1729550,35.5522116,129.033023
4082,14,31,1138850,1729550,35.5522256,129.0319201
4083,13,31,1138750,1729550,35.5522396,129.0308172
4084,12,31,1138650,1729550,35.5522536,129.0297142
4085,11,31,1138550,1729550,35.5522676,129.0286113
4086,10,31,1138450,1729550,35.5522816,129.0275083
4087,9,31,1138350,1729550,35.5522955,129.0264054
4088,8,31,1138250,1729550,35.5523095,129.0253025
4089,7,31,1138150,1729550,35.5523234,129.0241995
4090,6,31,1138050,1729550,35.5523374,129.0230966
4091,5,31,1137950,1729550,35.5523513,129.0219936
4092,4,31,1137850,1729550,35.5523652,129.0208907
4093,3,31,1137750,1729550,35.5523791,129.0197877
4094,2,31,1137650,1729550,35.552393,129.0186848
4095,1,31,1137550,1729550,35.5524069,129.0175818
4096,0,31,1137450,1729550,35.5524208,129.0164789
4097,0,32,1137450,1729650,35.5533222,129.0164959
4098,1,32,1137550,1729650,35.5533083,129.0175988
4099,2,32,1137650,1729650,35.5532944,129.0187018
4100,3,32,1137750,1729650,35.5532805,129.0198047
4101,4,32,1137850,1729650,35.5532666,129.0209077
4102,5,32,1137950,1729650,35.5532527,129.0220107
4103,6,32,1138050,1729650,35.5532387,129.0231136
4104,7,32,1138150,1729650,35.5532248,129.0242166
4105,8,32,1138250,1729650,35.5532108,129.0253195
4106,9,32,1138350,1729650,35.5531969,129.0264225
4107,10,32,1138450,1729650,35.5531829,129.0275254
4108,11,32,1138550,1729650,35.5531689,129.0286284
4109,12,32,1138650,1729650,35.5531549,129.0297313
4110,13,32,1138750,1729650,35.5531409,129.0308343
4111,14,32,1138850,1729650,35.5531269,129.0319373
4112,15,32,1138950,1729650,35.5531129,129.0330402
4113,16,32,1139050,1729650,35.5530989,129.0341432
4114,17,32,1139150,1729650,35.5530848,129.0352461
4115,18,32,1139250,1729650,35.5530708,129.0363491
4116,19,32,1139350,1729650,35.5530567,129.037452
4117,20,32,1139450,1729650,35.5530426,129.0385549
4118,21,32,1139550,1729650,35.5530286,129.0396579
4119,22,32,1139650,1729650,35.5530145,129.0407608
4120,23,32,1139750,1729650,35.5530004,129.0418638
4121,24,32,1139850,1729650,35.5529863,129.0429667
4122,25,32,1139950,1729650,35.5529721,129.0440697
4123,26,32,1140050,1729650,35.552958,129.0451726
4124,27,32,1140150,1729650,35.5529439,129.0462756
4125,28,32,1140250,1729650,35.5529297,129.0473785
4126,29,32,1140350,1729650,35.5529155,129.0484814
4127,30,32,1140450,1729650,35.5529014,129.0495844
4128,31,32,1140550,1729650,35.5528872,129.0506873
4129,32,32,1140650,1729650,35.552873,129.0517903
4130,33,32,1140750,1729650,35.5528588,129.0528932
4131,34,32,1140850,1729650,35.5528446,129.0539961
4132,35,32,1140950,1729650,35.5528304,129.0550991
4133,36,32,1141050,1729650,35.5528161,129.056202
4134,37,32,1141150,1729650,35.5528019,129.0573049
4135,38,32,1141250,1729650,35.5527876,129.0584079
4136,39,32,1141350,1729650,35.5527734,129.0595108
4137,40,32,1141450,1729650,35.5527591,129.0606137
4138,41,32,1141550,1729650,35.5527448,129.0617167
4139,42,32,1141650,1729650,35.5527305,129.0628196
4140,43,32,1141750,1729650,35.5527162,129.0639225
4141,44,32,1141850,1729650,35.5527019,129.0650254
4142,45,32,1141950,1729650,35.5526876,129.0661284
4143,46,32,1142050,1729650,35.5526732,129.0672313
4144,47,32,1142150,1729650,35.5526589,129.0683342
4145,48,32,1142250,1729650,35.5526445,129.0694371
4146,49,32,1142350,1729650,35.5526302,129.0705401
4147,50,32,1142450,1729650,35.5526158,129.071643
4148,51,32,1142550,1729650,35.5526014,129.0727459
4149,52,32,1142650,1729650,35.552587,129.0738488
4150,53,32,1142750,1729650,35.5525726,129.0749518
4151,54,32,1142850,1729650,35.5525582,129.0760547
4152,55,32,1142950,1729650,35.5525438,129.0771576
4153,56,32,1143050,1729650,35.5525294,129.0782605
4154,57,32,1143150,1729650,35.5525149,129.0793634
4155,58,32,1143250,1729650,35.5525005,129.0804664
4156,59,32,1143350,1729650,35.552486,129.0815693
4157,60,32,1143450,1729650,35.5524715,129.0826722
4158,61,32,1143550,1729650,35.552457,129.0837751
4159,62,32,1143650,1729650,35.5524425,129.084878
4160,63,32,1143750,1729650,35.552428,129.0859809
4161,64,32,1143850,1729650,35.5524135,129.0870838
4162,65,32,1143950,1729650,35.552399,129.0881868
4163,66,32,1144050,1729650,35.5523845,129.0892897
4164,67,32,1144150,1729650,35.5523699,129.0903926
4165,68,32,1144250,1729650,35.5523553,129.0914955
4166,69,32,1144350,1729650,35.5523408,129.0925984
4167,70,32,1144450,1729650,35.5523262,129.0937013
4168,71,32,1144550,1729650,35.5523116,129.0948042
4169,72,32,1144650,1729650,35.552297,129.0959071
4170,73,32,1144750,1729650,35.5522824,129.09701
4171,74,32,1144850,1729650,35.5522678,129.0981129
4172,75,32,1144950,1729650,35.5522532,129.0992158
4173,76,32,1145050,1729650,35.5522385,129.1003187
4174,77,32,1145150,1729650,35.5522239,129.1014216
4175,78,32,1145250,1729650,35.5522092,129.1025245
4176,79,32,1145350,1729650,35.5521946,129.1036274
4177,80,32,1145450,1729650,35.5521799,129.1047303
4178,81,32,1145550,1729650,35.5521652,129.1058332
4179,82,32,1145650,1729650,35.5521505,129.1069361
4180,83,32,1145750,1729650,35.5521358,129.108039
4181,84,32,1145850,1729650,35.5521211,129.1091419
4182,85,32,1145950,1729650,35.5521064,129.1102448
4183,86,32,1146050,1729650,35.5520916,129.1113477
4184,87,32,1146150,1729650,35.5520769,129.1124506
4185,88,32,1146250,1729650,35.5520621,129.1135535
4186,89,32,1146350,1729650,35.5520474,129.1146564
4187,90,32,1146450,1729650,35.5520326,129.1157593
4188,91,32,1146550,1729650,35.5520178,129.1168622
4189,92,32,1146650,1729650,35.552003,129.1179651
4190,93,32,1146750,1729650,35.5519882,129.119068
4191,94,32,1146850,1729650,35.5519734,129.1201709
4192,95,32,1146950,1729650,35.5519585,129.1212738
4193,96,32,1147050,1729650,35.5519437,129.1223766
4194,97,32,1147150,1729650,35.5519289,129.1234795
4195,98,32,1147250,1729650,35.551914,129.1245824
4196,99,32,1147350,1729650,35.5518991,129.1256853
4197,100,32,1147450,1729650,35.5518842,129.1267882
4198,101,32,1147550,1729650,35.5518694,129.1278911
4199,102,32,1147650,1729650,35.5518545,129.1289939
4200,103,32,1147750,1729650,35.5518396,129.1300968
4201,104,32,1147850,1729650,35.5518246,129.1311997
4202,105,32,1147950,1729650,35.5518097,129.1323026
4203,106,32,1148050,1729650,35.5517948,129.1334055
4204,107,32,1148150,1729650,35.5517798,129.1345083
4205,108,32,1148250,1729650,35.5517649,129.1356112
4206,109,32,1148350,1729650,35.5517499,129.1367141
4207,110,32,1148450,1729650,35.5517349,129.137817
4208,111,32,1148550,1729650,35.5517199,129.1389199
4209,112,32,1148650,1729650,35.5517049,129.1400227
4210,113,32,1148750,1729650,35.5516899,129.1411256
4211,114,32,1148850,1729650,35.5516749,129.1422285
4212,115,32,1148950,1729650,35.5516599,129.1433313
4213,116,32,1149050,1729650,35.5516448,129.1444342
4214,117,32,1149150,1729650,35.5516298,129.1455371
4215,118,32,1149250,1729650,35.5516147,129.14664
4216,119,32,1149350,1729650,35.5515996,129.1477428
4217,120,32,1149450,1729650,35.5515846,129.1488457
4218,121,32,1149550,1729650,35.5515695,129.1499486
4219,122,32,1149650,1729650,35.5515544,129.1510514
4220,123,32,1149750,1729650,35.5515393,129.1521543
4221,124,32,1149850,1729650,35.5515241,129.1532572
4222,125,32,1149950,1729650,35.551509,129.15436
4223,126,32,1150050,1729650,35.5514939,129.1554629
4224,127,32,1150150,1729650,35.5514787,129.1565657
4225,127,33,1150150,1729750,35.55238,129.1565843
4226,126,33,1150050,1729750,35.5523952,129.1554814
4227,125,33,1149950,1729750,35.5524103,129.1543785
4228,124,33,1149850,1729750,35.5524254,129.1532757
4229,123,33,1149750,1729750,35.5524405,129.1521728
4230,122,33,1149650,1729750,35.5524557,129.1510699
4231,121,33,1149550,1729750,35.5524708,129.149967
4232,120,33,1149450,1729750,35.5524859,129.1488642
4233,119,33,1149350,1729750,35.5525009,129.1477613
4234,118,33,1149250,1729750,35.552516,129.1466584
4235,117,33,1149150,1729750,35.5525311,129.1455555
4236,116,33,1149050,1729750,35.5525461,129.1444526
4237,115,33,1148950,1729750,35.5525612,129.1433497
4238,114,33,1148850,1729750,35.5525762,129.1422469
4239,113,33,1148750,1729750,35.5525912,129.141144
4240,112,33,1148650,1729750,35.5526062,129.1400411
4241,111,33,1148550,1729750,35.5526212,129.1389382
4242,110,33,1148450,1729750,35.5526362,129.1378353
4243,109,33,1148350,1729750,35.5526512,129.1367324
4244,108,33,1148250,1729750,35.5526662,129.1356295
4245,107,33,1148150,1729750,35.5526811,129.1345266
4246,106,33,1148050,1729750,35.5526961,129.1334238
4247,105,33,1147950,1729750,35.552711,129.1323209
4248,104,33,1147850,1729750,35.5527259,129.131218
4249,103,33,1147750,1729750,35.5527408,129.1301151
4250,102,33,1147650,1729750,35.5527558,129.1290122
4251,101,33,1147550,1729750,35.5527707,129.1279093
4252,100,33,1147450,1729750,35.5527855,129.1268064
4253,99,33,1147350,1729750,35.5528004,129.1257035
4254,98,33,1147250,1729750,35.5528153,129.1246006
4255,97,33,1147150,1729750,35.5528301,129.1234977
4256,96,33,1147050,1729750,35.552845,129.1223948
4257,95,33,1146950,1729750,35.5528598,129.1212919
4258,94,33,1146850,1729750,35.5528747,129.120189
4259,93,33,1146750,1729750,35.5528895,129.1190861
4260,92,33,1146650,1729750,35.5529043,129.1179832
4261,91,33,1146550,1729750,35.5529191,129.1168803
4262,90,33,1146450,1729750,35.5529339,129.1157774
4263,89,33,1146350,1729750,35.5529487,129.1146745
4264,88,33,1146250,1729750,35.5529634,129.1135716
4265,87,33,1146150,1729750,35.5529782,129.1124687
4266,86,33,1146050,1729750,35.5529929,129.1113658
4267,85,33,1145950,1729750,35.5530077,129.1102629
4268,84,33,1145850,1729750,35.5530224,129.10916
4269,83,33,1145750,1729750,35.5530371,129.108057
4270,82,33,1145650,1729750,35.5530518,129.1069541
4271,81,33,1145550,1729750,35.5530665,129.1058512
4272,80,33,1145450,1729750,35.5530812,129.1047483
4273,79,33,1145350,1729750,35.5530959,129.1036454
4274,78,33,1145250,1729750,35.5531105,129.1025425
4275,77,33,1145150,1729750,35.5531252,129.1014396
4276,76,33,1145050,1729750,35.5531399,129.1003367
4277,75,33,1144950,1729750,35.5531545,129.0992337
4278,74,33,1144850,1729750,35.5531691,129.0981308
4279,73,33,1144750,1729750,35.5531837,129.0970279
4280,72,33,1144650,1729750,35.5531983,129.095925
4281,71,33,1144550,1729750,35.5532129,129.0948221
4282,70,33,1144450,1729750,35.5532275,129.0937192
4283,69,33,1144350,1729750,35.5532421,129.0926162
4284,68,33,1144250,1729750,35.5532567,129.0915133
4285,67,33,1144150,1729750,35.5532712,129.0904104
4286,66,33,1144050,1729750,35.5532858,129.0893075
4287,65,33,1143950,1729750,35.5533003,129.0882045
4288,64,33,1143850,1729750,35.5533148,129.0871016
4289,63,33,1143750,1729750,35.5533293,129.0859987
4290,62,33,1143650,1729750,35.5533438,129.0848958
4291,61,33,1143550,1729750,35.5533583,129.0837928
4292,60,33,1143450,1729750,35.5533728,129.0826899
4293,59,33,1143350,1729750,35.5533873,129.081587
4294,58,33,1143250,1729750,35.5534018,129.0804841
4295,57,33,1143150,1729750,35.5534162,129.0793811
4296,56,33,1143050,1729750,35.5534307,129.0782782
4297,55,33,1142950,1729750,35.5534451,129.0771753
4298,54,33,1142850,1729750,35.5534595,129.0760723
4299,53,33,1142750,1729750,35.5534739,129.0749694
4300,52,33,1142650,1729750,35.5534883,129.0738665
4301,51,33,1142550,1729750,35.5535027,129.0727635
4302,50,33,1142450,1729750,35.5535171,129.0716606
4303,49,33,1142350,1729750,35.5535315,129.0705577
4304,48,33,1142250,1729750,35.5535459,129.0694547
4305,47,33,1142150,1729750,35.5535602,129.0683518
4306,46,33,1142050,1729750,35.5535746,129.0672488
4307,45,33,1141950,1729750,35.5535889,129.0661459
4308,44,33,1141850,1729750,35.5536032,129.065043
4309,43,33,1141750,1729750,35.5536175,129.06394
4310,42,33,1141650,1729750,35.5536318,129.0628371
4311,41,33,1141550,1729750,35.5536461,129.0617341
4312,40,33,1141450,1729750,35.5536604,129.0606312
4313,39,33,1141350,1729750,35.5536747,129.0595283
4314,38,33,1141250,1729750,35.553689,129.0584253
4315,37,33,1141150,1729750,35.5537032,129.0573224
4316,36,33,1141050,1729750,35.5537175,129.0562194
4317,35,33,1140950,1729750,35.5537317,129.0551165
4318,34,33,1140850,1729750,35.5537459,129.0540135
4319,33,33,1140750,1729750,35.5537601,129.0529106
4320,32,33,1140650,1729750,35.5537743,129.0518076
4321,31,33,1140550,1729750,35.5537885,129.0507047
4322,30,33,1140450,1729750,35.5538027,129.0496017
4323,29,33,1140350,1729750,35.5538169,129.0484988
4324,28,33,1140250,1729750,35.553831,129.0473958
4325,27,33,1140150,1729750,35.5538452,129.0462929
4326,26,33,1140050,1729750,35.5538593,129.0451899
4327,25,33,1139950,1729750,35.5538735,129.044087
4328,24,33,1139850,1729750,35.5538876,129.042984
4329,23,33,1139750,1729750,35.5539017,129.041881
4330,22,33,1139650,1729750,35.5539158,129.0407781
4331,21,33,1139550,1729750,35.5539299,129.0396751
4332,20,33,1139450,1729750,35.553944,129.0385722
4333,19,33,1139350,1729750,35.5539581,129.0374692
4334,18,33,1139250,1729750,35.5539721,129.0363663
4335,17,33,1139150,1729750,35.5539862,129.0352633
4336,16,33,1139050,1729750,35.5540002,129.0341603
4337,15,33,1138950,1729750,35.5540142,129.0330574
4338,14,33,1138850,1729750,35.5540283,129.0319544
4339,13,33,1138750,1729750,35.5540423,129.0308514
4340,12,33,1138650,1729750,35.5540563,129.0297485
4341,11,33,1138550,1729750,35.5540703,129.0286455
4342,10,33,1138450,1729750,35.5540842,129.0275425
4343,9,33,1138350,1729750,35.5540982,129.0264396
4344,8,33,1138250,1729750,35.5541122,129.0253366
4345,7,33,1138150,1729750,35.5541261,129.0242336
4346,6,33,1138050,1729750,35.5541401,129.0231307
4347,5,33,1137950,1729750,35.554154,129.0220277
4348,4,33,1137850,1729750,35.5541679,129.0209247
4349,3,33,1137750,1729750,35.5541818,129.0198218
4350,2,33,1137650,1729750,35.5541957,129.0187188
4351,1,33,1137550,1729750,35.5542096,129.0176158
4352,0,33,1137450,1729750,35.5542235,129.0165128
4353,0,34,1137450,1729850,35.5551249,129.0165298
4354,1,34,1137550,1729850,35.555111,129.0176328
4355,2,34,1137650,1729850,35.5550971,129.0187358
4356,3,34,1137750,1729850,35.5550832,129.0198388
4357,4,34,1137850,1729850,35.5550693,129.0209418
4358,5,34,1137950,1729850,35.5550553,129.0220447
4359,6,34,1138050,1729850,35.5550414,129.0231477
4360,7,34,1138150,1729850,35.5550275,129.0242507
4361,8,34,1138250,1729850,35.5550135,129.0253537
4362,9,34,1138350,1729850,35.5549996,129.0264567
4363,10,34,1138450,1729850,35.5549856,129.0275596
4364,11,34,1138550,1729850,35.5549716,129.0286626
4365,12,34,1138650,1729850,35.5549576,129.0297656
4366,13,34,1138750,1729850,35.5549436,129.0308686
4367,14,34,1138850,1729850,35.5549296,129.0319716
4368,15,34,1138950,1729850,35.5549156,129.0330745
4369,16,34,1139050,1729850,35.5549015,129.0341775
4370,17,34,1139150,1729850,35.5548875,129.0352805
4371,18,34,1139250,1729850,35.5548735,129.0363835
4372,19,34,1139350,1729850,35.5548594,129.0374864
4373,20,34,1139450,1729850,35.5548453,129.0385894
4374,21,34,1139550,1729850,35.5548312,129.0396924
4375,22,34,1139650,1729850,35.5548171,129.0407953
4376,23,34,1139750,1729850,35.554803,129.0418983
4377,24,34,1139850,1729850,35.5547889,129.0430013
4378,25,34,1139950,1729850,35.5547748,129.0441042
4379,26,34,1140050,1729850,35.5547607,129.0452072
4380,27,34,1140150,1729850,35.5547465,129.0463102
4381,28,34,1140250,1729850,35.5547324,129.0474131
4382,29,34,1140350,1729850,35.5547182,129.0485161
4383,30,34,1140450,1729850,35.554704,129.0496191
4384,31,34,1140550,1729850,35.5546899,129.050722
4385,32,34,1140650,1729850,35.5546757,129.051825
4386,33,34,1140750,1729850,35.5546615,129.052928
4387,34,34,1140850,1729850,35.5546472,129.0540309
4388,35,34,1140950,1729850,35.554633,129.0551339
4389,36,34,1141050,1729850,35.5546188,129.0562368
4390,37,34,1141150,1729850,35.5546045,129.0573398
4391,38,34,1141250,1729850,35.5545903,129.0584428
4392,39,34,1141350,1729850,35.554576,129.0595457
4393,40,34,1141450,1729850,35.5545617,129.0606487
4394,41,34,1141550,1729850,35.5545475,129.0617516
4395,42,34,1141650,1729850,35.5545332,129.0628546
4396,43,34,1141750,1729850,35.5545189,129.0639575
4397,44,34,1141850,1729850,35.5545045,129.0650605
4398,45,34,1141950,1729850,35.5544902,129.0661634
4399,46,34,1142050,1729850,35.5544759,129.0672664
4400,47,34,1142150,1729850,35.5544615,129.0683693
4401,48,34,1142250,1729850,35.5544472,129.0694723
4402,49,34,1142350,1729850,35.5544328,129.0705752
4403,50,34,1142450,1729850,35.5544184,129.0716782
4404,51,34,1142550,1729850,35.5544041,129.0727811
4405,52,34,1142650,1729850,35.5543897,129.0738841
4406,53,34,1142750,1729850,35.5543753,129.074987
4407,54,34,1142850,1729850,35.5543608,129.07609
4408,55,34,1142950,1729850,35.5543464,129.0771929
4409,56,34,1143050,1729850,35.554332,129.0782959
4410,57,34,1143150,1729850,35.5543175,129.0793988
4411,58,34,1143250,1729850,35.5543031,129.0805018
4412,59,34,1143350,1729850,35.5542886,129.0816047
4413,60,34,1143450,1729850,35.5542741,129.0827076
4414,61,34,1143550,1729850,35.5542597,129.0838106
4415,62,34,1143650,1729850,35.5542452,129.0849135
4416,63,34,1143750,1729850,35.5542307,129.0860164
4417,64,34,1143850,1729850,35.5542161,129.0871194
4418,65,34,1143950,1729850,35.5542016,129.0882223
4419,66,34,1144050,1729850,35.5541871,129.0893253
4420,67,34,1144150,1729850,35.5541725,129.0904282
4421,68,34,1144250,1729850,35.554158,129.0915311
4422,69,34,1144350,1729850,35.5541434,129.0926341
4423,70,34,1144450,1729850,35.5541288,129.093737
4424,71,34,1144550,1729850,35.5541142,129.0948399
4425,72,34,1144650,1729850,35.5540996,129.0959429
4426,73,34,1144750,1729850,35.554085,129.0970458
4427,74,34,1144850,1729850,35.5540704,129.0981487
4428,75,34,1144950,1729850,35.5540558,129.0992516
4429,76,34,1145050,1729850,35.5540412,129.1003546
4430,77,34,1145150,1729850,35.5540265,129.1014575
4431,78,34,1145250,1729850,35.5540119,129.1025604
4432,79,34,1145350,1729850,35.5539972,129.1036634
4433,80,34,1145450,1729850,35.5539825,129.1047663
4434,81,34,1145550,1729850,35.5539678,129.1058692
4435,82,34,1145650,1729850,35.5539531,129.1069721
4436,83,34,1145750,1729850,35.5539384,129.108075
4437,84,34,1145850,1729850,35.5539237,129.109178
4438,85,34,1145950,1729850,35.553909,129.1102809
4439,86,34,1146050,1729850,35.5538942,129.1113838
4440,87,34,1146150,1729850,35.5538795,129.1124867
4441,88,34,1146250,1729850,35.5538647,129.1135896
4442,89,34,1146350,1729850,35.55385,129.1146926
4443,90,34,1146450,1729850,35.5538352,129.1157955
4444,91,34,1146550,1729850,35.5538204,129.1168984
4445,92,34,1146650,1729850,35.5538056,129.1180013
4446,93,34,1146750,1729850,35.5537908,129.1191042
4447,94,34,1146850,1729850,35.553776,129.1202071
4448,95,34,1146950,1729850,35.5537611,129.1213101
4449,96,34,1147050,1729850,35.5537463,129.122413
4450,97,34,1147150,1729850,35.5537314,129.1235159
4451,98,34,1147250,1729850,35.5537166,129.1246188
4452,99,34,1147350,1729850,35.5537017,129.1257217
4453,100,34,1147450,1729850,35.5536868,129.1268246
4454,101,34,1147550,1729850,35.553672,129.1279275
4455,102,34,1147650,1729850,35.5536571,129.1290304
4456,103,34,1147750,1729850,35.5536421,129.1301333
4457,104,34,1147850,1729850,35.5536272,129.1312362
4458,105,34,1147950,1729850,35.5536123,129.1323391
4459,106,34,1148050,1729850,35.5535974,129.133442
4460,107,34,1148150,1729850,35.5535824,129.1345449
4461,108,34,1148250,1729850,35.5535674,129.1356478
4462,109,34,1148350,1729850,35.5535525,129.1367507
4463,110,34,1148450,1729850,35.5535375,129.1378536
4464,111,34,1148550,1729850,35.5535225,129.1389565
4465,112,34,1148650,1729850,35.5535075,129.1400594
4466,113,34,1148750,1729850,35.5534925,129.1411623
4467,114,34,1148850,1729850,35.5534775,129.1422652
4468,115,34,1148950,1729850,35.5534624,129.1433681
4469,116,34,1149050,1729850,35.5534474,129.144471
4470,117,34,1149150,1729850,35.5534324,129.1455739
4471,118,34,1149250,1729850,35.5534173,129.1466768
4472,119,34,1149350,1729850,35.5534022,129.1477797
4473,120,34,1149450,1729850,35.5533871,129.1488826
4474,121,34,1149550,1729850,35.553372,129.1499855
4475,122,34,1149650,1729850,35.5533569,129.1510884
4476,123,34,1149750,1729850,35.5533418,129.1521913
4477,124,34,1149850,1729850,35.5533267,129.1532942
4478,125,34,1149950,1729850,35.5533116,129.1543971
4479,126,34,1150050,1729850,35.5532964,129.1554999
4480,127,34,1150150,1729850,35.5532813,129.1566028
4481,127,35,1150150,1729950,35.5541826,129.1566214
4482,126,35,1150050,1729950,35.5541977,129.1555185
4483,125,35,1149950,1729950,35.5542129,129.1544156
4484,124,35,1149850,1729950,35.554228,129.1533127
4485,123,35,1149750,1729950,35.5542431,129.1522098
4486,122,35,1149650,1729950,35.5542582,129.1511069
4487,121,35,1149550,1729950,35.5542733,129.150004
4488,120,35,1149450,1729950,35.5542884,129.1489011
4489,119,35,1149350,1729950,35.5543035,129.1477982
4490,118,35,1149250,1729950,35.5543186,129.1466953
4491,117,35,1149150,1729950,35.5543336,129.1455924
4492,116,35,1149050,1729950,35.5543487,129.1444894
4493,115,35,1148950,1729950,35.5543637,129.1433865
4494,114,35,1148850,1729950,35.5543788,129.1422836
4495,113,35,1148750,1729950,35.5543938,129.1411807
4496,112,35,1148650,1729950,35.5544088,129.1400778
4497,111,35,1148550,1729950,35.5544238,129.1389749
4498,110,35,1148450,1729950,35.5544388,129.137872
4499,109,35,1148350,1729950,35.5544538,129.1367691
4500,108,35,1148250,1729950,35.5544687,129.1356662
4501,107,35,1148150,1729950,35.5544837,129.1345632
4502,106,35,1148050,1729950,35.5544986,129.1334603
4503,105,35,1147950,1729950,35.5545136,129.1323574
4504,104,35,1147850,1729950,35.5545285,129.1312545
4505,103,35,1147750,1729950,35.5545434,129.1301516
4506,102,35,1147650,1729950,35.5545583,129.1290487
4507,101,35,1147550,1729950,35.5545732,129.1279457
4508,100,35,1147450,1729950,35.5545881,129.1268428
4509,99,35,1147350,1729950,35.554603,129.1257399
4510,98,35,1147250,1729950,35.5546179,129.124637
4511,97,35,1147150,1729950,35.5546327,129.1235341
4512,96,35,1147050,1729950,35.5546476,129.1224311
4513,95,35,1146950,1729950,35.5546624,129.1213282
4514,94,35,1146850,1729950,35.5546773,129.1202253
4515,93,35,1146750,1729950,35.5546921,129.1191224
4516,92,35,1146650,1729950,35.5547069,129.1180194
4517,91,35,1146550,1729950,35.5547217,129.1169165
4518,90,35,1146450,1729950,35.5547365,129.1158136
4519,89,35,1146350,1729950,35.5547513,129.1147106
4520,88,35,1146250,1729950,35.554766,129.1136077
4521,87,35,1146150,1729950,35.5547808,129.1125048
4522,86,35,1146050,1729950,35.5547955,129.1114019
4523,85,35,1145950,1729950,35.5548103,129.1102989
4524,84,35,1145850,1729950,35.554825,129.109196
4525,83,35,1145750,1729950,35.5548397,129.1080931
4526,82,35,1145650,1729950,35.5548544,129.1069901
4527,81,35,1145550,1729950,35.5548691,129.1058872
4528,80,35,1145450,1729950,35.5548838,129.1047842
4529,79,35,1145350,1729950,35.5548985,129.1036813
4530,78,35,1145250,1729950,35.5549132,129.1025784
4531,77,35,1145150,1729950,35.5549278,129.1014754
4532,76,35,1145050,1729950,35.5549425,129.1003725
4533,75,35,1144950,1729950,35.5549571,129.0992696
4534,74,35,1144850,1729950,35.5549717,129.0981666
4535,73,35,1144750,1729950,35.5549864,129.0970637
4536,72,35,1144650,1729950,35.555001,129.0959607
4537,71,35,1144550,1729950,35.5550156,129.0948578
4538,70,35,1144450,1729950,35.5550301,129.0937548
4539,69,35,1144350,1729950,35.5550447,129.0926519
4540,68,35,1144250,1729950,35.5550593,129.0915489
4541,67,35,1144150,1729950,35.5550738,129.090446
4542,66,35,1144050,1729950,35.5550884,129.0893431
4543,65,35,1143950,1729950,35.5551029,129.0882401
4544,64,35,1143850,1729950,35.5551175,129.0871372
4545,63,35,1143750,1729950,35.555132,129.0860342
4546,62,35,1143650,1729950,35.5551465,129.0849313
4547,61,35,1143550,1729950,35.555161,129.0838283
4548,60,35,1143450,1729950,35.5551755,129.0827254
4549,59,35,1143350,1729950,35.5551899,129.0816224
4550,58,35,1143250,1729950,35.5552044,129.0805194
4551,57,35,1143150,1729950,35.5552189,129.0794165
4552,56,35,1143050,1729950,35.5552333,129.0783135
4553,55,35,1142950,1729950,35.5552477,129.0772106
4554,54,35,1142850,1729950,35.5552622,129.0761076
4555,53,35,1142750,1729950,35.5552766,129.0750047
4556,52,35,1142650,1729950,35.555291,129.0739017
4557,51,35,1142550,1729950,35.5553054,129.0727987
4558,50,35,1142450,1729950,35.5553198,129.0716958
4559,49,35,1142350,1729950,35.5553341,129.0705928
4560,48,35,1142250,1729950,35.5553485,129.0694899
4561,47,35,1142150,1729950,35.5553629,129.0683869
4562,46,35,1142050,1729950,35.5553772,129.0672839
4563,45,35,1141950,1729950,35.5553915,129.066181
4564,44,35,1141850,1729950,35.5554059,129.065078
4565,43,35,1141750,1729950,35.5554202,129.063975
4566,42,35,1141650,1729950,35.5554345,129.0628721
4567,41,35,1141550,1729950,35.5554488,129.0617691
4568,40,35,1141450,1729950,35.5554631,129.0606661
4569,39,35,1141350,1729950,35.5554773,129.0595632
4570,38,35,1141250,1729950,35.5554916,129.0584602
4571,37,35,1141150,1729950,35.5555059,129.0573572
4572,36,35,1141050,1729950,35.5555201,129.0562543
4573,35,35,1140950,1729950,35.5555343,129.0551513
4574,34,35,1140850,1729950,35.5555486,129.0540483
4575,33,35,1140750,1729950,35.5555628,129.0529453
4576,32,35,1140650,1729950,35.555577,129.0518424
4577,31,35,1140550,1729950,35.5555912,129.0507394
4578,30,35,1140450,1729950,35.5556054,129.0496364
4579,29,35,1140350,1729950,35.5556195,129.0485334
4580,28,35,1140250,1729950,35.5556337,129.0474305
4581,27,35,1140150,1729950,35.5556479,129.0463275
4582,26,35,1140050,1729950,35.555662,129.0452245
4583,25,35,1139950,1729950,35.5556761,129.0441215
4584,24,35,1139850,1729950,35.5556903,129.0430186
4585,23,35,1139750,1729950,35.5557044,129.0419156
4586,22,35,1139650,1729950,35.5557185,129.0408126
4587,21,35,1139550,1729950,35.5557326,129.0397096
4588,20,35,1139450,1729950,35.5557467,129.0386066
4589,19,35,1139350,1729950,35.5557607,129.0375036
4590,18,35,1139250,1729950,35.5557748,129.0364007
4591,17,35,1139150,1729950,35.5557888,129.0352977
4592,16,35,1139050,1729950,35.5558029,129.0341947
4593,15,35,1138950,1729950,35.5558169,129.0330917
4594,14,35,1138850,1729950,35.5558309,129.0319887
4595,13,35,1138750,1729950,35.5558449,129.0308857
4596,12,35,1138650,1729950,35.555859,129.0297827
4597,11,35,1138550,1729950,35.5558729,129.0286797
4598,10,35,1138450,1729950,35.5558869,129.0275768
4599,9,35,1138350,1729950,35.5559009,129.0264738
4600,8,35,1138250,1729950,35.5559149,129.0253708
4601,7,35,1138150,1729950,35.5559288,129.0242678
4602,6,35,1138050,1729950,35.5559428,129.0231648
4603,5,35,1137950,1729950,35.5559567,129.0220618
4604,4,35,1137850,1729950,35.5559706,129.0209588
4605,3,35,1137750,1729950,35.5559845,129.0198558
4606,2,35,1137650,1729950,35.5559984,129.0187528
4607,1,35,1137550,1729950,35.5560123,129.0176498
4608,0,35,1137450,1729950,35.5560262,129.0165468
4609,0,36,1137450,1730050,35.5569275,129.0165638
4610,1,36,1137550,1730050,35.5569137,129.0176668
4611,2,36,1137650,1730050,35.5568998,129.0187698
4612,3,36,1137750,1730050,35.5568859,129.0198728
4613,4,36,1137850,1730050,35.556872,129.0209758
4614,5,36,1137950,1730050,35.556858,129.0220788
4615,6,36,1138050,1730050,35.5568441,129.0231818
4616,7,36,1138150,1730050,35.5568302,129.0242848
4617,8,36,1138250,1730050,35.5568162,129.0253878
4618,9,36,1138350,1730050,35.5568022,129.0264909
4619,10,36,1138450,1730050,35.5567883,129.0275939
4620,11,36,1138550,1730050,35.5567743,129.0286969
4621,12,36,1138650,1730050,35.5567603,129.0297999
4622,13,36,1138750,1730050,35.5567463,129.0309029
4623,14,36,1138850,1730050,35.5567323,129.0320059
4624,15,36,1138950,1730050,35.5567183,129.0331089
4625,16,36,1139050,1730050,35.5567042,129.0342119
4626,17,36,1139150,1730050,35.5566902,129.0353149
4627,18,36,1139250,1730050,35.5566761,129.0364179
4628,19,36,1139350,1730050,35.5566621,129.0375209
4629,20,36,1139450,1730050,35.556648,129.0386239
4630,21,36,1139550,1730050,35.5566339,129.0397269
4631,22,36,1139650,1730050,35.5566198,129.0408298
4632,23,36,1139750,1730050,35.5566057,129.0419328
4633,24,36,1139850,1730050,35.5565916,129.0430358
4634,25,36,1139950,1730050,35.5565775,129.0441388
4635,26,36,1140050,1730050,35.5565633,129.0452418
4636,27,36,1140150,1730050,35.5565492,129.0463448
4637,28,36,1140250,1730050,35.556535,129.0474478
4638,29,36,1140350,1730050,35.5565209,129.0485508
4639,30,36,1140450,1730050,35.5565067,129.0496538
4640,31,36,1140550,1730050,35.5564925,129.0507568
4641,32,36,1140650,1730050,35.5564783,129.0518598
4642,33,36,1140750,1730050,35.5564641,129.0529627
4643,34,36,1140850,1730050,35.5564499,129.0540657
4644,35,36,1140950,1730050,35.5564357,129.0551687
4645,36,36,1141050,1730050,35.5564214,129.0562717
4646,37,36,1141150,1730050,35.5564072,129.0573747
4647,38,36,1141250,1730050,35.5563929,129.0584777
4648,39,36,1141350,1730050,35.5563787,129.0595806
4649,40,36,1141450,1730050,35.5563644,129.0606836
4650,41,36,1141550,1730050,35.5563501,129.0617866
4651,42,36,1141650,1730050,35.5563358,129.0628896
4652,43,36,1141750,1730050,35.5563215,129.0639926
4653,44,36,1141850,1730050,35.5563072,129.0650955
4654,45,36,1141950,1730050,35.5562929,129.0661985
4655,46,36,1142050,1730050,35.5562785,129.0673015
4656,47,36,1142150,1730050,35.5562642,129.0684045
4657,48,36,1142250,1730050,35.5562498,129.0695074
4658,49,36,1142350,1730050,35.5562355,129.0706104
4659,50,36,1142450,1730050,35.5562211,129.0717134
4660,51,36,1142550,1730050,35.5562067,129.0728164
4661,52,36,1142650,1730050,35.5561923,129.0739193
4662,53,36,1142750,1730050,35.5561779,129.0750223
4663,54,36,1142850,1730050,35.5561635,129.0761253
4664,55,36,1142950,1730050,35.5561491,129.0772282
4665,56,36,1143050,1730050,35.5561346,129.0783312
4666,57,36,1143150,1730050,35.5561202,129.0794342
4667,58,36,1143250,1730050,35.5561057,129.0805371
4668,59,36,1143350,1730050,35.5560913,129.0816401
4669,60,36,1143450,1730050,35.5560768,129.0827431
4670,61,36,1143550,1730050,35.5560623,129.083846
4671,62,36,1143650,1730050,35.5560478,129.084949
4672,63,36,1143750,1730050,35.5560333,129.086052
4673,64,36,1143850,1730050,35.5560188,129.0871549
4674,65,36,1143950,1730050,35.5560042,129.0882579
4675,66,36,1144050,1730050,35.5559897,129.0893608
4676,67,36,1144150,1730050,35.5559752,129.0904638
4677,68,36,1144250,1730050,35.5559606,129.0915668
4678,69,36,1144350,1730050,35.555946,129.0926697
4679,70,36,1144450,1730050,35.5559315,129.0937727
4680,71,36,1144550,1730050,35.5559169,129.0948756
4681,72,36,1144650,1730050,35.5559023,129.0959786
4682,73,36,1144750,1730050,35.5558877,129.0970816
4683,74,36,1144850,1730050,35.555873,129.0981845
4684,75,36,1144950,1730050,35.5558584,129.0992875
4685,76,36,1145050,1730050,35.5558438,129.1003904
4686,77,36,1145150,1730050,35.5558291,129.1014934
4687,78,36,1145250,1730050,35.5558145,129.1025963
4688,79,36,1145350,1730050,35.5557998,129.1036993
4689,80,36,1145450,1730050,35.5557851,129.1048022
4690,81,36,1145550,1730050,35.5557704,129.1059052
4691,82,36,1145650,1730050,35.5557557,129.1070081
4692,83,36,1145750,1730050,35.555741,129.1081111
4693,84,36,1145850,1730050,35.5557263,129.109214
4694,85,36,1145950,1730050,35.5557116,129.1103169
4695,86,36,1146050,1730050,35.5556968,129.1114199
4696,87,36,1146150,1730050,35.5556821,129.1125228
4697,88,36,1146250,1730050,35.5556673,129.1136258
4698,89,36,1146350,1730050,35.5556526,129.1147287
4699,90,36,1146450,1730050,35.5556378,129.1158317
4700,91,36,1146550,1730050,35.555623,129.1169346
4701,92,36,1146650,1730050,35.5556082,129.1180375
4702,93,36,1146750,1730050,35.5555934,129.1191405
4703,94,36,1146850,1730050,35.5555786,129.1202434
4704,95,36,1146950,1730050,35.5555637,129.1213464
4705,96,36,1147050,1730050,35.5555489,129.1224493
4706,97,36,1147150,1730050,35.555534,129.1235522
4707,98,36,1147250,1730050,35.5555192,129.1246552
4708,99,36,1147350,1730050,35.5555043,129.1257581
4709,100,36,1147450,1730050,35.5554894,129.126861
4710,101,36,1147550,1730050,35.5554745,129.127964
4711,102,36,1147650,1730050,35.5554596,129.1290669
4712,103,36,1147750,1730050,35.5554447,129.1301698
4713,104,36,1147850,1730050,35.5554298,129.1312728
4714,105,36,1147950,1730050,35.5554149,129.1323757
4715,106,36,1148050,1730050,35.5553999,129.1334786
4716,107,36,1148150,1730050,35.555385,129.1345815
4717,108,36,1148250,1730050,35.55537,129.1356845
4718,109,36,1148350,1730050,35.5553551,129.1367874
4719,110,36,1148450,1730050,35.5553401,129.1378903
4720,111,36,1148550,1730050,35.5553251,129.1389932
4721,112,36,1148650,1730050,35.5553101,129.1400962
4722,113,36,1148750,1730050,35.5552951,129.1411991
4723,114,36,1148850,1730050,35.5552801,129.142302
4724,115,36,1148950,1730050,35.555265,129.1434049
4725,116,36,1149050,1730050,35.55525,129.1445079
4726,117,36,1149150,1730050,35.5552349,129.1456108
4727,118,36,1149250,1730050,35.5552199,129.1467137
4728,119,36,1149350,1730050,35.5552048,129.1478166
4729,120,36,1149450,1730050,35.5551897,129.1489195
4730,121,36,1149550,1730050,35.5551746,129.1500224
4731,122,36,1149650,1730050,35.5551595,129.1511254
4732,123,36,1149750,1730050,35.5551444,129.1522283
4733,124,36,1149850,1730050,35.5551293,129.1533312
4734,125,36,1149950,1730050,35.5551142,129.1544341
4735,126,36,1150050,1730050,35.555099,129.155537
4736,127,36,1150150,1730050,35.5550839,129.1566399
4737,127,37,1150150,1730150,35.5559851,129.1566585
4738,126,37,1150050,1730150,35.5560003,129.1555556
4739,125,37,1149950,1730150,35.5560154,129.1544526
4740,124,37,1149850,1730150,35.5560306,129.1533497
4741,123,37,1149750,1730150,35.5560457,129.1522468
4742,122,37,1149650,1730150,35.5560608,129.1511439
4743,121,37,1149550,1730150,35.5560759,129.1500409
4744,120,37,1149450,1730150,35.556091,129.148938
4745,119,37,1149350,1730150,35.5561061,129.1478351
4746,118,37,1149250,1730150,35.5561212,129.1467321
4747,117,37,1149150,1730150,35.5561362,129.1456292
4748,116,37,1149050,1730150,35.5561513,129.1445263
4749,115,37,1148950,1730150,35.5561663,129.1434233
4750,114,37,1148850,1730150,35.5561813,129.1423204
4751,113,37,1148750,1730150,35.5561964,129.1412175
4752,112,37,1148650,1730150,35.5562114,129.1401145
4753,111,37,1148550,1730150,35.5562264,129.1390116
4754,110,37,1148450,1730150,35.5562414,129.1379087
4755,109,37,1148350,1730150,35.5562564,129.1368057
4756,108,37,1148250,1730150,35.5562713,129.1357028
4757,107,37,1148150,1730150,35.5562863,129.1345998
4758,106,37,1148050,1730150,35.5563012,129.1334969
4759,105,37,1147950,1730150,35.5563162,129.132394
4760,104,37,1147850,1730150,35.5563311,129.131291
4761,103,37,1147750,1730150,35.556346,129.1301881
4762,102,37,1147650,1730150,35.5563609,129.1290851
4763,101,37,1147550,1730150,35.5563758,129.1279822
4764,100,37,1147450,1730150,35.5563907,129.1268793
4765,99,37,1147350,1730150,35.5564056,129.1257763
4766,98,37,1147250,1730150,35.5564205,129.1246734
4767,97,37,1147150,1730150,35.5564353,129.1235704
4768,96,37,1147050,1730150,35.5564502,129.1224675
4769,95,37,1146950,1730150,35.556465,129.1213645
4770,94,37,1146850,1730150,35.5564799,129.1202616
4771,93,37,1146750,1730150,35.5564947,129.1191586
4772,92,37,1146650,1730150,35.5565095,129.1180557
4773,91,37,1146550,1730150,35.5565243,129.1169527
4774,90,37,1146450,1730150,35.5565391,129.1158498
4775,89,37,1146350,1730150,35.5565539,129.1147468
4776,88,37,1146250,1730150,35.5565686,129.1136438
4777,87,37,1146150,1730150,35.5565834,129.1125409
4778,86,37,1146050,1730150,35.5565981,129.1114379
4779,85,37,1145950,1730150,35.5566129,129.110335
4780,84,37,1145850,1730150,35.5566276,129.109232
4781,83,37,1145750,1730150,35.5566423,129.1081291
4782,82,37,1145650,1730150,35.556657,129.1070261
4783,81,37,1145550,1730150,35.5566717,129.1059231
4784,80,37,1145450,1730150,35.5566864,129.1048202
4785,79,37,1145350,1730150,35.5567011,129.1037172
4786,78,37,1145250,1730150,35.5567158,129.1026143
4787,77,37,1145150,1730150,35.5567304,129.1015113
4788,76,37,1145050,1730150,35.5567451,129.1004083
4789,75,37,1144950,1730150,35.5567597,129.0993054
4790,74,37,1144850,1730150,35.5567744,129.0982024
4791,73,37,1144750,1730150,35.556789,129.0970994
4792,72,37,1144650,1730150,35.5568036,129.0959965
4793,71,37,1144550,1730150,35.5568182,129.0948935
4794,70,37,1144450,1730150,35.5568328,129.0937905
4795,69,37,1144350,1730150,35.5568473,129.0926876
4796,68,37,1144250,1730150,35.5568619,129.0915846
4797,67,37,1144150,1730150,35.5568765,129.0904816
4798,66,37,1144050,1730150,35.556891,129.0893786
4799,65,37,1143950,1730150,35.5569056,129.0882757
4800,64,37,1143850,1730150,35.5569201,129.0871727
4801,63,37,1143750,1730150,35.5569346,129.0860697
4802,62,37,1143650,1730150,35.5569491,129.0849667
4803,61,37,1143550,1730150,35.5569636,129.0838638
4804,60,37,1143450,1730150,35.5569781,129.0827608
4805,59,37,1143350,1730150,35.5569926,129.0816578
4806,58,37,1143250,1730150,35.557007,129.0805548
4807,57,37,1143150,1730150,35.5570215,129.0794519
4808,56,37,1143050,1730150,35.5570359,129.0783489
4809,55,37,1142950,1730150,35.5570504,129.0772459
4810,54,37,1142850,1730150,35.5570648,129.0761429
4811,53,37,1142750,1730150,35.5570792,129.0750399
4812,52,37,1142650,1730150,35.5570936,129.073937
4813,51,37,1142550,1730150,35.557108,129.072834
4814,50,37,1142450,1730150,35.5571224,129.071731
4815,49,37,1142350,1730150,35.5571368,129.070628
4816,48,37,1142250,1730150,35.5571512,129.069525
4817,47,37,1142150,1730150,35.5571655,129.068422
4818,46,37,1142050,1730150,35.5571799,129.067319
4819,45,37,1141950,1730150,35.5571942,129.066216
4820,44,37,1141850,1730150,35.5572085,129.0651131
4821,43,37,1141750,1730150,35.5572228,129.0640101
4822,42,37,1141650,1730150,35.5572371,129.0629071
4823,41,37,1141550,1730150,35.5572514,129.0618041
4824,40,37,1141450,1730150,35.5572657,129.0607011
4825,39,37,1141350,1730150,35.55728,129.0595981
4826,38,37,1141250,1730150,35.5572943,129.0584951
4827,37,37,1141150,1730150,35.5573085,129.0573921
4828,36,37,1141050,1730150,35.5573228,129.0562891
4829,35,37,1140950,1730150,35.557337,129.0551861
4830,34,37,1140850,1730150,35.5573512,129.0540831
4831,33,37,1140750,1730150,35.5573654,129.0529801
4832,32,37,1140650,1730150,35.5573796,129.0518771
4833,31,37,1140550,1730150,35.5573938,129.0507741
4834,30,37,1140450,1730150,35.557408,129.0496711
4835,29,37,1140350,1730150,35.5574222,129.0485681
4836,28,37,1140250,1730150,35.5574364,129.0474651
4837,27,37,1140150,1730150,35.5574505,129.0463621
4838,26,37,1140050,1730150,35.5574647,129.0452591
4839,25,37,1139950,1730150,35.5574788,129.0441561
4840,24,37,1139850,1730150,35.5574929,129.0430531
4841,23,37,1139750,1730150,35.557507,129.0419501
4842,22,37,1139650,1730150,35.5575211,129.0408471
4843,21,37,1139550,1730150,35.5575352,129.0397441
4844,20,37,1139450,1730150,35.5575493,129.0386411
4845,19,37,1139350,1730150,35.5575634,129.0375381
4846,18,37,1139250,1730150,35.5575775,129.0364351
4847,17,37,1139150,1730150,35.5575915,129.0353321
4848,16,37,1139050,1730150,35.5576056,129.034229
4849,15,37,1138950,1730150,35.5576196,129.033126
4850,14,37,1138850,1730150,35.5576336,129.032023
4851,13,37,1138750,1730150,35.5576476,129.03092
4852,12,37,1138650,1730150,35.5576616,129.029817
4853,11,37,1138550,1730150,35.5576756,129.028714
4854,10,37,1138450,1730150,35.5576896,129.027611
4855,9,37,1138350,1730150,35.5577036,129.0265079
4856,8,37,1138250,1730150,35.5577175,129.0254049
4857,7,37,1138150,1730150,35.5577315,129.0243019
4858,6,37,1138050,1730150,35.5577454,129.0231989
4859,5,37,1137950,1730150,35.5577594,129.0220959
4860,4,37,1137850,1730150,35.5577733,129.0209929
4861,3,37,1137750,1730150,35.5577872,129.0198898
4862,2,37,1137650,1730150,35.5578011,129.0187868
4863,1,37,1137550,1730150,35.557815,129.0176838
4864,0,37,1137450,1730150,35.5578289,129.0165808
4865,0,38,1137450,1730250,35.5587302,129.0165977
4866,1,38,1137550,1730250,35.5587163,129.0177008
4867,2,38,1137650,1730250,35.5587025,129.0188038
4868,3,38,1137750,1730250,35.5586885,129.0199069
4869,4,38,1137850,1730250,35.5586746,129.0210099
4870,5,38,1137950,1730250,35.5586607,129.0221129
4871,6,38,1138050,1730250,35.5586468,129.0232159
4872,7,38,1138150,1730250,35.5586328,129.024319
4873,8,38,1138250,1730250,35.5586189,129.025422
4874,9,38,1138350,1730250,35.5586049,129.026525
4875,10,38,1138450,1730250,35.5585909,129.0276281
4876,11,38,1138550,1730250,35.558577,129.0287311
4877,12,38,1138650,1730250,35.558563,129.0298341
4878,13,38,1138750,1730250,35.558549,129.0309371
4879,14,38,1138850,1730250,35.558535,129.0320402
4880,15,38,1138950,1730250,35.5585209,129.0331432
4881,16,38,1139050,1730250,35.5585069,129.0342462
4882,17,38,1139150,1730250,35.5584928,129.0353492
4883,18,38,1139250,1730250,35.5584788,129.0364523
4884,19,38,1139350,1730250,35.5584647,129.0375553
4885,20,38,1139450,1730250,35.5584507,129.0386583
4886,21,38,1139550,1730250,35.5584366,129.0397613
4887,22,38,1139650,1730250,35.5584225,129.0408644
4888,23,38,1139750,1730250,35.5584084,129.0419674
4889,24,38,1139850,1730250,35.5583943,129.0430704
4890,25,38,1139950,1730250,35.5583801,129.0441734
4891,26,38,1140050,1730250,35.558366,129.0452764
4892,27,38,1140150,1730250,35.5583519,129.0463794
4893,28,38,1140250,1730250,35.5583377,129.0474825
4894,29,38,1140350,1730250,35.5583235,129.0485855
4895,30,38,1140450,1730250,35.5583094,129.0496885
4896,31,38,1140550,1730250,35.5582952,129.0507915
4897,32,38,1140650,1730250,35.558281,129.0518945
4898,33,38,1140750,1730250,35.5582668,129.0529975
4899,34,38,1140850,1730250,35.5582526,129.0541005
4900,35,38,1140950,1730250,35.5582383,129.0552035
4901,36,38,1141050,1730250,35.5582241,129.0563065
4902,37,38,1141150,1730250,35.5582098,129.0574096
4903,38,38,1141250,1730250,35.5581956,129.0585126
4904,39,38,1141350,1730250,35.5581813,129.0596156
4905,40,38,1141450,1730250,35.558167,129.0607186
4906,41,38,1141550,1730250,35.5581528,129.0618216
4907,42,38,1141650,1730250,35.5581385,129.0629246
4908,43,38,1141750,1730250,35.5581242,129.0640276
4909,44,38,1141850,1730250,35.5581098,129.0651306
4910,45,38,1141950,1730250,35.5580955,129.0662336
4911,46,38,1142050,1730250,35.5580812,129.0673366
4912,47,38,1142150,1730250,35.5580668,129.0684396
4913,48,38,1142250,1730250,35.5580525,129.0695426
4914,49,38,1142350,1730250,35.5580381,129.0706456
4915,50,38,1142450,1730250,35.5580237,129.0717486
4916,51,38,1142550,1730250,35.5580093,129.0728516
4917,52,38,1142650,1730250,35.5579949,129.0739546
4918,53,38,1142750,1730250,35.5579805,129.0750576
4919,54,38,1142850,1730250,35.5579661,129.0761606
4920,55,38,1142950,1730250,35.5579517,129.0772636
4921,56,38,1143050,1730250,35.5579373,129.0783666
4922,57,38,1143150,1730250,35.5579228,129.0794695
4923,58,38,1143250,1730250,35.5579084,129.0805725
4924,59,38,1143350,1730250,35.5578939,129.0816755
4925,60,38,1143450,1730250,35.5578794,129.0827785
4926,61,38,1143550,1730250,35.5578649,129.0838815
4927,62,38,1143650,1730250,35.5578504,129.0849845
4928,63,38,1143750,1730250,35.5578359,129.0860875
4929,64,38,1143850,1730250,35.5578214,129.0871905
4930,65,38,1143950,1730250,35.5578069,129.0882935
4931,66,38,1144050,1730250,35.5577923,129.0893964
4932,67,38,1144150,1730250,35.5577778,129.0904994
4933,68,38,1144250,1730250,35.5577632,129.0916024
4934,69,38,1144350,1730250,35.5577487,129.0927054
4935,70,38,1144450,1730250,35.5577341,129.0938084
4936,71,38,1144550,1730250,35.5577195,129.0949114
4937,72,38,1144650,1730250,35.5577049,129.0960143
4938,73,38,1144750,1730250,35.5576903,129.0971173
4939,74,38,1144850,1730250,35.5576757,129.0982203
4940,75,38,1144950,1730250,35.557661,129.0993233
4941,76,38,1145050,1730250,35.5576464,129.1004263
4942,77,38,1145150,1730250,35.5576317,129.1015292
4943,78,38,1145250,1730250,35.5576171,129.1026322
4944,79,38,1145350,1730250,35.5576024,129.1037352
4945,80,38,1145450,1730250,35.5575877,129.1048382
4946,81,38,1145550,1730250,35.557573,129.1059411
4947,82,38,1145650,1730250,35.5575583,129.1070441
4948,83,38,1145750,1730250,35.5575436,129.1081471
4949,84,38,1145850,1730250,35.5575289,129.10925
4950,85,38,1145950,1730250,35.5575142,129.110353
4951,86,38,1146050,1730250,35.5574994,129.111456
4952,87,38,1146150,1730250,35.5574847,129.1125589
4953,88,38,1146250,1730250,35.5574699,129.1136619
4954,89,38,1146350,1730250,35.5574552,129.1147649
4955,90,38,1146450,1730250,35.5574404,129.1158679
4956,91,38,1146550,1730250,35.5574256,129.1169708
4957,92,38,1146650,1730250,35.5574108,129.1180738
4958,93,38,1146750,1730250,35.557396,129.1191767
4959,94,38,1146850,1730250,35.5573812,129.1202797
4960,95,38,1146950,1730250,35.5573663,129.1213827
4961,96,38,1147050,1730250,35.5573515,129.1224856
4962,97,38,1147150,1730250,35.5573366,129.1235886
4963,98,38,1147250,1730250,35.5573218,129.1246916
4964,99,38,1147350,1730250,35.5573069,129.1257945
4965,100,38,1147450,1730250,35.557292,129.1268975
4966,101,38,1147550,1730250,35.5572771,129.1280004
4967,102,38,1147650,1730250,35.5572622,129.1291034
4968,103,38,1147750,1730250,35.5572473,129.1302063
4969,104,38,1147850,1730250,35.5572324,129.1313093
4970,105,38,1147950,1730250,35.5572175,129.1324122
4971,106,38,1148050,1730250,35.5572025,129.1335152
4972,107,38,1148150,1730250,35.5571876,129.1346182
4973,108,38,1148250,1730250,35.5571726,129.1357211
4974,109,38,1148350,1730250,35.5571576,129.1368241
4975,110,38,1148450,1730250,35.5571427,129.137927
4976,111,38,1148550,1730250,35.5571277,129.13903
4977,112,38,1148650,1730250,35.5571127,129.1401329
4978,113,38,1148750,1730250,35.5570977,129.1412358
4979,114,38,1148850,1730250,35.5570826,129.1423388
4980,115,38,1148950,1730250,35.5570676,129.1434417
4981,116,38,1149050,1730250,35.5570526,129.1445447
4982,117,38,1149150,1730250,35.5570375,129.1456476
4983,118,38,1149250,1730250,35.5570224,129.1467506
4984,119,38,1149350,1730250,35.5570074,129.1478535
4985,120,38,1149450,1730250,35.5569923,129.1489565
4986,121,38,1149550,1730250,35.5569772,129.1500594
4987,122,38,1149650,1730250,35.5569621,129.1511623
4988,123,38,1149750,1730250,35.556947,129.1522653
4989,124,38,1149850,1730250,35.5569319,129.1533682
4990,125,38,1149950,1730250,35.5569167,129.1544712
4991,126,38,1150050,1730250,35.5569016,129.1555741
4992,127,38,1150150,1730250,35.5568864,129.156677
4993,127,39,1150150,1730350,35.5577877,129.1566956
4994,126,39,1150050,1730350,35.5578029,129.1555926
4995,125,39,1149950,1730350,35.557818,129.1544897
4996,124,39,1149850,1730350,35.5578331,129.1533867
4997,123,39,1149750,1730350,35.5578483,129.1522838
4998,122,39,1149650,1730350,35.5578634,129.1511808
4999,121,39,1149550,1730350,35.5578785,129.1500779
5000,120,39,1149450,1730350,35.5578936,129.1489749
5001,119,39,1149350,1730350,35.5579087,129.147872
5002,118,39,1149250,1730350,35.5579237,129.146769
5003,117,39,1149150,1730350,35.5579388,129.1456661
5004,116,39,1149050,1730350,35.5579538,129.1445631
5005,115,39,1148950,1730350,35.5579689,129.1434601
5006,114,39,1148850,1730350,35.5579839,129.1423572
5007,113,39,1148750,1730350,35.5579989,129.1412542
5008,112,39,1148650,1730350,35.558014,129.1401513
5009,111,39,1148550,1730350,35.558029,129.1390483
5010,110,39,1148450,1730350,35.558044,129.1379453
5011,109,39,1148350,1730350,35.5580589,129.1368424
5012,108,39,1148250,1730350,35.5580739,129.1357394
5013,107,39,1148150,1730350,35.5580889,129.1346365
5014,106,39,1148050,1730350,35.5581038,129.1335335
5015,105,39,1147950,1730350,35.5581188,129.1324305
5016,104,39,1147850,1730350,35.5581337,129.1313276
5017,103,39,1147750,1730350,35.5581486,129.1302246
5018,102,39,1147650,1730350,35.5581635,129.1291216
5019,101,39,1147550,1730350,35.5581784,129.1280187
5020,100,39,1147450,1730350,35.5581933,129.1269157
5021,99,39,1147350,1730350,35.5582082,129.1258127
5022,98,39,1147250,1730350,35.5582231,129.1247097
5023,97,39,1147150,1730350,35.5582379,129.1236068
5024,96,39,1147050,1730350,35.5582528,129.1225038
5025,95,39,1146950,1730350,35.5582676,129.1214008
5026,94,39,1146850,1730350,35.5582825,129.1202979
5027,93,39,1146750,1730350,35.5582973,129.1191949
5028,92,39,1146650,1730350,35.5583121,129.1180919
5029,91,39,1146550,1730350,35.5583269,129.1169889
5030,90,39,1146450,1730350,35.5583417,129.1158859
5031,89,39,1146350,1730350,35.5583565,129.114783
5032,88,39,1146250,1730350,35.5583712,129.11368
5033,87,39,1146150,1730350,35.558386,129.112577
5034,86,39,1146050,1730350,35.5584007,129.111474
5035,85,39,1145950,1730350,35.5584155,129.110371
5036,84,39,1145850,1730350,35.5584302,129.1092681
5037,83,39,1145750,1730350,35.5584449,129.1081651
5038,82,39,1145650,1730350,35.5584597,129.1070621
5039,81,39,1145550,1730350,35.5584744,129.1059591
5040,80,39,1145450,1730350,35.558489,129.1048561
5041,79,39,1145350,1730350,35.5585037,129.1037531
5042,78,39,1145250,1730350,35.5585184,129.1026502
5043,77,39,1145150,1730350,35.5585331,129.1015472
5044,76,39,1145050,1730350,35.5585477,129.1004442
5045,75,39,1144950,1730350,35.5585623,129.0993412
5046,74,39,1144850,1730350,35.558577,129.0982382
5047,73,39,1144750,1730350,35.5585916,129.0971352
5048,72,39,1144650,1730350,35.5586062,129.0960322
5049,71,39,1144550,1730350,35.5586208,129.0949292
5050,70,39,1144450,1730350,35.5586354,129.0938262
5051,69,39,1144350,1730350,35.55865,129.0927232
5052,68,39,1144250,1730350,35.5586645,129.0916202
5053,67,39,1144150,1730350,35.5586791,129.0905172
5054,66,39,1144050,1730350,35.5586936,129.0894142
5055,65,39,1143950,1730350,35.5587082,129.0883112
5056,64,39,1143850,1730350,35.5587227,129.0872082
5057,63,39,1143750,1730350,35.5587372,129.0861052
5058,62,39,1143650,1730350,35.5587517,129.0850022
5059,61,39,1143550,1730350,35.5587662,129.0838992
5060,60,39,1143450,1730350,35.5587807,129.0827962
5061,59,39,1143350,1730350,35.5587952,129.0816932
5062,58,39,1143250,1730350,35.5588097,129.0805902
5063,57,39,1143150,1730350,35.5588241,129.0794872
5064,56,39,1143050,1730350,35.5588386,129.0783842
5065,55,39,1142950,1730350,35.558853,129.0772812
5066,54,39,1142850,1730350,35.5588674,129.0761782
5067,53,39,1142750,1730350,35.5588819,129.0750752
5068,52,39,1142650,1730350,35.5588963,129.0739722
5069,51,39,1142550,1730350,35.5589107,129.0728692
5070,50,39,1142450,1730350,35.5589251,129.0717662
5071,49,39,1142350,1730350,35.5589394,129.0706632
5072,48,39,1142250,1730350,35.5589538,129.0695602
5073,47,39,1142150,1730350,35.5589682,129.0684572
5074,46,39,1142050,1730350,35.5589825,129.0673541
5075,45,39,1141950,1730350,35.5589968,129.0662511
5076,44,39,1141850,1730350,35.5590112,129.0651481
5077,43,39,1141750,1730350,35.5590255,129.0640451
5078,42,39,1141650,1730350,35.5590398,129.0629421
5079,41,39,1141550,1730350,35.5590541,129.0618391
5080,40,39,1141450,1730350,35.5590684,129.060736
5081,39,39,1141350,1730350,35.5590827,129.059633
5082,38,39,1141250,1730350,35.5590969,129.05853
5083,37,39,1141150,1730350,35.5591112,129.057427
5084,36,39,1141050,1730350,35.5591254,129.056324
5085,35,39,1140950,1730350,35.5591397,129.055221
5086,34,39,1140850,1730350,35.5591539,129.0541179
5087,33,39,1140750,1730350,35.5591681,129.0530149
5088,32,39,1140650,1730350,35.5591823,129.0519119
5089,31,39,1140550,1730350,35.5591965,129.0508089
5090,30,39,1140450,1730350,35.5592107,129.0497058
5091,29,39,1140350,1730350,35.5592249,129.0486028
5092,28,39,1140250,1730350,35.559239,129.0474998
5093,27,39,1140150,1730350,35.5592532,129.0463968
5094,26,39,1140050,1730350,35.5592673,129.0452937
5095,25,39,1139950,1730350,35.5592815,129.0441907
5096,24,39,1139850,1730350,35.5592956,129.0430877
5097,23,39,1139750,1730350,35.5593097,129.0419846
5098,22,39,1139650,1730350,35.5593238,129.0408816
5099,21,39,1139550,1730350,35.5593379,129.0397786
5100,20,39,1139450,1730350,35.559352,129.0386755
5101,19,39,1139350,1730350,35.5593661,129.0375725
5102,18,39,1139250,1730350,35.5593801,129.0364695
5103,17,39,1139150,1730350,35.5593942,129.0353664
5104,16,39,1139050,1730350,35.5594082,129.0342634
5105,15,39,1138950,1730350,35.5594223,129.0331604
5106,14,39,1138850,1730350,35.5594363,129.0320573
5107,13,39,1138750,1730350,35.5594503,129.0309543
5108,12,39,1138650,1730350,35.5594643,129.0298513
5109,11,39,1138550,1730350,35.5594783,129.0287482
5110,10,39,1138450,1730350,35.5594923,129.0276452
5111,9,39,1138350,1730350,35.5595063,129.0265421
5112,8,39,1138250,1730350,35.5595202,129.0254391
5113,7,39,1138150,1730350,35.5595342,129.0243361
5114,6,39,1138050,1730350,35.5595481,129.023233
5115,5,39,1137950,1730350,35.5595621,129.02213
5116,4,39,1137850,1730350,35.559576,129.0210269
5117,3,39,1137750,1730350,35.5595899,129.0199239
5118,2,39,1137650,1730350,35.5596038,129.0188208
5119,1,39,1137550,1730350,35.5596177,129.0177178
5120,0,39,1137450,1730350,35.5596316,129.0166147
5121,0,40,1137450,1730450,35.5605329,129.0166317
5122,1,40,1137550,1730450,35.560519,129.0177348
5123,2,40,1137650,1730450,35.5605051,129.0188378
5124,3,40,1137750,1730450,35.5604912,129.0199409
5125,4,40,1137850,1730450,35.5604773,129.021044
5126,5,40,1137950,1730450,35.5604634,129.022147
5127,6,40,1138050,1730450,35.5604495,129.0232501
5128,7,40,1138150,1730450,35.5604355,129.0243531
5129,8,40,1138250,1730450,35.5604216,129.0254562
5130,9,40,1138350,1730450,35.5604076,129.0265592
5131,10,40,1138450,1730450,35.5603936,129.0276623
5132,11,40,1138550,1730450,35.5603796,129.0287653
5133,12,40,1138650,1730450,35.5603656,129.0298684
5134,13,40,1138750,1730450,35.5603516,129.0309714
5135,14,40,1138850,1730450,35.5603376,129.0320745
5136,15,40,1138950,1730450,35.5603236,129.0331775
5137,16,40,1139050,1730450,35.5603096,129.0342806
5138,17,40,1139150,1730450,35.5602955,129.0353836
5139,18,40,1139250,1730450,35.5602815,129.0364867
5140,19,40,1139350,1730450,35.5602674,129.0375897
5141,20,40,1139450,1730450,35.5602533,129.0386928
5142,21,40,1139550,1730450,35.5602392,129.0397958
5143,22,40,1139650,1730450,35.5602251,129.0408989
5144,23,40,1139750,1730450,35.560211,129.0420019
5145,24,40,1139850,1730450,35.5601969,129.0431049
5146,25,40,1139950,1730450,35.5601828,129.044208
5147,26,40,1140050,1730450,35.5601687,129.045311
5148,27,40,1140150,1730450,35.5601545,129.0464141
5149,28,40,1140250,1730450,35.5601404,129.0475171
5150,29,40,1140350,1730450,35.5601262,129.0486202
5151,30,40,1140450,1730450,35.560112,129.0497232
5152,31,40,1140550,1730450,35.5600978,129.0508262
5153,32,40,1140650,1730450,35.5600836,129.0519293
5154,33,40,1140750,1730450,35.5600694,129.0530323
5155,34,40,1140850,1730450,35.5600552,129.0541353
5156,35,40,1140950,1730450,35.560041,129.0552384
5157,36,40,1141050,1730450,35.5600267,129.0563414
5158,37,40,1141150,1730450,35.5600125,129.0574444
5159,38,40,1141250,1730450,35.5599982,129.0585475
5160,39,40,1141350,1730450,35.559984,129.0596505
5161,40,40,1141450,1730450,35.5599697,129.0607535
5162,41,40,1141550,1730450,35.5599554,129.0618566
5163,42,40,1141650,1730450,35.5599411,129.0629596
5164,43,40,1141750,1730450,35.5599268,129.0640626
5165,44,40,1141850,1730450,35.5599125,129.0651656
5166,45,40,1141950,1730450,35.5598982,129.0662687
5167,46,40,1142050,1730450,35.5598838,129.0673717
5168,47,40,1142150,1730450,35.5598695,129.0684747
5169,48,40,1142250,1730450,35.5598551,129.0695777
5170,49,40,1142350,1730450,35.5598408,129.0706808
5171,50,40,1142450,1730450,35.5598264,129.0717838
5172,51,40,1142550,1730450,35.559812,129.0728868
5173,52,40,1142650,1730450,35.5597976,129.0739898
5174,53,40,1142750,1730450,35.5597832,129.0750928
5175,54,40,1142850,1730450,35.5597688,129.0761959
5176,55,40,1142950,1730450,35.5597543,129.0772989
5177,56,40,1143050,1730450,35.5597399,129.0784019
5178,57,40,1143150,1730450,35.5597254,129.0795049
5179,58,40,1143250,1730450,35.559711,129.0806079
5180,59,40,1143350,1730450,35.5596965,129.081711
5181,60,40,1143450,1730450,35.559682,129.082814
5182,61,40,1143550,1730450,35.5596676,129.083917
5183,62,40,1143650,1730450,35.5596531,129.08502
5184,63,40,1143750,1730450,35.5596385,129.086123
5185,64,40,1143850,1730450,35.559624,129.087226
5186,65,40,1143950,1730450,35.5596095,129.088329
5187,66,40,1144050,1730450,35.559595,129.089432
5188,67,40,1144150,1730450,35.5595804,129.090535
5189,68,40,1144250,1730450,35.5595658,129.0916381
5190,69,40,1144350,1730450,35.5595513,129.0927411
5191,70,40,1144450,1730450,35.5595367,129.0938441
5192,71,40,1144550,1730450,35.5595221,129.0949471
5193,72,40,1144650,1730450,35.5595075,129.0960501
5194,73,40,1144750,1730450,35.5594929,129.0971531
5195,74,40,1144850,1730450,35.5594783,129.0982561
5196,75,40,1144950,1730450,35.5594636,129.0993591
5197,76,40,1145050,1730450,35.559449,129.1004621
5198,77,40,1145150,1730450,35.5594344,129.1015651
5199,78,40,1145250,1730450,35.5594197,129.1026681
5200,79,40,1145350,1730450,35.559405,129.1037711
5201,80,40,1145450,1730450,35.5593903,129.1048741
5202,81,40,1145550,1730450,35.5593757,129.1059771
5203,82,40,1145650,1730450,35.559361,129.1070801
5204,83,40,1145750,1730450,35.5593462,129.1081831
5205,84,40,1145850,1730450,35.5593315,129.1092861
5206,85,40,1145950,1730450,35.5593168,129.1103891
5207,86,40,1146050,1730450,35.5593021,129.1114921
5208,87,40,1146150,1730450,35.5592873,129.1125951
5209,88,40,1146250,1730450,35.5592725,129.1136981
5210,89,40,1146350,1730450,35.5592578,129.114801
5211,90,40,1146450,1730450,35.559243,129.115904
5212,91,40,1146550,1730450,35.5592282,129.117007
5213,92,40,1146650,1730450,35.5592134,129.11811
5214,93,40,1146750,1730450,35.5591986,129.119213
5215,94,40,1146850,1730450,35.5591838,129.120316
5216,95,40,1146950,1730450,35.5591689,129.121419
5217,96,40,1147050,1730450,35.5591541,129.122522
5218,97,40,1147150,1730450,35.5591392,129.123625
5219,98,40,1147250,1730450,35.5591244,129.1247279
5220,99,40,1147350,1730450,35.5591095,129.1258309
5221,100,40,1147450,1730450,35.5590946,129.1269339
5222,101,40,1147550,1730450,35.5590797,129.1280369
5223,102,40,1147650,1730450,35.5590648,129.1291399
5224,103,40,1147750,1730450,35.5590499,129.1302428
5225,104,40,1147850,1730450,35.559035,129.1313458
5226,105,40,1147950,1730450,35.5590201,129.1324488
5227,106,40,1148050,1730450,35.5590051,129.1335518
5228,107,40,1148150,1730450,35.5589902,129.1346548
5229,108,40,1148250,1730450,35.5589752,129.1357577
5230,109,40,1148350,1730450,35.5589602,129.1368607
5231,110,40,1148450,1730450,35.5589452,129.1379637
5232,111,40,1148550,1730450,35.5589302,129.1390667
5233,112,40,1148650,1730450,35.5589152,129.1401696
5234,113,40,1148750,1730450,35.5589002,129.1412726
5235,114,40,1148850,1730450,35.5588852,129.1423756
5236,115,40,1148950,1730450,35.5588702,129.1434785
5237,116,40,1149050,1730450,35.5588551,129.1445815
5238,117,40,1149150,1730450,35.5588401,129.1456845
5239,118,40,1149250,1730450,35.558825,129.1467875
5240,119,40,1149350,1730450,35.5588099,129.1478904
5241,120,40,1149450,1730450,35.5587949,129.1489934
5242,121,40,1149550,1730450,35.5587798,129.1500964
5243,122,40,1149650,1730450,35.5587647,129.1511993
5244,123,40,1149750,1730450,35.5587495,129.1523023
5245,124,40,1149850,1730450,35.5587344,129.1534052
5246,125,40,1149950,1730450,35.5587193,129.1545082
5247,126,40,1150050,1730450,35.5587041,129.1556112
5248,127,40,1150150,1730450,35.558689,129.1567141
5249,127,41,1150150,1730550,35.5595903,129.1567327
5250,126,41,1150050,1730550,35.5596054,129.1556297
5251,125,41,1149950,1730550,35.5596206,129.1545267
5252,124,41,1149850,1730550,35.5596357,129.1534238
5253,123,41,1149750,1730550,35.5596508,129.1523208
5254,122,41,1149650,1730550,35.5596659,129.1512178
5255,121,41,1149550,1730550,35.559681,129.1501148
5256,120,41,1149450,1730550,35.5596961,129.1490119
5257,119,41,1149350,1730550,35.5597112,129.1479089
5258,118,41,1149250,1730550,35.5597263,129.1468059
5259,117,41,1149150,1730550,35.5597414,129.1457029
5260,116,41,1149050,1730550,35.5597564,129.1445999
5261,115,41,1148950,1730550,35.5597715,129.143497
5262,114,41,1148850,1730550,35.5597865,129.142394
5263,113,41,1148750,1730550,35.5598015,129.141291
5264,112,41,1148650,1730550,35.5598165,129.140188
5265,111,41,1148550,1730550,35.5598315,129.139085
5266,110,41,1148450,1730550,35.5598465,129.137982
5267,109,41,1148350,1730550,35.5598615,129.136879
5268,108,41,1148250,1730550,35.5598765,129.1357761
5269,107,41,1148150,1730550,35.5598915,129.1346731
5270,106,41,1148050,1730550,35.5599064,129.1335701
5271,105,41,1147950,1730550,35.5599214,129.1324671
5272,104,41,1147850,1730550,35.5599363,129.1313641
5273,103,41,1147750,1730550,35.5599512,129.1302611
5274,102,41,1147650,1730550,35.5599661,129.1291581
5275,101,41,1147550,1730550,35.559981,129.1280551
5276,100,41,1147450,1730550,35.5599959,129.1269521
5277,99,41,1147350,1730550,35.5600108,129.1258491
5278,98,41,1147250,1730550,35.5600257,129.1247461
5279,97,41,1147150,1730550,35.5600405,129.1236431
5280,96,41,1147050,1730550,35.5600554,129.1225401
5281,95,41,1146950,1730550,35.5600702,129.1214371
5282,94,41,1146850,1730550,35.5600851,129.1203341
5283,93,41,1146750,1730550,35.5600999,129.1192311
5284,92,41,1146650,1730550,35.5601147,129.1181281
5285,91,41,1146550,1730550,35.5601295,129.1170251
5286,90,41,1146450,1730550,35.5601443,129.1159221
5287,89,41,1146350,1730550,35.5601591,129.1148191
5288,88,41,1146250,1730550,35.5601738,129.1137161
5289,87,41,1146150,1730550,35.5601886,129.1126131
5290,86,41,1146050,1730550,35.5602034,129.1115101
5291,85,41,1145950,1730550,35.5602181,129.1104071
5292,84,41,1145850,1730550,35.5602328,129.1093041
5293,83,41,1145750,1730550,35.5602475,129.1082011
5294,82,41,1145650,1730550,35.5602623,129.1070981
5295,81,41,1145550,1730550,35.560277,129.1059951
5296,80,41,1145450,1730550,35.5602917,129.1048921
5297,79,41,1145350,1730550,35.5603063,129.1037891
5298,78,41,1145250,1730550,35.560321,129.102686
5299,77,41,1145150,1730550,35.5603357,129.101583
5300,76,41,1145050,1730550,35.5603503,129.10048
5301,75,41,1144950,1730550,35.560365,129.099377
5302,74,41,1144850,1730550,35.5603796,129.098274
5303,73,41,1144750,1730550,35.5603942,129.097171
5304,72,41,1144650,1730550,35.5604088,129.096068
5305,71,41,1144550,1730550,35.5604234,129.0949649
5306,70,41,1144450,1730550,35.560438,129.0938619
5307,69,41,1144350,1730550,35.5604526,129.0927589
5308,68,41,1144250,1730550,35.5604672,129.0916559
5309,67,41,1144150,1730550,35.5604817,129.0905529
5310,66,41,1144050,1730550,35.5604963,129.0894498
5311,65,41,1143950,1730550,35.5605108,129.0883468
5312,64,41,1143850,1730550,35.5605253,129.0872438
5313,63,41,1143750,1730550,35.5605399,129.0861408
5314,62,41,1143650,1730550,35.5605544,129.0850377
5315,61,41,1143550,1730550,35.5605689,129.0839347
5316,60,41,1143450,1730550,35.5605834,129.0828317
5317,59,41,1143350,1730550,35.5605978,129.0817287
5318,58,41,1143250,1730550,35.5606123,129.0806256
5319,57,41,1143150,1730550,35.5606268,129.0795226
5320,56,41,1143050,1730550,35.5606412,129.0784196
5321,55,41,1142950,1730550,35.5606557,129.0773166
5322,54,41,1142850,1730550,35.5606701,129.0762135
5323,53,41,1142750,1730550,35.5606845,129.0751105
5324,52,41,1142650,1730550,35.5606989,129.0740075
5325,51,41,1142550,1730550,35.5607133,129.0729044
5326,50,41,1142450,1730550,35.5607277,129.0718014
5327,49,41,1142350,1730550,35.5607421,129.0706984
5328,48,41,1142250,1730550,35.5607564,129.0695953
5329,47,41,1142150,1730550,35.5607708,129.0684923
5330,46,41,1142050,1730550,35.5607851,129.0673892
5331,45,41,1141950,1730550,35.5607995,129.0662862
5332,44,41,1141850,1730550,35.5608138,129.0651832
5333,43,41,1141750,1730550,35.5608281,129.0640801
5334,42,41,1141650,1730550,35.5608424,129.0629771
5335,41,41,1141550,1730550,35.5608567,129.061874
5336,40,41,1141450,1730550,35.560871,129.060771
5337,39,41,1141350,1730550,35.5608853,129.059668
5338,38,41,1141250,1730550,35.5608996,129.0585649
5339,37,41,1141150,1730550,35.5609138,129.0574619
5340,36,41,1141050,1730550,35.5609281,129.0563588
5341,35,41,1140950,1730550,35.5609423,129.0552558
5342,34,41,1140850,1730550,35.5609565,129.0541527
5343,33,41,1140750,1730550,35.5609708,129.0530497
5344,32,41,1140650,1730550,35.560985,129.0519466
5345,31,41,1140550,1730550,35.5609992,129.0508436
5346,30,41,1140450,1730550,35.5610133,129.0497405
5347,29,41,1140350,1730550,35.5610275,129.0486375
5348,28,41,1140250,1730550,35.5610417,129.0475344
5349,27,41,1140150,1730550,35.5610558,129.0464314
5350,26,41,1140050,1730550,35.56107,129.0453283
5351,25,41,1139950,1730550,35.5610841,129.0442253
5352,24,41,1139850,1730550,35.5610983,129.0431222
5353,23,41,1139750,1730550,35.5611124,129.0420192
5354,22,41,1139650,1730550,35.5611265,129.0409161
5355,21,41,1139550,1730550,35.5611406,129.0398131
5356,20,41,1139450,1730550,35.5611547,129.03871
5357,19,41,1139350,1730550,35.5611687,129.0376069
5358,18,41,1139250,1730550,35.5611828,129.0365039
5359,17,41,1139150,1730550,35.5611969,129.0354008
5360,16,41,1139050,1730550,35.5612109,129.0342978
5361,15,41,1138950,1730550,35.5612249,129.0331947
5362,14,41,1138850,1730550,35.561239,129.0320916
5363,13,41,1138750,1730550,35.561253,129.0309886
5364,12,41,1138650,1730550,35.561267,129.0298855
5365,11,41,1138550,1730550,35.561281,129.0287825
5366,10,41,1138450,1730550,35.561295,129.0276794
5367,9,41,1138350,1730550,35.5613089,129.0265763
5368,8,41,1138250,1730550,35.5613229,129.0254733
5369,7,41,1138150,1730550,35.5613369,129.0243702
5370,6,41,1138050,1730550,35.5613508,129.0232671
5371,5,41,1137950,1730550,35.5613647,129.0221641
5372,4,41,1137850,1730550,35.5613787,129.021061
5373,3,41,1137750,1730550,35.5613926,129.0199579
5374,2,41,1137650,1730550,35.5614065,129.0188548
5375,1,41,1137550,1730550,35.5614204,129.0177518
5376,0,41,1137450,1730550,35.5614343,129.0166487
5377,0,42,1137450,1730650,35.5623356,129.0166657
5378,1,42,1137550,1730650,35.5623217,129.0177688
5379,2,42,1137650,1730650,35.5623078,129.0188719
5380,3,42,1137750,1730650,35.5622939,129.0199749
5381,4,42,1137850,1730650,35.56228,129.021078
5382,5,42,1137950,1730650,35.5622661,129.0221811
5383,6,42,1138050,1730650,35.5622521,129.0232842
5384,7,42,1138150,1730650,35.5622382,129.0243873
5385,8,42,1138250,1730650,35.5622242,129.0254903
5386,9,42,1138350,1730650,35.5622103,129.0265934
5387,10,42,1138450,1730650,35.5621963,129.0276965
5388,11,42,1138550,1730650,35.5621823,129.0287996
5389,12,42,1138650,1730650,35.5621683,129.0299027
5390,13,42,1138750,1730650,35.5621543,129.0310057
5391,14,42,1138850,1730650,35.5621403,129.0321088
5392,15,42,1138950,1730650,35.5621263,129.0332119
5393,16,42,1139050,1730650,35.5621122,129.034315
5394,17,42,1139150,1730650,35.5620982,129.035418
5395,18,42,1139250,1730650,35.5620841,129.0365211
5396,19,42,1139350,1730650,35.5620701,129.0376242
5397,20,42,1139450,1730650,35.562056,129.0387272
5398,21,42,1139550,1730650,35.5620419,129.0398303
5399,22,42,1139650,1730650,35.5620278,129.0409334
5400,23,42,1139750,1730650,35.5620137,129.0420364
5401,24,42,1139850,1730650,35.5619996,129.0431395
5402,25,42,1139950,1730650,35.5619855,129.0442426
5403,26,42,1140050,1730650,35.5619713,129.0453456
5404,27,42,1140150,1730650,35.5619572,129.0464487
5405,28,42,1140250,1730650,35.561943,129.0475518
5406,29,42,1140350,1730650,35.5619289,129.0486548
5407,30,42,1140450,1730650,35.5619147,129.0497579
5408,31,42,1140550,1730650,35.5619005,129.050861
5409,32,42,1140650,1730650,35.5618863,129.051964
5410,33,42,1140750,1730650,35.5618721,129.0530671
5411,34,42,1140850,1730650,35.5618579,129.0541701
5412,35,42,1140950,1730650,35.5618436,129.0552732
5413,36,42,1141050,1730650,35.5618294,129.0563763
5414,37,42,1141150,1730650,35.5618152,129.0574793
5415,38,42,1141250,1730650,35.5618009,129.0585824
5416,39,42,1141350,1730650,35.5617866,129.0596854
5417,40,42,1141450,1730650,35.5617723,129.0607885
5418,41,42,1141550,1730650,35.5617581,129.0618915
5419,42,42,1141650,1730650,35.5617438,129.0629946
5420,43,42,1141750,1730650,35.5617295,129.0640976
5421,44,42,1141850,1730650,35.5617151,129.0652007
5422,45,42,1141950,1730650,35.5617008,129.0663037
5423,46,42,1142050,1730650,35.5616865,129.0674068
5424,47,42,1142150,1730650,35.5616721,129.0685098
5425,48,42,1142250,1730650,35.5616578,129.0696129
5426,49,42,1142350,1730650,35.5616434,129.0707159
5427,50,42,1142450,1730650,35.561629,129.071819
5428,51,42,1142550,1730650,35.5616146,129.072922
5429,52,42,1142650,1730650,35.5616002,129.0740251
5430,53,42,1142750,1730650,35.5615858,129.0751281
5431,54,42,1142850,1730650,35.5615714,129.0762312
5432,55,42,1142950,1730650,35.561557,129.0773342
5433,56,42,1143050,1730650,35.5615425,129.0784373
5434,57,42,1143150,1730650,35.5615281,129.0795403
5435,58,42,1143250,1730650,35.5615136,129.0806433
5436,59,42,1143350,1730650,35.5614992,129.0817464
5437,60,42,1143450,1730650,35.5614847,129.0828494
5438,61,42,1143550,1730650,35.5614702,129.0839525
5439,62,42,1143650,1730650,35.5614557,129.0850555
5440,63,42,1143750,1730650,35.5614412,129.0861585
5441,64,42,1143850,1730650,35.5614267,129.0872616
5442,65,42,1143950,1730650,35.5614121,129.0883646
5443,66,42,1144050,1730650,35.5613976,129.0894676
5444,67,42,1144150,1730650,35.561383,129.0905707
5445,68,42,1144250,1730650,35.5613685,129.0916737
5446,69,42,1144350,1730650,35.5613539,129.0927767
5447,70,42,1144450,1730650,35.5613393,129.0938798
5448,71,42,1144550,1730650,35.5613247,129.0949828
5449,72,42,1144650,1730650,35.5613101,129.0960858
5450,73,42,1144750,1730650,35.5612955,129.0971889
5451,74,42,1144850,1730650,35.5612809,129.0982919
5452,75,42,1144950,1730650,35.5612663,129.0993949
5453,76,42,1145050,1730650,35.5612516,129.1004979
5454,77,42,1145150,1730650,35.561237,129.101601
5455,78,42,1145250,1730650,35.5612223,129.102704
5456,79,42,1145350,1730650,35.5612076,129.103807
5457,80,42,1145450,1730650,35.561193,129.10491
5458,81,42,1145550,1730650,35.5611783,129.1060131
5459,82,42,1145650,1730650,35.5611636,129.1071161
5460,83,42,1145750,1730650,35.5611489,129.1082191
5461,84,42,1145850,1730650,35.5611341,129.1093221
5462,85,42,1145950,1730650,35.5611194,129.1104251
5463,86,42,1146050,1730650,35.5611047,129.1115282
5464,87,42,1146150,1730650,35.5610899,129.1126312
5465,88,42,1146250,1730650,35.5610751,129.1137342
5466,89,42,1146350,1730650,35.5610604,129.1148372
5467,90,42,1146450,1730650,35.5610456,129.1159402
5468,91,42,1146550,1730650,35.5610308,129.1170432
5469,92,42,1146650,1730650,35.561016,129.1181463
5470,93,42,1146750,1730650,35.5610012,129.1192493
5471,94,42,1146850,1730650,35.5609864,129.1203523
5472,95,42,1146950,1730650,35.5609715,129.1214553
5473,96,42,1147050,1730650,35.5609567,129.1225583
5474,97,42,1147150,1730650,35.5609418,129.1236613
5475,98,42,1147250,1730650,35.560927,129.1247643
5476,99,42,1147350,1730650,35.5609121,129.1258673
5477,100,42,1147450,1730650,35.5608972,129.1269703
5478,101,42,1147550,1730650,35.5608823,129.1280733
5479,102,42,1147650,1730650,35.5608674,129.1291764
5480,103,42,1147750,1730650,35.5608525,129.1302794
5481,104,42,1147850,1730650,35.5608376,129.1313824
5482,105,42,1147950,1730650,35.5608226,129.1324854
5483,106,42,1148050,1730650,35.5608077,129.1335884
5484,107,42,1148150,1730650,35.5607927,129.1346914
5485,108,42,1148250,1730650,35.5607778,129.1357944
5486,109,42,1148350,1730650,35.5607628,129.1368974
5487,110,42,1148450,1730650,35.5607478,129.1380004
5488,111,42,1148550,1730650,35.5607328,129.1391034
5489,112,42,1148650,1730650,35.5607178,129.1402064
5490,113,42,1148750,1730650,35.5607028,129.1413094
5491,114,42,1148850,1730650,35.5606878,129.1424124
5492,115,42,1148950,1730650,35.5606728,129.1435154
5493,116,42,1149050,1730650,35.5606577,129.1446184
5494,117,42,1149150,1730650,35.5606427,129.1457213
5495,118,42,1149250,1730650,35.5606276,129.1468243
5496,119,42,1149350,1730650,35.5606125,129.1479273
5497,120,42,1149450,1730650,35.5605974,129.1490303
5498,121,42,1149550,1730650,35.5605823,129.1501333
5499,122,42,1149650,1730650,35.5605672,129.1512363
5500,123,42,1149750,1730650,35.5605521,129.1523393
5501,124,42,1149850,1730650,35.560537,129.1534423
5502,125,42,1149950,1730650,35.5605219,129.1545453
5503,126,42,1150050,1730650,35.5605067,129.1556482
5504,127,42,1150150,1730650,35.5604916,129.1567512
5505,127,43,1150150,1730750,35.5613928,129.1567698
5506,126,43,1150050,1730750,35.561408,129.1556668
5507,125,43,1149950,1730750,35.5614231,129.1545638
5508,124,43,1149850,1730750,35.5614383,129.1534608
5509,123,43,1149750,1730750,35.5614534,129.1523578
5510,122,43,1149650,1730750,35.5614685,129.1512548
5511,121,43,1149550,1730750,35.5614836,129.1501518
5512,120,43,1149450,1730750,35.5614987,129.1490488
5513,119,43,1149350,1730750,35.5615138,129.1479458
5514,118,43,1149250,1730750,35.5615289,129.1468428
5515,117,43,1149150,1730750,35.5615439,129.1457398
5516,116,43,1149050,1730750,35.561559,129.1446368
5517,115,43,1148950,1730750,35.561574,129.1435338
5518,114,43,1148850,1730750,35.5615891,129.1424308
5519,113,43,1148750,1730750,35.5616041,129.1413277
5520,112,43,1148650,1730750,35.5616191,129.1402247
5521,111,43,1148550,1730750,35.5616341,129.1391217
5522,110,43,1148450,1730750,35.5616491,129.1380187
5523,109,43,1148350,1730750,35.5616641,129.1369157
5524,108,43,1148250,1730750,35.5616791,129.1358127
5525,107,43,1148150,1730750,35.561694,129.1347097
5526,106,43,1148050,1730750,35.561709,129.1336067
5527,105,43,1147950,1730750,35.5617239,129.1325036
5528,104,43,1147850,1730750,35.5617389,129.1314006
5529,103,43,1147750,1730750,35.5617538,129.1302976
5530,102,43,1147650,1730750,35.5617687,129.1291946
5531,101,43,1147550,1730750,35.5617836,129.1280916
5532,100,43,1147450,1730750,35.5617985,129.1269886
5533,99,43,1147350,1730750,35.5618134,129.1258855
5534,98,43,1147250,1730750,35.5618283,129.1247825
5535,97,43,1147150,1730750,35.5618431,129.1236795
5536,96,43,1147050,1730750,35.561858,129.1225765
5537,95,43,1146950,1730750,35.5618728,129.1214735
5538,94,43,1146850,1730750,35.5618877,129.1203704
5539,93,43,1146750,1730750,35.5619025,129.1192674
5540,92,43,1146650,1730750,35.5619173,129.1181644
5541,91,43,1146550,1730750,35.5619321,129.1170614
5542,90,43,1146450,1730750,35.5619469,129.1159583
5543,89,43,1146350,1730750,35.5619617,129.1148553
5544,88,43,1146250,1730750,35.5619764,129.1137523
5545,87,43,1146150,1730750,35.5619912,129.1126492
5546,86,43,1146050,1730750,35.562006,129.1115462
5547,85,43,1145950,1730750,35.5620207,129.1104432
5548,84,43,1145850,1730750,35.5620354,129.1093401
5549,83,43,1145750,1730750,35.5620502,129.1082371
5550,82,43,1145650,1730750,35.5620649,129.1071341
5551,81,43,1145550,1730750,35.5620796,129.106031
5552,80,43,1145450,1730750,35.5620943,129.104928
5553,79,43,1145350,1730750,35.5621089,129.103825
5554,78,43,1145250,1730750,35.5621236,129.1027219
5555,77,43,1145150,1730750,35.5621383,129.1016189
5556,76,43,1145050,1730750,35.5621529,129.1005159
5557,75,43,1144950,1730750,35.5621676,129.0994128
5558,74,43,1144850,1730750,35.5621822,129.0983098
5559,73,43,1144750,1730750,35.5621968,129.0972067
5560,72,43,1144650,1730750,35.5622114,129.0961037
5561,71,43,1144550,1730750,35.562226,129.0950007
5562,70,43,1144450,1730750,35.5622406,129.0938976
5563,69,43,1144350,1730750,35.5622552,129.0927946
5564,68,43,1144250,1730750,35.5622698,129.0916915
5565,67,43,1144150,1730750,35.5622843,129.0905885
5566,66,43,1144050,1730750,35.5622989,129.0894854
5567,65,43,1143950,1730750,35.5623134,129.0883824
5568,64,43,1143850,1730750,35.562328,129.0872793
5569,63,43,1143750,1730750,35.5623425,129.0861763
5570,62,43,1143650,1730750,35.562357,129.0850732
5571,61,43,1143550,1730750,35.5623715,129.0839702
5572,60,43,1143450,1730750,35.562386,129.0828671
5573,59,43,1143350,1730750,35.5624005,129.0817641
5574,58,43,1143250,1730750,35.5624149,129.080661
5575,57,43,1143150,1730750,35.5624294,129.079558
5576,56,43,1143050,1730750,35.5624438,129.0784549
5577,55,43,1142950,1730750,35.5624583,129.0773519
5578,54,43,1142850,1730750,35.5624727,129.0762488
5579,53,43,1142750,1730750,35.5624871,129.0751458
5580,52,43,1142650,1730750,35.5625015,129.0740427
5581,51,43,1142550,1730750,35.5625159,129.0729397
5582,50,43,1142450,1730750,35.5625303,129.0718366
5583,49,43,1142350,1730750,35.5625447,129.0707335
5584,48,43,1142250,1730750,35.5625591,129.0696305
5585,47,43,1142150,1730750,35.5625734,129.0685274
5586,46,43,1142050,1730750,35.5625878,129.0674244
5587,45,43,1141950,1730750,35.5626021,129.0663213
5588,44,43,1141850,1730750,35.5626165,129.0652182
5589,43,43,1141750,1730750,35.5626308,129.0641152
5590,42,43,1141650,1730750,35.5626451,129.0630121
5591,41,43,1141550,1730750,35.5626594,129.061909
5592,40,43,1141450,1730750,35.5626737,129.060806
5593,39,43,1141350,1730750,35.562688,129.0597029
5594,38,43,1141250,1730750,35.5627022,129.0585998
5595,37,43,1141150,1730750,35.5627165,129.0574968
5596,36,43,1141050,1730750,35.5627307,129.0563937
5597,35,43,1140950,1730750,35.562745,129.0552906
5598,34,43,1140850,1730750,35.5627592,129.0541875
5599,33,43,1140750,1730750,35.5627734,129.0530845
5600,32,43,1140650,1730750,35.5627876,129.0519814
5601,31,43,1140550,1730750,35.5628018,129.0508783
5602,30,43,1140450,1730750,35.562816,129.0497753
5603,29,43,1140350,1730750,35.5628302,129.0486722
5604,28,43,1140250,1730750,35.5628444,129.0475691
5605,27,43,1140150,1730750,35.5628585,129.046466
5606,26,43,1140050,1730750,35.5628727,129.045363
5607,25,43,1139950,1730750,35.5628868,129.0442599
5608,24,43,1139850,1730750,35.5629009,129.0431568
5609,23,43,1139750,1730750,35.562915,129.0420537
5610,22,43,1139650,1730750,35.5629291,129.0409506
5611,21,43,1139550,1730750,35.5629432,129.0398476
5612,20,43,1139450,1730750,35.5629573,129.0387445
5613,19,43,1139350,1730750,35.5629714,129.0376414
5614,18,43,1139250,1730750,35.5629855,129.0365383
5615,17,43,1139150,1730750,35.5629995,129.0354352
5616,16,43,1139050,1730750,35.5630136,129.0343321
5617,15,43,1138950,1730750,35.5630276,129.0332291
5618,14,43,1138850,1730750,35.5630416,129.032126
5619,13,43,1138750,1730750,35.5630557,129.0310229
5620,12,43,1138650,1730750,35.5630697,129.0299198
5621,11,43,1138550,1730750,35.5630837,129.0288167
5622,10,43,1138450,1730750,35.5630976,129.0277136
5623,9,43,1138350,1730750,35.5631116,129.0266105
5624,8,43,1138250,1730750,35.5631256,129.0255074
5625,7,43,1138150,1730750,35.5631395,129.0244043
5626,6,43,1138050,1730750,35.5631535,129.0233012
5627,5,43,1137950,1730750,35.5631674,129.0221982
5628,4,43,1137850,1730750,35.5631813,129.0210951
5629,3,43,1137750,1730750,35.5631953,129.019992
5630,2,43,1137650,1730750,35.5632092,129.0188889
5631,1,43,1137550,1730750,35.5632231,129.0177858
5632,0,43,1137450,1730750,35.5632369,129.0166827
5633,0,44,1137450,1730850,35.5641383,129.0166997
5634,1,44,1137550,1730850,35.5641244,129.0178028
5635,2,44,1137650,1730850,35.5641105,129.0189059
5636,3,44,1137750,1730850,35.5640966,129.020009
5637,4,44,1137850,1730850,35.5640827,129.0211121
5638,5,44,1137950,1730850,35.5640688,129.0222152
5639,6,44,1138050,1730850,35.5640548,129.0233183
5640,7,44,1138150,1730850,35.5640409,129.0244214
5641,8,44,1138250,1730850,35.5640269,129.0255245
5642,9,44,1138350,1730850,35.564013,129.0266276
5643,10,44,1138450,1730850,35.563999,129.0277307
5644,11,44,1138550,1730850,35.563985,129.0288338
5645,12,44,1138650,1730850,35.563971,129.0299369
5646,13,44,1138750,1730850,35.563957,129.03104
5647,14,44,1138850,1730850,35.563943,129.0321431
5648,15,44,1138950,1730850,35.5639289,129.0332462
5649,16,44,1139050,1730850,35.5639149,129.0343493
5650,17,44,1139150,1730850,35.5639009,129.0354524
5651,18,44,1139250,1730850,35.5638868,129.0365555
5652,19,44,1139350,1730850,35.5638727,129.0376586
5653,20,44,1139450,1730850,35.5638587,129.0387617
5654,21,44,1139550,1730850,35.5638446,129.0398648
5655,22,44,1139650,1730850,35.5638305,129.0409679
5656,23,44,1139750,1730850,35.5638164,129.042071
5657,24,44,1139850,1730850,35.5638023,129.0431741
5658,25,44,1139950,1730850,35.5637881,129.0442772
5659,26,44,1140050,1730850,35.563774,129.0453803
5660,27,44,1140150,1730850,35.5637598,129.0464833
5661,28,44,1140250,1730850,35.5637457,129.0475864
5662,29,44,1140350,1730850,35.5637315,129.0486895
5663,30,44,1140450,1730850,35.5637173,129.0497926
5664,31,44,1140550,1730850,35.5637031,129.0508957
5665,32,44,1140650,1730850,35.5636889,129.0519988
5666,33,44,1140750,1730850,35.5636747,129.0531019
5667,34,44,1140850,1730850,35.5636605,129.054205
5668,35,44,1140950,1730850,35.5636463,129.055308
5669,36,44,1141050,1730850,35.5636321,129.0564111
5670,37,44,1141150,1730850,35.5636178,129.0575142
5671,38,44,1141250,1730850,35.5636035,129.0586173
5672,39,44,1141350,1730850,35.5635893,129.0597204
5673,40,44,1141450,1730850,35.563575,129.0608234
5674,41,44,1141550,1730850,35.5635607,129.0619265
5675,42,44,1141650,1730850,35.5635464,129.0630296
5676,43,44,1141750,1730850,35.5635321,129.0641327
5677,44,44,1141850,1730850,35.5635178,129.0652358
5678,45,44,1141950,1730850,35.5635035,129.0663388
5679,46,44,1142050,1730850,35.5634891,129.0674419
5680,47,44,1142150,1730850,35.5634748,129.068545
5681,48,44,1142250,1730850,35.5634604,129.0696481
5682,49,44,1142350,1730850,35.563446,129.0707511
5683,50,44,1142450,1730850,35.5634317,129.0718542
5684,51,44,1142550,1730850,35.5634173,129.0729573
5685,52,44,1142650,1730850,35.5634029,129.0740603
5686,53,44,1142750,1730850,35.5633885,129.0751634
5687,54,44,1142850,1730850,35.563374,129.0762665
5688,55,44,1142950,1730850,35.5633596,129.0773695
5689,56,44,1143050,1730850,35.5633452,129.0784726
5690,57,44,1143150,1730850,35.5633307,129.0795757
5691,58,44,1143250,1730850,35.5633163,129.0806787
5692,59,44,1143350,1730850,35.5633018,129.0817818
5693,60,44,1143450,1730850,35.5632873,129.0828849
5694,61,44,1143550,1730850,35.5632728,129.0839879
5695,62,44,1143650,1730850,35.5632583,129.085091
5696,63,44,1143750,1730850,35.5632438,129.0861941
5697,64,44,1143850,1730850,35.5632293,129.0872971
5698,65,44,1143950,1730850,35.5632147,129.0884002
5699,66,44,1144050,1730850,35.5632002,129.0895032
5700,67,44,1144150,1730850,35.5631857,129.0906063
5701,68,44,1144250,1730850,35.5631711,129.0917094
5702,69,44,1144350,1730850,35.5631565,129.0928124
5703,70,44,1144450,1730850,35.5631419,129.0939155
5704,71,44,1144550,1730850,35.5631273,129.0950185
5705,72,44,1144650,1730850,35.5631127,129.0961216
5706,73,44,1144750,1730850,35.5630981,129.0972246
5707,74,44,1144850,1730850,35.5630835,129.0983277
5708,75,44,1144950,1730850,35.5630689,129.0994307
5709,76,44,1145050,1730850,35.5630542,129.1005338
5710,77,44,1145150,1730850,35.5630396,129.1016368
5711,78,44,1145250,1730850,35.5630249,129.1027399
5712,79,44,1145350,1730850,35.5630103,129.1038429
5713,80,44,1145450,1730850,35.5629956,129.104946
5714,81,44,1145550,1730850,35.5629809,129.106049
5715,82,44,1145650,1730850,35.5629662,129.1071521
5716,83,44,1145750,1730850,35.5629515,129.1082551
5717,84,44,1145850,1730850,35.5629367,129.1093582
5718,85,44,1145950,1730850,35.562922,129.1104612
5719,86,44,1146050,1730850,35.5629073,129.1115643
5720,87,44,1146150,1730850,35.5628925,129.1126673
5721,88,44,1146250,1730850,35.5628777,129.1137703
5722,89,44,1146350,1730850,35.562863,129.1148734
5723,90,44,1146450,1730850,35.5628482,129.1159764
5724,91,44,1146550,1730850,35.5628334,129.1170795
5725,92,44,1146650,1730850,35.5628186,129.1181825
5726,93,44,1146750,1730850,35.5628038,129.1192855
5727,94,44,1146850,1730850,35.562789,129.1203886
5728,95,44,1146950,1730850,35.5627741,129.1214916
5729,96,44,1147050,1730850,35.5627593,129.1225947
5730,97,44,1147150,1730850,35.5627444,129.1236977
5731,98,44,1147250,1730850,35.5627296,129.1248007
5732,99,44,1147350,1730850,35.5627147,129.1259038
5733,100,44,1147450,1730850,35.5626998,129.1270068
5734,101,44,1147550,1730850,35.5626849,129.1281098
5735,102,44,1147650,1730850,35.56267,129.1292128
5736,103,44,1147750,1730850,35.5626551,129.1303159
5737,104,44,1147850,1730850,35.5626402,129.1314189
5738,105,44,1147950,1730850,35.5626252,129.1325219
5739,106,44,1148050,1730850,35.5626103,129.133625
5740,107,44,1148150,1730850,35.5625953,129.134728
5741,108,44,1148250,1730850,35.5625804,129.135831
5742,109,44,1148350,1730850,35.5625654,129.136934
5743,110,44,1148450,1730850,35.5625504,129.1380371
5744,111,44,1148550,1730850,35.5625354,129.1391401
5745,112,44,1148650,1730850,35.5625204,129.1402431
5746,113,44,1148750,1730850,35.5625054,129.1413461
5747,114,44,1148850,1730850,35.5624904,129.1424491
5748,115,44,1148950,1730850,35.5624753,129.1435522
5749,116,44,1149050,1730850,35.5624603,129.1446552
5750,117,44,1149150,1730850,35.5624452,129.1457582
5751,118,44,1149250,1730850,35.5624302,129.1468612
5752,119,44,1149350,1730850,35.5624151,129.1479642
5753,120,44,1149450,1730850,35.5624,129.1490673
5754,121,44,1149550,1730850,35.5623849,129.1501703
5755,122,44,1149650,1730850,35.5623698,129.1512733
5756,123,44,1149750,1730850,35.5623547,129.1523763
5757,124,44,1149850,1730850,35.5623396,129.1534793
5758,125,44,1149950,1730850,35.5623244,129.1545823
5759,126,44,1150050,1730850,35.5623093,129.1556853
5760,127,44,1150150,1730850,35.5622941,129.1567883
5761,127,45,1150150,1730950,35.5631954,129.1568069
5762,126,45,1150050,1730950,35.5632106,129.1557039
5763,125,45,1149950,1730950,35.5632257,129.1546009
5764,124,45,1149850,1730950,35.5632408,129.1534978
5765,123,45,1149750,1730950,35.563256,129.1523948
5766,122,45,1149650,1730950,35.5632711,129.1512918
5767,121,45,1149550,1730950,35.5632862,129.1501888
5768,120,45,1149450,1730950,35.5633013,129.1490857
5769,119,45,1149350,1730950,35.5633164,129.1479827
5770,118,45,1149250,1730950,35.5633314,129.1468797
5771,117,45,1149150,1730950,35.5633465,129.1457766
5772,116,45,1149050,1730950,35.5633616,129.1446736
5773,115,45,1148950,1730950,35.5633766,129.1435706
5774,114,45,1148850,1730950,35.5633917,129.1424675
5775,113,45,1148750,1730950,35.5634067,129.1413645
5776,112,45,1148650,1730950,35.5634217,129.1402615
5777,111,45,1148550,1730950,35.5634367,129.1391584
5778,110,45,1148450,1730950,35.5634517,129.1380554
5779,109,45,1148350,1730950,35.5634667,129.1369524
5780,108,45,1148250,1730950,35.5634817,129.1358493
5781,107,45,1148150,1730950,35.5634966,129.1347463
5782,106,45,1148050,1730950,35.5635116,129.1336433
5783,105,45,1147950,1730950,35.5635265,129.1325402
5784,104,45,1147850,1730950,35.5635415,129.1314372
5785,103,45,1147750,1730950,35.5635564,129.1303341
5786,102,45,1147650,1730950,35.5635713,129.1292311
5787,101,45,1147550,1730950,35.5635862,129.1281281
5788,100,45,1147450,1730950,35.5636011,129.127025
5789,99,45,1147350,1730950,35.563616,129.125922
5790,98,45,1147250,1730950,35.5636309,129.1248189
5791,97,45,1147150,1730950,35.5636457,129.1237159
5792,96,45,1147050,1730950,35.5636606,129.1226128
5793,95,45,1146950,1730950,35.5636754,129.1215098
5794,94,45,1146850,1730950,35.5636903,129.1204067
5795,93,45,1146750,1730950,35.5637051,129.1193037
5796,92,45,1146650,1730950,35.5637199,129.1182006
5797,91,45,1146550,1730950,35.5637347,129.1170976
5798,90,45,1146450,1730950,35.5637495,129.1159945
5799,89,45,1146350,1730950,35.5637643,129.1148915
5800,88,45,1146250,1730950,35.563779,129.1137884
5801,87,45,1146150,1730950,35.5637938,129.1126854
5802,86,45,1146050,1730950,35.5638086,129.1115823
5803,85,45,1145950,1730950,35.5638233,129.1104793
5804,84,45,1145850,1730950,35.563838,129.1093762
5805,83,45,1145750,1730950,35.5638528,129.1082731
5806,82,45,1145650,1730950,35.5638675,129.1071701
5807,81,45,1145550,1730950,35.5638822,129.106067
5808,80,45,1145450,1730950,35.5638969,129.104964
5809,79,45,1145350,1730950,35.5639116,129.1038609
5810,78,45,1145250,1730950,35.5639262,129.1027578
5811,77,45,1145150,1730950,35.5639409,129.1016548
5812,76,45,1145050,1730950,35.5639555,129.1005517
5813,75,45,1144950,1730950,35.5639702,129.0994487
5814,74,45,1144850,1730950,35.5639848,129.0983456
5815,73,45,1144750,1730950,35.5639994,129.0972425
5816,72,45,1144650,1730950,35.5640141,129.0961395
5817,71,45,1144550,1730950,35.5640287,129.0950364
5818,70,45,1144450,1730950,35.5640432,129.0939333
5819,69,45,1144350,1730950,35.5640578,129.0928303
5820,68,45,1144250,1730950,35.5640724,129.0917272
5821,67,45,1144150,1730950,35.564087,129.0906241
5822,66,45,1144050,1730950,35.5641015,129.089521
5823,65,45,1143950,1730950,35.5641161,129.088418
5824,64,45,1143850,1730950,35.5641306,129.0873149
5825,63,45,1143750,1730950,35.5641451,129.0862118
5826,62,45,1143650,1730950,35.5641596,129.0851088
5827,61,45,1143550,1730950,35.5641741,129.0840057
5828,60,45,1143450,1730950,35.5641886,129.0829026
5829,59,45,1143350,1730950,35.5642031,129.0817995
5830,58,45,1143250,1730950,35.5642176,129.0806964
5831,57,45,1143150,1730950,35.564232,129.0795934
5832,56,45,1143050,1730950,35.5642465,129.0784903
5833,55,45,1142950,1730950,35.5642609,129.0773872
5834,54,45,1142850,1730950,35.5642754,129.0762841
5835,53,45,1142750,1730950,35.5642898,129.0751811
5836,52,45,1142650,1730950,35.5643042,129.074078
5837,51,45,1142550,1730950,35.5643186,129.0729749
5838,50,45,1142450,1730950,35.564333,129.0718718
5839,49,45,1142350,1730950,35.5643474,129.0707687
5840,48,45,1142250,1730950,35.5643617,129.0696656
5841,47,45,1142150,1730950,35.5643761,129.0685625
5842,46,45,1142050,1730950,35.5643904,129.0674595
5843,45,45,1141950,1730950,35.5644048,129.0663564
5844,44,45,1141850,1730950,35.5644191,129.0652533
5845,43,45,1141750,1730950,35.5644334,129.0641502
5846,42,45,1141650,1730950,35.5644477,129.0630471
5847,41,45,1141550,1730950,35.564462,129.061944
5848,40,45,1141450,1730950,35.5644763,129.0608409
5849,39,45,1141350,1730950,35.5644906,129.0597378
5850,38,45,1141250,1730950,35.5645049,129.0586347
5851,37,45,1141150,1730950,35.5645191,129.0575316
5852,36,45,1141050,1730950,35.5645334,129.0564286
5853,35,45,1140950,1730950,35.5645476,129.0553255
5854,34,45,1140850,1730950,35.5645618,129.0542224
5855,33,45,1140750,1730950,35.5645761,129.0531193
5856,32,45,1140650,1730950,35.5645903,129.0520162
5857,31,45,1140550,1730950,35.5646045,129.0509131
5858,30,45,1140450,1730950,35.5646187,129.04981
5859,29,45,1140350,1730950,35.5646328,129.0487069
5860,28,45,1140250,1730950,35.564647,129.0476038
5861,27,45,1140150,1730950,35.5646612,129.0465007
5862,26,45,1140050,1730950,35.5646753,129.0453976
5863,25,45,1139950,1730950,35.5646895,129.0442945
5864,24,45,1139850,1730950,35.5647036,129.0431914
5865,23,45,1139750,1730950,35.5647177,129.0420883
5866,22,45,1139650,1730950,35.5647318,129.0409852
5867,21,45,1139550,1730950,35.5647459,129.039882
5868,20,45,1139450,1730950,35.56476,129.0387789
5869,19,45,1139350,1730950,35.5647741,129.0376758
5870,18,45,1139250,1730950,35.5647881,129.0365727
5871,17,45,1139150,1730950,35.5648022,129.0354696
5872,16,45,1139050,1730950,35.5648162,129.0343665
5873,15,45,1138950,1730950,35.5648303,129.0332634
5874,14,45,1138850,1730950,35.5648443,129.0321603
5875,13,45,1138750,1730950,35.5648583,129.0310572
5876,12,45,1138650,1730950,35.5648723,129.0299541
5877,11,45,1138550,1730950,35.5648863,129.0288509
5878,10,45,1138450,1730950,35.5649003,129.0277478
5879,9,45,1138350,1730950,35.5649143,129.0266447
5880,8,45,1138250,1730950,35.5649283,129.0255416
5881,7,45,1138150,1730950,35.5649422,129.0244385
5882,6,45,1138050,1730950,35.5649562,129.0233354
5883,5,45,1137950,1730950,35.5649701,129.0222322
5884,4,45,1137850,1730950,35.564984,129.0211291
5885,3,45,1137750,1730950,35.5649979,129.020026
5886,2,45,1137650,1730950,35.5650118,129.0189229
5887,1,45,1137550,1730950,35.5650257,129.0178198
5888,0,45,1137450,1730950,35.5650396,129.0167166
5889,0,46,1137450,1731050,35.565941,129.0167336
5890,1,46,1137550,1731050,35.5659271,129.0178368
5891,2,46,1137650,1731050,35.5659132,129.0189399
5892,3,46,1137750,1731050,35.5658993,129.020043
5893,4,46,1137850,1731050,35.5658854,129.0211462
5894,5,46,1137950,1731050,35.5658714,129.0222493
5895,6,46,1138050,1731050,35.5658575,129.0233524
5896,7,46,1138150,1731050,35.5658436,129.0244556
5897,8,46,1138250,1731050,35.5658296,129.0255587
5898,9,46,1138350,1731050,35.5658156,129.0266618
5899,10,46,1138450,1731050,35.5658017,129.0277649
5900,11,46,1138550,1731050,35.5657877,129.0288681
5901,12,46,1138650,1731050,35.5657737,129.0299712
5902,13,46,1138750,1731050,35.5657597,129.0310743
5903,14,46,1138850,1731050,35.5657456,129.0321774
5904,15,46,1138950,1731050,35.5657316,129.0332806
5905,16,46,1139050,1731050,35.5657176,129.0343837
5906,17,46,1139150,1731050,35.5657035,129.0354868
5907,18,46,1139250,1731050,35.5656895,129.0365899
5908,19,46,1139350,1731050,35.5656754,129.0376931
5909,20,46,1139450,1731050,35.5656613,129.0387962
5910,21,46,1139550,1731050,35.5656472,129.0398993
5911,22,46,1139650,1731050,35.5656331,129.0410024
5912,23,46,1139750,1731050,35.565619,129.0421055
5913,24,46,1139850,1731050,35.5656049,129.0432086
5914,25,46,1139950,1731050,35.5655908,129.0443118
5915,26,46,1140050,1731050,35.5655766,129.0454149
5916,27,46,1140150,1731050,35.5655625,129.046518
5917,28,46,1140250,1731050,35.5655483,129.0476211
5918,29,46,1140350,1731050,35.5655342,129.0487242
5919,30,46,1140450,1731050,35.56552,129.0498273
5920,31,46,1140550,1731050,35.5655058,129.0509304
5921,32,46,1140650,1731050,35.5654916,129.0520336
5922,33,46,1140750,1731050,35.5654774,129.0531367
5923,34,46,1140850,1731050,35.5654632,129.0542398
5924,35,46,1140950,1731050,35.5654489,129.0553429
5925,36,46,1141050,1731050,35.5654347,129.056446
5926,37,46,1141150,1731050,35.5654205,129.0575491
5927,38,46,1141250,1731050,35.5654062,129.0586522
5928,39,46,1141350,1731050,35.5653919,129.0597553
5929,40,46,1141450,1731050,35.5653776,129.0608584
5930,41,46,1141550,1731050,35.5653634,129.0619615
5931,42,46,1141650,1731050,35.5653491,129.0630646
5932,43,46,1141750,1731050,35.5653347,129.0641677
5933,44,46,1141850,1731050,35.5653204,129.0652708
5934,45,46,1141950,1731050,35.5653061,129.0663739
5935,46,46,1142050,1731050,35.5652918,129.067477
5936,47,46,1142150,1731050,35.5652774,129.0685801
5937,48,46,1142250,1731050,35.565263,129.0696832
5938,49,46,1142350,1731050,35.5652487,129.0707863
5939,50,46,1142450,1731050,35.5652343,129.0718894
5940,51,46,1142550,1731050,35.5652199,129.0729925
5941,52,46,1142650,1731050,35.5652055,129.0740956
5942,53,46,1142750,1731050,35.5651911,129.0751987
5943,54,46,1142850,1731050,35.5651767,129.0763018
5944,55,46,1142950,1731050,35.5651622,129.0774049
5945,56,46,1143050,1731050,35.5651478,129.078508
5946,57,46,1143150,1731050,35.5651333,129.0796111
5947,58,46,1143250,1731050,35.5651189,129.0807142
5948,59,46,1143350,1731050,35.5651044,129.0818172
5949,60,46,1143450,1731050,35.5650899,129.0829203
5950,61,46,1143550,1731050,35.5650754,129.0840234
5951,62,46,1143650,1731050,35.5650609,129.0851265
5952,63,46,1143750,1731050,35.5650464,129.0862296
5953,64,46,1143850,1731050,35.5650319,129.0873327
5954,65,46,1143950,1731050,35.5650174,129.0884358
5955,66,46,1144050,1731050,35.5650028,129.0895388
5956,67,46,1144150,1731050,35.5649883,129.0906419
5957,68,46,1144250,1731050,35.5649737,129.091745
5958,69,46,1144350,1731050,35.5649591,129.0928481
5959,70,46,1144450,1731050,35.5649446,129.0939512
5960,71,46,1144550,1731050,35.56493,129.0950543
5961,72,46,1144650,1731050,35.5649154,129.0961573
5962,73,46,1144750,1731050,35.5649008,129.0972604
5963,74,46,1144850,1731050,35.5648861,129.0983635
5964,75,46,1144950,1731050,35.5648715,129.0994666
5965,76,46,1145050,1731050,35.5648569,129.1005696
5966,77,46,1145150,1731050,35.5648422,129.1016727
5967,78,46,1145250,1731050,35.5648275,129.1027758
5968,79,46,1145350,1731050,35.5648129,129.1038789
5969,80,46,1145450,1731050,35.5647982,129.1049819
5970,81,46,1145550,1731050,35.5647835,129.106085
5971,82,46,1145650,1731050,35.5647688,129.1071881
5972,83,46,1145750,1731050,35.5647541,129.1082912
5973,84,46,1145850,1731050,35.5647393,129.1093942
5974,85,46,1145950,1731050,35.5647246,129.1104973
5975,86,46,1146050,1731050,35.5647099,129.1116004
5976,87,46,1146150,1731050,35.5646951,129.1127034
5977,88,46,1146250,1731050,35.5646803,129.1138065
5978,89,46,1146350,1731050,35.5646656,129.1149096
5979,90,46,1146450,1731050,35.5646508,129.1160126
5980,91,46,1146550,1731050,35.564636,129.1171157
5981,92,46,1146650,1731050,35.5646212,129.1182188
5982,93,46,1146750,1731050,35.5646064,129.1193218
5983,94,46,1146850,1731050,35.5645916,129.1204249
5984,95,46,1146950,1731050,35.5645767,129.1215279
5985,96,46,1147050,1731050,35.5645619,129.122631
5986,97,46,1147150,1731050,35.564547,129.1237341
5987,98,46,1147250,1731050,35.5645322,129.1248371
5988,99,46,1147350,1731050,35.5645173,129.1259402
5989,100,46,1147450,1731050,35.5645024,129.1270432
5990,101,46,1147550,1731050,35.5644875,129.1281463
5991,102,46,1147650,1731050,35.5644726,129.1292493
5992,103,46,1147750,1731050,35.5644577,129.1303524
5993,104,46,1147850,1731050,35.5644428,129.1314554
5994,105,46,1147950,1731050,35.5644278,129.1325585
5995,106,46,1148050,1731050,35.5644129,129.1336616
5996,107,46,1148150,1731050,35.5643979,129.1347646
5997,108,46,1148250,1731050,35.5643829,129.1358677
5998,109,46,1148350,1731050,35.564368,129.1369707
5999,110,46,1148450,1731050,35.564353,129.1380738
6000,111,46,1148550,1731050,35.564338,129.1391768
6001,112,46,1148650,1731050,35.564323,129.1402798
6002,113,46,1148750,1731050,35.564308,129.1413829
6003,114,46,1148850,1731050,35.5642929,129.1424859
6004,115,46,1148950,1731050,35.5642779,129.143589
6005,116,46,1149050,1731050,35.5642629,129.144692
6006,117,46,1149150,1731050,35.5642478,129.1457951
6007,118,46,1149250,1731050,35.5642327,129.1468981
6008,119,46,1149350,1731050,35.5642177,129.1480012
6009,120,46,1149450,1731050,35.5642026,129.1491042
6010,121,46,1149550,1731050,35.5641875,129.1502072
6011,122,46,1149650,1731050,35.5641724,129.1513103
6012,123,46,1149750,1731050,35.5641573,129.1524133
6013,124,46,1149850,1731050,35.5641421,129.1535163
6014,125,46,1149950,1731050,35.564127,129.1546194
6015,126,46,1150050,1731050,35.5641118,129.1557224
6016,127,46,1150150,1731050,35.5640967,129.1568255
6017,127,47,1150150,1731150,35.564998,129.156844
6018,126,47,1150050,1731150,35.5650131,129.155741
6019,125,47,1149950,1731150,35.5650283,129.1546379
6020,124,47,1149850,1731150,35.5650434,129.1535349
6021,123,47,1149750,1731150,35.5650585,129.1524318
6022,122,47,1149650,1731150,35.5650737,129.1513288
6023,121,47,1149550,1731150,35.5650888,129.1502257
6024,120,47,1149450,1731150,35.5651039,129.1491227
6025,119,47,1149350,1731150,35.5651189,129.1480196
6026,118,47,1149250,1731150,35.565134,129.1469166
6027,117,47,1149150,1731150,35.5651491,129.1458135
6028,116,47,1149050,1731150,35.5651641,129.1447104
6029,115,47,1148950,1731150,35.5651792,129.1436074
6030,114,47,1148850,1731150,35.5651942,129.1425043
6031,113,47,1148750,1731150,35.5652093,129.1414013
6032,112,47,1148650,1731150,35.5652243,129.1402982
6033,111,47,1148550,1731150,35.5652393,129.1391952
6034,110,47,1148450,1731150,35.5652543,129.1380921
6035,109,47,1148350,1731150,35.5652693,129.136989
6036,108,47,1148250,1731150,35.5652842,129.135886
6037,107,47,1148150,1731150,35.5652992,129.1347829
6038,106,47,1148050,1731150,35.5653142,129.1336799
6039,105,47,1147950,1731150,35.5653291,129.1325768
6040,104,47,1147850,1731150,35.565344,129.1314737
6041,103,47,1147750,1731150,35.565359,129.1303707
6042,102,47,1147650,1731150,35.5653739,129.1292676
6043,101,47,1147550,1731150,35.5653888,129.1281645
6044,100,47,1147450,1731150,35.5654037,129.1270615
6045,99,47,1147350,1731150,35.5654186,129.1259584
6046,98,47,1147250,1731150,35.5654334,129.1248553
6047,97,47,1147150,1731150,35.5654483,129.1237522
6048,96,47,1147050,1731150,35.5654632,129.1226492
6049,95,47,1146950,1731150,35.565478,129.1215461
6050,94,47,1146850,1731150,35.5654929,129.120443
6051,93,47,1146750,1731150,35.5655077,129.11934
6052,92,47,1146650,1731150,35.5655225,129.1182369
6053,91,47,1146550,1731150,35.5655373,129.1171338
6054,90,47,1146450,1731150,35.5655521,129.1160307
6055,89,47,1146350,1731150,35.5655669,129.1149276
6056,88,47,1146250,1731150,35.5655817,129.1138246
6057,87,47,1146150,1731150,35.5655964,129.1127215
6058,86,47,1146050,1731150,35.5656112,129.1116184
6059,85,47,1145950,1731150,35.5656259,129.1105153
6060,84,47,1145850,1731150,35.5656406,129.1094123
6061,83,47,1145750,1731150,35.5656554,129.1083092
6062,82,47,1145650,1731150,35.5656701,129.1072061
6063,81,47,1145550,1731150,35.5656848,129.106103
6064,80,47,1145450,1731150,35.5656995,129.1049999
6065,79,47,1145350,1731150,35.5657142,129.1038968
6066,78,47,1145250,1731150,35.5657288,129.1027937
6067,77,47,1145150,1731150,35.5657435,129.1016907
6068,76,47,1145050,1731150,35.5657582,129.1005876
6069,75,47,1144950,1731150,35.5657728,129.0994845
6070,74,47,1144850,1731150,35.5657874,129.0983814
6071,73,47,1144750,1731150,35.5658021,129.0972783
6072,72,47,1144650,1731150,35.5658167,129.0961752
6073,71,47,1144550,1731150,35.5658313,129.0950721
6074,70,47,1144450,1731150,35.5658459,129.093969
6075,69,47,1144350,1731150,35.5658605,129.0928659
6076,68,47,1144250,1731150,35.565875,129.0917628
6077,67,47,1144150,1731150,35.5658896,129.0906597
6078,66,47,1144050,1731150,35.5659041,129.0895567
6079,65,47,1143950,1731150,35.5659187,129.0884536
6080,64,47,1143850,1731150,35.5659332,129.0873505
6081,63,47,1143750,1731150,35.5659477,129.0862474
6082,62,47,1143650,1731150,35.5659623,129.0851443
6083,61,47,1143550,1731150,35.5659768,129.0840412
6084,60,47,1143450,1731150,35.5659912,129.0829381
6085,59,47,1143350,1731150,35.5660057,129.081835
6086,58,47,1143250,1731150,35.5660202,129.0807319
6087,57,47,1143150,1731150,35.5660347,129.0796288
6088,56,47,1143050,1731150,35.5660491,129.0785257
6089,55,47,1142950,1731150,35.5660636,129.0774225
6090,54,47,1142850,1731150,35.566078,129.0763194
6091,53,47,1142750,1731150,35.5660924,129.0752163
6092,52,47,1142650,1731150,35.5661068,129.0741132
6093,51,47,1142550,1731150,35.5661212,129.0730101
6094,50,47,1142450,1731150,35.5661356,129.071907
6095,49,47,1142350,1731150,35.56615,129.0708039
6096,48,47,1142250,1731150,35.5661644,129.0697008
6097,47,47,1142150,1731150,35.5661787,129.0685977
6098,46,47,1142050,1731150,35.5661931,129.0674946
6099,45,47,1141950,1731150,35.5662074,129.0663915
6100,44,47,1141850,1731150,35.5662217,129.0652884
6101,43,47,1141750,1731150,35.5662361,129.0641852
6102,42,47,1141650,1731150,35.5662504,129.0630821
6103,41,47,1141550,1731150,35.5662647,129.061979
6104,40,47,1141450,1731150,35.566279,129.0608759
6105,39,47,1141350,1731150,35.5662933,129.0597728
6106,38,47,1141250,1731150,35.5663075,129.0586697
6107,37,47,1141150,1731150,35.5663218,129.0575665
6108,36,47,1141050,1731150,35.566336,129.0564634
6109,35,47,1140950,1731150,35.5663503,129.0553603
6110,34,47,1140850,1731150,35.5663645,129.0542572
6111,33,47,1140750,1731150,35.5663787,129.0531541
6112,32,47,1140650,1731150,35.5663929,129.0520509
6113,31,47,1140550,1731150,35.5664071,129.0509478
6114,30,47,1140450,1731150,35.5664213,129.0498447
6115,29,47,1140350,1731150,35.5664355,129.0487416
6116,28,47,1140250,1731150,35.5664497,129.0476384
6117,27,47,1140150,1731150,35.5664638,129.0465353
6118,26,47,1140050,1731150,35.566478,129.0454322
6119,25,47,1139950,1731150,35.5664921,129.0443291
6120,24,47,1139850,1731150,35.5665062,129.0432259
6121,23,47,1139750,1731150,35.5665204,129.0421228
6122,22,47,1139650,1731150,35.5665345,129.0410197
6123,21,47,1139550,1731150,35.5665486,129.0399165
6124,20,47,1139450,1731150,35.5665627,129.0388134
6125,19,47,1139350,1731150,35.5665767,129.0377103
6126,18,47,1139250,1731150,35.5665908,129.0366071
6127,17,47,1139150,1731150,35.5666049,129.035504
6128,16,47,1139050,1731150,35.5666189,129.0344009
6129,15,47,1138950,1731150,35.566633,129.0332977
6130,14,47,1138850,1731150,35.566647,129.0321946
6131,13,47,1138750,1731150,35.566661,129.0310915
6132,12,47,1138650,1731150,35.566675,129.0299883
6133,11,47,1138550,1731150,35.566689,129.0288852
6134,10,47,1138450,1731150,35.566703,129.0277821
6135,9,47,1138350,1731150,35.566717,129.0266789
6136,8,47,1138250,1731150,35.5667309,129.0255758
6137,7,47,1138150,1731150,35.5667449,129.0244726
6138,6,47,1138050,1731150,35.5667588,129.0233695
6139,5,47,1137950,1731150,35.5667728,129.0222664
6140,4,47,1137850,1731150,35.5667867,129.0211632
6141,3,47,1137750,1731150,35.5668006,129.0200601
6142,2,47,1137650,1731150,35.5668145,129.0189569
6143,1,47,1137550,1731150,35.5668284,129.0178538
6144,0,47,1137450,1731150,35.5668423,129.0167506
6145,0,48,1137450,1731250,35.5677437,129.0167676
6146,1,48,1137550,1731250,35.5677298,129.0178708
6147,2,48,1137650,1731250,35.5677159,129.0189739
6148,3,48,1137750,1731250,35.567702,129.0200771
6149,4,48,1137850,1731250,35.567688,129.0211802
6150,5,48,1137950,1731250,35.5676741,129.0222834
6151,6,48,1138050,1731250,35.5676602,129.0233866
6152,7,48,1138150,1731250,35.5676462,129.0244897
6153,8,48,1138250,1731250,35.5676323,129.0255929
6154,9,48,1138350,1731250,35.5676183,129.026696
6155,10,48,1138450,1731250,35.5676043,129.0277992
6156,11,48,1138550,1731250,35.5675903,129.0289023
6157,12,48,1138650,1731250,35.5675763,129.0300055
6158,13,48,1138750,1731250,35.5675623,129.0311086
6159,14,48,1138850,1731250,35.5675483,129.0322118
6160,15,48,1138950,1731250,35.5675343,129.0333149
6161,16,48,1139050,1731250,35.5675203,129.0344181
6162,17,48,1139150,1731250,35.5675062,129.0355212
6163,18,48,1139250,1731250,35.5674921,129.0366244
6164,19,48,1139350,1731250,35.5674781,129.0377275
6165,20,48,1139450,1731250,35.567464,129.0388307
6166,21,48,1139550,1731250,35.5674499,129.0399338
6167,22,48,1139650,1731250,35.5674358,129.0410369
6168,23,48,1139750,1731250,35.5674217,129.0421401
6169,24,48,1139850,1731250,35.5674076,129.0432432
6170,25,48,1139950,1731250,35.5673934,129.0443464
6171,26,48,1140050,1731250,35.5673793,129.0454495
6172,27,48,1140150,1731250,35.5673652,129.0465526
6173,28,48,1140250,1731250,35.567351,129.0476558
6174,29,48,1140350,1731250,35.5673368,129.0487589
6175,30,48,1140450,1731250,35.5673226,129.0498621
6176,31,48,1140550,1731250,35.5673085,129.0509652
6177,32,48,1140650,1731250,35.5672943,129.0520683
6178,33,48,1140750,1731250,35.56728,129.0531715
6179,34,48,1140850,1731250,35.5672658,129.0542746
6180,35,48,1140950,1731250,35.5672516,129.0553777
6181,36,48,1141050,1731250,35.5672374,129.0564809
6182,37,48,1141150,1731250,35.5672231,129.057584
6183,38,48,1141250,1731250,35.5672088,129.0586871
6184,39,48,1141350,1731250,35.5671946,129.0597902
6185,40,48,1141450,1731250,35.5671803,129.0608934
6186,41,48,1141550,1731250,35.567166,129.0619965
6187,42,48,1141650,1731250,35.5671517,129.0630996
6188,43,48,1141750,1731250,35.5671374,129.0642028
6189,44,48,1141850,1731250,35.5671231,129.0653059
6190,45,48,1141950,1731250,35.5671087,129.066409
6191,46,48,1142050,1731250,35.5670944,129.0675121
6192,47,48,1142150,1731250,35.56708,129.0686153
6193,48,48,1142250,1731250,35.5670657,129.0697184
6194,49,48,1142350,1731250,35.5670513,129.0708215
6195,50,48,1142450,1731250,35.5670369,129.0719246
6196,51,48,1142550,1731250,35.5670225,129.0730277
6197,52,48,1142650,1731250,35.5670081,129.0741309
6198,53,48,1142750,1731250,35.5669937,129.075234
6199,54,48,1142850,1731250,35.5669793,129.0763371
6200,55,48,1142950,1731250,35.5669649,129.0774402
6201,56,48,1143050,1731250,35.5669504,129.0785433
6202,57,48,1143150,1731250,35.566936,129.0796465
6203,58,48,1143250,1731250,35.5669215,129.0807496
6204,59,48,1143350,1731250,35.566907,129.0818527
6205,60,48,1143450,1731250,35.5668926,129.0829558
6206,61,48,1143550,1731250,35.5668781,129.0840589
6207,62,48,1143650,1731250,35.5668636,129.085162
6208,63,48,1143750,1731250,35.5668491,129.0862651
6209,64,48,1143850,1731250,35.5668345,129.0873682
6210,65,48,1143950,1731250,35.56682,129.0884713
6211,66,48,1144050,1731250,35.5668055,129.0895745
6212,67,48,1144150,1731250,35.5667909,129.0906776
6213,68,48,1144250,1731250,35.5667763,129.0917807
6214,69,48,1144350,1731250,35.5667618,129.0928838
6215,70,48,1144450,1731250,35.5667472,129.0939869
6216,71,48,1144550,1731250,35.5667326,129.09509
6217,72,48,1144650,1731250,35.566718,129.0961931
6218,73,48,1144750,1731250,35.5667034,129.0972962
6219,74,48,1144850,1731250,35.5666887,129.0983993
6220,75,48,1144950,1731250,35.5666741,129.0995024
6221,76,48,1145050,1731250,35.5666595,129.1006055
6222,77,48,1145150,1731250,35.5666448,129.1017086
6223,78,48,1145250,1731250,35.5666301,129.1028117
6224,79,48,1145350,1731250,35.5666155,129.1039148
6225,80,48,1145450,1731250,35.5666008,129.1050179
6226,81,48,1145550,1731250,35.5665861,129.106121
6227,82,48,1145650,1731250,35.5665714,129.1072241
6228,83,48,1145750,1731250,35.5665567,129.1083272
6229,84,48,1145850,1731250,35.566542,129.1094303
6230,85,48,1145950,1731250,35.5665272,129.1105334
6231,86,48,1146050,1731250,35.5665125,129.1116365
6232,87,48,1146150,1731250,35.5664977,129.1127396
6233,88,48,1146250,1731250,35.566483,129.1138426
6234,89,48,1146350,1731250,35.5664682,129.1149457
6235,90,48,1146450,1731250,35.5664534,129.1160488
6236,91,48,1146550,1731250,35.5664386,129.1171519
6237,92,48,1146650,1731250,35.5664238,129.118255
6238,93,48,1146750,1731250,35.566409,129.1193581
6239,94,48,1146850,1731250,35.5663941,129.1204612
6240,95,48,1146950,1731250,35.5663793,129.1215643
6241,96,48,1147050,1731250,35.5663645,129.1226673
6242,97,48,1147150,1731250,35.5663496,129.1237704
6243,98,48,1147250,1731250,35.5663347,129.1248735
6244,99,48,1147350,1731250,35.5663199,129.1259766
6245,100,48,1147450,1731250,35.566305,129.1270797
6246,101,48,1147550,1731250,35.5662901,129.1281828
6247,102,48,1147650,1731250,35.5662752,129.1292858
6248,103,48,1147750,1731250,35.5662603,129.1303889
6249,104,48,1147850,1731250,35.5662453,129.131492
6250,105,48,1147950,1731250,35.5662304,129.1325951
6251,106,48,1148050,1731250,35.5662155,129.1336981
6252,107,48,1148150,1731250,35.5662005,129.1348012
6253,108,48,1148250,1731250,35.5661855,129.1359043
6254,109,48,1148350,1731250,35.5661706,129.1370074
6255,110,48,1148450,1731250,35.5661556,129.1381104
6256,111,48,1148550,1731250,35.5661406,129.1392135
6257,112,48,1148650,1731250,35.5661256,129.1403166
6258,113,48,1148750,1731250,35.5661105,129.1414197
6259,114,48,1148850,1731250,35.5660955,129.1425227
6260,115,48,1148950,1731250,35.5660805,129.1436258
6261,116,48,1149050,1731250,35.5660654,129.1447289
6262,117,48,1149150,1731250,35.5660504,129.1458319
6263,118,48,1149250,1731250,35.5660353,129.146935
6264,119,48,1149350,1731250,35.5660202,129.1480381
6265,120,48,1149450,1731250,35.5660051,129.1491411
6266,121,48,1149550,1731250,35.56599,129.1502442
6267,122,48,1149650,1731250,35.5659749,129.1513473
6268,123,48,1149750,1731250,35.5659598,129.1524503
6269,124,48,1149850,1731250,35.5659447,129.1535534
6270,125,48,1149950,1731250,35.5659296,129.1546565
6271,126,48,1150050,1731250,35.5659144,129.1557595
6272,127,48,1150150,1731250,35.5658992,129.1568626
6273,127,49,1150150,1731350,35.5668005,129.1568811
6274,126,49,1150050,1731350,35.5668157,129.1557781
6275,125,49,1149950,1731350,35.5668308,129.154675
6276,124,49,1149850,1731350,35.566846,129.1535719
6277,123,49,1149750,1731350,35.5668611,129.1524688
6278,122,49,1149650,1731350,35.5668762,129.1513658
6279,121,49,1149550,1731350,35.5668913,129.1502627
6280,120,49,1149450,1731350,35.5669064,129.1491596
6281,119,49,1149350,1731350,35.5669215,129.1480565
6282,118,49,1149250,1731350,35.5669366,129.1469535
6283,117,49,1149150,1731350,35.5669517,129.1458504
6284,116,49,1149050,1731350,35.5669667,129.1447473
6285,115,49,1148950,1731350,35.5669818,129.1436442
6286,114,49,1148850,1731350,35.5669968,129.1425411
6287,113,49,1148750,1731350,35.5670118,129.141438
6288,112,49,1148650,1731350,35.5670269,129.140335
6289,111,49,1148550,1731350,35.5670419,129.1392319
6290,110,49,1148450,1731350,35.5670569,129.1381288
6291,109,49,1148350,1731350,35.5670718,129.1370257
6292,108,49,1148250,1731350,35.5670868,129.1359226
6293,107,49,1148150,1731350,35.5671018,129.1348195
6294,106,49,1148050,1731350,35.5671167,129.1337164
6295,105,49,1147950,1731350,35.5671317,129.1326134
6296,104,49,1147850,1731350,35.5671466,129.1315103
6297,103,49,1147750,1731350,35.5671616,129.1304072
6298,102,49,1147650,1731350,35.5671765,129.1293041
6299,101,49,1147550,1731350,35.5671914,129.128201
6300,100,49,1147450,1731350,35.5672063,129.1270979
6301,99,49,1147350,1731350,35.5672212,129.1259948
6302,98,49,1147250,1731350,35.567236,129.1248917
6303,97,49,1147150,1731350,35.5672509,129.1237886
6304,96,49,1147050,1731350,35.5672658,129.1226855
6305,95,49,1146950,1731350,35.5672806,129.1215824
6306,94,49,1146850,1731350,35.5672954,129.1204793
6307,93,49,1146750,1731350,35.5673103,129.1193762
6308,92,49,1146650,1731350,35.5673251,129.1182731
6309,91,49,1146550,1731350,35.5673399,129.11717
6310,90,49,1146450,1731350,35.5673547,129.1160669
6311,89,49,1146350,1731350,35.5673695,129.1149638
6312,88,49,1146250,1731350,35.5673843,129.1138607
6313,87,49,1146150,1731350,35.567399,129.1127576
6314,86,49,1146050,1731350,35.5674138,129.1116545
6315,85,49,1145950,1731350,35.5674285,129.1105514
6316,84,49,1145850,1731350,35.5674433,129.1094483
6317,83,49,1145750,1731350,35.567458,129.1083452
6318,82,49,1145650,1731350,35.5674727,129.1072421
6319,81,49,1145550,1731350,35.5674874,129.106139
6320,80,49,1145450,1731350,35.5675021,129.1050359
6321,79,49,1145350,1731350,35.5675168,129.1039328
6322,78,49,1145250,1731350,35.5675315,129.1028297
6323,77,49,1145150,1731350,35.5675461,129.1017265
6324,76,49,1145050,1731350,35.5675608,129.1006234
6325,75,49,1144950,1731350,35.5675754,129.0995203
6326,74,49,1144850,1731350,35.5675901,129.0984172
6327,73,49,1144750,1731350,35.5676047,129.0973141
6328,72,49,1144650,1731350,35.5676193,129.096211
6329,71,49,1144550,1731350,35.5676339,129.0951079
6330,70,49,1144450,1731350,35.5676485,129.0940047
6331,69,49,1144350,1731350,35.5676631,129.0929016
6332,68,49,1144250,1731350,35.5676776,129.0917985
6333,67,49,1144150,1731350,35.5676922,129.0906954
6334,66,49,1144050,1731350,35.5677068,129.0895923
6335,65,49,1143950,1731350,35.5677213,129.0884891
6336,64,49,1143850,1731350,35.5677358,129.087386
6337,63,49,1143750,1731350,35.5677504,129.0862829
6338,62,49,1143650,1731350,35.5677649,129.0851798
6339,61,49,1143550,1731350,35.5677794,129.0840767
6340,60,49,1143450,1731350,35.5677939,129.0829735
6341,59,49,1143350,1731350,35.5678084,129.0818704
6342,58,49,1143250,1731350,35.5678228,129.0807673
6343,57,49,1143150,1731350,35.5678373,129.0796641
6344,56,49,1143050,1731350,35.5678517,129.078561
6345,55,49,1142950,1731350,35.5678662,129.0774579
6346,54,49,1142850,1731350,35.5678806,129.0763548
6347,53,49,1142750,1731350,35.567895,129.0752516
6348,52,49,1142650,1731350,35.5679095,129.0741485
6349,51,49,1142550,1731350,35.5679239,129.0730454
6350,50,49,1142450,1731350,35.5679383,129.0719422
6351,49,49,1142350,1731350,35.5679526,129.0708391
6352,48,49,1142250,1731350,35.567967,129.069736
6353,47,49,1142150,1731350,35.5679814,129.0686328
6354,46,49,1142050,1731350,35.5679957,129.0675297
6355,45,49,1141950,1731350,35.5680101,129.0664266
6356,44,49,1141850,1731350,35.5680244,129.0653234
6357,43,49,1141750,1731350,35.5680387,129.0642203
6358,42,49,1141650,1731350,35.568053,129.0631171
6359,41,49,1141550,1731350,35.5680673,129.062014
6360,40,49,1141450,1731350,35.5680816,129.0609109
6361,39,49,1141350,1731350,35.5680959,129.0598077
6362,38,49,1141250,1731350,35.5681102,129.0587046
6363,37,49,1141150,1731350,35.5681244,129.0576014
6364,36,49,1141050,1731350,35.5681387,129.0564983
6365,35,49,1140950,1731350,35.5681529,129.0553951
6366,34,49,1140850,1731350,35.5681672,129.054292
6367,33,49,1140750,1731350,35.5681814,129.0531889
6368,32,49,1140650,1731350,35.5681956,129.0520857
6369,31,49,1140550,1731350,35.5682098,129.0509826
6370,30,49,1140450,1731350,35.568224,129.0498794
6371,29,49,1140350,1731350,35.5682382,129.0487763
6372,28,49,1140250,1731350,35.5682523,129.0476731
6373,27,49,1140150,1731350,35.5682665,129.04657
6374,26,49,1140050,1731350,35.5682806,129.0454668
6375,25,49,1139950,1731350,35.5682948,129.0443637
6376,24,49,1139850,1731350,35.5683089,129.0432605
6377,23,49,1139750,1731350,35.568323,129.0421574
6378,22,49,1139650,1731350,35.5683371,129.0410542
6379,21,49,1139550,1731350,35.5683512,129.039951
6380,20,49,1139450,1731350,35.5683653,129.0388479
6381,19,49,1139350,1731350,35.5683794,129.0377447
6382,18,49,1139250,1731350,35.5683935,129.0366416
6383,17,49,1139150,1731350,35.5684075,129.0355384
6384,16,49,1139050,1731350,35.5684216,129.0344353
6385,15,49,1138950,1731350,35.5684356,129.0333321
6386,14,49,1138850,1731350,35.5684497,129.0322289
6387,13,49,1138750,1731350,35.5684637,129.0311258
6388,12,49,1138650,1731350,35.5684777,129.0300226
6389,11,49,1138550,1731350,35.5684917,129.0289194
6390,10,49,1138450,1731350,35.5685057,129.0278163
6391,9,49,1138350,1731350,35.5685196,129.0267131
6392,8,49,1138250,1731350,35.5685336,129.02561
6393,7,49,1138150,1731350,35.5685476,129.0245068
6394,6,49,1138050,1731350,35.5685615,129.0234036
6395,5,49,1137950,1731350,35.5685755,129.0223005
6396,4,49,1137850,1731350,35.5685894,129.0211973
6397,3,49,1137750,1731350,35.5686033,129.0200941
6398,2,49,1137650,1731350,35.5686172,129.0189909
6399,1,49,1137550,1731350,35.5686311,129.0178878
6400,0,49,1137450,1731350,35.568645,129.0167846
6401,0,50,1137450,1731450,35.5695463,129.0168016
6402,1,50,1137550,1731450,35.5695325,129.0179048
6403,2,50,1137650,1731450,35.5695186,129.019008
6404,3,50,1137750,1731450,35.5695046,129.0201111
6405,4,50,1137850,1731450,35.5694907,129.0212143
6406,5,50,1137950,1731450,35.5694768,129.0223175
6407,6,50,1138050,1731450,35.5694629,129.0234207
6408,7,50,1138150,1731450,35.5694489,129.0245239
6409,8,50,1138250,1731450,35.569435,129.025627
6410,9,50,1138350,1731450,35.569421,129.0267302
6411,10,50,1138450,1731450,35.569407,129.0278334
6412,11,50,1138550,1731450,35.569393,129.0289366
6413,12,50,1138650,1731450,35.569379,129.0300398
6414,13,50,1138750,1731450,35.569365,129.0311429
6415,14,50,1138850,1731450,35.569351,129.0322461
6416,15,50,1138950,1731450,35.569337,129.0333493
6417,16,50,1139050,1731450,35.5693229,129.0344524
6418,17,50,1139150,1731450,35.5693089,129.0355556
6419,18,50,1139250,1731450,35.5692948,129.0366588
6420,19,50,1139350,1731450,35.5692807,129.037762
6421,20,50,1139450,1731450,35.5692667,129.0388651
6422,21,50,1139550,1731450,35.5692526,129.0399683
6423,22,50,1139650,1731450,35.5692385,129.0410715
6424,23,50,1139750,1731450,35.5692244,129.0421746
6425,24,50,1139850,1731450,35.5692102,129.0432778
6426,25,50,1139950,1731450,35.5691961,129.044381
6427,26,50,1140050,1731450,35.569182,129.0454841
6428,27,50,1140150,1731450,35.5691678,129.0465873
6429,28,50,1140250,1731450,35.5691537,129.0476905
6430,29,50,1140350,1731450,35.5691395,129.0487936
6431,30,50,1140450,1731450,35.5691253,129.0498968
6432,31,50,1140550,1731450,35.5691111,129.0509999
6433,32,50,1140650,1731450,35.5690969,129.0521031
6434,33,50,1140750,1731450,35.5690827,129.0532063
6435,34,50,1140850,1731450,35.5690685,129.0543094
6436,35,50,1140950,1731450,35.5690543,129.0554126
6437,36,50,1141050,1731450,35.56904,129.0565157
6438,37,50,1141150,1731450,35.5690258,129.0576189
6439,38,50,1141250,1731450,35.5690115,129.058722
6440,39,50,1141350,1731450,35.5689972,129.0598252
6441,40,50,1141450,1731450,35.5689829,129.0609283
6442,41,50,1141550,1731450,35.5689687,129.0620315
6443,42,50,1141650,1731450,35.5689543,129.0631347
6444,43,50,1141750,1731450,35.56894,129.0642378
6445,44,50,1141850,1731450,35.5689257,129.065341
6446,45,50,1141950,1731450,35.5689114,129.0664441
6447,46,50,1142050,1731450,35.568897,129.0675473
6448,47,50,1142150,1731450,35.5688827,129.0686504
6449,48,50,1142250,1731450,35.5688683,129.0697535
6450,49,50,1142350,1731450,35.568854,129.0708567
6451,50,50,1142450,1731450,35.5688396,129.0719598
6452,51,50,1142550,1731450,35.5688252,129.073063
6453,52,50,1142650,1731450,35.5688108,129.0741661
6454,53,50,1142750,1731450,35.5687964,129.0752693
6455,54,50,1142850,1731450,35.5687819,129.0763724
6456,55,50,1142950,1731450,35.5687675,129.0774756
6457,56,50,1143050,1731450,35.5687531,129.0785787
6458,57,50,1143150,1731450,35.5687386,129.0796818
6459,58,50,1143250,1731450,35.5687241,129.080785
6460,59,50,1143350,1731450,35.5687097,129.0818881
6461,60,50,1143450,1731450,35.5686952,129.0829913
6462,61,50,1143550,1731450,35.5686807,129.0840944
6463,62,50,1143650,1731450,35.5686662,129.0851975
6464,63,50,1143750,1731450,35.5686517,129.0863007
6465,64,50,1143850,1731450,35.5686372,129.0874038
6466,65,50,1143950,1731450,35.5686226,129.0885069
6467,66,50,1144050,1731450,35.5686081,129.0896101
6468,67,50,1144150,1731450,35.5685935,129.0907132
6469,68,50,1144250,1731450,35.568579,129.0918163
6470,69,50,1144350,1731450,35.5685644,129.0929195
6471,70,50,1144450,1731450,35.5685498,129.0940226
6472,71,50,1144550,1731450,35.5685352,129.0951257
6473,72,50,1144650,1731450,35.5685206,129.0962289
6474,73,50,1144750,1731450,35.568506,129.097332
6475,74,50,1144850,1731450,35.5684914,129.0984351
6476,75,50,1144950,1731450,35.5684767,129.0995382
6477,76,50,1145050,1731450,35.5684621,129.1006414
6478,77,50,1145150,1731450,35.5684474,129.1017445
6479,78,50,1145250,1731450,35.5684328,129.1028476
6480,79,50,1145350,1731450,35.5684181,129.1039507
6481,80,50,1145450,1731450,35.5684034,129.1050539
6482,81,50,1145550,1731450,35.5683887,129.106157
6483,82,50,1145650,1731450,35.568374,129.1072601
6484,83,50,1145750,1731450,35.5683593,129.1083632
6485,84,50,1145850,1731450,35.5683446,129.1094663
6486,85,50,1145950,1731450,35.5683298,129.1105695
6487,86,50,1146050,1731450,35.5683151,129.1116726
6488,87,50,1146150,1731450,35.5683003,129.1127757
6489,88,50,1146250,1731450,35.5682856,129.1138788
6490,89,50,1146350,1731450,35.5682708,129.1149819
6491,90,50,1146450,1731450,35.568256,129.116085
6492,91,50,1146550,1731450,35.5682412,129.1171881
6493,92,50,1146650,1731450,35.5682264,129.1182913
6494,93,50,1146750,1731450,35.5682116,129.1193944
6495,94,50,1146850,1731450,35.5681967,129.1204975
6496,95,50,1146950,1731450,35.5681819,129.1216006
6497,96,50,1147050,1731450,35.5681671,129.1227037
6498,97,50,1147150,1731450,35.5681522,129.1238068
6499,98,50,1147250,1731450,35.5681373,129.1249099
6500,99,50,1147350,1731450,35.5681225,129.126013
6501,100,50,1147450,1731450,35.5681076,129.1271161
6502,101,50,1147550,1731450,35.5680927,129.1282192
6503,102,50,1147650,1731450,35.5680778,129.1293223
6504,103,50,1147750,1731450,35.5680629,129.1304254
6505,104,50,1147850,1731450,35.5680479,129.1315285
6506,105,50,1147950,1731450,35.568033,129.1326316
6507,106,50,1148050,1731450,35.568018,129.1337347
6508,107,50,1148150,1731450,35.5680031,129.1348379
6509,108,50,1148250,1731450,35.5679881,129.1359409
6510,109,50,1148350,1731450,35.5679731,129.137044
6511,110,50,1148450,1731450,35.5679581,129.1381471
6512,111,50,1148550,1731450,35.5679431,129.1392502
6513,112,50,1148650,1731450,35.5679281,129.1403533
6514,113,50,1148750,1731450,35.5679131,129.1414564
6515,114,50,1148850,1731450,35.5678981,129.1425595
6516,115,50,1148950,1731450,35.5678831,129.1436626
6517,116,50,1149050,1731450,35.567868,129.1447657
6518,117,50,1149150,1731450,35.5678529,129.1458688
6519,118,50,1149250,1731450,35.5678379,129.1469719
6520,119,50,1149350,1731450,35.5678228,129.148075
6521,120,50,1149450,1731450,35.5678077,129.1491781
6522,121,50,1149550,1731450,35.5677926,129.1502812
6523,122,50,1149650,1731450,35.5677775,129.1513843
6524,123,50,1149750,1731450,35.5677624,129.1524873
6525,124,50,1149850,1731450,35.5677473,129.1535904
6526,125,50,1149950,1731450,35.5677321,129.1546935
6527,126,50,1150050,1731450,35.567717,129.1557966
6528,127,50,1150150,1731450,35.5677018,129.1568997
6529,127,51,1150150,1731550,35.5686031,129.1569182
6530,126,51,1150050,1731550,35.5686182,129.1558152
6531,125,51,1149950,1731550,35.5686334,129.1547121
6532,124,51,1149850,1731550,35.5686485,129.153609
6533,123,51,1149750,1731550,35.5686637,129.1525059
6534,122,51,1149650,1731550,35.5686788,129.1514028
6535,121,51,1149550,1731550,35.5686939,129.1502997
6536,120,51,1149450,1731550,35.568709,129.1491966
6537,119,51,1149350,1731550,35.5687241,129.1480935
6538,118,51,1149250,1731550,35.5687392,129.1469904
6539,117,51,1149150,1731550,35.5687542,129.1458872
6540,116,51,1149050,1731550,35.5687693,129.1447841
6541,115,51,1148950,1731550,35.5687843,129.143681
6542,114,51,1148850,1731550,35.5687994,129.1425779
6543,113,51,1148750,1731550,35.5688144,129.1414748
6544,112,51,1148650,1731550,35.5688294,129.1403717
6545,111,51,1148550,1731550,35.5688444,129.1392686
6546,110,51,1148450,1731550,35.5688594,129.1381655
6547,109,51,1148350,1731550,35.5688744,129.1370624
6548,108,51,1148250,1731550,35.5688894,129.1359593
6549,107,51,1148150,1731550,35.5689044,129.1348562
6550,106,51,1148050,1731550,35.5689193,129.1337531
6551,105,51,1147950,1731550,35.5689343,129.1326499
6552,104,51,1147850,1731550,35.5689492,129.1315468
6553,103,51,1147750,1731550,35.5689641,129.1304437
6554,102,51,1147650,1731550,35.5689791,129.1293406
6555,101,51,1147550,1731550,35.568994,129.1282375
6556,100,51,1147450,1731550,35.5690089,129.1271344
6557,99,51,1147350,1731550,35.5690238,129.1260312
6558,98,51,1147250,1731550,35.5690386,129.1249281
6559,97,51,1147150,1731550,35.5690535,129.123825
6560,96,51,1147050,1731550,35.5690684,129.1227219
6561,95,51,1146950,1731550,35.5690832,129.1216188
6562,94,51,1146850,1731550,35.569098,129.1205156
6563,93,51,1146750,1731550,35.5691129,129.1194125
6564,92,51,1146650,1731550,35.5691277,129.1183094
6565,91,51,1146550,1731550,35.5691425,129.1172063
6566,90,51,1146450,1731550,35.5691573,129.1161031
6567,89,51,1146350,1731550,35.5691721,129.115
6568,88,51,1146250,1731550,35.5691869,129.1138969
6569,87,51,1146150,1731550,35.5692016,129.1127938
6570,86,51,1146050,1731550,35.5692164,129.1116906
6571,85,51,1145950,1731550,35.5692311,129.1105875
6572,84,51,1145850,1731550,35.5692459,129.1094844
6573,83,51,1145750,1731550,35.5692606,129.1083812
6574,82,51,1145650,1731550,35.5692753,129.1072781
6575,81,51,1145550,1731550,35.56929,129.106175
6576,80,51,1145450,1731550,35.5693047,129.1050718
6577,79,51,1145350,1731550,35.5693194,129.1039687
6578,78,51,1145250,1731550,35.5693341,129.1028656
6579,77,51,1145150,1731550,35.5693487,129.1017624
6580,76,51,1145050,1731550,35.5693634,129.1006593
6581,75,51,1144950,1731550,35.569378,129.0995562
6582,74,51,1144850,1731550,35.5693927,129.098453
6583,73,51,1144750,1731550,35.5694073,129.0973499
6584,72,51,1144650,1731550,35.5694219,129.0962467
6585,71,51,1144550,1731550,35.5694365,129.0951436
6586,70,51,1144450,1731550,35.5694511,129.0940405
6587,69,51,1144350,1731550,35.5694657,129.0929373
6588,68,51,1144250,1731550,35.5694803,129.0918342
6589,67,51,1144150,1731550,35.5694948,129.090731
6590,66,51,1144050,1731550,35.5695094,129.0896279
6591,65,51,1143950,1731550,35.5695239,129.0885247
6592,64,51,1143850,1731550,35.5695385,129.0874216
6593,63,51,1143750,1731550,35.569553,129.0863184
6594,62,51,1143650,1731550,35.5695675,129.0852153
6595,61,51,1143550,1731550,35.569582,129.0841121
6596,60,51,1143450,1731550,35.5695965,129.083009
6597,59,51,1143350,1731550,35.569611,129.0819058
6598,58,51,1143250,1731550,35.5696255,129.0808027
6599,57,51,1143150,1731550,35.5696399,129.0796995
6600,56,51,1143050,1731550,35.5696544,129.0785964
6601,55,51,1142950,1731550,35.5696688,129.0774932
6602,54,51,1142850,1731550,35.5696833,129.0763901
6603,53,51,1142750,1731550,35.5696977,129.0752869
6604,52,51,1142650,1731550,35.5697121,129.0741838
6605,51,51,1142550,1731550,35.5697265,129.0730806
6606,50,51,1142450,1731550,35.5697409,129.0719775
6607,49,51,1142350,1731550,35.5697553,129.0708743
6608,48,51,1142250,1731550,35.5697696,129.0697711
6609,47,51,1142150,1731550,35.569784,129.068668
6610,46,51,1142050,1731550,35.5697984,129.0675648
6611,45,51,1141950,1731550,35.5698127,129.0664617
6612,44,51,1141850,1731550,35.569827,129.0653585
6613,43,51,1141750,1731550,35.5698414,129.0642553
6614,42,51,1141650,1731550,35.5698557,129.0631522
6615,41,51,1141550,1731550,35.56987,129.062049
6616,40,51,1141450,1731550,35.5698843,129.0609458
6617,39,51,1141350,1731550,35.5698985,129.0598427
6618,38,51,1141250,1731550,35.5699128,129.0587395
6619,37,51,1141150,1731550,35.5699271,129.0576363
6620,36,51,1141050,1731550,35.5699413,129.0565332
6621,35,51,1140950,1731550,35.5699556,129.05543
6622,34,51,1140850,1731550,35.5699698,129.0543268
6623,33,51,1140750,1731550,35.569984,129.0532237
6624,32,51,1140650,1731550,35.5699982,129.0521205
6625,31,51,1140550,1731550,35.5700124,129.0510173
6626,30,51,1140450,1731550,35.5700266,129.0499141
6627,29,51,1140350,1731550,35.5700408,129.048811
6628,28,51,1140250,1731550,35.570055,129.0477078
6629,27,51,1140150,1731550,35.5700691,129.0466046
6630,26,51,1140050,1731550,35.5700833,129.0455014
6631,25,51,1139950,1731550,35.5700974,129.0443983
6632,24,51,1139850,1731550,35.5701116,129.0432951
6633,23,51,1139750,1731550,35.5701257,129.0421919
6634,22,51,1139650,1731550,35.5701398,129.0410887
6635,21,51,1139550,1731550,35.5701539,129.0399855
6636,20,51,1139450,1731550,35.570168,129.0388824
6637,19,51,1139350,1731550,35.5701821,129.0377792
6638,18,51,1139250,1731550,35.5701961,129.036676
6639,17,51,1139150,1731550,35.5702102,129.0355728
6640,16,51,1139050,1731550,35.5702243,129.0344696
6641,15,51,1138950,1731550,35.5702383,129.0333665
6642,14,51,1138850,1731550,35.5702523,129.0322633
6643,13,51,1138750,1731550,35.5702663,129.0311601
6644,12,51,1138650,1731550,35.5702804,129.0300569
6645,11,51,1138550,1731550,35.5702944,129.0289537
6646,10,51,1138450,1731550,35.5703083,129.0278505
6647,9,51,1138350,1731550,35.5703223,129.0267473
6648,8,51,1138250,1731550,35.5703363,129.0256441
6649,7,51,1138150,1731550,35.5703503,129.0245409
6650,6,51,1138050,1731550,35.5703642,129.0234378
6651,5,51,1137950,1731550,35.5703781,129.0223346
6652,4,51,1137850,1731550,35.5703921,129.0212314
6653,3,51,1137750,1731550,35.570406,129.0201282
6654,2,51,1137650,1731550,35.5704199,129.019025
6655,1,51,1137550,1731550,35.5704338,129.0179218
6656,0,51,1137450,1731550,35.5704477,129.0168186
6657,0,52,1137450,1731650,35.571349,129.0168356
6658,1,52,1137550,1731650,35.5713351,129.0179388
6659,2,52,1137650,1731650,35.5713212,129.019042
6660,3,52,1137750,1731650,35.5713073,129.0201452
6661,4,52,1137850,1731650,35.5712934,129.0212484
6662,5,52,1137950,1731650,35.5712795,129.0223516
6663,6,52,1138050,1731650,35.5712655,129.0234548
6664,7,52,1138150,1731650,35.5712516,129.024558
6665,8,52,1138250,1731650,35.5712376,129.0256612
6666,9,52,1138350,1731650,35.5712237,129.0267644
6667,10,52,1138450,1731650,35.5712097,129.0278676
6668,11,52,1138550,1731650,35.5711957,129.0289708
6669,12,52,1138650,1731650,35.5711817,129.030074
6670,13,52,1138750,1731650,35.5711677,129.0311772
6671,14,52,1138850,1731650,35.5711537,129.0322804
6672,15,52,1138950,1731650,35.5711396,129.0333836
6673,16,52,1139050,1731650,35.5711256,129.0344868
6674,17,52,1139150,1731650,35.5711115,129.03559
6675,18,52,1139250,1731650,35.5710975,129.0366932
6676,19,52,1139350,1731650,35.5710834,129.0377964
6677,20,52,1139450,1731650,35.5710693,129.0388996
6678,21,52,1139550,1731650,35.5710552,129.0400028
6679,22,52,1139650,1731650,35.5710411,129.041106
6680,23,52,1139750,1731650,35.571027,129.0422092
6681,24,52,1139850,1731650,35.5710129,129.0433124
6682,25,52,1139950,1731650,35.5709988,129.0444156
6683,26,52,1140050,1731650,35.5709846,129.0455188
6684,27,52,1140150,1731650,35.5709705,129.0466219
6685,28,52,1140250,1731650,35.5709563,129.0477251
6686,29,52,1140350,1731650,35.5709421,129.0488283
6687,30,52,1140450,1731650,35.570928,129.0499315
6688,31,52,1140550,1731650,35.5709138,129.0510347
6689,32,52,1140650,1731650,35.5708996,129.0521379
6690,33,52,1140750,1731650,35.5708854,129.0532411
6691,34,52,1140850,1731650,35.5708711,129.0543442
6692,35,52,1140950,1731650,35.5708569,129.0554474
6693,36,52,1141050,1731650,35.5708427,129.0565506
6694,37,52,1141150,1731650,35.5708284,129.0576538
6695,38,52,1141250,1731650,35.5708141,129.058757
6696,39,52,1141350,1731650,35.5707999,129.0598601
6697,40,52,1141450,1731650,35.5707856,129.0609633
6698,41,52,1141550,1731650,35.5707713,129.0620665
6699,42,52,1141650,1731650,35.570757,129.0631697
6700,43,52,1141750,1731650,35.5707427,129.0642729
6701,44,52,1141850,1731650,35.5707284,129.065376
6702,45,52,1141950,1731650,35.570714,129.0664792
6703,46,52,1142050,1731650,35.5706997,129.0675824
6704,47,52,1142150,1731650,35.5706853,129.0686855
6705,48,52,1142250,1731650,35.570671,129.0697887
6706,49,52,1142350,1731650,35.5706566,129.0708919
6707,50,52,1142450,1731650,35.5706422,129.0719951
6708,51,52,1142550,1731650,35.5706278,129.0730982
6709,52,52,1142650,1731650,35.5706134,129.0742014
6710,53,52,1142750,1731650,35.570599,129.0753046
6711,54,52,1142850,1731650,35.5705846,129.0764077
6712,55,52,1142950,1731650,35.5705701,129.0775109
6713,56,52,1143050,1731650,35.5705557,129.0786141
6714,57,52,1143150,1731650,35.5705412,129.0797172
6715,58,52,1143250,1731650,35.5705268,129.0808204
6716,59,52,1143350,1731650,35.5705123,129.0819236
6717,60,52,1143450,1731650,35.5704978,129.0830267
6718,61,52,1143550,1731650,35.5704833,129.0841299
6719,62,52,1143650,1731650,35.5704688,129.085233
6720,63,52,1143750,1731650,35.5704543,129.0863362
6721,64,52,1143850,1731650,35.5704398,129.0874394
6722,65,52,1143950,1731650,35.5704252,129.0885425
6723,66,52,1144050,1731650,35.5704107,129.0896457
6724,67,52,1144150,1731650,35.5703961,129.0907488
6725,68,52,1144250,1731650,35.5703816,129.091852
6726,69,52,1144350,1731650,35.570367,129.0929552
6727,70,52,1144450,1731650,35.5703524,129.0940583
6728,71,52,1144550,1731650,35.5703378,129.0951615
6729,72,52,1144650,1731650,35.5703232,129.0962646
6730,73,52,1144750,1731650,35.5703086,129.0973678
6731,74,52,1144850,1731650,35.570294,129.0984709
6732,75,52,1144950,1731650,35.5702793,129.0995741
6733,76,52,1145050,1731650,35.5702647,129.1006772
6734,77,52,1145150,1731650,35.57025,129.1017804
6735,78,52,1145250,1731650,35.5702354,129.1028835
6736,79,52,1145350,1731650,35.5702207,129.1039867
6737,80,52,1145450,1731650,35.570206,129.1050898
6738,81,52,1145550,1731650,35.5701913,129.106193
6739,82,52,1145650,1731650,35.5701766,129.1072961
6740,83,52,1145750,1731650,35.5701619,129.1083993
6741,84,52,1145850,1731650,35.5701472,129.1095024
6742,85,52,1145950,1731650,35.5701324,129.1106055
6743,86,52,1146050,1731650,35.5701177,129.1117087
6744,87,52,1146150,1731650,35.5701029,129.1128118
6745,88,52,1146250,1731650,35.5700882,129.113915
6746,89,52,1146350,1731650,35.5700734,129.1150181
6747,90,52,1146450,1731650,35.5700586,129.1161212
6748,91,52,1146550,1731650,35.5700438,129.1172244
6749,92,52,1146650,1731650,35.570029,129.1183275
6750,93,52,1146750,1731650,35.5700142,129.1194307
6751,94,52,1146850,1731650,35.5699993,129.1205338
6752,95,52,1146950,1731650,35.5699845,129.1216369
6753,96,52,1147050,1731650,35.5699697,129.1227401
6754,97,52,1147150,1731650,35.5699548,129.1238432
6755,98,52,1147250,1731650,35.5699399,129.1249463
6756,99,52,1147350,1731650,35.5699251,129.1260495
6757,100,52,1147450,1731650,35.5699102,129.1271526
6758,101,52,1147550,1731650,35.5698953,129.1282557
6759,102,52,1147650,1731650,35.5698804,129.1293588
6760,103,52,1147750,1731650,35.5698654,129.130462
6761,104,52,1147850,1731650,35.5698505,129.1315651
6762,105,52,1147950,1731650,35.5698356,129.1326682
6763,106,52,1148050,1731650,35.5698206,129.1337714
6764,107,52,1148150,1731650,35.5698057,129.1348745
6765,108,52,1148250,1731650,35.5697907,129.1359776
6766,109,52,1148350,1731650,35.5697757,129.1370807
6767,110,52,1148450,1731650,35.5697607,129.1381838
6768,111,52,1148550,1731650,35.5697457,129.139287
6769,112,52,1148650,1731650,35.5697307,129.1403901
6770,113,52,1148750,1731650,35.5697157,129.1414932
6771,114,52,1148850,1731650,35.5697007,129.1425963
6772,115,52,1148950,1731650,35.5696856,129.1436995
6773,116,52,1149050,1731650,35.5696706,129.1448026
6774,117,52,1149150,1731650,35.5696555,129.1459057
6775,118,52,1149250,1731650,35.5696405,129.1470088
6776,119,52,1149350,1731650,35.5696254,129.1481119
6777,120,52,1149450,1731650,35.5696103,129.149215
6778,121,52,1149550,1731650,35.5695952,129.1503181
6779,122,52,1149650,1731650,35.5695801,129.1514213
6780,123,52,1149750,1731650,35.569565,129.1525244
6781,124,52,1149850,1731650,35.5695498,129.1536275
6782,125,52,1149950,1731650,35.5695347,129.1547306
6783,126,52,1150050,1731650,35.5695195,129.1558337
6784,127,52,1150150,1731650,35.5695044,129.1569368
6785,127,53,1150150,1731750,35.5704057,129.1569554
6786,126,53,1150050,1731750,35.5704208,129.1558523
6787,125,53,1149950,1731750,35.570436,129.1547491
6788,124,53,1149850,1731750,35.5704511,129.153646
6789,123,53,1149750,1731750,35.5704662,129.1525429
6790,122,53,1149650,1731750,35.5704814,129.1514398
6791,121,53,1149550,1731750,35.5704965,129.1503366
6792,120,53,1149450,1731750,35.5705116,129.1492335
6793,119,53,1149350,1731750,35.5705267,129.1481304
6794,118,53,1149250,1731750,35.5705417,129.1470273
6795,117,53,1149150,1731750,35.5705568,129.1459241
6796,116,53,1149050,1731750,35.5705719,129.144821
6797,115,53,1148950,1731750,35.5705869,129.1437179
6798,114,53,1148850,1731750,35.570602,129.1426147
6799,113,53,1148750,1731750,35.570617,129.1415116
6800,112,53,1148650,1731750,35.570632,129.1404085
6801,111,53,1148550,1731750,35.570647,129.1393053
6802,110,53,1148450,1731750,35.570662,129.1382022
6803,109,53,1148350,1731750,35.570677,129.1370991
6804,108,53,1148250,1731750,35.570692,129.1359959
6805,107,53,1148150,1731750,35.570707,129.1348928
6806,106,53,1148050,1731750,35.5707219,129.1337897
6807,105,53,1147950,1731750,35.5707369,129.1326865
6808,104,53,1147850,1731750,35.5707518,129.1315834
6809,103,53,1147750,1731750,35.5707667,129.1304802
6810,102,53,1147650,1731750,35.5707816,129.1293771
6811,101,53,1147550,1731750,35.5707966,129.128274
6812,100,53,1147450,1731750,35.5708115,129.1271708
6813,99,53,1147350,1731750,35.5708263,129.1260677
6814,98,53,1147250,1731750,35.5708412,129.1249645
6815,97,53,1147150,1731750,35.5708561,129.1238614
6816,96,53,1147050,1731750,35.570871,129.1227582
6817,95,53,1146950,1731750,35.5708858,129.1216551
6818,94,53,1146850,1731750,35.5709006,129.1205519
6819,93,53,1146750,1731750,35.5709155,129.1194488
6820,92,53,1146650,1731750,35.5709303,129.1183456
6821,91,53,1146550,1731750,35.5709451,129.1172425
6822,90,53,1146450,1731750,35.5709599,129.1161393
6823,89,53,1146350,1731750,35.5709747,129.1150362
6824,88,53,1146250,1731750,35.5709895,129.113933
6825,87,53,1146150,1731750,35.5710042,129.1128299
6826,86,53,1146050,1731750,35.571019,129.1117267
6827,85,53,1145950,1731750,35.5710337,129.1106236
6828,84,53,1145850,1731750,35.5710485,129.1095204
6829,83,53,1145750,1731750,35.5710632,129.1084173
6830,82,53,1145650,1731750,35.5710779,129.1073141
6831,81,53,1145550,1731750,35.5710926,129.106211
6832,80,53,1145450,1731750,35.5711073,129.1051078
6833,79,53,1145350,1731750,35.571122,129.1040046
6834,78,53,1145250,1731750,35.5711367,129.1029015
6835,77,53,1145150,1731750,35.5711513,129.1017983
6836,76,53,1145050,1731750,35.571166,129.1006952
6837,75,53,1144950,1731750,35.5711806,129.099592
6838,74,53,1144850,1731750,35.5711953,129.0984888
6839,73,53,1144750,1731750,35.5712099,129.0973857
6840,72,53,1144650,1731750,35.5712245,129.0962825
6841,71,53,1144550,1731750,35.5712391,129.0951793
6842,70,53,1144450,1731750,35.5712537,129.0940762
6843,69,53,1144350,1731750,35.5712683,129.092973
6844,68,53,1144250,1731750,35.5712829,129.0918698
6845,67,53,1144150,1731750,35.5712975,129.0907667
6846,66,53,1144050,1731750,35.571312,129.0896635
6847,65,53,1143950,1731750,35.5713266,129.0885603
6848,64,53,1143850,1731750,35.5713411,129.0874572
6849,63,53,1143750,1731750,35.5713556,129.086354
6850,62,53,1143650,1731750,35.5713701,129.0852508
6851,61,53,1143550,1731750,35.5713846,129.0841476
6852,60,53,1143450,1731750,35.5713991,129.0830445
6853,59,53,1143350,1731750,35.5714136,129.0819413
6854,58,53,1143250,1731750,35.5714281,129.0808381
6855,57,53,1143150,1731750,35.5714426,129.0797349
6856,56,53,1143050,1731750,35.571457,129.0786318
6857,55,53,1142950,1731750,35.5714715,129.0775286
6858,54,53,1142850,1731750,35.5714859,129.0764254
6859,53,53,1142750,1731750,35.5715003,129.0753222
6860,52,53,1142650,1731750,35.5715147,129.074219
6861,51,53,1142550,1731750,35.5715291,129.0731159
6862,50,53,1142450,1731750,35.5715435,129.0720127
6863,49,53,1142350,1731750,35.5715579,129.0709095
6864,48,53,1142250,1731750,35.5715723,129.0698063
6865,47,53,1142150,1731750,35.5715866,129.0687031
6866,46,53,1142050,1731750,35.571601,129.0675999
6867,45,53,1141950,1731750,35.5716153,129.0664968
6868,44,53,1141850,1731750,35.5716297,129.0653936
6869,43,53,1141750,1731750,35.571644,129.0642904
6870,42,53,1141650,1731750,35.5716583,129.0631872
6871,41,53,1141550,1731750,35.5716726,129.062084
6872,40,53,1141450,1731750,35.5716869,129.0609808
6873,39,53,1141350,1731750,35.5717012,129.0598776
6874,38,53,1141250,1731750,35.5717155,129.0587744
6875,37,53,1141150,1731750,35.5717297,129.0576712
6876,36,53,1141050,1731750,35.571744,129.056568
6877,35,53,1140950,1731750,35.5717582,129.0554648
6878,34,53,1140850,1731750,35.5717725,129.0543617
6879,33,53,1140750,1731750,35.5717867,129.0532585
6880,32,53,1140650,1731750,35.5718009,129.0521553
6881,31,53,1140550,1731750,35.5718151,129.0510521
6882,30,53,1140450,1731750,35.5718293,129.0499489
6883,29,53,1140350,1731750,35.5718435,129.0488457
6884,28,53,1140250,1731750,35.5718576,129.0477425
6885,27,53,1140150,1731750,35.5718718,129.0466393
6886,26,53,1140050,1731750,35.571886,129.0455361
6887,25,53,1139950,1731750,35.5719001,129.0444329
6888,24,53,1139850,1731750,35.5719142,129.0433297
6889,23,53,1139750,1731750,35.5719284,129.0422265
6890,22,53,1139650,1731750,35.5719425,129.0411233
6891,21,53,1139550,1731750,35.5719566,129.0400201
6892,20,53,1139450,1731750,35.5719707,129.0389168
6893,19,53,1139350,1731750,35.5719847,129.0378136
6894,18,53,1139250,1731750,35.5719988,129.0367104
6895,17,53,1139150,1731750,35.5720129,129.0356072
6896,16,53,1139050,1731750,35.5720269,129.034504
6897,15,53,1138950,1731750,35.572041,129.0334008
6898,14,53,1138850,1731750,35.572055,129.0322976
6899,13,53,1138750,1731750,35.572069,129.0311944
6900,12,53,1138650,1731750,35.572083,129.0300912
6901,11,53,1138550,1731750,35.572097,129.028988
6902,10,53,1138450,1731750,35.572111,129.0278848
6903,9,53,1138350,1731750,35.572125,129.0267815
6904,8,53,1138250,1731750,35.572139,129.0256783
6905,7,53,1138150,1731750,35.5721529,129.0245751
6906,6,53,1138050,1731750,35.5721669,129.0234719
6907,5,53,1137950,1731750,35.5721808,129.0223687
6908,4,53,1137850,1731750,35.5721948,129.0212655
6909,3,53,1137750,1731750,35.5722087,129.0201622
6910,2,53,1137650,1731750,35.5722226,129.019059
6911,1,53,1137550,1731750,35.5722365,129.0179558
6912,0,53,1137450,1731750,35.5722504,129.0168526
6913,0,54,1137450,1731850,35.5731517,129.0168696
6914,1,54,1137550,1731850,35.5731378,129.0179728
6915,2,54,1137650,1731850,35.5731239,129.019076
6916,3,54,1137750,1731850,35.57311,129.0201793
6917,4,54,1137850,1731850,35.5730961,129.0212825
6918,5,54,1137950,1731850,35.5730822,129.0223857
6919,6,54,1138050,1731850,35.5730682,129.023489
6920,7,54,1138150,1731850,35.5730543,129.0245922
6921,8,54,1138250,1731850,35.5730403,129.0256954
6922,9,54,1138350,1731850,35.5730263,129.0267986
6923,10,54,1138450,1731850,35.5730124,129.0279019
6924,11,54,1138550,1731850,35.5729984,129.0290051
6925,12,54,1138650,1731850,35.5729844,129.0301083
6926,13,54,1138750,1731850,35.5729704,129.0312115
6927,14,54,1138850,1731850,35.5729563,129.0323148
6928,15,54,1138950,1731850,35.5729423,129.033418
6929,16,54,1139050,1731850,35.5729283,129.0345212
6930,17,54,1139150,1731850,35.5729142,129.0356244
6931,18,54,1139250,1731850,35.5729001,129.0367277
6932,19,54,1139350,1731850,35.5728861,129.0378309
6933,20,54,1139450,1731850,35.572872,129.0389341
6934,21,54,1139550,1731850,35.5728579,129.0400373
6935,22,54,1139650,1731850,35.5728438,129.0411405
6936,23,54,1139750,1731850,35.5728297,129.0422437
6937,24,54,1139850,1731850,35.5728156,129.043347
6938,25,54,1139950,1731850,35.5728014,129.0444502
6939,26,54,1140050,1731850,35.5727873,129.0455534
6940,27,54,1140150,1731850,35.5727731,129.0466566
6941,28,54,1140250,1731850,35.572759,129.0477598
6942,29,54,1140350,1731850,35.5727448,129.048863
6943,30,54,1140450,1731850,35.5727306,129.0499662
6944,31,54,1140550,1731850,35.5727164,129.0510694
6945,32,54,1140650,1731850,35.5727022,129.0521727
6946,33,54,1140750,1731850,35.572688,129.0532759
6947,34,54,1140850,1731850,35.5726738,129.0543791
6948,35,54,1140950,1731850,35.5726596,129.0554823
6949,36,54,1141050,1731850,35.5726453,129.0565855
6950,37,54,1141150,1731850,35.5726311,129.0576887
6951,38,54,1141250,1731850,35.5726168,129.0587919
6952,39,54,1141350,1731850,35.5726025,129.0598951
6953,40,54,1141450,1731850,35.5725882,129.0609983
6954,41,54,1141550,1731850,35.5725739,129.0621015
6955,42,54,1141650,1731850,35.5725596,129.0632047
6956,43,54,1141750,1731850,35.5725453,129.0643079
6957,44,54,1141850,1731850,35.572531,129.0654111
6958,45,54,1141950,1731850,35.5725167,129.0665143
6959,46,54,1142050,1731850,35.5725023,129.0676175
6960,47,54,1142150,1731850,35.572488,129.0687207
6961,48,54,1142250,1731850,35.5724736,129.0698239
6962,49,54,1142350,1731850,35.5724592,129.0709271
6963,50,54,1142450,1731850,35.5724448,129.0720303
6964,51,54,1142550,1731850,35.5724304,129.0731335
6965,52,54,1142650,1731850,35.572416,129.0742367
6966,53,54,1142750,1731850,35.5724016,129.0753399
6967,54,54,1142850,1731850,35.5723872,129.0764431
6968,55,54,1142950,1731850,35.5723728,129.0775463
6969,56,54,1143050,1731850,35.5723583,129.0786494
6970,57,54,1143150,1731850,35.5723439,129.0797526
6971,58,54,1143250,1731850,35.5723294,129.0808558
6972,59,54,1143350,1731850,35.5723149,129.081959
6973,60,54,1143450,1731850,35.5723004,129.0830622
6974,61,54,1143550,1731850,35.5722859,129.0841654
6975,62,54,1143650,1731850,35.5722714,129.0852686
6976,63,54,1143750,1731850,35.5722569,129.0863718
6977,64,54,1143850,1731850,35.5722424,129.0874749
6978,65,54,1143950,1731850,35.5722279,129.0885781
6979,66,54,1144050,1731850,35.5722133,129.0896813
6980,67,54,1144150,1731850,35.5721988,129.0907845
6981,68,54,1144250,1731850,35.5721842,129.0918877
6982,69,54,1144350,1731850,35.5721696,129.0929908
6983,70,54,1144450,1731850,35.572155,129.094094
6984,71,54,1144550,1731850,35.5721404,129.0951972
6985,72,54,1144650,1731850,35.5721258,129.0963004
6986,73,54,1144750,1731850,35.5721112,129.0974036
6987,74,54,1144850,1731850,35.5720966,129.0985067
6988,75,54,1144950,1731850,35.572082,129.0996099
6989,76,54,1145050,1731850,35.5720673,129.1007131
6990,77,54,1145150,1731850,35.5720526,129.1018163
6991,78,54,1145250,1731850,35.572038,129.1029194
6992,79,54,1145350,1731850,35.5720233,129.1040226
6993,80,54,1145450,1731850,35.5720086,129.1051258
6994,81,54,1145550,1731850,35.5719939,129.106229
6995,82,54,1145650,1731850,35.5719792,129.1073321
6996,83,54,1145750,1731850,35.5719645,129.1084353
6997,84,54,1145850,1731850,35.5719498,129.1095385
6998,85,54,1145950,1731850,35.571935,129.1106416
6999,86,54,1146050,1731850,35.5719203,129.1117448
7000,87,54,1146150,1731850,35.5719055,129.112848
7001,88,54,1146250,1731850,35.5718908,129.1139511
7002,89,54,1146350,1731850,35.571876,129.1150543
7003,90,54,1146450,1731850,35.5718612,129.1161575
7004,91,54,1146550,1731850,35.5718464,129.1172606
7005,92,54,1146650,1731850,35.5718316,129.1183638
7006,93,54,1146750,1731850,35.5718168,129.1194669
7007,94,54,1146850,1731850,35.5718019,129.1205701
7008,95,54,1146950,1731850,35.5717871,129.1216733
7009,96,54,1147050,1731850,35.5717722,129.1227764
7010,97,54,1147150,1731850,35.5717574,129.1238796
7011,98,54,1147250,1731850,35.5717425,129.1249827
7012,99,54,1147350,1731850,35.5717276,129.1260859
7013,100,54,1147450,1731850,35.5717128,129.127189
7014,101,54,1147550,1731850,35.5716979,129.1282922
7015,102,54,1147650,1731850,35.5716829,129.1293954
7016,103,54,1147750,1731850,35.571668,129.1304985
7017,104,54,1147850,1731850,35.5716531,129.1316017
7018,105,54,1147950,1731850,35.5716382,129.1327048
7019,106,54,1148050,1731850,35.5716232,129.133808
7020,107,54,1148150,1731850,35.5716082,129.1349111
7021,108,54,1148250,1731850,35.5715933,129.1360143
7022,109,54,1148350,1731850,35.5715783,129.1371174
7023,110,54,1148450,1731850,35.5715633,129.1382206
7024,111,54,1148550,1731850,35.5715483,129.1393237
7025,112,54,1148650,1731850,35.5715333,129.1404268
7026,113,54,1148750,1731850,35.5715183,129.14153
7027,114,54,1148850,1731850,35.5715032,129.1426331
7028,115,54,1148950,1731850,35.5714882,129.1437363
7029,116,54,1149050,1731850,35.5714732,129.1448394
7030,117,54,1149150,1731850,35.5714581,129.1459426
7031,118,54,1149250,1731850,35.571443,129.1470457
7032,119,54,1149350,1731850,35.5714279,129.1481488
7033,120,54,1149450,1731850,35.5714129,129.149252
7034,121,54,1149550,1731850,35.5713977,129.1503551
7035,122,54,1149650,1731850,35.5713826,129.1514583
7036,123,54,1149750,1731850,35.5713675,129.1525614
7037,124,54,1149850,1731850,35.5713524,129.1536645
7038,125,54,1149950,1731850,35.5713372,129.1547677
7039,126,54,1150050,1731850,35.5713221,129.1558708
7040,127,54,1150150,1731850,35.5713069,129.1569739
7041,127,55,1150150,1731950,35.5722082,129.1569925
7042,126,55,1150050,1731950,35.5722234,129.1558894
7043,125,55,1149950,1731950,35.5722385,129.1547862
7044,124,55,1149850,1731950,35.5722537,129.1536831
7045,123,55,1149750,1731950,35.5722688,129.1525799
7046,122,55,1149650,1731950,35.5722839,129.1514768
7047,121,55,1149550,1731950,35.572299,129.1503736
7048,120,55,1149450,1731950,35.5723141,129.1492705
7049,119,55,1149350,1731950,35.5723292,129.1481673
7050,118,55,1149250,1731950,35.5723443,129.1470642
7051,117,55,1149150,1731950,35.5723594,129.145961
7052,116,55,1149050,1731950,35.5723744,129.1448578
7053,115,55,1148950,1731950,35.5723895,129.1437547
7054,114,55,1148850,1731950,35.5724045,129.1426515
7055,113,55,1148750,1731950,35.5724196,129.1415484
7056,112,55,1148650,1731950,35.5724346,129.1404452
7057,111,55,1148550,1731950,35.5724496,129.1393421
7058,110,55,1148450,1731950,35.5724646,129.1382389
7059,109,55,1148350,1731950,35.5724796,129.1371357
7060,108,55,1148250,1731950,35.5724946,129.1360326
7061,107,55,1148150,1731950,35.5725095,129.1349294
7062,106,55,1148050,1731950,35.5725245,129.1338263
7063,105,55,1147950,1731950,35.5725394,129.1327231
7064,104,55,1147850,1731950,35.5725544,129.1316199
7065,103,55,1147750,1731950,35.5725693,129.1305168
7066,102,55,1147650,1731950,35.5725842,129.1294136
7067,101,55,1147550,1731950,35.5725991,129.1283104
7068,100,55,1147450,1731950,35.572614,129.1272073
7069,99,55,1147350,1731950,35.5726289,129.1261041
7070,98,55,1147250,1731950,35.5726438,129.1250009
7071,97,55,1147150,1731950,35.5726587,129.1238978
7072,96,55,1147050,1731950,35.5726735,129.1227946
7073,95,55,1146950,1731950,35.5726884,129.1216914
7074,94,55,1146850,1731950,35.5727032,129.1205883
7075,93,55,1146750,1731950,35.5727181,129.1194851
7076,92,55,1146650,1731950,35.5727329,129.1183819
7077,91,55,1146550,1731950,35.5727477,129.1172787
7078,90,55,1146450,1731950,35.5727625,129.1161756
7079,89,55,1146350,1731950,35.5727773,129.1150724
7080,88,55,1146250,1731950,35.5727921,129.1139692
7081,87,55,1146150,1731950,35.5728068,129.112866
7082,86,55,1146050,1731950,35.5728216,129.1117628
7083,85,55,1145950,1731950,35.5728363,129.1106597
7084,84,55,1145850,1731950,35.5728511,129.1095565
7085,83,55,1145750,1731950,35.5728658,129.1084533
7086,82,55,1145650,1731950,35.5728805,129.1073501
7087,81,55,1145550,1731950,35.5728952,129.1062469
7088,80,55,1145450,1731950,35.5729099,129.1051438
7089,79,55,1145350,1731950,35.5729246,129.1040406
7090,78,55,1145250,1731950,35.5729393,129.1029374
7091,77,55,1145150,1731950,35.572954,129.1018342
7092,76,55,1145050,1731950,35.5729686,129.100731
7093,75,55,1144950,1731950,35.5729833,129.0996278
7094,74,55,1144850,1731950,35.5729979,129.0985246
7095,73,55,1144750,1731950,35.5730125,129.0974215
7096,72,55,1144650,1731950,35.5730271,129.0963183
7097,71,55,1144550,1731950,35.5730417,129.0952151
7098,70,55,1144450,1731950,35.5730563,129.0941119
7099,69,55,1144350,1731950,35.5730709,129.0930087
7100,68,55,1144250,1731950,35.5730855,129.0919055
7101,67,55,1144150,1731950,35.5731001,129.0908023
7102,66,55,1144050,1731950,35.5731146,129.0896991
7103,65,55,1143950,1731950,35.5731292,129.0885959
7104,64,55,1143850,1731950,35.5731437,129.0874927
7105,63,55,1143750,1731950,35.5731582,129.0863895
7106,62,55,1143650,1731950,35.5731728,129.0852863
7107,61,55,1143550,1731950,35.5731873,129.0841831
7108,60,55,1143450,1731950,35.5732018,129.0830799
7109,59,55,1143350,1731950,35.5732162,129.0819767
7110,58,55,1143250,1731950,35.5732307,129.0808735
7111,57,55,1143150,1731950,35.5732452,129.0797703
7112,56,55,1143050,1731950,35.5732596,129.0786671
7113,55,55,1142950,1731950,35.5732741,129.0775639
7114,54,55,1142850,1731950,35.5732885,129.0764607
7115,53,55,1142750,1731950,35.5733029,129.0753575
7116,52,55,1142650,1731950,35.5733174,129.0742543
7117,51,55,1142550,1731950,35.5733318,129.0731511
7118,50,55,1142450,1731950,35.5733462,129.0720479
7119,49,55,1142350,1731950,35.5733605,129.0709447
7120,48,55,1142250,1731950,35.5733749,129.0698415
7121,47,55,1142150,1731950,35.5733893,129.0687383
7122,46,55,1142050,1731950,35.5734036,129.0676351
7123,45,55,1141950,1731950,35.573418,129.0665319
7124,44,55,1141850,1731950,35.5734323,129.0654286
7125,43,55,1141750,1731950,35.5734466,129.0643254
7126,42,55,1141650,1731950,35.573461,129.0632222
7127,41,55,1141550,1731950,35.5734753,129.062119
7128,40,55,1141450,1731950,35.5734896,129.0610158
7129,39,55,1141350,1731950,35.5735038,129.0599126
7130,38,55,1141250,1731950,35.5735181,129.0588094
7131,37,55,1141150,1731950,35.5735324,129.0577061
7132,36,55,1141050,1731950,35.5735466,129.0566029
7133,35,55,1140950,1731950,35.5735609,129.0554997
7134,34,55,1140850,1731950,35.5735751,129.0543965
7135,33,55,1140750,1731950,35.5735893,129.0532933
7136,32,55,1140650,1731950,35.5736035,129.05219
7137,31,55,1140550,1731950,35.5736178,129.0510868
7138,30,55,1140450,1731950,35.5736319,129.0499836
7139,29,55,1140350,1731950,35.5736461,129.0488804
7140,28,55,1140250,1731950,35.5736603,129.0477772
7141,27,55,1140150,1731950,35.5736745,129.0466739
7142,26,55,1140050,1731950,35.5736886,129.0455707
7143,25,55,1139950,1731950,35.5737028,129.0444675
7144,24,55,1139850,1731950,35.5737169,129.0433642
7145,23,55,1139750,1731950,35.573731,129.042261
7146,22,55,1139650,1731950,35.5737451,129.0411578
7147,21,55,1139550,1731950,35.5737592,129.0400546
7148,20,55,1139450,1731950,35.5737733,129.0389513
7149,19,55,1139350,1731950,35.5737874,129.0378481
7150,18,55,1139250,1731950,35.5738015,129.0367449
7151,17,55,1139150,1731950,35.5738155,129.0356416
7152,16,55,1139050,1731950,35.5738296,129.0345384
7153,15,55,1138950,1731950,35.5738436,129.0334352
7154,14,55,1138850,1731950,35.5738577,129.0323319
7155,13,55,1138750,1731950,35.5738717,129.0312287
7156,12,55,1138650,1731950,35.5738857,129.0301255
7157,11,55,1138550,1731950,35.5738997,129.0290222
7158,10,55,1138450,1731950,35.5739137,129.027919
7159,9,55,1138350,1731950,35.5739277,129.0268158
7160,8,55,1138250,1731950,35.5739416,129.0257125
7161,7,55,1138150,1731950,35.5739556,129.0246093
7162,6,55,1138050,1731950,35.5739696,129.023506
7163,5,55,1137950,1731950,35.5739835,129.0224028
7164,4,55,1137850,1731950,35.5739974,129.0212995
7165,3,55,1137750,1731950,35.5740114,129.0201963
7166,2,55,1137650,1731950,35.5740253,129.0190931
7167,1,55,1137550,1731950,35.5740392,129.0179898
7168,0,55,1137450,1731950,35.5740531,129.0168866
7169,0,56,1137450,1732050,35.5749544,129.0169036
7170,1,56,1137550,1732050,35.5749405,129.0180068
7171,2,56,1137650,1732050,35.5749266,129.0191101
7172,3,56,1137750,1732050,35.5749127,129.0202133
7173,4,56,1137850,1732050,35.5748988,129.0213166
7174,5,56,1137950,1732050,35.5748848,129.0224198
7175,6,56,1138050,1732050,35.5748709,129.0235231
7176,7,56,1138150,1732050,35.5748569,129.0246264
7177,8,56,1138250,1732050,35.574843,129.0257296
7178,9,56,1138350,1732050,35.574829,129.0268329
7179,10,56,1138450,1732050,35.574815,129.0279361
7180,11,56,1138550,1732050,35.574801,129.0290394
7181,12,56,1138650,1732050,35.574787,129.0301426
7182,13,56,1138750,1732050,35.574773,129.0312459
7183,14,56,1138850,1732050,35.574759,129.0323491
7184,15,56,1138950,1732050,35.574745,129.0334524
7185,16,56,1139050,1732050,35.5747309,129.0345556
7186,17,56,1139150,1732050,35.5747169,129.0356588
7187,18,56,1139250,1732050,35.5747028,129.0367621
7188,19,56,1139350,1732050,35.5746887,129.0378653
7189,20,56,1139450,1732050,35.5746747,129.0389686
7190,21,56,1139550,1732050,35.5746606,129.0400718
7191,22,56,1139650,1732050,35.5746465,129.0411751
7192,23,56,1139750,1732050,35.5746323,129.0422783
7193,24,56,1139850,1732050,35.5746182,129.0433815
7194,25,56,1139950,1732050,35.5746041,129.0444848
7195,26,56,1140050,1732050,35.5745899,129.045588
7196,27,56,1140150,1732050,35.5745758,129.0466913
7197,28,56,1140250,1732050,35.5745616,129.0477945
7198,29,56,1140350,1732050,35.5745475,129.0488977
7199,30,56,1140450,1732050,35.5745333,129.050001
7200,31,56,1140550,1732050,35.5745191,129.0511042
7201,32,56,1140650,1732050,35.5745049,129.0522074
7202,33,56,1140750,1732050,35.5744907,129.0533107
7203,34,56,1140850,1732050,35.5744764,129.0544139
7204,35,56,1140950,1732050,35.5744622,129.0555171
7205,36,56,1141050,1732050,35.574448,129.0566204
7206,37,56,1141150,1732050,35.5744337,129.0577236
7207,38,56,1141250,1732050,35.5744194,129.0588268
7208,39,56,1141350,1732050,35.5744052,129.0599301
7209,40,56,1141450,1732050,35.5743909,129.0610333
7210,41,56,1141550,1732050,35.5743766,129.0621365
7211,42,56,1141650,1732050,35.5743623,129.0632397
7212,43,56,1141750,1732050,35.574348,129.064343
7213,44,56,1141850,1732050,35.5743336,129.0654462
7214,45,56,1141950,1732050,35.5743193,129.0665494
7215,46,56,1142050,1732050,35.574305,129.0676526
7216,47,56,1142150,1732050,35.5742906,129.0687559
7217,48,56,1142250,1732050,35.5742762,129.0698591
7218,49,56,1142350,1732050,35.5742619,129.0709623
7219,50,56,1142450,1732050,35.5742475,129.0720655
7220,51,56,1142550,1732050,35.5742331,129.0731687
7221,52,56,1142650,1732050,35.5742187,129.074272
7222,53,56,1142750,1732050,35.5742043,129.0753752
7223,54,56,1142850,1732050,35.5741898,129.0764784
7224,55,56,1142950,1732050,35.5741754,129.0775816
7225,56,56,1143050,1732050,35.574161,129.0786848
7226,57,56,1143150,1732050,35.5741465,129.079788
7227,58,56,1143250,1732050,35.574132,129.0808912
7228,59,56,1143350,1732050,35.5741176,129.0819945
7229,60,56,1143450,1732050,35.5741031,129.0830977
7230,61,56,1143550,1732050,35.5740886,129.0842009
7231,62,56,1143650,1732050,35.5740741,129.0853041
7232,63,56,1143750,1732050,35.5740596,129.0864073
7233,64,56,1143850,1732050,35.574045,129.0875105
7234,65,56,1143950,1732050,35.5740305,129.0886137
7235,66,56,1144050,1732050,35.5740159,129.0897169
7236,67,56,1144150,1732050,35.5740014,129.0908201
7237,68,56,1144250,1732050,35.5739868,129.0919233
7238,69,56,1144350,1732050,35.5739722,129.0930265
7239,70,56,1144450,1732050,35.5739577,129.0941297
7240,71,56,1144550,1732050,35.5739431,129.095233
7241,72,56,1144650,1732050,35.5739284,129.0963362
7242,73,56,1144750,1732050,35.5739138,129.0974394
7243,74,56,1144850,1732050,35.5738992,129.0985426
7244,75,56,1144950,1732050,35.5738846,129.0996458
7245,76,56,1145050,1732050,35.5738699,129.100749
7246,77,56,1145150,1732050,35.5738553,129.1018522
7247,78,56,1145250,1732050,35.5738406,129.1029554
7248,79,56,1145350,1732050,35.5738259,129.1040586
7249,80,56,1145450,1732050,35.5738112,129.1051617
7250,81,56,1145550,1732050,35.5737965,129.1062649
7251,82,56,1145650,1732050,35.5737818,129.1073681
7252,83,56,1145750,1732050,35.5737671,129.1084713
7253,84,56,1145850,1732050,35.5737524,129.1095745
7254,85,56,1145950,1732050,35.5737376,129.1106777
7255,86,56,1146050,1732050,35.5737229,129.1117809
7256,87,56,1146150,1732050,35.5737081,129.1128841
7257,88,56,1146250,1732050,35.5736934,129.1139873
7258,89,56,1146350,1732050,35.5736786,129.1150905
7259,90,56,1146450,1732050,35.5736638,129.1161937
7260,91,56,1146550,1732050,35.573649,129.1172969
7261,92,56,1146650,1732050,35.5736342,129.1184
7262,93,56,1146750,1732050,35.5736194,129.1195032
7263,94,56,1146850,1732050,35.5736045,129.1206064
7264,95,56,1146950,1732050,35.5735897,129.1217096
7265,96,56,1147050,1732050,35.5735748,129.1228128
7266,97,56,1147150,1732050,35.57356,129.123916
7267,98,56,1147250,1732050,35.5735451,129.1250191
7268,99,56,1147350,1732050,35.5735302,129.1261223
7269,100,56,1147450,1732050,35.5735153,129.1272255
7270,101,56,1147550,1732050,35.5735004,129.1283287
7271,102,56,1147650,1732050,35.5734855,129.1294319
7272,103,56,1147750,1732050,35.5734706,129.130535
7273,104,56,1147850,1732050,35.5734557,129.1316382
7274,105,56,1147950,1732050,35.5734407,129.1327414
7275,106,56,1148050,1732050,35.5734258,129.1338446
7276,107,56,1148150,1732050,35.5734108,129.1349477
7277,108,56,1148250,1732050,35.5733959,129.1360509
7278,109,56,1148350,1732050,35.5733809,129.1371541
7279,110,56,1148450,1732050,35.5733659,129.1382573
7280,111,56,1148550,1732050,35.5733509,129.1393604
7281,112,56,1148650,1732050,35.5733359,129.1404636
7282,113,56,1148750,1732050,35.5733208,129.1415668
7283,114,56,1148850,1732050,35.5733058,129.1426699
7284,115,56,1148950,1732050,35.5732908,129.1437731
7285,116,56,1149050,1732050,35.5732757,129.1448763
7286,117,56,1149150,1732050,35.5732607,129.1459794
7287,118,56,1149250,1732050,35.5732456,129.1470826
7288,119,56,1149350,1732050,35.5732305,129.1481858
7289,120,56,1149450,1732050,35.5732154,129.1492889
7290,121,56,1149550,1732050,35.5732003,129.1503921
7291,122,56,1149650,1732050,35.5731852,129.1514953
7292,123,56,1149750,1732050,35.5731701,129.1525984
7293,124,56,1149850,1732050,35.573155,129.1537016
7294,125,56,1149950,1732050,35.5731398,129.1548047
7295,126,56,1150050,1732050,35.5731247,129.1559079
7296,127,56,1150150,1732050,35.5731095,129.1570111
7297,127,57,1150150,1732150,35.5740108,129.1570296
7298,126,57,1150050,1732150,35.5740259,129.1559265
7299,125,57,1149950,1732150,35.5740411,129.1548233
7300,124,57,1149850,1732150,35.5740562,129.1537201
7301,123,57,1149750,1732150,35.5740714,129.1526169
7302,122,57,1149650,1732150,35.5740865,129.1515138
7303,121,57,1149550,1732150,35.5741016,129.1504106
7304,120,57,1149450,1732150,35.5741167,129.1493074
7305,119,57,1149350,1732150,35.5741318,129.1482042
7306,118,57,1149250,1732150,35.5741469,129.1471011
7307,117,57,1149150,1732150,35.5741619,129.1459979
7308,116,57,1149050,1732150,35.574177,129.1448947
7309,115,57,1148950,1732150,35.5741921,129.1437915
7310,114,57,1148850,1732150,35.5742071,129.1426883
7311,113,57,1148750,1732150,35.5742221,129.1415852
7312,112,57,1148650,1732150,35.5742372,129.140482
7313,111,57,1148550,1732150,35.5742522,129.1393788
7314,110,57,1148450,1732150,35.5742672,129.1382756
7315,109,57,1148350,1732150,35.5742822,129.1371724
7316,108,57,1148250,1732150,35.5742971,129.1360692
7317,107,57,1148150,1732150,35.5743121,129.1349661
7318,106,57,1148050,1732150,35.5743271,129.1338629
7319,105,57,1147950,1732150,35.574342,129.1327597
7320,104,57,1147850,1732150,35.574357,129.1316565
7321,103,57,1147750,1732150,35.5743719,129.1305533
7322,102,57,1147650,1732150,35.5743868,129.1294501
7323,101,57,1147550,1732150,35.5744017,129.1283469
7324,100,57,1147450,1732150,35.5744166,129.1272437
7325,99,57,1147350,1732150,35.5744315,129.1261405
7326,98,57,1147250,1732150,35.5744464,129.1250374
7327,97,57,1147150,1732150,35.5744613,129.1239342
7328,96,57,1147050,1732150,35.5744761,129.122831
7329,95,57,1146950,1732150,35.574491,129.1217278
7330,94,57,1146850,1732150,35.5745058,129.1206246
7331,93,57,1146750,1732150,35.5745207,129.1195214
7332,92,57,1146650,1732150,35.5745355,129.1184182
7333,91,57,1146550,1732150,35.5745503,129.117315
7334,90,57,1146450,1732150,35.5745651,129.1162118
7335,89,57,1146350,1732150,35.5745799,129.1151086
7336,88,57,1146250,1732150,35.5745947,129.1140054
7337,87,57,1146150,1732150,35.5746094,129.1129022
7338,86,57,1146050,1732150,35.5746242,129.111799
7339,85,57,1145950,1732150,35.5746389,129.1106958
7340,84,57,1145850,1732150,35.5746537,129.1095926
7341,83,57,1145750,1732150,35.5746684,129.1084894
7342,82,57,1145650,1732150,35.5746831,129.1073861
7343,81,57,1145550,1732150,35.5746978,129.1062829
7344,80,57,1145450,1732150,35.5747125,129.1051797
7345,79,57,1145350,1732150,35.5747272,129.1040765
7346,78,57,1145250,1732150,35.5747419,129.1029733
7347,77,57,1145150,1732150,35.5747566,129.1018701
7348,76,57,1145050,1732150,35.5747712,129.1007669
7349,75,57,1144950,1732150,35.5747859,129.0996637
7350,74,57,1144850,1732150,35.5748005,129.0985605
7351,73,57,1144750,1732150,35.5748151,129.0974573
7352,72,57,1144650,1732150,35.5748298,129.096354
7353,71,57,1144550,1732150,35.5748444,129.0952508
7354,70,57,1144450,1732150,35.574859,129.0941476
7355,69,57,1144350,1732150,35.5748735,129.0930444
7356,68,57,1144250,1732150,35.5748881,129.0919412
7357,67,57,1144150,1732150,35.5749027,129.090838
7358,66,57,1144050,1732150,35.5749173,129.0897347
7359,65,57,1143950,1732150,35.5749318,129.0886315
7360,64,57,1143850,1732150,35.5749463,129.0875283
7361,63,57,1143750,1732150,35.5749609,129.0864251
7362,62,57,1143650,1732150,35.5749754,129.0853219
7363,61,57,1143550,1732150,35.5749899,129.0842186
7364,60,57,1143450,1732150,35.5750044,129.0831154
7365,59,57,1143350,1732150,35.5750189,129.0820122
7366,58,57,1143250,1732150,35.5750333,129.080909
7367,57,57,1143150,1732150,35.5750478,129.0798057
7368,56,57,1143050,1732150,35.5750623,129.0787025
7369,55,57,1142950,1732150,35.5750767,129.0775993
7370,54,57,1142850,1732150,35.5750912,129.076496
7371,53,57,1142750,1732150,35.5751056,129.0753928
7372,52,57,1142650,1732150,35.57512,129.0742896
7373,51,57,1142550,1732150,35.5751344,129.0731864
7374,50,57,1142450,1732150,35.5751488,129.0720831
7375,49,57,1142350,1732150,35.5751632,129.0709799
7376,48,57,1142250,1732150,35.5751776,129.0698767
7377,47,57,1142150,1732150,35.5751919,129.0687734
7378,46,57,1142050,1732150,35.5752063,129.0676702
7379,45,57,1141950,1732150,35.5752206,129.066567
7380,44,57,1141850,1732150,35.575235,129.0654637
7381,43,57,1141750,1732150,35.5752493,129.0643605
7382,42,57,1141650,1732150,35.5752636,129.0632572
7383,41,57,1141550,1732150,35.5752779,129.062154
7384,40,57,1141450,1732150,35.5752922,129.0610508
7385,39,57,1141350,1732150,35.5753065,129.0599475
7386,38,57,1141250,1732150,35.5753208,129.0588443
7387,37,57,1141150,1732150,35.575335,129.057741
7388,36,57,1141050,1732150,35.5753493,129.0566378
7389,35,57,1140950,1732150,35.5753635,129.0555346
7390,34,57,1140850,1732150,35.5753778,129.0544313
7391,33,57,1140750,1732150,35.575392,129.0533281
7392,32,57,1140650,1732150,35.5754062,129.0522248
7393,31,57,1140550,1732150,35.5754204,129.0511216
7394,30,57,1140450,1732150,35.5754346,129.0500183
7395,29,57,1140350,1732150,35.5754488,129.0489151
7396,28,57,1140250,1732150,35.575463,129.0478118
7397,27,57,1140150,1732150,35.5754771,129.0467086
7398,26,57,1140050,1732150,35.5754913,129.0456053
7399,25,57,1139950,1732150,35.5755054,129.0445021
7400,24,57,1139850,1732150,35.5755196,129.0433988
7401,23,57,1139750,1732150,35.5755337,129.0422956
7402,22,57,1139650,1732150,35.5755478,129.0411923
7403,21,57,1139550,1732150,35.5755619,129.0400891
7404,20,57,1139450,1732150,35.575576,129.0389858
7405,19,57,1139350,1732150,35.5755901,129.0378826
7406,18,57,1139250,1732150,35.5756041,129.0367793
7407,17,57,1139150,1732150,35.5756182,129.0356761
7408,16,57,1139050,1732150,35.5756323,129.0345728
7409,15,57,1138950,1732150,35.5756463,129.0334695
7410,14,57,1138850,1732150,35.5756603,129.0323663
7411,13,57,1138750,1732150,35.5756744,129.031263
7412,12,57,1138650,1732150,35.5756884,129.0301598
7413,11,57,1138550,1732150,35.5757024,129.0290565
7414,10,57,1138450,1732150,35.5757164,129.0279532
7415,9,57,1138350,1732150,35.5757303,129.02685
7416,8,57,1138250,1732150,35.5757443,129.0257467
7417,7,57,1138150,1732150,35.5757583,129.0246434
7418,6,57,1138050,1732150,35.5757722,129.0235402
7419,5,57,1137950,1732150,35.5757862,129.0224369
7420,4,57,1137850,1732150,35.5758001,129.0213336
7421,3,57,1137750,1732150,35.575814,129.0202304
7422,2,57,1137650,1732150,35.5758279,129.0191271
7423,1,57,1137550,1732150,35.5758418,129.0180238
7424,0,57,1137450,1732150,35.5758557,129.0169206
7425,0,58,1137450,1732250,35.5767571,129.0169376
7426,1,58,1137550,1732250,35.5767432,129.0180408
7427,2,58,1137650,1732250,35.5767293,129.0191441
7428,3,58,1137750,1732250,35.5767154,129.0202474
7429,4,58,1137850,1732250,35.5767014,129.0213507
7430,5,58,1137950,1732250,35.5766875,129.022454
7431,6,58,1138050,1732250,35.5766736,129.0235572
7432,7,58,1138150,1732250,35.5766596,129.0246605
7433,8,58,1138250,1732250,35.5766457,129.0257638
7434,9,58,1138350,1732250,35.5766317,129.0268671
7435,10,58,1138450,1732250,35.5766177,129.0279704
7436,11,58,1138550,1732250,35.5766037,129.0290736
7437,12,58,1138650,1732250,35.5765897,129.0301769
7438,13,58,1138750,1732250,35.5765757,129.0312802
7439,14,58,1138850,1732250,35.5765617,129.0323834
7440,15,58,1138950,1732250,35.5765476,129.0334867
7441,16,58,1139050,1732250,35.5765336,129.03459
7442,17,58,1139150,1732250,35.5765195,129.0356933
7443,18,58,1139250,1732250,35.5765055,129.0367965
7444,19,58,1139350,1732250,35.5764914,129.0378998
7445,20,58,1139450,1732250,35.5764773,129.0390031
7446,21,58,1139550,1732250,35.5764632,129.0401063
7447,22,58,1139650,1732250,35.5764491,129.0412096
7448,23,58,1139750,1732250,35.576435,129.0423129
7449,24,58,1139850,1732250,35.5764209,129.0434161
7450,25,58,1139950,1732250,35.5764068,129.0445194
7451,26,58,1140050,1732250,35.5763926,129.0456227
7452,27,58,1140150,1732250,35.5763785,129.0467259
7453,28,58,1140250,1732250,35.5763643,129.0478292
7454,29,58,1140350,1732250,35.5763501,129.0489324
7455,30,58,1140450,1732250,35.5763359,129.0500357
7456,31,58,1140550,1732250,35.5763217,129.051139
7457,32,58,1140650,1732250,35.5763075,129.0522422
7458,33,58,1140750,1732250,35.5762933,129.0533455
7459,34,58,1140850,1732250,35.5762791,129.0544487
7460,35,58,1140950,1732250,35.5762649,129.055552
7461,36,58,1141050,1732250,35.5762506,129.0566552
7462,37,58,1141150,1732250,35.5762364,129.0577585
7463,38,58,1141250,1732250,35.5762221,129.0588618
7464,39,58,1141350,1732250,35.5762078,129.059965
7465,40,58,1141450,1732250,35.5761935,129.0610683
7466,41,58,1141550,1732250,35.5761792,129.0621715
7467,42,58,1141650,1732250,35.5761649,129.0632748
7468,43,58,1141750,1732250,35.5761506,129.064378
7469,44,58,1141850,1732250,35.5761363,129.0654813
7470,45,58,1141950,1732250,35.5761219,129.0665845
7471,46,58,1142050,1732250,35.5761076,129.0676878
7472,47,58,1142150,1732250,35.5760932,129.068791
7473,48,58,1142250,1732250,35.5760789,129.0698943
7474,49,58,1142350,1732250,35.5760645,129.0709975
7475,50,58,1142450,1732250,35.5760501,129.0721007
7476,51,58,1142550,1732250,35.5760357,129.073204
7477,52,58,1142650,1732250,35.5760213,129.0743072
7478,53,58,1142750,1732250,35.5760069,129.0754105
7479,54,58,1142850,1732250,35.5759925,129.0765137
7480,55,58,1142950,1732250,35.575978,129.077617
7481,56,58,1143050,1732250,35.5759636,129.0787202
7482,57,58,1143150,1732250,35.5759491,129.0798234
7483,58,58,1143250,1732250,35.5759347,129.0809267
7484,59,58,1143350,1732250,35.5759202,129.0820299
7485,60,58,1143450,1732250,35.5759057,129.0831331
7486,61,58,1143550,1732250,35.5758912,129.0842364
7487,62,58,1143650,1732250,35.5758767,129.0853396
7488,63,58,1143750,1732250,35.5758622,129.0864429
7489,64,58,1143850,1732250,35.5758476,129.0875461
7490,65,58,1143950,1732250,35.5758331,129.0886493
7491,66,58,1144050,1732250,35.5758186,129.0897526
7492,67,58,1144150,1732250,35.575804,129.0908558
7493,68,58,1144250,1732250,35.5757894,129.091959
7494,69,58,1144350,1732250,35.5757749,129.0930622
7495,70,58,1144450,1732250,35.5757603,129.0941655
7496,71,58,1144550,1732250,35.5757457,129.0952687
7497,72,58,1144650,1732250,35.5757311,129.0963719
7498,73,58,1144750,1732250,35.5757164,129.0974752
7499,74,58,1144850,1732250,35.5757018,129.0985784
7500,75,58,1144950,1732250,35.5756872,129.0996816
7501,76,58,1145050,1732250,35.5756725,129.1007848
7502,77,58,1145150,1732250,35.5756579,129.1018881
7503,78,58,1145250,1732250,35.5756432,129.1029913
7504,79,58,1145350,1732250,35.5756285,129.1040945
7505,80,58,1145450,1732250,35.5756138,129.1051977
7506,81,58,1145550,1732250,35.5755991,129.1063009
7507,82,58,1145650,1732250,35.5755844,129.1074042
7508,83,58,1145750,1732250,35.5755697,129.1085074
7509,84,58,1145850,1732250,35.575555,129.1096106
7510,85,58,1145950,1732250,35.5755402,129.1107138
7511,86,58,1146050,1732250,35.5755255,129.111817
7512,87,58,1146150,1732250,35.5755107,129.1129202
7513,88,58,1146250,1732250,35.575496,129.1140235
7514,89,58,1146350,1732250,35.5754812,129.1151267
7515,90,58,1146450,1732250,35.5754664,129.1162299
7516,91,58,1146550,1732250,35.5754516,129.1173331
7517,92,58,1146650,1732250,35.5754368,129.1184363
7518,93,58,1146750,1732250,35.575422,129.1195395
7519,94,58,1146850,1732250,35.5754071,129.1206427
7520,95,58,1146950,1732250,35.5753923,129.1217459
7521,96,58,1147050,1732250,35.5753774,129.1228491
7522,97,58,1147150,1732250,35.5753626,129.1239524
7523,98,58,1147250,1732250,35.5753477,129.1250556
7524,99,58,1147350,1732250,35.5753328,129.1261588
7525,100,58,1147450,1732250,35.5753179,129.127262
7526,101,58,1147550,1732250,35.575303,129.1283652
7527,102,58,1147650,1732250,35.5752881,129.1294684
7528,103,58,1147750,1732250,35.5752732,129.1305716
7529,104,58,1147850,1732250,35.5752583,129.1316748
7530,105,58,1147950,1732250,35.5752433,129.132778
7531,106,58,1148050,1732250,35.5752284,129.1338812
7532,107,58,1148150,1732250,35.5752134,129.1349844
7533,108,58,1148250,1732250,35.5751984,129.1360876
7534,109,58,1148350,1732250,35.5751835,129.1371908
7535,110,58,1148450,1732250,35.5751685,129.138294
7536,111,58,1148550,1732250,35.5751535,129.1393972
7537,112,58,1148650,1732250,35.5751384,129.1405004
7538,113,58,1148750,1732250,35.5751234,129.1416036
7539,114,58,1148850,1732250,35.5751084,129.1427068
7540,115,58,1148950,1732250,35.5750933,129.1438099
7541,116,58,1149050,1732250,35.5750783,129.1449131
7542,117,58,1149150,1732250,35.5750632,129.1460163
7543,118,58,1149250,1732250,35.5750482,129.1471195
7544,119,58,1149350,1732250,35.5750331,129.1482227
7545,120,58,1149450,1732250,35.575018,129.1493259
7546,121,58,1149550,1732250,35.5750029,129.1504291
7547,122,58,1149650,1732250,35.5749878,129.1515323
7548,123,58,1149750,1732250,35.5749726,129.1526355
7549,124,58,1149850,1732250,35.5749575,129.1537386
7550,125,58,1149950,1732250,35.5749424,129.1548418
7551,126,58,1150050,1732250,35.5749272,129.155945
7552,127,58,1150150,1732250,35.5749121,129.1570482
7553,127,59,1150150,1732350,35.5758133,129.1570668
7554,126,59,1150050,1732350,35.5758285,129.1559636
7555,125,59,1149950,1732350,35.5758437,129.1548604
7556,124,59,1149850,1732350,35.5758588,129.1537572
7557,123,59,1149750,1732350,35.5758739,129.152654
7558,122,59,1149650,1732350,35.5758891,129.1515508
7559,121,59,1149550,1732350,35.5759042,129.1504476
7560,120,59,1149450,1732350,35.5759193,129.1493444
7561,119,59,1149350,1732350,35.5759344,129.1482412
7562,118,59,1149250,1732350,35.5759494,129.147138
7563,117,59,1149150,1732350,35.5759645,129.1460348
7564,116,59,1149050,1732350,35.5759796,129.1449316
7565,115,59,1148950,1732350,35.5759946,129.1438284
7566,114,59,1148850,1732350,35.5760097,129.1427252
7567,113,59,1148750,1732350,35.5760247,129.141622
7568,112,59,1148650,1732350,35.5760397,129.1405187
7569,111,59,1148550,1732350,35.5760547,129.1394155
7570,110,59,1148450,1732350,35.5760697,129.1383123
7571,109,59,1148350,1732350,35.5760847,129.1372091
7572,108,59,1148250,1732350,35.5760997,129.1361059
7573,107,59,1148150,1732350,35.5761147,129.1350027
7574,106,59,1148050,1732350,35.5761297,129.1338995
7575,105,59,1147950,1732350,35.5761446,129.1327963
7576,104,59,1147850,1732350,35.5761596,129.1316931
7577,103,59,1147750,1732350,35.5761745,129.1305898
7578,102,59,1147650,1732350,35.5761894,129.1294866
7579,101,59,1147550,1732350,35.5762043,129.1283834
7580,100,59,1147450,1732350,35.5762192,129.1272802
7581,99,59,1147350,1732350,35.5762341,129.126177
7582,98,59,1147250,1732350,35.576249,129.1250738
7583,97,59,1147150,1732350,35.5762639,129.1239705
7584,96,59,1147050,1732350,35.5762787,129.1228673
7585,95,59,1146950,1732350,35.5762936,129.1217641
7586,94,59,1146850,1732350,35.5763084,129.1206609
7587,93,59,1146750,1732350,35.5763232,129.1195577
7588,92,59,1146650,1732350,35.5763381,129.1184544
7589,91,59,1146550,1732350,35.5763529,129.1173512
7590,90,59,1146450,1732350,35.5763677,129.116248
7591,89,59,1146350,1732350,35.5763825,129.1151448
7592,88,59,1146250,1732350,35.5763973,129.1140415
7593,87,59,1146150,1732350,35.576412,129.1129383
7594,86,59,1146050,1732350,35.5764268,129.1118351
7595,85,59,1145950,1732350,35.5764415,129.1107319
7596,84,59,1145850,1732350,35.5764563,129.1096286
7597,83,59,1145750,1732350,35.576471,129.1085254
7598,82,59,1145650,1732350,35.5764857,129.1074222
7599,81,59,1145550,1732350,35.5765004,129.1063189
7600,80,59,1145450,1732350,35.5765151,129.1052157
7601,79,59,1145350,1732350,35.5765298,129.1041125
7602,78,59,1145250,1732350,35.5765445,129.1030092
7603,77,59,1145150,1732350,35.5765592,129.101906
7604,76,59,1145050,1732350,35.5765738,129.1008028
7605,75,59,1144950,1732350,35.5765885,129.0996995
7606,74,59,1144850,1732350,35.5766031,129.0985963
7607,73,59,1144750,1732350,35.5766177,129.0974931
7608,72,59,1144650,1732350,35.5766324,129.0963898
7609,71,59,1144550,1732350,35.576647,129.0952866
7610,70,59,1144450,1732350,35.5766616,129.0941833
7611,69,59,1144350,1732350,35.5766762,129.0930801
7612,68,59,1144250,1732350,35.5766907,129.0919769
7613,67,59,1144150,1732350,35.5767053,129.0908736
7614,66,59,1144050,1732350,35.5767199,129.0897704
7615,65,59,1143950,1732350,35.5767344,129.0886671
7616,64,59,1143850,1732350,35.576749,129.0875639
7617,63,59,1143750,1732350,35.5767635,129.0864606
7618,62,59,1143650,1732350,35.576778,129.0853574
7619,61,59,1143550,1732350,35.5767925,129.0842541
7620,60,59,1143450,1732350,35.576807,129.0831509
7621,59,59,1143350,1732350,35.5768215,129.0820476
7622,58,59,1143250,1732350,35.576836,129.0809444
7623,57,59,1143150,1732350,35.5768504,129.0798411
7624,56,59,1143050,1732350,35.5768649,129.0787379
7625,55,59,1142950,1732350,35.5768793,129.0776346
7626,54,59,1142850,1732350,35.5768938,129.0765314
7627,53,59,1142750,1732350,35.5769082,129.0754281
7628,52,59,1142650,1732350,35.5769226,129.0743249
7629,51,59,1142550,1732350,35.576937,129.0732216
7630,50,59,1142450,1732350,35.5769514,129.0721184
7631,49,59,1142350,1732350,35.5769658,129.0710151
7632,48,59,1142250,1732350,35.5769802,129.0699118
7633,47,59,1142150,1732350,35.5769946,129.0688086
7634,46,59,1142050,1732350,35.5770089,129.0677053
7635,45,59,1141950,1732350,35.5770233,129.0666021
7636,44,59,1141850,1732350,35.5770376,129.0654988
7637,43,59,1141750,1732350,35.5770519,129.0643955
7638,42,59,1141650,1732350,35.5770662,129.0632923
7639,41,59,1141550,1732350,35.5770806,129.062189
7640,40,59,1141450,1732350,35.5770948,129.0610858
7641,39,59,1141350,1732350,35.5771091,129.0599825
7642,38,59,1141250,1732350,35.5771234,129.0588792
7643,37,59,1141150,1732350,35.5771377,129.057776
7644,36,59,1141050,1732350,35.5771519,129.0566727
7645,35,59,1140950,1732350,35.5771662,129.0555694
7646,34,59,1140850,1732350,35.5771804,129.0544662
7647,33,59,1140750,1732350,35.5771946,129.0533629
7648,32,59,1140650,1732350,35.5772089,129.0522596
7649,31,59,1140550,1732350,35.5772231,129.0511563
7650,30,59,1140450,1732350,35.5772373,129.0500531
7651,29,59,1140350,1732350,35.5772514,129.0489498
7652,28,59,1140250,1732350,35.5772656,129.0478465
7653,27,59,1140150,1732350,35.5772798,129.0467432
7654,26,59,1140050,1732350,35.5772939,129.04564
7655,25,59,1139950,1732350,35.5773081,129.0445367
7656,24,59,1139850,1732350,35.5773222,129.0434334
7657,23,59,1139750,1732350,35.5773363,129.0423301
7658,22,59,1139650,1732350,35.5773505,129.0412269
7659,21,59,1139550,1732350,35.5773646,129.0401236
7660,20,59,1139450,1732350,35.5773787,129.0390203
7661,19,59,1139350,1732350,35.5773927,129.037917
7662,18,59,1139250,1732350,35.5774068,129.0368137
7663,17,59,1139150,1732350,35.5774209,129.0357105
7664,16,59,1139050,1732350,35.5774349,129.0346072
7665,15,59,1138950,1732350,35.577449,129.0335039
7666,14,59,1138850,1732350,35.577463,129.0324006
7667,13,59,1138750,1732350,35.577477,129.0312973
7668,12,59,1138650,1732350,35.577491,129.030194
7669,11,59,1138550,1732350,35.577505,129.0290908
7670,10,59,1138450,1732350,35.577519,129.0279875
7671,9,59,1138350,1732350,35.577533,129.0268842
7672,8,59,1138250,1732350,35.577547,129.0257809
7673,7,59,1138150,1732350,35.577561,129.0246776
7674,6,59,1138050,1732350,35.5775749,129.0235743
7675,5,59,1137950,1732350,35.5775889,129.022471
7676,4,59,1137850,1732350,35.5776028,129.0213677
7677,3,59,1137750,1732350,35.5776167,129.0202644
7678,2,59,1137650,1732350,35.5776306,129.0191611
7679,1,59,1137550,1732350,35.5776445,129.0180579
7680,0,59,1137450,1732350,35.5776584,129.0169546
7681,0,60,1137450,1732450,35.5785598,129.0169716
7682,1,60,1137550,1732450,35.5785459,129.0180749
7683,2,60,1137650,1732450,35.578532,129.0191782
7684,3,60,1137750,1732450,35.5785181,129.0202815
7685,4,60,1137850,1732450,35.5785041,129.0213848
7686,5,60,1137950,1732450,35.5784902,129.0224881
7687,6,60,1138050,1732450,35.5784763,129.0235914
7688,7,60,1138150,1732450,35.5784623,129.0246947
7689,8,60,1138250,1732450,35.5784483,129.025798
7690,9,60,1138350,1732450,35.5784344,129.0269013
7691,10,60,1138450,1732450,35.5784204,129.0280046
7692,11,60,1138550,1732450,35.5784064,129.0291079
7693,12,60,1138650,1732450,35.5783924,129.0302112
7694,13,60,1138750,1732450,35.5783784,129.0313145
7695,14,60,1138850,1732450,35.5783643,129.0324178
7696,15,60,1138950,1732450,35.5783503,129.0335211
7697,16,60,1139050,1732450,35.5783363,129.0346244
7698,17,60,1139150,1732450,35.5783222,129.0357277
7699,18,60,1139250,1732450,35.5783081,129.036831
7700,19,60,1139350,1732450,35.5782941,129.0379343
7701,20,60,1139450,1732450,35.57828,129.0390376
7702,21,60,1139550,1732450,35.5782659,129.0401408
7703,22,60,1139650,1732450,35.5782518,129.0412441
7704,23,60,1139750,1732450,35.5782377,129.0423474
7705,24,60,1139850,1732450,35.5782235,129.0434507
7706,25,60,1139950,1732450,35.5782094,129.044554
7707,26,60,1140050,1732450,35.5781953,129.0456573
7708,27,60,1140150,1732450,35.5781811,129.0467606
7709,28,60,1140250,1732450,35.5781669,129.0478639
7710,29,60,1140350,1732450,35.5781528,129.0489672
7711,30,60,1140450,1732450,35.5781386,129.0500704
7712,31,60,1140550,1732450,35.5781244,129.0511737
7713,32,60,1140650,1732450,35.5781102,129.052277
7714,33,60,1140750,1732450,35.578096,129.0533803
7715,34,60,1140850,1732450,35.5780817,129.0544836
7716,35,60,1140950,1732450,35.5780675,129.0555869
7717,36,60,1141050,1732450,35.5780533,129.0566901
7718,37,60,1141150,1732450,35.578039,129.0577934
7719,38,60,1141250,1732450,35.5780247,129.0588967
7720,39,60,1141350,1732450,35.5780105,129.06
7721,40,60,1141450,1732450,35.5779962,129.0611032
7722,41,60,1141550,1732450,35.5779819,129.0622065
7723,42,60,1141650,1732450,35.5779676,129.0633098
7724,43,60,1141750,1732450,35.5779533,129.0644131
7725,44,60,1141850,1732450,35.5779389,129.0655163
7726,45,60,1141950,1732450,35.5779246,129.0666196
7727,46,60,1142050,1732450,35.5779102,129.0677229
7728,47,60,1142150,1732450,35.5778959,129.0688262
7729,48,60,1142250,1732450,35.5778815,129.0699294
7730,49,60,1142350,1732450,35.5778671,129.0710327
7731,50,60,1142450,1732450,35.5778528,129.072136
7732,51,60,1142550,1732450,35.5778384,129.0732392
7733,52,60,1142650,1732450,35.5778239,129.0743425
7734,53,60,1142750,1732450,35.5778095,129.0754458
7735,54,60,1142850,1732450,35.5777951,129.076549
7736,55,60,1142950,1732450,35.5777807,129.0776523
7737,56,60,1143050,1732450,35.5777662,129.0787556
7738,57,60,1143150,1732450,35.5777518,129.0798588
7739,58,60,1143250,1732450,35.5777373,129.0809621
7740,59,60,1143350,1732450,35.5777228,129.0820654
7741,60,60,1143450,1732450,35.5777083,129.0831686
7742,61,60,1143550,1732450,35.5776938,129.0842719
7743,62,60,1143650,1732450,35.5776793,129.0853751
7744,63,60,1143750,1732450,35.5776648,129.0864784
7745,64,60,1143850,1732450,35.5776503,129.0875817
7746,65,60,1143950,1732450,35.5776357,129.0886849
7747,66,60,1144050,1732450,35.5776212,129.0897882
7748,67,60,1144150,1732450,35.5776066,129.0908914
7749,68,60,1144250,1732450,35.5775921,129.0919947
7750,69,60,1144350,1732450,35.5775775,129.0930979
7751,70,60,1144450,1732450,35.5775629,129.0942012
7752,71,60,1144550,1732450,35.5775483,129.0953045
7753,72,60,1144650,1732450,35.5775337,129.0964077
7754,73,60,1144750,1732450,35.5775191,129.097511
7755,74,60,1144850,1732450,35.5775044,129.0986142
7756,75,60,1144950,1732450,35.5774898,129.0997175
7757,76,60,1145050,1732450,35.5774751,129.1008207
7758,77,60,1145150,1732450,35.5774605,129.101924
7759,78,60,1145250,1732450,35.5774458,129.1030272
7760,79,60,1145350,1732450,35.5774311,129.1041304
7761,80,60,1145450,1732450,35.5774164,129.1052337
7762,81,60,1145550,1732450,35.5774017,129.1063369
7763,82,60,1145650,1732450,35.577387,129.1074402
7764,83,60,1145750,1732450,35.5773723,129.1085434
7765,84,60,1145850,1732450,35.5773576,129.1096467
7766,85,60,1145950,1732450,35.5773428,129.1107499
7767,86,60,1146050,1732450,35.5773281,129.1118531
7768,87,60,1146150,1732450,35.5773133,129.1129564
7769,88,60,1146250,1732450,35.5772986,129.1140596
7770,89,60,1146350,1732450,35.5772838,129.1151629
7771,90,60,1146450,1732450,35.577269,129.1162661
7772,91,60,1146550,1732450,35.5772542,129.1173693
7773,92,60,1146650,1732450,35.5772394,129.1184726
7774,93,60,1146750,1732450,35.5772245,129.1195758
7775,94,60,1146850,1732450,35.5772097,129.120679
7776,95,60,1146950,1732450,35.5771949,129.1217823
7777,96,60,1147050,1732450,35.57718,129.1228855
7778,97,60,1147150,1732450,35.5771652,129.1239887
7779,98,60,1147250,1732450,35.5771503,129.125092
7780,99,60,1147350,1732450,35.5771354,129.1261952
7781,100,60,1147450,1732450,35.5771205,129.1272984
7782,101,60,1147550,1732450,35.5771056,129.1284017
7783,102,60,1147650,1732450,35.5770907,129.1295049
7784,103,60,1147750,1732450,35.5770758,129.1306081
7785,104,60,1147850,1732450,35.5770608,129.1317113
7786,105,60,1147950,1732450,35.5770459,129.1328146
7787,106,60,1148050,1732450,35.5770309,129.1339178
7788,107,60,1148150,1732450,35.577016,129.135021
7789,108,60,1148250,1732450,35.577001,129.1361242
7790,109,60,1148350,1732450,35.576986,129.1372275
7791,110,60,1148450,1732450,35.576971,129.1383307
7792,111,60,1148550,1732450,35.576956,129.1394339
7793,112,60,1148650,1732450,35.576941,129.1405371
7794,113,60,1148750,1732450,35.576926,129.1416403
7795,114,60,1148850,1732450,35.576911,129.1427436
7796,115,60,1148950,1732450,35.5768959,129.1438468
7797,116,60,1149050,1732450,35.5768809,129.14495
7798,117,60,1149150,1732450,35.5768658,129.1460532
7799,118,60,1149250,1732450,35.5768507,129.1471564
7800,119,60,1149350,1732450,35.5768356,129.1482596
7801,120,60,1149450,1732450,35.5768206,129.1493629
7802,121,60,1149550,1732450,35.5768054,129.1504661
7803,122,60,1149650,1732450,35.5767903,129.1515693
7804,123,60,1149750,1732450,35.5767752,129.1526725
7805,124,60,1149850,1732450,35.5767601,129.1537757
7806,125,60,1149950,1732450,35.5767449,129.1548789
7807,126,60,1150050,1732450,35.5767298,129.1559821
7808,127,60,1150150,1732450,35.5767146,129.1570853
7809,127,61,1150150,1732550,35.5776159,129.1571039
7810,126,61,1150050,1732550,35.5776311,129.1560007
7811,125,61,1149950,1732550,35.5776462,129.1548975
7812,124,61,1149850,1732550,35.5776614,129.1537942
7813,123,61,1149750,1732550,35.5776765,129.152691
7814,122,61,1149650,1732550,35.5776916,129.1515878
7815,121,61,1149550,1732550,35.5777067,129.1504846
7816,120,61,1149450,1732550,35.5777218,129.1493813
7817,119,61,1149350,1732550,35.5777369,129.1482781
7818,118,61,1149250,1732550,35.577752,129.1471749
7819,117,61,1149150,1732550,35.5777671,129.1460717
7820,116,61,1149050,1732550,35.5777822,129.1449684
7821,115,61,1148950,1732550,35.5777972,129.1438652
7822,114,61,1148850,1732550,35.5778123,129.142762
7823,113,61,1148750,1732550,35.5778273,129.1416587
7824,112,61,1148650,1732550,35.5778423,129.1405555
7825,111,61,1148550,1732550,35.5778573,129.1394523
7826,110,61,1148450,1732550,35.5778723,129.138349
7827,109,61,1148350,1732550,35.5778873,129.1372458
7828,108,61,1148250,1732550,35.5779023,129.1361426
7829,107,61,1148150,1732550,35.5779173,129.1350393
7830,106,61,1148050,1732550,35.5779322,129.1339361
7831,105,61,1147950,1732550,35.5779472,129.1328329
7832,104,61,1147850,1732550,35.5779621,129.1317296
7833,103,61,1147750,1732550,35.5779771,129.1306264
7834,102,61,1147650,1732550,35.577992,129.1295232
7835,101,61,1147550,1732550,35.5780069,129.1284199
7836,100,61,1147450,1732550,35.5780218,129.1273167
7837,99,61,1147350,1732550,35.5780367,129.1262134
7838,98,61,1147250,1732550,35.5780516,129.1251102
7839,97,61,1147150,1732550,35.5780665,129.1240069
7840,96,61,1147050,1732550,35.5780813,129.1229037
7841,95,61,1146950,1732550,35.5780962,129.1218005
7842,94,61,1146850,1732550,35.578111,129.1206972
7843,93,61,1146750,1732550,35.5781258,129.119594
7844,92,61,1146650,1732550,35.5781407,129.1184907
7845,91,61,1146550,1732550,35.5781555,129.1173875
7846,90,61,1146450,1732550,35.5781703,129.1162842
7847,89,61,1146350,1732550,35.5781851,129.115181
7848,88,61,1146250,1732550,35.5781999,129.1140777
7849,87,61,1146150,1732550,35.5782146,129.1129745
7850,86,61,1146050,1732550,35.5782294,129.1118712
7851,85,61,1145950,1732550,35.5782441,129.110768
7852,84,61,1145850,1732550,35.5782589,129.1096647
7853,83,61,1145750,1732550,35.5782736,129.1085614
7854,82,61,1145650,1732550,35.5782883,129.1074582
7855,81,61,1145550,1732550,35.578303,129.1063549
7856,80,61,1145450,1732550,35.5783177,129.1052517
7857,79,61,1145350,1732550,35.5783324,129.1041484
7858,78,61,1145250,1732550,35.5783471,129.1030452
7859,77,61,1145150,1732550,35.5783618,129.1019419
7860,76,61,1145050,1732550,35.5783764,129.1008386
7861,75,61,1144950,1732550,35.5783911,129.0997354
7862,74,61,1144850,1732550,35.5784057,129.0986321
7863,73,61,1144750,1732550,35.5784204,129.0975289
7864,72,61,1144650,1732550,35.578435,129.0964256
7865,71,61,1144550,1732550,35.5784496,129.0953223
7866,70,61,1144450,1732550,35.5784642,129.0942191
7867,69,61,1144350,1732550,35.5784788,129.0931158
7868,68,61,1144250,1732550,35.5784934,129.0920125
7869,67,61,1144150,1732550,35.5785079,129.0909093
7870,66,61,1144050,1732550,35.5785225,129.089806
7871,65,61,1143950,1732550,35.578537,129.0887027
7872,64,61,1143850,1732550,35.5785516,129.0875995
7873,63,61,1143750,1732550,35.5785661,129.0864962
7874,62,61,1143650,1732550,35.5785806,129.0853929
7875,61,61,1143550,1732550,35.5785951,129.0842896
7876,60,61,1143450,1732550,35.5786096,129.0831864
7877,59,61,1143350,1732550,35.5786241,129.0820831
7878,58,61,1143250,1732550,35.5786386,129.0809798
7879,57,61,1143150,1732550,35.5786531,129.0798765
7880,56,61,1143050,1732550,35.5786675,129.0787733
7881,55,61,1142950,1732550,35.578682,129.07767
7882,54,61,1142850,1732550,35.5786964,129.0765667
7883,53,61,1142750,1732550,35.5787108,129.0754634
7884,52,61,1142650,1732550,35.5787253,129.0743602
7885,51,61,1142550,1732550,35.5787397,129.0732569
7886,50,61,1142450,1732550,35.5787541,129.0721536
7887,49,61,1142350,1732550,35.5787685,129.0710503
7888,48,61,1142250,1732550,35.5787828,129.069947
7889,47,61,1142150,1732550,35.5787972,129.0688437
7890,46,61,1142050,1732550,35.5788116,129.0677405
7891,45,61,1141950,1732550,35.5788259,129.0666372
7892,44,61,1141850,1732550,35.5788402,129.0655339
7893,43,61,1141750,1732550,35.5788546,129.0644306
7894,42,61,1141650,1732550,35.5788689,129.0633273
7895,41,61,1141550,1732550,35.5788832,129.062224
7896,40,61,1141450,1732550,35.5788975,129.0611207
7897,39,61,1141350,1732550,35.5789118,129.0600175
7898,38,61,1141250,1732550,35.5789261,129.0589142
7899,37,61,1141150,1732550,35.5789403,129.0578109
7900,36,61,1141050,1732550,35.5789546,129.0567076
7901,35,61,1140950,1732550,35.5789688,129.0556043
7902,34,61,1140850,1732550,35.5789831,129.054501
7903,33,61,1140750,1732550,35.5789973,129.0533977
7904,32,61,1140650,1732550,35.5790115,129.0522944
7905,31,61,1140550,1732550,35.5790257,129.0511911
7906,30,61,1140450,1732550,35.5790399,129.0500878
7907,29,61,1140350,1732550,35.5790541,129.0489845
7908,28,61,1140250,1732550,35.5790683,129.0478812
7909,27,61,1140150,1732550,35.5790824,129.0467779
7910,26,61,1140050,1732550,35.5790966,129.0456746
7911,25,61,1139950,1732550,35.5791107,129.0445713
7912,24,61,1139850,1732550,35.5791249,129.043468
7913,23,61,1139750,1732550,35.579139,129.0423647
7914,22,61,1139650,1732550,35.5791531,129.0412614
7915,21,61,1139550,1732550,35.5791672,129.0401581
7916,20,61,1139450,1732550,35.5791813,129.0390548
7917,19,61,1139350,1732550,35.5791954,129.0379515
7918,18,61,1139250,1732550,35.5792095,129.0368482
7919,17,61,1139150,1732550,35.5792235,129.0357449
7920,16,61,1139050,1732550,35.5792376,129.0346416
7921,15,61,1138950,1732550,35.5792516,129.0335383
7922,14,61,1138850,1732550,35.5792657,129.032435
7923,13,61,1138750,1732550,35.5792797,129.0313317
7924,12,61,1138650,1732550,35.5792937,129.0302283
7925,11,61,1138550,1732550,35.5793077,129.029125
7926,10,61,1138450,1732550,35.5793217,129.0280217
7927,9,61,1138350,1732550,35.5793357,129.0269184
7928,8,61,1138250,1732550,35.5793497,129.0258151
7929,7,61,1138150,1732550,35.5793636,129.0247118
7930,6,61,1138050,1732550,35.5793776,129.0236085
7931,5,61,1137950,1732550,35.5793915,129.0225051
7932,4,61,1137850,1732550,35.5794055,129.0214018
7933,3,61,1137750,1732550,35.5794194,129.0202985
7934,2,61,1137650,1732550,35.5794333,129.0191952
7935,1,61,1137550,1732550,35.5794472,129.0180919
7936,0,61,1137450,1732550,35.5794611,129.0169886
7937,0,62,1137450,1732650,35.5803624,129.0170056
7938,1,62,1137550,1732650,35.5803485,129.0181089
7939,2,62,1137650,1732650,35.5803346,129.0192122
7940,3,62,1137750,1732650,35.5803207,129.0203156
7941,4,62,1137850,1732650,35.5803068,129.0214189
7942,5,62,1137950,1732650,35.5802929,129.0225222
7943,6,62,1138050,1732650,35.5802789,129.0236255
7944,7,62,1138150,1732650,35.580265,129.0247289
7945,8,62,1138250,1732650,35.580251,129.0258322
7946,9,62,1138350,1732650,35.580237,129.0269355
7947,10,62,1138450,1732650,35.580223,129.0280388
7948,11,62,1138550,1732650,35.5802091,129.0291422
7949,12,62,1138650,1732650,35.580195,129.0302455
7950,13,62,1138750,1732650,35.580181,129.0313488
7951,14,62,1138850,1732650,35.580167,129.0324521
7952,15,62,1138950,1732650,35.580153,129.0335555
7953,16,62,1139050,1732650,35.5801389,129.0346588
7954,17,62,1139150,1732650,35.5801249,129.0357621
7955,18,62,1139250,1732650,35.5801108,129.0368654
7956,19,62,1139350,1732650,35.5800967,129.0379687
7957,20,62,1139450,1732650,35.5800826,129.0390721
7958,21,62,1139550,1732650,35.5800686,129.0401754
7959,22,62,1139650,1732650,35.5800544,129.0412787
7960,23,62,1139750,1732650,35.5800403,129.042382
7961,24,62,1139850,1732650,35.5800262,129.0434853
7962,25,62,1139950,1732650,35.5800121,129.0445886
7963,26,62,1140050,1732650,35.5799979,129.0456919
7964,27,62,1140150,1732650,35.5799838,129.0467953
7965,28,62,1140250,1732650,35.5799696,129.0478986
7966,29,62,1140350,1732650,35.5799554,129.0490019
7967,30,62,1140450,1732650,35.5799412,129.0501052
7968,31,62,1140550,1732650,35.579927,129.0512085
7969,32,62,1140650,1732650,35.5799128,129.0523118
7970,33,62,1140750,1732650,35.5798986,129.0534151
7971,34,62,1140850,1732650,35.5798844,129.0545184
7972,35,62,1140950,1732650,35.5798702,129.0556217
7973,36,62,1141050,1732650,35.5798559,129.056725
7974,37,62,1141150,1732650,35.5798416,129.0578283
7975,38,62,1141250,1732650,35.5798274,129.0589316
7976,39,62,1141350,1732650,35.5798131,129.0600349
7977,40,62,1141450,1732650,35.5797988,129.0611382
7978,41,62,1141550,1732650,35.5797845,129.0622415
7979,42,62,1141650,1732650,35.5797702,129.0633448
7980,43,62,1141750,1732650,35.5797559,129.0644481
7981,44,62,1141850,1732650,35.5797416,129.0655514
7982,45,62,1141950,1732650,35.5797272,129.0666547
7983,46,62,1142050,1732650,35.5797129,129.067758
7984,47,62,1142150,1732650,35.5796985,129.0688613
7985,48,62,1142250,1732650,35.5796842,129.0699646
7986,49,62,1142350,1732650,35.5796698,129.0710679
7987,50,62,1142450,1732650,35.5796554,129.0721712
7988,51,62,1142550,1732650,35.579641,129.0732745
7989,52,62,1142650,1732650,35.5796266,129.0743778
7990,53,62,1142750,1732650,35.5796122,129.0754811
7991,54,62,1142850,1732650,35.5795977,129.0765844
7992,55,62,1142950,1732650,35.5795833,129.0776877
7993,56,62,1143050,1732650,35.5795688,129.078791
7994,57,62,1143150,1732650,35.5795544,129.0798942
7995,58,62,1143250,1732650,35.5795399,129.0809975
7996,59,62,1143350,1732650,35.5795254,129.0821008
7997,60,62,1143450,1732650,35.5795109,129.0832041
7998,61,62,1143550,1732650,35.5794964,129.0843074
7999,62,62,1143650,1732650,35.5794819,129.0854107
8000,63,62,1143750,1732650,35.5794674,129.086514
8001,64,62,1143850,1732650,35.5794529,129.0876172
8002,65,62,1143950,1732650,35.5794383,129.0887205
8003,66,62,1144050,1732650,35.5794238,129.0898238
8004,67,62,1144150,1732650,35.5794092,129.0909271
8005,68,62,1144250,1732650,35.5793947,129.0920304
8006,69,62,1144350,1732650,35.5793801,129.0931337
8007,70,62,1144450,1732650,35.5793655,129.0942369
8008,71,62,1144550,1732650,35.5793509,129.0953402
8009,72,62,1144650,1732650,35.5793363,129.0964435
8010,73,62,1144750,1732650,35.5793217,129.0975468
8011,74,62,1144850,1732650,35.579307,129.09865
8012,75,62,1144950,1732650,35.5792924,129.0997533
8013,76,62,1145050,1732650,35.5792777,129.1008566
8014,77,62,1145150,1732650,35.5792631,129.1019599
8015,78,62,1145250,1732650,35.5792484,129.1030631
8016,79,62,1145350,1732650,35.5792337,129.1041664
8017,80,62,1145450,1732650,35.579219,129.1052697
8018,81,62,1145550,1732650,35.5792043,129.1063729
8019,82,62,1145650,1732650,35.5791896,129.1074762
8020,83,62,1145750,1732650,35.5791749,129.1085795
8021,84,62,1145850,1732650,35.5791602,129.1096827
8022,85,62,1145950,1732650,35.5791454,129.110786
8023,86,62,1146050,1732650,35.5791307,129.1118893
8024,87,62,1146150,1732650,35.5791159,129.1129925
8025,88,62,1146250,1732650,35.5791011,129.1140958
8026,89,62,1146350,1732650,35.5790864,129.1151991
8027,90,62,1146450,1732650,35.5790716,129.1163023
8028,91,62,1146550,1732650,35.5790568,129.1174056
8029,92,62,1146650,1732650,35.579042,129.1185089
8030,93,62,1146750,1732650,35.5790271,129.1196121
8031,94,62,1146850,1732650,35.5790123,129.1207154
8032,95,62,1146950,1732650,35.5789975,129.1218186
8033,96,62,1147050,1732650,35.5789826,129.1229219
8034,97,62,1147150,1732650,35.5789677,129.1240251
8035,98,62,1147250,1732650,35.5789529,129.1251284
8036,99,62,1147350,1732650,35.578938,129.1262317
8037,100,62,1147450,1732650,35.5789231,129.1273349
8038,101,62,1147550,1732650,35.5789082,129.1284382
8039,102,62,1147650,1732650,35.5788933,129.1295414
8040,103,62,1147750,1732650,35.5788784,129.1306447
8041,104,62,1147850,1732650,35.5788634,129.1317479
8042,105,62,1147950,1732650,35.5788485,129.1328512
8043,106,62,1148050,1732650,35.5788335,129.1339544
8044,107,62,1148150,1732650,35.5788186,129.1350577
8045,108,62,1148250,1732650,35.5788036,129.1361609
8046,109,62,1148350,1732650,35.5787886,129.1372642
8047,110,62,1148450,1732650,35.5787736,129.1383674
8048,111,62,1148550,1732650,35.5787586,129.1394707
8049,112,62,1148650,1732650,35.5787436,129.1405739
8050,113,62,1148750,1732650,35.5787286,129.1416771
8051,114,62,1148850,1732650,35.5787135,129.1427804
8052,115,62,1148950,1732650,35.5786985,129.1438836
8053,116,62,1149050,1732650,35.5786834,129.1449869
8054,117,62,1149150,1732650,35.5786684,129.1460901
8055,118,62,1149250,1732650,35.5786533,129.1471933
8056,119,62,1149350,1732650,35.5786382,129.1482966
8057,120,62,1149450,1732650,35.5786231,129.1493998
8058,121,62,1149550,1732650,35.578608,129.1505031
8059,122,62,1149650,1732650,35.5785929,129.1516063
8060,123,62,1149750,1732650,35.5785778,129.1527095
8061,124,62,1149850,1732650,35.5785626,129.1538128
8062,125,62,1149950,1732650,35.5785475,129.154916
8063,126,62,1150050,1732650,35.5785323,129.1560192
8064,127,62,1150150,1732650,35.5785172,129.1571225
8065,127,63,1150150,1732750,35.5794185,129.157141
8066,126,63,1150050,1732750,35.5794336,129.1560378
8067,125,63,1149950,1732750,35.5794488,129.1549345
8068,124,63,1149850,1732750,35.5794639,129.1538313
8069,123,63,1149750,1732750,35.5794791,129.1527281
8070,122,63,1149650,1732750,35.5794942,129.1516248
8071,121,63,1149550,1732750,35.5795093,129.1505216
8072,120,63,1149450,1732750,35.5795244,129.1494183
8073,119,63,1149350,1732750,35.5795395,129.1483151
8074,118,63,1149250,1732750,35.5795546,129.1472118
8075,117,63,1149150,1732750,35.5795697,129.1461086
8076,116,63,1149050,1732750,35.5795847,129.1450053
8077,115,63,1148950,1732750,35.5795998,129.143902
8078,114,63,1148850,1732750,35.5796148,129.1427988
8079,113,63,1148750,1732750,35.5796299,129.1416955
8080,112,63,1148650,1732750,35.5796449,129.1405923
8081,111,63,1148550,1732750,35.5796599,129.139489
8082,110,63,1148450,1732750,35.5796749,129.1383858
8083,109,63,1148350,1732750,35.5796899,129.1372825
8084,108,63,1148250,1732750,35.5797049,129.1361792
8085,107,63,1148150,1732750,35.5797199,129.135076
8086,106,63,1148050,1732750,35.5797348,129.1339727
8087,105,63,1147950,1732750,35.5797498,129.1328695
8088,104,63,1147850,1732750,35.5797647,129.1317662
8089,103,63,1147750,1732750,35.5797797,129.1306629
8090,102,63,1147650,1732750,35.5797946,129.1295597
8091,101,63,1147550,1732750,35.5798095,129.1284564
8092,100,63,1147450,1732750,35.5798244,129.1273531
8093,99,63,1147350,1732750,35.5798393,129.1262499
8094,98,63,1147250,1732750,35.5798542,129.1251466
8095,97,63,1147150,1732750,35.579869,129.1240433
8096,96,63,1147050,1732750,35.5798839,129.1229401
8097,95,63,1146950,1732750,35.5798988,129.1218368
8098,94,63,1146850,1732750,35.5799136,129.1207335
8099,93,63,1146750,1732750,35.5799284,129.1196303
8100,92,63,1146650,1732750,35.5799433,129.118527
8101,91,63,1146550,1732750,35.5799581,129.1174237
8102,90,63,1146450,1732750,35.5799729,129.1163204
8103,89,63,1146350,1732750,35.5799877,129.1152172
8104,88,63,1146250,1732750,35.5800024,129.1141139
8105,87,63,1146150,1732750,35.5800172,129.1130106
8106,86,63,1146050,1732750,35.580032,129.1119073
8107,85,63,1145950,1732750,35.5800467,129.1108041
8108,84,63,1145850,1732750,35.5800615,129.1097008
8109,83,63,1145750,1732750,35.5800762,129.1085975
8110,82,63,1145650,1732750,35.5800909,129.1074942
8111,81,63,1145550,1732750,35.5801056,129.1063909
8112,80,63,1145450,1732750,35.5801203,129.1052877
8113,79,63,1145350,1732750,35.580135,129.1041844
8114,78,63,1145250,1732750,35.5801497,129.1030811
8115,77,63,1145150,1732750,35.5801644,129.1019778
8116,76,63,1145050,1732750,35.5801791,129.1008745
8117,75,63,1144950,1732750,35.5801937,129.0997712
8118,74,63,1144850,1732750,35.5802083,129.098668
8119,73,63,1144750,1732750,35.580223,129.0975647
8120,72,63,1144650,1732750,35.5802376,129.0964614
8121,71,63,1144550,1732750,35.5802522,129.0953581
8122,70,63,1144450,1732750,35.5802668,129.0942548
8123,69,63,1144350,1732750,35.5802814,129.0931515
8124,68,63,1144250,1732750,35.580296,129.0920482
8125,67,63,1144150,1732750,35.5803105,129.0909449
8126,66,63,1144050,1732750,35.5803251,129.0898416
8127,65,63,1143950,1732750,35.5803397,129.0887383
8128,64,63,1143850,1732750,35.5803542,129.087635
8129,63,63,1143750,1732750,35.5803687,129.0865317
8130,62,63,1143650,1732750,35.5803832,129.0854284
8131,61,63,1143550,1732750,35.5803978,129.0843252
8132,60,63,1143450,1732750,35.5804123,129.0832219
8133,59,63,1143350,1732750,35.5804267,129.0821186
8134,58,63,1143250,1732750,35.5804412,129.0810153
8135,57,63,1143150,1732750,35.5804557,129.079912
8136,56,63,1143050,1732750,35.5804702,129.0788087
8137,55,63,1142950,1732750,35.5804846,129.0777054
8138,54,63,1142850,1732750,35.580499,129.076602
8139,53,63,1142750,1732750,35.5805135,129.0754987
8140,52,63,1142650,1732750,35.5805279,129.0743954
8141,51,63,1142550,1732750,35.5805423,129.0732921
8142,50,63,1142450,1732750,35.5805567,129.0721888
8143,49,63,1142350,1732750,35.5805711,129.0710855
8144,48,63,1142250,1732750,35.5805855,129.0699822
8145,47,63,1142150,1732750,35.5805998,129.0688789
8146,46,63,1142050,1732750,35.5806142,129.0677756
8147,45,63,1141950,1732750,35.5806285,129.0666723
8148,44,63,1141850,1732750,35.5806429,129.065569
8149,43,63,1141750,1732750,35.5806572,129.0644657
8150,42,63,1141650,1732750,35.5806715,129.0633624
8151,41,63,1141550,1732750,35.5806858,129.062259
8152,40,63,1141450,1732750,35.5807001,129.0611557
8153,39,63,1141350,1732750,35.5807144,129.0600524
8154,38,63,1141250,1732750,35.5807287,129.0589491
8155,37,63,1141150,1732750,35.580743,129.0578458
8156,36,63,1141050,1732750,35.5807572,129.0567425
8157,35,63,1140950,1732750,35.5807715,129.0556392
8158,34,63,1140850,1732750,35.5807857,129.0545358
8159,33,63,1140750,1732750,35.5807999,129.0534325
8160,32,63,1140650,1732750,35.5808142,129.0523292
8161,31,63,1140550,1732750,35.5808284,129.0512259
8162,30,63,1140450,1732750,35.5808426,129.0501226
8163,29,63,1140350,1732750,35.5808567,129.0490192
8164,28,63,1140250,1732750,35.5808709,129.0479159
8165,27,63,1140150,1732750,35.5808851,129.0468126
8166,26,63,1140050,1732750,35.5808993,129.0457093
8167,25,63,1139950,1732750,35.5809134,129.0446059
8168,24,63,1139850,1732750,35.5809275,129.0435026
8169,23,63,1139750,1732750,35.5809417,129.0423993
8170,22,63,1139650,1732750,35.5809558,129.041296
8171,21,63,1139550,1732750,35.5809699,129.0401926
8172,20,63,1139450,1732750,35.580984,129.0390893
8173,19,63,1139350,1732750,35.5809981,129.037986
8174,18,63,1139250,1732750,35.5810121,129.0368826
8175,17,63,1139150,1732750,35.5810262,129.0357793
8176,16,63,1139050,1732750,35.5810403,129.034676
8177,15,63,1138950,1732750,35.5810543,129.0335726
8178,14,63,1138850,1732750,35.5810683,129.0324693
8179,13,63,1138750,1732750,35.5810824,129.031366
8180,12,63,1138650,1732750,35.5810964,129.0302626
8181,11,63,1138550,1732750,35.5811104,129.0291593
8182,10,63,1138450,1732750,35.5811244,129.028056
8183,9,63,1138350,1732750,35.5811384,129.0269526
8184,8,63,1138250,1732750,35.5811523,129.0258493
8185,7,63,1138150,1732750,35.5811663,129.024746
8186,6,63,1138050,1732750,35.5811803,129.0236426
8187,5,63,1137950,1732750,35.5811942,129.0225393
8188,4,63,1137850,1732750,35.5812081,129.0214359
8189,3,63,1137750,1732750,35.5812221,129.0203326
8190,2,63,1137650,1732750,35.581236,129.0192292
8191,1,63,1137550,1732750,35.5812499,129.0181259
8192,0,63,1137450,1732750,35.5812638,129.0170226
8193,0,64,1137450,1732850,35.5821651,129.0170396
8194,1,64,1137550,1732850,35.5821512,129.0181429
8195,2,64,1137650,1732850,35.5821373,129.0192463
8196,3,64,1137750,1732850,35.5821234,129.0203496
8197,4,64,1137850,1732850,35.5821095,129.021453
8198,5,64,1137950,1732850,35.5820955,129.0225563
8199,6,64,1138050,1732850,35.5820816,129.0236597
8200,7,64,1138150,1732850,35.5820676,129.024763
8201,8,64,1138250,1732850,35.5820537,129.0258664
8202,9,64,1138350,1732850,35.5820397,129.0269697
8203,10,64,1138450,1732850,35.5820257,129.0280731
8204,11,64,1138550,1732850,35.5820117,129.0291764
8205,12,64,1138650,1732850,35.5819977,129.0302798
8206,13,64,1138750,1732850,35.5819837,129.0313831
8207,14,64,1138850,1732850,35.5819697,129.0324865
8208,15,64,1138950,1732850,35.5819556,129.0335898
8209,16,64,1139050,1732850,35.5819416,129.0346932
8210,17,64,1139150,1732850,35.5819275,129.0357965
8211,18,64,1139250,1732850,35.5819135,129.0368999
8212,19,64,1139350,1732850,35.5818994,129.0380032
8213,20,64,1139450,1732850,35.5818853,129.0391065
8214,21,64,1139550,1732850,35.5818712,129.0402099
8215,22,64,1139650,1732850,35.5818571,129.0413132
8216,23,64,1139750,1732850,35.581843,129.0424166
8217,24,64,1139850,1732850,35.5818289,129.0435199
8218,25,64,1139950,1732850,35.5818147,129.0446232
8219,26,64,1140050,1732850,35.5818006,129.0457266
8220,27,64,1140150,1732850,35.5817864,129.0468299
8221,28,64,1140250,1732850,35.5817723,129.0479333
8222,29,64,1140350,1732850,35.5817581,129.0490366
8223,30,64,1140450,1732850,35.5817439,129.0501399
8224,31,64,1140550,1732850,35.5817297,129.0512433
8225,32,64,1140650,1732850,35.5817155,129.0523466
8226,33,64,1140750,1732850,35.5817013,129.0534499
8227,34,64,1140850,1732850,35.581687,129.0545533
8228,35,64,1140950,1732850,35.5816728,129.0556566
8229,36,64,1141050,1732850,35.5816586,129.0567599
8230,37,64,1141150,1732850,35.5816443,129.0578632
8231,38,64,1141250,1732850,35.58163,129.0589666
8232,39,64,1141350,1732850,35.5816157,129.0600699
8233,40,64,1141450,1732850,35.5816015,129.0611732
8234,41,64,1141550,1732850,35.5815872,129.0622766
8235,42,64,1141650,1732850,35.5815729,129.0633799
8236,43,64,1141750,1732850,35.5815585,129.0644832
8237,44,64,1141850,1732850,35.5815442,129.0655865
8238,45,64,1141950,1732850,35.5815299,129.0666898
8239,46,64,1142050,1732850,35.5815155,129.0677932
8240,47,64,1142150,1732850,35.5815012,129.0688965
8241,48,64,1142250,1732850,35.5814868,129.0699998
8242,49,64,1142350,1732850,35.5814724,129.0711031
8243,50,64,1142450,1732850,35.581458,129.0722065
8244,51,64,1142550,1732850,35.5814436,129.0733098
8245,52,64,1142650,1732850,35.5814292,129.0744131
8246,53,64,1142750,1732850,35.5814148,129.0755164
8247,54,64,1142850,1732850,35.5814004,129.0766197
8248,55,64,1142950,1732850,35.5813859,129.077723
8249,56,64,1143050,1732850,35.5813715,129.0788263
8250,57,64,1143150,1732850,35.581357,129.0799297
8251,58,64,1143250,1732850,35.5813425,129.081033
8252,59,64,1143350,1732850,35.5813281,129.0821363
8253,60,64,1143450,1732850,35.5813136,129.0832396
8254,61,64,1143550,1732850,35.5812991,129.0843429
8255,62,64,1143650,1732850,35.5812846,129.0854462
8256,63,64,1143750,1732850,35.58127,129.0865495
8257,64,64,1143850,1732850,35.5812555,129.0876528
8258,65,64,1143950,1732850,35.581241,129.0887561
8259,66,64,1144050,1732850,35.5812264,129.0898594
8260,67,64,1144150,1732850,35.5812119,129.0909628
8261,68,64,1144250,1732850,35.5811973,129.0920661
8262,69,64,1144350,1732850,35.5811827,129.0931694
8263,70,64,1144450,1732850,35.5811681,129.0942727
8264,71,64,1144550,1732850,35.5811535,129.095376
8265,72,64,1144650,1732850,35.5811389,129.0964793
8266,73,64,1144750,1732850,35.5811243,129.0975826
8267,74,64,1144850,1732850,35.5811096,129.0986859
8268,75,64,1144950,1732850,35.581095,129.0997892
8269,76,64,1145050,1732850,35.5810804,129.1008925
8270,77,64,1145150,1732850,35.5810657,129.1019958
8271,78,64,1145250,1732850,35.581051,129.1030991
8272,79,64,1145350,1732850,35.5810363,129.1042024
8273,80,64,1145450,1732850,35.5810216,129.1053056
8274,81,64,1145550,1732850,35.5810069,129.1064089
8275,82,64,1145650,1732850,35.5809922,129.1075122
8276,83,64,1145750,1732850,35.5809775,129.1086155
8277,84,64,1145850,1732850,35.5809628,129.1097188
8278,85,64,1145950,1732850,35.580948,129.1108221
8279,86,64,1146050,1732850,35.5809333,129.1119254
8280,87,64,1146150,1732850,35.5809185,129.1130287
8281,88,64,1146250,1732850,35.5809037,129.114132
8282,89,64,1146350,1732850,35.580889,129.1152353
8283,90,64,1146450,1732850,35.5808742,129.1163386
8284,91,64,1146550,1732850,35.5808594,129.1174418
8285,92,64,1146650,1732850,35.5808446,129.1185451
8286,93,64,1146750,1732850,35.5808297,129.1196484
8287,94,64,1146850,1732850,35.5808149,129.1207517
8288,95,64,1146950,1732850,35.5808001,129.121855
8289,96,64,1147050,1732850,35.5807852,129.1229583
8290,97,64,1147150,1732850,35.5807703,129.1240615
8291,98,64,1147250,1732850,35.5807555,129.1251648
8292,99,64,1147350,1732850,35.5807406,129.1262681
8293,100,64,1147450,1732850,35.5807257,129.1273714
8294,101,64,1147550,1732850,35.5807108,129.1284747
8295,102,64,1147650,1732850,35.5806959,129.1295779
8296,103,64,1147750,1732850,35.5806809,129.1306812
8297,104,64,1147850,1732850,35.580666,129.1317845
8298,105,64,1147950,1732850,35.5806511,129.1328878
8299,106,64,1148050,1732850,35.5806361,129.133991
8300,107,64,1148150,1732850,35.5806211,129.1350943
8301,108,64,1148250,1732850,35.5806062,129.1361976
8302,109,64,1148350,1732850,35.5805912,129.1373009
8303,110,64,1148450,1732850,35.5805762,129.1384041
8304,111,64,1148550,1732850,35.5805612,129.1395074
8305,112,64,1148650,1732850,35.5805462,129.1406107
8306,113,64,1148750,1732850,35.5805311,129.1417139
8307,114,64,1148850,1732850,35.5805161,129.1428172
8308,115,64,1148950,1732850,35.5805011,129.1439205
8309,116,64,1149050,1732850,35.580486,129.1450237
8310,117,64,1149150,1732850,35.5804709,129.146127
8311,118,64,1149250,1732850,35.5804559,129.1472303
8312,119,64,1149350,1732850,35.5804408,129.1483335
8313,120,64,1149450,1732850,35.5804257,129.1494368
8314,121,64,1149550,1732850,35.5804106,129.1505401
8315,122,64,1149650,1732850,35.5803955,129.1516433
8316,123,64,1149750,1732850,35.5803803,129.1527466
8317,124,64,1149850,1732850,35.5803652,129.1538498
8318,125,64,1149950,1732850,35.5803501,129.1549531
8319,126,64,1150050,1732850,35.5803349,129.1560564
8320,127,64,1150150,1732850,35.5803197,129.1571596
8321,127,65,1150150,1732950,35.581221,129.1571782
8322,126,65,1150050,1732950,35.5812362,129.1560749
8323,125,65,1149950,1732950,35.5812513,129.1549716
8324,124,65,1149850,1732950,35.5812665,129.1538684
8325,123,65,1149750,1732950,35.5812816,129.1527651
8326,122,65,1149650,1732950,35.5812967,129.1516618
8327,121,65,1149550,1732950,35.5813119,129.1505586
8328,120,65,1149450,1732950,35.581327,129.1494553
8329,119,65,1149350,1732950,35.5813421,129.148352
8330,118,65,1149250,1732950,35.5813572,129.1472487
8331,117,65,1149150,1732950,35.5813722,129.1461455
8332,116,65,1149050,1732950,35.5813873,129.1450422
8333,115,65,1148950,1732950,35.5814023,129.1439389
8334,114,65,1148850,1732950,35.5814174,129.1428356
8335,113,65,1148750,1732950,35.5814324,129.1417323
8336,112,65,1148650,1732950,35.5814475,129.1406291
8337,111,65,1148550,1732950,35.5814625,129.1395258
8338,110,65,1148450,1732950,35.5814775,129.1384225
8339,109,65,1148350,1732950,35.5814925,129.1373192
8340,108,65,1148250,1732950,35.5815075,129.1362159
8341,107,65,1148150,1732950,35.5815224,129.1351126
8342,106,65,1148050,1732950,35.5815374,129.1340094
8343,105,65,1147950,1732950,35.5815524,129.1329061
8344,104,65,1147850,1732950,35.5815673,129.1318028
8345,103,65,1147750,1732950,35.5815822,129.1306995
8346,102,65,1147650,1732950,35.5815972,129.1295962
8347,101,65,1147550,1732950,35.5816121,129.1284929
8348,100,65,1147450,1732950,35.581627,129.1273896
8349,99,65,1147350,1732950,35.5816419,129.1262863
8350,98,65,1147250,1732950,35.5816568,129.125183
8351,97,65,1147150,1732950,35.5816716,129.1240797
8352,96,65,1147050,1732950,35.5816865,129.1229765
8353,95,65,1146950,1732950,35.5817013,129.1218732
8354,94,65,1146850,1732950,35.5817162,129.1207699
8355,93,65,1146750,1732950,35.581731,129.1196666
8356,92,65,1146650,1732950,35.5817459,129.1185633
8357,91,65,1146550,1732950,35.5817607,129.11746
8358,90,65,1146450,1732950,35.5817755,129.1163567
8359,89,65,1146350,1732950,35.5817903,129.1152534
8360,88,65,1146250,1732950,35.581805,129.1141501
8361,87,65,1146150,1732950,35.5818198,129.1130468
8362,86,65,1146050,1732950,35.5818346,129.1119435
8363,85,65,1145950,1732950,35.5818493,129.1108402
8364,84,65,1145850,1732950,35.5818641,129.1097369
8365,83,65,1145750,1732950,35.5818788,129.1086336
8366,82,65,1145650,1732950,35.5818935,129.1075303
8367,81,65,1145550,1732950,35.5819082,129.1064269
8368,80,65,1145450,1732950,35.5819229,129.1053236
8369,79,65,1145350,1732950,35.5819376,129.1042203
8370,78,65,1145250,1732950,35.5819523,129.103117
8371,77,65,1145150,1732950,35.581967,129.1020137
8372,76,65,1145050,1732950,35.5819817,129.1009104
8373,75,65,1144950,1732950,35.5819963,129.0998071
8374,74,65,1144850,1732950,35.582011,129.0987038
8375,73,65,1144750,1732950,35.5820256,129.0976005
8376,72,65,1144650,1732950,35.5820402,129.0964972
8377,71,65,1144550,1732950,35.5820548,129.0953938
8378,70,65,1144450,1732950,35.5820694,129.0942905
8379,69,65,1144350,1732950,35.582084,129.0931872
8380,68,65,1144250,1732950,35.5820986,129.0920839
8381,67,65,1144150,1732950,35.5821132,129.0909806
8382,66,65,1144050,1732950,35.5821277,129.0898773
8383,65,65,1143950,1732950,35.5821423,129.0887739
8384,64,65,1143850,1732950,35.5821568,129.0876706
8385,63,65,1143750,1732950,35.5821714,129.0865673
8386,62,65,1143650,1732950,35.5821859,129.085464
8387,61,65,1143550,1732950,35.5822004,129.0843607
8388,60,65,1143450,1732950,35.5822149,129.0832573
8389,59,65,1143350,1732950,35.5822294,129.082154
8390,58,65,1143250,1732950,35.5822439,129.0810507
8391,57,65,1143150,1732950,35.5822583,129.0799474
8392,56,65,1143050,1732950,35.5822728,129.078844
8393,55,65,1142950,1732950,35.5822872,129.0777407
8394,54,65,1142850,1732950,35.5823017,129.0766374
8395,53,65,1142750,1732950,35.5823161,129.0755341
8396,52,65,1142650,1732950,35.5823305,129.0744307
8397,51,65,1142550,1732950,35.5823449,129.0733274
8398,50,65,1142450,1732950,35.5823593,129.0722241
8399,49,65,1142350,1732950,35.5823737,129.0711207
8400,48,65,1142250,1732950,35.5823881,129.0700174
8401,47,65,1142150,1732950,35.5824025,129.0689141
8402,46,65,1142050,1732950,35.5824168,129.0678107
8403,45,65,1141950,1732950,35.5824312,129.0667074
8404,44,65,1141850,1732950,35.5824455,129.0656041
8405,43,65,1141750,1732950,35.5824599,129.0645007
8406,42,65,1141650,1732950,35.5824742,129.0633974
8407,41,65,1141550,1732950,35.5824885,129.0622941
8408,40,65,1141450,1732950,35.5825028,129.0611907
8409,39,65,1141350,1732950,35.5825171,129.0600874
8410,38,65,1141250,1732950,35.5825313,129.058984
8411,37,65,1141150,1732950,35.5825456,129.0578807
8412,36,65,1141050,1732950,35.5825599,129.0567774
8413,35,65,1140950,1732950,35.5825741,129.055674
8414,34,65,1140850,1732950,35.5825884,129.0545707
8415,33,65,1140750,1732950,35.5826026,129.0534673
8416,32,65,1140650,1732950,35.5826168,129.052364
8417,31,65,1140550,1732950,35.582631,129.0512606
8418,30,65,1140450,1732950,35.5826452,129.0501573
8419,29,65,1140350,1732950,35.5826594,129.049054
8420,28,65,1140250,1732950,35.5826736,129.0479506
8421,27,65,1140150,1732950,35.5826877,129.0468473
8422,26,65,1140050,1732950,35.5827019,129.0457439
8423,25,65,1139950,1732950,35.5827161,129.0446406
8424,24,65,1139850,1732950,35.5827302,129.0435372
8425,23,65,1139750,1732950,35.5827443,129.0424339
8426,22,65,1139650,1732950,35.5827584,129.0413305
8427,21,65,1139550,1732950,35.5827725,129.0402272
8428,20,65,1139450,1732950,35.5827866,129.0391238
8429,19,65,1139350,1732950,35.5828007,129.0380204
8430,18,65,1139250,1732950,35.5828148,129.0369171
8431,17,65,1139150,1732950,35.5828289,129.0358137
8432,16,65,1139050,1732950,35.5828429,129.0347104
8433,15,65,1138950,1732950,35.582857,129.033607
8434,14,65,1138850,1732950,35.582871,129.0325037
8435,13,65,1138750,1732950,35.582885,129.0314003
8436,12,65,1138650,1732950,35.5828991,129.0302969
8437,11,65,1138550,1732950,35.5829131,129.0291936
8438,10,65,1138450,1732950,35.5829271,129.0280902
8439,9,65,1138350,1732950,35.582941,129.0269869
8440,8,65,1138250,1732950,35.582955,129.0258835
8441,7,65,1138150,1732950,35.582969,129.0247801
8442,6,65,1138050,1732950,35.5829829,129.0236768
8443,5,65,1137950,1732950,35.5829969,129.0225734
8444,4,65,1137850,1732950,35.5830108,129.02147
8445,3,65,1137750,1732950,35.5830247,129.0203667
8446,2,65,1137650,1732950,35.5830387,129.0192633
8447,1,65,1137550,1732950,35.5830526,129.0181599
8448,0,65,1137450,1732950,35.5830665,129.0170566
8449,0,66,1137450,1733050,35.5839678,129.0170736
8450,1,66,1137550,1733050,35.5839539,129.018177
8451,2,66,1137650,1733050,35.58394,129.0192803
8452,3,66,1137750,1733050,35.5839261,129.0203837
8453,4,66,1137850,1733050,35.5839122,129.0214871
8454,5,66,1137950,1733050,35.5838982,129.0225905
8455,6,66,1138050,1733050,35.5838843,129.0236938
8456,7,66,1138150,1733050,35.5838703,129.0247972
8457,8,66,1138250,1733050,35.5838564,129.0259006
8458,9,66,1138350,1733050,35.5838424,129.027004
8459,10,66,1138450,1733050,35.5838284,129.0281073
8460,11,66,1138550,1733050,35.5838144,129.0292107
8461,12,66,1138650,1733050,35.5838004,129.0303141
8462,13,66,1138750,1733050,35.5837864,129.0314175
8463,14,66,1138850,1733050,35.5837723,129.0325208
8464,15,66,1138950,1733050,35.5837583,129.0336242
8465,16,66,1139050,1733050,35.5837443,129.0347276
8466,17,66,1139150,1733050,35.5837302,129.0358309
8467,18,66,1139250,1733050,35.5837161,129.0369343
8468,19,66,1139350,1733050,35.5837021,129.0380377
8469,20,66,1139450,1733050,35.583688,129.0391411
8470,21,66,1139550,1733050,35.5836739,129.0402444
8471,22,66,1139650,1733050,35.5836598,129.0413478
8472,23,66,1139750,1733050,35.5836456,129.0424511
8473,24,66,1139850,1733050,35.5836315,129.0435545
8474,25,66,1139950,1733050,35.5836174,129.0446579
8475,26,66,1140050,1733050,35.5836032,129.0457612
8476,27,66,1140150,1733050,35.5835891,129.0468646
8477,28,66,1140250,1733050,35.5835749,129.047968
8478,29,66,1140350,1733050,35.5835607,129.0490713
8479,30,66,1140450,1733050,35.5835465,129.0501747
8480,31,66,1140550,1733050,35.5835323,129.051278
8481,32,66,1140650,1733050,35.5835181,129.0523814
8482,33,66,1140750,1733050,35.5835039,129.0534847
8483,34,66,1140850,1733050,35.5834897,129.0545881
8484,35,66,1140950,1733050,35.5834754,129.0556915
8485,36,66,1141050,1733050,35.5834612,129.0567948
8486,37,66,1141150,1733050,35.5834469,129.0578982
8487,38,66,1141250,1733050,35.5834327,129.0590015
8488,39,66,1141350,1733050,35.5834184,129.0601049
8489,40,66,1141450,1733050,35.5834041,129.0612082
8490,41,66,1141550,1733050,35.5833898,129.0623116
8491,42,66,1141650,1733050,35.5833755,129.0634149
8492,43,66,1141750,1733050,35.5833612,129.0645183
8493,44,66,1141850,1733050,35.5833468,129.0656216
8494,45,66,1141950,1733050,35.5833325,129.066725
8495,46,66,1142050,1733050,35.5833182,129.0678283
8496,47,66,1142150,1733050,35.5833038,129.0689317
8497,48,66,1142250,1733050,35.5832894,129.070035
8498,49,66,1142350,1733050,35.583275,129.0711384
8499,50,66,1142450,1733050,35.5832607,129.0722417
8500,51,66,1142550,1733050,35.5832463,129.073345
8501,52,66,1142650,1733050,35.5832318,129.0744484
8502,53,66,1142750,1733050,35.5832174,129.0755517
8503,54,66,1142850,1733050,35.583203,129.0766551
8504,55,66,1142950,1733050,35.5831886,129.0777584
8505,56,66,1143050,1733050,35.5831741,129.0788617
8506,57,66,1143150,1733050,35.5831596,129.0799651
8507,58,66,1143250,1733050,35.5831452,129.0810684
8508,59,66,1143350,1733050,35.5831307,129.0821717
8509,60,66,1143450,1733050,35.5831162,129.0832751
8510,61,66,1143550,1733050,35.5831017,129.0843784
8511,62,66,1143650,1733050,35.5830872,129.0854818
8512,63,66,1143750,1733050,35.5830727,129.0865851
8513,64,66,1143850,1733050,35.5830581,129.0876884
8514,65,66,1143950,1733050,35.5830436,129.0887918
8515,66,66,1144050,1733050,35.583029,129.0898951
8516,67,66,1144150,1733050,35.5830145,129.0909984
8517,68,66,1144250,1733050,35.5829999,129.0921017
8518,69,66,1144350,1733050,35.5829853,129.0932051
8519,70,66,1144450,1733050,35.5829707,129.0943084
8520,71,66,1144550,1733050,35.5829561,129.0954117
8521,72,66,1144650,1733050,35.5829415,129.0965151
8522,73,66,1144750,1733050,35.5829269,129.0976184
8523,74,66,1144850,1733050,35.5829123,129.0987217
8524,75,66,1144950,1733050,35.5828976,129.099825
8525,76,66,1145050,1733050,35.582883,129.1009283
8526,77,66,1145150,1733050,35.5828683,129.1020317
8527,78,66,1145250,1733050,35.5828536,129.103135
8528,79,66,1145350,1733050,35.5828389,129.1042383
8529,80,66,1145450,1733050,35.5828243,129.1053416
8530,81,66,1145550,1733050,35.5828095,129.106445
8531,82,66,1145650,1733050,35.5827948,129.1075483
8532,83,66,1145750,1733050,35.5827801,129.1086516
8533,84,66,1145850,1733050,35.5827654,129.1097549
8534,85,66,1145950,1733050,35.5827506,129.1108582
8535,86,66,1146050,1733050,35.5827359,129.1119615
8536,87,66,1146150,1733050,35.5827211,129.1130648
8537,88,66,1146250,1733050,35.5827063,129.1141682
8538,89,66,1146350,1733050,35.5826916,129.1152715
8539,90,66,1146450,1733050,35.5826768,129.1163748
8540,91,66,1146550,1733050,35.582662,129.1174781
8541,92,66,1146650,1733050,35.5826471,129.1185814
8542,93,66,1146750,1733050,35.5826323,129.1196847
8543,94,66,1146850,1733050,35.5826175,129.120788
8544,95,66,1146950,1733050,35.5826026,129.1218913
8545,96,66,1147050,1733050,35.5825878,129.1229946
8546,97,66,1147150,1733050,35.5825729,129.1240979
8547,98,66,1147250,1733050,35.582558,129.1252013
8548,99,66,1147350,1733050,35.5825432,129.1263046
8549,100,66,1147450,1733050,35.5825283,129.1274079
8550,101,66,1147550,1733050,35.5825134,129.1285112
8551,102,66,1147650,1733050,35.5824984,129.1296145
8552,103,66,1147750,1733050,35.5824835,129.1307178
8553,104,66,1147850,1733050,35.5824686,129.1318211
8554,105,66,1147950,1733050,35.5824536,129.1329244
8555,106,66,1148050,1733050,35.5824387,129.1340277
8556,107,66,1148150,1733050,35.5824237,129.135131
8557,108,66,1148250,1733050,35.5824087,129.1362343
8558,109,66,1148350,1733050,35.5823938,129.1373376
8559,110,66,1148450,1733050,35.5823788,129.1384409
8560,111,66,1148550,1733050,35.5823638,129.1395441
8561,112,66,1148650,1733050,35.5823487,129.1406474
8562,113,66,1148750,1733050,35.5823337,129.1417507
8563,114,66,1148850,1733050,35.5823187,129.142854
8564,115,66,1148950,1733050,35.5823036,129.1439573
8565,116,66,1149050,1733050,35.5822886,129.1450606
8566,117,66,1149150,1733050,35.5822735,129.1461639
8567,118,66,1149250,1733050,35.5822584,129.1472672
8568,119,66,1149350,1733050,35.5822433,129.1483705
8569,120,66,1149450,1733050,35.5822283,129.1494738
8570,121,66,1149550,1733050,35.5822131,129.1505771
8571,122,66,1149650,1733050,35.582198,129.1516803
8572,123,66,1149750,1733050,35.5821829,129.1527836
8573,124,66,1149850,1733050,35.5821678,129.1538869
8574,125,66,1149950,1733050,35.5821526,129.1549902
8575,126,66,1150050,1733050,35.5821375,129.1560935
8576,127,66,1150150,1733050,35.5821223,129.1571968
8577,127,67,1150150,1733150,35.5830236,129.1572153
8578,126,67,1150050,1733150,35.5830387,129.156112
8579,125,67,1149950,1733150,35.5830539,129.1550087
8580,124,67,1149850,1733150,35.583069,129.1539054
8581,123,67,1149750,1733150,35.5830842,129.1528021
8582,122,67,1149650,1733150,35.5830993,129.1516988
8583,121,67,1149550,1733150,35.5831144,129.1505956
8584,120,67,1149450,1733150,35.5831295,129.1494923
8585,119,67,1149350,1733150,35.5831446,129.148389
8586,118,67,1149250,1733150,35.5831597,129.1472857
8587,117,67,1149150,1733150,35.5831748,129.1461823
8588,116,67,1149050,1733150,35.5831899,129.145079
8589,115,67,1148950,1733150,35.5832049,129.1439757
8590,114,67,1148850,1733150,35.58322,129.1428724
8591,113,67,1148750,1733150,35.583235,129.1417691
8592,112,67,1148650,1733150,35.58325,129.1406658
8593,111,67,1148550,1733150,35.583265,129.1395625
8594,110,67,1148450,1733150,35.5832801,129.1384592
8595,109,67,1148350,1733150,35.583295,129.1373559
8596,108,67,1148250,1733150,35.58331,129.1362526
8597,107,67,1148150,1733150,35.583325,129.1351493
8598,106,67,1148050,1733150,35.58334,129.134046
8599,105,67,1147950,1733150,35.5833549,129.1329427
8600,104,67,1147850,1733150,35.5833699,129.1318394
8601,103,67,1147750,1733150,35.5833848,129.130736
8602,102,67,1147650,1733150,35.5833997,129.1296327
8603,101,67,1147550,1733150,35.5834147,129.1285294
8604,100,67,1147450,1733150,35.5834296,129.1274261
8605,99,67,1147350,1733150,35.5834445,129.1263228
8606,98,67,1147250,1733150,35.5834593,129.1252195
8607,97,67,1147150,1733150,35.5834742,129.1241161
8608,96,67,1147050,1733150,35.5834891,129.1230128
8609,95,67,1146950,1733150,35.5835039,129.1219095
8610,94,67,1146850,1733150,35.5835188,129.1208062
8611,93,67,1146750,1733150,35.5835336,129.1197029
8612,92,67,1146650,1733150,35.5835484,129.1185995
8613,91,67,1146550,1733150,35.5835633,129.1174962
8614,90,67,1146450,1733150,35.5835781,129.1163929
8615,89,67,1146350,1733150,35.5835929,129.1152896
8616,88,67,1146250,1733150,35.5836076,129.1141863
8617,87,67,1146150,1733150,35.5836224,129.1130829
8618,86,67,1146050,1733150,35.5836372,129.1119796
8619,85,67,1145950,1733150,35.5836519,129.1108763
8620,84,67,1145850,1733150,35.5836667,129.1097729
8621,83,67,1145750,1733150,35.5836814,129.1086696
8622,82,67,1145650,1733150,35.5836961,129.1075663
8623,81,67,1145550,1733150,35.5837109,129.106463
8624,80,67,1145450,1733150,35.5837256,129.1053596
8625,79,67,1145350,1733150,35.5837402,129.1042563
8626,78,67,1145250,1733150,35.5837549,129.103153
8627,77,67,1145150,1733150,35.5837696,129.1020496
8628,76,67,1145050,1733150,35.5837843,129.1009463
8629,75,67,1144950,1733150,35.5837989,129.099843
8630,74,67,1144850,1733150,35.5838136,129.0987396
8631,73,67,1144750,1733150,35.5838282,129.0976363
8632,72,67,1144650,1733150,35.5838428,129.0965329
8633,71,67,1144550,1733150,35.5838574,129.0954296
8634,70,67,1144450,1733150,35.583872,129.0943263
8635,69,67,1144350,1733150,35.5838866,129.0932229
8636,68,67,1144250,1733150,35.5839012,129.0921196
8637,67,67,1144150,1733150,35.5839158,129.0910162
8638,66,67,1144050,1733150,35.5839303,129.0899129
8639,65,67,1143950,1733150,35.5839449,129.0888096
8640,64,67,1143850,1733150,35.5839594,129.0877062
8641,63,67,1143750,1733150,35.583974,129.0866029
8642,62,67,1143650,1733150,35.5839885,129.0854995
8643,61,67,1143550,1733150,35.584003,129.0843962
8644,60,67,1143450,1733150,35.5840175,129.0832928
8645,59,67,1143350,1733150,35.584032,129.0821895
8646,58,67,1143250,1733150,35.5840465,129.0810861
8647,57,67,1143150,1733150,35.584061,129.0799828
8648,56,67,1143050,1733150,35.5840754,129.0788794
8649,55,67,1142950,1733150,35.5840899,129.0777761
8650,54,67,1142850,1733150,35.5841043,129.0766727
8651,53,67,1142750,1733150,35.5841187,129.0755694
8652,52,67,1142650,1733150,35.5841332,129.074466
8653,51,67,1142550,1733150,35.5841476,129.0733627
8654,50,67,1142450,1733150,35.584162,129.0722593
8655,49,67,1142350,1733150,35.5841764,129.071156
8656,48,67,1142250,1733150,35.5841907,129.0700526
8657,47,67,1142150,1733150,35.5842051,129.0689492
8658,46,67,1142050,1733150,35.5842195,129.0678459
8659,45,67,1141950,1733150,35.5842338,129.0667425
8660,44,67,1141850,1733150,35.5842482,129.0656392
8661,43,67,1141750,1733150,35.5842625,129.0645358
8662,42,67,1141650,1733150,35.5842768,129.0634324
8663,41,67,1141550,1733150,35.5842911,129.0623291
8664,40,67,1141450,1733150,35.5843054,129.0612257
8665,39,67,1141350,1733150,35.5843197,129.0601224
8666,38,67,1141250,1733150,35.584334,129.059019
8667,37,67,1141150,1733150,35.5843483,129.0579156
8668,36,67,1141050,1733150,35.5843625,129.0568123
8669,35,67,1140950,1733150,35.5843768,129.0557089
8670,34,67,1140850,1733150,35.584391,129.0546055
8671,33,67,1140750,1733150,35.5844052,129.0535022
8672,32,67,1140650,1733150,35.5844195,129.0523988
8673,31,67,1140550,1733150,35.5844337,129.0512954
8674,30,67,1140450,1733150,35.5844479,129.0501921
8675,29,67,1140350,1733150,35.5844621,129.0490887
8676,28,67,1140250,1733150,35.5844762,129.0479853
8677,27,67,1140150,1733150,35.5844904,129.0468819
8678,26,67,1140050,1733150,35.5845046,129.0457786
8679,25,67,1139950,1733150,35.5845187,129.0446752
8680,24,67,1139850,1733150,35.5845328,129.0435718
8681,23,67,1139750,1733150,35.584547,129.0424684
8682,22,67,1139650,1733150,35.5845611,129.0413651
8683,21,67,1139550,1733150,35.5845752,129.0402617
8684,20,67,1139450,1733150,35.5845893,129.0391583
8685,19,67,1139350,1733150,35.5846034,129.0380549
8686,18,67,1139250,1733150,35.5846175,129.0369515
8687,17,67,1139150,1733150,35.5846315,129.0358482
8688,16,67,1139050,1733150,35.5846456,129.0347448
8689,15,67,1138950,1733150,35.5846596,129.0336414
8690,14,67,1138850,1733150,35.5846737,129.032538
8691,13,67,1138750,1733150,35.5846877,129.0314346
8692,12,67,1138650,1733150,35.5847017,129.0303312
8693,11,67,1138550,1733150,35.5847157,129.0292279
8694,10,67,1138450,1733150,35.5847297,129.0281245
8695,9,67,1138350,1733150,35.5847437,129.0270211
8696,8,67,1138250,1733150,35.5847577,129.0259177
8697,7,67,1138150,1733150,35.5847717,129.0248143
8698,6,67,1138050,1733150,35.5847856,129.0237109
8699,5,67,1137950,1733150,35.5847996,129.0226075
8700,4,67,1137850,1733150,35.5848135,129.0215041
8701,3,67,1137750,1733150,35.5848274,129.0204008
8702,2,67,1137650,1733150,35.5848413,129.0192974
8703,1,67,1137550,1733150,35.5848552,129.018194
8704,0,67,1137450,1733150,35.5848691,129.0170906
8705,0,68,1137450,1733250,35.5857705,129.0171076
8706,1,68,1137550,1733250,35.5857566,129.018211
8707,2,68,1137650,1733250,35.5857427,129.0193144
8708,3,68,1137750,1733250,35.5857288,129.0204178
8709,4,68,1137850,1733250,35.5857148,129.0215212
8710,5,68,1137950,1733250,35.5857009,129.0226246
8711,6,68,1138050,1733250,35.585687,129.023728
8712,7,68,1138150,1733250,35.585673,129.0248314
8713,8,68,1138250,1733250,35.585659,129.0259348
8714,9,68,1138350,1733250,35.585645,129.0270382
8715,10,68,1138450,1733250,35.5856311,129.0281416
8716,11,68,1138550,1733250,35.5856171,129.029245
8717,12,68,1138650,1733250,35.5856031,129.0303484
8718,13,68,1138750,1733250,35.585589,129.0314518
8719,14,68,1138850,1733250,35.585575,129.0325552
8720,15,68,1138950,1733250,35.585561,129.0336586
8721,16,68,1139050,1733250,35.5855469,129.034762
8722,17,68,1139150,1733250,35.5855329,129.0358654
8723,18,68,1139250,1733250,35.5855188,129.0369688
8724,19,68,1139350,1733250,35.5855047,129.0380722
8725,20,68,1139450,1733250,35.5854906,129.0391756
8726,21,68,1139550,1733250,35.5854765,129.0402789
8727,22,68,1139650,1733250,35.5854624,129.0413823
8728,23,68,1139750,1733250,35.5854483,129.0424857
8729,24,68,1139850,1733250,35.5854342,129.0435891
8730,25,68,1139950,1733250,35.58542,129.0446925
8731,26,68,1140050,1733250,35.5854059,129.0457959
8732,27,68,1140150,1733250,35.5853917,129.0468993
8733,28,68,1140250,1733250,35.5853776,129.0480027
8734,29,68,1140350,1733250,35.5853634,129.049106
8735,30,68,1140450,1733250,35.5853492,129.0502094
8736,31,68,1140550,1733250,35.585335,129.0513128
8737,32,68,1140650,1733250,35.5853208,129.0524162
8738,33,68,1140750,1733250,35.5853066,129.0535196
8739,34,68,1140850,1733250,35.5852923,129.054623
8740,35,68,1140950,1733250,35.5852781,129.0557263
8741,36,68,1141050,1733250,35.5852638,129.0568297
8742,37,68,1141150,1733250,35.5852496,129.0579331
8743,38,68,1141250,1733250,35.5852353,129.0590365
8744,39,68,1141350,1733250,35.585221,129.0601398
8745,40,68,1141450,1733250,35.5852067,129.0612432
8746,41,68,1141550,1733250,35.5851924,129.0623466
8747,42,68,1141650,1733250,35.5851781,129.06345
8748,43,68,1141750,1733250,35.5851638,129.0645533
8749,44,68,1141850,1733250,35.5851495,129.0656567
8750,45,68,1141950,1733250,35.5851351,129.0667601
8751,46,68,1142050,1733250,35.5851208,129.0678635
8752,47,68,1142150,1733250,35.5851064,129.0689668
8753,48,68,1142250,1733250,35.5850921,129.0700702
8754,49,68,1142350,1733250,35.5850777,129.0711736
8755,50,68,1142450,1733250,35.5850633,129.0722769
8756,51,68,1142550,1733250,35.5850489,129.0733803
8757,52,68,1142650,1733250,35.5850345,129.0744837
8758,53,68,1142750,1733250,35.5850201,129.075587
8759,54,68,1142850,1733250,35.5850056,129.0766904
8760,55,68,1142950,1733250,35.5849912,129.0777938
8761,56,68,1143050,1733250,35.5849767,129.0788971
8762,57,68,1143150,1733250,35.5849623,129.0800005
8763,58,68,1143250,1733250,35.5849478,129.0811039
8764,59,68,1143350,1733250,35.5849333,129.0822072
8765,60,68,1143450,1733250,35.5849188,129.0833106
8766,61,68,1143550,1733250,35.5849043,129.0844139
8767,62,68,1143650,1733250,35.5848898,129.0855173
8768,63,68,1143750,1733250,35.5848753,129.0866207
8769,64,68,1143850,1733250,35.5848607,129.087724
8770,65,68,1143950,1733250,35.5848462,129.0888274
8771,66,68,1144050,1733250,35.5848317,129.0899307
8772,67,68,1144150,1733250,35.5848171,129.0910341
8773,68,68,1144250,1733250,35.5848025,129.0921374
8774,69,68,1144350,1733250,35.5847879,129.0932408
8775,70,68,1144450,1733250,35.5847733,129.0943441
8776,71,68,1144550,1733250,35.5847587,129.0954475
8777,72,68,1144650,1733250,35.5847441,129.0965508
8778,73,68,1144750,1733250,35.5847295,129.0976542
8779,74,68,1144850,1733250,35.5847149,129.0987575
8780,75,68,1144950,1733250,35.5847002,129.0998609
8781,76,68,1145050,1733250,35.5846856,129.1009642
8782,77,68,1145150,1733250,35.5846709,129.1020676
8783,78,68,1145250,1733250,35.5846562,129.1031709
8784,79,68,1145350,1733250,35.5846415,129.1042743
8785,80,68,1145450,1733250,35.5846269,129.1053776
8786,81,68,1145550,1733250,35.5846122,129.106481
8787,82,68,1145650,1733250,35.5845974,129.1075843
8788,83,68,1145750,1733250,35.5845827,129.1086876
8789,84,68,1145850,1733250,35.584568,129.109791
8790,85,68,1145950,1733250,35.5845532,129.1108943
8791,86,68,1146050,1733250,35.5845385,129.1119977
8792,87,68,1146150,1733250,35.5845237,129.113101
8793,88,68,1146250,1733250,35.5845089,129.1142043
8794,89,68,1146350,1733250,35.5844942,129.1153077
8795,90,68,1146450,1733250,35.5844794,129.116411
8796,91,68,1146550,1733250,35.5844646,129.1175144
8797,92,68,1146650,1733250,35.5844497,129.1186177
8798,93,68,1146750,1733250,35.5844349,129.119721
8799,94,68,1146850,1733250,35.5844201,129.1208244
8800,95,68,1146950,1733250,35.5844052,129.1219277
8801,96,68,1147050,1733250,35.5843904,129.123031
8802,97,68,1147150,1733250,35.5843755,129.1241344
8803,98,68,1147250,1733250,35.5843606,129.1252377
8804,99,68,1147350,1733250,35.5843458,129.126341
8805,100,68,1147450,1733250,35.5843309,129.1274443
8806,101,68,1147550,1733250,35.5843159,129.1285477
8807,102,68,1147650,1733250,35.584301,129.129651
8808,103,68,1147750,1733250,35.5842861,129.1307543
8809,104,68,1147850,1733250,35.5842712,129.1318576
8810,105,68,1147950,1733250,35.5842562,129.132961
8811,106,68,1148050,1733250,35.5842413,129.1340643
8812,107,68,1148150,1733250,35.5842263,129.1351676
8813,108,68,1148250,1733250,35.5842113,129.1362709
8814,109,68,1148350,1733250,35.5841963,129.1373743
8815,110,68,1148450,1733250,35.5841813,129.1384776
8816,111,68,1148550,1733250,35.5841663,129.1395809
8817,112,68,1148650,1733250,35.5841513,129.1406842
8818,113,68,1148750,1733250,35.5841363,129.1417875
8819,114,68,1148850,1733250,35.5841213,129.1428909
8820,115,68,1148950,1733250,35.5841062,129.1439942
8821,116,68,1149050,1733250,35.5840911,129.1450975
8822,117,68,1149150,1733250,35.5840761,129.1462008
8823,118,68,1149250,1733250,35.584061,129.1473041
8824,119,68,1149350,1733250,35.5840459,129.1484074
8825,120,68,1149450,1733250,35.5840308,129.1495107
8826,121,68,1149550,1733250,35.5840157,129.1506141
8827,122,68,1149650,1733250,35.5840006,129.1517174
8828,123,68,1149750,1733250,35.5839855,129.1528207
8829,124,68,1149850,1733250,35.5839703,129.153924
8830,125,68,1149950,1733250,35.5839552,129.1550273
8831,126,68,1150050,1733250,35.58394,129.1561306
8832,127,68,1150150,1733250,35.5839248,129.1572339
8833,127,69,1150150,1733350,35.5848261,129.1572525
8834,126,69,1150050,1733350,35.5848413,129.1561492
8835,125,69,1149950,1733350,35.5848565,129.1550458
8836,124,69,1149850,1733350,35.5848716,129.1539425
8837,123,69,1149750,1733350,35.5848867,129.1528392
8838,122,69,1149650,1733350,35.5849019,129.1517359
8839,121,69,1149550,1733350,35.584917,129.1506326
8840,120,69,1149450,1733350,35.5849321,129.1495292
8841,119,69,1149350,1733350,35.5849472,129.1484259
8842,118,69,1149250,1733350,35.5849623,129.1473226
8843,117,69,1149150,1733350,35.5849774,129.1462193
8844,116,69,1149050,1733350,35.5849924,129.1451159
8845,115,69,1148950,1733350,35.5850075,129.1440126
8846,114,69,1148850,1733350,35.5850225,129.1429093
8847,113,69,1148750,1733350,35.5850376,129.1418059
8848,112,69,1148650,1733350,35.5850526,129.1407026
8849,111,69,1148550,1733350,35.5850676,129.1395993
8850,110,69,1148450,1733350,35.5850826,129.1384959
8851,109,69,1148350,1733350,35.5850976,129.1373926
8852,108,69,1148250,1733350,35.5851126,129.1362893
8853,107,69,1148150,1733350,35.5851276,129.1351859
8854,106,69,1148050,1733350,35.5851426,129.1340826
8855,105,69,1147950,1733350,35.5851575,129.1329793
8856,104,69,1147850,1733350,35.5851725,129.1318759
8857,103,69,1147750,1733350,35.5851874,129.1307726
8858,102,69,1147650,1733350,35.5852023,129.1296693
8859,101,69,1147550,1733350,35.5852172,129.1285659
8860,100,69,1147450,1733350,35.5852321,129.1274626
8861,99,69,1147350,1733350,35.585247,129.1263592
8862,98,69,1147250,1733350,35.5852619,129.1252559
8863,97,69,1147150,1733350,35.5852768,129.1241526
8864,96,69,1147050,1733350,35.5852917,129.1230492
8865,95,69,1146950,1733350,35.5853065,129.1219459
8866,94,69,1146850,1733350,35.5853214,129.1208425
8867,93,69,1146750,1733350,35.5853362,129.1197392
8868,92,69,1146650,1733350,35.585351,129.1186358
8869,91,69,1146550,1733350,35.5853659,129.1175325
8870,90,69,1146450,1733350,35.5853807,129.1164291
8871,89,69,1146350,1733350,35.5853955,129.1153258
8872,88,69,1146250,1733350,35.5854102,129.1142224
8873,87,69,1146150,1733350,35.585425,129.1131191
8874,86,69,1146050,1733350,35.5854398,129.1120157
8875,85,69,1145950,1733350,35.5854545,129.1109124
8876,84,69,1145850,1733350,35.5854693,129.109809
8877,83,69,1145750,1733350,35.585484,129.1087057
8878,82,69,1145650,1733350,35.5854987,129.1076023
8879,81,69,1145550,1733350,35.5855135,129.106499
8880,80,69,1145450,1733350,35.5855282,129.1053956
8881,79,69,1145350,1733350,35.5855429,129.1042923
8882,78,69,1145250,1733350,35.5855575,129.1031889
8883,77,69,1145150,1733350,35.5855722,129.1020855
8884,76,69,1145050,1733350,35.5855869,129.1009822
8885,75,69,1144950,1733350,35.5856015,129.0998788
8886,74,69,1144850,1733350,35.5856162,129.0987755
8887,73,69,1144750,1733350,35.5856308,129.0976721
8888,72,69,1144650,1733350,35.5856454,129.0965687
8889,71,69,1144550,1733350,35.58566,129.0954654
8890,70,69,1144450,1733350,35.5856746,129.094362
8891,69,69,1144350,1733350,35.5856892,129.0932586
8892,68,69,1144250,1733350,35.5857038,129.0921553
8893,67,69,1144150,1733350,35.5857184,129.0910519
8894,66,69,1144050,1733350,35.585733,129.0899485
8895,65,69,1143950,1733350,35.5857475,129.0888452
8896,64,69,1143850,1733350,35.5857621,129.0877418
8897,63,69,1143750,1733350,35.5857766,129.0866384
8898,62,69,1143650,1733350,35.5857911,129.0855351
8899,61,69,1143550,1733350,35.5858056,129.0844317
8900,60,69,1143450,1733350,35.5858201,129.0833283
8901,59,69,1143350,1733350,35.5858346,129.082225
8902,58,69,1143250,1733350,35.5858491,129.0811216
8903,57,69,1143150,1733350,35.5858636,129.0800182
8904,56,69,1143050,1733350,35.585878,129.0789148
8905,55,69,1142950,1733350,35.5858925,129.0778115
8906,54,69,1142850,1733350,35.5859069,129.0767081
8907,53,69,1142750,1733350,35.5859214,129.0756047
8908,52,69,1142650,1733350,35.5859358,129.0745013
8909,51,69,1142550,1733350,35.5859502,129.0733979
8910,50,69,1142450,1733350,35.5859646,129.0722946
8911,49,69,1142350,1733350,35.585979,129.0711912
8912,48,69,1142250,1733350,35.5859934,129.0700878
8913,47,69,1142150,1733350,35.5860077,129.0689844
8914,46,69,1142050,1733350,35.5860221,129.067881
8915,45,69,1141950,1733350,35.5860365,129.0667777
8916,44,69,1141850,1733350,35.5860508,129.0656743
8917,43,69,1141750,1733350,35.5860651,129.0645709
8918,42,69,1141650,1733350,35.5860795,129.0634675
8919,41,69,1141550,1733350,35.5860938,129.0623641
8920,40,69,1141450,1733350,35.5861081,129.0612607
8921,39,69,1141350,1733350,35.5861224,129.0601573
8922,38,69,1141250,1733350,35.5861366,129.0590539
8923,37,69,1141150,1733350,35.5861509,129.0579506
8924,36,69,1141050,1733350,35.5861652,129.0568472
8925,35,69,1140950,1733350,35.5861794,129.0557438
8926,34,69,1140850,1733350,35.5861937,129.0546404
8927,33,69,1140750,1733350,35.5862079,129.053537
8928,32,69,1140650,1733350,35.5862221,129.0524336
8929,31,69,1140550,1733350,35.5862363,129.0513302
8930,30,69,1140450,1733350,35.5862505,129.0502268
8931,29,69,1140350,1733350,35.5862647,129.0491234
8932,28,69,1140250,1733350,35.5862789,129.04802
8933,27,69,1140150,1733350,35.5862931,129.0469166
8934,26,69,1140050,1733350,35.5863072,129.0458132
8935,25,69,1139950,1733350,35.5863214,129.0447098
8936,24,69,1139850,1733350,35.5863355,129.0436064
8937,23,69,1139750,1733350,35.5863496,129.042503
8938,22,69,1139650,1733350,35.5863638,129.0413996
8939,21,69,1139550,1733350,35.5863779,129.0402962
8940,20,69,1139450,1733350,35.586392,129.0391928
8941,19,69,1139350,1733350,35.5864061,129.0380894
8942,18,69,1139250,1733350,35.5864201,129.036986
8943,17,69,1139150,1733350,35.5864342,129.0358826
8944,16,69,1139050,1733350,35.5864483,129.0347792
8945,15,69,1138950,1733350,35.5864623,129.0336758
8946,14,69,1138850,1733350,35.5864763,129.0325724
8947,13,69,1138750,1733350,35.5864904,129.031469
8948,12,69,1138650,1733350,35.5865044,129.0303656
8949,11,69,1138550,1733350,35.5865184,129.0292621
8950,10,69,1138450,1733350,35.5865324,129.0281587
8951,9,69,1138350,1733350,35.5865464,129.0270553
8952,8,69,1138250,1733350,35.5865604,129.0259519
8953,7,69,1138150,1733350,35.5865743,129.0248485
8954,6,69,1138050,1733350,35.5865883,129.0237451
8955,5,69,1137950,1733350,35.5866022,129.0226417
8956,4,69,1137850,1733350,35.5866162,129.0215383
8957,3,69,1137750,1733350,35.5866301,129.0204348
8958,2,69,1137650,1733350,35.586644,129.0193314
8959,1,69,1137550,1733350,35.5866579,129.018228
8960,0,69,1137450,1733350,35.5866718,129.0171246
8961,0,70,1137450,1733450,35.5875732,129.0171416
8962,1,70,1137550,1733450,35.5875593,129.018245
8963,2,70,1137650,1733450,35.5875454,129.0193485
8964,3,70,1137750,1733450,35.5875314,129.0204519
8965,4,70,1137850,1733450,35.5875175,129.0215553
8966,5,70,1137950,1733450,35.5875036,129.0226587
8967,6,70,1138050,1733450,35.5874896,129.0237622
8968,7,70,1138150,1733450,35.5874757,129.0248656
8969,8,70,1138250,1733450,35.5874617,129.025969
8970,9,70,1138350,1733450,35.5874477,129.0270724
8971,10,70,1138450,1733450,35.5874337,129.0281759
8972,11,70,1138550,1733450,35.5874197,129.0292793
8973,12,70,1138650,1733450,35.5874057,129.0303827
8974,13,70,1138750,1733450,35.5873917,129.0314861
8975,14,70,1138850,1733450,35.5873777,129.0325896
8976,15,70,1138950,1733450,35.5873636,129.033693
8977,16,70,1139050,1733450,35.5873496,129.0347964
8978,17,70,1139150,1733450,35.5873355,129.0358998
8979,18,70,1139250,1733450,35.5873215,129.0370032
8980,19,70,1139350,1733450,35.5873074,129.0381066
8981,20,70,1139450,1733450,35.5872933,129.0392101
8982,21,70,1139550,1733450,35.5872792,129.0403135
8983,22,70,1139650,1733450,35.5872651,129.0414169
8984,23,70,1139750,1733450,35.587251,129.0425203
8985,24,70,1139850,1733450,35.5872368,129.0436237
8986,25,70,1139950,1733450,35.5872227,129.0447271
8987,26,70,1140050,1733450,35.5872085,129.0458305
8988,27,70,1140150,1733450,35.5871944,129.046934
8989,28,70,1140250,1733450,35.5871802,129.0480374
8990,29,70,1140350,1733450,35.587166,129.0491408
8991,30,70,1140450,1733450,35.5871518,129.0502442
8992,31,70,1140550,1733450,35.5871376,129.0513476
8993,32,70,1140650,1733450,35.5871234,129.052451
8994,33,70,1140750,1733450,35.5871092,129.0535544
8995,34,70,1140850,1733450,35.587095,129.0546578
8996,35,70,1140950,1733450,35.5870807,129.0557612
8997,36,70,1141050,1733450,35.5870665,129.0568646
8998,37,70,1141150,1733450,35.5870522,129.057968
8999,38,70,1141250,1733450,35.587038,129.0590714
9000,39,70,1141350,1733450,35.5870237,129.0601748
9001,40,70,1141450,1733450,35.5870094,129.0612782
9002,41,70,1141550,1733450,35.5869951,129.0623816
9003,42,70,1141650,1733450,35.5869808,129.063485
9004,43,70,1141750,1733450,35.5869665,129.0645884
9005,44,70,1141850,1733450,35.5869521,129.0656918
9006,45,70,1141950,1733450,35.5869378,129.0667952
9007,46,70,1142050,1733450,35.5869234,129.0678986
9008,47,70,1142150,1733450,35.5869091,129.069002
9009,48,70,1142250,1733450,35.5868947,129.0701054
9010,49,70,1142350,1733450,35.5868803,129.0712088
9011,50,70,1142450,1733450,35.5868659,129.0723122
9012,51,70,1142550,1733450,35.5868515,129.0734156
9013,52,70,1142650,1733450,35.5868371,129.074519
9014,53,70,1142750,1733450,35.5868227,129.0756224
9015,54,70,1142850,1733450,35.5868082,129.0767258
9016,55,70,1142950,1733450,35.5867938,129.0778291
9017,56,70,1143050,1733450,35.5867794,129.0789325
9018,57,70,1143150,1733450,35.5867649,129.0800359
9019,58,70,1143250,1733450,35.5867504,129.0811393
9020,59,70,1143350,1733450,35.5867359,129.0822427
9021,60,70,1143450,1733450,35.5867214,129.0833461
9022,61,70,1143550,1733450,35.5867069,129.0844495
9023,62,70,1143650,1733450,35.5866924,129.0855528
9024,63,70,1143750,1733450,35.5866779,129.0866562
9025,64,70,1143850,1733450,35.5866634,129.0877596
9026,65,70,1143950,1733450,35.5866488,129.088863
9027,66,70,1144050,1733450,35.5866343,129.0899664
9028,67,70,1144150,1733450,35.5866197,129.0910697
9029,68,70,1144250,1733450,35.5866051,129.0921731
9030,69,70,1144350,1733450,35.5865905,129.0932765
9031,70,70,1144450,1733450,35.586576,129.0943799
9032,71,70,1144550,1733450,35.5865614,129.0954833
9033,72,70,1144650,1733450,35.5865467,129.0965866
9034,73,70,1144750,1733450,35.5865321,129.09769
9035,74,70,1144850,1733450,35.5865175,129.0987934
9036,75,70,1144950,1733450,35.5865028,129.0998968
9037,76,70,1145050,1733450,35.5864882,129.1010001
9038,77,70,1145150,1733450,35.5864735,129.1021035
9039,78,70,1145250,1733450,35.5864588,129.1032069
9040,79,70,1145350,1733450,35.5864442,129.1043102
9041,80,70,1145450,1733450,35.5864295,129.1054136
9042,81,70,1145550,1733450,35.5864148,129.106517
9043,82,70,1145650,1733450,35.5864,129.1076203
9044,83,70,1145750,1733450,35.5863853,129.1087237
9045,84,70,1145850,1733450,35.5863706,129.1098271
9046,85,70,1145950,1733450,35.5863558,129.1109304
9047,86,70,1146050,1733450,35.5863411,129.1120338
9048,87,70,1146150,1733450,35.5863263,129.1131372
9049,88,70,1146250,1733450,35.5863115,129.1142405
9050,89,70,1146350,1733450,35.5862967,129.1153439
9051,90,70,1146450,1733450,35.586282,129.1164473
9052,91,70,1146550,1733450,35.5862671,129.1175506
9053,92,70,1146650,1733450,35.5862523,129.118654
9054,93,70,1146750,1733450,35.5862375,129.1197573
9055,94,70,1146850,1733450,35.5862227,129.1208607
9056,95,70,1146950,1733450,35.5862078,129.1219641
9057,96,70,1147050,1733450,35.586193,129.1230674
9058,97,70,1147150,1733450,35.5861781,129.1241708
9059,98,70,1147250,1733450,35.5861632,129.1252741
9060,99,70,1147350,1733450,35.5861483,129.1263775
9061,100,70,1147450,1733450,35.5861334,129.1274808
9062,101,70,1147550,1733450,35.5861185,129.1285842
9063,102,70,1147650,1733450,35.5861036,129.1296875
9064,103,70,1147750,1733450,35.5860887,129.1307909
9065,104,70,1147850,1733450,35.5860737,129.1318942
9066,105,70,1147950,1733450,35.5860588,129.1329976
9067,106,70,1148050,1733450,35.5860438,129.1341009
9068,107,70,1148150,1733450,35.5860289,129.1352043
9069,108,70,1148250,1733450,35.5860139,129.1363076
9070,109,70,1148350,1733450,35.5859989,129.137411
9071,110,70,1148450,1733450,35.5859839,129.1385143
9072,111,70,1148550,1733450,35.5859689,129.1396177
9073,112,70,1148650,1733450,35.5859539,129.140721
9074,113,70,1148750,1733450,35.5859389,129.1418243
9075,114,70,1148850,1733450,35.5859238,129.1429277
9076,115,70,1148950,1733450,35.5859088,129.144031
9077,116,70,1149050,1733450,35.5858937,129.1451344
9078,117,70,1149150,1733450,35.5858786,129.1462377
9079,118,70,1149250,1733450,35.5858636,129.147341
9080,119,70,1149350,1733450,35.5858485,129.1484444
9081,120,70,1149450,1733450,35.5858334,129.1495477
9082,121,70,1149550,1733450,35.5858183,129.1506511
9083,122,70,1149650,1733450,35.5858032,129.1517544
9084,123,70,1149750,1733450,35.585788,129.1528577
9085,124,70,1149850,1733450,35.5857729,129.1539611
9086,125,70,1149950,1733450,35.5857577,129.1550644
9087,126,70,1150050,1733450,35.5857426,129.1561677
9088,127,70,1150150,1733450,35.5857274,129.1572711
9089,127,71,1150150,1733550,35.5866287,129.1572896
9090,126,71,1150050,1733550,35.5866439,129.1561863
9091,125,71,1149950,1733550,35.586659,129.1550829
9092,124,71,1149850,1733550,35.5866742,129.1539796
9093,123,71,1149750,1733550,35.5866893,129.1528763
9094,122,71,1149650,1733550,35.5867044,129.1517729
9095,121,71,1149550,1733550,35.5867196,129.1506696
9096,120,71,1149450,1733550,35.5867347,129.1495662
9097,119,71,1149350,1733550,35.5867498,129.1484629
9098,118,71,1149250,1733550,35.5867648,129.1473595
9099,117,71,1149150,1733550,35.5867799,129.1462562
9100,116,71,1149050,1733550,35.586795,129.1451528
9101,115,71,1148950,1733550,35.5868101,129.1440495
9102,114,71,1148850,1733550,35.5868251,129.1429461
9103,113,71,1148750,1733550,35.5868401,129.1418427
9104,112,71,1148650,1733550,35.5868552,129.1407394
9105,111,71,1148550,1733550,35.5868702,129.139636
9106,110,71,1148450,1733550,35.5868852,129.1385327
9107,109,71,1148350,1733550,35.5869002,129.1374293
9108,108,71,1148250,1733550,35.5869152,129.136326
9109,107,71,1148150,1733550,35.5869302,129.1352226
9110,106,71,1148050,1733550,35.5869451,129.1341192
9111,105,71,1147950,1733550,35.5869601,129.1330159
9112,104,71,1147850,1733550,35.586975,129.1319125
9113,103,71,1147750,1733550,35.58699,129.1308092
9114,102,71,1147650,1733550,35.5870049,129.1297058
9115,101,71,1147550,1733550,35.5870198,129.1286024
9116,100,71,1147450,1733550,35.5870347,129.1274991
9117,99,71,1147350,1733550,35.5870496,129.1263957
9118,98,71,1147250,1733550,35.5870645,129.1252923
9119,97,71,1147150,1733550,35.5870794,129.124189
9120,96,71,1147050,1733550,35.5870943,129.1230856
9121,95,71,1146950,1733550,35.5871091,129.1219822
9122,94,71,1146850,1733550,35.587124,129.1208789
9123,93,71,1146750,1733550,35.5871388,129.1197755
9124,92,71,1146650,1733550,35.5871536,129.1186721
9125,91,71,1146550,1733550,35.5871684,129.1175688
9126,90,71,1146450,1733550,35.5871833,129.1164654
9127,89,71,1146350,1733550,35.587198,129.115362
9128,88,71,1146250,1733550,35.5872128,129.1142586
9129,87,71,1146150,1733550,35.5872276,129.1131553
9130,86,71,1146050,1733550,35.5872424,129.1120519
9131,85,71,1145950,1733550,35.5872571,129.1109485
9132,84,71,1145850,1733550,35.5872719,129.1098451
9133,83,71,1145750,1733550,35.5872866,129.1087417
9134,82,71,1145650,1733550,35.5873013,129.1076384
9135,81,71,1145550,1733550,35.5873161,129.106535
9136,80,71,1145450,1733550,35.5873308,129.1054316
9137,79,71,1145350,1733550,35.5873455,129.1043282
9138,78,71,1145250,1733550,35.5873601,129.1032248
9139,77,71,1145150,1733550,35.5873748,129.1021215
9140,76,71,1145050,1733550,35.5873895,129.1010181
9141,75,71,1144950,1733550,35.5874041,129.0999147
9142,74,71,1144850,1733550,35.5874188,129.0988113
9143,73,71,1144750,1733550,35.5874334,129.0977079
9144,72,71,1144650,1733550,35.587448,129.0966045
9145,71,71,1144550,1733550,35.5874627,129.0955011
9146,70,71,1144450,1733550,35.5874773,129.0943978
9147,69,71,1144350,1733550,35.5874919,129.0932944
9148,68,71,1144250,1733550,35.5875064,129.092191
9149,67,71,1144150,1733550,35.587521,129.0910876
9150,66,71,1144050,1733550,35.5875356,129.0899842
9151,65,71,1143950,1733550,35.5875501,129.0888808
9152,64,71,1143850,1733550,35.5875647,129.0877774
9153,63,71,1143750,1733550,35.5875792,129.086674
9154,62,71,1143650,1733550,35.5875937,129.0855706
9155,61,71,1143550,1733550,35.5876082,129.0844672
9156,60,71,1143450,1733550,35.5876228,129.0833638
9157,59,71,1143350,1733550,35.5876372,129.0822604
9158,58,71,1143250,1733550,35.5876517,129.081157
9159,57,71,1143150,1733550,35.5876662,129.0800536
9160,56,71,1143050,1733550,35.5876807,129.0789502
9161,55,71,1142950,1733550,35.5876951,129.0778468
9162,54,71,1142850,1733550,35.5877096,129.0767434
9163,53,71,1142750,1733550,35.587724,129.07564
9164,52,71,1142650,1733550,35.5877384,129.0745366
9165,51,71,1142550,1733550,35.5877528,129.0734332
9166,50,71,1142450,1733550,35.5877672,129.0723298
9167,49,71,1142350,1733550,35.5877816,129.0712264
9168,48,71,1142250,1733550,35.587796,129.070123
9169,47,71,1142150,1733550,35.5878104,129.0690196
9170,46,71,1142050,1733550,35.5878247,129.0679162
9171,45,71,1141950,1733550,35.5878391,129.0668128
9172,44,71,1141850,1733550,35.5878534,129.0657094
9173,43,71,1141750,1733550,35.5878678,129.064606
9174,42,71,1141650,1733550,35.5878821,129.0635025
9175,41,71,1141550,1733550,35.5878964,129.0623991
9176,40,71,1141450,1733550,35.5879107,129.0612957
9177,39,71,1141350,1733550,35.587925,129.0601923
9178,38,71,1141250,1733550,35.5879393,129.0590889
9179,37,71,1141150,1733550,35.5879536,129.0579855
9180,36,71,1141050,1733550,35.5879678,129.0568821
9181,35,71,1140950,1733550,35.5879821,129.0557787
9182,34,71,1140850,1733550,35.5879963,129.0546752
9183,33,71,1140750,1733550,35.5880105,129.0535718
9184,32,71,1140650,1733550,35.5880248,129.0524684
9185,31,71,1140550,1733550,35.588039,129.051365
9186,30,71,1140450,1733550,35.5880532,129.0502616
9187,29,71,1140350,1733550,35.5880674,129.0491581
9188,28,71,1140250,1733550,35.5880815,129.0480547
9189,27,71,1140150,1733550,35.5880957,129.0469513
9190,26,71,1140050,1733550,35.5881099,129.0458479
9191,25,71,1139950,1733550,35.588124,129.0447444
9192,24,71,1139850,1733550,35.5881382,129.043641
9193,23,71,1139750,1733550,35.5881523,129.0425376
9194,22,71,1139650,1733550,35.5881664,129.0414342
9195,21,71,1139550,1733550,35.5881805,129.0403307
9196,20,71,1139450,1733550,35.5881946,129.0392273
9197,19,71,1139350,1733550,35.5882087,129.0381239
9198,18,71,1139250,1733550,35.5882228,129.0370205
9199,17,71,1139150,1733550,35.5882369,129.035917
9200,16,71,1139050,1733550,35.5882509,129.0348136
9201,15,71,1138950,1733550,35.588265,129.0337102
9202,14,71,1138850,1733550,35.588279,129.0326067
9203,13,71,1138750,1733550,35.588293,129.0315033
9204,12,71,1138650,1733550,35.5883071,129.0303999
9205,11,71,1138550,1733550,35.5883211,129.0292964
9206,10,71,1138450,1733550,35.5883351,129.028193
9207,9,71,1138350,1733550,35.5883491,129.0270896
9208,8,71,1138250,1733550,35.588363,129.0259861
9209,7,71,1138150,1733550,35.588377,129.0248827
9210,6,71,1138050,1733550,35.588391,129.0237792
9211,5,71,1137950,1733550,35.5884049,129.0226758
9212,4,71,1137850,1733550,35.5884188,129.0215724
9213,3,71,1137750,1733550,35.5884328,129.0204689
9214,2,71,1137650,1733550,35.5884467,129.0193655
9215,1,71,1137550,1733550,35.5884606,129.018262
9216,0,71,1137450,1733550,35.5884745,129.0171586
9217,0,72,1137450,1733650,35.5893758,129.0171756
9218,1,72,1137550,1733650,35.5893619,129.0182791
9219,2,72,1137650,1733650,35.589348,129.0193825
9220,3,72,1137750,1733650,35.5893341,129.020486
9221,4,72,1137850,1733650,35.5893202,129.0215894
9222,5,72,1137950,1733650,35.5893062,129.0226929
9223,6,72,1138050,1733650,35.5892923,129.0237963
9224,7,72,1138150,1733650,35.5892783,129.0248998
9225,8,72,1138250,1733650,35.5892644,129.0260032
9226,9,72,1138350,1733650,35.5892504,129.0271067
9227,10,72,1138450,1733650,35.5892364,129.0282101
9228,11,72,1138550,1733650,35.5892224,129.0293136
9229,12,72,1138650,1733650,35.5892084,129.030417
9230,13,72,1138750,1733650,35.5891944,129.0315205
9231,14,72,1138850,1733650,35.5891803,129.0326239
9232,15,72,1138950,1733650,35.5891663,129.0337274
9233,16,72,1139050,1733650,35.5891523,129.0348308
9234,17,72,1139150,1733650,35.5891382,129.0359342
9235,18,72,1139250,1733650,35.5891241,129.0370377
9236,19,72,1139350,1733650,35.58911,129.0381411
9237,20,72,1139450,1733650,35.589096,129.0392446
9238,21,72,1139550,1733650,35.5890819,129.040348
9239,22,72,1139650,1733650,35.5890677,129.0414515
9240,23,72,1139750,1733650,35.5890536,129.0425549
9241,24,72,1139850,1733650,35.5890395,129.0436583
9242,25,72,1139950,1733650,35.5890254,129.0447618
9243,26,72,1140050,1733650,35.5890112,129.0458652
9244,27,72,1140150,1733650,35.588997,129.0469686
9245,28,72,1140250,1733650,35.5889829,129.0480721
9246,29,72,1140350,1733650,35.5889687,129.0491755
9247,30,72,1140450,1733650,35.5889545,129.0502789
9248,31,72,1140550,1733650,35.5889403,129.0513824
9249,32,72,1140650,1733650,35.5889261,129.0524858
9250,33,72,1140750,1733650,35.5889119,129.0535892
9251,34,72,1140850,1733650,35.5888976,129.0546927
9252,35,72,1140950,1733650,35.5888834,129.0557961
9253,36,72,1141050,1733650,35.5888691,129.0568995
9254,37,72,1141150,1733650,35.5888549,129.0580029
9255,38,72,1141250,1733650,35.5888406,129.0591064
9256,39,72,1141350,1733650,35.5888263,129.0602098
9257,40,72,1141450,1733650,35.588812,129.0613132
9258,41,72,1141550,1733650,35.5887977,129.0624167
9259,42,72,1141650,1733650,35.5887834,129.0635201
9260,43,72,1141750,1733650,35.5887691,129.0646235
9261,44,72,1141850,1733650,35.5887548,129.0657269
9262,45,72,1141950,1733650,35.5887404,129.0668303
9263,46,72,1142050,1733650,35.5887261,129.0679338
9264,47,72,1142150,1733650,35.5887117,129.0690372
9265,48,72,1142250,1733650,35.5886973,129.0701406
9266,49,72,1142350,1733650,35.5886829,129.071244
9267,50,72,1142450,1733650,35.5886686,129.0723474
9268,51,72,1142550,1733650,35.5886541,129.0734509
9269,52,72,1142650,1733650,35.5886397,129.0745543
9270,53,72,1142750,1733650,35.5886253,129.0756577
9271,54,72,1142850,1733650,35.5886109,129.0767611
9272,55,72,1142950,1733650,35.5885964,129.0778645
9273,56,72,1143050,1733650,35.588582,129.0789679
9274,57,72,1143150,1733650,35.5885675,129.0800713
9275,58,72,1143250,1733650,35.588553,129.0811748
9276,59,72,1143350,1733650,35.5885386,129.0822782
9277,60,72,1143450,1733650,35.5885241,129.0833816
9278,61,72,1143550,1733650,35.5885096,129.084485
9279,62,72,1143650,1733650,35.588495,129.0855884
9280,63,72,1143750,1733650,35.5884805,129.0866918
9281,64,72,1143850,1733650,35.588466,129.0877952
9282,65,72,1143950,1733650,35.5884514,129.0888986
9283,66,72,1144050,1733650,35.5884369,129.090002
9284,67,72,1144150,1733650,35.5884223,129.0911054
9285,68,72,1144250,1733650,35.5884077,129.0922088
9286,69,72,1144350,1733650,35.5883932,129.0933122
9287,70,72,1144450,1733650,35.5883786,129.0944156
9288,71,72,1144550,1733650,35.588364,129.095519
9289,72,72,1144650,1733650,35.5883493,129.0966224
9290,73,72,1144750,1733650,35.5883347,129.0977258
9291,74,72,1144850,1733650,35.5883201,129.0988292
9292,75,72,1144950,1733650,35.5883054,129.0999326
9293,76,72,1145050,1733650,35.5882908,129.101036
9294,77,72,1145150,1733650,35.5882761,129.1021394
9295,78,72,1145250,1733650,35.5882614,129.1032428
9296,79,72,1145350,1733650,35.5882468,129.1043462
9297,80,72,1145450,1733650,35.5882321,129.1054496
9298,81,72,1145550,1733650,35.5882174,129.106553
9299,82,72,1145650,1733650,35.5882026,129.1076564
9300,83,72,1145750,1733650,35.5881879,129.1087598
9301,84,72,1145850,1733650,35.5881732,129.1098632
9302,85,72,1145950,1733650,35.5881584,129.1109666
9303,86,72,1146050,1733650,35.5881437,129.1120699
9304,87,72,1146150,1733650,35.5881289,129.1131733
9305,88,72,1146250,1733650,35.5881141,129.1142767
9306,89,72,1146350,1733650,35.5880993,129.1153801
9307,90,72,1146450,1733650,35.5880845,129.1164835
9308,91,72,1146550,1733650,35.5880697,129.1175869
9309,92,72,1146650,1733650,35.5880549,129.1186903
9310,93,72,1146750,1733650,35.5880401,129.1197937
9311,94,72,1146850,1733650,35.5880253,129.120897
9312,95,72,1146950,1733650,35.5880104,129.1220004
9313,96,72,1147050,1733650,35.5879956,129.1231038
9314,97,72,1147150,1733650,35.5879807,129.1242072
9315,98,72,1147250,1733650,35.5879658,129.1253106
9316,99,72,1147350,1733650,35.5879509,129.1264139
9317,100,72,1147450,1733650,35.587936,129.1275173
9318,101,72,1147550,1733650,35.5879211,129.1286207
9319,102,72,1147650,1733650,35.5879062,129.1297241
9320,103,72,1147750,1733650,35.5878913,129.1308274
9321,104,72,1147850,1733650,35.5878763,129.1319308
9322,105,72,1147950,1733650,35.5878614,129.1330342
9323,106,72,1148050,1733650,35.5878464,129.1341376
9324,107,72,1148150,1733650,35.5878315,129.1352409
9325,108,72,1148250,1733650,35.5878165,129.1363443
9326,109,72,1148350,1733650,35.5878015,129.1374477
9327,110,72,1148450,1733650,35.5877865,129.138551
9328,111,72,1148550,1733650,35.5877715,129.1396544
9329,112,72,1148650,1733650,35.5877565,129.1407578
9330,113,72,1148750,1733650,35.5877414,129.1418612
9331,114,72,1148850,1733650,35.5877264,129.1429645
9332,115,72,1148950,1733650,35.5877113,129.1440679
9333,116,72,1149050,1733650,35.5876963,129.1451712
9334,117,72,1149150,1733650,35.5876812,129.1462746
9335,118,72,1149250,1733650,35.5876661,129.147378
9336,119,72,1149350,1733650,35.587651,129.1484813
9337,120,72,1149450,1733650,35.5876359,129.1495847
9338,121,72,1149550,1733650,35.5876208,129.1506881
9339,122,72,1149650,1733650,35.5876057,129.1517914
9340,123,72,1149750,1733650,35.5875906,129.1528948
9341,124,72,1149850,1733650,35.5875754,129.1539981
9342,125,72,1149950,1733650,35.5875603,129.1551015
9343,126,72,1150050,1733650,35.5875451,129.1562049
9344,127,72,1150150,1733650,35.58753,129.1573082
9345,127,73,1150150,1733750,35.5884312,129.1573268
9346,126,73,1150050,1733750,35.5884464,129.1562234
9347,125,73,1149950,1733750,35.5884616,129.15512
9348,124,73,1149850,1733750,35.5884767,129.1540167
9349,123,73,1149750,1733750,35.5884919,129.1529133
9350,122,73,1149650,1733750,35.588507,129.1518099
9351,121,73,1149550,1733750,35.5885221,129.1507066
9352,120,73,1149450,1733750,35.5885372,129.1496032
9353,119,73,1149350,1733750,35.5885523,129.1484998
9354,118,73,1149250,1733750,35.5885674,129.1473964
9355,117,73,1149150,1733750,35.5885825,129.1462931
9356,116,73,1149050,1733750,35.5885976,129.1451897
9357,115,73,1148950,1733750,35.5886126,129.1440863
9358,114,73,1148850,1733750,35.5886277,129.1429829
9359,113,73,1148750,1733750,35.5886427,129.1418796
9360,112,73,1148650,1733750,35.5886577,129.1407762
9361,111,73,1148550,1733750,35.5886728,129.1396728
9362,110,73,1148450,1733750,35.5886878,129.1385694
9363,109,73,1148350,1733750,35.5887028,129.137466
9364,108,73,1148250,1733750,35.5887178,129.1363627
9365,107,73,1148150,1733750,35.5887327,129.1352593
9366,106,73,1148050,1733750,35.5887477,129.1341559
9367,105,73,1147950,1733750,35.5887627,129.1330525
9368,104,73,1147850,1733750,35.5887776,129.1319491
9369,103,73,1147750,1733750,35.5887926,129.1308457
9370,102,73,1147650,1733750,35.5888075,129.1297423
9371,101,73,1147550,1733750,35.5888224,129.1286389
9372,100,73,1147450,1733750,35.5888373,129.1275356
9373,99,73,1147350,1733750,35.5888522,129.1264322
9374,98,73,1147250,1733750,35.5888671,129.1253288
9375,97,73,1147150,1733750,35.588882,129.1242254
9376,96,73,1147050,1733750,35.5888968,129.123122
9377,95,73,1146950,1733750,35.5889117,129.1220186
9378,94,73,1146850,1733750,35.5889266,129.1209152
9379,93,73,1146750,1733750,35.5889414,129.1198118
9380,92,73,1146650,1733750,35.5889562,129.1187084
9381,91,73,1146550,1733750,35.588971,129.117605
9382,90,73,1146450,1733750,35.5889858,129.1165016
9383,89,73,1146350,1733750,35.5890006,129.1153982
9384,88,73,1146250,1733750,35.5890154,129.1142948
9385,87,73,1146150,1733750,35.5890302,129.1131914
9386,86,73,1146050,1733750,35.589045,129.112088
9387,85,73,1145950,1733750,35.5890597,129.1109846
9388,84,73,1145850,1733750,35.5890745,129.1098812
9389,83,73,1145750,1733750,35.5890892,129.1087778
9390,82,73,1145650,1733750,35.5891039,129.1076744
9391,81,73,1145550,1733750,35.5891187,129.106571
9392,80,73,1145450,1733750,35.5891334,129.1054676
9393,79,73,1145350,1733750,35.5891481,129.1043642
9394,78,73,1145250,1733750,35.5891627,129.1032608
9395,77,73,1145150,1733750,35.5891774,129.1021574
9396,76,73,1145050,1733750,35.5891921,129.101054
9397,75,73,1144950,1733750,35.5892067,129.0999506
9398,74,73,1144850,1733750,35.5892214,129.0988472
9399,73,73,1144750,1733750,35.589236,129.0977437
9400,72,73,1144650,1733750,35.5892507,129.0966403
9401,71,73,1144550,1733750,35.5892653,129.0955369
9402,70,73,1144450,1733750,35.5892799,129.0944335
9403,69,73,1144350,1733750,35.5892945,129.0933301
9404,68,73,1144250,1733750,35.5893091,129.0922267
9405,67,73,1144150,1733750,35.5893236,129.0911233
9406,66,73,1144050,1733750,35.5893382,129.0900198
9407,65,73,1143950,1733750,35.5893528,129.0889164
9408,64,73,1143850,1733750,35.5893673,129.087813
9409,63,73,1143750,1733750,35.5893818,129.0867096
9410,62,73,1143650,1733750,35.5893964,129.0856062
9411,61,73,1143550,1733750,35.5894109,129.0845027
9412,60,73,1143450,1733750,35.5894254,129.0833993
9413,59,73,1143350,1733750,35.5894399,129.0822959
9414,58,73,1143250,1733750,35.5894544,129.0811925
9415,57,73,1143150,1733750,35.5894688,129.0800891
9416,56,73,1143050,1733750,35.5894833,129.0789856
9417,55,73,1142950,1733750,35.5894977,129.0778822
9418,54,73,1142850,1733750,35.5895122,129.0767788
9419,53,73,1142750,1733750,35.5895266,129.0756754
9420,52,73,1142650,1733750,35.589541,129.0745719
9421,51,73,1142550,1733750,35.5895555,129.0734685
9422,50,73,1142450,1733750,35.5895699,129.0723651
9423,49,73,1142350,1733750,35.5895843,129.0712616
9424,48,73,1142250,1733750,35.5895986,129.0701582
9425,47,73,1142150,1733750,35.589613,129.0690548
9426,46,73,1142050,1733750,35.5896274,129.0679513
9427,45,73,1141950,1733750,35.5896417,129.0668479
9428,44,73,1141850,1733750,35.5896561,129.0657445
9429,43,73,1141750,1733750,35.5896704,129.064641
9430,42,73,1141650,1733750,35.5896847,129.0635376
9431,41,73,1141550,1733750,35.589699,129.0624342
9432,40,73,1141450,1733750,35.5897133,129.0613307
9433,39,73,1141350,1733750,35.5897276,129.0602273
9434,38,73,1141250,1733750,35.5897419,129.0591239
9435,37,73,1141150,1733750,35.5897562,129.0580204
9436,36,73,1141050,1733750,35.5897705,129.056917
9437,35,73,1140950,1733750,35.5897847,129.0558135
9438,34,73,1140850,1733750,35.589799,129.0547101
9439,33,73,1140750,1733750,35.5898132,129.0536067
9440,32,73,1140650,1733750,35.5898274,129.0525032
9441,31,73,1140550,1733750,35.5898416,129.0513998
9442,30,73,1140450,1733750,35.5898558,129.0502963
9443,29,73,1140350,1733750,35.58987,129.0491929
9444,28,73,1140250,1733750,35.5898842,129.0480894
9445,27,73,1140150,1733750,35.5898984,129.046986
9446,26,73,1140050,1733750,35.5899125,129.0458825
9447,25,73,1139950,1733750,35.5899267,129.0447791
9448,24,73,1139850,1733750,35.5899408,129.0436756
9449,23,73,1139750,1733750,35.5899549,129.0425722
9450,22,73,1139650,1733750,35.5899691,129.0414687
9451,21,73,1139550,1733750,35.5899832,129.0403653
9452,20,73,1139450,1733750,35.5899973,129.0392618
9453,19,73,1139350,1733750,35.5900114,129.0381584
9454,18,73,1139250,1733750,35.5900255,129.0370549
9455,17,73,1139150,1733750,35.5900395,129.0359515
9456,16,73,1139050,1733750,35.5900536,129.034848
9457,15,73,1138950,1733750,35.5900676,129.0337446
9458,14,73,1138850,1733750,35.5900817,129.0326411
9459,13,73,1138750,1733750,35.5900957,129.0315376
9460,12,73,1138650,1733750,35.5901097,129.0304342
9461,11,73,1138550,1733750,35.5901237,129.0293307
9462,10,73,1138450,1733750,35.5901377,129.0282273
9463,9,73,1138350,1733750,35.5901517,129.0271238
9464,8,73,1138250,1733750,35.5901657,129.0260203
9465,7,73,1138150,1733750,35.5901797,129.0249169
9466,6,73,1138050,1733750,35.5901936,129.0238134
9467,5,73,1137950,1733750,35.5902076,129.0227099
9468,4,73,1137850,1733750,35.5902215,129.0216065
9469,3,73,1137750,1733750,35.5902355,129.020503
9470,2,73,1137650,1733750,35.5902494,129.0193996
9471,1,73,1137550,1733750,35.5902633,129.0182961
9472,0,73,1137450,1733750,35.5902772,129.0171926
9473,0,74,1137450,1733850,35.5911785,129.0172096
9474,1,74,1137550,1733850,35.5911646,129.0183131
9475,2,74,1137650,1733850,35.5911507,129.0194166
9476,3,74,1137750,1733850,35.5911368,129.0205201
9477,4,74,1137850,1733850,35.5911229,129.0216235
9478,5,74,1137950,1733850,35.5911089,129.022727
9479,6,74,1138050,1733850,35.591095,129.0238305
9480,7,74,1138150,1733850,35.591081,129.024934
9481,8,74,1138250,1733850,35.591067,129.0260374
9482,9,74,1138350,1733850,35.5910531,129.0271409
9483,10,74,1138450,1733850,35.5910391,129.0282444
9484,11,74,1138550,1733850,35.5910251,129.0293479
9485,12,74,1138650,1733850,35.5910111,129.0304513
9486,13,74,1138750,1733850,35.590997,129.0315548
9487,14,74,1138850,1733850,35.590983,129.0326583
9488,15,74,1138950,1733850,35.590969,129.0337617
9489,16,74,1139050,1733850,35.5909549,129.0348652
9490,17,74,1139150,1733850,35.5909409,129.0359687
9491,18,74,1139250,1733850,35.5909268,129.0370722
9492,19,74,1139350,1733850,35.5909127,129.0381756
9493,20,74,1139450,1733850,35.5908986,129.0392791
9494,21,74,1139550,1733850,35.5908845,129.0403826
9495,22,74,1139650,1733850,35.5908704,129.041486
9496,23,74,1139750,1733850,35.5908563,129.0425895
9497,24,74,1139850,1733850,35.5908421,129.0436929
9498,25,74,1139950,1733850,35.590828,129.0447964
9499,26,74,1140050,1733850,35.5908139,129.0458999
9500,27,74,1140150,1733850,35.5907997,129.0470033
9501,28,74,1140250,1733850,35.5907855,129.0481068
9502,29,74,1140350,1733850,35.5907713,129.0492102
9503,30,74,1140450,1733850,35.5907571,129.0503137
9504,31,74,1140550,1733850,35.5907429,129.0514172
9505,32,74,1140650,1733850,35.5907287,129.0525206
9506,33,74,1140750,1733850,35.5907145,129.0536241
9507,34,74,1140850,1733850,35.5907003,129.0547275
9508,35,74,1140950,1733850,35.590686,129.055831
9509,36,74,1141050,1733850,35.5906718,129.0569344
9510,37,74,1141150,1733850,35.5906575,129.0580379
9511,38,74,1141250,1733850,35.5906432,129.0591413
9512,39,74,1141350,1733850,35.590629,129.0602448
9513,40,74,1141450,1733850,35.5906147,129.0613482
9514,41,74,1141550,1733850,35.5906004,129.0624517
9515,42,74,1141650,1733850,35.5905861,129.0635551
9516,43,74,1141750,1733850,35.5905717,129.0646586
9517,44,74,1141850,1733850,35.5905574,129.065762
9518,45,74,1141950,1733850,35.5905431,129.0668655
9519,46,74,1142050,1733850,35.5905287,129.0679689
9520,47,74,1142150,1733850,35.5905143,129.0690724
9521,48,74,1142250,1733850,35.5905,129.0701758
9522,49,74,1142350,1733850,35.5904856,129.0712793
9523,50,74,1142450,1733850,35.5904712,129.0723827
9524,51,74,1142550,1733850,35.5904568,129.0734861
9525,52,74,1142650,1733850,35.5904424,129.0745896
9526,53,74,1142750,1733850,35.5904279,129.075693
9527,54,74,1142850,1733850,35.5904135,129.0767965
9528,55,74,1142950,1733850,35.5903991,129.0778999
9529,56,74,1143050,1733850,35.5903846,129.0790033
9530,57,74,1143150,1733850,35.5903701,129.0801068
9531,58,74,1143250,1733850,35.5903557,129.0812102
9532,59,74,1143350,1733850,35.5903412,129.0823136
9533,60,74,1143450,1733850,35.5903267,129.0834171
9534,61,74,1143550,1733850,35.5903122,129.0845205
9535,62,74,1143650,1733850,35.5902977,129.0856239
9536,63,74,1143750,1733850,35.5902831,129.0867274
9537,64,74,1143850,1733850,35.5902686,129.0878308
9538,65,74,1143950,1733850,35.5902541,129.0889342
9539,66,74,1144050,1733850,35.5902395,129.0900377
9540,67,74,1144150,1733850,35.5902249,129.0911411
9541,68,74,1144250,1733850,35.5902104,129.0922445
9542,69,74,1144350,1733850,35.5901958,129.093348
9543,70,74,1144450,1733850,35.5901812,129.0944514
9544,71,74,1144550,1733850,35.5901666,129.0955548
9545,72,74,1144650,1733850,35.590152,129.0966582
9546,73,74,1144750,1733850,35.5901373,129.0977617
9547,74,74,1144850,1733850,35.5901227,129.0988651
9548,75,74,1144950,1733850,35.590108,129.0999685
9549,76,74,1145050,1733850,35.5900934,129.1010719
9550,77,74,1145150,1733850,35.5900787,129.1021753
9551,78,74,1145250,1733850,35.590064,129.1032788
9552,79,74,1145350,1733850,35.5900494,129.1043822
9553,80,74,1145450,1733850,35.5900347,129.1054856
9554,81,74,1145550,1733850,35.59002,129.106589
9555,82,74,1145650,1733850,35.5900052,129.1076924
9556,83,74,1145750,1733850,35.5899905,129.1087959
9557,84,74,1145850,1733850,35.5899758,129.1098993
9558,85,74,1145950,1733850,35.589961,129.1110027
9559,86,74,1146050,1733850,35.5899463,129.1121061
9560,87,74,1146150,1733850,35.5899315,129.1132095
9561,88,74,1146250,1733850,35.5899167,129.1143129
9562,89,74,1146350,1733850,35.5899019,129.1154163
9563,90,74,1146450,1733850,35.5898871,129.1165197
9564,91,74,1146550,1733850,35.5898723,129.1176232
9565,92,74,1146650,1733850,35.5898575,129.1187266
9566,93,74,1146750,1733850,35.5898427,129.11983
9567,94,74,1146850,1733850,35.5898278,129.1209334
9568,95,74,1146950,1733850,35.589813,129.1220368
9569,96,74,1147050,1733850,35.5897981,129.1231402
9570,97,74,1147150,1733850,35.5897833,129.1242436
9571,98,74,1147250,1733850,35.5897684,129.125347
9572,99,74,1147350,1733850,35.5897535,129.1264504
9573,100,74,1147450,1733850,35.5897386,129.1275538
9574,101,74,1147550,1733850,35.5897237,129.1286572
9575,102,74,1147650,1733850,35.5897088,129.1297606
9576,103,74,1147750,1733850,35.5896938,129.130864
9577,104,74,1147850,1733850,35.5896789,129.1319674
9578,105,74,1147950,1733850,35.589664,129.1330708
9579,106,74,1148050,1733850,35.589649,129.1341742
9580,107,74,1148150,1733850,35.589634,129.1352776
9581,108,74,1148250,1733850,35.589619,129.136381
9582,109,74,1148350,1733850,35.5896041,129.1374844
9583,110,74,1148450,1733850,35.5895891,129.1385878
9584,111,74,1148550,1733850,35.589574,129.1396912
9585,112,74,1148650,1733850,35.589559,129.1407946
9586,113,74,1148750,1733850,35.589544,129.141898
9587,114,74,1148850,1733850,35.589529,129.1430014
9588,115,74,1148950,1733850,35.5895139,129.1441047
9589,116,74,1149050,1733850,35.5894988,129.1452081
9590,117,74,1149150,1733850,35.5894838,129.1463115
9591,118,74,1149250,1733850,35.5894687,129.1474149
9592,119,74,1149350,1733850,35.5894536,129.1485183
9593,120,74,1149450,1733850,35.5894385,129.1496217
9594,121,74,1149550,1733850,35.5894234,129.1507251
9595,122,74,1149650,1733850,35.5894083,129.1518285
9596,123,74,1149750,1733850,35.5893931,129.1529318
9597,124,74,1149850,1733850,35.589378,129.1540352
9598,125,74,1149950,1733850,35.5893629,129.1551386
9599,126,74,1150050,1733850,35.5893477,129.156242
9600,127,74,1150150,1733850,35.5893325,129.1573454
9601,127,75,1150150,1733950,35.5902338,129.1573639
9602,126,75,1150050,1733950,35.590249,129.1562606
9603,125,75,1149950,1733950,35.5902641,129.1551572
9604,124,75,1149850,1733950,35.5902793,129.1540538
9605,123,75,1149750,1733950,35.5902944,129.1529504
9606,122,75,1149650,1733950,35.5903096,129.151847
9607,121,75,1149550,1733950,35.5903247,129.1507436
9608,120,75,1149450,1733950,35.5903398,129.1496402
9609,119,75,1149350,1733950,35.5903549,129.1485368
9610,118,75,1149250,1733950,35.59037,129.1474334
9611,117,75,1149150,1733950,35.5903851,129.14633
9612,116,75,1149050,1733950,35.5904001,129.1452266
9613,115,75,1148950,1733950,35.5904152,129.1441232
9614,114,75,1148850,1733950,35.5904302,129.1430198
9615,113,75,1148750,1733950,35.5904453,129.1419164
9616,112,75,1148650,1733950,35.5904603,129.140813
9617,111,75,1148550,1733950,35.5904753,129.1397096
9618,110,75,1148450,1733950,35.5904903,129.1386062
9619,109,75,1148350,1733950,35.5905053,129.1375027
9620,108,75,1148250,1733950,35.5905203,129.1363993
9621,107,75,1148150,1733950,35.5905353,129.1352959
9622,106,75,1148050,1733950,35.5905503,129.1341925
9623,105,75,1147950,1733950,35.5905652,129.1330891
9624,104,75,1147850,1733950,35.5905802,129.1319857
9625,103,75,1147750,1733950,35.5905951,129.1308823
9626,102,75,1147650,1733950,35.5906101,129.1297789
9627,101,75,1147550,1733950,35.590625,129.1286755
9628,100,75,1147450,1733950,35.5906399,129.1275721
9629,99,75,1147350,1733950,35.5906548,129.1264686
9630,98,75,1147250,1733950,35.5906697,129.1253652
9631,97,75,1147150,1733950,35.5906846,129.1242618
9632,96,75,1147050,1733950,35.5906994,129.1231584
9633,95,75,1146950,1733950,35.5907143,129.122055
9634,94,75,1146850,1733950,35.5907291,129.1209515
9635,93,75,1146750,1733950,35.590744,129.1198481
9636,92,75,1146650,1733950,35.5907588,129.1187447
9637,91,75,1146550,1733950,35.5907736,129.1176413
9638,90,75,1146450,1733950,35.5907884,129.1165379
9639,89,75,1146350,1733950,35.5908032,129.1154344
9640,88,75,1146250,1733950,35.590818,129.114331
9641,87,75,1146150,1733950,35.5908328,129.1132276
9642,86,75,1146050,1733950,35.5908476,129.1121242
9643,85,75,1145950,1733950,35.5908623,129.1110207
9644,84,75,1145850,1733950,35.5908771,129.1099173
9645,83,75,1145750,1733950,35.5908918,129.1088139
9646,82,75,1145650,1733950,35.5909065,129.1077105
9647,81,75,1145550,1733950,35.5909213,129.106607
9648,80,75,1145450,1733950,35.590936,129.1055036
9649,79,75,1145350,1733950,35.5909507,129.1044002
9650,78,75,1145250,1733950,35.5909654,129.1032967
9651,77,75,1145150,1733950,35.59098,129.1021933
9652,76,75,1145050,1733950,35.5909947,129.1010899
9653,75,75,1144950,1733950,35.5910094,129.0999864
9654,74,75,1144850,1733950,35.591024,129.098883
9655,73,75,1144750,1733950,35.5910386,129.0977796
9656,72,75,1144650,1733950,35.5910533,129.0966761
9657,71,75,1144550,1733950,35.5910679,129.0955727
9658,70,75,1144450,1733950,35.5910825,129.0944693
9659,69,75,1144350,1733950,35.5910971,129.0933658
9660,68,75,1144250,1733950,35.5911117,129.0922624
9661,67,75,1144150,1733950,35.5911262,129.0911589
9662,66,75,1144050,1733950,35.5911408,129.0900555
9663,65,75,1143950,1733950,35.5911554,129.088952
9664,64,75,1143850,1733950,35.5911699,129.0878486
9665,63,75,1143750,1733950,35.5911844,129.0867452
9666,62,75,1143650,1733950,35.591199,129.0856417
9667,61,75,1143550,1733950,35.5912135,129.0845383
9668,60,75,1143450,1733950,35.591228,129.0834348
9669,59,75,1143350,1733950,35.5912425,129.0823314
9670,58,75,1143250,1733950,35.591257,129.0812279
9671,57,75,1143150,1733950,35.5912715,129.0801245
9672,56,75,1143050,1733950,35.5912859,129.079021
9673,55,75,1142950,1733950,35.5913004,129.0779176
9674,54,75,1142850,1733950,35.5913148,129.0768141
9675,53,75,1142750,1733950,35.5913293,129.0757107
9676,52,75,1142650,1733950,35.5913437,129.0746072
9677,51,75,1142550,1733950,35.5913581,129.0735038
9678,50,75,1142450,1733950,35.5913725,129.0724003
9679,49,75,1142350,1733950,35.5913869,129.0712969
9680,48,75,1142250,1733950,35.5914013,129.0701934
9681,47,75,1142150,1733950,35.5914157,129.06909
9682,46,75,1142050,1733950,35.59143,129.0679865
9683,45,75,1141950,1733950,35.5914444,129.066883
9684,44,75,1141850,1733950,35.5914587,129.0657796
9685,43,75,1141750,1733950,35.591473,129.0646761
9686,42,75,1141650,1733950,35.5914874,129.0635727
9687,41,75,1141550,1733950,35.5915017,129.0624692
9688,40,75,1141450,1733950,35.591516,129.0613657
9689,39,75,1141350,1733950,35.5915303,129.0602623
9690,38,75,1141250,1733950,35.5915446,129.0591588
9691,37,75,1141150,1733950,35.5915588,129.0580554
9692,36,75,1141050,1733950,35.5915731,129.0569519
9693,35,75,1140950,1733950,35.5915874,129.0558484
9694,34,75,1140850,1733950,35.5916016,129.054745
9695,33,75,1140750,1733950,35.5916158,129.0536415
9696,32,75,1140650,1733950,35.5916301,129.052538
9697,31,75,1140550,1733950,35.5916443,129.0514346
9698,30,75,1140450,1733950,35.5916585,129.0503311
9699,29,75,1140350,1733950,35.5916727,129.0492276
9700,28,75,1140250,1733950,35.5916868,129.0481241
9701,27,75,1140150,1733950,35.591701,129.0470207
9702,26,75,1140050,1733950,35.5917152,129.0459172
9703,25,75,1139950,1733950,35.5917293,129.0448137
9704,24,75,1139850,1733950,35.5917435,129.0437102
9705,23,75,1139750,1733950,35.5917576,129.0426068
9706,22,75,1139650,1733950,35.5917717,129.0415033
9707,21,75,1139550,1733950,35.5917858,129.0403998
9708,20,75,1139450,1733950,35.5917999,129.0392963
9709,19,75,1139350,1733950,35.591814,129.0381929
9710,18,75,1139250,1733950,35.5918281,129.0370894
9711,17,75,1139150,1733950,35.5918422,129.0359859
9712,16,75,1139050,1733950,35.5918562,129.0348824
9713,15,75,1138950,1733950,35.5918703,129.0337789
9714,14,75,1138850,1733950,35.5918843,129.0326755
9715,13,75,1138750,1733950,35.5918984,129.031572
9716,12,75,1138650,1733950,35.5919124,129.0304685
9717,11,75,1138550,1733950,35.5919264,129.029365
9718,10,75,1138450,1733950,35.5919404,129.0282615
9719,9,75,1138350,1733950,35.5919544,129.027158
9720,8,75,1138250,1733950,35.5919684,129.0260546
9721,7,75,1138150,1733950,35.5919823,129.0249511
9722,6,75,1138050,1733950,35.5919963,129.0238476
9723,5,75,1137950,1733950,35.5920103,129.0227441
9724,4,75,1137850,1733950,35.5920242,129.0216406
9725,3,75,1137750,1733950,35.5920381,129.0205371
9726,2,75,1137650,1733950,35.592052,129.0194336
9727,1,75,1137550,1733950,35.592066,129.0183301
9728,0,75,1137450,1733950,35.5920799,129.0172266
9729,0,76,1137450,1734050,35.5929812,129.0172437
9730,1,76,1137550,1734050,35.5929673,129.0183472
9731,2,76,1137650,1734050,35.5929534,129.0194507
9732,3,76,1137750,1734050,35.5929395,129.0205542
9733,4,76,1137850,1734050,35.5929255,129.0216577
9734,5,76,1137950,1734050,35.5929116,129.0227612
9735,6,76,1138050,1734050,35.5928976,129.0238647
9736,7,76,1138150,1734050,35.5928837,129.0249682
9737,8,76,1138250,1734050,35.5928697,129.0260717
9738,9,76,1138350,1734050,35.5928557,129.0271752
9739,10,76,1138450,1734050,35.5928417,129.0282787
9740,11,76,1138550,1734050,35.5928277,129.0293822
9741,12,76,1138650,1734050,35.5928137,129.0304857
9742,13,76,1138750,1734050,35.5927997,129.0315892
9743,14,76,1138850,1734050,35.5927857,129.0326926
9744,15,76,1138950,1734050,35.5927716,129.0337961
9745,16,76,1139050,1734050,35.5927576,129.0348996
9746,17,76,1139150,1734050,35.5927435,129.0360031
9747,18,76,1139250,1734050,35.5927294,129.0371066
9748,19,76,1139350,1734050,35.5927154,129.0382101
9749,20,76,1139450,1734050,35.5927013,129.0393136
9750,21,76,1139550,1734050,35.5926872,129.0404171
9751,22,76,1139650,1734050,35.5926731,129.0415206
9752,23,76,1139750,1734050,35.5926589,129.0426241
9753,24,76,1139850,1734050,35.5926448,129.0437276
9754,25,76,1139950,1734050,35.5926307,129.044831
9755,26,76,1140050,1734050,35.5926165,129.0459345
9756,27,76,1140150,1734050,35.5926023,129.047038
9757,28,76,1140250,1734050,35.5925882,129.0481415
9758,29,76,1140350,1734050,35.592574,129.049245
9759,30,76,1140450,1734050,35.5925598,129.0503485
9760,31,76,1140550,1734050,35.5925456,129.0514519
9761,32,76,1140650,1734050,35.5925314,129.0525554
9762,33,76,1140750,1734050,35.5925172,129.0536589
9763,34,76,1140850,1734050,35.5925029,129.0547624
9764,35,76,1140950,1734050,35.5924887,129.0558659
9765,36,76,1141050,1734050,35.5924744,129.0569693
9766,37,76,1141150,1734050,35.5924602,129.0580728
9767,38,76,1141250,1734050,35.5924459,129.0591763
9768,39,76,1141350,1734050,35.5924316,129.0602798
9769,40,76,1141450,1734050,35.5924173,129.0613832
9770,41,76,1141550,1734050,35.592403,129.0624867
9771,42,76,1141650,1734050,35.5923887,129.0635902
9772,43,76,1141750,1734050,35.5923744,129.0646937
9773,44,76,1141850,1734050,35.59236,129.0657971
9774,45,76,1141950,1734050,35.5923457,129.0669006
9775,46,76,1142050,1734050,35.5923313,129.0680041
9776,47,76,1142150,1734050,35.592317,129.0691075
9777,48,76,1142250,1734050,35.5923026,129.070211
9778,49,76,1142350,1734050,35.5922882,129.0713145
9779,50,76,1142450,1734050,35.5922738,129.072418
9780,51,76,1142550,1734050,35.5922594,129.0735214
9781,52,76,1142650,1734050,35.592245,129.0746249
9782,53,76,1142750,1734050,35.5922306,129.0757283
9783,54,76,1142850,1734050,35.5922161,129.0768318
9784,55,76,1142950,1734050,35.5922017,129.0779353
9785,56,76,1143050,1734050,35.5921872,129.0790387
9786,57,76,1143150,1734050,35.5921728,129.0801422
9787,58,76,1143250,1734050,35.5921583,129.0812457
9788,59,76,1143350,1734050,35.5921438,129.0823491
9789,60,76,1143450,1734050,35.5921293,129.0834526
9790,61,76,1143550,1734050,35.5921148,129.084556
9791,62,76,1143650,1734050,35.5921003,129.0856595
9792,63,76,1143750,1734050,35.5920858,129.086763
9793,64,76,1143850,1734050,35.5920712,129.0878664
9794,65,76,1143950,1734050,35.5920567,129.0889699
9795,66,76,1144050,1734050,35.5920421,129.0900733
9796,67,76,1144150,1734050,35.5920276,129.0911768
9797,68,76,1144250,1734050,35.592013,129.0922802
9798,69,76,1144350,1734050,35.5919984,129.0933837
9799,70,76,1144450,1734050,35.5919838,129.0944871
9800,71,76,1144550,1734050,35.5919692,129.0955906
9801,72,76,1144650,1734050,35.5919546,129.096694
9802,73,76,1144750,1734050,35.5919399,129.0977975
9803,74,76,1144850,1734050,35.5919253,129.0989009
9804,75,76,1144950,1734050,35.5919107,129.1000044
9805,76,76,1145050,1734050,35.591896,129.1011078
9806,77,76,1145150,1734050,35.5918813,129.1022113
9807,78,76,1145250,1734050,35.5918667,129.1033147
9808,79,76,1145350,1734050,35.591852,129.1044182
9809,80,76,1145450,1734050,35.5918373,129.1055216
9810,81,76,1145550,1734050,35.5918226,129.106625
9811,82,76,1145650,1734050,35.5918078,129.1077285
9812,83,76,1145750,1734050,35.5917931,129.1088319
9813,84,76,1145850,1734050,35.5917784,129.1099354
9814,85,76,1145950,1734050,35.5917636,129.1110388
9815,86,76,1146050,1734050,35.5917489,129.1121422
9816,87,76,1146150,1734050,35.5917341,129.1132457
9817,88,76,1146250,1734050,35.5917193,129.1143491
9818,89,76,1146350,1734050,35.5917045,129.1154526
9819,90,76,1146450,1734050,35.5916897,129.116556
9820,91,76,1146550,1734050,35.5916749,129.1176594
9821,92,76,1146650,1734050,35.5916601,129.1187629
9822,93,76,1146750,1734050,35.5916453,129.1198663
9823,94,76,1146850,1734050,35.5916304,129.1209697
9824,95,76,1146950,1734050,35.5916156,129.1220732
9825,96,76,1147050,1734050,35.5916007,129.1231766
9826,97,76,1147150,1734050,35.5915859,129.12428
9827,98,76,1147250,1734050,35.591571,129.1253834
9828,99,76,1147350,1734050,35.5915561,129.1264869
9829,100,76,1147450,1734050,35.5915412,129.1275903
9830,101,76,1147550,1734050,35.5915263,129.1286937
9831,102,76,1147650,1734050,35.5915114,129.1297971
9832,103,76,1147750,1734050,35.5914964,129.1309006
9833,104,76,1147850,1734050,35.5914815,129.132004
9834,105,76,1147950,1734050,35.5914665,129.1331074
9835,106,76,1148050,1734050,35.5914516,129.1342108
9836,107,76,1148150,1734050,35.5914366,129.1353143
9837,108,76,1148250,1734050,35.5914216,129.1364177
9838,109,76,1148350,1734050,35.5914066,129.1375211
9839,110,76,1148450,1734050,35.5913916,129.1386245
9840,111,76,1148550,1734050,35.5913766,129.1397279
9841,112,76,1148650,1734050,35.5913616,129.1408314
9842,113,76,1148750,1734050,35.5913466,129.1419348
9843,114,76,1148850,1734050,35.5913315,129.1430382
9844,115,76,1148950,1734050,35.5913165,129.1441416
9845,116,76,1149050,1734050,35.5913014,129.145245
9846,117,76,1149150,1734050,35.5912863,129.1463484
9847,118,76,1149250,1734050,35.5912713,129.1474518
9848,119,76,1149350,1734050,35.5912562,129.1485553
9849,120,76,1149450,1734050,35.5912411,129.1496587
9850,121,76,1149550,1734050,35.591226,129.1507621
9851,122,76,1149650,1734050,35.5912108,129.1518655
9852,123,76,1149750,1734050,35.5911957,129.1529689
9853,124,76,1149850,1734050,35.5911806,129.1540723
9854,125,76,1149950,1734050,35.5911654,129.1551757
9855,126,76,1150050,1734050,35.5911502,129.1562791
9856,127,76,1150150,1734050,35.5911351,129.1573825
9857,127,77,1150150,1734150,35.5920364,129.1574011
9858,126,77,1150050,1734150,35.5920515,129.1562977
9859,125,77,1149950,1734150,35.5920667,129.1551943
9860,124,77,1149850,1734150,35.5920818,129.1540909
9861,123,77,1149750,1734150,35.592097,129.1529874
9862,122,77,1149650,1734150,35.5921121,129.151884
9863,121,77,1149550,1734150,35.5921272,129.1507806
9864,120,77,1149450,1734150,35.5921423,129.1496772
9865,119,77,1149350,1734150,35.5921575,129.1485737
9866,118,77,1149250,1734150,35.5921725,129.1474703
9867,117,77,1149150,1734150,35.5921876,129.1463669
9868,116,77,1149050,1734150,35.5922027,129.1452635
9869,115,77,1148950,1734150,35.5922178,129.14416
9870,114,77,1148850,1734150,35.5922328,129.1430566
9871,113,77,1148750,1734150,35.5922479,129.1419532
9872,112,77,1148650,1734150,35.5922629,129.1408498
9873,111,77,1148550,1734150,35.5922779,129.1397463
9874,110,77,1148450,1734150,35.5922929,129.1386429
9875,109,77,1148350,1734150,35.5923079,129.1375395
9876,108,77,1148250,1734150,35.5923229,129.136436
9877,107,77,1148150,1734150,35.5923379,129.1353326
9878,106,77,1148050,1734150,35.5923529,129.1342292
9879,105,77,1147950,1734150,35.5923678,129.1331257
9880,104,77,1147850,1734150,35.5923828,129.1320223
9881,103,77,1147750,1734150,35.5923977,129.1309189
9882,102,77,1147650,1734150,35.5924126,129.1298154
9883,101,77,1147550,1734150,35.5924276,129.128712
9884,100,77,1147450,1734150,35.5924425,129.1276085
9885,99,77,1147350,1734150,35.5924574,129.1265051
9886,98,77,1147250,1734150,35.5924723,129.1254017
9887,97,77,1147150,1734150,35.5924871,129.1242982
9888,96,77,1147050,1734150,35.592502,129.1231948
9889,95,77,1146950,1734150,35.5925169,129.1220913
9890,94,77,1146850,1734150,35.5925317,129.1209879
9891,93,77,1146750,1734150,35.5925466,129.1198845
9892,92,77,1146650,1734150,35.5925614,129.118781
9893,91,77,1146550,1734150,35.5925762,129.1176776
9894,90,77,1146450,1734150,35.592591,129.1165741
9895,89,77,1146350,1734150,35.5926058,129.1154707
9896,88,77,1146250,1734150,35.5926206,129.1143672
9897,87,77,1146150,1734150,35.5926354,129.1132638
9898,86,77,1146050,1734150,35.5926502,129.1121603
9899,85,77,1145950,1734150,35.5926649,129.1110569
9900,84,77,1145850,1734150,35.5926797,129.1099534
9901,83,77,1145750,1734150,35.5926944,129.10885
9902,82,77,1145650,1734150,35.5927091,129.1077465
9903,81,77,1145550,1734150,35.5927239,129.1066431
9904,80,77,1145450,1734150,35.5927386,129.1055396
9905,79,77,1145350,1734150,35.5927533,129.1044361
9906,78,77,1145250,1734150,35.592768,129.1033327
9907,77,77,1145150,1734150,35.5927826,129.1022292
9908,76,77,1145050,1734150,35.5927973,129.1011258
9909,75,77,1144950,1734150,35.592812,129.1000223
9910,74,77,1144850,1734150,35.5928266,129.0989189
9911,73,77,1144750,1734150,35.5928412,129.0978154
9912,72,77,1144650,1734150,35.5928559,129.0967119
9913,71,77,1144550,1734150,35.5928705,129.0956085
9914,70,77,1144450,1734150,35.5928851,129.094505
9915,69,77,1144350,1734150,35.5928997,129.0934015
9916,68,77,1144250,1734150,35.5929143,129.0922981
9917,67,77,1144150,1734150,35.5929289,129.0911946
9918,66,77,1144050,1734150,35.5929434,129.0900911
9919,65,77,1143950,1734150,35.592958,129.0889877
9920,64,77,1143850,1734150,35.5929725,129.0878842
9921,63,77,1143750,1734150,35.5929871,129.0867807
9922,62,77,1143650,1734150,35.5930016,129.0856773
9923,61,77,1143550,1734150,35.5930161,129.0845738
9924,60,77,1143450,1734150,35.5930306,129.0834703
9925,59,77,1143350,1734150,35.5930451,129.0823669
9926,58,77,1143250,1734150,35.5930596,129.0812634
9927,57,77,1143150,1734150,35.5930741,129.0801599
9928,56,77,1143050,1734150,35.5930885,129.0790564
9929,55,77,1142950,1734150,35.593103,129.077953
9930,54,77,1142850,1734150,35.5931174,129.0768495
9931,53,77,1142750,1734150,35.5931319,129.075746
9932,52,77,1142650,1734150,35.5931463,129.0746425
9933,51,77,1142550,1734150,35.5931607,129.0735391
9934,50,77,1142450,1734150,35.5931751,129.0724356
9935,49,77,1142350,1734150,35.5931895,129.0713321
9936,48,77,1142250,1734150,35.5932039,129.0702286
9937,47,77,1142150,1734150,35.5932183,129.0691251
9938,46,77,1142050,1734150,35.5932326,129.0680217
9939,45,77,1141950,1734150,35.593247,129.0669182
9940,44,77,1141850,1734150,35.5932613,129.0658147
9941,43,77,1141750,1734150,35.5932757,129.0647112
9942,42,77,1141650,1734150,35.59329,129.0636077
9943,41,77,1141550,1734150,35.5933043,129.0625042
9944,40,77,1141450,1734150,35.5933186,129.0614008
9945,39,77,1141350,1734150,35.5933329,129.0602973
9946,38,77,1141250,1734150,35.5933472,129.0591938
9947,37,77,1141150,1734150,35.5933615,129.0580903
9948,36,77,1141050,1734150,35.5933757,129.0569868
9949,35,77,1140950,1734150,35.59339,129.0558833
9950,34,77,1140850,1734150,35.5934042,129.0547798
9951,33,77,1140750,1734150,35.5934185,129.0536763
9952,32,77,1140650,1734150,35.5934327,129.0525728
9953,31,77,1140550,1734150,35.5934469,129.0514693
9954,30,77,1140450,1734150,35.5934611,129.0503658
9955,29,77,1140350,1734150,35.5934753,129.0492624
9956,28,77,1140250,1734150,35.5934895,129.0481589
9957,27,77,1140150,1734150,35.5935037,129.0470554
9958,26,77,1140050,1734150,35.5935178,129.0459519
9959,25,77,1139950,1734150,35.593532,129.0448484
9960,24,77,1139850,1734150,35.5935461,129.0437449
9961,23,77,1139750,1734150,35.5935603,129.0426414
9962,22,77,1139650,1734150,35.5935744,129.0415379
9963,21,77,1139550,1734150,35.5935885,129.0404344
9964,20,77,1139450,1734150,35.5936026,129.0393309
9965,19,77,1139350,1734150,35.5936167,129.0382274
9966,18,77,1139250,1734150,35.5936308,129.0371239
9967,17,77,1139150,1734150,35.5936448,129.0360204
9968,16,77,1139050,1734150,35.5936589,129.0349168
9969,15,77,1138950,1734150,35.593673,129.0338133
9970,14,77,1138850,1734150,35.593687,129.0327098
9971,13,77,1138750,1734150,35.593701,129.0316063
9972,12,77,1138650,1734150,35.5937151,129.0305028
9973,11,77,1138550,1734150,35.5937291,129.0293993
9974,10,77,1138450,1734150,35.5937431,129.0282958
9975,9,77,1138350,1734150,35.5937571,129.0271923
9976,8,77,1138250,1734150,35.593771,129.0260888
9977,7,77,1138150,1734150,35.593785,129.0249853
9978,6,77,1138050,1734150,35.593799,129.0238818
9979,5,77,1137950,1734150,35.5938129,129.0227782
9980,4,77,1137850,1734150,35.5938269,129.0216747
9981,3,77,1137750,1734150,35.5938408,129.0205712
9982,2,77,1137650,1734150,35.5938547,129.0194677
9983,1,77,1137550,1734150,35.5938686,129.0183642
9984,0,77,1137450,1734150,35.5938825,129.0172607
9985,0,78,1137450,1734250,35.5947839,129.0172777
9986,1,78,1137550,1734250,35.59477,129.0183812
9987,2,78,1137650,1734250,35.5947561,129.0194847
9988,3,78,1137750,1734250,35.5947421,129.0205883
9989,4,78,1137850,1734250,35.5947282,129.0216918
9990,5,78,1137950,1734250,35.5947143,129.0227953
9991,6,78,1138050,1734250,35.5947003,129.0238988
9992,7,78,1138150,1734250,35.5946864,129.0250024
9993,8,78,1138250,1734250,35.5946724,129.0261059
9994,9,78,1138350,1734250,35.5946584,129.0272094
9995,10,78,1138450,1734250,35.5946444,129.0283129
9996,11,78,1138550,1734250,35.5946304,129.0294165
9997,12,78,1138650,1734250,35.5946164,129.03052
9998,13,78,1138750,1734250,35.5946024,129.0316235
9999,14,78,1138850,1734250,35.5945883,129.032727
10000,15,78,1138950,1734250,35.5945743,129.0338305
10001,16,78,1139050,1734250,35.5945602,129.0349341
10002,17,78,1139150,1734250,35.5945462,129.0360376
10003,18,78,1139250,1734250,35.5945321,129.0371411
10004,19,78,1139350,1734250,35.594518,129.0382446
10005,20,78,1139450,1734250,35.5945039,129.0393481
10006,21,78,1139550,1734250,35.5944898,129.0404516
10007,22,78,1139650,1734250,35.5944757,129.0415551
10008,23,78,1139750,1734250,35.5944616,129.0426587
10009,24,78,1139850,1734250,35.5944475,129.0437622
10010,25,78,1139950,1734250,35.5944333,129.0448657
10011,26,78,1140050,1734250,35.5944192,129.0459692
10012,27,78,1140150,1734250,35.594405,129.0470727
10013,28,78,1140250,1734250,35.5943908,129.0481762
10014,29,78,1140350,1734250,35.5943766,129.0492797
10015,30,78,1140450,1734250,35.5943624,129.0503832
10016,31,78,1140550,1734250,35.5943482,129.0514867
10017,32,78,1140650,1734250,35.594334,129.0525902
10018,33,78,1140750,1734250,35.5943198,129.0536937
10019,34,78,1140850,1734250,35.5943056,129.0547973
10020,35,78,1140950,1734250,35.5942913,129.0559008
10021,36,78,1141050,1734250,35.5942771,129.0570043
10022,37,78,1141150,1734250,35.5942628,129.0581078
10023,38,78,1141250,1734250,35.5942485,129.0592113
10024,39,78,1141350,1734250,35.5942342,129.0603148
10025,40,78,1141450,1734250,35.5942199,129.0614183
10026,41,78,1141550,1734250,35.5942056,129.0625218
10027,42,78,1141650,1734250,35.5941913,129.0636253
10028,43,78,1141750,1734250,35.594177,129.0647288
10029,44,78,1141850,1734250,35.5941627,129.0658323
10030,45,78,1141950,1734250,35.5941483,129.0669357
10031,46,78,1142050,1734250,35.594134,129.0680392
10032,47,78,1142150,1734250,35.5941196,129.0691427
10033,48,78,1142250,1734250,35.5941052,129.0702462
10034,49,78,1142350,1734250,35.5940908,129.0713497
10035,50,78,1142450,1734250,35.5940764,129.0724532
10036,51,78,1142550,1734250,35.594062,129.0735567
10037,52,78,1142650,1734250,35.5940476,129.0746602
10038,53,78,1142750,1734250,35.5940332,129.0757637
10039,54,78,1142850,1734250,35.5940188,129.0768672
10040,55,78,1142950,1734250,35.5940043,129.0779707
10041,56,78,1143050,1734250,35.5939899,129.0790741
10042,57,78,1143150,1734250,35.5939754,129.0801776
10043,58,78,1143250,1734250,35.5939609,129.0812811
10044,59,78,1143350,1734250,35.5939464,129.0823846
10045,60,78,1143450,1734250,35.5939319,129.0834881
10046,61,78,1143550,1734250,35.5939174,129.0845916
10047,62,78,1143650,1734250,35.5939029,129.0856951
10048,63,78,1143750,1734250,35.5938884,129.0867985
10049,64,78,1143850,1734250,35.5938738,129.087902
10050,65,78,1143950,1734250,35.5938593,129.0890055
10051,66,78,1144050,1734250,35.5938447,129.090109
10052,67,78,1144150,1734250,35.5938302,129.0912125
10053,68,78,1144250,1734250,35.5938156,129.0923159
10054,69,78,1144350,1734250,35.593801,129.0934194
10055,70,78,1144450,1734250,35.5937864,129.0945229
10056,71,78,1144550,1734250,35.5937718,129.0956264
10057,72,78,1144650,1734250,35.5937572,129.0967298
10058,73,78,1144750,1734250,35.5937425,129.0978333
10059,74,78,1144850,1734250,35.5937279,129.0989368
10060,75,78,1144950,1734250,35.5937133,129.1000403
10061,76,78,1145050,1734250,35.5936986,129.1011437
10062,77,78,1145150,1734250,35.5936839,129.1022472
10063,78,78,1145250,1734250,35.5936693,129.1033507
10064,79,78,1145350,1734250,35.5936546,129.1044541
10065,80,78,1145450,1734250,35.5936399,129.1055576
10066,81,78,1145550,1734250,35.5936252,129.1066611
10067,82,78,1145650,1734250,35.5936104,129.1077645
10068,83,78,1145750,1734250,35.5935957,129.108868
10069,84,78,1145850,1734250,35.593581,129.1099715
10070,85,78,1145950,1734250,35.5935662,129.1110749
10071,86,78,1146050,1734250,35.5935515,129.1121784
10072,87,78,1146150,1734250,35.5935367,129.1132819
10073,88,78,1146250,1734250,35.5935219,129.1143853
10074,89,78,1146350,1734250,35.5935071,129.1154888
10075,90,78,1146450,1734250,35.5934923,129.1165922
10076,91,78,1146550,1734250,35.5934775,129.1176957
10077,92,78,1146650,1734250,35.5934627,129.1187992
10078,93,78,1146750,1734250,35.5934479,129.1199026
10079,94,78,1146850,1734250,35.593433,129.1210061
10080,95,78,1146950,1734250,35.5934182,129.1221095
10081,96,78,1147050,1734250,35.5934033,129.123213
10082,97,78,1147150,1734250,35.5933884,129.1243164
10083,98,78,1147250,1734250,35.5933736,129.1254199
10084,99,78,1147350,1734250,35.5933587,129.1265233
10085,100,78,1147450,1734250,35.5933438,129.1276268
10086,101,78,1147550,1734250,35.5933289,129.1287302
10087,102,78,1147650,1734250,35.5933139,129.1298337
10088,103,78,1147750,1734250,35.593299,129.1309371
10089,104,78,1147850,1734250,35.5932841,129.1320406
10090,105,78,1147950,1734250,35.5932691,129.133144
10091,106,78,1148050,1734250,35.5932542,129.1342475
10092,107,78,1148150,1734250,35.5932392,129.1353509
10093,108,78,1148250,1734250,35.5932242,129.1364544
10094,109,78,1148350,1734250,35.5932092,129.1375578
10095,110,78,1148450,1734250,35.5931942,129.1386613
10096,111,78,1148550,1734250,35.5931792,129.1397647
10097,112,78,1148650,1734250,35.5931642,129.1408682
10098,113,78,1148750,1734250,35.5931491,129.1419716
10099,114,78,1148850,1734250,35.5931341,129.143075
10100,115,78,1148950,1734250,35.593119,129.1441785
10101,116,78,1149050,1734250,35.593104,129.1452819
10102,117,78,1149150,1734250,35.5930889,129.1463854
10103,118,78,1149250,1734250,35.5930738,129.1474888
10104,119,78,1149350,1734250,35.5930587,129.1485922
10105,120,78,1149450,1734250,35.5930436,129.1496957
10106,121,78,1149550,1734250,35.5930285,129.1507991
10107,122,78,1149650,1734250,35.5930134,129.1519025
10108,123,78,1149750,1734250,35.5929983,129.153006
10109,124,78,1149850,1734250,35.5929831,129.1541094
10110,125,78,1149950,1734250,35.592968,129.1552128
10111,126,78,1150050,1734250,35.5929528,129.1563163
10112,127,78,1150150,1734250,35.5929376,129.1574197
10113,127,79,1150150,1734350,35.5938389,129.1574383
10114,126,79,1150050,1734350,35.5938541,129.1563348
10115,125,79,1149950,1734350,35.5938692,129.1552314
10116,124,79,1149850,1734350,35.5938844,129.1541279
10117,123,79,1149750,1734350,35.5938995,129.1530245
10118,122,79,1149650,1734350,35.5939147,129.1519211
10119,121,79,1149550,1734350,35.5939298,129.1508176
10120,120,79,1149450,1734350,35.5939449,129.1497142
10121,119,79,1149350,1734350,35.59396,129.1486107
10122,118,79,1149250,1734350,35.5939751,129.1475073
10123,117,79,1149150,1734350,35.5939902,129.1464038
10124,116,79,1149050,1734350,35.5940053,129.1453004
10125,115,79,1148950,1734350,35.5940203,129.1441969
10126,114,79,1148850,1734350,35.5940354,129.1430935
10127,113,79,1148750,1734350,35.5940504,129.14199
10128,112,79,1148650,1734350,35.5940655,129.1408866
10129,111,79,1148550,1734350,35.5940805,129.1397831
10130,110,79,1148450,1734350,35.5940955,129.1386796
10131,109,79,1148350,1734350,35.5941105,129.1375762
10132,108,79,1148250,1734350,35.5941255,129.1364727
10133,107,79,1148150,1734350,35.5941405,129.1353693
10134,106,79,1148050,1734350,35.5941554,129.1342658
10135,105,79,1147950,1734350,35.5941704,129.1331624
10136,104,79,1147850,1734350,35.5941854,129.1320589
10137,103,79,1147750,1734350,35.5942003,129.1309554
10138,102,79,1147650,1734350,35.5942152,129.129852
10139,101,79,1147550,1734350,35.5942301,129.1287485
10140,100,79,1147450,1734350,35.5942451,129.127645
10141,99,79,1147350,1734350,35.59426,129.1265416
10142,98,79,1147250,1734350,35.5942749,129.1254381
10143,97,79,1147150,1734350,35.5942897,129.1243346
10144,96,79,1147050,1734350,35.5943046,129.1232312
10145,95,79,1146950,1734350,35.5943195,129.1221277
10146,94,79,1146850,1734350,35.5943343,129.1210242
10147,93,79,1146750,1734350,35.5943492,129.1199208
10148,92,79,1146650,1734350,35.594364,129.1188173
10149,91,79,1146550,1734350,35.5943788,129.1177138
10150,90,79,1146450,1734350,35.5943936,129.1166104
10151,89,79,1146350,1734350,35.5944084,129.1155069
10152,88,79,1146250,1734350,35.5944232,129.1144034
10153,87,79,1146150,1734350,35.594438,129.1132999
10154,86,79,1146050,1734350,35.5944528,129.1121965
10155,85,79,1145950,1734350,35.5944675,129.111093
10156,84,79,1145850,1734350,35.5944823,129.1099895
10157,83,79,1145750,1734350,35.594497,129.108886
10158,82,79,1145650,1734350,35.5945117,129.1077826
10159,81,79,1145550,1734350,35.5945265,129.1066791
10160,80,79,1145450,1734350,35.5945412,129.1055756
10161,79,79,1145350,1734350,35.5945559,129.1044721
10162,78,79,1145250,1734350,35.5945706,129.1033686
10163,77,79,1145150,1734350,35.5945852,129.1022652
10164,76,79,1145050,1734350,35.5945999,129.1011617
10165,75,79,1144950,1734350,35.5946146,129.1000582
10166,74,79,1144850,1734350,35.5946292,129.0989547
10167,73,79,1144750,1734350,35.5946439,129.0978512
10168,72,79,1144650,1734350,35.5946585,129.0967477
10169,71,79,1144550,1734350,35.5946731,129.0956443
10170,70,79,1144450,1734350,35.5946877,129.0945408
10171,69,79,1144350,1734350,35.5947023,129.0934373
10172,68,79,1144250,1734350,35.5947169,129.0923338
10173,67,79,1144150,1734350,35.5947315,129.0912303
10174,66,79,1144050,1734350,35.594746,129.0901268
10175,65,79,1143950,1734350,35.5947606,129.0890233
10176,64,79,1143850,1734350,35.5947751,129.0879198
10177,63,79,1143750,1734350,35.5947897,129.0868163
10178,62,79,1143650,1734350,35.5948042,129.0857128
10179,61,79,1143550,1734350,35.5948187,129.0846093
10180,60,79,1143450,1734350,35.5948332,129.0835058
10181,59,79,1143350,1734350,35.5948477,129.0824023
10182,58,79,1143250,1734350,35.5948622,129.0812989
10183,57,79,1143150,1734350,35.5948767,129.0801954
10184,56,79,1143050,1734350,35.5948912,129.0790919
10185,55,79,1142950,1734350,35.5949056,129.0779884
10186,54,79,1142850,1734350,35.5949201,129.0768849
10187,53,79,1142750,1734350,35.5949345,129.0757814
10188,52,79,1142650,1734350,35.5949489,129.0746779
10189,51,79,1142550,1734350,35.5949634,129.0735743
10190,50,79,1142450,1734350,35.5949778,129.0724708
10191,49,79,1142350,1734350,35.5949922,129.0713673
10192,48,79,1142250,1734350,35.5950065,129.0702638
10193,47,79,1142150,1734350,35.5950209,129.0691603
10194,46,79,1142050,1734350,35.5950353,129.0680568
10195,45,79,1141950,1734350,35.5950496,129.0669533
10196,44,79,1141850,1734350,35.595064,129.0658498
10197,43,79,1141750,1734350,35.5950783,129.0647463
10198,42,79,1141650,1734350,35.5950926,129.0636428
10199,41,79,1141550,1734350,35.595107,129.0625393
10200,40,79,1141450,1734350,35.5951213,129.0614358
10201,39,79,1141350,1734350,35.5951356,129.0603323
10202,38,79,1141250,1734350,35.5951498,129.0592287
10203,37,79,1141150,1734350,35.5951641,129.0581252
10204,36,79,1141050,1734350,35.5951784,129.0570217
10205,35,79,1140950,1734350,35.5951926,129.0559182
10206,34,79,1140850,1734350,35.5952069,129.0548147
10207,33,79,1140750,1734350,35.5952211,129.0537112
10208,32,79,1140650,1734350,35.5952353,129.0526077
10209,31,79,1140550,1734350,35.5952496,129.0515041
10210,30,79,1140450,1734350,35.5952638,129.0504006
10211,29,79,1140350,1734350,35.595278,129.0492971
10212,28,79,1140250,1734350,35.5952921,129.0481936
10213,27,79,1140150,1734350,35.5953063,129.0470901
10214,26,79,1140050,1734350,35.5953205,129.0459865
10215,25,79,1139950,1734350,35.5953346,129.044883
10216,24,79,1139850,1734350,35.5953488,129.0437795
10217,23,79,1139750,1734350,35.5953629,129.042676
10218,22,79,1139650,1734350,35.595377,129.0415724
10219,21,79,1139550,1734350,35.5953912,129.0404689
10220,20,79,1139450,1734350,35.5954053,129.0393654
10221,19,79,1139350,1734350,35.5954194,129.0382619
10222,18,79,1139250,1734350,35.5954334,129.0371583
10223,17,79,1139150,1734350,35.5954475,129.0360548
10224,16,79,1139050,1734350,35.5954616,129.0349513
10225,15,79,1138950,1734350,35.5954756,129.0338477
10226,14,79,1138850,1734350,35.5954897,129.0327442
10227,13,79,1138750,1734350,35.5955037,129.0316407
10228,12,79,1138650,1734350,35.5955177,129.0305371
10229,11,79,1138550,1734350,35.5955317,129.0294336
10230,10,79,1138450,1734350,35.5955457,129.0283301
10231,9,79,1138350,1734350,35.5955597,129.0272265
10232,8,79,1138250,1734350,35.5955737,129.026123
10233,7,79,1138150,1734350,35.5955877,129.0250195
10234,6,79,1138050,1734350,35.5956016,129.0239159
10235,5,79,1137950,1734350,35.5956156,129.0228124
10236,4,79,1137850,1734350,35.5956295,129.0217089
10237,3,79,1137750,1734350,35.5956435,129.0206053
10238,2,79,1137650,1734350,35.5956574,129.0195018
10239,1,79,1137550,1734350,35.5956713,129.0183982
10240,0,79,1137450,1734350,35.5956852,129.0172947
10241,0,80,1137450,1734450,35.5965865,129.0173117
10242,1,80,1137550,1734450,35.5965726,129.0184153
10243,2,80,1137650,1734450,35.5965587,129.0195188
10244,3,80,1137750,1734450,35.5965448,129.0206224
10245,4,80,1137850,1734450,35.5965309,129.0217259
10246,5,80,1137950,1734450,35.5965169,129.0228295
10247,6,80,1138050,1734450,35.596503,129.023933
10248,7,80,1138150,1734450,35.596489,129.0250366
10249,8,80,1138250,1734450,35.596475,129.0261401
10250,9,80,1138350,1734450,35.5964611,129.0272437
10251,10,80,1138450,1734450,35.5964471,129.0283472
10252,11,80,1138550,1734450,35.5964331,129.0294508
10253,12,80,1138650,1734450,35.5964191,129.0305543
10254,13,80,1138750,1734450,35.596405,129.0316578
10255,14,80,1138850,1734450,35.596391,129.0327614
10256,15,80,1138950,1734450,35.596377,129.0338649
10257,16,80,1139050,1734450,35.5963629,129.0349685
10258,17,80,1139150,1734450,35.5963488,129.036072
10259,18,80,1139250,1734450,35.5963348,129.0371756
10260,19,80,1139350,1734450,35.5963207,129.0382791
10261,20,80,1139450,1734450,35.5963066,129.0393826
10262,21,80,1139550,1734450,35.5962925,129.0404862
10263,22,80,1139650,1734450,35.5962784,129.0415897
10264,23,80,1139750,1734450,35.5962642,129.0426933
10265,24,80,1139850,1734450,35.5962501,129.0437968
10266,25,80,1139950,1734450,35.596236,129.0449003
10267,26,80,1140050,1734450,35.5962218,129.0460039
10268,27,80,1140150,1734450,35.5962076,129.0471074
10269,28,80,1140250,1734450,35.5961935,129.0482109
10270,29,80,1140350,1734450,35.5961793,129.0493145
10271,30,80,1140450,1734450,35.5961651,129.050418
10272,31,80,1140550,1734450,35.5961509,129.0515215
10273,32,80,1140650,1734450,35.5961367,129.0526251
10274,33,80,1140750,1734450,35.5961224,129.0537286
10275,34,80,1140850,1734450,35.5961082,129.0548321
10276,35,80,1140950,1734450,35.596094,129.0559356
10277,36,80,1141050,1734450,35.5960797,129.0570392
10278,37,80,1141150,1734450,35.5960654,129.0581427
10279,38,80,1141250,1734450,35.5960512,129.0592462
10280,39,80,1141350,1734450,35.5960369,129.0603498
10281,40,80,1141450,1734450,35.5960226,129.0614533
10282,41,80,1141550,1734450,35.5960083,129.0625568
10283,42,80,1141650,1734450,35.595994,129.0636603
10284,43,80,1141750,1734450,35.5959796,129.0647638
10285,44,80,1141850,1734450,35.5959653,129.0658674
10286,45,80,1141950,1734450,35.595951,129.0669709
10287,46,80,1142050,1734450,35.5959366,129.0680744
10288,47,80,1142150,1734450,35.5959222,129.0691779
10289,48,80,1142250,1734450,35.5959079,129.0702814
10290,49,80,1142350,1734450,35.5958935,129.071385
10291,50,80,1142450,1734450,35.5958791,129.0724885
10292,51,80,1142550,1734450,35.5958647,129.073592
10293,52,80,1142650,1734450,35.5958502,129.0746955
10294,53,80,1142750,1734450,35.5958358,129.075799
10295,54,80,1142850,1734450,35.5958214,129.0769025
10296,55,80,1142950,1734450,35.5958069,129.078006
10297,56,80,1143050,1734450,35.5957925,129.0791096
10298,57,80,1143150,1734450,35.595778,129.0802131
10299,58,80,1143250,1734450,35.5957635,129.0813166
10300,59,80,1143350,1734450,35.595749,129.0824201
10301,60,80,1143450,1734450,35.5957345,129.0835236
10302,61,80,1143550,1734450,35.59572,129.0846271
10303,62,80,1143650,1734450,35.5957055,129.0857306
10304,63,80,1143750,1734450,35.595691,129.0868341
10305,64,80,1143850,1734450,35.5956765,129.0879376
10306,65,80,1143950,1734450,35.5956619,129.0890411
10307,66,80,1144050,1734450,35.5956473,129.0901446
10308,67,80,1144150,1734450,35.5956328,129.0912481
10309,68,80,1144250,1734450,35.5956182,129.0923516
10310,69,80,1144350,1734450,35.5956036,129.0934551
10311,70,80,1144450,1734450,35.595589,129.0945586
10312,71,80,1144550,1734450,35.5955744,129.0956621
10313,72,80,1144650,1734450,35.5955598,129.0967656
10314,73,80,1144750,1734450,35.5955452,129.0978691
10315,74,80,1144850,1734450,35.5955305,129.0989726
10316,75,80,1144950,1734450,35.5955159,129.1000761
10317,76,80,1145050,1734450,35.5955012,129.1011796
10318,77,80,1145150,1734450,35.5954865,129.1022831
10319,78,80,1145250,1734450,35.5954719,129.1033866
10320,79,80,1145350,1734450,35.5954572,129.1044901
10321,80,80,1145450,1734450,35.5954425,129.1055936
10322,81,80,1145550,1734450,35.5954278,129.1066971
10323,82,80,1145650,1734450,35.595413,129.1078006
10324,83,80,1145750,1734450,35.5953983,129.1089041
10325,84,80,1145850,1734450,35.5953836,129.1100076
10326,85,80,1145950,1734450,35.5953688,129.1111111
10327,86,80,1146050,1734450,35.5953541,129.1122145
10328,87,80,1146150,1734450,35.5953393,129.113318
10329,88,80,1146250,1734450,35.5953245,129.1144215
10330,89,80,1146350,1734450,35.5953097,129.115525
10331,90,80,1146450,1734450,35.5952949,129.1166285
10332,91,80,1146550,1734450,35.5952801,129.117732
10333,92,80,1146650,1734450,35.5952653,129.1188355
10334,93,80,1146750,1734450,35.5952505,129.1199389
10335,94,80,1146850,1734450,35.5952356,129.1210424
10336,95,80,1146950,1734450,35.5952208,129.1221459
10337,96,80,1147050,1734450,35.5952059,129.1232494
10338,97,80,1147150,1734450,35.595191,129.1243529
10339,98,80,1147250,1734450,35.5951761,129.1254563
10340,99,80,1147350,1734450,35.5951613,129.1265598
10341,100,80,1147450,1734450,35.5951463,129.1276633
10342,101,80,1147550,1734450,35.5951314,129.1287668
10343,102,80,1147650,1734450,35.5951165,129.1298702
10344,103,80,1147750,1734450,35.5951016,129.1309737
10345,104,80,1147850,1734450,35.5950866,129.1320772
10346,105,80,1147950,1734450,35.5950717,129.1331807
10347,106,80,1148050,1734450,35.5950567,129.1342841
10348,107,80,1148150,1734450,35.5950418,129.1353876
10349,108,80,1148250,1734450,35.5950268,129.1364911
10350,109,80,1148350,1734450,35.5950118,129.1375945
10351,110,80,1148450,1734450,35.5949968,129.138698
10352,111,80,1148550,1734450,35.5949818,129.1398015
10353,112,80,1148650,1734450,35.5949667,129.140905
10354,113,80,1148750,1734450,35.5949517,129.1420084
10355,114,80,1148850,1734450,35.5949367,129.1431119
10356,115,80,1148950,1734450,35.5949216,129.1442153
10357,116,80,1149050,1734450,35.5949065,129.1453188
10358,117,80,1149150,1734450,35.5948915,129.1464223
10359,118,80,1149250,1734450,35.5948764,129.1475257
10360,119,80,1149350,1734450,35.5948613,129.1486292
10361,120,80,1149450,1734450,35.5948462,129.1497327
10362,121,80,1149550,1734450,35.5948311,129.1508361
10363,122,80,1149650,1734450,35.594816,129.1519396
10364,123,80,1149750,1734450,35.5948008,129.153043
10365,124,80,1149850,1734450,35.5947857,129.1541465
10366,125,80,1149950,1734450,35.5947705,129.1552499
10367,126,80,1150050,1734450,35.5947554,129.1563534
10368,127,80,1150150,1734450,35.5947402,129.1574569
10369,127,81,1150150,1734550,35.5956415,129.1574754
10370,126,81,1150050,1734550,35.5956566,129.156372
10371,125,81,1149950,1734550,35.5956718,129.1552685
10372,124,81,1149850,1734550,35.595687,129.154165
10373,123,81,1149750,1734550,35.5957021,129.1530616
10374,122,81,1149650,1734550,35.5957172,129.1519581
10375,121,81,1149550,1734550,35.5957324,129.1508546
10376,120,81,1149450,1734550,35.5957475,129.1497512
10377,119,81,1149350,1734550,35.5957626,129.1486477
10378,118,81,1149250,1734550,35.5957777,129.1475442
10379,117,81,1149150,1734550,35.5957928,129.1464407
10380,116,81,1149050,1734550,35.5958078,129.1453373
10381,115,81,1148950,1734550,35.5958229,129.1442338
10382,114,81,1148850,1734550,35.5958379,129.1431303
10383,113,81,1148750,1734550,35.595853,129.1420268
10384,112,81,1148650,1734550,35.595868,129.1409234
10385,111,81,1148550,1734550,35.595883,129.1398199
10386,110,81,1148450,1734550,35.5958981,129.1387164
10387,109,81,1148350,1734550,35.5959131,129.1376129
10388,108,81,1148250,1734550,35.5959281,129.1365094
10389,107,81,1148150,1734550,35.595943,129.1354059
10390,106,81,1148050,1734550,35.595958,129.1343025
10391,105,81,1147950,1734550,35.595973,129.133199
10392,104,81,1147850,1734550,35.5959879,129.1320955
10393,103,81,1147750,1734550,35.5960029,129.130992
10394,102,81,1147650,1734550,35.5960178,129.1298885
10395,101,81,1147550,1734550,35.5960327,129.128785
10396,100,81,1147450,1734550,35.5960476,129.1276815
10397,99,81,1147350,1734550,35.5960625,129.1265781
10398,98,81,1147250,1734550,35.5960774,129.1254746
10399,97,81,1147150,1734550,35.5960923,129.1243711
10400,96,81,1147050,1734550,35.5961072,129.1232676
10401,95,81,1146950,1734550,35.5961221,129.1221641
10402,94,81,1146850,1734550,35.5961369,129.1210606
10403,93,81,1146750,1734550,35.5961517,129.1199571
10404,92,81,1146650,1734550,35.5961666,129.1188536
10405,91,81,1146550,1734550,35.5961814,129.1177501
10406,90,81,1146450,1734550,35.5961962,129.1166466
10407,89,81,1146350,1734550,35.596211,129.1155431
10408,88,81,1146250,1734550,35.5962258,129.1144396
10409,87,81,1146150,1734550,35.5962406,129.1133361
10410,86,81,1146050,1734550,35.5962554,129.1122326
10411,85,81,1145950,1734550,35.5962701,129.1111291
10412,84,81,1145850,1734550,35.5962849,129.1100256
10413,83,81,1145750,1734550,35.5962996,129.1089221
10414,82,81,1145650,1734550,35.5963143,129.1078186
10415,81,81,1145550,1734550,35.5963291,129.1067151
10416,80,81,1145450,1734550,35.5963438,129.1056116
10417,79,81,1145350,1734550,35.5963585,129.1045081
10418,78,81,1145250,1734550,35.5963732,129.1034046
10419,77,81,1145150,1734550,35.5963878,129.1023011
10420,76,81,1145050,1734550,35.5964025,129.1011976
10421,75,81,1144950,1734550,35.5964172,129.1000941
10422,74,81,1144850,1734550,35.5964318,129.0989906
10423,73,81,1144750,1734550,35.5964465,129.0978871
10424,72,81,1144650,1734550,35.5964611,129.0967835
10425,71,81,1144550,1734550,35.5964757,129.09568
10426,70,81,1144450,1734550,35.5964903,129.0945765
10427,69,81,1144350,1734550,35.5965049,129.093473
10428,68,81,1144250,1734550,35.5965195,129.0923695
10429,67,81,1144150,1734550,35.5965341,129.091266
10430,66,81,1144050,1734550,35.5965487,129.0901625
10431,65,81,1143950,1734550,35.5965632,129.089059
10432,64,81,1143850,1734550,35.5965778,129.0879554
10433,63,81,1143750,1734550,35.5965923,129.0868519
10434,62,81,1143650,1734550,35.5966068,129.0857484
10435,61,81,1143550,1734550,35.5966213,129.0846449
10436,60,81,1143450,1734550,35.5966359,129.0835414
10437,59,81,1143350,1734550,35.5966504,129.0824378
10438,58,81,1143250,1734550,35.5966648,129.0813343
10439,57,81,1143150,1734550,35.5966793,129.0802308
10440,56,81,1143050,1734550,35.5966938,129.0791273
10441,55,81,1142950,1734550,35.5967082,129.0780237
10442,54,81,1142850,1734550,35.5967227,129.0769202
10443,53,81,1142750,1734550,35.5967371,129.0758167
10444,52,81,1142650,1734550,35.5967516,129.0747132
10445,51,81,1142550,1734550,35.596766,129.0736096
10446,50,81,1142450,1734550,35.5967804,129.0725061
10447,49,81,1142350,1734550,35.5967948,129.0714026
10448,48,81,1142250,1734550,35.5968092,129.0702991
10449,47,81,1142150,1734550,35.5968235,129.0691955
10450,46,81,1142050,1734550,35.5968379,129.068092
10451,45,81,1141950,1734550,35.5968523,129.0669885
10452,44,81,1141850,1734550,35.5968666,129.0658849
10453,43,81,1141750,1734550,35.596881,129.0647814
10454,42,81,1141650,1734550,35.5968953,129.0636779
10455,41,81,1141550,1734550,35.5969096,129.0625743
10456,40,81,1141450,1734550,35.5969239,129.0614708
10457,39,81,1141350,1734550,35.5969382,129.0603673
10458,38,81,1141250,1734550,35.5969525,129.0592637
10459,37,81,1141150,1734550,35.5969668,129.0581602
10460,36,81,1141050,1734550,35.596981,129.0570566
10461,35,81,1140950,1734550,35.5969953,129.0559531
10462,34,81,1140850,1734550,35.5970095,129.0548496
10463,33,81,1140750,1734550,35.5970238,129.053746
10464,32,81,1140650,1734550,35.597038,129.0526425
10465,31,81,1140550,1734550,35.5970522,129.0515389
10466,30,81,1140450,1734550,35.5970664,129.0504354
10467,29,81,1140350,1734550,35.5970806,129.0493318
10468,28,81,1140250,1734550,35.5970948,129.0482283
10469,27,81,1140150,1734550,35.597109,129.0471247
10470,26,81,1140050,1734550,35.5971231,129.0460212
10471,25,81,1139950,1734550,35.5971373,129.0449177
10472,24,81,1139850,1734550,35.5971514,129.0438141
10473,23,81,1139750,1734550,35.5971656,129.0427106
10474,22,81,1139650,1734550,35.5971797,129.041607
10475,21,81,1139550,1734550,35.5971938,129.0405035
10476,20,81,1139450,1734550,35.5972079,129.0393999
10477,19,81,1139350,1734550,35.597222,129.0382964
10478,18,81,1139250,1734550,35.5972361,129.0371928
10479,17,81,1139150,1734550,35.5972502,129.0360892
10480,16,81,1139050,1734550,35.5972642,129.0349857
10481,15,81,1138950,1734550,35.5972783,129.0338821
10482,14,81,1138850,1734550,35.5972923,129.0327786
10483,13,81,1138750,1734550,35.5973064,129.031675
10484,12,81,1138650,1734550,35.5973204,129.0305715
10485,11,81,1138550,1734550,35.5973344,129.0294679
10486,10,81,1138450,1734550,35.5973484,129.0283644
10487,9,81,1138350,1734550,35.5973624,129.0272608
10488,8,81,1138250,1734550,35.5973764,129.0261572
10489,7,81,1138150,1734550,35.5973904,129.0250537
10490,6,81,1138050,1734550,35.5974043,129.0239501
10491,5,81,1137950,1734550,35.5974183,129.0228465
10492,4,81,1137850,1734550,35.5974322,129.021743
10493,3,81,1137750,1734550,35.5974461,129.0206394
10494,2,81,1137650,1734550,35.5974601,129.0195359
10495,1,81,1137550,1734550,35.597474,129.0184323
10496,0,81,1137450,1734550,35.5974879,129.0173287
10497,0,82,1137450,1734650,35.5983892,129.0173457
10498,1,82,1137550,1734650,35.5983753,129.0184493
10499,2,82,1137650,1734650,35.5983614,129.0195529
10500,3,82,1137750,1734650,35.5983475,129.0206565
10501,4,82,1137850,1734650,35.5983336,129.02176
10502,5,82,1137950,1734650,35.5983196,129.0228636
10503,6,82,1138050,1734650,35.5983057,129.0239672
10504,7,82,1138150,1734650,35.5982917,129.0250708
10505,8,82,1138250,1734650,35.5982777,129.0261743
10506,9,82,1138350,1734650,35.5982637,129.0272779
10507,10,82,1138450,1734650,35.5982497,129.0283815
10508,11,82,1138550,1734650,35.5982357,129.0294851
10509,12,82,1138650,1734650,35.5982217,129.0305886
10510,13,82,1138750,1734650,35.5982077,129.0316922
10511,14,82,1138850,1734650,35.5981937,129.0327958
10512,15,82,1138950,1734650,35.5981796,129.0338993
10513,16,82,1139050,1734650,35.5981656,129.0350029
10514,17,82,1139150,1734650,35.5981515,129.0361065
10515,18,82,1139250,1734650,35.5981374,129.03721
10516,19,82,1139350,1734650,35.5981233,129.0383136
10517,20,82,1139450,1734650,35.5981092,129.0394172
10518,21,82,1139550,1734650,35.5980951,129.0405207
10519,22,82,1139650,1734650,35.598081,129.0416243
10520,23,82,1139750,1734650,35.5980669,129.0427279
10521,24,82,1139850,1734650,35.5980528,129.0438314
10522,25,82,1139950,1734650,35.5980386,129.044935
10523,26,82,1140050,1734650,35.5980245,129.0460385
10524,27,82,1140150,1734650,35.5980103,129.0471421
10525,28,82,1140250,1734650,35.5979961,129.0482457
10526,29,82,1140350,1734650,35.5979819,129.0493492
10527,30,82,1140450,1734650,35.5979677,129.0504528
10528,31,82,1140550,1734650,35.5979535,129.0515563
10529,32,82,1140650,1734650,35.5979393,129.0526599
10530,33,82,1140750,1734650,35.5979251,129.0537634
10531,34,82,1140850,1734650,35.5979109,129.054867
10532,35,82,1140950,1734650,35.5978966,129.0559705
10533,36,82,1141050,1734650,35.5978824,129.0570741
10534,37,82,1141150,1734650,35.5978681,129.0581776
10535,38,82,1141250,1734650,35.5978538,129.0592812
10536,39,82,1141350,1734650,35.5978395,129.0603847
10537,40,82,1141450,1734650,35.5978252,129.0614883
10538,41,82,1141550,1734650,35.5978109,129.0625918
10539,42,82,1141650,1734650,35.5977966,129.0636954
10540,43,82,1141750,1734650,35.5977823,129.0647989
10541,44,82,1141850,1734650,35.5977679,129.0659025
10542,45,82,1141950,1734650,35.5977536,129.067006
10543,46,82,1142050,1734650,35.5977392,129.0681096
10544,47,82,1142150,1734650,35.5977249,129.0692131
10545,48,82,1142250,1734650,35.5977105,129.0703167
10546,49,82,1142350,1734650,35.5976961,129.0714202
10547,50,82,1142450,1734650,35.5976817,129.0725237
10548,51,82,1142550,1734650,35.5976673,129.0736273
10549,52,82,1142650,1734650,35.5976529,129.0747308
10550,53,82,1142750,1734650,35.5976384,129.0758344
10551,54,82,1142850,1734650,35.597624,129.0769379
10552,55,82,1142950,1734650,35.5976096,129.0780414
10553,56,82,1143050,1734650,35.5975951,129.079145
10554,57,82,1143150,1734650,35.5975806,129.0802485
10555,58,82,1143250,1734650,35.5975662,129.081352
10556,59,82,1143350,1734650,35.5975517,129.0824556
10557,60,82,1143450,1734650,35.5975372,129.0835591
10558,61,82,1143550,1734650,35.5975227,129.0846626
10559,62,82,1143650,1734650,35.5975081,129.0857662
10560,63,82,1143750,1734650,35.5974936,129.0868697
10561,64,82,1143850,1734650,35.5974791,129.0879732
10562,65,82,1143950,1734650,35.5974645,129.0890768
10563,66,82,1144050,1734650,35.59745,129.0901803
10564,67,82,1144150,1734650,35.5974354,129.0912838
10565,68,82,1144250,1734650,35.5974208,129.0923874
10566,69,82,1144350,1734650,35.5974062,129.0934909
10567,70,82,1144450,1734650,35.5973916,129.0945944
10568,71,82,1144550,1734650,35.597377,129.0956979
10569,72,82,1144650,1734650,35.5973624,129.0968015
10570,73,82,1144750,1734650,35.5973478,129.097905
10571,74,82,1144850,1734650,35.5973331,129.0990085
10572,75,82,1144950,1734650,35.5973185,129.100112
10573,76,82,1145050,1734650,35.5973038,129.1012155
10574,77,82,1145150,1734650,35.5972891,129.1023191
10575,78,82,1145250,1734650,35.5972745,129.1034226
10576,79,82,1145350,1734650,35.5972598,129.1045261
10577,80,82,1145450,1734650,35.5972451,129.1056296
10578,81,82,1145550,1734650,35.5972304,129.1067331
10579,82,82,1145650,1734650,35.5972156,129.1078366
10580,83,82,1145750,1734650,35.5972009,129.1089402
10581,84,82,1145850,1734650,35.5971862,129.1100437
10582,85,82,1145950,1734650,35.5971714,129.1111472
10583,86,82,1146050,1734650,35.5971567,129.1122507
10584,87,82,1146150,1734650,35.5971419,129.1133542
10585,88,82,1146250,1734650,35.5971271,129.1144577
10586,89,82,1146350,1734650,35.5971123,129.1155612
10587,90,82,1146450,1734650,35.5970975,129.1166647
10588,91,82,1146550,1734650,35.5970827,129.1177683
10589,92,82,1146650,1734650,35.5970679,129.1188718
10590,93,82,1146750,1734650,35.597053,129.1199753
10591,94,82,1146850,1734650,35.5970382,129.1210788
10592,95,82,1146950,1734650,35.5970233,129.1221823
10593,96,82,1147050,1734650,35.5970085,129.1232858
10594,97,82,1147150,1734650,35.5969936,129.1243893
10595,98,82,1147250,1734650,35.5969787,129.1254928
10596,99,82,1147350,1734650,35.5969638,129.1265963
10597,100,82,1147450,1734650,35.5969489,129.1276998
10598,101,82,1147550,1734650,35.596934,129.1288033
10599,102,82,1147650,1734650,35.5969191,129.1299068
10600,103,82,1147750,1734650,35.5969042,129.1310103
10601,104,82,1147850,1734650,35.5968892,129.1321138
10602,105,82,1147950,1734650,35.5968743,129.1332173
10603,106,82,1148050,1734650,35.5968593,129.1343208
10604,107,82,1148150,1734650,35.5968443,129.1354243
10605,108,82,1148250,1734650,35.5968293,129.1365278
10606,109,82,1148350,1734650,35.5968143,129.1376313
10607,110,82,1148450,1734650,35.5967993,129.1387348
10608,111,82,1148550,1734650,35.5967843,129.1398383
10609,112,82,1148650,1734650,35.5967693,129.1409418
10610,113,82,1148750,1734650,35.5967543,129.1420452
10611,114,82,1148850,1734650,35.5967392,129.1431487
10612,115,82,1148950,1734650,35.5967242,129.1442522
10613,116,82,1149050,1734650,35.5967091,129.1453557
10614,117,82,1149150,1734650,35.596694,129.1464592
10615,118,82,1149250,1734650,35.596679,129.1475627
10616,119,82,1149350,1734650,35.5966639,129.1486662
10617,120,82,1149450,1734650,35.5966488,129.1497697
10618,121,82,1149550,1734650,35.5966336,129.1508731
10619,122,82,1149650,1734650,35.5966185,129.1519766
10620,123,82,1149750,1734650,35.5966034,129.1530801
10621,124,82,1149850,1734650,35.5965882,129.1541836
10622,125,82,1149950,1734650,35.5965731,129.1552871
10623,126,82,1150050,1734650,35.5965579,129.1563905
10624,127,82,1150150,1734650,35.5965427,129.157494
10625,127,83,1150150,1734750,35.597444,129.1575126
10626,126,83,1150050,1734750,35.5974592,129.1564091
10627,125,83,1149950,1734750,35.5974744,129.1553056
10628,124,83,1149850,1734750,35.5974895,129.1542021
10629,123,83,1149750,1734750,35.5975047,129.1530986
10630,122,83,1149650,1734750,35.5975198,129.1519951
10631,121,83,1149550,1734750,35.5975349,129.1508917
10632,120,83,1149450,1734750,35.59755,129.1497882
10633,119,83,1149350,1734750,35.5975651,129.1486847
10634,118,83,1149250,1734750,35.5975802,129.1475812
10635,117,83,1149150,1734750,35.5975953,129.1464777
10636,116,83,1149050,1734750,35.5976104,129.1453742
10637,115,83,1148950,1734750,35.5976255,129.1442707
10638,114,83,1148850,1734750,35.5976405,129.1431672
10639,113,83,1148750,1734750,35.5976556,129.1420637
10640,112,83,1148650,1734750,35.5976706,129.1409602
10641,111,83,1148550,1734750,35.5976856,129.1398566
10642,110,83,1148450,1734750,35.5977006,129.1387531
10643,109,83,1148350,1734750,35.5977156,129.1376496
10644,108,83,1148250,1734750,35.5977306,129.1365461
10645,107,83,1148150,1734750,35.5977456,129.1354426
10646,106,83,1148050,1734750,35.5977606,129.1343391
10647,105,83,1147950,1734750,35.5977756,129.1332356
10648,104,83,1147850,1734750,35.5977905,129.1321321
10649,103,83,1147750,1734750,35.5978054,129.1310286
10650,102,83,1147650,1734750,35.5978204,129.1299251
10651,101,83,1147550,1734750,35.5978353,129.1288216
10652,100,83,1147450,1734750,35.5978502,129.1277181
10653,99,83,1147350,1734750,35.5978651,129.1266145
10654,98,83,1147250,1734750,35.59788,129.125511
10655,97,83,1147150,1734750,35.5978949,129.1244075
10656,96,83,1147050,1734750,35.5979098,129.123304
10657,95,83,1146950,1734750,35.5979246,129.1222005
10658,94,83,1146850,1734750,35.5979395,129.121097
10659,93,83,1146750,1734750,35.5979543,129.1199934
10660,92,83,1146650,1734750,35.5979692,129.1188899
10661,91,83,1146550,1734750,35.597984,129.1177864
10662,90,83,1146450,1734750,35.5979988,129.1166829
10663,89,83,1146350,1734750,35.5980136,129.1155794
10664,88,83,1146250,1734750,35.5980284,129.1144758
10665,87,83,1146150,1734750,35.5980432,129.1133723
10666,86,83,1146050,1734750,35.5980579,129.1122688
10667,85,83,1145950,1734750,35.5980727,129.1111653
10668,84,83,1145850,1734750,35.5980875,129.1100617
10669,83,83,1145750,1734750,35.5981022,129.1089582
10670,82,83,1145650,1734750,35.5981169,129.1078547
10671,81,83,1145550,1734750,35.5981317,129.1067512
10672,80,83,1145450,1734750,35.5981464,129.1056476
10673,79,83,1145350,1734750,35.5981611,129.1045441
10674,78,83,1145250,1734750,35.5981758,129.1034406
10675,77,83,1145150,1734750,35.5981904,129.102337
10676,76,83,1145050,1734750,35.5982051,129.1012335
10677,75,83,1144950,1734750,35.5982198,129.10013
10678,74,83,1144850,1734750,35.5982344,129.0990264
10679,73,83,1144750,1734750,35.5982491,129.0979229
10680,72,83,1144650,1734750,35.5982637,129.0968194
10681,71,83,1144550,1734750,35.5982783,129.0957158
10682,70,83,1144450,1734750,35.5982929,129.0946123
10683,69,83,1144350,1734750,35.5983075,129.0935087
10684,68,83,1144250,1734750,35.5983221,129.0924052
10685,67,83,1144150,1734750,35.5983367,129.0913017
10686,66,83,1144050,1734750,35.5983513,129.0901981
10687,65,83,1143950,1734750,35.5983658,129.0890946
10688,64,83,1143850,1734750,35.5983804,129.087991
10689,63,83,1143750,1734750,35.5983949,129.0868875
10690,62,83,1143650,1734750,35.5984094,129.085784
10691,61,83,1143550,1734750,35.598424,129.0846804
10692,60,83,1143450,1734750,35.5984385,129.0835769
10693,59,83,1143350,1734750,35.598453,129.0824733
10694,58,83,1143250,1734750,35.5984675,129.0813698
10695,57,83,1143150,1734750,35.5984819,129.0802662
10696,56,83,1143050,1734750,35.5984964,129.0791627
10697,55,83,1142950,1734750,35.5985109,129.0780591
10698,54,83,1142850,1734750,35.5985253,129.0769556
10699,53,83,1142750,1734750,35.5985398,129.075852
10700,52,83,1142650,1734750,35.5985542,129.0747485
10701,51,83,1142550,1734750,35.5985686,129.0736449
10702,50,83,1142450,1734750,35.598583,129.0725414
10703,49,83,1142350,1734750,35.5985974,129.0714378
10704,48,83,1142250,1734750,35.5986118,129.0703343
10705,47,83,1142150,1734750,35.5986262,129.0692307
10706,46,83,1142050,1734750,35.5986405,129.0681272
10707,45,83,1141950,1734750,35.5986549,129.0670236
10708,44,83,1141850,1734750,35.5986693,129.06592
10709,43,83,1141750,1734750,35.5986836,129.0648165
10710,42,83,1141650,1734750,35.5986979,129.0637129
10711,41,83,1141550,1734750,35.5987122,129.0626094
10712,40,83,1141450,1734750,35.5987265,129.0615058
10713,39,83,1141350,1734750,35.5987408,129.0604022
10714,38,83,1141250,1734750,35.5987551,129.0592987
10715,37,83,1141150,1734750,35.5987694,129.0581951
10716,36,83,1141050,1734750,35.5987837,129.0570916
10717,35,83,1140950,1734750,35.5987979,129.055988
10718,34,83,1140850,1734750,35.5988122,129.0548844
10719,33,83,1140750,1734750,35.5988264,129.0537809
10720,32,83,1140650,1734750,35.5988406,129.0526773
10721,31,83,1140550,1734750,35.5988549,129.0515737
10722,30,83,1140450,1734750,35.5988691,129.0504702
10723,29,83,1140350,1734750,35.5988833,129.0493666
10724,28,83,1140250,1734750,35.5988974,129.048263
10725,27,83,1140150,1734750,35.5989116,129.0471595
10726,26,83,1140050,1734750,35.5989258,129.0460559
10727,25,83,1139950,1734750,35.5989399,129.0449523
10728,24,83,1139850,1734750,35.5989541,129.0438487
10729,23,83,1139750,1734750,35.5989682,129.0427452
10730,22,83,1139650,1734750,35.5989824,129.0416416
10731,21,83,1139550,1734750,35.5989965,129.040538
10732,20,83,1139450,1734750,35.5990106,129.0394344
10733,19,83,1139350,1734750,35.5990247,129.0383309
10734,18,83,1139250,1734750,35.5990388,129.0372273
10735,17,83,1139150,1734750,35.5990528,129.0361237
10736,16,83,1139050,1734750,35.5990669,129.0350201
10737,15,83,1138950,1734750,35.5990809,129.0339165
10738,14,83,1138850,1734750,35.599095,129.032813
10739,13,83,1138750,1734750,35.599109,129.0317094
10740,12,83,1138650,1734750,35.5991231,129.0306058
10741,11,83,1138550,1734750,35.5991371,129.0295022
10742,10,83,1138450,1734750,35.5991511,129.0283986
10743,9,83,1138350,1734750,35.5991651,129.027295
10744,8,83,1138250,1734750,35.599179,129.0261915
10745,7,83,1138150,1734750,35.599193,129.0250879
10746,6,83,1138050,1734750,35.599207,129.0239843
10747,5,83,1137950,1734750,35.5992209,129.0228807
10748,4,83,1137850,1734750,35.5992349,129.0217771
10749,3,83,1137750,1734750,35.5992488,129.0206735
10750,2,83,1137650,1734750,35.5992627,129.0195699
10751,1,83,1137550,1734750,35.5992767,129.0184663
10752,0,83,1137450,1734750,35.5992906,129.0173628
10753,0,84,1137450,1734850,35.6001919,129.0173798
10754,1,84,1137550,1734850,35.600178,129.0184834
10755,2,84,1137650,1734850,35.6001641,129.019587
10756,3,84,1137750,1734850,35.6001502,129.0206906
10757,4,84,1137850,1734850,35.6001362,129.0217942
10758,5,84,1137950,1734850,35.6001223,129.0228978
10759,6,84,1138050,1734850,35.6001083,129.0240014
10760,7,84,1138150,1734850,35.6000944,129.025105
10761,8,84,1138250,1734850,35.6000804,129.0262086
10762,9,84,1138350,1734850,35.6000664,129.0273122
10763,10,84,1138450,1734850,35.6000524,129.0284158
10764,11,84,1138550,1734850,35.6000384,129.0295194
10765,12,84,1138650,1734850,35.6000244,129.030623
10766,13,84,1138750,1734850,35.6000104,129.0317266
10767,14,84,1138850,1734850,35.5999963,129.0328302
10768,15,84,1138950,1734850,35.5999823,129.0339337
10769,16,84,1139050,1734850,35.5999682,129.0350373
10770,17,84,1139150,1734850,35.5999542,129.0361409
10771,18,84,1139250,1734850,35.5999401,129.0372445
10772,19,84,1139350,1734850,35.599926,129.0383481
10773,20,84,1139450,1734850,35.5999119,129.0394517
10774,21,84,1139550,1734850,35.5998978,129.0405553
10775,22,84,1139650,1734850,35.5998837,129.0416589
10776,23,84,1139750,1734850,35.5998696,129.0427625
10777,24,84,1139850,1734850,35.5998554,129.043866
10778,25,84,1139950,1734850,35.5998413,129.0449696
10779,26,84,1140050,1734850,35.5998271,129.0460732
10780,27,84,1140150,1734850,35.5998129,129.0471768
10781,28,84,1140250,1734850,35.5997988,129.0482804
10782,29,84,1140350,1734850,35.5997846,129.049384
10783,30,84,1140450,1734850,35.5997704,129.0504875
10784,31,84,1140550,1734850,35.5997562,129.0515911
10785,32,84,1140650,1734850,35.599742,129.0526947
10786,33,84,1140750,1734850,35.5997277,129.0537983
10787,34,84,1140850,1734850,35.5997135,129.0549019
10788,35,84,1140950,1734850,35.5996993,129.0560054
10789,36,84,1141050,1734850,35.599685,129.057109
10790,37,84,1141150,1734850,35.5996707,129.0582126
10791,38,84,1141250,1734850,35.5996564,129.0593162
10792,39,84,1141350,1734850,35.5996422,129.0604197
10793,40,84,1141450,1734850,35.5996279,129.0615233
10794,41,84,1141550,1734850,35.5996136,129.0626269
10795,42,84,1141650,1734850,35.5995992,129.0637305
10796,43,84,1141750,1734850,35.5995849,129.064834
10797,44,84,1141850,1734850,35.5995706,129.0659376
10798,45,84,1141950,1734850,35.5995562,129.0670412
10799,46,84,1142050,1734850,35.5995419,129.0681447
10800,47,84,1142150,1734850,35.5995275,129.0692483
10801,48,84,1142250,1734850,35.5995131,129.0703519
10802,49,84,1142350,1734850,35.5994987,129.0714555
10803,50,84,1142450,1734850,35.5994843,129.072559
10804,51,84,1142550,1734850,35.5994699,129.0736626
10805,52,84,1142650,1734850,35.5994555,129.0747661
10806,53,84,1142750,1734850,35.5994411,129.0758697
10807,54,84,1142850,1734850,35.5994266,129.0769733
10808,55,84,1142950,1734850,35.5994122,129.0780768
10809,56,84,1143050,1734850,35.5993977,129.0791804
10810,57,84,1143150,1734850,35.5993833,129.080284
10811,58,84,1143250,1734850,35.5993688,129.0813875
10812,59,84,1143350,1734850,35.5993543,129.0824911
10813,60,84,1143450,1734850,35.5993398,129.0835946
10814,61,84,1143550,1734850,35.5993253,129.0846982
10815,62,84,1143650,1734850,35.5993108,129.0858017
10816,63,84,1143750,1734850,35.5992962,129.0869053
10817,64,84,1143850,1734850,35.5992817,129.0880089
10818,65,84,1143950,1734850,35.5992671,129.0891124
10819,66,84,1144050,1734850,35.5992526,129.090216
10820,67,84,1144150,1734850,35.599238,129.0913195
10821,68,84,1144250,1734850,35.5992234,129.0924231
10822,69,84,1144350,1734850,35.5992088,129.0935266
10823,70,84,1144450,1734850,35.5991942,129.0946302
10824,71,84,1144550,1734850,35.5991796,129.0957337
10825,72,84,1144650,1734850,35.599165,129.0968373
10826,73,84,1144750,1734850,35.5991504,129.0979408
10827,74,84,1144850,1734850,35.5991357,129.0990444
10828,75,84,1144950,1734850,35.5991211,129.1001479
10829,76,84,1145050,1734850,35.5991064,129.1012515
10830,77,84,1145150,1734850,35.5990917,129.102355
10831,78,84,1145250,1734850,35.5990771,129.1034585
10832,79,84,1145350,1734850,35.5990624,129.1045621
10833,80,84,1145450,1734850,35.5990477,129.1056656
10834,81,84,1145550,1734850,35.599033,129.1067692
10835,82,84,1145650,1734850,35.5990182,129.1078727
10836,83,84,1145750,1734850,35.5990035,129.1089763
10837,84,84,1145850,1734850,35.5989888,129.1100798
10838,85,84,1145950,1734850,35.598974,129.1111833
10839,86,84,1146050,1734850,35.5989592,129.1122869
10840,87,84,1146150,1734850,35.5989445,129.1133904
10841,88,84,1146250,1734850,35.5989297,129.1144939
10842,89,84,1146350,1734850,35.5989149,129.1155975
10843,90,84,1146450,1734850,35.5989001,129.116701
10844,91,84,1146550,1734850,35.5988853,129.1178045
10845,92,84,1146650,1734850,35.5988705,129.1189081
10846,93,84,1146750,1734850,35.5988556,129.1200116
10847,94,84,1146850,1734850,35.5988408,129.1211151
10848,95,84,1146950,1734850,35.5988259,129.1222187
10849,96,84,1147050,1734850,35.5988111,129.1233222
10850,97,84,1147150,1734850,35.5987962,129.1244257
10851,98,84,1147250,1734850,35.5987813,129.1255293
10852,99,84,1147350,1734850,35.5987664,129.1266328
10853,100,84,1147450,1734850,35.5987515,129.1277363
10854,101,84,1147550,1734850,35.5987366,129.1288398
10855,102,84,1147650,1734850,35.5987217,129.1299434
10856,103,84,1147750,1734850,35.5987067,129.1310469
10857,104,84,1147850,1734850,35.5986918,129.1321504
10858,105,84,1147950,1734850,35.5986768,129.1332539
10859,106,84,1148050,1734850,35.5986619,129.1343574
10860,107,84,1148150,1734850,35.5986469,129.135461
10861,108,84,1148250,1734850,35.5986319,129.1365645
10862,109,84,1148350,1734850,35.5986169,129.137668
10863,110,84,1148450,1734850,35.5986019,129.1387715
10864,111,84,1148550,1734850,35.5985869,129.139875
10865,112,84,1148650,1734850,35.5985719,129.1409786
10866,113,84,1148750,1734850,35.5985568,129.1420821
10867,114,84,1148850,1734850,35.5985418,129.1431856
10868,115,84,1148950,1734850,35.5985267,129.1442891
10869,116,84,1149050,1734850,35.5985117,129.1453926
10870,117,84,1149150,1734850,35.5984966,129.1464961
10871,118,84,1149250,1734850,35.5984815,129.1475996
10872,119,84,1149350,1734850,35.5984664,129.1487031
10873,120,84,1149450,1734850,35.5984513,129.1498067
10874,121,84,1149550,1734850,35.5984362,129.1509102
10875,122,84,1149650,1734850,35.5984211,129.1520137
10876,123,84,1149750,1734850,35.5984059,129.1531172
10877,124,84,1149850,1734850,35.5983908,129.1542207
10878,125,84,1149950,1734850,35.5983756,129.1553242
10879,126,84,1150050,1734850,35.5983605,129.1564277
10880,127,84,1150150,1734850,35.5983453,129.1575312
10881,127,85,1150150,1734950,35.5992466,129.1575498
10882,126,85,1150050,1734950,35.5992617,129.1564463
10883,125,85,1149950,1734950,35.5992769,129.1553428
10884,124,85,1149850,1734950,35.5992921,129.1542392
10885,123,85,1149750,1734950,35.5993072,129.1531357
10886,122,85,1149650,1734950,35.5993223,129.1520322
10887,121,85,1149550,1734950,35.5993375,129.1509287
10888,120,85,1149450,1734950,35.5993526,129.1498252
10889,119,85,1149350,1734950,35.5993677,129.1487216
10890,118,85,1149250,1734950,35.5993828,129.1476181
10891,117,85,1149150,1734950,35.5993979,129.1465146
10892,116,85,1149050,1734950,35.599413,129.1454111
10893,115,85,1148950,1734950,35.599428,129.1443075
10894,114,85,1148850,1734950,35.5994431,129.143204
10895,113,85,1148750,1734950,35.5994581,129.1421005
10896,112,85,1148650,1734950,35.5994732,129.140997
10897,111,85,1148550,1734950,35.5994882,129.1398934
10898,110,85,1148450,1734950,35.5995032,129.1387899
10899,109,85,1148350,1734950,35.5995182,129.1376864
10900,108,85,1148250,1734950,35.5995332,129.1365828
10901,107,85,1148150,1734950,35.5995482,129.1354793
10902,106,85,1148050,1734950,35.5995632,129.1343758
10903,105,85,1147950,1734950,35.5995781,129.1332722
10904,104,85,1147850,1734950,35.5995931,129.1321687
10905,103,85,1147750,1734950,35.599608,129.1310652
10906,102,85,1147650,1734950,35.599623,129.1299616
10907,101,85,1147550,1734950,35.5996379,129.1288581
10908,100,85,1147450,1734950,35.5996528,129.1277546
10909,99,85,1147350,1734950,35.5996677,129.126651
10910,98,85,1147250,1734950,35.5996826,129.1255475
10911,97,85,1147150,1734950,35.5996975,129.1244439
10912,96,85,1147050,1734950,35.5997124,129.1233404
10913,95,85,1146950,1734950,35.5997272,129.1222369
10914,94,85,1146850,1734950,35.5997421,129.1211333
10915,93,85,1146750,1734950,35.5997569,129.1200298
10916,92,85,1146650,1734950,35.5997718,129.1189262
10917,91,85,1146550,1734950,35.5997866,129.1178227
10918,90,85,1146450,1734950,35.5998014,129.1167191
10919,89,85,1146350,1734950,35.5998162,129.1156156
10920,88,85,1146250,1734950,35.599831,129.114512
10921,87,85,1146150,1734950,35.5998458,129.1134085
10922,86,85,1146050,1734950,35.5998605,129.1123049
10923,85,85,1145950,1734950,35.5998753,129.1112014
10924,84,85,1145850,1734950,35.5998901,129.1100978
10925,83,85,1145750,1734950,35.5999048,129.1089943
10926,82,85,1145650,1734950,35.5999195,129.1078907
10927,81,85,1145550,1734950,35.5999343,129.1067872
10928,80,85,1145450,1734950,35.599949,129.1056836
10929,79,85,1145350,1734950,35.5999637,129.1045801
10930,78,85,1145250,1734950,35.5999784,129.1034765
10931,77,85,1145150,1734950,35.599993,129.102373
10932,76,85,1145050,1734950,35.6000077,129.1012694
10933,75,85,1144950,1734950,35.6000224,129.1001659
10934,74,85,1144850,1734950,35.600037,129.0990623
10935,73,85,1144750,1734950,35.6000517,129.0979587
10936,72,85,1144650,1734950,35.6000663,129.0968552
10937,71,85,1144550,1734950,35.6000809,129.0957516
10938,70,85,1144450,1734950,35.6000955,129.0946481
10939,69,85,1144350,1734950,35.6001101,129.0935445
10940,68,85,1144250,1734950,35.6001247,129.0924409
10941,67,85,1144150,1734950,35.6001393,129.0913374
10942,66,85,1144050,1734950,35.6001539,129.0902338
10943,65,85,1143950,1734950,35.6001684,129.0891302
10944,64,85,1143850,1734950,35.600183,129.0880267
10945,63,85,1143750,1734950,35.6001975,129.0869231
10946,62,85,1143650,1734950,35.6002121,129.0858195
10947,61,85,1143550,1734950,35.6002266,129.084716
10948,60,85,1143450,1734950,35.6002411,129.0836124
10949,59,85,1143350,1734950,35.6002556,129.0825088
10950,58,85,1143250,1734950,35.6002701,129.0814053
10951,57,85,1143150,1734950,35.6002846,129.0803017
10952,56,85,1143050,1734950,35.600299,129.0791981
10953,55,85,1142950,1734950,35.6003135,129.0780945
10954,54,85,1142850,1734950,35.6003279,129.076991
10955,53,85,1142750,1734950,35.6003424,129.0758874
10956,52,85,1142650,1734950,35.6003568,129.0747838
10957,51,85,1142550,1734950,35.6003712,129.0736802
10958,50,85,1142450,1734950,35.6003856,129.0725767
10959,49,85,1142350,1734950,35.6004,129.0714731
10960,48,85,1142250,1734950,35.6004144,129.0703695
10961,47,85,1142150,1734950,35.6004288,129.0692659
10962,46,85,1142050,1734950,35.6004432,129.0681623
10963,45,85,1141950,1734950,35.6004575,129.0670588
10964,44,85,1141850,1734950,35.6004719,129.0659552
10965,43,85,1141750,1734950,35.6004862,129.0648516
10966,42,85,1141650,1734950,35.6005006,129.063748
10967,41,85,1141550,1734950,35.6005149,129.0626444
10968,40,85,1141450,1734950,35.6005292,129.0615408
10969,39,85,1141350,1734950,35.6005435,129.0604372
10970,38,85,1141250,1734950,35.6005578,129.0593337
10971,37,85,1141150,1734950,35.600572,129.0582301
10972,36,85,1141050,1734950,35.6005863,129.0571265
10973,35,85,1140950,1734950,35.6006006,129.0560229
10974,34,85,1140850,1734950,35.6006148,129.0549193
10975,33,85,1140750,1734950,35.6006291,129.0538157
10976,32,85,1140650,1734950,35.6006433,129.0527121
10977,31,85,1140550,1734950,35.6006575,129.0516085
10978,30,85,1140450,1734950,35.6006717,129.0505049
10979,29,85,1140350,1734950,35.6006859,129.0494013
10980,28,85,1140250,1734950,35.6007001,129.0482977
10981,27,85,1140150,1734950,35.6007143,129.0471942
10982,26,85,1140050,1734950,35.6007284,129.0460906
10983,25,85,1139950,1734950,35.6007426,129.044987
10984,24,85,1139850,1734950,35.6007567,129.0438834
10985,23,85,1139750,1734950,35.6007709,129.0427798
10986,22,85,1139650,1734950,35.600785,129.0416762
10987,21,85,1139550,1734950,35.6007991,129.0405726
10988,20,85,1139450,1734950,35.6008132,129.039469
10989,19,85,1139350,1734950,35.6008273,129.0383654
10990,18,85,1139250,1734950,35.6008414,129.0372618
10991,17,85,1139150,1734950,35.6008555,129.0361582
10992,16,85,1139050,1734950,35.6008696,129.0350546
10993,15,85,1138950,1734950,35.6008836,129.0339509
10994,14,85,1138850,1734950,35.6008977,129.0328473
10995,13,85,1138750,1734950,35.6009117,129.0317437
10996,12,85,1138650,1734950,35.6009257,129.0306401
10997,11,85,1138550,1734950,35.6009397,129.0295365
10998,10,85,1138450,1734950,35.6009537,129.0284329
10999,9,85,1138350,1734950,35.6009677,129.0273293
11000,8,85,1138250,1734950,35.6009817,129.0262257
11001,7,85,1138150,1734950,35.6009957,129.0251221
11002,6,85,1138050,1734950,35.6010097,129.0240185
11003,5,85,1137950,1734950,35.6010236,129.0229149
11004,4,85,1137850,1734950,35.6010376,129.0218112
11005,3,85,1137750,1734950,35.6010515,129.0207076
11006,2,85,1137650,1734950,35.6010654,129.019604
11007,1,85,1137550,1734950,35.6010793,129.0185004
11008,0,85,1137450,1734950,35.6010932,129.0173968
11009,0,86,1137450,1735050,35.6019946,129.0174138
11010,1,86,1137550,1735050,35.6019807,129.0185174
11011,2,86,1137650,1735050,35.6019668,129.0196211
11012,3,86,1137750,1735050,35.6019528,129.0207247
11013,4,86,1137850,1735050,35.6019389,129.0218283
11014,5,86,1137950,1735050,35.6019249,129.0229319
11015,6,86,1138050,1735050,35.601911,129.0240356
11016,7,86,1138150,1735050,35.601897,129.0251392
11017,8,86,1138250,1735050,35.6018831,129.0262428
11018,9,86,1138350,1735050,35.6018691,129.0273464
11019,10,86,1138450,1735050,35.6018551,129.0284501
11020,11,86,1138550,1735050,35.6018411,129.0295537
11021,12,86,1138650,1735050,35.601827,129.0306573
11022,13,86,1138750,1735050,35.601813,129.0317609
11023,14,86,1138850,1735050,35.601799,129.0328645
11024,15,86,1138950,1735050,35.6017849,129.0339682
11025,16,86,1139050,1735050,35.6017709,129.0350718
11026,17,86,1139150,1735050,35.6017568,129.0361754
11027,18,86,1139250,1735050,35.6017427,129.037279
11028,19,86,1139350,1735050,35.6017287,129.0383826
11029,20,86,1139450,1735050,35.6017146,129.0394862
11030,21,86,1139550,1735050,35.6017004,129.0405898
11031,22,86,1139650,1735050,35.6016863,129.0416935
11032,23,86,1139750,1735050,35.6016722,129.0427971
11033,24,86,1139850,1735050,35.6016581,129.0439007
11034,25,86,1139950,1735050,35.6016439,129.0450043
11035,26,86,1140050,1735050,35.6016298,129.0461079
11036,27,86,1140150,1735050,35.6016156,129.0472115
11037,28,86,1140250,1735050,35.6016014,129.0483151
11038,29,86,1140350,1735050,35.6015872,129.0494187
11039,30,86,1140450,1735050,35.601573,129.0505223
11040,31,86,1140550,1735050,35.6015588,129.0516259
11041,32,86,1140650,1735050,35.6015446,129.0527295
11042,33,86,1140750,1735050,35.6015304,129.0538331
11043,34,86,1140850,1735050,35.6015161,129.0549367
11044,35,86,1140950,1735050,35.6015019,129.0560403
11045,36,86,1141050,1735050,35.6014876,129.0571439
11046,37,86,1141150,1735050,35.6014734,129.0582475
11047,38,86,1141250,1735050,35.6014591,129.0593511
11048,39,86,1141350,1735050,35.6014448,129.0604547
11049,40,86,1141450,1735050,35.6014305,129.0615583
11050,41,86,1141550,1735050,35.6014162,129.0626619
11051,42,86,1141650,1735050,35.6014019,129.0637655
11052,43,86,1141750,1735050,35.6013875,129.0648691
11053,44,86,1141850,1735050,35.6013732,129.0659727
11054,45,86,1141950,1735050,35.6013589,129.0670763
11055,46,86,1142050,1735050,35.6013445,129.0681799
11056,47,86,1142150,1735050,35.6013301,129.0692835
11057,48,86,1142250,1735050,35.6013157,129.0703871
11058,49,86,1142350,1735050,35.6013014,129.0714907
11059,50,86,1142450,1735050,35.601287,129.0725943
11060,51,86,1142550,1735050,35.6012725,129.0736979
11061,52,86,1142650,1735050,35.6012581,129.0748015
11062,53,86,1142750,1735050,35.6012437,129.0759051
11063,54,86,1142850,1735050,35.6012293,129.0770086
11064,55,86,1142950,1735050,35.6012148,129.0781122
11065,56,86,1143050,1735050,35.6012003,129.0792158
11066,57,86,1143150,1735050,35.6011859,129.0803194
11067,58,86,1143250,1735050,35.6011714,129.081423
11068,59,86,1143350,1735050,35.6011569,129.0825266
11069,60,86,1143450,1735050,35.6011424,129.0836302
11070,61,86,1143550,1735050,35.6011279,129.0847337
11071,62,86,1143650,1735050,35.6011134,129.0858373
11072,63,86,1143750,1735050,35.6010988,129.0869409
11073,64,86,1143850,1735050,35.6010843,129.0880445
11074,65,86,1143950,1735050,35.6010697,129.0891481
11075,66,86,1144050,1735050,35.6010552,129.0902516
11076,67,86,1144150,1735050,35.6010406,129.0913552
11077,68,86,1144250,1735050,35.601026,129.0924588
11078,69,86,1144350,1735050,35.6010114,129.0935624
11079,70,86,1144450,1735050,35.6009968,129.0946659
11080,71,86,1144550,1735050,35.6009822,129.0957695
11081,72,86,1144650,1735050,35.6009676,129.0968731
11082,73,86,1144750,1735050,35.600953,129.0979767
11083,74,86,1144850,1735050,35.6009383,129.0990802
11084,75,86,1144950,1735050,35.6009237,129.1001838
11085,76,86,1145050,1735050,35.600909,129.1012874
11086,77,86,1145150,1735050,35.6008943,129.1023909
11087,78,86,1145250,1735050,35.6008797,129.1034945
11088,79,86,1145350,1735050,35.600865,129.1045981
11089,80,86,1145450,1735050,35.6008503,129.1057016
11090,81,86,1145550,1735050,35.6008356,129.1068052
11091,82,86,1145650,1735050,35.6008208,129.1079088
11092,83,86,1145750,1735050,35.6008061,129.1090123
11093,84,86,1145850,1735050,35.6007914,129.1101159
11094,85,86,1145950,1735050,35.6007766,129.1112195
11095,86,86,1146050,1735050,35.6007618,129.112323
11096,87,86,1146150,1735050,35.6007471,129.1134266
11097,88,86,1146250,1735050,35.6007323,129.1145302
11098,89,86,1146350,1735050,35.6007175,129.1156337
11099,90,86,1146450,1735050,35.6007027,129.1167373
11100,91,86,1146550,1735050,35.6006879,129.1178408
11101,92,86,1146650,1735050,35.600673,129.1189444
11102,93,86,1146750,1735050,35.6006582,129.1200479
11103,94,86,1146850,1735050,35.6006434,129.1211515
11104,95,86,1146950,1735050,35.6006285,129.1222551
11105,96,86,1147050,1735050,35.6006136,129.1233586
11106,97,86,1147150,1735050,35.6005988,129.1244622
11107,98,86,1147250,1735050,35.6005839,129.1255657
11108,99,86,1147350,1735050,35.600569,129.1266693
11109,100,86,1147450,1735050,35.6005541,129.1277728
11110,101,86,1147550,1735050,35.6005392,129.1288764
11111,102,86,1147650,1735050,35.6005242,129.1299799
11112,103,86,1147750,1735050,35.6005093,129.1310835
11113,104,86,1147850,1735050,35.6004944,129.132187
11114,105,86,1147950,1735050,35.6004794,129.1332906
11115,106,86,1148050,1735050,35.6004644,129.1343941
11116,107,86,1148150,1735050,35.6004495,129.1354976
11117,108,86,1148250,1735050,35.6004345,129.1366012
11118,109,86,1148350,1735050,35.6004195,129.1377047
11119,110,86,1148450,1735050,35.6004045,129.1388083
11120,111,86,1148550,1735050,35.6003895,129.1399118
11121,112,86,1148650,1735050,35.6003744,129.1410154
11122,113,86,1148750,1735050,35.6003594,129.1421189
11123,114,86,1148850,1735050,35.6003444,129.1432224
11124,115,86,1148950,1735050,35.6003293,129.144326
11125,116,86,1149050,1735050,35.6003142,129.1454295
11126,117,86,1149150,1735050,35.6002992,129.1465331
11127,118,86,1149250,1735050,35.6002841,129.1476366
11128,119,86,1149350,1735050,35.600269,129.1487401
11129,120,86,1149450,1735050,35.6002539,129.1498437
11130,121,86,1149550,1735050,35.6002388,129.1509472
11131,122,86,1149650,1735050,35.6002236,129.1520507
11132,123,86,1149750,1735050,35.6002085,129.1531543
11133,124,86,1149850,1735050,35.6001933,129.1542578
11134,125,86,1149950,1735050,35.6001782,129.1553613
11135,126,86,1150050,1735050,35.600163,129.1564649
11136,127,86,1150150,1735050,35.6001478,129.1575684
11137,127,87,1150150,1735150,35.6010491,129.157587
11138,126,87,1150050,1735150,35.6010643,129.1564834
11139,125,87,1149950,1735150,35.6010795,129.1553799
11140,124,87,1149850,1735150,35.6010946,129.1542763
11141,123,87,1149750,1735150,35.6011098,129.1531728
11142,122,87,1149650,1735150,35.6011249,129.1520693
11143,121,87,1149550,1735150,35.60114,129.1509657
11144,120,87,1149450,1735150,35.6011552,129.1498622
11145,119,87,1149350,1735150,35.6011703,129.1487586
11146,118,87,1149250,1735150,35.6011854,129.1476551
11147,117,87,1149150,1735150,35.6012004,129.1465515
11148,116,87,1149050,1735150,35.6012155,129.145448
11149,115,87,1148950,1735150,35.6012306,129.1443444
11150,114,87,1148850,1735150,35.6012456,129.1432409
11151,113,87,1148750,1735150,35.6012607,129.1421373
11152,112,87,1148650,1735150,35.6012757,129.1410338
11153,111,87,1148550,1735150,35.6012908,129.1399302
11154,110,87,1148450,1735150,35.6013058,129.1388267
11155,109,87,1148350,1735150,35.6013208,129.1377231
11156,108,87,1148250,1735150,35.6013358,129.1366195
11157,107,87,1148150,1735150,35.6013508,129.135516
11158,106,87,1148050,1735150,35.6013657,129.1344124
11159,105,87,1147950,1735150,35.6013807,129.1333089
11160,104,87,1147850,1735150,35.6013957,129.1322053
11161,103,87,1147750,1735150,35.6014106,129.1311018
11162,102,87,1147650,1735150,35.6014255,129.1299982
11163,101,87,1147550,1735150,35.6014405,129.1288946
11164,100,87,1147450,1735150,35.6014554,129.1277911
11165,99,87,1147350,1735150,35.6014703,129.1266875
11166,98,87,1147250,1735150,35.6014852,129.1255839
11167,97,87,1147150,1735150,35.6015001,129.1244804
11168,96,87,1147050,1735150,35.6015149,129.1233768
11169,95,87,1146950,1735150,35.6015298,129.1222732
11170,94,87,1146850,1735150,35.6015447,129.1211697
11171,93,87,1146750,1735150,35.6015595,129.1200661
11172,92,87,1146650,1735150,35.6015743,129.1189625
11173,91,87,1146550,1735150,35.6015892,129.117859
11174,90,87,1146450,1735150,35.601604,129.1167554
11175,89,87,1146350,1735150,35.6016188,129.1156518
11176,88,87,1146250,1735150,35.6016336,129.1145483
11177,87,87,1146150,1735150,35.6016484,129.1134447
11178,86,87,1146050,1735150,35.6016631,129.1123411
11179,85,87,1145950,1735150,35.6016779,129.1112375
11180,84,87,1145850,1735150,35.6016927,129.110134
11181,83,87,1145750,1735150,35.6017074,129.1090304
11182,82,87,1145650,1735150,35.6017221,129.1079268
11183,81,87,1145550,1735150,35.6017369,129.1068232
11184,80,87,1145450,1735150,35.6017516,129.1057197
11185,79,87,1145350,1735150,35.6017663,129.1046161
11186,78,87,1145250,1735150,35.601781,129.1035125
11187,77,87,1145150,1735150,35.6017956,129.1024089
11188,76,87,1145050,1735150,35.6018103,129.1013053
11189,75,87,1144950,1735150,35.601825,129.1002017
11190,74,87,1144850,1735150,35.6018396,129.0990982
11191,73,87,1144750,1735150,35.6018543,129.0979946
11192,72,87,1144650,1735150,35.6018689,129.096891
11193,71,87,1144550,1735150,35.6018835,129.0957874
11194,70,87,1144450,1735150,35.6018981,129.0946838
11195,69,87,1144350,1735150,35.6019127,129.0935802
11196,68,87,1144250,1735150,35.6019273,129.0924766
11197,67,87,1144150,1735150,35.6019419,129.0913731
11198,66,87,1144050,1735150,35.6019565,129.0902695
11199,65,87,1143950,1735150,35.6019711,129.0891659
11200,64,87,1143850,1735150,35.6019856,129.0880623
11201,63,87,1143750,1735150,35.6020001,129.0869587
11202,62,87,1143650,1735150,35.6020147,129.0858551
11203,61,87,1143550,1735150,35.6020292,129.0847515
11204,60,87,1143450,1735150,35.6020437,129.0836479
11205,59,87,1143350,1735150,35.6020582,129.0825443
11206,58,87,1143250,1735150,35.6020727,129.0814407
11207,57,87,1143150,1735150,35.6020872,129.0803371
11208,56,87,1143050,1735150,35.6021017,129.0792335
11209,55,87,1142950,1735150,35.6021161,129.0781299
11210,54,87,1142850,1735150,35.6021306,129.0770263
11211,53,87,1142750,1735150,35.602145,129.0759227
11212,52,87,1142650,1735150,35.6021594,129.0748191
11213,51,87,1142550,1735150,35.6021739,129.0737155
11214,50,87,1142450,1735150,35.6021883,129.0726119
11215,49,87,1142350,1735150,35.6022027,129.0715083
11216,48,87,1142250,1735150,35.6022171,129.0704047
11217,47,87,1142150,1735150,35.6022314,129.0693011
11218,46,87,1142050,1735150,35.6022458,129.0681975
11219,45,87,1141950,1735150,35.6022602,129.0670939
11220,44,87,1141850,1735150,35.6022745,129.0659903
11221,43,87,1141750,1735150,35.6022889,129.0648867
11222,42,87,1141650,1735150,35.6023032,129.0637831
11223,41,87,1141550,1735150,35.6023175,129.0626795
11224,40,87,1141450,1735150,35.6023318,129.0615759
11225,39,87,1141350,1735150,35.6023461,129.0604723
11226,38,87,1141250,1735150,35.6023604,129.0593686
11227,37,87,1141150,1735150,35.6023747,129.058265
11228,36,87,1141050,1735150,35.602389,129.0571614
11229,35,87,1140950,1735150,35.6024032,129.0560578
11230,34,87,1140850,1735150,35.6024175,129.0549542
11231,33,87,1140750,1735150,35.6024317,129.0538506
11232,32,87,1140650,1735150,35.6024459,129.052747
11233,31,87,1140550,1735150,35.6024601,129.0516433
11234,30,87,1140450,1735150,35.6024744,129.0505397
11235,29,87,1140350,1735150,35.6024886,129.0494361
11236,28,87,1140250,1735150,35.6025027,129.0483325
11237,27,87,1140150,1735150,35.6025169,129.0472289
11238,26,87,1140050,1735150,35.6025311,129.0461252
11239,25,87,1139950,1735150,35.6025452,129.0450216
11240,24,87,1139850,1735150,35.6025594,129.043918
11241,23,87,1139750,1735150,35.6025735,129.0428144
11242,22,87,1139650,1735150,35.6025877,129.0417107
11243,21,87,1139550,1735150,35.6026018,129.0406071
11244,20,87,1139450,1735150,35.6026159,129.0395035
11245,19,87,1139350,1735150,35.60263,129.0383999
11246,18,87,1139250,1735150,35.6026441,129.0372962
11247,17,87,1139150,1735150,35.6026581,129.0361926
11248,16,87,1139050,1735150,35.6026722,129.035089
11249,15,87,1138950,1735150,35.6026863,129.0339854
11250,14,87,1138850,1735150,35.6027003,129.0328817
11251,13,87,1138750,1735150,35.6027144,129.0317781
11252,12,87,1138650,1735150,35.6027284,129.0306745
11253,11,87,1138550,1735150,35.6027424,129.0295708
11254,10,87,1138450,1735150,35.6027564,129.0284672
11255,9,87,1138350,1735150,35.6027704,129.0273636
11256,8,87,1138250,1735150,35.6027844,129.0262599
11257,7,87,1138150,1735150,35.6027984,129.0251563
11258,6,87,1138050,1735150,35.6028123,129.0240527
11259,5,87,1137950,1735150,35.6028263,129.022949
11260,4,87,1137850,1735150,35.6028402,129.0218454
11261,3,87,1137750,1735150,35.6028542,129.0207417
11262,2,87,1137650,1735150,35.6028681,129.0196381
11263,1,87,1137550,1735150,35.602882,129.0185345
11264,0,87,1137450,1735150,35.6028959,129.0174308
11265,0,88,1137450,1735250,35.6037972,129.0174478
11266,1,88,1137550,1735250,35.6037833,129.0185515
11267,2,88,1137650,1735250,35.6037694,129.0196552
11268,3,88,1137750,1735250,35.6037555,129.0207588
11269,4,88,1137850,1735250,35.6037416,129.0218625
11270,5,88,1137950,1735250,35.6037276,129.0229661
11271,6,88,1138050,1735250,35.6037137,129.0240698
11272,7,88,1138150,1735250,35.6036997,129.0251734
11273,8,88,1138250,1735250,35.6036857,129.0262771
11274,9,88,1138350,1735250,35.6036717,129.0273807
11275,10,88,1138450,1735250,35.6036577,129.0284843
11276,11,88,1138550,1735250,35.6036437,129.029588
11277,12,88,1138650,1735250,35.6036297,129.0306916
11278,13,88,1138750,1735250,35.6036157,129.0317953
11279,14,88,1138850,1735250,35.6036016,129.0328989
11280,15,88,1138950,1735250,35.6035876,129.0340026
11281,16,88,1139050,1735250,35.6035735,129.0351062
11282,17,88,1139150,1735250,35.6035595,129.0362098
11283,18,88,1139250,1735250,35.6035454,129.0373135
11284,19,88,1139350,1735250,35.6035313,129.0384171
11285,20,88,1139450,1735250,35.6035172,129.0395208
11286,21,88,1139550,1735250,35.6035031,129.0406244
11287,22,88,1139650,1735250,35.603489,129.041728
11288,23,88,1139750,1735250,35.6034749,129.0428317
11289,24,88,1139850,1735250,35.6034607,129.0439353
11290,25,88,1139950,1735250,35.6034466,129.0450389
11291,26,88,1140050,1735250,35.6034324,129.0461426
11292,27,88,1140150,1735250,35.6034182,129.0472462
11293,28,88,1140250,1735250,35.6034041,129.0483498
11294,29,88,1140350,1735250,35.6033899,129.0494535
11295,30,88,1140450,1735250,35.6033757,129.0505571
11296,31,88,1140550,1735250,35.6033615,129.0516607
11297,32,88,1140650,1735250,35.6033473,129.0527644
11298,33,88,1140750,1735250,35.603333,129.053868
11299,34,88,1140850,1735250,35.6033188,129.0549716
11300,35,88,1140950,1735250,35.6033045,129.0560753
11301,36,88,1141050,1735250,35.6032903,129.0571789
11302,37,88,1141150,1735250,35.603276,129.0582825
11303,38,88,1141250,1735250,35.6032617,129.0593861
11304,39,88,1141350,1735250,35.6032474,129.0604898
11305,40,88,1141450,1735250,35.6032331,129.0615934
11306,41,88,1141550,1735250,35.6032188,129.062697
11307,42,88,1141650,1735250,35.6032045,129.0638006
11308,43,88,1141750,1735250,35.6031902,129.0649042
11309,44,88,1141850,1735250,35.6031758,129.0660079
11310,45,88,1141950,1735250,35.6031615,129.0671115
11311,46,88,1142050,1735250,35.6031471,129.0682151
11312,47,88,1142150,1735250,35.6031328,129.0693187
11313,48,88,1142250,1735250,35.6031184,129.0704223
11314,49,88,1142350,1735250,35.603104,129.071526
11315,50,88,1142450,1735250,35.6030896,129.0726296
11316,51,88,1142550,1735250,35.6030752,129.0737332
11317,52,88,1142650,1735250,35.6030608,129.0748368
11318,53,88,1142750,1735250,35.6030463,129.0759404
11319,54,88,1142850,1735250,35.6030319,129.077044
11320,55,88,1142950,1735250,35.6030174,129.0781476
11321,56,88,1143050,1735250,35.603003,129.0792512
11322,57,88,1143150,1735250,35.6029885,129.0803549
11323,58,88,1143250,1735250,35.602974,129.0814585
11324,59,88,1143350,1735250,35.6029595,129.0825621
11325,60,88,1143450,1735250,35.602945,129.0836657
11326,61,88,1143550,1735250,35.6029305,129.0847693
11327,62,88,1143650,1735250,35.602916,129.0858729
11328,63,88,1143750,1735250,35.6029015,129.0869765
11329,64,88,1143850,1735250,35.6028869,129.0880801
11330,65,88,1143950,1735250,35.6028724,129.0891837
11331,66,88,1144050,1735250,35.6028578,129.0902873
11332,67,88,1144150,1735250,35.6028432,129.0913909
11333,68,88,1144250,1735250,35.6028286,129.0924945
11334,69,88,1144350,1735250,35.6028141,129.0935981
11335,70,88,1144450,1735250,35.6027994,129.0947017
11336,71,88,1144550,1735250,35.6027848,129.0958053
11337,72,88,1144650,1735250,35.6027702,129.0969089
11338,73,88,1144750,1735250,35.6027556,129.0980125
11339,74,88,1144850,1735250,35.6027409,129.0991161
11340,75,88,1144950,1735250,35.6027263,129.1002197
11341,76,88,1145050,1735250,35.6027116,129.1013233
11342,77,88,1145150,1735250,35.6026969,129.1024269
11343,78,88,1145250,1735250,35.6026823,129.1035305
11344,79,88,1145350,1735250,35.6026676,129.1046341
11345,80,88,1145450,1735250,35.6026529,129.1057377
11346,81,88,1145550,1735250,35.6026382,129.1068413
11347,82,88,1145650,1735250,35.6026234,129.1079448
11348,83,88,1145750,1735250,35.6026087,129.1090484
11349,84,88,1145850,1735250,35.6025939,129.110152
11350,85,88,1145950,1735250,35.6025792,129.1112556
11351,86,88,1146050,1735250,35.6025644,129.1123592
11352,87,88,1146150,1735250,35.6025497,129.1134628
11353,88,88,1146250,1735250,35.6025349,129.1145664
11354,89,88,1146350,1735250,35.6025201,129.11567
11355,90,88,1146450,1735250,35.6025053,129.1167735
11356,91,88,1146550,1735250,35.6024905,129.1178771
11357,92,88,1146650,1735250,35.6024756,129.1189807
11358,93,88,1146750,1735250,35.6024608,129.1200843
11359,94,88,1146850,1735250,35.602446,129.1211879
11360,95,88,1146950,1735250,35.6024311,129.1222914
11361,96,88,1147050,1735250,35.6024162,129.123395
11362,97,88,1147150,1735250,35.6024014,129.1244986
11363,98,88,1147250,1735250,35.6023865,129.1256022
11364,99,88,1147350,1735250,35.6023716,129.1267058
11365,100,88,1147450,1735250,35.6023567,129.1278093
11366,101,88,1147550,1735250,35.6023418,129.1289129
11367,102,88,1147650,1735250,35.6023268,129.1300165
11368,103,88,1147750,1735250,35.6023119,129.1311201
11369,104,88,1147850,1735250,35.6022969,129.1322236
11370,105,88,1147950,1735250,35.602282,129.1333272
11371,106,88,1148050,1735250,35.602267,129.1344308
11372,107,88,1148150,1735250,35.602252,129.1355343
11373,108,88,1148250,1735250,35.6022371,129.1366379
11374,109,88,1148350,1735250,35.6022221,129.1377415
11375,110,88,1148450,1735250,35.6022071,129.138845
11376,111,88,1148550,1735250,35.602192,129.1399486
11377,112,88,1148650,1735250,35.602177,129.1410522
11378,113,88,1148750,1735250,35.602162,129.1421557
11379,114,88,1148850,1735250,35.6021469,129.1432593
11380,115,88,1148950,1735250,35.6021319,129.1443629
11381,116,88,1149050,1735250,35.6021168,129.1454664
11382,117,88,1149150,1735250,35.6021017,129.14657
11383,118,88,1149250,1735250,35.6020866,129.1476736
11384,119,88,1149350,1735250,35.6020715,129.1487771
11385,120,88,1149450,1735250,35.6020564,129.1498807
11386,121,88,1149550,1735250,35.6020413,129.1509842
11387,122,88,1149650,1735250,35.6020262,129.1520878
11388,123,88,1149750,1735250,35.602011,129.1531913
11389,124,88,1149850,1735250,35.6019959,129.1542949
11390,125,88,1149950,1735250,35.6019807,129.1553985
11391,126,88,1150050,1735250,35.6019656,129.156502
11392,127,88,1150150,1735250,35.6019504,129.1576056
11393,127,89,1150150,1735350,35.6028517,129.1576242
11394,126,89,1150050,1735350,35.6028668,129.1565206
11395,125,89,1149950,1735350,35.602882,129.155417
11396,124,89,1149850,1735350,35.6028972,129.1543135
11397,123,89,1149750,1735350,35.6029123,129.1532099
11398,122,89,1149650,1735350,35.6029275,129.1521063
11399,121,89,1149550,1735350,35.6029426,129.1510027
11400,120,89,1149450,1735350,35.6029577,129.1498992
11401,119,89,1149350,1735350,35.6029728,129.1487956
11402,118,89,1149250,1735350,35.6029879,129.147692
11403,117,89,1149150,1735350,35.603003,129.1465885
11404,116,89,1149050,1735350,35.6030181,129.1454849
11405,115,89,1148950,1735350,35.6030332,129.1443813
11406,114,89,1148850,1735350,35.6030482,129.1432777
11407,113,89,1148750,1735350,35.6030633,129.1421742
11408,112,89,1148650,1735350,35.6030783,129.1410706
11409,111,89,1148550,1735350,35.6030933,129.139967
11410,110,89,1148450,1735350,35.6031083,129.1388634
11411,109,89,1148350,1735350,35.6031233,129.1377598
11412,108,89,1148250,1735350,35.6031383,129.1366563
11413,107,89,1148150,1735350,35.6031533,129.1355527
11414,106,89,1148050,1735350,35.6031683,129.1344491
11415,105,89,1147950,1735350,35.6031833,129.1333455
11416,104,89,1147850,1735350,35.6031982,129.1322419
11417,103,89,1147750,1735350,35.6032132,129.1311383
11418,102,89,1147650,1735350,35.6032281,129.1300348
11419,101,89,1147550,1735350,35.603243,129.1289312
11420,100,89,1147450,1735350,35.603258,129.1278276
11421,99,89,1147350,1735350,35.6032729,129.126724
11422,98,89,1147250,1735350,35.6032878,129.1256204
11423,97,89,1147150,1735350,35.6033026,129.1245168
11424,96,89,1147050,1735350,35.6033175,129.1234132
11425,95,89,1146950,1735350,35.6033324,129.1223096
11426,94,89,1146850,1735350,35.6033472,129.121206
11427,93,89,1146750,1735350,35.6033621,129.1201025
11428,92,89,1146650,1735350,35.6033769,129.1189989
11429,91,89,1146550,1735350,35.6033918,129.1178953
11430,90,89,1146450,1735350,35.6034066,129.1167917
11431,89,89,1146350,1735350,35.6034214,129.1156881
11432,88,89,1146250,1735350,35.6034362,129.1145845
11433,87,89,1146150,1735350,35.603451,129.1134809
11434,86,89,1146050,1735350,35.6034657,129.1123773
11435,85,89,1145950,1735350,35.6034805,129.1112737
11436,84,89,1145850,1735350,35.6034952,129.1101701
11437,83,89,1145750,1735350,35.60351,129.1090665
11438,82,89,1145650,1735350,35.6035247,129.1079629
11439,81,89,1145550,1735350,35.6035394,129.1068593
11440,80,89,1145450,1735350,35.6035542,129.1057557
11441,79,89,1145350,1735350,35.6035689,129.1046521
11442,78,89,1145250,1735350,35.6035836,129.1035485
11443,77,89,1145150,1735350,35.6035982,129.1024449
11444,76,89,1145050,1735350,35.6036129,129.1013413
11445,75,89,1144950,1735350,35.6036276,129.1002376
11446,74,89,1144850,1735350,35.6036422,129.099134
11447,73,89,1144750,1735350,35.6036569,129.0980304
11448,72,89,1144650,1735350,35.6036715,129.0969268
11449,71,89,1144550,1735350,35.6036861,129.0958232
11450,70,89,1144450,1735350,35.6037008,129.0947196
11451,69,89,1144350,1735350,35.6037154,129.093616
11452,68,89,1144250,1735350,35.6037299,129.0925124
11453,67,89,1144150,1735350,35.6037445,129.0914088
11454,66,89,1144050,1735350,35.6037591,129.0903051
11455,65,89,1143950,1735350,35.6037737,129.0892015
11456,64,89,1143850,1735350,35.6037882,129.0880979
11457,63,89,1143750,1735350,35.6038028,129.0869943
11458,62,89,1143650,1735350,35.6038173,129.0858907
11459,61,89,1143550,1735350,35.6038318,129.0847871
11460,60,89,1143450,1735350,35.6038463,129.0836834
11461,59,89,1143350,1735350,35.6038608,129.0825798
11462,58,89,1143250,1735350,35.6038753,129.0814762
11463,57,89,1143150,1735350,35.6038898,129.0803726
11464,56,89,1143050,1735350,35.6039043,129.079269
11465,55,89,1142950,1735350,35.6039187,129.0781653
11466,54,89,1142850,1735350,35.6039332,129.0770617
11467,53,89,1142750,1735350,35.6039476,129.0759581
11468,52,89,1142650,1735350,35.6039621,129.0748545
11469,51,89,1142550,1735350,35.6039765,129.0737508
11470,50,89,1142450,1735350,35.6039909,129.0726472
11471,49,89,1142350,1735350,35.6040053,129.0715436
11472,48,89,1142250,1735350,35.6040197,129.0704399
11473,47,89,1142150,1735350,35.6040341,129.0693363
11474,46,89,1142050,1735350,35.6040484,129.0682327
11475,45,89,1141950,1735350,35.6040628,129.0671291
11476,44,89,1141850,1735350,35.6040772,129.0660254
11477,43,89,1141750,1735350,35.6040915,129.0649218
11478,42,89,1141650,1735350,35.6041058,129.0638182
11479,41,89,1141550,1735350,35.6041201,129.0627145
11480,40,89,1141450,1735350,35.6041345,129.0616109
11481,39,89,1141350,1735350,35.6041488,129.0605073
11482,38,89,1141250,1735350,35.604163,129.0594036
11483,37,89,1141150,1735350,35.6041773,129.0583
11484,36,89,1141050,1735350,35.6041916,129.0571963
11485,35,89,1140950,1735350,35.6042059,129.0560927
11486,34,89,1140850,1735350,35.6042201,129.0549891
11487,33,89,1140750,1735350,35.6042343,129.0538854
11488,32,89,1140650,1735350,35.6042486,129.0527818
11489,31,89,1140550,1735350,35.6042628,129.0516781
11490,30,89,1140450,1735350,35.604277,129.0505745
11491,29,89,1140350,1735350,35.6042912,129.0494709
11492,28,89,1140250,1735350,35.6043054,129.0483672
11493,27,89,1140150,1735350,35.6043196,129.0472636
11494,26,89,1140050,1735350,35.6043337,129.0461599
11495,25,89,1139950,1735350,35.6043479,129.0450563
11496,24,89,1139850,1735350,35.604362,129.0439526
11497,23,89,1139750,1735350,35.6043762,129.042849
11498,22,89,1139650,1735350,35.6043903,129.0417453
11499,21,89,1139550,1735350,35.6044044,129.0406417
11500,20,89,1139450,1735350,35.6044185,129.039538
11501,19,89,1139350,1735350,35.6044326,129.0384344
11502,18,89,1139250,1735350,35.6044467,129.0373307
11503,17,89,1139150,1735350,35.6044608,129.0362271
11504,16,89,1139050,1735350,35.6044749,129.0351234
11505,15,89,1138950,1735350,35.6044889,129.0340198
11506,14,89,1138850,1735350,35.604503,129.0329161
11507,13,89,1138750,1735350,35.604517,129.0318125
11508,12,89,1138650,1735350,35.604531,129.0307088
11509,11,89,1138550,1735350,35.6045451,129.0296051
11510,10,89,1138450,1735350,35.6045591,129.0285015
11511,9,89,1138350,1735350,35.6045731,129.0273978
11512,8,89,1138250,1735350,35.6045871,129.0262942
11513,7,89,1138150,1735350,35.604601,129.0251905
11514,6,89,1138050,1735350,35.604615,129.0240868
11515,5,89,1137950,1735350,35.604629,129.0229832
11516,4,89,1137850,1735350,35.6046429,129.0218795
11517,3,89,1137750,1735350,35.6046568,129.0207759
11518,2,89,1137650,1735350,35.6046708,129.0196722
11519,1,89,1137550,1735350,35.6046847,129.0185685
11520,0,89,1137450,1735350,35.6046986,129.0174649
11521,0,90,1137450,1735450,35.6055999,129.0174819
11522,1,90,1137550,1735450,35.605586,129.0185856
11523,2,90,1137650,1735450,35.6055721,129.0196892
11524,3,90,1137750,1735450,35.6055582,129.0207929
11525,4,90,1137850,1735450,35.6055442,129.0218966
11526,5,90,1137950,1735450,35.6055303,129.0230003
11527,6,90,1138050,1735450,35.6055163,129.0241039
11528,7,90,1138150,1735450,35.6055024,129.0252076
11529,8,90,1138250,1735450,35.6054884,129.0263113
11530,9,90,1138350,1735450,35.6054744,129.027415
11531,10,90,1138450,1735450,35.6054604,129.0285186
11532,11,90,1138550,1735450,35.6054464,129.0296223
11533,12,90,1138650,1735450,35.6054324,129.030726
11534,13,90,1138750,1735450,35.6054183,129.0318296
11535,14,90,1138850,1735450,35.6054043,129.0329333
11536,15,90,1138950,1735450,35.6053903,129.034037
11537,16,90,1139050,1735450,35.6053762,129.0351406
11538,17,90,1139150,1735450,35.6053621,129.0362443
11539,18,90,1139250,1735450,35.6053481,129.037348
11540,19,90,1139350,1735450,35.605334,129.0384516
11541,20,90,1139450,1735450,35.6053199,129.0395553
11542,21,90,1139550,1735450,35.6053058,129.040659
11543,22,90,1139650,1735450,35.6052916,129.0417626
11544,23,90,1139750,1735450,35.6052775,129.0428663
11545,24,90,1139850,1735450,35.6052634,129.0439699
11546,25,90,1139950,1735450,35.6052492,129.0450736
11547,26,90,1140050,1735450,35.6052351,129.0461773
11548,27,90,1140150,1735450,35.6052209,129.0472809
11549,28,90,1140250,1735450,35.6052067,129.0483846
11550,29,90,1140350,1735450,35.6051925,129.0494882
11551,30,90,1140450,1735450,35.6051783,129.0505919
11552,31,90,1140550,1735450,35.6051641,129.0516956
11553,32,90,1140650,1735450,35.6051499,129.0527992
11554,33,90,1140750,1735450,35.6051357,129.0539029
11555,34,90,1140850,1735450,35.6051214,129.0550065
11556,35,90,1140950,1735450,35.6051072,129.0561102
11557,36,90,1141050,1735450,35.6050929,129.0572138
11558,37,90,1141150,1735450,35.6050786,129.0583175
11559,38,90,1141250,1735450,35.6050644,129.0594211
11560,39,90,1141350,1735450,35.6050501,129.0605248
11561,40,90,1141450,1735450,35.6050358,129.0616284
11562,41,90,1141550,1735450,35.6050215,129.0627321
11563,42,90,1141650,1735450,35.6050071,129.0638357
11564,43,90,1141750,1735450,35.6049928,129.0649393
11565,44,90,1141850,1735450,35.6049785,129.066043
11566,45,90,1141950,1735450,35.6049641,129.0671466
11567,46,90,1142050,1735450,35.6049498,129.0682503
11568,47,90,1142150,1735450,35.6049354,129.0693539
11569,48,90,1142250,1735450,35.604921,129.0704576
11570,49,90,1142350,1735450,35.6049066,129.0715612
11571,50,90,1142450,1735450,35.6048922,129.0726648
11572,51,90,1142550,1735450,35.6048778,129.0737685
11573,52,90,1142650,1735450,35.6048634,129.0748721
11574,53,90,1142750,1735450,35.6048489,129.0759758
11575,54,90,1142850,1735450,35.6048345,129.0770794
11576,55,90,1142950,1735450,35.6048201,129.078183
11577,56,90,1143050,1735450,35.6048056,129.0792867
11578,57,90,1143150,1735450,35.6047911,129.0803903
11579,58,90,1143250,1735450,35.6047766,129.0814939
11580,59,90,1143350,1735450,35.6047621,129.0825976
11581,60,90,1143450,1735450,35.6047476,129.0837012
11582,61,90,1143550,1735450,35.6047331,129.0848048
11583,62,90,1143650,1735450,35.6047186,129.0859085
11584,63,90,1143750,1735450,35.6047041,129.0870121
11585,64,90,1143850,1735450,35.6046895,129.0881157
11586,65,90,1143950,1735450,35.604675,129.0892194
11587,66,90,1144050,1735450,35.6046604,129.090323
11588,67,90,1144150,1735450,35.6046458,129.0914266
11589,68,90,1144250,1735450,35.6046313,129.0925302
11590,69,90,1144350,1735450,35.6046167,129.0936339
11591,70,90,1144450,1735450,35.6046021,129.0947375
11592,71,90,1144550,1735450,35.6045874,129.0958411
11593,72,90,1144650,1735450,35.6045728,129.0969447
11594,73,90,1144750,1735450,35.6045582,129.0980484
11595,74,90,1144850,1735450,35.6045435,129.099152
11596,75,90,1144950,1735450,35.6045289,129.1002556
11597,76,90,1145050,1735450,35.6045142,129.1013592
11598,77,90,1145150,1735450,35.6044995,129.1024628
11599,78,90,1145250,1735450,35.6044849,129.1035665
11600,79,90,1145350,1735450,35.6044702,129.1046701
11601,80,90,1145450,1735450,35.6044555,129.1057737
11602,81,90,1145550,1735450,35.6044407,129.1068773
11603,82,90,1145650,1735450,35.604426,129.1079809
11604,83,90,1145750,1735450,35.6044113,129.1090845
11605,84,90,1145850,1735450,35.6043965,129.1101881
11606,85,90,1145950,1735450,35.6043818,129.1112918
11607,86,90,1146050,1735450,35.604367,129.1123954
11608,87,90,1146150,1735450,35.6043522,129.113499
11609,88,90,1146250,1735450,35.6043375,129.1146026
11610,89,90,1146350,1735450,35.6043227,129.1157062
11611,90,90,1146450,1735450,35.6043079,129.1168098
11612,91,90,1146550,1735450,35.604293,129.1179134
11613,92,90,1146650,1735450,35.6042782,129.119017
11614,93,90,1146750,1735450,35.6042634,129.1201206
11615,94,90,1146850,1735450,35.6042485,129.1212242
11616,95,90,1146950,1735450,35.6042337,129.1223278
11617,96,90,1147050,1735450,35.6042188,129.1234314
11618,97,90,1147150,1735450,35.6042039,129.124535
11619,98,90,1147250,1735450,35.604189,129.1256386
11620,99,90,1147350,1735450,35.6041742,129.1267422
11621,100,90,1147450,1735450,35.6041592,129.1278458
11622,101,90,1147550,1735450,35.6041443,129.1289494
11623,102,90,1147650,1735450,35.6041294,129.130053
11624,103,90,1147750,1735450,35.6041145,129.1311566
11625,104,90,1147850,1735450,35.6040995,129.1322602
11626,105,90,1147950,1735450,35.6040846,129.1333638
11627,106,90,1148050,1735450,35.6040696,129.1344674
11628,107,90,1148150,1735450,35.6040546,129.135571
11629,108,90,1148250,1735450,35.6040396,129.1366746
11630,109,90,1148350,1735450,35.6040246,129.1377782
11631,110,90,1148450,1735450,35.6040096,129.1388818
11632,111,90,1148550,1735450,35.6039946,129.1399854
11633,112,90,1148650,1735450,35.6039796,129.141089
11634,113,90,1148750,1735450,35.6039645,129.1421926
11635,114,90,1148850,1735450,35.6039495,129.1432962
11636,115,90,1148950,1735450,35.6039344,129.1443998
11637,116,90,1149050,1735450,35.6039194,129.1455033
11638,117,90,1149150,1735450,35.6039043,129.1466069
11639,118,90,1149250,1735450,35.6038892,129.1477105
11640,119,90,1149350,1735450,35.6038741,129.1488141
11641,120,90,1149450,1735450,35.603859,129.1499177
11642,121,90,1149550,1735450,35.6038439,129.1510213
11643,122,90,1149650,1735450,35.6038287,129.1521248
11644,123,90,1149750,1735450,35.6038136,129.1532284
11645,124,90,1149850,1735450,35.6037985,129.154332
11646,125,90,1149950,1735450,35.6037833,129.1554356
11647,126,90,1150050,1735450,35.6037681,129.1565392
11648,127,90,1150150,1735450,35.6037529,129.1576427
11649,127,91,1150150,1735550,35.6046542,129.1576613
11650,126,91,1150050,1735550,35.6046694,129.1565577
11651,125,91,1149950,1735550,35.6046846,129.1554542
11652,124,91,1149850,1735550,35.6046997,129.1543506
11653,123,91,1149750,1735550,35.6047149,129.153247
11654,122,91,1149650,1735550,35.60473,129.1521434
11655,121,91,1149550,1735550,35.6047451,129.1510398
11656,120,91,1149450,1735550,35.6047603,129.1499362
11657,119,91,1149350,1735550,35.6047754,129.1488326
11658,118,91,1149250,1735550,35.6047905,129.147729
11659,117,91,1149150,1735550,35.6048056,129.1466254
11660,116,91,1149050,1735550,35.6048206,129.1455218
11661,115,91,1148950,1735550,35.6048357,129.1444182
11662,114,91,1148850,1735550,35.6048508,129.1433146
11663,113,91,1148750,1735550,35.6048658,129.142211
11664,112,91,1148650,1735550,35.6048809,129.1411074
11665,111,91,1148550,1735550,35.6048959,129.1400038
11666,110,91,1148450,1735550,35.6049109,129.1389002
11667,109,91,1148350,1735550,35.6049259,129.1377966
11668,108,91,1148250,1735550,35.6049409,129.136693
11669,107,91,1148150,1735550,35.6049559,129.1355894
11670,106,91,1148050,1735550,35.6049709,129.1344858
11671,105,91,1147950,1735550,35.6049858,129.1333822
11672,104,91,1147850,1735550,35.6050008,129.1322785
11673,103,91,1147750,1735550,35.6050158,129.1311749
11674,102,91,1147650,1735550,35.6050307,129.1300713
11675,101,91,1147550,1735550,35.6050456,129.1289677
11676,100,91,1147450,1735550,35.6050605,129.1278641
11677,99,91,1147350,1735550,35.6050754,129.1267605
11678,98,91,1147250,1735550,35.6050903,129.1256569
11679,97,91,1147150,1735550,35.6051052,129.1245533
11680,96,91,1147050,1735550,35.6051201,129.1234496
11681,95,91,1146950,1735550,35.605135,129.122346
11682,94,91,1146850,1735550,35.6051498,129.1212424
11683,93,91,1146750,1735550,35.6051647,129.1201388
11684,92,91,1146650,1735550,35.6051795,129.1190352
11685,91,91,1146550,1735550,35.6051943,129.1179316
11686,90,91,1146450,1735550,35.6052092,129.1168279
11687,89,91,1146350,1735550,35.605224,129.1157243
11688,88,91,1146250,1735550,35.6052388,129.1146207
11689,87,91,1146150,1735550,35.6052535,129.1135171
11690,86,91,1146050,1735550,35.6052683,129.1124135
11691,85,91,1145950,1735550,35.6052831,129.1113098
11692,84,91,1145850,1735550,35.6052978,129.1102062
11693,83,91,1145750,1735550,35.6053126,129.1091026
11694,82,91,1145650,1735550,35.6053273,129.107999
11695,81,91,1145550,1735550,35.605342,129.1068953
11696,80,91,1145450,1735550,35.6053568,129.1057917
11697,79,91,1145350,1735550,35.6053715,129.1046881
11698,78,91,1145250,1735550,35.6053862,129.1035844
11699,77,91,1145150,1735550,35.6054008,129.1024808
11700,76,91,1145050,1735550,35.6054155,129.1013772
11701,75,91,1144950,1735550,35.6054302,129.1002735
11702,74,91,1144850,1735550,35.6054448,129.0991699
11703,73,91,1144750,1735550,35.6054595,129.0980663
11704,72,91,1144650,1735550,35.6054741,129.0969626
11705,71,91,1144550,1735550,35.6054887,129.095859
11706,70,91,1144450,1735550,35.6055034,129.0947554
11707,69,91,1144350,1735550,35.605518,129.0936517
11708,68,91,1144250,1735550,35.6055326,129.0925481
11709,67,91,1144150,1735550,35.6055471,129.0914445
11710,66,91,1144050,1735550,35.6055617,129.0903408
11711,65,91,1143950,1735550,35.6055763,129.0892372
11712,64,91,1143850,1735550,35.6055908,129.0881335
11713,63,91,1143750,1735550,35.6056054,129.0870299
11714,62,91,1143650,1735550,35.6056199,129.0859263
11715,61,91,1143550,1735550,35.6056344,129.0848226
11716,60,91,1143450,1735550,35.6056489,129.083719
11717,59,91,1143350,1735550,35.6056634,129.0826153
11718,58,91,1143250,1735550,35.6056779,129.0815117
11719,57,91,1143150,1735550,35.6056924,129.080408
11720,56,91,1143050,1735550,35.6057069,129.0793044
11721,55,91,1142950,1735550,35.6057214,129.0782007
11722,54,91,1142850,1735550,35.6057358,129.0770971
11723,53,91,1142750,1735550,35.6057503,129.0759934
11724,52,91,1142650,1735550,35.6057647,129.0748898
11725,51,91,1142550,1735550,35.6057791,129.0737861
11726,50,91,1142450,1735550,35.6057935,129.0726825
11727,49,91,1142350,1735550,35.6058079,129.0715788
11728,48,91,1142250,1735550,35.6058223,129.0704752
11729,47,91,1142150,1735550,35.6058367,129.0693715
11730,46,91,1142050,1735550,35.6058511,129.0682679
11731,45,91,1141950,1735550,35.6058654,129.0671642
11732,44,91,1141850,1735550,35.6058798,129.0660606
11733,43,91,1141750,1735550,35.6058941,129.0649569
11734,42,91,1141650,1735550,35.6059085,129.0638532
11735,41,91,1141550,1735550,35.6059228,129.0627496
11736,40,91,1141450,1735550,35.6059371,129.0616459
11737,39,91,1141350,1735550,35.6059514,129.0605423
11738,38,91,1141250,1735550,35.6059657,129.0594386
11739,37,91,1141150,1735550,35.60598,129.0583349
11740,36,91,1141050,1735550,35.6059942,129.0572313
11741,35,91,1140950,1735550,35.6060085,129.0561276
11742,34,91,1140850,1735550,35.6060227,129.055024
11743,33,91,1140750,1735550,35.606037,129.0539203
11744,32,91,1140650,1735550,35.6060512,129.0528166
11745,31,91,1140550,1735550,35.6060654,129.051713
11746,30,91,1140450,1735550,35.6060796,129.0506093
11747,29,91,1140350,1735550,35.6060938,129.0495056
11748,28,91,1140250,1735550,35.606108,129.048402
11749,27,91,1140150,1735550,35.6061222,129.0472983
11750,26,91,1140050,1735550,35.6061364,129.0461946
11751,25,91,1139950,1735550,35.6061505,129.0450909
11752,24,91,1139850,1735550,35.6061647,129.0439873
11753,23,91,1139750,1735550,35.6061788,129.0428836
11754,22,91,1139650,1735550,35.606193,129.0417799
11755,21,91,1139550,1735550,35.6062071,129.0406762
11756,20,91,1139450,1735550,35.6062212,129.0395726
11757,19,91,1139350,1735550,35.6062353,129.0384689
11758,18,91,1139250,1735550,35.6062494,129.0373652
11759,17,91,1139150,1735550,35.6062635,129.0362615
11760,16,91,1139050,1735550,35.6062775,129.0351579
11761,15,91,1138950,1735550,35.6062916,129.0340542
11762,14,91,1138850,1735550,35.6063056,129.0329505
11763,13,91,1138750,1735550,35.6063197,129.0318468
11764,12,91,1138650,1735550,35.6063337,129.0307431
11765,11,91,1138550,1735550,35.6063477,129.0296395
11766,10,91,1138450,1735550,35.6063617,129.0285358
11767,9,91,1138350,1735550,35.6063757,129.0274321
11768,8,91,1138250,1735550,35.6063897,129.0263284
11769,7,91,1138150,1735550,35.6064037,129.0252247
11770,6,91,1138050,1735550,35.6064177,129.024121
11771,5,91,1137950,1735550,35.6064316,129.0230174
11772,4,91,1137850,1735550,35.6064456,129.0219137
11773,3,91,1137750,1735550,35.6064595,129.02081
11774,2,91,1137650,1735550,35.6064734,129.0197063
11775,1,91,1137550,1735550,35.6064873,129.0186026
11776,0,91,1137450,1735550,35.6065013,129.0174989
11777,0,92,1137450,1735650,35.6074026,129.0175159
11778,1,92,1137550,1735650,35.6073887,129.0186196
11779,2,92,1137650,1735650,35.6073748,129.0197233
11780,3,92,1137750,1735650,35.6073608,129.020827
11781,4,92,1137850,1735650,35.6073469,129.0219307
11782,5,92,1137950,1735650,35.607333,129.0230344
11783,6,92,1138050,1735650,35.607319,129.0241381
11784,7,92,1138150,1735650,35.607305,129.0252418
11785,8,92,1138250,1735650,35.607291,129.0263455
11786,9,92,1138350,1735650,35.6072771,129.0274492
11787,10,92,1138450,1735650,35.6072631,129.0285529
11788,11,92,1138550,1735650,35.6072491,129.0296566
11789,12,92,1138650,1735650,35.607235,129.0307603
11790,13,92,1138750,1735650,35.607221,129.031864
11791,14,92,1138850,1735650,35.607207,129.0329677
11792,15,92,1138950,1735650,35.6071929,129.0340714
11793,16,92,1139050,1735650,35.6071789,129.0351751
11794,17,92,1139150,1735650,35.6071648,129.0362788
11795,18,92,1139250,1735650,35.6071507,129.0373825
11796,19,92,1139350,1735650,35.6071366,129.0384862
11797,20,92,1139450,1735650,35.6071225,129.0395898
11798,21,92,1139550,1735650,35.6071084,129.0406935
11799,22,92,1139650,1735650,35.6070943,129.0417972
11800,23,92,1139750,1735650,35.6070802,129.0429009
11801,24,92,1139850,1735650,35.607066,129.0440046
11802,25,92,1139950,1735650,35.6070519,129.0451083
11803,26,92,1140050,1735650,35.6070377,129.046212
11804,27,92,1140150,1735650,35.6070235,129.0473156
11805,28,92,1140250,1735650,35.6070094,129.0484193
11806,29,92,1140350,1735650,35.6069952,129.049523
11807,30,92,1140450,1735650,35.606981,129.0506267
11808,31,92,1140550,1735650,35.6069668,129.0517304
11809,32,92,1140650,1735650,35.6069525,129.052834
11810,33,92,1140750,1735650,35.6069383,129.0539377
11811,34,92,1140850,1735650,35.6069241,129.0550414
11812,35,92,1140950,1735650,35.6069098,129.0561451
11813,36,92,1141050,1735650,35.6068956,129.0572487
11814,37,92,1141150,1735650,35.6068813,129.0583524
11815,38,92,1141250,1735650,35.606867,129.0594561
11816,39,92,1141350,1735650,35.6068527,129.0605598
11817,40,92,1141450,1735650,35.6068384,129.0616634
11818,41,92,1141550,1735650,35.6068241,129.0627671
11819,42,92,1141650,1735650,35.6068098,129.0638708
11820,43,92,1141750,1735650,35.6067954,129.0649745
11821,44,92,1141850,1735650,35.6067811,129.0660781
11822,45,92,1141950,1735650,35.6067667,129.0671818
11823,46,92,1142050,1735650,35.6067524,129.0682855
11824,47,92,1142150,1735650,35.606738,129.0693891
11825,48,92,1142250,1735650,35.6067236,129.0704928
11826,49,92,1142350,1735650,35.6067092,129.0715965
11827,50,92,1142450,1735650,35.6066948,129.0727001
11828,51,92,1142550,1735650,35.6066804,129.0738038
11829,52,92,1142650,1735650,35.606666,129.0749075
11830,53,92,1142750,1735650,35.6066516,129.0760111
11831,54,92,1142850,1735650,35.6066371,129.0771148
11832,55,92,1142950,1735650,35.6066227,129.0782184
11833,56,92,1143050,1735650,35.6066082,129.0793221
11834,57,92,1143150,1735650,35.6065937,129.0804258
11835,58,92,1143250,1735650,35.6065793,129.0815294
11836,59,92,1143350,1735650,35.6065648,129.0826331
11837,60,92,1143450,1735650,35.6065503,129.0837367
11838,61,92,1143550,1735650,35.6065357,129.0848404
11839,62,92,1143650,1735650,35.6065212,129.085944
11840,63,92,1143750,1735650,35.6065067,129.0870477
11841,64,92,1143850,1735650,35.6064921,129.0881514
11842,65,92,1143950,1735650,35.6064776,129.089255
11843,66,92,1144050,1735650,35.606463,129.0903587
11844,67,92,1144150,1735650,35.6064484,129.0914623
11845,68,92,1144250,1735650,35.6064339,129.092566
11846,69,92,1144350,1735650,35.6064193,129.0936696
11847,70,92,1144450,1735650,35.6064047,129.0947733
11848,71,92,1144550,1735650,35.60639,129.0958769
11849,72,92,1144650,1735650,35.6063754,129.0969806
11850,73,92,1144750,1735650,35.6063608,129.0980842
11851,74,92,1144850,1735650,35.6063461,129.0991879
11852,75,92,1144950,1735650,35.6063315,129.1002915
11853,76,92,1145050,1735650,35.6063168,129.1013951
11854,77,92,1145150,1735650,35.6063021,129.1024988
11855,78,92,1145250,1735650,35.6062875,129.1036024
11856,79,92,1145350,1735650,35.6062728,129.1047061
11857,80,92,1145450,1735650,35.6062581,129.1058097
11858,81,92,1145550,1735650,35.6062433,129.1069134
11859,82,92,1145650,1735650,35.6062286,129.108017
11860,83,92,1145750,1735650,35.6062139,129.1091206
11861,84,92,1145850,1735650,35.6061991,129.1102243
11862,85,92,1145950,1735650,35.6061844,129.1113279
11863,86,92,1146050,1735650,35.6061696,129.1124315
11864,87,92,1146150,1735650,35.6061548,129.1135352
11865,88,92,1146250,1735650,35.6061401,129.1146388
11866,89,92,1146350,1735650,35.6061253,129.1157424
11867,90,92,1146450,1735650,35.6061104,129.1168461
11868,91,92,1146550,1735650,35.6060956,129.1179497
11869,92,92,1146650,1735650,35.6060808,129.1190533
11870,93,92,1146750,1735650,35.606066,129.120157
11871,94,92,1146850,1735650,35.6060511,129.1212606
11872,95,92,1146950,1735650,35.6060363,129.1223642
11873,96,92,1147050,1735650,35.6060214,129.1234679
11874,97,92,1147150,1735650,35.6060065,129.1245715
11875,98,92,1147250,1735650,35.6059916,129.1256751
11876,99,92,1147350,1735650,35.6059767,129.1267787
11877,100,92,1147450,1735650,35.6059618,129.1278824
11878,101,92,1147550,1735650,35.6059469,129.128986
11879,102,92,1147650,1735650,35.605932,129.1300896
11880,103,92,1147750,1735650,35.605917,129.1311932
11881,104,92,1147850,1735650,35.6059021,129.1322969
11882,105,92,1147950,1735650,35.6058871,129.1334005
11883,106,92,1148050,1735650,35.6058722,129.1345041
11884,107,92,1148150,1735650,35.6058572,129.1356077
11885,108,92,1148250,1735650,35.6058422,129.1367113
11886,109,92,1148350,1735650,35.6058272,129.137815
11887,110,92,1148450,1735650,35.6058122,129.1389186
11888,111,92,1148550,1735650,35.6057972,129.1400222
11889,112,92,1148650,1735650,35.6057821,129.1411258
11890,113,92,1148750,1735650,35.6057671,129.1422294
11891,114,92,1148850,1735650,35.6057521,129.143333
11892,115,92,1148950,1735650,35.605737,129.1444366
11893,116,92,1149050,1735650,35.6057219,129.1455403
11894,117,92,1149150,1735650,35.6057068,129.1466439
11895,118,92,1149250,1735650,35.6056918,129.1477475
11896,119,92,1149350,1735650,35.6056767,129.1488511
11897,120,92,1149450,1735650,35.6056615,129.1499547
11898,121,92,1149550,1735650,35.6056464,129.1510583
11899,122,92,1149650,1735650,35.6056313,129.1521619
11900,123,92,1149750,1735650,35.6056162,129.1532655
11901,124,92,1149850,1735650,35.605601,129.1543691
11902,125,92,1149950,1735650,35.6055858,129.1554727
11903,126,92,1150050,1735650,35.6055707,129.1565763
11904,127,92,1150150,1735650,35.6055555,129.1576799
11905,127,93,1150150,1735750,35.6064568,129.1576985
11906,126,93,1150050,1735750,35.606472,129.1565949
11907,125,93,1149950,1735750,35.6064871,129.1554913
11908,124,93,1149850,1735750,35.6065023,129.1543877
11909,123,93,1149750,1735750,35.6065174,129.1532841
11910,122,93,1149650,1735750,35.6065326,129.1521804
11911,121,93,1149550,1735750,35.6065477,129.1510768
11912,120,93,1149450,1735750,35.6065628,129.1499732
11913,119,93,1149350,1735750,35.6065779,129.1488696
11914,118,93,1149250,1735750,35.606593,129.147766
11915,117,93,1149150,1735750,35.6066081,129.1466623
11916,116,93,1149050,1735750,35.6066232,129.1455587
11917,115,93,1148950,1735750,35.6066383,129.1444551
11918,114,93,1148850,1735750,35.6066533,129.1433515
11919,113,93,1148750,1735750,35.6066684,129.1422478
11920,112,93,1148650,1735750,35.6066834,129.1411442
11921,111,93,1148550,1735750,35.6066985,129.1400406
11922,110,93,1148450,1735750,35.6067135,129.138937
11923,109,93,1148350,1735750,35.6067285,129.1378333
11924,108,93,1148250,1735750,35.6067435,129.1367297
11925,107,93,1148150,1735750,35.6067585,129.1356261
11926,106,93,1148050,1735750,35.6067735,129.1345224
11927,105,93,1147950,1735750,35.6067884,129.1334188
11928,104,93,1147850,1735750,35.6068034,129.1323152
11929,103,93,1147750,1735750,35.6068183,129.1312115
11930,102,93,1147650,1735750,35.6068333,129.1301079
11931,101,93,1147550,1735750,35.6068482,129.1290043
11932,100,93,1147450,1735750,35.6068631,129.1279006
11933,99,93,1147350,1735750,35.606878,129.126797
11934,98,93,1147250,1735750,35.6068929,129.1256934
11935,97,93,1147150,1735750,35.6069078,129.1245897
11936,96,93,1147050,1735750,35.6069227,129.1234861
11937,95,93,1146950,1735750,35.6069376,129.1223824
11938,94,93,1146850,1735750,35.6069524,129.1212788
11939,93,93,1146750,1735750,35.6069673,129.1201751
11940,92,93,1146650,1735750,35.6069821,129.1190715
11941,91,93,1146550,1735750,35.6069969,129.1179679
11942,90,93,1146450,1735750,35.6070117,129.1168642
11943,89,93,1146350,1735750,35.6070265,129.1157606
11944,88,93,1146250,1735750,35.6070413,129.1146569
11945,87,93,1146150,1735750,35.6070561,129.1135533
11946,86,93,1146050,1735750,35.6070709,129.1124496
11947,85,93,1145950,1735750,35.6070857,129.111346
11948,84,93,1145850,1735750,35.6071004,129.1102423
11949,83,93,1145750,1735750,35.6071152,129.1091387
11950,82,93,1145650,1735750,35.6071299,129.108035
11951,81,93,1145550,1735750,35.6071446,129.1069314
11952,80,93,1145450,1735750,35.6071594,129.1058277
11953,79,93,1145350,1735750,35.6071741,129.1047241
11954,78,93,1145250,1735750,35.6071888,129.1036204
11955,77,93,1145150,1735750,35.6072034,129.1025168
11956,76,93,1145050,1735750,35.6072181,129.1014131
11957,75,93,1144950,1735750,35.6072328,129.1003094
11958,74,93,1144850,1735750,35.6072474,129.0992058
11959,73,93,1144750,1735750,35.6072621,129.0981021
11960,72,93,1144650,1735750,35.6072767,129.0969985
11961,71,93,1144550,1735750,35.6072914,129.0958948
11962,70,93,1144450,1735750,35.607306,129.0947912
11963,69,93,1144350,1735750,35.6073206,129.0936875
11964,68,93,1144250,1735750,35.6073352,129.0925838
11965,67,93,1144150,1735750,35.6073498,129.0914802
11966,66,93,1144050,1735750,35.6073643,129.0903765
11967,65,93,1143950,1735750,35.6073789,129.0892728
11968,64,93,1143850,1735750,35.6073934,129.0881692
11969,63,93,1143750,1735750,35.607408,129.0870655
11970,62,93,1143650,1735750,35.6074225,129.0859618
11971,61,93,1143550,1735750,35.607437,129.0848582
11972,60,93,1143450,1735750,35.6074516,129.0837545
11973,59,93,1143350,1735750,35.6074661,129.0826508
11974,58,93,1143250,1735750,35.6074806,129.0815472
11975,57,93,1143150,1735750,35.607495,129.0804435
11976,56,93,1143050,1735750,35.6075095,129.0793398
11977,55,93,1142950,1735750,35.607524,129.0782361
11978,54,93,1142850,1735750,35.6075384,129.0771325
11979,53,93,1142750,1735750,35.6075529,129.0760288
11980,52,93,1142650,1735750,35.6075673,129.0749251
11981,51,93,1142550,1735750,35.6075817,129.0738214
11982,50,93,1142450,1735750,35.6075961,129.0727178
11983,49,93,1142350,1735750,35.6076106,129.0716141
11984,48,93,1142250,1735750,35.6076249,129.0705104
11985,47,93,1142150,1735750,35.6076393,129.0694067
11986,46,93,1142050,1735750,35.6076537,129.0683031
11987,45,93,1141950,1735750,35.6076681,129.0671994
11988,44,93,1141850,1735750,35.6076824,129.0660957
11989,43,93,1141750,1735750,35.6076968,129.064992
11990,42,93,1141650,1735750,35.6077111,129.0638883
11991,41,93,1141550,1735750,35.6077254,129.0627846
11992,40,93,1141450,1735750,35.6077397,129.061681
11993,39,93,1141350,1735750,35.607754,129.0605773
11994,38,93,1141250,1735750,35.6077683,129.0594736
11995,37,93,1141150,1735750,35.6077826,129.0583699
11996,36,93,1141050,1735750,35.6077969,129.0572662
11997,35,93,1140950,1735750,35.6078111,129.0561625
11998,34,93,1140850,1735750,35.6078254,129.0550588
11999,33,93,1140750,1735750,35.6078396,129.0539552
12000,32,93,1140650,1735750,35.6078539,129.0528515
12001,31,93,1140550,1735750,35.6078681,129.0517478
12002,30,93,1140450,1735750,35.6078823,129.0506441
12003,29,93,1140350,1735750,35.6078965,129.0495404
12004,28,93,1140250,1735750,35.6079107,129.0484367
12005,27,93,1140150,1735750,35.6079249,129.047333
12006,26,93,1140050,1735750,35.607939,129.0462293
12007,25,93,1139950,1735750,35.6079532,129.0451256
12008,24,93,1139850,1735750,35.6079673,129.0440219
12009,23,93,1139750,1735750,35.6079815,129.0429182
12010,22,93,1139650,1735750,35.6079956,129.0418145
12011,21,93,1139550,1735750,35.6080097,129.0407108
12012,20,93,1139450,1735750,35.6080238,129.0396071
12013,19,93,1139350,1735750,35.6080379,129.0385034
12014,18,93,1139250,1735750,35.608052,129.0373997
12015,17,93,1139150,1735750,35.6080661,129.036296
12016,16,93,1139050,1735750,35.6080802,129.0351923
12017,15,93,1138950,1735750,35.6080942,129.0340886
12018,14,93,1138850,1735750,35.6081083,129.0329849
12019,13,93,1138750,1735750,35.6081223,129.0318812
12020,12,93,1138650,1735750,35.6081364,129.0307775
12021,11,93,1138550,1735750,35.6081504,129.0296738
12022,10,93,1138450,1735750,35.6081644,129.0285701
12023,9,93,1138350,1735750,35.6081784,129.0274664
12024,8,93,1138250,1735750,35.6081924,129.0263627
12025,7,93,1138150,1735750,35.6082064,129.0252589
12026,6,93,1138050,1735750,35.6082203,129.0241552
12027,5,93,1137950,1735750,35.6082343,129.0230515
12028,4,93,1137850,1735750,35.6082482,129.0219478
12029,3,93,1137750,1735750,35.6082622,129.0208441
12030,2,93,1137650,1735750,35.6082761,129.0197404
12031,1,93,1137550,1735750,35.60829,129.0186367
12032,0,93,1137450,1735750,35.6083039,129.017533
12033,0,94,1137450,1735850,35.6092053,129.01755
12034,1,94,1137550,1735850,35.6091914,129.0186537
12035,2,94,1137650,1735850,35.6091774,129.0197574
12036,3,94,1137750,1735850,35.6091635,129.0208612
12037,4,94,1137850,1735850,35.6091496,129.0219649
12038,5,94,1137950,1735850,35.6091356,129.0230686
12039,6,94,1138050,1735850,35.6091217,129.0241723
12040,7,94,1138150,1735850,35.6091077,129.0252761
12041,8,94,1138250,1735850,35.6090937,129.0263798
12042,9,94,1138350,1735850,35.6090797,129.0274835
12043,10,94,1138450,1735850,35.6090657,129.0285872
12044,11,94,1138550,1735850,35.6090517,129.0296909
12045,12,94,1138650,1735850,35.6090377,129.0307947
12046,13,94,1138750,1735850,35.6090237,129.0318984
12047,14,94,1138850,1735850,35.6090096,129.0330021
12048,15,94,1138950,1735850,35.6089956,129.0341058
12049,16,94,1139050,1735850,35.6089815,129.0352095
12050,17,94,1139150,1735850,35.6089674,129.0363132
12051,18,94,1139250,1735850,35.6089534,129.037417
12052,19,94,1139350,1735850,35.6089393,129.0385207
12053,20,94,1139450,1735850,35.6089252,129.0396244
12054,21,94,1139550,1735850,35.6089111,129.0407281
12055,22,94,1139650,1735850,35.6088969,129.0418318
12056,23,94,1139750,1735850,35.6088828,129.0429355
12057,24,94,1139850,1735850,35.6088687,129.0440392
12058,25,94,1139950,1735850,35.6088545,129.0451429
12059,26,94,1140050,1735850,35.6088404,129.0462466
12060,27,94,1140150,1735850,35.6088262,129.0473504
12061,28,94,1140250,1735850,35.608812,129.0484541
12062,29,94,1140350,1735850,35.6087978,129.0495578
12063,30,94,1140450,1735850,35.6087836,129.0506615
12064,31,94,1140550,1735850,35.6087694,129.0517652
12065,32,94,1140650,1735850,35.6087552,129.0528689
12066,33,94,1140750,1735850,35.6087409,129.0539726
12067,34,94,1140850,1735850,35.6087267,129.0550763
12068,35,94,1140950,1735850,35.6087125,129.05618
12069,36,94,1141050,1735850,35.6086982,129.0572837
12070,37,94,1141150,1735850,35.6086839,129.0583874
12071,38,94,1141250,1735850,35.6086696,129.0594911
12072,39,94,1141350,1735850,35.6086553,129.0605948
12073,40,94,1141450,1735850,35.608641,129.0616985
12074,41,94,1141550,1735850,35.6086267,129.0628022
12075,42,94,1141650,1735850,35.6086124,129.0639059
12076,43,94,1141750,1735850,35.6085981,129.0650096
12077,44,94,1141850,1735850,35.6085837,129.0661133
12078,45,94,1141950,1735850,35.6085694,129.067217
12079,46,94,1142050,1735850,35.608555,129.0683207
12080,47,94,1142150,1735850,35.6085406,129.0694243
12081,48,94,1142250,1735850,35.6085263,129.070528
12082,49,94,1142350,1735850,35.6085119,129.0716317
12083,50,94,1142450,1735850,35.6084975,129.0727354
12084,51,94,1142550,1735850,35.608483,129.0738391
12085,52,94,1142650,1735850,35.6084686,129.0749428
12086,53,94,1142750,1735850,35.6084542,129.0760465
12087,54,94,1142850,1735850,35.6084397,129.0771502
12088,55,94,1142950,1735850,35.6084253,129.0782539
12089,56,94,1143050,1735850,35.6084108,129.0793575
12090,57,94,1143150,1735850,35.6083964,129.0804612
12091,58,94,1143250,1735850,35.6083819,129.0815649
12092,59,94,1143350,1735850,35.6083674,129.0826686
12093,60,94,1143450,1735850,35.6083529,129.0837723
12094,61,94,1143550,1735850,35.6083384,129.084876
12095,62,94,1143650,1735850,35.6083238,129.0859796
12096,63,94,1143750,1735850,35.6083093,129.0870833
12097,64,94,1143850,1735850,35.6082948,129.088187
12098,65,94,1143950,1735850,35.6082802,129.0892907
12099,66,94,1144050,1735850,35.6082656,129.0903943
12100,67,94,1144150,1735850,35.6082511,129.091498
12101,68,94,1144250,1735850,35.6082365,129.0926017
12102,69,94,1144350,1735850,35.6082219,129.0937054
12103,70,94,1144450,1735850,35.6082073,129.094809
12104,71,94,1144550,1735850,35.6081927,129.0959127
12105,72,94,1144650,1735850,35.608178,129.0970164
12106,73,94,1144750,1735850,35.6081634,129.0981201
12107,74,94,1144850,1735850,35.6081487,129.0992237
12108,75,94,1144950,1735850,35.6081341,129.1003274
12109,76,94,1145050,1735850,35.6081194,129.1014311
12110,77,94,1145150,1735850,35.6081047,129.1025347
12111,78,94,1145250,1735850,35.6080901,129.1036384
12112,79,94,1145350,1735850,35.6080754,129.1047421
12113,80,94,1145450,1735850,35.6080607,129.1058457
12114,81,94,1145550,1735850,35.6080459,129.1069494
12115,82,94,1145650,1735850,35.6080312,129.1080531
12116,83,94,1145750,1735850,35.6080165,129.1091567
12117,84,94,1145850,1735850,35.6080017,129.1102604
12118,85,94,1145950,1735850,35.607987,129.1113641
12119,86,94,1146050,1735850,35.6079722,129.1124677
12120,87,94,1146150,1735850,35.6079574,129.1135714
12121,88,94,1146250,1735850,35.6079426,129.114675
12122,89,94,1146350,1735850,35.6079278,129.1157787
12123,90,94,1146450,1735850,35.607913,129.1168824
12124,91,94,1146550,1735850,35.6078982,129.117986
12125,92,94,1146650,1735850,35.6078834,129.1190897
12126,93,94,1146750,1735850,35.6078685,129.1201933
12127,94,94,1146850,1735850,35.6078537,129.121297
12128,95,94,1146950,1735850,35.6078388,129.1224006
12129,96,94,1147050,1735850,35.607824,129.1235043
12130,97,94,1147150,1735850,35.6078091,129.1246079
12131,98,94,1147250,1735850,35.6077942,129.1257116
12132,99,94,1147350,1735850,35.6077793,129.1268152
12133,100,94,1147450,1735850,35.6077644,129.1279189
12134,101,94,1147550,1735850,35.6077495,129.1290225
12135,102,94,1147650,1735850,35.6077346,129.1301262
12136,103,94,1147750,1735850,35.6077196,129.1312298
12137,104,94,1147850,1735850,35.6077047,129.1323335
12138,105,94,1147950,1735850,35.6076897,129.1334371
12139,106,94,1148050,1735850,35.6076747,129.1345408
12140,107,94,1148150,1735850,35.6076598,129.1356444
12141,108,94,1148250,1735850,35.6076448,129.1367481
12142,109,94,1148350,1735850,35.6076298,129.1378517
12143,110,94,1148450,1735850,35.6076148,129.1389553
12144,111,94,1148550,1735850,35.6075997,129.140059
12145,112,94,1148650,1735850,35.6075847,129.1411626
12146,113,94,1148750,1735850,35.6075697,129.1422663
12147,114,94,1148850,1735850,35.6075546,129.1433699
12148,115,94,1148950,1735850,35.6075396,129.1444735
12149,116,94,1149050,1735850,35.6075245,129.1455772
12150,117,94,1149150,1735850,35.6075094,129.1466808
12151,118,94,1149250,1735850,35.6074943,129.1477844
12152,119,94,1149350,1735850,35.6074792,129.1488881
12153,120,94,1149450,1735850,35.6074641,129.1499917
12154,121,94,1149550,1735850,35.607449,129.1510953
12155,122,94,1149650,1735850,35.6074339,129.152199
12156,123,94,1149750,1735850,35.6074187,129.1533026
12157,124,94,1149850,1735850,35.6074036,129.1544062
12158,125,94,1149950,1735850,35.6073884,129.1555099
12159,126,94,1150050,1735850,35.6073732,129.1566135
12160,127,94,1150150,1735850,35.607358,129.1577171
12161,127,95,1150150,1735950,35.6082593,129.1577357
12162,126,95,1150050,1735950,35.6082745,129.1566321
12163,125,95,1149950,1735950,35.6082897,129.1555284
12164,124,95,1149850,1735950,35.6083048,129.1544248
12165,123,95,1149750,1735950,35.60832,129.1533212
12166,122,95,1149650,1735950,35.6083351,129.1522175
12167,121,95,1149550,1735950,35.6083503,129.1511139
12168,120,95,1149450,1735950,35.6083654,129.1500102
12169,119,95,1149350,1735950,35.6083805,129.1489066
12170,118,95,1149250,1735950,35.6083956,129.1478029
12171,117,95,1149150,1735950,35.6084107,129.1466993
12172,116,95,1149050,1735950,35.6084258,129.1455956
12173,115,95,1148950,1735950,35.6084408,129.144492
12174,114,95,1148850,1735950,35.6084559,129.1433883
12175,113,95,1148750,1735950,35.6084709,129.1422847
12176,112,95,1148650,1735950,35.608486,129.141181
12177,111,95,1148550,1735950,35.608501,129.1400774
12178,110,95,1148450,1735950,35.608516,129.1389737
12179,109,95,1148350,1735950,35.6085311,129.1378701
12180,108,95,1148250,1735950,35.6085461,129.1367664
12181,107,95,1148150,1735950,35.608561,129.1356628
12182,106,95,1148050,1735950,35.608576,129.1345591
12183,105,95,1147950,1735950,35.608591,129.1334554
12184,104,95,1147850,1735950,35.608606,129.1323518
12185,103,95,1147750,1735950,35.6086209,129.1312481
12186,102,95,1147650,1735950,35.6086358,129.1301445
12187,101,95,1147550,1735950,35.6086508,129.1290408
12188,100,95,1147450,1735950,35.6086657,129.1279372
12189,99,95,1147350,1735950,35.6086806,129.1268335
12190,98,95,1147250,1735950,35.6086955,129.1257298
12191,97,95,1147150,1735950,35.6087104,129.1246262
12192,96,95,1147050,1735950,35.6087253,129.1235225
12193,95,95,1146950,1735950,35.6087401,129.1224188
12194,94,95,1146850,1735950,35.608755,129.1213152
12195,93,95,1146750,1735950,35.6087698,129.1202115
12196,92,95,1146650,1735950,35.6087847,129.1191078
12197,91,95,1146550,1735950,35.6087995,129.1180042
12198,90,95,1146450,1735950,35.6088143,129.1169005
12199,89,95,1146350,1735950,35.6088291,129.1157968
12200,88,95,1146250,1735950,35.6088439,129.1146932
12201,87,95,1146150,1735950,35.6088587,129.1135895
12202,86,95,1146050,1735950,35.6088735,129.1124858
12203,85,95,1145950,1735950,35.6088883,129.1113821
12204,84,95,1145850,1735950,35.608903,129.1102785
12205,83,95,1145750,1735950,35.6089178,129.1091748
12206,82,95,1145650,1735950,35.6089325,129.1080711
12207,81,95,1145550,1735950,35.6089472,129.1069674
12208,80,95,1145450,1735950,35.608962,129.1058638
12209,79,95,1145350,1735950,35.6089767,129.1047601
12210,78,95,1145250,1735950,35.6089914,129.1036564
12211,77,95,1145150,1735950,35.609006,129.1025527
12212,76,95,1145050,1735950,35.6090207,129.101449
12213,75,95,1144950,1735950,35.6090354,129.1003454
12214,74,95,1144850,1735950,35.60905,129.0992417
12215,73,95,1144750,1735950,35.6090647,129.098138
12216,72,95,1144650,1735950,35.6090793,129.0970343
12217,71,95,1144550,1735950,35.609094,129.0959306
12218,70,95,1144450,1735950,35.6091086,129.0948269
12219,69,95,1144350,1735950,35.6091232,129.0937232
12220,68,95,1144250,1735950,35.6091378,129.0926196
12221,67,95,1144150,1735950,35.6091524,129.0915159
12222,66,95,1144050,1735950,35.6091669,129.0904122
12223,65,95,1143950,1735950,35.6091815,129.0893085
12224,64,95,1143850,1735950,35.6091961,129.0882048
12225,63,95,1143750,1735950,35.6092106,129.0871011
12226,62,95,1143650,1735950,35.6092251,129.0859974
12227,61,95,1143550,1735950,35.6092397,129.0848937
12228,60,95,1143450,1735950,35.6092542,129.08379
12229,59,95,1143350,1735950,35.6092687,129.0826863
12230,58,95,1143250,1735950,35.6092832,129.0815826
12231,57,95,1143150,1735950,35.6092977,129.080479
12232,56,95,1143050,1735950,35.6093121,129.0793753
12233,55,95,1142950,1735950,35.6093266,129.0782716
12234,54,95,1142850,1735950,35.6093411,129.0771679
12235,53,95,1142750,1735950,35.6093555,129.0760642
12236,52,95,1142650,1735950,35.6093699,129.0749605
12237,51,95,1142550,1735950,35.6093844,129.0738568
12238,50,95,1142450,1735950,35.6093988,129.0727531
12239,49,95,1142350,1735950,35.6094132,129.0716494
12240,48,95,1142250,1735950,35.6094276,129.0705457
12241,47,95,1142150,1735950,35.609442,129.069442
12242,46,95,1142050,1735950,35.6094563,129.0683382
12243,45,95,1141950,1735950,35.6094707,129.0672345
12244,44,95,1141850,1735950,35.609485,129.0661308
12245,43,95,1141750,1735950,35.6094994,129.0650271
12246,42,95,1141650,1735950,35.6095137,129.0639234
12247,41,95,1141550,1735950,35.609528,129.0628197
12248,40,95,1141450,1735950,35.6095424,129.061716
12249,39,95,1141350,1735950,35.6095567,129.0606123
12250,38,95,1141250,1735950,35.609571,129.0595086
12251,37,95,1141150,1735950,35.6095852,129.0584049
12252,36,95,1141050,1735950,35.6095995,129.0573012
12253,35,95,1140950,1735950,35.6096138,129.0561974
12254,34,95,1140850,1735950,35.609628,129.0550937
12255,33,95,1140750,1735950,35.6096423,129.05399
12256,32,95,1140650,1735950,35.6096565,129.0528863
12257,31,95,1140550,1735950,35.6096707,129.0517826
12258,30,95,1140450,1735950,35.6096849,129.0506789
12259,29,95,1140350,1735950,35.6096991,129.0495752
12260,28,95,1140250,1735950,35.6097133,129.0484714
12261,27,95,1140150,1735950,35.6097275,129.0473677
12262,26,95,1140050,1735950,35.6097417,129.046264
12263,25,95,1139950,1735950,35.6097558,129.0451603
12264,24,95,1139850,1735950,35.60977,129.0440566
12265,23,95,1139750,1735950,35.6097841,129.0429528
12266,22,95,1139650,1735950,35.6097983,129.0418491
12267,21,95,1139550,1735950,35.6098124,129.0407454
12268,20,95,1139450,1735950,35.6098265,129.0396417
12269,19,95,1139350,1735950,35.6098406,129.0385379
12270,18,95,1139250,1735950,35.6098547,129.0374342
12271,17,95,1139150,1735950,35.6098688,129.0363305
12272,16,95,1139050,1735950,35.6098828,129.0352268
12273,15,95,1138950,1735950,35.6098969,129.034123
12274,14,95,1138850,1735950,35.609911,129.0330193
12275,13,95,1138750,1735950,35.609925,129.0319156
12276,12,95,1138650,1735950,35.609939,129.0308118
12277,11,95,1138550,1735950,35.609953,129.0297081
12278,10,95,1138450,1735950,35.6099671,129.0286044
12279,9,95,1138350,1735950,35.6099811,129.0275006
12280,8,95,1138250,1735950,35.609995,129.0263969
12281,7,95,1138150,1735950,35.610009,129.0252932
12282,6,95,1138050,1735950,35.610023,129.0241894
12283,5,95,1137950,1735950,35.610037,129.0230857
12284,4,95,1137850,1735950,35.6100509,129.021982
12285,3,95,1137750,1735950,35.6100648,129.0208782
12286,2,95,1137650,1735950,35.6100788,129.0197745
12287,1,95,1137550,1735950,35.6100927,129.0186708
12288,0,95,1137450,1735950,35.6101066,129.017567
12289,0,96,1137450,1736050,35.6110079,129.017584
12290,1,96,1137550,1736050,35.610994,129.0186878
12291,2,96,1137650,1736050,35.6109801,129.0197915
12292,3,96,1137750,1736050,35.6109662,129.0208953
12293,4,96,1137850,1736050,35.6109522,129.021999
12294,5,96,1137950,1736050,35.6109383,129.0231028
12295,6,96,1138050,1736050,35.6109243,129.0242065
12296,7,96,1138150,1736050,35.6109104,129.0253103
12297,8,96,1138250,1736050,35.6108964,129.026414
12298,9,96,1138350,1736050,35.6108824,129.0275178
12299,10,96,1138450,1736050,35.6108684,129.0286215
12300,11,96,1138550,1736050,35.6108544,129.0297253
12301,12,96,1138650,1736050,35.6108404,129.030829
12302,13,96,1138750,1736050,35.6108263,129.0319328
12303,14,96,1138850,1736050,35.6108123,129.0330365
12304,15,96,1138950,1736050,35.6107982,129.0341402
12305,16,96,1139050,1736050,35.6107842,129.035244
12306,17,96,1139150,1736050,35.6107701,129.0363477
12307,18,96,1139250,1736050,35.610756,129.0374515
12308,19,96,1139350,1736050,35.6107419,129.0385552
12309,20,96,1139450,1736050,35.6107278,129.0396589
12310,21,96,1139550,1736050,35.6107137,129.0407627
12311,22,96,1139650,1736050,35.6106996,129.0418664
12312,23,96,1139750,1736050,35.6106855,129.0429701
12313,24,96,1139850,1736050,35.6106713,129.0440739
12314,25,96,1139950,1736050,35.6106572,129.0451776
12315,26,96,1140050,1736050,35.610643,129.0462813
12316,27,96,1140150,1736050,35.6106288,129.0473851
12317,28,96,1140250,1736050,35.6106147,129.0484888
12318,29,96,1140350,1736050,35.6106005,129.0495925
12319,30,96,1140450,1736050,35.6105863,129.0506963
12320,31,96,1140550,1736050,35.610572,129.0518
12321,32,96,1140650,1736050,35.6105578,129.0529037
12322,33,96,1140750,1736050,35.6105436,129.0540075
12323,34,96,1140850,1736050,35.6105293,129.0551112
12324,35,96,1140950,1736050,35.6105151,129.0562149
12325,36,96,1141050,1736050,35.6105008,129.0573186
12326,37,96,1141150,1736050,35.6104866,129.0584224
12327,38,96,1141250,1736050,35.6104723,129.0595261
12328,39,96,1141350,1736050,35.610458,129.0606298
12329,40,96,1141450,1736050,35.6104437,129.0617335
12330,41,96,1141550,1736050,35.6104294,129.0628372
12331,42,96,1141650,1736050,35.610415,129.063941
12332,43,96,1141750,1736050,35.6104007,129.0650447
12333,44,96,1141850,1736050,35.6103864,129.0661484
12334,45,96,1141950,1736050,35.610372,129.0672521
12335,46,96,1142050,1736050,35.6103576,129.0683558
12336,47,96,1142150,1736050,35.6103433,129.0694596
12337,48,96,1142250,1736050,35.6103289,129.0705633
12338,49,96,1142350,1736050,35.6103145,129.071667
12339,50,96,1142450,1736050,35.6103001,129.0727707
12340,51,96,1142550,1736050,35.6102857,129.0738744
12341,52,96,1142650,1736050,35.6102712,129.0749781
12342,53,96,1142750,1736050,35.6102568,129.0760818
12343,54,96,1142850,1736050,35.6102424,129.0771856
12344,55,96,1142950,1736050,35.6102279,129.0782893
12345,56,96,1143050,1736050,35.6102134,129.079393
12346,57,96,1143150,1736050,35.610199,129.0804967
12347,58,96,1143250,1736050,35.6101845,129.0816004
12348,59,96,1143350,1736050,35.61017,129.0827041
12349,60,96,1143450,1736050,35.6101555,129.0838078
12350,61,96,1143550,1736050,35.610141,129.0849115
12351,62,96,1143650,1736050,35.6101264,129.0860152
12352,63,96,1143750,1736050,35.6101119,129.0871189
12353,64,96,1143850,1736050,35.6100974,129.0882226
12354,65,96,1143950,1736050,35.6100828,129.0893263
12355,66,96,1144050,1736050,35.6100682,129.09043
12356,67,96,1144150,1736050,35.6100537,129.0915337
12357,68,96,1144250,1736050,35.6100391,129.0926374
12358,69,96,1144350,1736050,35.6100245,129.0937411
12359,70,96,1144450,1736050,35.6100099,129.0948448
12360,71,96,1144550,1736050,35.6099953,129.0959485
12361,72,96,1144650,1736050,35.6099806,129.0970522
12362,73,96,1144750,1736050,35.609966,129.0981559
12363,74,96,1144850,1736050,35.6099513,129.0992596
12364,75,96,1144950,1736050,35.6099367,129.1003633
12365,76,96,1145050,1736050,35.609922,129.101467
12366,77,96,1145150,1736050,35.6099073,129.1025707
12367,78,96,1145250,1736050,35.6098927,129.1036744
12368,79,96,1145350,1736050,35.609878,129.1047781
12369,80,96,1145450,1736050,35.6098633,129.1058818
12370,81,96,1145550,1736050,35.6098485,129.1069855
12371,82,96,1145650,1736050,35.6098338,129.1080891
12372,83,96,1145750,1736050,35.6098191,129.1091928
12373,84,96,1145850,1736050,35.6098043,129.1102965
12374,85,96,1145950,1736050,35.6097896,129.1114002
12375,86,96,1146050,1736050,35.6097748,129.1125039
12376,87,96,1146150,1736050,35.60976,129.1136076
12377,88,96,1146250,1736050,35.6097452,129.1147113
12378,89,96,1146350,1736050,35.6097304,129.1158149
12379,90,96,1146450,1736050,35.6097156,129.1169186
12380,91,96,1146550,1736050,35.6097008,129.1180223
12381,92,96,1146650,1736050,35.609686,129.119126
12382,93,96,1146750,1736050,35.6096711,129.1202297
12383,94,96,1146850,1736050,35.6096563,129.1213334
12384,95,96,1146950,1736050,35.6096414,129.122437
12385,96,96,1147050,1736050,35.6096266,129.1235407
12386,97,96,1147150,1736050,35.6096117,129.1246444
12387,98,96,1147250,1736050,35.6095968,129.1257481
12388,99,96,1147350,1736050,35.6095819,129.1268517
12389,100,96,1147450,1736050,35.609567,129.1279554
12390,101,96,1147550,1736050,35.6095521,129.1290591
12391,102,96,1147650,1736050,35.6095371,129.1301628
12392,103,96,1147750,1736050,35.6095222,129.1312664
12393,104,96,1147850,1736050,35.6095072,129.1323701
12394,105,96,1147950,1736050,35.6094923,129.1334738
12395,106,96,1148050,1736050,35.6094773,129.1345774
12396,107,96,1148150,1736050,35.6094623,129.1356811
12397,108,96,1148250,1736050,35.6094473,129.1367848
12398,109,96,1148350,1736050,35.6094323,129.1378884
12399,110,96,1148450,1736050,35.6094173,129.1389921
12400,111,96,1148550,1736050,35.6094023,129.1400958
12401,112,96,1148650,1736050,35.6093873,129.1411994
12402,113,96,1148750,1736050,35.6093722,129.1423031
12403,114,96,1148850,1736050,35.6093572,129.1434068
12404,115,96,1148950,1736050,35.6093421,129.1445104
12405,116,96,1149050,1736050,35.609327,129.1456141
12406,117,96,1149150,1736050,35.609312,129.1467178
12407,118,96,1149250,1736050,35.6092969,129.1478214
12408,119,96,1149350,1736050,35.6092818,129.1489251
12409,120,96,1149450,1736050,35.6092667,129.1500287
12410,121,96,1149550,1736050,35.6092515,129.1511324
12411,122,96,1149650,1736050,35.6092364,129.152236
12412,123,96,1149750,1736050,35.6092213,129.1533397
12413,124,96,1149850,1736050,35.6092061,129.1544434
12414,125,96,1149950,1736050,35.6091909,129.155547
12415,126,96,1150050,1736050,35.6091758,129.1566507
12416,127,96,1150150,1736050,35.6091606,129.1577543
12417,127,97,1150150,1736150,35.6100619,129.1577729
12418,126,97,1150050,1736150,35.6100771,129.1566693
12419,125,97,1149950,1736150,35.6100922,129.1555656
12420,124,97,1149850,1736150,35.6101074,129.1544619
12421,123,97,1149750,1736150,35.6101225,129.1533583
12422,122,97,1149650,1736150,35.6101377,129.1522546
12423,121,97,1149550,1736150,35.6101528,129.1511509
12424,120,97,1149450,1736150,35.6101679,129.1500472
12425,119,97,1149350,1736150,35.6101831,129.1489436
12426,118,97,1149250,1736150,35.6101982,129.1478399
12427,117,97,1149150,1736150,35.6102132,129.1467362
12428,116,97,1149050,1736150,35.6102283,129.1456326
12429,115,97,1148950,1736150,35.6102434,129.1445289
12430,114,97,1148850,1736150,35.6102585,129.1434252
12431,113,97,1148750,1736150,35.6102735,129.1423215
12432,112,97,1148650,1736150,35.6102886,129.1412179
12433,111,97,1148550,1736150,35.6103036,129.1401142
12434,110,97,1148450,1736150,35.6103186,129.1390105
12435,109,97,1148350,1736150,35.6103336,129.1379068
12436,108,97,1148250,1736150,35.6103486,129.1368031
12437,107,97,1148150,1736150,35.6103636,129.1356995
12438,106,97,1148050,1736150,35.6103786,129.1345958
12439,105,97,1147950,1736150,35.6103936,129.1334921
12440,104,97,1147850,1736150,35.6104085,129.1323884
12441,103,97,1147750,1736150,35.6104235,129.1312847
12442,102,97,1147650,1736150,35.6104384,129.130181
12443,101,97,1147550,1736150,35.6104533,129.1290774
12444,100,97,1147450,1736150,35.6104683,129.1279737
12445,99,97,1147350,1736150,35.6104832,129.12687
12446,98,97,1147250,1736150,35.6104981,129.1257663
12447,97,97,1147150,1736150,35.610513,129.1246626
12448,96,97,1147050,1736150,35.6105278,129.1235589
12449,95,97,1146950,1736150,35.6105427,129.1224552
12450,94,97,1146850,1736150,35.6105576,129.1213515
12451,93,97,1146750,1736150,35.6105724,129.1202479
12452,92,97,1146650,1736150,35.6105873,129.1191442
12453,91,97,1146550,1736150,35.6106021,129.1180405
12454,90,97,1146450,1736150,35.6106169,129.1169368
12455,89,97,1146350,1736150,35.6106317,129.1158331
12456,88,97,1146250,1736150,35.6106465,129.1147294
12457,87,97,1146150,1736150,35.6106613,129.1136257
12458,86,97,1146050,1736150,35.6106761,129.112522
12459,85,97,1145950,1736150,35.6106909,129.1114183
12460,84,97,1145850,1736150,35.6107056,129.1103146
12461,83,97,1145750,1736150,35.6107204,129.1092109
12462,82,97,1145650,1736150,35.6107351,129.1081072
12463,81,97,1145550,1736150,35.6107498,129.1070035
12464,80,97,1145450,1736150,35.6107646,129.1058998
12465,79,97,1145350,1736150,35.6107793,129.1047961
12466,78,97,1145250,1736150,35.610794,129.1036924
12467,77,97,1145150,1736150,35.6108086,129.1025887
12468,76,97,1145050,1736150,35.6108233,129.101485
12469,75,97,1144950,1736150,35.610838,129.1003813
12470,74,97,1144850,1736150,35.6108526,129.0992776
12471,73,97,1144750,1736150,35.6108673,129.0981738
12472,72,97,1144650,1736150,35.6108819,129.0970701
12473,71,97,1144550,1736150,35.6108966,129.0959664
12474,70,97,1144450,1736150,35.6109112,129.0948627
12475,69,97,1144350,1736150,35.6109258,129.093759
12476,68,97,1144250,1736150,35.6109404,129.0926553
12477,67,97,1144150,1736150,35.610955,129.0915516
12478,66,97,1144050,1736150,35.6109695,129.0904479
12479,65,97,1143950,1736150,35.6109841,129.0893442
12480,64,97,1143850,1736150,35.6109987,129.0882404
12481,63,97,1143750,1736150,35.6110132,129.0871367
12482,62,97,1143650,1736150,35.6110278,129.086033
12483,61,97,1143550,1736150,35.6110423,129.0849293
12484,60,97,1143450,1736150,35.6110568,129.0838256
12485,59,97,1143350,1736150,35.6110713,129.0827219
12486,58,97,1143250,1736150,35.6110858,129.0816181
12487,57,97,1143150,1736150,35.6111003,129.0805144
12488,56,97,1143050,1736150,35.6111148,129.0794107
12489,55,97,1142950,1736150,35.6111292,129.078307
12490,54,97,1142850,1736150,35.6111437,129.0772033
12491,53,97,1142750,1736150,35.6111581,129.0760995
12492,52,97,1142650,1736150,35.6111726,129.0749958
12493,51,97,1142550,1736150,35.611187,129.0738921
12494,50,97,1142450,1736150,35.6112014,129.0727884
12495,49,97,1142350,1736150,35.6112158,129.0716846
12496,48,97,1142250,1736150,35.6112302,129.0705809
12497,47,97,1142150,1736150,35.6112446,129.0694772
12498,46,97,1142050,1736150,35.611259,129.0683734
12499,45,97,1141950,1736150,35.6112733,129.0672697
12500,44,97,1141850,1736150,35.6112877,129.066166
12501,43,97,1141750,1736150,35.611302,129.0650622
12502,42,97,1141650,1736150,35.6113164,129.0639585
12503,41,97,1141550,1736150,35.6113307,129.0628548
12504,40,97,1141450,1736150,35.611345,129.061751
12505,39,97,1141350,1736150,35.6113593,129.0606473
12506,38,97,1141250,1736150,35.6113736,129.0595436
12507,37,97,1141150,1736150,35.6113879,129.0584398
12508,36,97,1141050,1736150,35.6114022,129.0573361
12509,35,97,1140950,1736150,35.6114164,129.0562324
12510,34,97,1140850,1736150,35.6114307,129.0551286
12511,33,97,1140750,1736150,35.6114449,129.0540249
12512,32,97,1140650,1736150,35.6114591,129.0529212
12513,31,97,1140550,1736150,35.6114734,129.0518174
12514,30,97,1140450,1736150,35.6114876,129.0507137
12515,29,97,1140350,1736150,35.6115018,129.0496099
12516,28,97,1140250,1736150,35.611516,129.0485062
12517,27,97,1140150,1736150,35.6115302,129.0474024
12518,26,97,1140050,1736150,35.6115443,129.0462987
12519,25,97,1139950,1736150,35.6115585,129.0451949
12520,24,97,1139850,1736150,35.6115726,129.0440912
12521,23,97,1139750,1736150,35.6115868,129.0429875
12522,22,97,1139650,1736150,35.6116009,129.0418837
12523,21,97,1139550,1736150,35.611615,129.04078
12524,20,97,1139450,1736150,35.6116292,129.0396762
12525,19,97,1139350,1736150,35.6116433,129.0385725
12526,18,97,1139250,1736150,35.6116573,129.0374687
12527,17,97,1139150,1736150,35.6116714,129.036365
12528,16,97,1139050,1736150,35.6116855,129.0352612
12529,15,97,1138950,1736150,35.6116996,129.0341575
12530,14,97,1138850,1736150,35.6117136,129.0330537
12531,13,97,1138750,1736150,35.6117277,129.0319499
12532,12,97,1138650,1736150,35.6117417,129.0308462
12533,11,97,1138550,1736150,35.6117557,129.0297424
12534,10,97,1138450,1736150,35.6117697,129.0286387
12535,9,97,1138350,1736150,35.6117837,129.0275349
12536,8,97,1138250,1736150,35.6117977,129.0264312
12537,7,97,1138150,1736150,35.6118117,129.0253274
12538,6,97,1138050,1736150,35.6118257,129.0242236
12539,5,97,1137950,1736150,35.6118396,129.0231199
12540,4,97,1137850,1736150,35.6118536,129.0220161
12541,3,97,1137750,1736150,35.6118675,129.0209124
12542,2,97,1137650,1736150,35.6118814,129.0198086
12543,1,97,1137550,1736150,35.6118954,129.0187048
12544,0,97,1137450,1736150,35.6119093,129.0176011
12545,0,98,1137450,1736250,35.6128106,129.0176181
12546,1,98,1137550,1736250,35.6127967,129.0187219
12547,2,98,1137650,1736250,35.6127828,129.0198256
12548,3,98,1137750,1736250,35.6127688,129.0209294
12549,4,98,1137850,1736250,35.6127549,129.0220332
12550,5,98,1137950,1736250,35.612741,129.023137
12551,6,98,1138050,1736250,35.612727,129.0242407
12552,7,98,1138150,1736250,35.612713,129.0253445
12553,8,98,1138250,1736250,35.612699,129.0264483
12554,9,98,1138350,1736250,35.6126851,129.0275521
12555,10,98,1138450,1736250,35.612671,129.0286558
12556,11,98,1138550,1736250,35.612657,129.0297596
12557,12,98,1138650,1736250,35.612643,129.0308634
12558,13,98,1138750,1736250,35.612629,129.0319671
12559,14,98,1138850,1736250,35.6126149,129.0330709
12560,15,98,1138950,1736250,35.6126009,129.0341747
12561,16,98,1139050,1736250,35.6125868,129.0352784
12562,17,98,1139150,1736250,35.6125728,129.0363822
12563,18,98,1139250,1736250,35.6125587,129.037486
12564,19,98,1139350,1736250,35.6125446,129.0385897
12565,20,98,1139450,1736250,35.6125305,129.0396935
12566,21,98,1139550,1736250,35.6125164,129.0407972
12567,22,98,1139650,1736250,35.6125022,129.041901
12568,23,98,1139750,1736250,35.6124881,129.0430048
12569,24,98,1139850,1736250,35.612474,129.0441085
12570,25,98,1139950,1736250,35.6124598,129.0452123
12571,26,98,1140050,1736250,35.6124457,129.046316
12572,27,98,1140150,1736250,35.6124315,129.0474198
12573,28,98,1140250,1736250,35.6124173,129.0485236
12574,29,98,1140350,1736250,35.6124031,129.0496273
12575,30,98,1140450,1736250,35.6123889,129.0507311
12576,31,98,1140550,1736250,35.6123747,129.0518348
12577,32,98,1140650,1736250,35.6123605,129.0529386
12578,33,98,1140750,1736250,35.6123462,129.0540423
12579,34,98,1140850,1736250,35.612332,129.0551461
12580,35,98,1140950,1736250,35.6123177,129.0562498
12581,36,98,1141050,1736250,35.6123035,129.0573536
12582,37,98,1141150,1736250,35.6122892,129.0584573
12583,38,98,1141250,1736250,35.6122749,129.0595611
12584,39,98,1141350,1736250,35.6122606,129.0606648
12585,40,98,1141450,1736250,35.6122463,129.0617686
12586,41,98,1141550,1736250,35.612232,129.0628723
12587,42,98,1141650,1736250,35.6122177,129.0639761
12588,43,98,1141750,1736250,35.6122033,129.0650798
12589,44,98,1141850,1736250,35.612189,129.0661836
12590,45,98,1141950,1736250,35.6121746,129.0672873
12591,46,98,1142050,1736250,35.6121603,129.068391
12592,47,98,1142150,1736250,35.6121459,129.0694948
12593,48,98,1142250,1736250,35.6121315,129.0705985
12594,49,98,1142350,1736250,35.6121171,129.0717023
12595,50,98,1142450,1736250,35.6121027,129.072806
12596,51,98,1142550,1736250,35.6120883,129.0739097
12597,52,98,1142650,1736250,35.6120739,129.0750135
12598,53,98,1142750,1736250,35.6120594,129.0761172
12599,54,98,1142850,1736250,35.612045,129.0772209
12600,55,98,1142950,1736250,35.6120305,129.0783247
12601,56,98,1143050,1736250,35.6120161,129.0794284
12602,57,98,1143150,1736250,35.6120016,129.0805321
12603,58,98,1143250,1736250,35.6119871,129.0816359
12604,59,98,1143350,1736250,35.6119726,129.0827396
12605,60,98,1143450,1736250,35.6119581,129.0838433
12606,61,98,1143550,1736250,35.6119436,129.0849471
12607,62,98,1143650,1736250,35.6119291,129.0860508
12608,63,98,1143750,1736250,35.6119145,129.0871545
12609,64,98,1143850,1736250,35.6119,129.0882583
12610,65,98,1143950,1736250,35.6118854,129.089362
12611,66,98,1144050,1736250,35.6118708,129.0904657
12612,67,98,1144150,1736250,35.6118563,129.0915694
12613,68,98,1144250,1736250,35.6118417,129.0926732
12614,69,98,1144350,1736250,35.6118271,129.0937769
12615,70,98,1144450,1736250,35.6118125,129.0948806
12616,71,98,1144550,1736250,35.6117979,129.0959843
12617,72,98,1144650,1736250,35.6117832,129.0970881
12618,73,98,1144750,1736250,35.6117686,129.0981918
12619,74,98,1144850,1736250,35.6117539,129.0992955
12620,75,98,1144950,1736250,35.6117393,129.1003992
12621,76,98,1145050,1736250,35.6117246,129.1015029
12622,77,98,1145150,1736250,35.6117099,129.1026067
12623,78,98,1145250,1736250,35.6116953,129.1037104
12624,79,98,1145350,1736250,35.6116806,129.1048141
12625,80,98,1145450,1736250,35.6116658,129.1059178
12626,81,98,1145550,1736250,35.6116511,129.1070215
12627,82,98,1145650,1736250,35.6116364,129.1081252
12628,83,98,1145750,1736250,35.6116217,129.1092289
12629,84,98,1145850,1736250,35.6116069,129.1103327
12630,85,98,1145950,1736250,35.6115922,129.1114364
12631,86,98,1146050,1736250,35.6115774,129.1125401
12632,87,98,1146150,1736250,35.6115626,129.1136438
12633,88,98,1146250,1736250,35.6115478,129.1147475
12634,89,98,1146350,1736250,35.611533,129.1158512
12635,90,98,1146450,1736250,35.6115182,129.1169549
12636,91,98,1146550,1736250,35.6115034,129.1180586
12637,92,98,1146650,1736250,35.6114886,129.1191623
12638,93,98,1146750,1736250,35.6114737,129.120266
12639,94,98,1146850,1736250,35.6114589,129.1213697
12640,95,98,1146950,1736250,35.611444,129.1224734
12641,96,98,1147050,1736250,35.6114291,129.1235771
12642,97,98,1147150,1736250,35.6114143,129.1246808
12643,98,98,1147250,1736250,35.6113994,129.1257845
12644,99,98,1147350,1736250,35.6113845,129.1268882
12645,100,98,1147450,1736250,35.6113696,129.1279919
12646,101,98,1147550,1736250,35.6113546,129.1290956
12647,102,98,1147650,1736250,35.6113397,129.1301993
12648,103,98,1147750,1736250,35.6113248,129.131303
12649,104,98,1147850,1736250,35.6113098,129.1324067
12650,105,98,1147950,1736250,35.6112948,129.1335104
12651,106,98,1148050,1736250,35.6112799,129.1346141
12652,107,98,1148150,1736250,35.6112649,129.1357178
12653,108,98,1148250,1736250,35.6112499,129.1368215
12654,109,98,1148350,1736250,35.6112349,129.1379252
12655,110,98,1148450,1736250,35.6112199,129.1390289
12656,111,98,1148550,1736250,35.6112049,129.1401326
12657,112,98,1148650,1736250,35.6111898,129.1412363
12658,113,98,1148750,1736250,35.6111748,129.14234
12659,114,98,1148850,1736250,35.6111597,129.1434436
12660,115,98,1148950,1736250,35.6111447,129.1445473
12661,116,98,1149050,1736250,35.6111296,129.145651
12662,117,98,1149150,1736250,35.6111145,129.1467547
12663,118,98,1149250,1736250,35.6110994,129.1478584
12664,119,98,1149350,1736250,35.6110843,129.1489621
12665,120,98,1149450,1736250,35.6110692,129.1500658
12666,121,98,1149550,1736250,35.6110541,129.1511694
12667,122,98,1149650,1736250,35.611039,129.1522731
12668,123,98,1149750,1736250,35.6110238,129.1533768
12669,124,98,1149850,1736250,35.6110087,129.1544805
12670,125,98,1149950,1736250,35.6109935,129.1555842
12671,126,98,1150050,1736250,35.6109783,129.1566878
12672,127,98,1150150,1736250,35.6109631,129.1577915
12673,127,99,1150150,1736350,35.6118644,129.1578101
12674,126,99,1150050,1736350,35.6118796,129.1567064
12675,125,99,1149950,1736350,35.6118948,129.1556027
12676,124,99,1149850,1736350,35.6119099,129.154499
12677,123,99,1149750,1736350,35.6119251,129.1533954
12678,122,99,1149650,1736350,35.6119402,129.1522917
12679,121,99,1149550,1736350,35.6119554,129.151188
12680,120,99,1149450,1736350,35.6119705,129.1500843
12681,119,99,1149350,1736350,35.6119856,129.1489806
12682,118,99,1149250,1736350,35.6120007,129.1478769
12683,117,99,1149150,1736350,35.6120158,129.1467732
12684,116,99,1149050,1736350,35.6120309,129.1456695
12685,115,99,1148950,1736350,35.612046,129.1445658
12686,114,99,1148850,1736350,35.612061,129.1434621
12687,113,99,1148750,1736350,35.6120761,129.1423584
12688,112,99,1148650,1736350,35.6120911,129.1412547
12689,111,99,1148550,1736350,35.6121062,129.140151
12690,110,99,1148450,1736350,35.6121212,129.1390473
12691,109,99,1148350,1736350,35.6121362,129.1379436
12692,108,99,1148250,1736350,35.6121512,129.1368399
12693,107,99,1148150,1736350,35.6121662,129.1357362
12694,106,99,1148050,1736350,35.6121812,129.1346325
12695,105,99,1147950,1736350,35.6121961,129.1335288
12696,104,99,1147850,1736350,35.6122111,129.132425
12697,103,99,1147750,1736350,35.612226,129.1313213
12698,102,99,1147650,1736350,35.612241,129.1302176
12699,101,99,1147550,1736350,35.6122559,129.1291139
12700,100,99,1147450,1736350,35.6122708,129.1280102
12701,99,99,1147350,1736350,35.6122858,129.1269065
12702,98,99,1147250,1736350,35.6123007,129.1258028
12703,97,99,1147150,1736350,35.6123155,129.1246991
12704,96,99,1147050,1736350,35.6123304,129.1235954
12705,95,99,1146950,1736350,35.6123453,129.1224916
12706,94,99,1146850,1736350,35.6123602,129.1213879
12707,93,99,1146750,1736350,35.612375,129.1202842
12708,92,99,1146650,1736350,35.6123898,129.1191805
12709,91,99,1146550,1736350,35.6124047,129.1180768
12710,90,99,1146450,1736350,35.6124195,129.1169731
12711,89,99,1146350,1736350,35.6124343,129.1158693
12712,88,99,1146250,1736350,35.6124491,129.1147656
12713,87,99,1146150,1736350,35.6124639,129.1136619
12714,86,99,1146050,1736350,35.6124787,129.1125582
12715,85,99,1145950,1736350,35.6124934,129.1114545
12716,84,99,1145850,1736350,35.6125082,129.1103507
12717,83,99,1145750,1736350,35.612523,129.109247
12718,82,99,1145650,1736350,35.6125377,129.1081433
12719,81,99,1145550,1736350,35.6125524,129.1070396
12720,80,99,1145450,1736350,35.6125671,129.1059358
12721,79,99,1145350,1736350,35.6125819,129.1048321
12722,78,99,1145250,1736350,35.6125966,129.1037284
12723,77,99,1145150,1736350,35.6126112,129.1026246
12724,76,99,1145050,1736350,35.6126259,129.1015209
12725,75,99,1144950,1736350,35.6126406,129.1004172
12726,74,99,1144850,1736350,35.6126552,129.0993134
12727,73,99,1144750,1736350,35.6126699,129.0982097
12728,72,99,1144650,1736350,35.6126845,129.097106
12729,71,99,1144550,1736350,35.6126992,129.0960022
12730,70,99,1144450,1736350,35.6127138,129.0948985
12731,69,99,1144350,1736350,35.6127284,129.0937948
12732,68,99,1144250,1736350,35.612743,129.092691
12733,67,99,1144150,1736350,35.6127576,129.0915873
12734,66,99,1144050,1736350,35.6127722,129.0904836
12735,65,99,1143950,1736350,35.6127867,129.0893798
12736,64,99,1143850,1736350,35.6128013,129.0882761
12737,63,99,1143750,1736350,35.6128158,129.0871723
12738,62,99,1143650,1736350,35.6128304,129.0860686
12739,61,99,1143550,1736350,35.6128449,129.0849649
12740,60,99,1143450,1736350,35.6128594,129.0838611
12741,59,99,1143350,1736350,35.6128739,129.0827574
12742,58,99,1143250,1736350,35.6128884,129.0816536
12743,57,99,1143150,1736350,35.6129029,129.0805499
12744,56,99,1143050,1736350,35.6129174,129.0794461
12745,55,99,1142950,1736350,35.6129318,129.0783424
12746,54,99,1142850,1736350,35.6129463,129.0772386
12747,53,99,1142750,1736350,35.6129607,129.0761349
12748,52,99,1142650,1736350,35.6129752,129.0750311
12749,51,99,1142550,1736350,35.6129896,129.0739274
12750,50,99,1142450,1736350,35.613004,129.0728236
12751,49,99,1142350,1736350,35.6130184,129.0717199
12752,48,99,1142250,1736350,35.6130328,129.0706161
12753,47,99,1142150,1736350,35.6130472,129.0695124
12754,46,99,1142050,1736350,35.6130616,129.0684086
12755,45,99,1141950,1736350,35.613076,129.0673049
12756,44,99,1141850,1736350,35.6130903,129.0662011
12757,43,99,1141750,1736350,35.6131047,129.0650974
12758,42,99,1141650,1736350,35.613119,129.0639936
12759,41,99,1141550,1736350,35.6131333,129.0628899
12760,40,99,1141450,1736350,35.6131476,129.0617861
12761,39,99,1141350,1736350,35.6131619,129.0606823
12762,38,99,1141250,1736350,35.6131762,129.0595786
12763,37,99,1141150,1736350,35.6131905,129.0584748
12764,36,99,1141050,1736350,35.6132048,129.0573711
12765,35,99,1140950,1736350,35.6132191,129.0562673
12766,34,99,1140850,1736350,35.6132333,129.0551635
12767,33,99,1140750,1736350,35.6132476,129.0540598
12768,32,99,1140650,1736350,35.6132618,129.052956
12769,31,99,1140550,1736350,35.613276,129.0518522
12770,30,99,1140450,1736350,35.6132902,129.0507485
12771,29,99,1140350,1736350,35.6133044,129.0496447
12772,28,99,1140250,1736350,35.6133186,129.0485409
12773,27,99,1140150,1736350,35.6133328,129.0474372
12774,26,99,1140050,1736350,35.613347,129.0463334
12775,25,99,1139950,1736350,35.6133611,129.0452296
12776,24,99,1139850,1736350,35.6133753,129.0441259
12777,23,99,1139750,1736350,35.6133894,129.0430221
12778,22,99,1139650,1736350,35.6134036,129.0419183
12779,21,99,1139550,1736350,35.6134177,129.0408145
12780,20,99,1139450,1736350,35.6134318,129.0397108
12781,19,99,1139350,1736350,35.6134459,129.038607
12782,18,99,1139250,1736350,35.61346,129.0375032
12783,17,99,1139150,1736350,35.6134741,129.0363994
12784,16,99,1139050,1736350,35.6134882,129.0352957
12785,15,99,1138950,1736350,35.6135022,129.0341919
12786,14,99,1138850,1736350,35.6135163,129.0330881
12787,13,99,1138750,1736350,35.6135303,129.0319843
12788,12,99,1138650,1736350,35.6135443,129.0308805
12789,11,99,1138550,1736350,35.6135584,129.0297768
12790,10,99,1138450,1736350,35.6135724,129.028673
12791,9,99,1138350,1736350,35.6135864,129.0275692
12792,8,99,1138250,1736350,35.6136004,129.0264654
12793,7,99,1138150,1736350,35.6136144,129.0253616
12794,6,99,1138050,1736350,35.6136283,129.0242578
12795,5,99,1137950,1736350,35.6136423,129.0231541
12796,4,99,1137850,1736350,35.6136562,129.0220503
12797,3,99,1137750,1736350,35.6136702,129.0209465
12798,2,99,1137650,1736350,35.6136841,129.0198427
12799,1,99,1137550,1736350,35.613698,129.0187389
12800,0,99,1137450,1736350,35.6137119,129.0176351
12801,0,100,1137450,1736450,35.6146133,129.0176522
12802,1,100,1137550,1736450,35.6145994,129.018756
12803,2,100,1137650,1736450,35.6145854,129.0198598
12804,3,100,1137750,1736450,35.6145715,129.0209636
12805,4,100,1137850,1736450,35.6145576,129.0220674
12806,5,100,1137950,1736450,35.6145436,129.0231712
12807,6,100,1138050,1736450,35.6145297,129.0242749
12808,7,100,1138150,1736450,35.6145157,129.0253787
12809,8,100,1138250,1736450,35.6145017,129.0264825
12810,9,100,1138350,1736450,35.6144877,129.0275863
12811,10,100,1138450,1736450,35.6144737,129.0286901
12812,11,100,1138550,1736450,35.6144597,129.0297939
12813,12,100,1138650,1736450,35.6144457,129.0308977
12814,13,100,1138750,1736450,35.6144316,129.0320015
12815,14,100,1138850,1736450,35.6144176,129.0331053
12816,15,100,1138950,1736450,35.6144035,129.0342091
12817,16,100,1139050,1736450,35.6143895,129.0353129
12818,17,100,1139150,1736450,35.6143754,129.0364167
12819,18,100,1139250,1736450,35.6143613,129.0375205
12820,19,100,1139350,1736450,35.6143472,129.0386243
12821,20,100,1139450,1736450,35.6143331,129.039728
12822,21,100,1139550,1736450,35.614319,129.0408318
12823,22,100,1139650,1736450,35.6143049,129.0419356
12824,23,100,1139750,1736450,35.6142908,129.0430394
12825,24,100,1139850,1736450,35.6142766,129.0441432
12826,25,100,1139950,1736450,35.6142625,129.045247
12827,26,100,1140050,1736450,35.6142483,129.0463507
12828,27,100,1140150,1736450,35.6142341,129.0474545
12829,28,100,1140250,1736450,35.6142199,129.0485583
12830,29,100,1140350,1736450,35.6142057,129.0496621
12831,30,100,1140450,1736450,35.6141915,129.0507659
12832,31,100,1140550,1736450,35.6141773,129.0518696
12833,32,100,1140650,1736450,35.6141631,129.0529734
12834,33,100,1140750,1736450,35.6141489,129.0540772
12835,34,100,1140850,1736450,35.6141346,129.055181
12836,35,100,1140950,1736450,35.6141204,129.0562848
12837,36,100,1141050,1736450,35.6141061,129.0573885
12838,37,100,1141150,1736450,35.6140918,129.0584923
12839,38,100,1141250,1736450,35.6140775,129.0595961
12840,39,100,1141350,1736450,35.6140633,129.0606998
12841,40,100,1141450,1736450,35.6140489,129.0618036
12842,41,100,1141550,1736450,35.6140346,129.0629074
12843,42,100,1141650,1736450,35.6140203,129.0640112
12844,43,100,1141750,1736450,35.614006,129.0651149
12845,44,100,1141850,1736450,35.6139916,129.0662187
12846,45,100,1141950,1736450,35.6139773,129.0673225
12847,46,100,1142050,1736450,35.6139629,129.0684262
12848,47,100,1142150,1736450,35.6139485,129.06953
12849,48,100,1142250,1736450,35.6139341,129.0706338
12850,49,100,1142350,1736450,35.6139197,129.0717375
12851,50,100,1142450,1736450,35.6139053,129.0728413
12852,51,100,1142550,1736450,35.6138909,129.0739451
12853,52,100,1142650,1736450,35.6138765,129.0750488
12854,53,100,1142750,1736450,35.6138621,129.0761526
12855,54,100,1142850,1736450,35.6138476,129.0772563
12856,55,100,1142950,1736450,35.6138332,129.0783601
12857,56,100,1143050,1736450,35.6138187,129.0794639
12858,57,100,1143150,1736450,35.6138042,129.0805676
12859,58,100,1143250,1736450,35.6137897,129.0816714
12860,59,100,1143350,1736450,35.6137752,129.0827751
12861,60,100,1143450,1736450,35.6137607,129.0838789
12862,61,100,1143550,1736450,35.6137462,129.0849826
12863,62,100,1143650,1736450,35.6137317,129.0860864
12864,63,100,1143750,1736450,35.6137171,129.0871902
12865,64,100,1143850,1736450,35.6137026,129.0882939
12866,65,100,1143950,1736450,35.613688,129.0893977
12867,66,100,1144050,1736450,35.6136735,129.0905014
12868,67,100,1144150,1736450,35.6136589,129.0916052
12869,68,100,1144250,1736450,35.6136443,129.0927089
12870,69,100,1144350,1736450,35.6136297,129.0938127
12871,70,100,1144450,1736450,35.6136151,129.0949164
12872,71,100,1144550,1736450,35.6136005,129.0960202
12873,72,100,1144650,1736450,35.6135858,129.0971239
12874,73,100,1144750,1736450,35.6135712,129.0982276
12875,74,100,1144850,1736450,35.6135565,129.0993314
12876,75,100,1144950,1736450,35.6135419,129.1004351
12877,76,100,1145050,1736450,35.6135272,129.1015389
12878,77,100,1145150,1736450,35.6135125,129.1026426
12879,78,100,1145250,1736450,35.6134979,129.1037464
12880,79,100,1145350,1736450,35.6134832,129.1048501
12881,80,100,1145450,1736450,35.6134684,129.1059538
12882,81,100,1145550,1736450,35.6134537,129.1070576
12883,82,100,1145650,1736450,35.613439,129.1081613
12884,83,100,1145750,1736450,35.6134243,129.1092651
12885,84,100,1145850,1736450,35.6134095,129.1103688
12886,85,100,1145950,1736450,35.6133947,129.1114725
12887,86,100,1146050,1736450,35.61338,129.1125763
12888,87,100,1146150,1736450,35.6133652,129.11368
12889,88,100,1146250,1736450,35.6133504,129.1147837
12890,89,100,1146350,1736450,35.6133356,129.1158875
12891,90,100,1146450,1736450,35.6133208,129.1169912
12892,91,100,1146550,1736450,35.613306,129.1180949
12893,92,100,1146650,1736450,35.6132911,129.1191987
12894,93,100,1146750,1736450,35.6132763,129.1203024
12895,94,100,1146850,1736450,35.6132614,129.1214061
12896,95,100,1146950,1736450,35.6132466,129.1225098
12897,96,100,1147050,1736450,35.6132317,129.1236136
12898,97,100,1147150,1736450,35.6132168,129.1247173
12899,98,100,1147250,1736450,35.6132019,129.125821
12900,99,100,1147350,1736450,35.613187,129.1269248
12901,100,100,1147450,1736450,35.6131721,129.1280285
12902,101,100,1147550,1736450,35.6131572,129.1291322
12903,102,100,1147650,1736450,35.6131423,129.1302359
12904,103,100,1147750,1736450,35.6131273,129.1313396
12905,104,100,1147850,1736450,35.6131124,129.1324434
12906,105,100,1147950,1736450,35.6130974,129.1335471
12907,106,100,1148050,1736450,35.6130824,129.1346508
12908,107,100,1148150,1736450,35.6130675,129.1357545
12909,108,100,1148250,1736450,35.6130525,129.1368582
12910,109,100,1148350,1736450,35.6130375,129.137962
12911,110,100,1148450,1736450,35.6130225,129.1390657
12912,111,100,1148550,1736450,35.6130074,129.1401694
12913,112,100,1148650,1736450,35.6129924,129.1412731
12914,113,100,1148750,1736450,35.6129774,129.1423768
12915,114,100,1148850,1736450,35.6129623,129.1434805
12916,115,100,1148950,1736450,35.6129472,129.1445842
12917,116,100,1149050,1736450,35.6129322,129.145688
12918,117,100,1149150,1736450,35.6129171,129.1467917
12919,118,100,1149250,1736450,35.612902,129.1478954
12920,119,100,1149350,1736450,35.6128869,129.1489991
12921,120,100,1149450,1736450,35.6128718,129.1501028
12922,121,100,1149550,1736450,35.6128566,129.1512065
12923,122,100,1149650,1736450,35.6128415,129.1523102
12924,123,100,1149750,1736450,35.6128264,129.1534139
12925,124,100,1149850,1736450,35.6128112,129.1545176
12926,125,100,1149950,1736450,35.6127961,129.1556213
12927,126,100,1150050,1736450,35.6127809,129.156725
12928,127,100,1150150,1736450,35.6127657,129.1578287
12929,127,101,1150150,1736550,35.613667,129.1578473
12930,126,101,1150050,1736550,35.6136822,129.1567436
12931,125,101,1149950,1736550,35.6136973,129.1556399
12932,124,101,1149850,1736550,35.6137125,129.1545362
12933,123,101,1149750,1736550,35.6137276,129.1534325
12934,122,101,1149650,1736550,35.6137428,129.1523287
12935,121,101,1149550,1736550,35.6137579,129.151225
12936,120,101,1149450,1736550,35.613773,129.1501213
12937,119,101,1149350,1736550,35.6137882,129.1490176
12938,118,101,1149250,1736550,35.6138033,129.1479139
12939,117,101,1149150,1736550,35.6138184,129.1468101
12940,116,101,1149050,1736550,35.6138334,129.1457064
12941,115,101,1148950,1736550,35.6138485,129.1446027
12942,114,101,1148850,1736550,35.6138636,129.143499
12943,113,101,1148750,1736550,35.6138786,129.1423952
12944,112,101,1148650,1736550,35.6138937,129.1412915
12945,111,101,1148550,1736550,35.6139087,129.1401878
12946,110,101,1148450,1736550,35.6139237,129.1390841
12947,109,101,1148350,1736550,35.6139388,129.1379803
12948,108,101,1148250,1736550,35.6139538,129.1368766
12949,107,101,1148150,1736550,35.6139687,129.1357729
12950,106,101,1148050,1736550,35.6139837,129.1346691
12951,105,101,1147950,1736550,35.6139987,129.1335654
12952,104,101,1147850,1736550,35.6140137,129.1324617
12953,103,101,1147750,1736550,35.6140286,129.1313579
12954,102,101,1147650,1736550,35.6140436,129.1302542
12955,101,101,1147550,1736550,35.6140585,129.1291505
12956,100,101,1147450,1736550,35.6140734,129.1280467
12957,99,101,1147350,1736550,35.6140883,129.126943
12958,98,101,1147250,1736550,35.6141032,129.1258393
12959,97,101,1147150,1736550,35.6141181,129.1247355
12960,96,101,1147050,1736550,35.614133,129.1236318
12961,95,101,1146950,1736550,35.6141479,129.1225281
12962,94,101,1146850,1736550,35.6141627,129.1214243
12963,93,101,1146750,1736550,35.6141776,129.1203206
12964,92,101,1146650,1736550,35.6141924,129.1192168
12965,91,101,1146550,1736550,35.6142073,129.1181131
12966,90,101,1146450,1736550,35.6142221,129.1170093
12967,89,101,1146350,1736550,35.6142369,129.1159056
12968,88,101,1146250,1736550,35.6142517,129.1148019
12969,87,101,1146150,1736550,35.6142665,129.1136981
12970,86,101,1146050,1736550,35.6142813,129.1125944
12971,85,101,1145950,1736550,35.614296,129.1114906
12972,84,101,1145850,1736550,35.6143108,129.1103869
12973,83,101,1145750,1736550,35.6143255,129.1092831
12974,82,101,1145650,1736550,35.6143403,129.1081794
12975,81,101,1145550,1736550,35.614355,129.1070756
12976,80,101,1145450,1736550,35.6143697,129.1059719
12977,79,101,1145350,1736550,35.6143845,129.1048681
12978,78,101,1145250,1736550,35.6143992,129.1037644
12979,77,101,1145150,1736550,35.6144138,129.1026606
12980,76,101,1145050,1736550,35.6144285,129.1015568
12981,75,101,1144950,1736550,35.6144432,129.1004531
12982,74,101,1144850,1736550,35.6144578,129.0993493
12983,73,101,1144750,1736550,35.6144725,129.0982456
12984,72,101,1144650,1736550,35.6144871,129.0971418
12985,71,101,1144550,1736550,35.6145018,129.0960381
12986,70,101,1144450,1736550,35.6145164,129.0949343
12987,69,101,1144350,1736550,35.614531,129.0938305
12988,68,101,1144250,1736550,35.6145456,129.0927268
12989,67,101,1144150,1736550,35.6145602,129.091623
12990,66,101,1144050,1736550,35.6145748,129.0905193
12991,65,101,1143950,1736550,35.6145893,129.0894155
12992,64,101,1143850,1736550,35.6146039,129.0883117
12993,63,101,1143750,1736550,35.6146184,129.087208
12994,62,101,1143650,1736550,35.614633,129.0861042
12995,61,101,1143550,1736550,35.6146475,129.0850004
12996,60,101,1143450,1736550,35.614662,129.0838967
12997,59,101,1143350,1736550,35.6146765,129.0827929
12998,58,101,1143250,1736550,35.614691,129.0816891
12999,57,101,1143150,1736550,35.6147055,129.0805854
13000,56,101,1143050,1736550,35.61472,129.0794816
13001,55,101,1142950,1736550,35.6147345,129.0783778
13002,54,101,1142850,1736550,35.6147489,129.077274
13003,53,101,1142750,1736550,35.6147634,129.0761703
13004,52,101,1142650,1736550,35.6147778,129.0750665
13005,51,101,1142550,1736550,35.6147922,129.0739627
13006,50,101,1142450,1736550,35.6148066,129.0728589
13007,49,101,1142350,1736550,35.6148211,129.0717552
13008,48,101,1142250,1736550,35.6148355,129.0706514
13009,47,101,1142150,1736550,35.6148498,129.0695476
13010,46,101,1142050,1736550,35.6148642,129.0684438
13011,45,101,1141950,1736550,35.6148786,129.0673401
13012,44,101,1141850,1736550,35.6148929,129.0662363
13013,43,101,1141750,1736550,35.6149073,129.0651325
13014,42,101,1141650,1736550,35.6149216,129.0640287
13015,41,101,1141550,1736550,35.6149359,129.0629249
13016,40,101,1141450,1736550,35.6149503,129.0618211
13017,39,101,1141350,1736550,35.6149646,129.0607174
13018,38,101,1141250,1736550,35.6149789,129.0596136
13019,37,101,1141150,1736550,35.6149931,129.0585098
13020,36,101,1141050,1736550,35.6150074,129.057406
13021,35,101,1140950,1736550,35.6150217,129.0563022
13022,34,101,1140850,1736550,35.6150359,129.0551984
13023,33,101,1140750,1736550,35.6150502,129.0540946
13024,32,101,1140650,1736550,35.6150644,129.0529909
13025,31,101,1140550,1736550,35.6150787,129.0518871
13026,30,101,1140450,1736550,35.6150929,129.0507833
13027,29,101,1140350,1736550,35.6151071,129.0496795
13028,28,101,1140250,1736550,35.6151213,129.0485757
13029,27,101,1140150,1736550,35.6151354,129.0474719
13030,26,101,1140050,1736550,35.6151496,129.0463681
13031,25,101,1139950,1736550,35.6151638,129.0452643
13032,24,101,1139850,1736550,35.6151779,129.0441605
13033,23,101,1139750,1736550,35.6151921,129.0430567
13034,22,101,1139650,1736550,35.6152062,129.0419529
13035,21,101,1139550,1736550,35.6152203,129.0408491
13036,20,101,1139450,1736550,35.6152345,129.0397453
13037,19,101,1139350,1736550,35.6152486,129.0386415
13038,18,101,1139250,1736550,35.6152627,129.0375377
13039,17,101,1139150,1736550,35.6152767,129.0364339
13040,16,101,1139050,1736550,35.6152908,129.0353301
13041,15,101,1138950,1736550,35.6153049,129.0342263
13042,14,101,1138850,1736550,35.6153189,129.0331225
13043,13,101,1138750,1736550,35.615333,129.0320187
13044,12,101,1138650,1736550,35.615347,129.0309149
13045,11,101,1138550,1736550,35.615361,129.0298111
13046,10,101,1138450,1736550,35.615375,129.0287073
13047,9,101,1138350,1736550,35.615389,129.0276035
13048,8,101,1138250,1736550,35.615403,129.0264997
13049,7,101,1138150,1736550,35.615417,129.0253959
13050,6,101,1138050,1736550,35.615431,129.0242921
13051,5,101,1137950,1736550,35.615445,129.0231882
13052,4,101,1137850,1736550,35.6154589,129.0220844
13053,3,101,1137750,1736550,35.6154728,129.0209806
13054,2,101,1137650,1736550,35.6154868,129.0198768
13055,1,101,1137550,1736550,35.6155007,129.018773
13056,0,101,1137450,1736550,35.6155146,129.0176692
13057,0,102,1137450,1736650,35.6164159,129.0176862
13058,1,102,1137550,1736650,35.616402,129.01879
13059,2,102,1137650,1736650,35.6163881,129.0198939
13060,3,102,1137750,1736650,35.6163742,129.0209977
13061,4,102,1137850,1736650,35.6163602,129.0221015
13062,5,102,1137950,1736650,35.6163463,129.0232053
13063,6,102,1138050,1736650,35.6163323,129.0243092
13064,7,102,1138150,1736650,35.6163184,129.025413
13065,8,102,1138250,1736650,35.6163044,129.0265168
13066,9,102,1138350,1736650,35.6162904,129.0276206
13067,10,102,1138450,1736650,35.6162764,129.0287244
13068,11,102,1138550,1736650,35.6162624,129.0298283
13069,12,102,1138650,1736650,35.6162483,129.0309321
13070,13,102,1138750,1736650,35.6162343,129.0320359
13071,14,102,1138850,1736650,35.6162203,129.0331397
13072,15,102,1138950,1736650,35.6162062,129.0342435
13073,16,102,1139050,1736650,35.6161921,129.0353473
13074,17,102,1139150,1736650,35.6161781,129.0364512
13075,18,102,1139250,1736650,35.616164,129.037555
13076,19,102,1139350,1736650,35.6161499,129.0386588
13077,20,102,1139450,1736650,35.6161358,129.0397626
13078,21,102,1139550,1736650,35.6161217,129.0408664
13079,22,102,1139650,1736650,35.6161075,129.0419702
13080,23,102,1139750,1736650,35.6160934,129.043074
13081,24,102,1139850,1736650,35.6160793,129.0441778
13082,25,102,1139950,1736650,35.6160651,129.0452816
13083,26,102,1140050,1736650,35.6160509,129.0463855
13084,27,102,1140150,1736650,35.6160368,129.0474893
13085,28,102,1140250,1736650,35.6160226,129.0485931
13086,29,102,1140350,1736650,35.6160084,129.0496969
13087,30,102,1140450,1736650,35.6159942,129.0508007
13088,31,102,1140550,1736650,35.61598,129.0519045
13089,32,102,1140650,1736650,35.6159657,129.0530083
13090,33,102,1140750,1736650,35.6159515,129.0541121
13091,34,102,1140850,1736650,35.6159373,129.0552159
13092,35,102,1140950,1736650,35.615923,129.0563197
13093,36,102,1141050,1736650,35.6159087,129.0574235
13094,37,102,1141150,1736650,35.6158945,129.0585273
13095,38,102,1141250,1736650,35.6158802,129.0596311
13096,39,102,1141350,1736650,35.6158659,129.0607349
13097,40,102,1141450,1736650,35.6158516,129.0618387
13098,41,102,1141550,1736650,35.6158373,129.0629425
13099,42,102,1141650,1736650,35.6158229,129.0640463
13100,43,102,1141750,1736650,35.6158086,129.0651501
13101,44,102,1141850,1736650,35.6157943,129.0662538
13102,45,102,1141950,1736650,35.6157799,129.0673576
13103,46,102,1142050,1736650,35.6157655,129.0684614
13104,47,102,1142150,1736650,35.6157512,129.0695652
13105,48,102,1142250,1736650,35.6157368,129.070669
13106,49,102,1142350,1736650,35.6157224,129.0717728
13107,50,102,1142450,1736650,35.615708,129.0728766
13108,51,102,1142550,1736650,35.6156935,129.0739804
13109,52,102,1142650,1736650,35.6156791,129.0750842
13110,53,102,1142750,1736650,35.6156647,129.076188
13111,54,102,1142850,1736650,35.6156502,129.0772917
13112,55,102,1142950,1736650,35.6156358,129.0783955
13113,56,102,1143050,1736650,35.6156213,129.0794993
13114,57,102,1143150,1736650,35.6156068,129.0806031
13115,58,102,1143250,1736650,35.6155923,129.0817069
13116,59,102,1143350,1736650,35.6155778,129.0828107
13117,60,102,1143450,1736650,35.6155633,129.0839144
13118,61,102,1143550,1736650,35.6155488,129.0850182
13119,62,102,1143650,1736650,35.6155343,129.086122
13120,63,102,1143750,1736650,35.6155197,129.0872258
13121,64,102,1143850,1736650,35.6155052,129.0883296
13122,65,102,1143950,1736650,35.6154906,129.0894333
13123,66,102,1144050,1736650,35.6154761,129.0905371
13124,67,102,1144150,1736650,35.6154615,129.0916409
13125,68,102,1144250,1736650,35.6154469,129.0927447
13126,69,102,1144350,1736650,35.6154323,129.0938484
13127,70,102,1144450,1736650,35.6154177,129.0949522
13128,71,102,1144550,1736650,35.6154031,129.096056
13129,72,102,1144650,1736650,35.6153884,129.0971597
13130,73,102,1144750,1736650,35.6153738,129.0982635
13131,74,102,1144850,1736650,35.6153591,129.0993673
13132,75,102,1144950,1736650,35.6153445,129.1004711
13133,76,102,1145050,1736650,35.6153298,129.1015748
13134,77,102,1145150,1736650,35.6153151,129.1026786
13135,78,102,1145250,1736650,35.6153004,129.1037824
13136,79,102,1145350,1736650,35.6152857,129.1048861
13137,80,102,1145450,1736650,35.615271,129.1059899
13138,81,102,1145550,1736650,35.6152563,129.1070936
13139,82,102,1145650,1736650,35.6152416,129.1081974
13140,83,102,1145750,1736650,35.6152268,129.1093012
13141,84,102,1145850,1736650,35.6152121,129.1104049
13142,85,102,1145950,1736650,35.6151973,129.1115087
13143,86,102,1146050,1736650,35.6151826,129.1126125
13144,87,102,1146150,1736650,35.6151678,129.1137162
13145,88,102,1146250,1736650,35.615153,129.11482
13146,89,102,1146350,1736650,35.6151382,129.1159237
13147,90,102,1146450,1736650,35.6151234,129.1170275
13148,91,102,1146550,1736650,35.6151086,129.1181312
13149,92,102,1146650,1736650,35.6150937,129.119235
13150,93,102,1146750,1736650,35.6150789,129.1203388
13151,94,102,1146850,1736650,35.615064,129.1214425
13152,95,102,1146950,1736650,35.6150492,129.1225463
13153,96,102,1147050,1736650,35.6150343,129.12365
13154,97,102,1147150,1736650,35.6150194,129.1247538
13155,98,102,1147250,1736650,35.6150045,129.1258575
13156,99,102,1147350,1736650,35.6149896,129.1269613
13157,100,102,1147450,1736650,35.6149747,129.128065
13158,101,102,1147550,1736650,35.6149598,129.1291688
13159,102,102,1147650,1736650,35.6149448,129.1302725
13160,103,102,1147750,1736650,35.6149299,129.1313763
13161,104,102,1147850,1736650,35.614915,129.13248
13162,105,102,1147950,1736650,35.6149,129.1335837
13163,106,102,1148050,1736650,35.614885,129.1346875
13164,107,102,1148150,1736650,35.61487,129.1357912
13165,108,102,1148250,1736650,35.614855,129.136895
13166,109,102,1148350,1736650,35.61484,129.1379987
13167,110,102,1148450,1736650,35.614825,129.1391025
13168,111,102,1148550,1736650,35.61481,129.1402062
13169,112,102,1148650,1736650,35.614795,129.1413099
13170,113,102,1148750,1736650,35.6147799,129.1424137
13171,114,102,1148850,1736650,35.6147649,129.1435174
13172,115,102,1148950,1736650,35.6147498,129.1446211
13173,116,102,1149050,1736650,35.6147347,129.1457249
13174,117,102,1149150,1736650,35.6147196,129.1468286
13175,118,102,1149250,1736650,35.6147045,129.1479324
13176,119,102,1149350,1736650,35.6146894,129.1490361
13177,120,102,1149450,1736650,35.6146743,129.1501398
13178,121,102,1149550,1736650,35.6146592,129.1512435
13179,122,102,1149650,1736650,35.6146441,129.1523473
13180,123,102,1149750,1736650,35.6146289,129.153451
13181,124,102,1149850,1736650,35.6146138,129.1545547
13182,125,102,1149950,1736650,35.6145986,129.1556585
13183,126,102,1150050,1736650,35.6145834,129.1567622
13184,127,102,1150150,1736650,35.6145682,129.1578659
13185,127,103,1150150,1736750,35.6154695,129.1578845
13186,126,103,1150050,1736750,35.6154847,129.1567808
13187,125,103,1149950,1736750,35.6154999,129.155677
13188,124,103,1149850,1736750,35.615515,129.1545733
13189,123,103,1149750,1736750,35.6155302,129.1534696
13190,122,103,1149650,1736750,35.6155453,129.1523658
13191,121,103,1149550,1736750,35.6155605,129.1512621
13192,120,103,1149450,1736750,35.6155756,129.1501583
13193,119,103,1149350,1736750,35.6155907,129.1490546
13194,118,103,1149250,1736750,35.6156058,129.1479508
13195,117,103,1149150,1736750,35.6156209,129.1468471
13196,116,103,1149050,1736750,35.615636,129.1457433
13197,115,103,1148950,1736750,35.6156511,129.1446396
13198,114,103,1148850,1736750,35.6156661,129.1435359
13199,113,103,1148750,1736750,35.6156812,129.1424321
13200,112,103,1148650,1736750,35.6156962,129.1413284
13201,111,103,1148550,1736750,35.6157113,129.1402246
13202,110,103,1148450,1736750,35.6157263,129.1391208
13203,109,103,1148350,1736750,35.6157413,129.1380171
13204,108,103,1148250,1736750,35.6157563,129.1369133
13205,107,103,1148150,1736750,35.6157713,129.1358096
13206,106,103,1148050,1736750,35.6157863,129.1347058
13207,105,103,1147950,1736750,35.6158013,129.1336021
13208,104,103,1147850,1736750,35.6158162,129.1324983
13209,103,103,1147750,1736750,35.6158312,129.1313946
13210,102,103,1147650,1736750,35.6158461,129.1302908
13211,101,103,1147550,1736750,35.6158611,129.129187
13212,100,103,1147450,1736750,35.615876,129.1280833
13213,99,103,1147350,1736750,35.6158909,129.1269795
13214,98,103,1147250,1736750,35.6159058,129.1258758
13215,97,103,1147150,1736750,35.6159207,129.124772
13216,96,103,1147050,1736750,35.6159356,129.1236682
13217,95,103,1146950,1736750,35.6159505,129.1225645
13218,94,103,1146850,1736750,35.6159653,129.1214607
13219,93,103,1146750,1736750,35.6159802,129.1203569
13220,92,103,1146650,1736750,35.615995,129.1192532
13221,91,103,1146550,1736750,35.6160098,129.1181494
13222,90,103,1146450,1736750,35.6160247,129.1170456
13223,89,103,1146350,1736750,35.6160395,129.1159419
13224,88,103,1146250,1736750,35.6160543,129.1148381
13225,87,103,1146150,1736750,35.6160691,129.1137343
13226,86,103,1146050,1736750,35.6160839,129.1126306
13227,85,103,1145950,1736750,35.6160986,129.1115268
13228,84,103,1145850,1736750,35.6161134,129.110423
13229,83,103,1145750,1736750,35.6161281,129.1093192
13230,82,103,1145650,1736750,35.6161429,129.1082155
13231,81,103,1145550,1736750,35.6161576,129.1071117
13232,80,103,1145450,1736750,35.6161723,129.1060079
13233,79,103,1145350,1736750,35.616187,129.1049041
13234,78,103,1145250,1736750,35.6162017,129.1038004
13235,77,103,1145150,1736750,35.6162164,129.1026966
13236,76,103,1145050,1736750,35.6162311,129.1015928
13237,75,103,1144950,1736750,35.6162458,129.100489
13238,74,103,1144850,1736750,35.6162604,129.0993852
13239,73,103,1144750,1736750,35.6162751,129.0982814
13240,72,103,1144650,1736750,35.6162897,129.0971777
13241,71,103,1144550,1736750,35.6163044,129.0960739
13242,70,103,1144450,1736750,35.616319,129.0949701
13243,69,103,1144350,1736750,35.6163336,129.0938663
13244,68,103,1144250,1736750,35.6163482,129.0927625
13245,67,103,1144150,1736750,35.6163628,129.0916587
13246,66,103,1144050,1736750,35.6163774,129.090555
13247,65,103,1143950,1736750,35.6163919,129.0894512
13248,64,103,1143850,1736750,35.6164065,129.0883474
13249,63,103,1143750,1736750,35.616421,129.0872436
13250,62,103,1143650,1736750,35.6164356,129.0861398
13251,61,103,1143550,1736750,35.6164501,129.085036
13252,60,103,1143450,1736750,35.6164646,129.0839322
13253,59,103,1143350,1736750,35.6164791,129.0828284
13254,58,103,1143250,1736750,35.6164936,129.0817246
13255,57,103,1143150,1736750,35.6165081,129.0806208
13256,56,103,1143050,1736750,35.6165226,129.079517
13257,55,103,1142950,1736750,35.6165371,129.0784132
13258,54,103,1142850,1736750,35.6165515,129.0773094
13259,53,103,1142750,1736750,35.616566,129.0762056
13260,52,103,1142650,1736750,35.6165804,129.0751018
13261,51,103,1142550,1736750,35.6165949,129.073998
13262,50,103,1142450,1736750,35.6166093,129.0728942
13263,49,103,1142350,1736750,35.6166237,129.0717904
13264,48,103,1142250,1736750,35.6166381,129.0706866
13265,47,103,1142150,1736750,35.6166525,129.0695828
13266,46,103,1142050,1736750,35.6166668,129.068479
13267,45,103,1141950,1736750,35.6166812,129.0673752
13268,44,103,1141850,1736750,35.6166956,129.0662714
13269,43,103,1141750,1736750,35.6167099,129.0651676
13270,42,103,1141650,1736750,35.6167243,129.0640638
13271,41,103,1141550,1736750,35.6167386,129.06296
13272,40,103,1141450,1736750,35.6167529,129.0618562
13273,39,103,1141350,1736750,35.6167672,129.0607524
13274,38,103,1141250,1736750,35.6167815,129.0596486
13275,37,103,1141150,1736750,35.6167958,129.0585448
13276,36,103,1141050,1736750,35.6168101,129.057441
13277,35,103,1140950,1736750,35.6168243,129.0563371
13278,34,103,1140850,1736750,35.6168386,129.0552333
13279,33,103,1140750,1736750,35.6168528,129.0541295
13280,32,103,1140650,1736750,35.6168671,129.0530257
13281,31,103,1140550,1736750,35.6168813,129.0519219
13282,30,103,1140450,1736750,35.6168955,129.0508181
13283,29,103,1140350,1736750,35.6169097,129.0497143
13284,28,103,1140250,1736750,35.6169239,129.0486104
13285,27,103,1140150,1736750,35.6169381,129.0475066
13286,26,103,1140050,1736750,35.6169523,129.0464028
13287,25,103,1139950,1736750,35.6169664,129.045299
13288,24,103,1139850,1736750,35.6169806,129.0441952
13289,23,103,1139750,1736750,35.6169947,129.0430913
13290,22,103,1139650,1736750,35.6170089,129.0419875
13291,21,103,1139550,1736750,35.617023,129.0408837
13292,20,103,1139450,1736750,35.6170371,129.0397799
13293,19,103,1139350,1736750,35.6170512,129.0386761
13294,18,103,1139250,1736750,35.6170653,129.0375722
13295,17,103,1139150,1736750,35.6170794,129.0364684
13296,16,103,1139050,1736750,35.6170935,129.0353646
13297,15,103,1138950,1736750,35.6171075,129.0342607
13298,14,103,1138850,1736750,35.6171216,129.0331569
13299,13,103,1138750,1736750,35.6171356,129.0320531
13300,12,103,1138650,1736750,35.6171497,129.0309493
13301,11,103,1138550,1736750,35.6171637,129.0298454
13302,10,103,1138450,1736750,35.6171777,129.0287416
13303,9,103,1138350,1736750,35.6171917,129.0276378
13304,8,103,1138250,1736750,35.6172057,129.0265339
13305,7,103,1138150,1736750,35.6172197,129.0254301
13306,6,103,1138050,1736750,35.6172337,129.0243263
13307,5,103,1137950,1736750,35.6172476,129.0232224
13308,4,103,1137850,1736750,35.6172616,129.0221186
13309,3,103,1137750,1736750,35.6172755,129.0210148
13310,2,103,1137650,1736750,35.6172894,129.0199109
13311,1,103,1137550,1736750,35.6173034,129.0188071
13312,0,103,1137450,1736750,35.6173173,129.0177032
13313,0,104,1137450,1736850,35.6182186,129.0177203
13314,1,104,1137550,1736850,35.6182047,129.0188241
13315,2,104,1137650,1736850,35.6181908,129.019928
13316,3,104,1137750,1736850,35.6181768,129.0210318
13317,4,104,1137850,1736850,35.6181629,129.0221357
13318,5,104,1137950,1736850,35.618149,129.0232395
13319,6,104,1138050,1736850,35.618135,129.0243434
13320,7,104,1138150,1736850,35.618121,129.0254472
13321,8,104,1138250,1736850,35.618107,129.0265511
13322,9,104,1138350,1736850,35.618093,129.0276549
13323,10,104,1138450,1736850,35.618079,129.0287588
13324,11,104,1138550,1736850,35.618065,129.0298626
13325,12,104,1138650,1736850,35.618051,129.0309664
13326,13,104,1138750,1736850,35.618037,129.0320703
13327,14,104,1138850,1736850,35.6180229,129.0331741
13328,15,104,1138950,1736850,35.6180089,129.034278
13329,16,104,1139050,1736850,35.6179948,129.0353818
13330,17,104,1139150,1736850,35.6179807,129.0364856
13331,18,104,1139250,1736850,35.6179666,129.0375895
13332,19,104,1139350,1736850,35.6179525,129.0386933
13333,20,104,1139450,1736850,35.6179384,129.0397972
13334,21,104,1139550,1736850,35.6179243,129.040901
13335,22,104,1139650,1736850,35.6179102,129.0420048
13336,23,104,1139750,1736850,35.6178961,129.0431087
13337,24,104,1139850,1736850,35.6178819,129.0442125
13338,25,104,1139950,1736850,35.6178678,129.0453163
13339,26,104,1140050,1736850,35.6178536,129.0464202
13340,27,104,1140150,1736850,35.6178394,129.047524
13341,28,104,1140250,1736850,35.6178252,129.0486278
13342,29,104,1140350,1736850,35.617811,129.0497316
13343,30,104,1140450,1736850,35.6177968,129.0508355
13344,31,104,1140550,1736850,35.6177826,129.0519393
13345,32,104,1140650,1736850,35.6177684,129.0530431
13346,33,104,1140750,1736850,35.6177541,129.054147
13347,34,104,1140850,1736850,35.6177399,129.0552508
13348,35,104,1140950,1736850,35.6177256,129.0563546
13349,36,104,1141050,1736850,35.6177114,129.0574584
13350,37,104,1141150,1736850,35.6176971,129.0585623
13351,38,104,1141250,1736850,35.6176828,129.0596661
13352,39,104,1141350,1736850,35.6176685,129.0607699
13353,40,104,1141450,1736850,35.6176542,129.0618737
13354,41,104,1141550,1736850,35.6176399,129.0629775
13355,42,104,1141650,1736850,35.6176256,129.0640814
13356,43,104,1141750,1736850,35.6176112,129.0651852
13357,44,104,1141850,1736850,35.6175969,129.066289
13358,45,104,1141950,1736850,35.6175825,129.0673928
13359,46,104,1142050,1736850,35.6175682,129.0684966
13360,47,104,1142150,1736850,35.6175538,129.0696005
13361,48,104,1142250,1736850,35.6175394,129.0707043
13362,49,104,1142350,1736850,35.617525,129.0718081
13363,50,104,1142450,1736850,35.6175106,129.0729119
13364,51,104,1142550,1736850,35.6174962,129.0740157
13365,52,104,1142650,1736850,35.6174817,129.0751195
13366,53,104,1142750,1736850,35.6174673,129.0762233
13367,54,104,1142850,1736850,35.6174528,129.0773271
13368,55,104,1142950,1736850,35.6174384,129.0784309
13369,56,104,1143050,1736850,35.6174239,129.0795348
13370,57,104,1143150,1736850,35.6174094,129.0806386
13371,58,104,1143250,1736850,35.617395,129.0817424
13372,59,104,1143350,1736850,35.6173805,129.0828462
13373,60,104,1143450,1736850,35.6173659,129.08395
13374,61,104,1143550,1736850,35.6173514,129.0850538
13375,62,104,1143650,1736850,35.6173369,129.0861576
13376,63,104,1143750,1736850,35.6173224,129.0872614
13377,64,104,1143850,1736850,35.6173078,129.0883652
13378,65,104,1143950,1736850,35.6172932,129.089469
13379,66,104,1144050,1736850,35.6172787,129.0905728
13380,67,104,1144150,1736850,35.6172641,129.0916766
13381,68,104,1144250,1736850,35.6172495,129.0927804
13382,69,104,1144350,1736850,35.6172349,129.0938842
13383,70,104,1144450,1736850,35.6172203,129.094988
13384,71,104,1144550,1736850,35.6172057,129.0960918
13385,72,104,1144650,1736850,35.617191,129.0971956
13386,73,104,1144750,1736850,35.6171764,129.0982994
13387,74,104,1144850,1736850,35.6171617,129.0994032
13388,75,104,1144950,1736850,35.6171471,129.100507
13389,76,104,1145050,1736850,35.6171324,129.1016108
13390,77,104,1145150,1736850,35.6171177,129.1027146
13391,78,104,1145250,1736850,35.617103,129.1038183
13392,79,104,1145350,1736850,35.6170883,129.1049221
13393,80,104,1145450,1736850,35.6170736,129.1060259
13394,81,104,1145550,1736850,35.6170589,129.1071297
13395,82,104,1145650,1736850,35.6170442,129.1082335
13396,83,104,1145750,1736850,35.6170294,129.1093373
13397,84,104,1145850,1736850,35.6170147,129.1104411
13398,85,104,1145950,1736850,35.6169999,129.1115449
13399,86,104,1146050,1736850,35.6169851,129.1126486
13400,87,104,1146150,1736850,35.6169704,129.1137524
13401,88,104,1146250,1736850,35.6169556,129.1148562
13402,89,104,1146350,1736850,35.6169408,129.11596
13403,90,104,1146450,1736850,35.616926,129.1170638
13404,91,104,1146550,1736850,35.6169111,129.1181676
13405,92,104,1146650,1736850,35.6168963,129.1192713
13406,93,104,1146750,1736850,35.6168815,129.1203751
13407,94,104,1146850,1736850,35.6168666,129.1214789
13408,95,104,1146950,1736850,35.6168517,129.1225827
13409,96,104,1147050,1736850,35.6168369,129.1236865
13410,97,104,1147150,1736850,35.616822,129.1247902
13411,98,104,1147250,1736850,35.6168071,129.125894
13412,99,104,1147350,1736850,35.6167922,129.1269978
13413,100,104,1147450,1736850,35.6167773,129.1281016
13414,101,104,1147550,1736850,35.6167624,129.1292053
13415,102,104,1147650,1736850,35.6167474,129.1303091
13416,103,104,1147750,1736850,35.6167325,129.1314129
13417,104,104,1147850,1736850,35.6167175,129.1325166
13418,105,104,1147950,1736850,35.6167026,129.1336204
13419,106,104,1148050,1736850,35.6166876,129.1347242
13420,107,104,1148150,1736850,35.6166726,129.1358279
13421,108,104,1148250,1736850,35.6166576,129.1369317
13422,109,104,1148350,1736850,35.6166426,129.1380355
13423,110,104,1148450,1736850,35.6166276,129.1391392
13424,111,104,1148550,1736850,35.6166126,129.140243
13425,112,104,1148650,1736850,35.6165975,129.1413468
13426,113,104,1148750,1736850,35.6165825,129.1424505
13427,114,104,1148850,1736850,35.6165674,129.1435543
13428,115,104,1148950,1736850,35.6165524,129.1446581
13429,116,104,1149050,1736850,35.6165373,129.1457618
13430,117,104,1149150,1736850,35.6165222,129.1468656
13431,118,104,1149250,1736850,35.6165071,129.1479693
13432,119,104,1149350,1736850,35.616492,129.1490731
13433,120,104,1149450,1736850,35.6164769,129.1501769
13434,121,104,1149550,1736850,35.6164618,129.1512806
13435,122,104,1149650,1736850,35.6164466,129.1523844
13436,123,104,1149750,1736850,35.6164315,129.1534881
13437,124,104,1149850,1736850,35.6164163,129.1545919
13438,125,104,1149950,1736850,35.6164012,129.1556956
13439,126,104,1150050,1736850,35.616386,129.1567994
13440,127,104,1150150,1736850,35.6163708,129.1579031
13441,127,105,1150150,1736950,35.6172721,129.1579217
13442,126,105,1150050,1736950,35.6172872,129.156818
13443,125,105,1149950,1736950,35.6173024,129.1557142
13444,124,105,1149850,1736950,35.6173176,129.1546104
13445,123,105,1149750,1736950,35.6173327,129.1535067
13446,122,105,1149650,1736950,35.6173479,129.1524029
13447,121,105,1149550,1736950,35.617363,129.1512991
13448,120,105,1149450,1736950,35.6173782,129.1501954
13449,119,105,1149350,1736950,35.6173933,129.1490916
13450,118,105,1149250,1736950,35.6174084,129.1479878
13451,117,105,1149150,1736950,35.6174235,129.1468841
13452,116,105,1149050,1736950,35.6174386,129.1457803
13453,115,105,1148950,1736950,35.6174536,129.1446765
13454,114,105,1148850,1736950,35.6174687,129.1435727
13455,113,105,1148750,1736950,35.6174838,129.142469
13456,112,105,1148650,1736950,35.6174988,129.1413652
13457,111,105,1148550,1736950,35.6175138,129.1402614
13458,110,105,1148450,1736950,35.6175289,129.1391576
13459,109,105,1148350,1736950,35.6175439,129.1380539
13460,108,105,1148250,1736950,35.6175589,129.1369501
13461,107,105,1148150,1736950,35.6175739,129.1358463
13462,106,105,1148050,1736950,35.6175889,129.1347425
13463,105,105,1147950,1736950,35.6176038,129.1336387
13464,104,105,1147850,1736950,35.6176188,129.132535
13465,103,105,1147750,1736950,35.6176338,129.1314312
13466,102,105,1147650,1736950,35.6176487,129.1303274
13467,101,105,1147550,1736950,35.6176636,129.1292236
13468,100,105,1147450,1736950,35.6176786,129.1281198
13469,99,105,1147350,1736950,35.6176935,129.127016
13470,98,105,1147250,1736950,35.6177084,129.1259123
13471,97,105,1147150,1736950,35.6177233,129.1248085
13472,96,105,1147050,1736950,35.6177382,129.1237047
13473,95,105,1146950,1736950,35.617753,129.1226009
13474,94,105,1146850,1736950,35.6177679,129.1214971
13475,93,105,1146750,1736950,35.6177828,129.1203933
13476,92,105,1146650,1736950,35.6177976,129.1192895
13477,91,105,1146550,1736950,35.6178124,129.1181857
13478,90,105,1146450,1736950,35.6178273,129.1170819
13479,89,105,1146350,1736950,35.6178421,129.1159781
13480,88,105,1146250,1736950,35.6178569,129.1148743
13481,87,105,1146150,1736950,35.6178717,129.1137705
13482,86,105,1146050,1736950,35.6178864,129.1126667
13483,85,105,1145950,1736950,35.6179012,129.1115629
13484,84,105,1145850,1736950,35.617916,129.1104592
13485,83,105,1145750,1736950,35.6179307,129.1093554
13486,82,105,1145650,1736950,35.6179455,129.1082516
13487,81,105,1145550,1736950,35.6179602,129.1071478
13488,80,105,1145450,1736950,35.6179749,129.106044
13489,79,105,1145350,1736950,35.6179896,129.1049401
13490,78,105,1145250,1736950,35.6180043,129.1038363
13491,77,105,1145150,1736950,35.618019,129.1027325
13492,76,105,1145050,1736950,35.6180337,129.1016287
13493,75,105,1144950,1736950,35.6180484,129.1005249
13494,74,105,1144850,1736950,35.618063,129.0994211
13495,73,105,1144750,1736950,35.6180777,129.0983173
13496,72,105,1144650,1736950,35.6180923,129.0972135
13497,71,105,1144550,1736950,35.618107,129.0961097
13498,70,105,1144450,1736950,35.6181216,129.0950059
13499,69,105,1144350,1736950,35.6181362,129.0939021
13500,68,105,1144250,1736950,35.6181508,129.0927983
13501,67,105,1144150,1736950,35.6181654,129.0916945
13502,66,105,1144050,1736950,35.61818,129.0905907
13503,65,105,1143950,1736950,35.6181945,129.0894868
13504,64,105,1143850,1736950,35.6182091,129.088383
13505,63,105,1143750,1736950,35.6182237,129.0872792
13506,62,105,1143650,1736950,35.6182382,129.0861754
13507,61,105,1143550,1736950,35.6182527,129.0850716
13508,60,105,1143450,1736950,35.6182672,129.0839678
13509,59,105,1143350,1736950,35.6182818,129.0828639
13510,58,105,1143250,1736950,35.6182963,129.0817601
13511,57,105,1143150,1736950,35.6183107,129.0806563
13512,56,105,1143050,1736950,35.6183252,129.0795525
13513,55,105,1142950,1736950,35.6183397,129.0784487
13514,54,105,1142850,1736950,35.6183542,129.0773448
13515,53,105,1142750,1736950,35.6183686,129.076241
13516,52,105,1142650,1736950,35.618383,129.0751372
13517,51,105,1142550,1736950,35.6183975,129.0740334
13518,50,105,1142450,1736950,35.6184119,129.0729295
13519,49,105,1142350,1736950,35.6184263,129.0718257
13520,48,105,1142250,1736950,35.6184407,129.0707219
13521,47,105,1142150,1736950,35.6184551,129.0696181
13522,46,105,1142050,1736950,35.6184695,129.0685142
13523,45,105,1141950,1736950,35.6184838,129.0674104
13524,44,105,1141850,1736950,35.6184982,129.0663066
13525,43,105,1141750,1736950,35.6185125,129.0652027
13526,42,105,1141650,1736950,35.6185269,129.0640989
13527,41,105,1141550,1736950,35.6185412,129.0629951
13528,40,105,1141450,1736950,35.6185555,129.0618913
13529,39,105,1141350,1736950,35.6185698,129.0607874
13530,38,105,1141250,1736950,35.6185841,129.0596836
13531,37,105,1141150,1736950,35.6185984,129.0585798
13532,36,105,1141050,1736950,35.6186127,129.0574759
13533,35,105,1140950,1736950,35.618627,129.0563721
13534,34,105,1140850,1736950,35.6186412,129.0552682
13535,33,105,1140750,1736950,35.6186555,129.0541644
13536,32,105,1140650,1736950,35.6186697,129.0530606
13537,31,105,1140550,1736950,35.6186839,129.0519567
13538,30,105,1140450,1736950,35.6186981,129.0508529
13539,29,105,1140350,1736950,35.6187124,129.049749
13540,28,105,1140250,1736950,35.6187266,129.0486452
13541,27,105,1140150,1736950,35.6187407,129.0475414
13542,26,105,1140050,1736950,35.6187549,129.0464375
13543,25,105,1139950,1736950,35.6187691,129.0453337
13544,24,105,1139850,1736950,35.6187832,129.0442298
13545,23,105,1139750,1736950,35.6187974,129.043126
13546,22,105,1139650,1736950,35.6188115,129.0420221
13547,21,105,1139550,1736950,35.6188256,129.0409183
13548,20,105,1139450,1736950,35.6188398,129.0398144
13549,19,105,1139350,1736950,35.6188539,129.0387106
13550,18,105,1139250,1736950,35.618868,129.0376067
13551,17,105,1139150,1736950,35.618882,129.0365029
13552,16,105,1139050,1736950,35.6188961,129.035399
13553,15,105,1138950,1736950,35.6189102,129.0342952
13554,14,105,1138850,1736950,35.6189242,129.0331913
13555,13,105,1138750,1736950,35.6189383,129.0320875
13556,12,105,1138650,1736950,35.6189523,129.0309836
13557,11,105,1138550,1736950,35.6189663,129.0298798
13558,10,105,1138450,1736950,35.6189804,129.0287759
13559,9,105,1138350,1736950,35.6189944,129.0276721
13560,8,105,1138250,1736950,35.6190084,129.0265682
13561,7,105,1138150,1736950,35.6190223,129.0254643
13562,6,105,1138050,1736950,35.6190363,129.0243605
13563,5,105,1137950,1736950,35.6190503,129.0232566
13564,4,105,1137850,1736950,35.6190642,129.0221528
13565,3,105,1137750,1736950,35.6190782,129.0210489
13566,2,105,1137650,1736950,35.6190921,129.019945
13567,1,105,1137550,1736950,35.619106,129.0188412
13568,0,105,1137450,1736950,35.61912,129.0177373
13569,0,106,1137450,1737050,35.6200213,129.0177543
13570,1,106,1137550,1737050,35.6200074,129.0188582
13571,2,106,1137650,1737050,35.6199934,129.0199621
13572,3,106,1137750,1737050,35.6199795,129.021066
13573,4,106,1137850,1737050,35.6199656,129.0221698
13574,5,106,1137950,1737050,35.6199516,129.0232737
13575,6,106,1138050,1737050,35.6199377,129.0243776
13576,7,106,1138150,1737050,35.6199237,129.0254815
13577,8,106,1138250,1737050,35.6199097,129.0265853
13578,9,106,1138350,1737050,35.6198957,129.0276892
13579,10,106,1138450,1737050,35.6198817,129.0287931
13580,11,106,1138550,1737050,35.6198677,129.0298969
13581,12,106,1138650,1737050,35.6198537,129.0310008
13582,13,106,1138750,1737050,35.6198396,129.0321047
13583,14,106,1138850,1737050,35.6198256,129.0332085
13584,15,106,1138950,1737050,35.6198115,129.0343124
13585,16,106,1139050,1737050,35.6197974,129.0354163
13586,17,106,1139150,1737050,35.6197834,129.0365201
13587,18,106,1139250,1737050,35.6197693,129.037624
13588,19,106,1139350,1737050,35.6197552,129.0387279
13589,20,106,1139450,1737050,35.6197411,129.0398317
13590,21,106,1139550,1737050,35.619727,129.0409356
13591,22,106,1139650,1737050,35.6197128,129.0420394
13592,23,106,1139750,1737050,35.6196987,129.0431433
13593,24,106,1139850,1737050,35.6196846,129.0442472
13594,25,106,1139950,1737050,35.6196704,129.045351
13595,26,106,1140050,1737050,35.6196562,129.0464549
13596,27,106,1140150,1737050,35.6196421,129.0475587
13597,28,106,1140250,1737050,35.6196279,129.0486626
13598,29,106,1140350,1737050,35.6196137,129.0497664
13599,30,106,1140450,1737050,35.6195995,129.0508703
13600,31,106,1140550,1737050,35.6195853,129.0519741
13601,32,106,1140650,1737050,35.619571,129.053078
13602,33,106,1140750,1737050,35.6195568,129.0541818
13603,34,106,1140850,1737050,35.6195425,129.0552857
13604,35,106,1140950,1737050,35.6195283,129.0563895
13605,36,106,1141050,1737050,35.619514,129.0574934
13606,37,106,1141150,1737050,35.6194997,129.0585972
13607,38,106,1141250,1737050,35.6194854,129.0597011
13608,39,106,1141350,1737050,35.6194711,129.0608049
13609,40,106,1141450,1737050,35.6194568,129.0619088
13610,41,106,1141550,1737050,35.6194425,129.0630126
13611,42,106,1141650,1737050,35.6194282,129.0641165
13612,43,106,1141750,1737050,35.6194139,129.0652203
13613,44,106,1141850,1737050,35.6193995,129.0663242
13614,45,106,1141950,1737050,35.6193851,129.067428
13615,46,106,1142050,1737050,35.6193708,129.0685318
13616,47,106,1142150,1737050,35.6193564,129.0696357
13617,48,106,1142250,1737050,35.619342,129.0707395
13618,49,106,1142350,1737050,35.6193276,129.0718434
13619,50,106,1142450,1737050,35.6193132,129.0729472
13620,51,106,1142550,1737050,35.6192988,129.074051
13621,52,106,1142650,1737050,35.6192844,129.0751549
13622,53,106,1142750,1737050,35.6192699,129.0762587
13623,54,106,1142850,1737050,35.6192555,129.0773625
13624,55,106,1142950,1737050,35.619241,129.0784664
13625,56,106,1143050,1737050,35.6192265,129.0795702
13626,57,106,1143150,1737050,35.6192121,129.080674
13627,58,106,1143250,1737050,35.6191976,129.0817779
13628,59,106,1143350,1737050,35.6191831,129.0828817
13629,60,106,1143450,1737050,35.6191686,129.0839855
13630,61,106,1143550,1737050,35.619154,129.0850894
13631,62,106,1143650,1737050,35.6191395,129.0861932
13632,63,106,1143750,1737050,35.619125,129.087297
13633,64,106,1143850,1737050,35.6191104,129.0884009
13634,65,106,1143950,1737050,35.6190959,129.0895047
13635,66,106,1144050,1737050,35.6190813,129.0906085
13636,67,106,1144150,1737050,35.6190667,129.0917123
13637,68,106,1144250,1737050,35.6190521,129.0928162
13638,69,106,1144350,1737050,35.6190375,129.09392
13639,70,106,1144450,1737050,35.6190229,129.0950238
13640,71,106,1144550,1737050,35.6190083,129.0961276
13641,72,106,1144650,1737050,35.6189936,129.0972314
13642,73,106,1144750,1737050,35.618979,129.0983353
13643,74,106,1144850,1737050,35.6189643,129.0994391
13644,75,106,1144950,1737050,35.6189497,129.1005429
13645,76,106,1145050,1737050,35.618935,129.1016467
13646,77,106,1145150,1737050,35.6189203,129.1027505
13647,78,106,1145250,1737050,35.6189056,129.1038543
13648,79,106,1145350,1737050,35.6188909,129.1049582
13649,80,106,1145450,1737050,35.6188762,129.106062
13650,81,106,1145550,1737050,35.6188615,129.1071658
13651,82,106,1145650,1737050,35.6188468,129.1082696
13652,83,106,1145750,1737050,35.618832,129.1093734
13653,84,106,1145850,1737050,35.6188173,129.1104772
13654,85,106,1145950,1737050,35.6188025,129.111581
13655,86,106,1146050,1737050,35.6187877,129.1126848
13656,87,106,1146150,1737050,35.618773,129.1137887
13657,88,106,1146250,1737050,35.6187582,129.1148925
13658,89,106,1146350,1737050,35.6187434,129.1159963
13659,90,106,1146450,1737050,35.6187285,129.1171001
13660,91,106,1146550,1737050,35.6187137,129.1182039
13661,92,106,1146650,1737050,35.6186989,129.1193077
13662,93,106,1146750,1737050,35.618684,129.1204115
13663,94,106,1146850,1737050,35.6186692,129.1215153
13664,95,106,1146950,1737050,35.6186543,129.1226191
13665,96,106,1147050,1737050,35.6186394,129.1237229
13666,97,106,1147150,1737050,35.6186246,129.1248267
13667,98,106,1147250,1737050,35.6186097,129.1259305
13668,99,106,1147350,1737050,35.6185948,129.1270343
13669,100,106,1147450,1737050,35.6185799,129.1281381
13670,101,106,1147550,1737050,35.6185649,129.1292419
13671,102,106,1147650,1737050,35.61855,129.1303457
13672,103,106,1147750,1737050,35.618535,129.1314495
13673,104,106,1147850,1737050,35.6185201,129.1325533
13674,105,106,1147950,1737050,35.6185051,129.1336571
13675,106,106,1148050,1737050,35.6184902,129.1347609
13676,107,106,1148150,1737050,35.6184752,129.1358647
13677,108,106,1148250,1737050,35.6184602,129.1369685
13678,109,106,1148350,1737050,35.6184452,129.1380722
13679,110,106,1148450,1737050,35.6184301,129.139176
13680,111,106,1148550,1737050,35.6184151,129.1402798
13681,112,106,1148650,1737050,35.6184001,129.1413836
13682,113,106,1148750,1737050,35.618385,129.1424874
13683,114,106,1148850,1737050,35.61837,129.1435912
13684,115,106,1148950,1737050,35.6183549,129.144695
13685,116,106,1149050,1737050,35.6183398,129.1457988
13686,117,106,1149150,1737050,35.6183248,129.1469025
13687,118,106,1149250,1737050,35.6183097,129.1480063
13688,119,106,1149350,1737050,35.6182946,129.1491101
13689,120,106,1149450,1737050,35.6182794,129.1502139
13690,121,106,1149550,1737050,35.6182643,129.1513177
13691,122,106,1149650,1737050,35.6182492,129.1524214
13692,123,106,1149750,1737050,35.618234,129.1535252
13693,124,106,1149850,1737050,35.6182189,129.154629
13694,125,106,1149950,1737050,35.6182037,129.1557328
13695,126,106,1150050,1737050,35.6181885,129.1568366
13696,127,106,1150150,1737050,35.6181733,129.1579403
13697,127,107,1150150,1737150,35.6190746,129.1579589
13698,126,107,1150050,1737150,35.6190898,129.1568552
13699,125,107,1149950,1737150,35.619105,129.1557514
13700,124,107,1149850,1737150,35.6191201,129.1546476
13701,123,107,1149750,1737150,35.6191353,129.1535438
13702,122,107,1149650,1737150,35.6191504,129.15244
13703,121,107,1149550,1737150,35.6191656,129.1513362
13704,120,107,1149450,1737150,35.6191807,129.1502324
13705,119,107,1149350,1737150,35.6191958,129.1491286
13706,118,107,1149250,1737150,35.6192109,129.1480248
13707,117,107,1149150,1737150,35.619226,129.146921
13708,116,107,1149050,1737150,35.6192411,129.1458172
13709,115,107,1148950,1737150,35.6192562,129.1447134
13710,114,107,1148850,1737150,35.6192713,129.1436096
13711,113,107,1148750,1737150,35.6192863,129.1425058
13712,112,107,1148650,1737150,35.6193014,129.141402
13713,111,107,1148550,1737150,35.6193164,129.1402982
13714,110,107,1148450,1737150,35.6193314,129.1391944
13715,109,107,1148350,1737150,35.6193464,129.1380906
13716,108,107,1148250,1737150,35.6193615,129.1369868
13717,107,107,1148150,1737150,35.6193764,129.135883
13718,106,107,1148050,1737150,35.6193914,129.1347792
13719,105,107,1147950,1737150,35.6194064,129.1336754
13720,104,107,1147850,1737150,35.6194214,129.1325716
13721,103,107,1147750,1737150,35.6194363,129.1314678
13722,102,107,1147650,1737150,35.6194513,129.130364
13723,101,107,1147550,1737150,35.6194662,129.1292602
13724,100,107,1147450,1737150,35.6194811,129.1281564
13725,99,107,1147350,1737150,35.6194961,129.1270526
13726,98,107,1147250,1737150,35.619511,129.1259487
13727,97,107,1147150,1737150,35.6195259,129.1248449
13728,96,107,1147050,1737150,35.6195407,129.1237411
13729,95,107,1146950,1737150,35.6195556,129.1226373
13730,94,107,1146850,1737150,35.6195705,129.1215335
13731,93,107,1146750,1737150,35.6195853,129.1204297
13732,92,107,1146650,1737150,35.6196002,129.1193259
13733,91,107,1146550,1737150,35.619615,129.118222
13734,90,107,1146450,1737150,35.6196298,129.1171182
13735,89,107,1146350,1737150,35.6196446,129.1160144
13736,88,107,1146250,1737150,35.6196595,129.1149106
13737,87,107,1146150,1737150,35.6196742,129.1138068
13738,86,107,1146050,1737150,35.619689,129.1127029
13739,85,107,1145950,1737150,35.6197038,129.1115991
13740,84,107,1145850,1737150,35.6197186,129.1104953
13741,83,107,1145750,1737150,35.6197333,129.1093915
13742,82,107,1145650,1737150,35.6197481,129.1082877
13743,81,107,1145550,1737150,35.6197628,129.1071838
13744,80,107,1145450,1737150,35.6197775,129.10608
13745,79,107,1145350,1737150,35.6197922,129.1049762
13746,78,107,1145250,1737150,35.6198069,129.1038723
13747,77,107,1145150,1737150,35.6198216,129.1027685
13748,76,107,1145050,1737150,35.6198363,129.1016647
13749,75,107,1144950,1737150,35.619851,129.1005609
13750,74,107,1144850,1737150,35.6198656,129.099457
13751,73,107,1144750,1737150,35.6198803,129.0983532
13752,72,107,1144650,1737150,35.6198949,129.0972494
13753,71,107,1144550,1737150,35.6199096,129.0961455
13754,70,107,1144450,1737150,35.6199242,129.0950417
13755,69,107,1144350,1737150,35.6199388,129.0939379
13756,68,107,1144250,1737150,35.6199534,129.092834
13757,67,107,1144150,1737150,35.619968,129.0917302
13758,66,107,1144050,1737150,35.6199826,129.0906264
13759,65,107,1143950,1737150,35.6199972,129.0895225
13760,64,107,1143850,1737150,35.6200117,129.0884187
13761,63,107,1143750,1737150,35.6200263,129.0873148
13762,62,107,1143650,1737150,35.6200408,129.086211
13763,61,107,1143550,1737150,35.6200553,129.0851072
13764,60,107,1143450,1737150,35.6200699,129.0840033
13765,59,107,1143350,1737150,35.6200844,129.0828995
13766,58,107,1143250,1737150,35.6200989,129.0817956
13767,57,107,1143150,1737150,35.6201134,129.0806918
13768,56,107,1143050,1737150,35.6201278,129.0795879
13769,55,107,1142950,1737150,35.6201423,129.0784841
13770,54,107,1142850,1737150,35.6201568,129.0773802
13771,53,107,1142750,1737150,35.6201712,129.0762764
13772,52,107,1142650,1737150,35.6201857,129.0751726
13773,51,107,1142550,1737150,35.6202001,129.0740687
13774,50,107,1142450,1737150,35.6202145,129.0729649
13775,49,107,1142350,1737150,35.6202289,129.071861
13776,48,107,1142250,1737150,35.6202433,129.0707572
13777,47,107,1142150,1737150,35.6202577,129.0696533
13778,46,107,1142050,1737150,35.6202721,129.0685494
13779,45,107,1141950,1737150,35.6202865,129.0674456
13780,44,107,1141850,1737150,35.6203008,129.0663417
13781,43,107,1141750,1737150,35.6203152,129.0652379
13782,42,107,1141650,1737150,35.6203295,129.064134
13783,41,107,1141550,1737150,35.6203438,129.0630302
13784,40,107,1141450,1737150,35.6203582,129.0619263
13785,39,107,1141350,1737150,35.6203725,129.0608225
13786,38,107,1141250,1737150,35.6203868,129.0597186
13787,37,107,1141150,1737150,35.6204011,129.0586147
13788,36,107,1141050,1737150,35.6204153,129.0575109
13789,35,107,1140950,1737150,35.6204296,129.056407
13790,34,107,1140850,1737150,35.6204439,129.0553032
13791,33,107,1140750,1737150,35.6204581,129.0541993
13792,32,107,1140650,1737150,35.6204723,129.0530954
13793,31,107,1140550,1737150,35.6204866,129.0519916
13794,30,107,1140450,1737150,35.6205008,129.0508877
13795,29,107,1140350,1737150,35.620515,129.0497838
13796,28,107,1140250,1737150,35.6205292,129.04868
13797,27,107,1140150,1737150,35.6205434,129.0475761
13798,26,107,1140050,1737150,35.6205576,129.0464722
13799,25,107,1139950,1737150,35.6205717,129.0453684
13800,24,107,1139850,1737150,35.6205859,129.0442645
13801,23,107,1139750,1737150,35.6206,129.0431606
13802,22,107,1139650,1737150,35.6206142,129.0420567
13803,21,107,1139550,1737150,35.6206283,129.0409529
13804,20,107,1139450,1737150,35.6206424,129.039849
13805,19,107,1139350,1737150,35.6206565,129.0387451
13806,18,107,1139250,1737150,35.6206706,129.0376413
13807,17,107,1139150,1737150,35.6206847,129.0365374
13808,16,107,1139050,1737150,35.6206988,129.0354335
13809,15,107,1138950,1737150,35.6207128,129.0343296
13810,14,107,1138850,1737150,35.6207269,129.0332257
13811,13,107,1138750,1737150,35.6207409,129.0321219
13812,12,107,1138650,1737150,35.620755,129.031018
13813,11,107,1138550,1737150,35.620769,129.0299141
13814,10,107,1138450,1737150,35.620783,129.0288102
13815,9,107,1138350,1737150,35.620797,129.0277063
13816,8,107,1138250,1737150,35.620811,129.0266025
13817,7,107,1138150,1737150,35.620825,129.0254986
13818,6,107,1138050,1737150,35.620839,129.0243947
13819,5,107,1137950,1737150,35.6208529,129.0232908
13820,4,107,1137850,1737150,35.6208669,129.0221869
13821,3,107,1137750,1737150,35.6208808,129.021083
13822,2,107,1137650,1737150,35.6208948,129.0199792
13823,1,107,1137550,1737150,35.6209087,129.0188753
13824,0,107,1137450,1737150,35.6209226,129.0177714
13825,0,108,1137450,1737250,35.621824,129.0177884
13826,1,108,1137550,1737250,35.62181,129.0188923
13827,2,108,1137650,1737250,35.6217961,129.0199962
13828,3,108,1137750,1737250,35.6217822,129.0211001
13829,4,108,1137850,1737250,35.6217682,129.022204
13830,5,108,1137950,1737250,35.6217543,129.0233079
13831,6,108,1138050,1737250,35.6217403,129.0244118
13832,7,108,1138150,1737250,35.6217263,129.0255157
13833,8,108,1138250,1737250,35.6217124,129.0266196
13834,9,108,1138350,1737250,35.6216984,129.0277235
13835,10,108,1138450,1737250,35.6216844,129.0288274
13836,11,108,1138550,1737250,35.6216703,129.0299313
13837,12,108,1138650,1737250,35.6216563,129.0310352
13838,13,108,1138750,1737250,35.6216423,129.0321391
13839,14,108,1138850,1737250,35.6216282,129.033243
13840,15,108,1138950,1737250,35.6216142,129.0343468
13841,16,108,1139050,1737250,35.6216001,129.0354507
13842,17,108,1139150,1737250,35.621586,129.0365546
13843,18,108,1139250,1737250,35.6215719,129.0376585
13844,19,108,1139350,1737250,35.6215578,129.0387624
13845,20,108,1139450,1737250,35.6215437,129.0398663
13846,21,108,1139550,1737250,35.6215296,129.0409702
13847,22,108,1139650,1737250,35.6215155,129.0420741
13848,23,108,1139750,1737250,35.6215014,129.0431779
13849,24,108,1139850,1737250,35.6214872,129.0442818
13850,25,108,1139950,1737250,35.621473,129.0453857
13851,26,108,1140050,1737250,35.6214589,129.0464896
13852,27,108,1140150,1737250,35.6214447,129.0475935
13853,28,108,1140250,1737250,35.6214305,129.0486973
13854,29,108,1140350,1737250,35.6214163,129.0498012
13855,30,108,1140450,1737250,35.6214021,129.0509051
13856,31,108,1140550,1737250,35.6213879,129.052009
13857,32,108,1140650,1737250,35.6213737,129.0531129
13858,33,108,1140750,1737250,35.6213594,129.0542167
13859,34,108,1140850,1737250,35.6213452,129.0553206
13860,35,108,1140950,1737250,35.6213309,129.0564245
13861,36,108,1141050,1737250,35.6213166,129.0575284
13862,37,108,1141150,1737250,35.6213024,129.0586322
13863,38,108,1141250,1737250,35.6212881,129.0597361
13864,39,108,1141350,1737250,35.6212738,129.06084
13865,40,108,1141450,1737250,35.6212595,129.0619438
13866,41,108,1141550,1737250,35.6212452,129.0630477
13867,42,108,1141650,1737250,35.6212308,129.0641516
13868,43,108,1141750,1737250,35.6212165,129.0652555
13869,44,108,1141850,1737250,35.6212021,129.0663593
13870,45,108,1141950,1737250,35.6211878,129.0674632
13871,46,108,1142050,1737250,35.6211734,129.0685671
13872,47,108,1142150,1737250,35.621159,129.0696709
13873,48,108,1142250,1737250,35.6211446,129.0707748
13874,49,108,1142350,1737250,35.6211302,129.0718786
13875,50,108,1142450,1737250,35.6211158,129.0729825
13876,51,108,1142550,1737250,35.6211014,129.0740864
13877,52,108,1142650,1737250,35.621087,129.0751902
13878,53,108,1142750,1737250,35.6210725,129.0762941
13879,54,108,1142850,1737250,35.6210581,129.077398
13880,55,108,1142950,1737250,35.6210436,129.0785018
13881,56,108,1143050,1737250,35.6210292,129.0796057
13882,57,108,1143150,1737250,35.6210147,129.0807095
13883,58,108,1143250,1737250,35.6210002,129.0818134
13884,59,108,1143350,1737250,35.6209857,129.0829172
13885,60,108,1143450,1737250,35.6209712,129.0840211
13886,61,108,1143550,1737250,35.6209566,129.0851249
13887,62,108,1143650,1737250,35.6209421,129.0862288
13888,63,108,1143750,1737250,35.6209276,129.0873327
13889,64,108,1143850,1737250,35.620913,129.0884365
13890,65,108,1143950,1737250,35.6208985,129.0895404
13891,66,108,1144050,1737250,35.6208839,129.0906442
13892,67,108,1144150,1737250,35.6208693,129.0917481
13893,68,108,1144250,1737250,35.6208547,129.0928519
13894,69,108,1144350,1737250,35.6208401,129.0939558
13895,70,108,1144450,1737250,35.6208255,129.0950596
13896,71,108,1144550,1737250,35.6208109,129.0961634
13897,72,108,1144650,1737250,35.6207962,129.0972673
13898,73,108,1144750,1737250,35.6207816,129.0983711
13899,74,108,1144850,1737250,35.6207669,129.099475
13900,75,108,1144950,1737250,35.6207523,129.1005788
13901,76,108,1145050,1737250,35.6207376,129.1016827
13902,77,108,1145150,1737250,35.6207229,129.1027865
13903,78,108,1145250,1737250,35.6207082,129.1038903
13904,79,108,1145350,1737250,35.6206935,129.1049942
13905,80,108,1145450,1737250,35.6206788,129.106098
13906,81,108,1145550,1737250,35.6206641,129.1072019
13907,82,108,1145650,1737250,35.6206494,129.1083057
13908,83,108,1145750,1737250,35.6206346,129.1094095
13909,84,108,1145850,1737250,35.6206199,129.1105134
13910,85,108,1145950,1737250,35.6206051,129.1116172
13911,86,108,1146050,1737250,35.6205903,129.112721
13912,87,108,1146150,1737250,35.6205755,129.1138249
13913,88,108,1146250,1737250,35.6205607,129.1149287
13914,89,108,1146350,1737250,35.6205459,129.1160325
13915,90,108,1146450,1737250,35.6205311,129.1171364
13916,91,108,1146550,1737250,35.6205163,129.1182402
13917,92,108,1146650,1737250,35.6205015,129.119344
13918,93,108,1146750,1737250,35.6204866,129.1204479
13919,94,108,1146850,1737250,35.6204718,129.1215517
13920,95,108,1146950,1737250,35.6204569,129.1226555
13921,96,108,1147050,1737250,35.620442,129.1237593
13922,97,108,1147150,1737250,35.6204271,129.1248632
13923,98,108,1147250,1737250,35.6204122,129.125967
13924,99,108,1147350,1737250,35.6203973,129.1270708
13925,100,108,1147450,1737250,35.6203824,129.1281746
13926,101,108,1147550,1737250,35.6203675,129.1292785
13927,102,108,1147650,1737250,35.6203526,129.1303823
13928,103,108,1147750,1737250,35.6203376,129.1314861
13929,104,108,1147850,1737250,35.6203227,129.1325899
13930,105,108,1147950,1737250,35.6203077,129.1336937
13931,106,108,1148050,1737250,35.6202927,129.1347976
13932,107,108,1148150,1737250,35.6202777,129.1359014
13933,108,108,1148250,1737250,35.6202627,129.1370052
13934,109,108,1148350,1737250,35.6202477,129.138109
13935,110,108,1148450,1737250,35.6202327,129.1392128
13936,111,108,1148550,1737250,35.6202177,129.1403166
13937,112,108,1148650,1737250,35.6202026,129.1414205
13938,113,108,1148750,1737250,35.6201876,129.1425243
13939,114,108,1148850,1737250,35.6201725,129.1436281
13940,115,108,1148950,1737250,35.6201575,129.1447319
13941,116,108,1149050,1737250,35.6201424,129.1458357
13942,117,108,1149150,1737250,35.6201273,129.1469395
13943,118,108,1149250,1737250,35.6201122,129.1480433
13944,119,108,1149350,1737250,35.6200971,129.1491471
13945,120,108,1149450,1737250,35.620082,129.1502509
13946,121,108,1149550,1737250,35.6200669,129.1513547
13947,122,108,1149650,1737250,35.6200517,129.1524585
13948,123,108,1149750,1737250,35.6200366,129.1535623
13949,124,108,1149850,1737250,35.6200214,129.1546661
13950,125,108,1149950,1737250,35.6200062,129.15577
13951,126,108,1150050,1737250,35.6199911,129.1568738
13952,127,108,1150150,1737250,35.6199759,129.1579776
13953,127,109,1150150,1737350,35.6208772,129.1579962
13954,126,109,1150050,1737350,35.6208923,129.1568923
13955,125,109,1149950,1737350,35.6209075,129.1557885
13956,124,109,1149850,1737350,35.6209227,129.1546847
13957,123,109,1149750,1737350,35.6209378,129.1535809
13958,122,109,1149650,1737350,35.620953,129.1524771
13959,121,109,1149550,1737350,35.6209681,129.1513733
13960,120,109,1149450,1737350,35.6209833,129.1502695
13961,119,109,1149350,1737350,35.6209984,129.1491656
13962,118,109,1149250,1737350,35.6210135,129.1480618
13963,117,109,1149150,1737350,35.6210286,129.146958
13964,116,109,1149050,1737350,35.6210437,129.1458542
13965,115,109,1148950,1737350,35.6210588,129.1447503
13966,114,109,1148850,1737350,35.6210738,129.1436465
13967,113,109,1148750,1737350,35.6210889,129.1425427
13968,112,109,1148650,1737350,35.6211039,129.1414389
13969,111,109,1148550,1737350,35.621119,129.140335
13970,110,109,1148450,1737350,35.621134,129.1392312
13971,109,109,1148350,1737350,35.621149,129.1381274
13972,108,109,1148250,1737350,35.621164,129.1370236
13973,107,109,1148150,1737350,35.621179,129.1359197
13974,106,109,1148050,1737350,35.621194,129.1348159
13975,105,109,1147950,1737350,35.621209,129.1337121
13976,104,109,1147850,1737350,35.6212239,129.1326082
13977,103,109,1147750,1737350,35.6212389,129.1315044
13978,102,109,1147650,1737350,35.6212538,129.1304006
13979,101,109,1147550,1737350,35.6212688,129.1292967
13980,100,109,1147450,1737350,35.6212837,129.1281929
13981,99,109,1147350,1737350,35.6212986,129.1270891
13982,98,109,1147250,1737350,35.6213135,129.1259852
13983,97,109,1147150,1737350,35.6213284,129.1248814
13984,96,109,1147050,1737350,35.6213433,129.1237776
13985,95,109,1146950,1737350,35.6213582,129.1226737
13986,94,109,1146850,1737350,35.6213731,129.1215699
13987,93,109,1146750,1737350,35.6213879,129.120466
13988,92,109,1146650,1737350,35.6214028,129.1193622
13989,91,109,1146550,1737350,35.6214176,129.1182584
13990,90,109,1146450,1737350,35.6214324,129.1171545
13991,89,109,1146350,1737350,35.6214472,129.1160507
13992,88,109,1146250,1737350,35.621462,129.1149468
13993,87,109,1146150,1737350,35.6214768,129.113843
13994,86,109,1146050,1737350,35.6214916,129.1127391
13995,85,109,1145950,1737350,35.6215064,129.1116353
13996,84,109,1145850,1737350,35.6215212,129.1105315
13997,83,109,1145750,1737350,35.6215359,129.1094276
13998,82,109,1145650,1737350,35.6215507,129.1083238
13999,81,109,1145550,1737350,35.6215654,129.1072199
14000,80,109,1145450,1737350,35.6215801,129.1061161
14001,79,109,1145350,1737350,35.6215948,129.1050122
14002,78,109,1145250,1737350,35.6216095,129.1039083
14003,77,109,1145150,1737350,35.6216242,129.1028045
14004,76,109,1145050,1737350,35.6216389,129.1017006
14005,75,109,1144950,1737350,35.6216536,129.1005968
14006,74,109,1144850,1737350,35.6216682,129.0994929
14007,73,109,1144750,1737350,35.6216829,129.0983891
14008,72,109,1144650,1737350,35.6216975,129.0972852
14009,71,109,1144550,1737350,35.6217122,129.0961814
14010,70,109,1144450,1737350,35.6217268,129.0950775
14011,69,109,1144350,1737350,35.6217414,129.0939736
14012,68,109,1144250,1737350,35.621756,129.0928698
14013,67,109,1144150,1737350,35.6217706,129.0917659
14014,66,109,1144050,1737350,35.6217852,129.0906621
14015,65,109,1143950,1737350,35.6217998,129.0895582
14016,64,109,1143850,1737350,35.6218143,129.0884543
14017,63,109,1143750,1737350,35.6218289,129.0873505
14018,62,109,1143650,1737350,35.6218434,129.0862466
14019,61,109,1143550,1737350,35.621858,129.0851427
14020,60,109,1143450,1737350,35.6218725,129.0840389
14021,59,109,1143350,1737350,35.621887,129.082935
14022,58,109,1143250,1737350,35.6219015,129.0818311
14023,57,109,1143150,1737350,35.621916,129.0807273
14024,56,109,1143050,1737350,35.6219305,129.0796234
14025,55,109,1142950,1737350,35.6219449,129.0785195
14026,54,109,1142850,1737350,35.6219594,129.0774157
14027,53,109,1142750,1737350,35.6219738,129.0763118
14028,52,109,1142650,1737350,35.6219883,129.0752079
14029,51,109,1142550,1737350,35.6220027,129.074104
14030,50,109,1142450,1737350,35.6220171,129.0730002
14031,49,109,1142350,1737350,35.6220315,129.0718963
14032,48,109,1142250,1737350,35.6220459,129.0707924
14033,47,109,1142150,1737350,35.6220603,129.0696885
14034,46,109,1142050,1737350,35.6220747,129.0685847
14035,45,109,1141950,1737350,35.6220891,129.0674808
14036,44,109,1141850,1737350,35.6221034,129.0663769
14037,43,109,1141750,1737350,35.6221178,129.065273
14038,42,109,1141650,1737350,35.6221321,129.0641691
14039,41,109,1141550,1737350,35.6221465,129.0630653
14040,40,109,1141450,1737350,35.6221608,129.0619614
14041,39,109,1141350,1737350,35.6221751,129.0608575
14042,38,109,1141250,1737350,35.6221894,129.0597536
14043,37,109,1141150,1737350,35.6222037,129.0586497
14044,36,109,1141050,1737350,35.622218,129.0575458
14045,35,109,1140950,1737350,35.6222322,129.056442
14046,34,109,1140850,1737350,35.6222465,129.0553381
14047,33,109,1140750,1737350,35.6222607,129.0542342
14048,32,109,1140650,1737350,35.622275,129.0531303
14049,31,109,1140550,1737350,35.6222892,129.0520264
14050,30,109,1140450,1737350,35.6223034,129.0509225
14051,29,109,1140350,1737350,35.6223176,129.0498186
14052,28,109,1140250,1737350,35.6223318,129.0487147
14053,27,109,1140150,1737350,35.622346,129.0476108
14054,26,109,1140050,1737350,35.6223602,129.0465069
14055,25,109,1139950,1737350,35.6223744,129.045403
14056,24,109,1139850,1737350,35.6223885,129.0442992
14057,23,109,1139750,1737350,35.6224027,129.0431953
14058,22,109,1139650,1737350,35.6224168,129.0420914
14059,21,109,1139550,1737350,35.6224309,129.0409875
14060,20,109,1139450,1737350,35.6224451,129.0398836
14061,19,109,1139350,1737350,35.6224592,129.0387797
14062,18,109,1139250,1737350,35.6224733,129.0376758
14063,17,109,1139150,1737350,35.6224874,129.0365719
14064,16,109,1139050,1737350,35.6225014,129.035468
14065,15,109,1138950,1737350,35.6225155,129.0343641
14066,14,109,1138850,1737350,35.6225296,129.0332602
14067,13,109,1138750,1737350,35.6225436,129.0321563
14068,12,109,1138650,1737350,35.6225576,129.0310524
14069,11,109,1138550,1737350,35.6225717,129.0299485
14070,10,109,1138450,1737350,35.6225857,129.0288445
14071,9,109,1138350,1737350,35.6225997,129.0277406
14072,8,109,1138250,1737350,35.6226137,129.0266367
14073,7,109,1138150,1737350,35.6226277,129.0255328
14074,6,109,1138050,1737350,35.6226416,129.0244289
14075,5,109,1137950,1737350,35.6226556,129.023325
14076,4,109,1137850,1737350,35.6226696,129.0222211
14077,3,109,1137750,1737350,35.6226835,129.0211172
14078,2,109,1137650,1737350,35.6226974,129.0200133
14079,1,109,1137550,1737350,35.6227114,129.0189094
14080,0,109,1137450,1737350,35.6227253,129.0178055
14081,0,110,1137450,1737450,35.6236266,129.0178225
14082,1,110,1137550,1737450,35.6236127,129.0189264
14083,2,110,1137650,1737450,35.6235988,129.0200303
14084,3,110,1137750,1737450,35.6235848,129.0211343
14085,4,110,1137850,1737450,35.6235709,129.0222382
14086,5,110,1137950,1737450,35.6235569,129.0233421
14087,6,110,1138050,1737450,35.623543,129.024446
14088,7,110,1138150,1737450,35.623529,129.02555
14089,8,110,1138250,1737450,35.623515,129.0266539
14090,9,110,1138350,1737450,35.623501,129.0277578
14091,10,110,1138450,1737450,35.623487,129.0288617
14092,11,110,1138550,1737450,35.623473,129.0299656
14093,12,110,1138650,1737450,35.623459,129.0310695
14094,13,110,1138750,1737450,35.6234449,129.0321735
14095,14,110,1138850,1737450,35.6234309,129.0332774
14096,15,110,1138950,1737450,35.6234168,129.0343813
14097,16,110,1139050,1737450,35.6234028,129.0354852
14098,17,110,1139150,1737450,35.6233887,129.0365891
14099,18,110,1139250,1737450,35.6233746,129.037693
14100,19,110,1139350,1737450,35.6233605,129.0387969
14101,20,110,1139450,1737450,35.6233464,129.0399009
14102,21,110,1139550,1737450,35.6233323,129.0410048
14103,22,110,1139650,1737450,35.6233181,129.0421087
14104,23,110,1139750,1737450,35.623304,129.0432126
14105,24,110,1139850,1737450,35.6232899,129.0443165
14106,25,110,1139950,1737450,35.6232757,129.0454204
14107,26,110,1140050,1737450,35.6232615,129.0465243
14108,27,110,1140150,1737450,35.6232473,129.0476282
14109,28,110,1140250,1737450,35.6232332,129.0487321
14110,29,110,1140350,1737450,35.623219,129.049836
14111,30,110,1140450,1737450,35.6232047,129.0509399
14112,31,110,1140550,1737450,35.6231905,129.0520438
14113,32,110,1140650,1737450,35.6231763,129.0531477
14114,33,110,1140750,1737450,35.6231621,129.0542516
14115,34,110,1140850,1737450,35.6231478,129.0553555
14116,35,110,1140950,1737450,35.6231336,129.0564594
14117,36,110,1141050,1737450,35.6231193,129.0575633
14118,37,110,1141150,1737450,35.623105,129.0586672
14119,38,110,1141250,1737450,35.6230907,129.0597711
14120,39,110,1141350,1737450,35.6230764,129.060875
14121,40,110,1141450,1737450,35.6230621,129.0619789
14122,41,110,1141550,1737450,35.6230478,129.0630828
14123,42,110,1141650,1737450,35.6230335,129.0641867
14124,43,110,1141750,1737450,35.6230191,129.0652906
14125,44,110,1141850,1737450,35.6230048,129.0663945
14126,45,110,1141950,1737450,35.6229904,129.0674984
14127,46,110,1142050,1737450,35.622976,129.0686023
14128,47,110,1142150,1737450,35.6229616,129.0697062
14129,48,110,1142250,1737450,35.6229473,129.07081
14130,49,110,1142350,1737450,35.6229329,129.0719139
14131,50,110,1142450,1737450,35.6229184,129.0730178
14132,51,110,1142550,1737450,35.622904,129.0741217
14133,52,110,1142650,1737450,35.6228896,129.0752256
14134,53,110,1142750,1737450,35.6228752,129.0763295
14135,54,110,1142850,1737450,35.6228607,129.0774334
14136,55,110,1142950,1737450,35.6228462,129.0785372
14137,56,110,1143050,1737450,35.6228318,129.0796411
14138,57,110,1143150,1737450,35.6228173,129.080745
14139,58,110,1143250,1737450,35.6228028,129.0818489
14140,59,110,1143350,1737450,35.6227883,129.0829528
14141,60,110,1143450,1737450,35.6227738,129.0840567
14142,61,110,1143550,1737450,35.6227593,129.0851605
14143,62,110,1143650,1737450,35.6227447,129.0862644
14144,63,110,1143750,1737450,35.6227302,129.0873683
14145,64,110,1143850,1737450,35.6227156,129.0884722
14146,65,110,1143950,1737450,35.6227011,129.089576
14147,66,110,1144050,1737450,35.6226865,129.0906799
14148,67,110,1144150,1737450,35.6226719,129.0917838
14149,68,110,1144250,1737450,35.6226573,129.0928877
14150,69,110,1144350,1737450,35.6226427,129.0939915
14151,70,110,1144450,1737450,35.6226281,129.0950954
14152,71,110,1144550,1737450,35.6226135,129.0961993
14153,72,110,1144650,1737450,35.6225988,129.0973031
14154,73,110,1144750,1737450,35.6225842,129.098407
14155,74,110,1144850,1737450,35.6225695,129.0995109
14156,75,110,1144950,1737450,35.6225549,129.1006148
14157,76,110,1145050,1737450,35.6225402,129.1017186
14158,77,110,1145150,1737450,35.6225255,129.1028225
14159,78,110,1145250,1737450,35.6225108,129.1039264
14160,79,110,1145350,1737450,35.6224961,129.1050302
14161,80,110,1145450,1737450,35.6224814,129.1061341
14162,81,110,1145550,1737450,35.6224667,129.1072379
14163,82,110,1145650,1737450,35.6224519,129.1083418
14164,83,110,1145750,1737450,35.6224372,129.1094457
14165,84,110,1145850,1737450,35.6224224,129.1105495
14166,85,110,1145950,1737450,35.6224077,129.1116534
14167,86,110,1146050,1737450,35.6223929,129.1127572
14168,87,110,1146150,1737450,35.6223781,129.1138611
14169,88,110,1146250,1737450,35.6223633,129.114965
14170,89,110,1146350,1737450,35.6223485,129.1160688
14171,90,110,1146450,1737450,35.6223337,129.1171727
14172,91,110,1146550,1737450,35.6223189,129.1182765
14173,92,110,1146650,1737450,35.622304,129.1193804
14174,93,110,1146750,1737450,35.6222892,129.1204842
14175,94,110,1146850,1737450,35.6222743,129.1215881
14176,95,110,1146950,1737450,35.6222595,129.1226919
14177,96,110,1147050,1737450,35.6222446,129.1237958
14178,97,110,1147150,1737450,35.6222297,129.1248996
14179,98,110,1147250,1737450,35.6222148,129.1260035
14180,99,110,1147350,1737450,35.6221999,129.1271073
14181,100,110,1147450,1737450,35.622185,129.1282112
14182,101,110,1147550,1737450,35.6221701,129.129315
14183,102,110,1147650,1737450,35.6221551,129.1304189
14184,103,110,1147750,1737450,35.6221402,129.1315227
14185,104,110,1147850,1737450,35.6221252,129.1326266
14186,105,110,1147950,1737450,35.6221103,129.1337304
14187,106,110,1148050,1737450,35.6220953,129.1348343
14188,107,110,1148150,1737450,35.6220803,129.1359381
14189,108,110,1148250,1737450,35.6220653,129.1370419
14190,109,110,1148350,1737450,35.6220503,129.1381458
14191,110,110,1148450,1737450,35.6220353,129.1392496
14192,111,110,1148550,1737450,35.6220202,129.1403535
14193,112,110,1148650,1737450,35.6220052,129.1414573
14194,113,110,1148750,1737450,35.6219902,129.1425611
14195,114,110,1148850,1737450,35.6219751,129.143665
14196,115,110,1148950,1737450,35.62196,129.1447688
14197,116,110,1149050,1737450,35.621945,129.1458726
14198,117,110,1149150,1737450,35.6219299,129.1469765
14199,118,110,1149250,1737450,35.6219148,129.1480803
14200,119,110,1149350,1737450,35.6218997,129.1491841
14201,120,110,1149450,1737450,35.6218845,129.150288
14202,121,110,1149550,1737450,35.6218694,129.1513918
14203,122,110,1149650,1737450,35.6218543,129.1524956
14204,123,110,1149750,1737450,35.6218391,129.1535995
14205,124,110,1149850,1737450,35.621824,129.1547033
14206,125,110,1149950,1737450,35.6218088,129.1558071
14207,126,110,1150050,1737450,35.6217936,129.1569109
14208,127,110,1150150,1737450,35.6217784,129.1580148
14209,127,111,1150150,1737550,35.6226797,129.1580334
14210,126,111,1150050,1737550,35.6226949,129.1569295
14211,125,111,1149950,1737550,35.6227101,129.1558257
14212,124,111,1149850,1737550,35.6227252,129.1547219
14213,123,111,1149750,1737550,35.6227404,129.153618
14214,122,111,1149650,1737550,35.6227555,129.1525142
14215,121,111,1149550,1737550,35.6227707,129.1514103
14216,120,111,1149450,1737550,35.6227858,129.1503065
14217,119,111,1149350,1737550,35.6228009,129.1492027
14218,118,111,1149250,1737550,35.622816,129.1480988
14219,117,111,1149150,1737550,35.6228311,129.146995
14220,116,111,1149050,1737550,35.6228462,129.1458911
14221,115,111,1148950,1737550,35.6228613,129.1447873
14222,114,111,1148850,1737550,35.6228764,129.1436834
14223,113,111,1148750,1737550,35.6228914,129.1425796
14224,112,111,1148650,1737550,35.6229065,129.1414757
14225,111,111,1148550,1737550,35.6229215,129.1403719
14226,110,111,1148450,1737550,35.6229366,129.139268
14227,109,111,1148350,1737550,35.6229516,129.1381642
14228,108,111,1148250,1737550,35.6229666,129.1370603
14229,107,111,1148150,1737550,35.6229816,129.1359565
14230,106,111,1148050,1737550,35.6229966,129.1348526
14231,105,111,1147950,1737550,35.6230115,129.1337488
14232,104,111,1147850,1737550,35.6230265,129.1326449
14233,103,111,1147750,1737550,35.6230415,129.131541
14234,102,111,1147650,1737550,35.6230564,129.1304372
14235,101,111,1147550,1737550,35.6230714,129.1293333
14236,100,111,1147450,1737550,35.6230863,129.1282295
14237,99,111,1147350,1737550,35.6231012,129.1271256
14238,98,111,1147250,1737550,35.6231161,129.1260217
14239,97,111,1147150,1737550,35.623131,129.1249179
14240,96,111,1147050,1737550,35.6231459,129.123814
14241,95,111,1146950,1737550,35.6231608,129.1227102
14242,94,111,1146850,1737550,35.6231756,129.1216063
14243,93,111,1146750,1737550,35.6231905,129.1205024
14244,92,111,1146650,1737550,35.6232053,129.1193986
14245,91,111,1146550,1737550,35.6232202,129.1182947
14246,90,111,1146450,1737550,35.623235,129.1171908
14247,89,111,1146350,1737550,35.6232498,129.116087
14248,88,111,1146250,1737550,35.6232646,129.1149831
14249,87,111,1146150,1737550,35.6232794,129.1138792
14250,86,111,1146050,1737550,35.6232942,129.1127753
14251,85,111,1145950,1737550,35.623309,129.1116715
14252,84,111,1145850,1737550,35.6233237,129.1105676
14253,83,111,1145750,1737550,35.6233385,129.1094637
14254,82,111,1145650,1737550,35.6233532,129.1083599
14255,81,111,1145550,1737550,35.623368,129.107256
14256,80,111,1145450,1737550,35.6233827,129.1061521
14257,79,111,1145350,1737550,35.6233974,129.1050482
14258,78,111,1145250,1737550,35.6234121,129.1039444
14259,77,111,1145150,1737550,35.6234268,129.1028405
14260,76,111,1145050,1737550,35.6234415,129.1017366
14261,75,111,1144950,1737550,35.6234562,129.1006327
14262,74,111,1144850,1737550,35.6234708,129.0995288
14263,73,111,1144750,1737550,35.6234855,129.098425
14264,72,111,1144650,1737550,35.6235001,129.0973211
14265,71,111,1144550,1737550,35.6235148,129.0962172
14266,70,111,1144450,1737550,35.6235294,129.0951133
14267,69,111,1144350,1737550,35.623544,129.0940094
14268,68,111,1144250,1737550,35.6235586,129.0929055
14269,67,111,1144150,1737550,35.6235732,129.0918017
14270,66,111,1144050,1737550,35.6235878,129.0906978
14271,65,111,1143950,1737550,35.6236024,129.0895939
14272,64,111,1143850,1737550,35.6236169,129.08849
14273,63,111,1143750,1737550,35.6236315,129.0873861
14274,62,111,1143650,1737550,35.623646,129.0862822
14275,61,111,1143550,1737550,35.6236606,129.0851783
14276,60,111,1143450,1737550,35.6236751,129.0840744
14277,59,111,1143350,1737550,35.6236896,129.0829705
14278,58,111,1143250,1737550,35.6237041,129.0818666
14279,57,111,1143150,1737550,35.6237186,129.0807628
14280,56,111,1143050,1737550,35.6237331,129.0796589
14281,55,111,1142950,1737550,35.6237475,129.078555
14282,54,111,1142850,1737550,35.623762,129.0774511
14283,53,111,1142750,1737550,35.6237765,129.0763472
14284,52,111,1142650,1737550,35.6237909,129.0752433
14285,51,111,1142550,1737550,35.6238053,129.0741394
14286,50,111,1142450,1737550,35.6238198,129.0730355
14287,49,111,1142350,1737550,35.6238342,129.0719316
14288,48,111,1142250,1737550,35.6238486,129.0708277
14289,47,111,1142150,1737550,35.623863,129.0697238
14290,46,111,1142050,1737550,35.6238773,129.0686199
14291,45,111,1141950,1737550,35.6238917,129.067516
14292,44,111,1141850,1737550,35.6239061,129.0664121
14293,43,111,1141750,1737550,35.6239204,129.0653082
14294,42,111,1141650,1737550,35.6239348,129.0642043
14295,41,111,1141550,1737550,35.6239491,129.0631003
14296,40,111,1141450,1737550,35.6239634,129.0619964
14297,39,111,1141350,1737550,35.6239777,129.0608925
14298,38,111,1141250,1737550,35.623992,129.0597886
14299,37,111,1141150,1737550,35.6240063,129.0586847
14300,36,111,1141050,1737550,35.6240206,129.0575808
14301,35,111,1140950,1737550,35.6240349,129.0564769
14302,34,111,1140850,1737550,35.6240491,129.055373
14303,33,111,1140750,1737550,35.6240634,129.0542691
14304,32,111,1140650,1737550,35.6240776,129.0531652
14305,31,111,1140550,1737550,35.6240918,129.0520612
14306,30,111,1140450,1737550,35.6241061,129.0509573
14307,29,111,1140350,1737550,35.6241203,129.0498534
14308,28,111,1140250,1737550,35.6241345,129.0487495
14309,27,111,1140150,1737550,35.6241487,129.0476456
14310,26,111,1140050,1737550,35.6241628,129.0465417
14311,25,111,1139950,1737550,35.624177,129.0454377
14312,24,111,1139850,1737550,35.6241912,129.0443338
14313,23,111,1139750,1737550,35.6242053,129.0432299
14314,22,111,1139650,1737550,35.6242195,129.042126
14315,21,111,1139550,1737550,35.6242336,129.0410221
14316,20,111,1139450,1737550,35.6242477,129.0399181
14317,19,111,1139350,1737550,35.6242618,129.0388142
14318,18,111,1139250,1737550,35.6242759,129.0377103
14319,17,111,1139150,1737550,35.62429,129.0366064
14320,16,111,1139050,1737550,35.6243041,129.0355024
14321,15,111,1138950,1737550,35.6243181,129.0343985
14322,14,111,1138850,1737550,35.6243322,129.0332946
14323,13,111,1138750,1737550,35.6243463,129.0321907
14324,12,111,1138650,1737550,35.6243603,129.0310867
14325,11,111,1138550,1737550,35.6243743,129.0299828
14326,10,111,1138450,1737550,35.6243883,129.0288789
14327,9,111,1138350,1737550,35.6244023,129.0277749
14328,8,111,1138250,1737550,35.6244163,129.026671
14329,7,111,1138150,1737550,35.6244303,129.0255671
14330,6,111,1138050,1737550,35.6244443,129.0244631
14331,5,111,1137950,1737550,35.6244583,129.0233592
14332,4,111,1137850,1737550,35.6244722,129.0222553
14333,3,111,1137750,1737550,35.6244862,129.0211513
14334,2,111,1137650,1737550,35.6245001,129.0200474
14335,1,111,1137550,1737550,35.624514,129.0189435
14336,0,111,1137450,1737550,35.624528,129.0178395
14337,0,112,1137450,1737650,35.6254293,129.0178566
14338,1,112,1137550,1737650,35.6254154,129.0189605
14339,2,112,1137650,1737650,35.6254014,129.0200645
14340,3,112,1137750,1737650,35.6253875,129.0211684
14341,4,112,1137850,1737650,35.6253736,129.0222724
14342,5,112,1137950,1737650,35.6253596,129.0233763
14343,6,112,1138050,1737650,35.6253456,129.0244803
14344,7,112,1138150,1737650,35.6253317,129.0255842
14345,8,112,1138250,1737650,35.6253177,129.0266881
14346,9,112,1138350,1737650,35.6253037,129.0277921
14347,10,112,1138450,1737650,35.6252897,129.028896
14348,11,112,1138550,1737650,35.6252756,129.03
14349,12,112,1138650,1737650,35.6252616,129.0311039
14350,13,112,1138750,1737650,35.6252476,129.0322079
14351,14,112,1138850,1737650,35.6252335,129.0333118
14352,15,112,1138950,1737650,35.6252195,129.0344157
14353,16,112,1139050,1737650,35.6252054,129.0355197
14354,17,112,1139150,1737650,35.6251913,129.0366236
14355,18,112,1139250,1737650,35.6251772,129.0377276
14356,19,112,1139350,1737650,35.6251631,129.0388315
14357,20,112,1139450,1737650,35.625149,129.0399354
14358,21,112,1139550,1737650,35.6251349,129.0410394
14359,22,112,1139650,1737650,35.6251208,129.0421433
14360,23,112,1139750,1737650,35.6251066,129.0432472
14361,24,112,1139850,1737650,35.6250925,129.0443512
14362,25,112,1139950,1737650,35.6250783,129.0454551
14363,26,112,1140050,1737650,35.6250642,129.046559
14364,27,112,1140150,1737650,35.62505,129.047663
14365,28,112,1140250,1737650,35.6250358,129.0487669
14366,29,112,1140350,1737650,35.6250216,129.0498708
14367,30,112,1140450,1737650,35.6250074,129.0509747
14368,31,112,1140550,1737650,35.6249932,129.0520787
14369,32,112,1140650,1737650,35.6249789,129.0531826
14370,33,112,1140750,1737650,35.6249647,129.0542865
14371,34,112,1140850,1737650,35.6249504,129.0553904
14372,35,112,1140950,1737650,35.6249362,129.0564944
14373,36,112,1141050,1737650,35.6249219,129.0575983
14374,37,112,1141150,1737650,35.6249076,129.0587022
14375,38,112,1141250,1737650,35.6248933,129.0598061
14376,39,112,1141350,1737650,35.624879,129.0609101
14377,40,112,1141450,1737650,35.6248647,129.062014
14378,41,112,1141550,1737650,35.6248504,129.0631179
14379,42,112,1141650,1737650,35.6248361,129.0642218
14380,43,112,1141750,1737650,35.6248217,129.0653257
14381,44,112,1141850,1737650,35.6248074,129.0664296
14382,45,112,1141950,1737650,35.624793,129.0675336
14383,46,112,1142050,1737650,35.6247787,129.0686375
14384,47,112,1142150,1737650,35.6247643,129.0697414
14385,48,112,1142250,1737650,35.6247499,129.0708453
14386,49,112,1142350,1737650,35.6247355,129.0719492
14387,50,112,1142450,1737650,35.6247211,129.0730531
14388,51,112,1142550,1737650,35.6247066,129.074157
14389,52,112,1142650,1737650,35.6246922,129.075261
14390,53,112,1142750,1737650,35.6246778,129.0763649
14391,54,112,1142850,1737650,35.6246633,129.0774688
14392,55,112,1142950,1737650,35.6246489,129.0785727
14393,56,112,1143050,1737650,35.6246344,129.0796766
14394,57,112,1143150,1737650,35.6246199,129.0807805
14395,58,112,1143250,1737650,35.6246054,129.0818844
14396,59,112,1143350,1737650,35.6245909,129.0829883
14397,60,112,1143450,1737650,35.6245764,129.0840922
14398,61,112,1143550,1737650,35.6245619,129.0851961
14399,62,112,1143650,1737650,35.6245473,129.0863
14400,63,112,1143750,1737650,35.6245328,129.0874039
14401,64,112,1143850,1737650,35.6245182,129.0885078
14402,65,112,1143950,1737650,35.6245037,129.0896117
14403,66,112,1144050,1737650,35.6244891,129.0907156
14404,67,112,1144150,1737650,35.6244745,129.0918195
14405,68,112,1144250,1737650,35.6244599,129.0929234
14406,69,112,1144350,1737650,35.6244453,129.0940273
14407,70,112,1144450,1737650,35.6244307,129.0951312
14408,71,112,1144550,1737650,35.6244161,129.0962351
14409,72,112,1144650,1737650,35.6244014,129.097339
14410,73,112,1144750,1737650,35.6243868,129.0984429
14411,74,112,1144850,1737650,35.6243721,129.0995468
14412,75,112,1144950,1737650,35.6243575,129.1006507
14413,76,112,1145050,1737650,35.6243428,129.1017546
14414,77,112,1145150,1737650,35.6243281,129.1028585
14415,78,112,1145250,1737650,35.6243134,129.1039624
14416,79,112,1145350,1737650,35.6242987,129.1050662
14417,80,112,1145450,1737650,35.624284,129.1061701
14418,81,112,1145550,1737650,35.6242693,129.107274
14419,82,112,1145650,1737650,35.6242545,129.1083779
14420,83,112,1145750,1737650,35.6242398,129.1094818
14421,84,112,1145850,1737650,35.624225,129.1105857
14422,85,112,1145950,1737650,35.6242103,129.1116896
14423,86,112,1146050,1737650,35.6241955,129.1127935
14424,87,112,1146150,1737650,35.6241807,129.1138973
14425,88,112,1146250,1737650,35.6241659,129.1150012
14426,89,112,1146350,1737650,35.6241511,129.1161051
14427,90,112,1146450,1737650,35.6241363,129.117209
14428,91,112,1146550,1737650,35.6241215,129.1183129
14429,92,112,1146650,1737650,35.6241066,129.1194167
14430,93,112,1146750,1737650,35.6240918,129.1205206
14431,94,112,1146850,1737650,35.6240769,129.1216245
14432,95,112,1146950,1737650,35.6240621,129.1227284
14433,96,112,1147050,1737650,35.6240472,129.1238322
14434,97,112,1147150,1737650,35.6240323,129.1249361
14435,98,112,1147250,1737650,35.6240174,129.12604
14436,99,112,1147350,1737650,35.6240025,129.1271439
14437,100,112,1147450,1737650,35.6239876,129.1282477
14438,101,112,1147550,1737650,35.6239726,129.1293516
14439,102,112,1147650,1737650,35.6239577,129.1304555
14440,103,112,1147750,1737650,35.6239428,129.1315594
14441,104,112,1147850,1737650,35.6239278,129.1326632
14442,105,112,1147950,1737650,35.6239128,129.1337671
14443,106,112,1148050,1737650,35.6238979,129.134871
14444,107,112,1148150,1737650,35.6238829,129.1359748
14445,108,112,1148250,1737650,35.6238679,129.1370787
14446,109,112,1148350,1737650,35.6238529,129.1381826
14447,110,112,1148450,1737650,35.6238378,129.1392864
14448,111,112,1148550,1737650,35.6238228,129.1403903
14449,112,112,1148650,1737650,35.6238078,129.1414941
14450,113,112,1148750,1737650,35.6237927,129.142598
14451,114,112,1148850,1737650,35.6237777,129.1437019
14452,115,112,1148950,1737650,35.6237626,129.1448057
14453,116,112,1149050,1737650,35.6237475,129.1459096
14454,117,112,1149150,1737650,35.6237324,129.1470134
14455,118,112,1149250,1737650,35.6237173,129.1481173
14456,119,112,1149350,1737650,35.6237022,129.1492212
14457,120,112,1149450,1737650,35.6236871,129.150325
14458,121,112,1149550,1737650,35.623672,129.1514289
14459,122,112,1149650,1737650,35.6236568,129.1525327
14460,123,112,1149750,1737650,35.6236417,129.1536366
14461,124,112,1149850,1737650,35.6236265,129.1547404
14462,125,112,1149950,1737650,35.6236113,129.1558443
14463,126,112,1150050,1737650,35.6235962,129.1569481
14464,127,112,1150150,1737650,35.623581,129.158052
14465,127,113,1150150,1737750,35.6244822,129.1580706
14466,126,113,1150050,1737750,35.6244974,129.1569667
14467,125,113,1149950,1737750,35.6245126,129.1558629
14468,124,113,1149850,1737750,35.6245278,129.154759
14469,123,113,1149750,1737750,35.6245429,129.1536551
14470,122,113,1149650,1737750,35.6245581,129.1525513
14471,121,113,1149550,1737750,35.6245732,129.1514474
14472,120,113,1149450,1737750,35.6245884,129.1503435
14473,119,113,1149350,1737750,35.6246035,129.1492397
14474,118,113,1149250,1737750,35.6246186,129.1481358
14475,117,113,1149150,1737750,35.6246337,129.1470319
14476,116,113,1149050,1737750,35.6246488,129.1459281
14477,115,113,1148950,1737750,35.6246639,129.1448242
14478,114,113,1148850,1737750,35.6246789,129.1437203
14479,113,113,1148750,1737750,35.624694,129.1426164
14480,112,113,1148650,1737750,35.624709,129.1415126
14481,111,113,1148550,1737750,35.6247241,129.1404087
14482,110,113,1148450,1737750,35.6247391,129.1393048
14483,109,113,1148350,1737750,35.6247541,129.1382009
14484,108,113,1148250,1737750,35.6247691,129.1370971
14485,107,113,1148150,1737750,35.6247841,129.1359932
14486,106,113,1148050,1737750,35.6247991,129.1348893
14487,105,113,1147950,1737750,35.6248141,129.1337854
14488,104,113,1147850,1737750,35.6248291,129.1326815
14489,103,113,1147750,1737750,35.624844,129.1315777
14490,102,113,1147650,1737750,35.624859,129.1304738
14491,101,113,1147550,1737750,35.6248739,129.1293699
14492,100,113,1147450,1737750,35.6248889,129.128266
14493,99,113,1147350,1737750,35.6249038,129.1271621
14494,98,113,1147250,1737750,35.6249187,129.1260582
14495,97,113,1147150,1737750,35.6249336,129.1249544
14496,96,113,1147050,1737750,35.6249485,129.1238505
14497,95,113,1146950,1737750,35.6249633,129.1227466
14498,94,113,1146850,1737750,35.6249782,129.1216427
14499,93,113,1146750,1737750,35.6249931,129.1205388
14500,92,113,1146650,1737750,35.6250079,129.1194349
14501,91,113,1146550,1737750,35.6250228,129.118331
14502,90,113,1146450,1737750,35.6250376,129.1172271
14503,89,113,1146350,1737750,35.6250524,129.1161232
14504,88,113,1146250,1737750,35.6250672,129.1150193
14505,87,113,1146150,1737750,35.625082,129.1139155
14506,86,113,1146050,1737750,35.6250968,129.1128116
14507,85,113,1145950,1737750,35.6251116,129.1117077
14508,84,113,1145850,1737750,35.6251263,129.1106038
14509,83,113,1145750,1737750,35.6251411,129.1094999
14510,82,113,1145650,1737750,35.6251558,129.108396
14511,81,113,1145550,1737750,35.6251706,129.1072921
14512,80,113,1145450,1737750,35.6251853,129.1061882
14513,79,113,1145350,1737750,35.6252,129.1050843
14514,78,113,1145250,1737750,35.6252147,129.1039804
14515,77,113,1145150,1737750,35.6252294,129.1028765
14516,76,113,1145050,1737750,35.6252441,129.1017726
14517,75,113,1144950,1737750,35.6252588,129.1006687
14518,74,113,1144850,1737750,35.6252734,129.0995647
14519,73,113,1144750,1737750,35.6252881,129.0984608
14520,72,113,1144650,1737750,35.6253027,129.0973569
14521,71,113,1144550,1737750,35.6253174,129.096253
14522,70,113,1144450,1737750,35.625332,129.0951491
14523,69,113,1144350,1737750,35.6253466,129.0940452
14524,68,113,1144250,1737750,35.6253612,129.0929413
14525,67,113,1144150,1737750,35.6253758,129.0918374
14526,66,113,1144050,1737750,35.6253904,129.0907335
14527,65,113,1143950,1737750,35.625405,129.0896296
14528,64,113,1143850,1737750,35.6254195,129.0885257
14529,63,113,1143750,1737750,35.6254341,129.0874217
14530,62,113,1143650,1737750,35.6254486,129.0863178
14531,61,113,1143550,1737750,35.6254632,129.0852139
14532,60,113,1143450,1737750,35.6254777,129.08411
14533,59,113,1143350,1737750,35.6254922,129.0830061
14534,58,113,1143250,1737750,35.6255067,129.0819022
14535,57,113,1143150,1737750,35.6255212,129.0807982
14536,56,113,1143050,1737750,35.6255357,129.0796943
14537,55,113,1142950,1737750,35.6255502,129.0785904
14538,54,113,1142850,1737750,35.6255646,129.0774865
14539,53,113,1142750,1737750,35.6255791,129.0763826
14540,52,113,1142650,1737750,35.6255935,129.0752786
14541,51,113,1142550,1737750,35.625608,129.0741747
14542,50,113,1142450,1737750,35.6256224,129.0730708
14543,49,113,1142350,1737750,35.6256368,129.0719669
14544,48,113,1142250,1737750,35.6256512,129.0708629
14545,47,113,1142150,1737750,35.6256656,129.069759
14546,46,113,1142050,1737750,35.62568,129.0686551
14547,45,113,1141950,1737750,35.6256943,129.0675512
14548,44,113,1141850,1737750,35.6257087,129.0664472
14549,43,113,1141750,1737750,35.6257231,129.0653433
14550,42,113,1141650,1737750,35.6257374,129.0642394
14551,41,113,1141550,1737750,35.6257517,129.0631354
14552,40,113,1141450,1737750,35.625766,129.0620315
14553,39,113,1141350,1737750,35.6257804,129.0609276
14554,38,113,1141250,1737750,35.6257947,129.0598236
14555,37,113,1141150,1737750,35.625809,129.0587197
14556,36,113,1141050,1737750,35.6258232,129.0576158
14557,35,113,1140950,1737750,35.6258375,129.0565118
14558,34,113,1140850,1737750,35.6258518,129.0554079
14559,33,113,1140750,1737750,35.625866,129.054304
14560,32,113,1140650,1737750,35.6258803,129.0532
14561,31,113,1140550,1737750,35.6258945,129.0520961
14562,30,113,1140450,1737750,35.6259087,129.0509921
14563,29,113,1140350,1737750,35.6259229,129.0498882
14564,28,113,1140250,1737750,35.6259371,129.0487843
14565,27,113,1140150,1737750,35.6259513,129.0476803
14566,26,113,1140050,1737750,35.6259655,129.0465764
14567,25,113,1139950,1737750,35.6259797,129.0454724
14568,24,113,1139850,1737750,35.6259938,129.0443685
14569,23,113,1139750,1737750,35.626008,129.0432645
14570,22,113,1139650,1737750,35.6260221,129.0421606
14571,21,113,1139550,1737750,35.6260362,129.0410567
14572,20,113,1139450,1737750,35.6260504,129.0399527
14573,19,113,1139350,1737750,35.6260645,129.0388488
14574,18,113,1139250,1737750,35.6260786,129.0377448
14575,17,113,1139150,1737750,35.6260927,129.0366409
14576,16,113,1139050,1737750,35.6261067,129.0355369
14577,15,113,1138950,1737750,35.6261208,129.034433
14578,14,113,1138850,1737750,35.6261349,129.033329
14579,13,113,1138750,1737750,35.6261489,129.0322251
14580,12,113,1138650,1737750,35.6261629,129.0311211
14581,11,113,1138550,1737750,35.626177,129.0300172
14582,10,113,1138450,1737750,35.626191,129.0289132
14583,9,113,1138350,1737750,35.626205,129.0278092
14584,8,113,1138250,1737750,35.626219,129.0267053
14585,7,113,1138150,1737750,35.626233,129.0256013
14586,6,113,1138050,1737750,35.626247,129.0244974
14587,5,113,1137950,1737750,35.6262609,129.0233934
14588,4,113,1137850,1737750,35.6262749,129.0222894
14589,3,113,1137750,1737750,35.6262888,129.0211855
14590,2,113,1137650,1737750,35.6263028,129.0200815
14591,1,113,1137550,1737750,35.6263167,129.0189776
14592,0,113,1137450,1737750,35.6263306,129.0178736
14593,0,114,1137450,1737850,35.627232,129.0178906
14594,1,114,1137550,1737850,35.627218,129.0189946
14595,2,114,1137650,1737850,35.6272041,129.0200986
14596,3,114,1137750,1737850,35.6271902,129.0212026
14597,4,114,1137850,1737850,35.6271762,129.0223065
14598,5,114,1137950,1737850,35.6271623,129.0234105
14599,6,114,1138050,1737850,35.6271483,129.0245145
14600,7,114,1138150,1737850,35.6271343,129.0256185
14601,8,114,1138250,1737850,35.6271203,129.0267224
14602,9,114,1138350,1737850,35.6271063,129.0278264
14603,10,114,1138450,1737850,35.6270923,129.0289304
14604,11,114,1138550,1737850,35.6270783,129.0300343
14605,12,114,1138650,1737850,35.6270643,129.0311383
14606,13,114,1138750,1737850,35.6270502,129.0322423
14607,14,114,1138850,1737850,35.6270362,129.0333462
14608,15,114,1138950,1737850,35.6270221,129.0344502
14609,16,114,1139050,1737850,35.6270081,129.0355542
14610,17,114,1139150,1737850,35.626994,129.0366581
14611,18,114,1139250,1737850,35.6269799,129.0377621
14612,19,114,1139350,1737850,35.6269658,129.038866
14613,20,114,1139450,1737850,35.6269517,129.03997
14614,21,114,1139550,1737850,35.6269376,129.041074
14615,22,114,1139650,1737850,35.6269234,129.0421779
14616,23,114,1139750,1737850,35.6269093,129.0432819
14617,24,114,1139850,1737850,35.6268951,129.0443858
14618,25,114,1139950,1737850,35.626881,129.0454898
14619,26,114,1140050,1737850,35.6268668,129.0465937
14620,27,114,1140150,1737850,35.6268526,129.0476977
14621,28,114,1140250,1737850,35.6268384,129.0488017
14622,29,114,1140350,1737850,35.6268242,129.0499056
14623,30,114,1140450,1737850,35.62681,129.0510096
14624,31,114,1140550,1737850,35.6267958,129.0521135
14625,32,114,1140650,1737850,35.6267816,129.0532175
14626,33,114,1140750,1737850,35.6267673,129.0543214
14627,34,114,1140850,1737850,35.6267531,129.0554254
14628,35,114,1140950,1737850,35.6267388,129.0565293
14629,36,114,1141050,1737850,35.6267245,129.0576333
14630,37,114,1141150,1737850,35.6267103,129.0587372
14631,38,114,1141250,1737850,35.626696,129.0598412
14632,39,114,1141350,1737850,35.6266817,129.0609451
14633,40,114,1141450,1737850,35.6266674,129.062049
14634,41,114,1141550,1737850,35.626653,129.063153
14635,42,114,1141650,1737850,35.6266387,129.0642569
14636,43,114,1141750,1737850,35.6266244,129.0653609
14637,44,114,1141850,1737850,35.62661,129.0664648
14638,45,114,1141950,1737850,35.6265957,129.0675688
14639,46,114,1142050,1737850,35.6265813,129.0686727
14640,47,114,1142150,1737850,35.6265669,129.0697766
14641,48,114,1142250,1737850,35.6265525,129.0708806
14642,49,114,1142350,1737850,35.6265381,129.0719845
14643,50,114,1142450,1737850,35.6265237,129.0730885
14644,51,114,1142550,1737850,35.6265093,129.0741924
14645,52,114,1142650,1737850,35.6264948,129.0752963
14646,53,114,1142750,1737850,35.6264804,129.0764003
14647,54,114,1142850,1737850,35.6264659,129.0775042
14648,55,114,1142950,1737850,35.6264515,129.0786081
14649,56,114,1143050,1737850,35.626437,129.0797121
14650,57,114,1143150,1737850,35.6264225,129.080816
14651,58,114,1143250,1737850,35.626408,129.0819199
14652,59,114,1143350,1737850,35.6263935,129.0830238
14653,60,114,1143450,1737850,35.626379,129.0841278
14654,61,114,1143550,1737850,35.6263645,129.0852317
14655,62,114,1143650,1737850,35.6263499,129.0863356
14656,63,114,1143750,1737850,35.6263354,129.0874396
14657,64,114,1143850,1737850,35.6263208,129.0885435
14658,65,114,1143950,1737850,35.6263063,129.0896474
14659,66,114,1144050,1737850,35.6262917,129.0907513
14660,67,114,1144150,1737850,35.6262771,129.0918553
14661,68,114,1144250,1737850,35.6262625,129.0929592
14662,69,114,1144350,1737850,35.6262479,129.0940631
14663,70,114,1144450,1737850,35.6262333,129.095167
14664,71,114,1144550,1737850,35.6262187,129.0962709
14665,72,114,1144650,1737850,35.626204,129.0973749
14666,73,114,1144750,1737850,35.6261894,129.0984788
14667,74,114,1144850,1737850,35.6261747,129.0995827
14668,75,114,1144950,1737850,35.6261601,129.1006866
14669,76,114,1145050,1737850,35.6261454,129.1017905
14670,77,114,1145150,1737850,35.6261307,129.1028945
14671,78,114,1145250,1737850,35.626116,129.1039984
14672,79,114,1145350,1737850,35.6261013,129.1051023
14673,80,114,1145450,1737850,35.6260866,129.1062062
14674,81,114,1145550,1737850,35.6260719,129.1073101
14675,82,114,1145650,1737850,35.6260571,129.108414
14676,83,114,1145750,1737850,35.6260424,129.1095179
14677,84,114,1145850,1737850,35.6260276,129.1106218
14678,85,114,1145950,1737850,35.6260129,129.1117258
14679,86,114,1146050,1737850,35.6259981,129.1128297
14680,87,114,1146150,1737850,35.6259833,129.1139336
14681,88,114,1146250,1737850,35.6259685,129.1150375
14682,89,114,1146350,1737850,35.6259537,129.1161414
14683,90,114,1146450,1737850,35.6259389,129.1172453
14684,91,114,1146550,1737850,35.625924,129.1183492
14685,92,114,1146650,1737850,35.6259092,129.1194531
14686,93,114,1146750,1737850,35.6258944,129.120557
14687,94,114,1146850,1737850,35.6258795,129.1216609
14688,95,114,1146950,1737850,35.6258646,129.1227648
14689,96,114,1147050,1737850,35.6258498,129.1238687
14690,97,114,1147150,1737850,35.6258349,129.1249726
14691,98,114,1147250,1737850,35.62582,129.1260765
14692,99,114,1147350,1737850,35.6258051,129.1271804
14693,100,114,1147450,1737850,35.6257901,129.1282843
14694,101,114,1147550,1737850,35.6257752,129.1293882
14695,102,114,1147650,1737850,35.6257603,129.1304921
14696,103,114,1147750,1737850,35.6257453,129.131596
14697,104,114,1147850,1737850,35.6257304,129.1326999
14698,105,114,1147950,1737850,35.6257154,129.1338038
14699,106,114,1148050,1737850,35.6257004,129.1349077
14700,107,114,1148150,1737850,35.6256854,129.1360116
14701,108,114,1148250,1737850,35.6256704,129.1371154
14702,109,114,1148350,1737850,35.6256554,129.1382193
14703,110,114,1148450,1737850,35.6256404,129.1393232
14704,111,114,1148550,1737850,35.6256254,129.1404271
14705,112,114,1148650,1737850,35.6256103,129.141531
14706,113,114,1148750,1737850,35.6255953,129.1426349
14707,114,114,1148850,1737850,35.6255802,129.1437388
14708,115,114,1148950,1737850,35.6255651,129.1448427
14709,116,114,1149050,1737850,35.6255501,129.1459465
14710,117,114,1149150,1737850,35.625535,129.1470504
14711,118,114,1149250,1737850,35.6255199,129.1481543
14712,119,114,1149350,1737850,35.6255048,129.1492582
14713,120,114,1149450,1737850,35.6254896,129.1503621
14714,121,114,1149550,1737850,35.6254745,129.151466
14715,122,114,1149650,1737850,35.6254594,129.1525698
14716,123,114,1149750,1737850,35.6254442,129.1536737
14717,124,114,1149850,1737850,35.6254291,129.1547776
14718,125,114,1149950,1737850,35.6254139,129.1558815
14719,126,114,1150050,1737850,35.6253987,129.1569853
14720,127,114,1150150,1737850,35.6253835,129.1580892
14721,127,115,1150150,1737950,35.6262848,129.1581078
14722,126,115,1150050,1737950,35.6263,129.1570039
14723,125,115,1149950,1737950,35.6263152,129.1559001
14724,124,115,1149850,1737950,35.6263303,129.1547962
14725,123,115,1149750,1737950,35.6263455,129.1536923
14726,122,115,1149650,1737950,35.6263606,129.1525884
14727,121,115,1149550,1737950,35.6263758,129.1514845
14728,120,115,1149450,1737950,35.6263909,129.1503806
14729,119,115,1149350,1737950,35.626406,129.1492767
14730,118,115,1149250,1737950,35.6264212,129.1481728
14731,117,115,1149150,1737950,35.6264363,129.1470689
14732,116,115,1149050,1737950,35.6264513,129.145965
14733,115,115,1148950,1737950,35.6264664,129.1448611
14734,114,115,1148850,1737950,35.6264815,129.1437572
14735,113,115,1148750,1737950,35.6264966,129.1426533
14736,112,115,1148650,1737950,35.6265116,129.1415494
14737,111,115,1148550,1737950,35.6265266,129.1404455
14738,110,115,1148450,1737950,35.6265417,129.1393416
14739,109,115,1148350,1737950,35.6265567,129.1382377
14740,108,115,1148250,1737950,35.6265717,129.1371338
14741,107,115,1148150,1737950,35.6265867,129.1360299
14742,106,115,1148050,1737950,35.6266017,129.134926
14743,105,115,1147950,1737950,35.6266167,129.1338221
14744,104,115,1147850,1737950,35.6266316,129.1327182
14745,103,115,1147750,1737950,35.6266466,129.1316143
14746,102,115,1147650,1737950,35.6266616,129.1305104
14747,101,115,1147550,1737950,35.6266765,129.1294065
14748,100,115,1147450,1737950,35.6266914,129.1283026
14749,99,115,1147350,1737950,35.6267063,129.1271987
14750,98,115,1147250,1737950,35.6267213,129.1260948
14751,97,115,1147150,1737950,35.6267362,129.1249908
14752,96,115,1147050,1737950,35.626751,129.1238869
14753,95,115,1146950,1737950,35.6267659,129.122783
14754,94,115,1146850,1737950,35.6267808,129.1216791
14755,93,115,1146750,1737950,35.6267956,129.1205752
14756,92,115,1146650,1737950,35.6268105,129.1194713
14757,91,115,1146550,1737950,35.6268253,129.1183674
14758,90,115,1146450,1737950,35.6268402,129.1172634
14759,89,115,1146350,1737950,35.626855,129.1161595
14760,88,115,1146250,1737950,35.6268698,129.1150556
14761,87,115,1146150,1737950,35.6268846,129.1139517
14762,86,115,1146050,1737950,35.6268994,129.1128478
14763,85,115,1145950,1737950,35.6269142,129.1117438
14764,84,115,1145850,1737950,35.6269289,129.1106399
14765,83,115,1145750,1737950,35.6269437,129.109536
14766,82,115,1145650,1737950,35.6269584,129.1084321
14767,81,115,1145550,1737950,35.6269732,129.1073282
14768,80,115,1145450,1737950,35.6269879,129.1062242
14769,79,115,1145350,1737950,35.6270026,129.1051203
14770,78,115,1145250,1737950,35.6270173,129.1040164
14771,77,115,1145150,1737950,35.627032,129.1029124
14772,76,115,1145050,1737950,35.6270467,129.1018085
14773,75,115,1144950,1737950,35.6270614,129.1007046
14774,74,115,1144850,1737950,35.627076,129.0996007
14775,73,115,1144750,1737950,35.6270907,129.0984967
14776,72,115,1144650,1737950,35.6271053,129.0973928
14777,71,115,1144550,1737950,35.62712,129.0962889
14778,70,115,1144450,1737950,35.6271346,129.0951849
14779,69,115,1144350,1737950,35.6271492,129.094081
14780,68,115,1144250,1737950,35.6271638,129.0929771
14781,67,115,1144150,1737950,35.6271784,129.0918731
14782,66,115,1144050,1737950,35.627193,129.0907692
14783,65,115,1143950,1737950,35.6272076,129.0896653
14784,64,115,1143850,1737950,35.6272221,129.0885613
14785,63,115,1143750,1737950,35.6272367,129.0874574
14786,62,115,1143650,1737950,35.6272512,129.0863534
14787,61,115,1143550,1737950,35.6272658,129.0852495
14788,60,115,1143450,1737950,35.6272803,129.0841456
14789,59,115,1143350,1737950,35.6272948,129.0830416
14790,58,115,1143250,1737950,35.6273093,129.0819377
14791,57,115,1143150,1737950,35.6273238,129.0808337
14792,56,115,1143050,1737950,35.6273383,129.0797298
14793,55,115,1142950,1737950,35.6273528,129.0786258
14794,54,115,1142850,1737950,35.6273672,129.0775219
14795,53,115,1142750,1737950,35.6273817,129.076418
14796,52,115,1142650,1737950,35.6273961,129.075314
14797,51,115,1142550,1737950,35.6274106,129.0742101
14798,50,115,1142450,1737950,35.627425,129.0731061
14799,49,115,1142350,1737950,35.6274394,129.0720022
14800,48,115,1142250,1737950,35.6274538,129.0708982
14801,47,115,1142150,1737950,35.6274682,129.0697943
14802,46,115,1142050,1737950,35.6274826,129.0686903
14803,45,115,1141950,1737950,35.627497,129.0675864
14804,44,115,1141850,1737950,35.6275113,129.0664824
14805,43,115,1141750,1737950,35.6275257,129.0653784
14806,42,115,1141650,1737950,35.62754,129.0642745
14807,41,115,1141550,1737950,35.6275544,129.0631705
14808,40,115,1141450,1737950,35.6275687,129.0620666
14809,39,115,1141350,1737950,35.627583,129.0609626
14810,38,115,1141250,1737950,35.6275973,129.0598587
14811,37,115,1141150,1737950,35.6276116,129.0587547
14812,36,115,1141050,1737950,35.6276259,129.0576507
14813,35,115,1140950,1737950,35.6276401,129.0565468
14814,34,115,1140850,1737950,35.6276544,129.0554428
14815,33,115,1140750,1737950,35.6276687,129.0543389
14816,32,115,1140650,1737950,35.6276829,129.0532349
14817,31,115,1140550,1737950,35.6276971,129.0521309
14818,30,115,1140450,1737950,35.6277113,129.051027
14819,29,115,1140350,1737950,35.6277256,129.049923
14820,28,115,1140250,1737950,35.6277398,129.048819
14821,27,115,1140150,1737950,35.627754,129.0477151
14822,26,115,1140050,1737950,35.6277681,129.0466111
14823,25,115,1139950,1737950,35.6277823,129.0455071
14824,24,115,1139850,1737950,35.6277965,129.0444032
14825,23,115,1139750,1737950,35.6278106,129.0432992
14826,22,115,1139650,1737950,35.6278248,129.0421952
14827,21,115,1139550,1737950,35.6278389,129.0410913
14828,20,115,1139450,1737950,35.627853,129.0399873
14829,19,115,1139350,1737950,35.6278671,129.0388833
14830,18,115,1139250,1737950,35.6278812,129.0377793
14831,17,115,1139150,1737950,35.6278953,129.0366754
14832,16,115,1139050,1737950,35.6279094,129.0355714
14833,15,115,1138950,1737950,35.6279235,129.0344674
14834,14,115,1138850,1737950,35.6279375,129.0333634
14835,13,115,1138750,1737950,35.6279516,129.0322595
14836,12,115,1138650,1737950,35.6279656,129.0311555
14837,11,115,1138550,1737950,35.6279796,129.0300515
14838,10,115,1138450,1737950,35.6279937,129.0289475
14839,9,115,1138350,1737950,35.6280077,129.0278435
14840,8,115,1138250,1737950,35.6280217,129.0267396
14841,7,115,1138150,1737950,35.6280356,129.0256356
14842,6,115,1138050,1737950,35.6280496,129.0245316
14843,5,115,1137950,1737950,35.6280636,129.0234276
14844,4,115,1137850,1737950,35.6280776,129.0223236
14845,3,115,1137750,1737950,35.6280915,129.0212196
14846,2,115,1137650,1737950,35.6281054,129.0201157
14847,1,115,1137550,1737950,35.6281194,129.0190117
14848,0,115,1137450,1737950,35.6281333,129.0179077
14849,0,116,1137450,1738050,35.6290346,129.0179247
14850,1,116,1137550,1738050,35.6290207,129.0190287
14851,2,116,1137650,1738050,35.6290068,129.0201327
14852,3,116,1137750,1738050,35.6289928,129.0212367
14853,4,116,1137850,1738050,35.6289789,129.0223407
14854,5,116,1137950,1738050,35.6289649,129.0234447
14855,6,116,1138050,1738050,35.628951,129.0245487
14856,7,116,1138150,1738050,35.628937,129.0256527
14857,8,116,1138250,1738050,35.628923,129.0267567
14858,9,116,1138350,1738050,35.628909,129.0278607
14859,10,116,1138450,1738050,35.628895,129.0289647
14860,11,116,1138550,1738050,35.628881,129.0300687
14861,12,116,1138650,1738050,35.6288669,129.0311727
14862,13,116,1138750,1738050,35.6288529,129.0322767
14863,14,116,1138850,1738050,35.6288388,129.0333807
14864,15,116,1138950,1738050,35.6288248,129.0344846
14865,16,116,1139050,1738050,35.6288107,129.0355886
14866,17,116,1139150,1738050,35.6287966,129.0366926
14867,18,116,1139250,1738050,35.6287825,129.0377966
14868,19,116,1139350,1738050,35.6287684,129.0389006
14869,20,116,1139450,1738050,35.6287543,129.0400046
14870,21,116,1139550,1738050,35.6287402,129.0411086
14871,22,116,1139650,1738050,35.6287261,129.0422125
14872,23,116,1139750,1738050,35.6287119,129.0433165
14873,24,116,1139850,1738050,35.6286978,129.0444205
14874,25,116,1139950,1738050,35.6286836,129.0455245
14875,26,116,1140050,1738050,35.6286695,129.0466285
14876,27,116,1140150,1738050,35.6286553,129.0477325
14877,28,116,1140250,1738050,35.6286411,129.0488364
14878,29,116,1140350,1738050,35.6286269,129.0499404
14879,30,116,1140450,1738050,35.6286127,129.0510444
14880,31,116,1140550,1738050,35.6285984,129.0521484
14881,32,116,1140650,1738050,35.6285842,129.0532523
14882,33,116,1140750,1738050,35.62857,129.0543563
14883,34,116,1140850,1738050,35.6285557,129.0554603
14884,35,116,1140950,1738050,35.6285415,129.0565643
14885,36,116,1141050,1738050,35.6285272,129.0576682
14886,37,116,1141150,1738050,35.6285129,129.0587722
14887,38,116,1141250,1738050,35.6284986,129.0598762
14888,39,116,1141350,1738050,35.6284843,129.0609801
14889,40,116,1141450,1738050,35.62847,129.0620841
14890,41,116,1141550,1738050,35.6284557,129.0631881
14891,42,116,1141650,1738050,35.6284413,129.0642921
14892,43,116,1141750,1738050,35.628427,129.065396
14893,44,116,1141850,1738050,35.6284126,129.0665
14894,45,116,1141950,1738050,35.6283983,129.067604
14895,46,116,1142050,1738050,35.6283839,129.0687079
14896,47,116,1142150,1738050,35.6283695,129.0698119
14897,48,116,1142250,1738050,35.6283551,129.0709158
14898,49,116,1142350,1738050,35.6283407,129.0720198
14899,50,116,1142450,1738050,35.6283263,129.0731238
14900,51,116,1142550,1738050,35.6283119,129.0742277
14901,52,116,1142650,1738050,35.6282974,129.0753317
14902,53,116,1142750,1738050,35.628283,129.0764357
14903,54,116,1142850,1738050,35.6282685,129.0775396
14904,55,116,1142950,1738050,35.6282541,129.0786436
14905,56,116,1143050,1738050,35.6282396,129.0797475
14906,57,116,1143150,1738050,35.6282251,129.0808515
14907,58,116,1143250,1738050,35.6282106,129.0819554
14908,59,116,1143350,1738050,35.6281961,129.0830594
14909,60,116,1143450,1738050,35.6281816,129.0841633
14910,61,116,1143550,1738050,35.6281671,129.0852673
14911,62,116,1143650,1738050,35.6281525,129.0863713
14912,63,116,1143750,1738050,35.628138,129.0874752
14913,64,116,1143850,1738050,35.6281234,129.0885792
14914,65,116,1143950,1738050,35.6281089,129.0896831
14915,66,116,1144050,1738050,35.6280943,129.0907871
14916,67,116,1144150,1738050,35.6280797,129.091891
14917,68,116,1144250,1738050,35.6280651,129.092995
14918,69,116,1144350,1738050,35.6280505,129.0940989
14919,70,116,1144450,1738050,35.6280359,129.0952028
14920,71,116,1144550,1738050,35.6280213,129.0963068
14921,72,116,1144650,1738050,35.6280066,129.0974107
14922,73,116,1144750,1738050,35.627992,129.0985147
14923,74,116,1144850,1738050,35.6279773,129.0996186
14924,75,116,1144950,1738050,35.6279627,129.1007226
14925,76,116,1145050,1738050,35.627948,129.1018265
14926,77,116,1145150,1738050,35.6279333,129.1029304
14927,78,116,1145250,1738050,35.6279186,129.1040344
14928,79,116,1145350,1738050,35.6279039,129.1051383
14929,80,116,1145450,1738050,35.6278892,129.1062423
14930,81,116,1145550,1738050,35.6278745,129.1073462
14931,82,116,1145650,1738050,35.6278597,129.1084501
14932,83,116,1145750,1738050,35.627845,129.1095541
14933,84,116,1145850,1738050,35.6278302,129.110658
14934,85,116,1145950,1738050,35.6278154,129.1117619
14935,86,116,1146050,1738050,35.6278007,129.1128659
14936,87,116,1146150,1738050,35.6277859,129.1139698
14937,88,116,1146250,1738050,35.6277711,129.1150737
14938,89,116,1146350,1738050,35.6277563,129.1161777
14939,90,116,1146450,1738050,35.6277415,129.1172816
14940,91,116,1146550,1738050,35.6277266,129.1183855
14941,92,116,1146650,1738050,35.6277118,129.1194895
14942,93,116,1146750,1738050,35.6276969,129.1205934
14943,94,116,1146850,1738050,35.6276821,129.1216973
14944,95,116,1146950,1738050,35.6276672,129.1228012
14945,96,116,1147050,1738050,35.6276523,129.1239052
14946,97,116,1147150,1738050,35.6276374,129.1250091
14947,98,116,1147250,1738050,35.6276225,129.126113
14948,99,116,1147350,1738050,35.6276076,129.1272169
14949,100,116,1147450,1738050,35.6275927,129.1283209
14950,101,116,1147550,1738050,35.6275778,129.1294248
14951,102,116,1147650,1738050,35.6275628,129.1305287
14952,103,116,1147750,1738050,35.6275479,129.1316326
14953,104,116,1147850,1738050,35.6275329,129.1327365
14954,105,116,1147950,1738050,35.627518,129.1338405
14955,106,116,1148050,1738050,35.627503,129.1349444
14956,107,116,1148150,1738050,35.627488,129.1360483
14957,108,116,1148250,1738050,35.627473,129.1371522
14958,109,116,1148350,1738050,35.627458,129.1382561
14959,110,116,1148450,1738050,35.627443,129.13936
14960,111,116,1148550,1738050,35.6274279,129.1404639
14961,112,116,1148650,1738050,35.6274129,129.1415679
14962,113,116,1148750,1738050,35.6273978,129.1426718
14963,114,116,1148850,1738050,35.6273828,129.1437757
14964,115,116,1148950,1738050,35.6273677,129.1448796
14965,116,116,1149050,1738050,35.6273526,129.1459835
14966,117,116,1149150,1738050,35.6273375,129.1470874
14967,118,116,1149250,1738050,35.6273224,129.1481913
14968,119,116,1149350,1738050,35.6273073,129.1492952
14969,120,116,1149450,1738050,35.6272922,129.1503991
14970,121,116,1149550,1738050,35.6272771,129.151503
14971,122,116,1149650,1738050,35.6272619,129.1526069
14972,123,116,1149750,1738050,35.6272468,129.1537108
14973,124,116,1149850,1738050,35.6272316,129.1548147
14974,125,116,1149950,1738050,35.6272164,129.1559186
14975,126,116,1150050,1738050,35.6272013,129.1570225
14976,127,116,1150150,1738050,35.6271861,129.1581264
14977,127,117,1150150,1738150,35.6280873,129.1581451
14978,126,117,1150050,1738150,35.6281025,129.1570411
14979,125,117,1149950,1738150,35.6281177,129.1559372
14980,124,117,1149850,1738150,35.6281329,129.1548333
14981,123,117,1149750,1738150,35.628148,129.1537294
14982,122,117,1149650,1738150,35.6281632,129.1526255
14983,121,117,1149550,1738150,35.6281783,129.1515216
14984,120,117,1149450,1738150,35.6281935,129.1504177
14985,119,117,1149350,1738150,35.6282086,129.1493137
14986,118,117,1149250,1738150,35.6282237,129.1482098
14987,117,117,1149150,1738150,35.6282388,129.1471059
14988,116,117,1149050,1738150,35.6282539,129.146002
14989,115,117,1148950,1738150,35.628269,129.1448981
14990,114,117,1148850,1738150,35.6282841,129.1437941
14991,113,117,1148750,1738150,35.6282991,129.1426902
14992,112,117,1148650,1738150,35.6283142,129.1415863
14993,111,117,1148550,1738150,35.6283292,129.1404824
14994,110,117,1148450,1738150,35.6283442,129.1393784
14995,109,117,1148350,1738150,35.6283593,129.1382745
14996,108,117,1148250,1738150,35.6283743,129.1371706
14997,107,117,1148150,1738150,35.6283893,129.1360667
14998,106,117,1148050,1738150,35.6284043,129.1349627
14999,105,117,1147950,1738150,35.6284192,129.1338588
15000,104,117,1147850,1738150,35.6284342,129.1327549
15001,103,117,1147750,1738150,35.6284492,129.1316509
15002,102,117,1147650,1738150,35.6284641,129.130547
15003,101,117,1147550,1738150,35.6284791,129.1294431
15004,100,117,1147450,1738150,35.628494,129.1283391
15005,99,117,1147350,1738150,35.6285089,129.1272352
15006,98,117,1147250,1738150,35.6285238,129.1261313
15007,97,117,1147150,1738150,35.6285387,129.1250273
15008,96,117,1147050,1738150,35.6285536,129.1239234
15009,95,117,1146950,1738150,35.6285685,129.1228195
15010,94,117,1146850,1738150,35.6285834,129.1217155
15011,93,117,1146750,1738150,35.6285982,129.1206116
15012,92,117,1146650,1738150,35.6286131,129.1195076
15013,91,117,1146550,1738150,35.6286279,129.1184037
15014,90,117,1146450,1738150,35.6286427,129.1172998
15015,89,117,1146350,1738150,35.6286576,129.1161958
15016,88,117,1146250,1738150,35.6286724,129.1150919
15017,87,117,1146150,1738150,35.6286872,129.1139879
15018,86,117,1146050,1738150,35.628702,129.112884
15019,85,117,1145950,1738150,35.6287167,129.11178
15020,84,117,1145850,1738150,35.6287315,129.1106761
15021,83,117,1145750,1738150,35.6287463,129.1095721
15022,82,117,1145650,1738150,35.628761,129.1084682
15023,81,117,1145550,1738150,35.6287757,129.1073642
15024,80,117,1145450,1738150,35.6287905,129.1062603
15025,79,117,1145350,1738150,35.6288052,129.1051563
15026,78,117,1145250,1738150,35.6288199,129.1040524
15027,77,117,1145150,1738150,35.6288346,129.1029484
15028,76,117,1145050,1738150,35.6288493,129.1018445
15029,75,117,1144950,1738150,35.628864,129.1007405
15030,74,117,1144850,1738150,35.6288786,129.0996366
15031,73,117,1144750,1738150,35.6288933,129.0985326
15032,72,117,1144650,1738150,35.6289079,129.0974287
15033,71,117,1144550,1738150,35.6289226,129.0963247
15034,70,117,1144450,1738150,35.6289372,129.0952208
15035,69,117,1144350,1738150,35.6289518,129.0941168
15036,68,117,1144250,1738150,35.6289664,129.0930128
15037,67,117,1144150,1738150,35.628981,129.0919089
15038,66,117,1144050,1738150,35.6289956,129.0908049
15039,65,117,1143950,1738150,35.6290102,129.089701
15040,64,117,1143850,1738150,35.6290247,129.088597
15041,63,117,1143750,1738150,35.6290393,129.087493
15042,62,117,1143650,1738150,35.6290539,129.0863891
15043,61,117,1143550,1738150,35.6290684,129.0852851
15044,60,117,1143450,1738150,35.6290829,129.0841811
15045,59,117,1143350,1738150,35.6290974,129.0830772
15046,58,117,1143250,1738150,35.6291119,129.0819732
15047,57,117,1143150,1738150,35.6291264,129.0808692
15048,56,117,1143050,1738150,35.6291409,129.0797653
15049,55,117,1142950,1738150,35.6291554,129.0786613
15050,54,117,1142850,1738150,35.6291699,129.0775573
15051,53,117,1142750,1738150,35.6291843,129.0764534
15052,52,117,1142650,1738150,35.6291988,129.0753494
15053,51,117,1142550,1738150,35.6292132,129.0742454
15054,50,117,1142450,1738150,35.6292276,129.0731414
15055,49,117,1142350,1738150,35.629242,129.0720375
15056,48,117,1142250,1738150,35.6292564,129.0709335
15057,47,117,1142150,1738150,35.6292708,129.0698295
15058,46,117,1142050,1738150,35.6292852,129.0687255
15059,45,117,1141950,1738150,35.6292996,129.0676216
15060,44,117,1141850,1738150,35.629314,129.0665176
15061,43,117,1141750,1738150,35.6293283,129.0654136
15062,42,117,1141650,1738150,35.6293426,129.0643096
15063,41,117,1141550,1738150,35.629357,129.0632056
15064,40,117,1141450,1738150,35.6293713,129.0621017
15065,39,117,1141350,1738150,35.6293856,129.0609977
15066,38,117,1141250,1738150,35.6293999,129.0598937
15067,37,117,1141150,1738150,35.6294142,129.0587897
15068,36,117,1141050,1738150,35.6294285,129.0576857
15069,35,117,1140950,1738150,35.6294428,129.0565817
15070,34,117,1140850,1738150,35.629457,129.0554778
15071,33,117,1140750,1738150,35.6294713,129.0543738
15072,32,117,1140650,1738150,35.6294855,129.0532698
15073,31,117,1140550,1738150,35.6294998,129.0521658
15074,30,117,1140450,1738150,35.629514,129.0510618
15075,29,117,1140350,1738150,35.6295282,129.0499578
15076,28,117,1140250,1738150,35.6295424,129.0488538
15077,27,117,1140150,1738150,35.6295566,129.0477498
15078,26,117,1140050,1738150,35.6295708,129.0466458
15079,25,117,1139950,1738150,35.6295849,129.0455418
15080,24,117,1139850,1738150,35.6295991,129.0444378
15081,23,117,1139750,1738150,35.6296133,129.0433339
15082,22,117,1139650,1738150,35.6296274,129.0422299
15083,21,117,1139550,1738150,35.6296415,129.0411259
15084,20,117,1139450,1738150,35.6296557,129.0400219
15085,19,117,1139350,1738150,35.6296698,129.0389179
15086,18,117,1139250,1738150,35.6296839,129.0378139
15087,17,117,1139150,1738150,35.629698,129.0367099
15088,16,117,1139050,1738150,35.629712,129.0356059
15089,15,117,1138950,1738150,35.6297261,129.0345019
15090,14,117,1138850,1738150,35.6297402,129.0333979
15091,13,117,1138750,1738150,35.6297542,129.0322939
15092,12,117,1138650,1738150,35.6297683,129.0311899
15093,11,117,1138550,1738150,35.6297823,129.0300859
15094,10,117,1138450,1738150,35.6297963,129.0289819
15095,9,117,1138350,1738150,35.6298103,129.0278779
15096,8,117,1138250,1738150,35.6298243,129.0267738
15097,7,117,1138150,1738150,35.6298383,129.0256698
15098,6,117,1138050,1738150,35.6298523,129.0245658
15099,5,117,1137950,1738150,35.6298663,129.0234618
15100,4,117,1137850,1738150,35.6298802,129.0223578
15101,3,117,1137750,1738150,35.6298942,129.0212538
15102,2,117,1137650,1738150,35.6299081,129.0201498
15103,1,117,1137550,1738150,35.629922,129.0190458
15104,0,117,1137450,1738150,35.629936,129.0179418
15105,0,118,1137450,1738250,35.6308373,129.0179588
15106,1,118,1137550,1738250,35.6308234,129.0190628
15107,2,118,1137650,1738250,35.6308094,129.0201669
15108,3,118,1137750,1738250,35.6307955,129.0212709
15109,4,118,1137850,1738250,35.6307815,129.0223749
15110,5,118,1137950,1738250,35.6307676,129.0234789
15111,6,118,1138050,1738250,35.6307536,129.0245829
15112,7,118,1138150,1738250,35.6307396,129.025687
15113,8,118,1138250,1738250,35.6307256,129.026791
15114,9,118,1138350,1738250,35.6307116,129.027895
15115,10,118,1138450,1738250,35.6306976,129.028999
15116,11,118,1138550,1738250,35.6306836,129.030103
15117,12,118,1138650,1738250,35.6306696,129.0312071
15118,13,118,1138750,1738250,35.6306555,129.0323111
15119,14,118,1138850,1738250,35.6306415,129.0334151
15120,15,118,1138950,1738250,35.6306274,129.0345191
15121,16,118,1139050,1738250,35.6306134,129.0356231
15122,17,118,1139150,1738250,35.6305993,129.0367271
15123,18,118,1139250,1738250,35.6305852,129.0378311
15124,19,118,1139350,1738250,35.6305711,129.0389351
15125,20,118,1139450,1738250,35.630557,129.0400392
15126,21,118,1139550,1738250,35.6305429,129.0411432
15127,22,118,1139650,1738250,35.6305287,129.0422472
15128,23,118,1139750,1738250,35.6305146,129.0433512
15129,24,118,1139850,1738250,35.6305004,129.0444552
15130,25,118,1139950,1738250,35.6304863,129.0455592
15131,26,118,1140050,1738250,35.6304721,129.0466632
15132,27,118,1140150,1738250,35.6304579,129.0477672
15133,28,118,1140250,1738250,35.6304437,129.0488712
15134,29,118,1140350,1738250,35.6304295,129.0499752
15135,30,118,1140450,1738250,35.6304153,129.0510792
15136,31,118,1140550,1738250,35.6304011,129.0521832
15137,32,118,1140650,1738250,35.6303868,129.0532872
15138,33,118,1140750,1738250,35.6303726,129.0543912
15139,34,118,1140850,1738250,35.6303584,129.0554952
15140,35,118,1140950,1738250,35.6303441,129.0565992
15141,36,118,1141050,1738250,35.6303298,129.0577032
15142,37,118,1141150,1738250,35.6303155,129.0588072
15143,38,118,1141250,1738250,35.6303012,129.0599112
15144,39,118,1141350,1738250,35.6302869,129.0610152
15145,40,118,1141450,1738250,35.6302726,129.0621192
15146,41,118,1141550,1738250,35.6302583,129.0632232
15147,42,118,1141650,1738250,35.630244,129.0643272
15148,43,118,1141750,1738250,35.6302296,129.0654312
15149,44,118,1141850,1738250,35.6302153,129.0665352
15150,45,118,1141950,1738250,35.6302009,129.0676392
15151,46,118,1142050,1738250,35.6301865,129.0687431
15152,47,118,1142150,1738250,35.6301721,129.0698471
15153,48,118,1142250,1738250,35.6301577,129.0709511
15154,49,118,1142350,1738250,35.6301433,129.0720551
15155,50,118,1142450,1738250,35.6301289,129.0731591
15156,51,118,1142550,1738250,35.6301145,129.0742631
15157,52,118,1142650,1738250,35.6301001,129.0753671
15158,53,118,1142750,1738250,35.6300856,129.0764711
15159,54,118,1142850,1738250,35.6300712,129.077575
15160,55,118,1142950,1738250,35.6300567,129.078679
15161,56,118,1143050,1738250,35.6300422,129.079783
15162,57,118,1143150,1738250,35.6300277,129.080887
15163,58,118,1143250,1738250,35.6300132,129.081991
15164,59,118,1143350,1738250,35.6299987,129.0830949
15165,60,118,1143450,1738250,35.6299842,129.0841989
15166,61,118,1143550,1738250,35.6299697,129.0853029
15167,62,118,1143650,1738250,35.6299552,129.0864069
15168,63,118,1143750,1738250,35.6299406,129.0875109
15169,64,118,1143850,1738250,35.6299261,129.0886148
15170,65,118,1143950,1738250,35.6299115,129.0897188
15171,66,118,1144050,1738250,35.6298969,129.0908228
15172,67,118,1144150,1738250,35.6298823,129.0919267
15173,68,118,1144250,1738250,35.6298677,129.0930307
15174,69,118,1144350,1738250,35.6298531,129.0941347
15175,70,118,1144450,1738250,35.6298385,129.0952387
15176,71,118,1144550,1738250,35.6298239,129.0963426
15177,72,118,1144650,1738250,35.6298092,129.0974466
15178,73,118,1144750,1738250,35.6297946,129.0985506
15179,74,118,1144850,1738250,35.6297799,129.0996545
15180,75,118,1144950,1738250,35.6297653,129.1007585
15181,76,118,1145050,1738250,35.6297506,129.1018625
15182,77,118,1145150,1738250,35.6297359,129.1029664
15183,78,118,1145250,1738250,35.6297212,129.1040704
15184,79,118,1145350,1738250,35.6297065,129.1051744
15185,80,118,1145450,1738250,35.6296918,129.1062783
15186,81,118,1145550,1738250,35.629677,129.1073823
15187,82,118,1145650,1738250,35.6296623,129.1084863
15188,83,118,1145750,1738250,35.6296476,129.1095902
15189,84,118,1145850,1738250,35.6296328,129.1106942
15190,85,118,1145950,1738250,35.629618,129.1117981
15191,86,118,1146050,1738250,35.6296032,129.1129021
15192,87,118,1146150,1738250,35.6295885,129.114006
15193,88,118,1146250,1738250,35.6295737,129.11511
15194,89,118,1146350,1738250,35.6295589,129.116214
15195,90,118,1146450,1738250,35.629544,129.1173179
15196,91,118,1146550,1738250,35.6295292,129.1184219
15197,92,118,1146650,1738250,35.6295144,129.1195258
15198,93,118,1146750,1738250,35.6294995,129.1206298
15199,94,118,1146850,1738250,35.6294847,129.1217337
15200,95,118,1146950,1738250,35.6294698,129.1228377
15201,96,118,1147050,1738250,35.6294549,129.1239416
15202,97,118,1147150,1738250,35.62944,129.1250456
15203,98,118,1147250,1738250,35.6294251,129.1261495
15204,99,118,1147350,1738250,35.6294102,129.1272535
15205,100,118,1147450,1738250,35.6293953,129.1283574
15206,101,118,1147550,1738250,35.6293803,129.1294614
15207,102,118,1147650,1738250,35.6293654,129.1305653
15208,103,118,1147750,1738250,35.6293505,129.1316693
15209,104,118,1147850,1738250,35.6293355,129.1327732
15210,105,118,1147950,1738250,35.6293205,129.1338771
15211,106,118,1148050,1738250,35.6293055,129.1349811
15212,107,118,1148150,1738250,35.6292906,129.136085
15213,108,118,1148250,1738250,35.6292756,129.137189
15214,109,118,1148350,1738250,35.6292605,129.1382929
15215,110,118,1148450,1738250,35.6292455,129.1393968
15216,111,118,1148550,1738250,35.6292305,129.1405008
15217,112,118,1148650,1738250,35.6292154,129.1416047
15218,113,118,1148750,1738250,35.6292004,129.1427087
15219,114,118,1148850,1738250,35.6291853,129.1438126
15220,115,118,1148950,1738250,35.6291703,129.1449165
15221,116,118,1149050,1738250,35.6291552,129.1460205
15222,117,118,1149150,1738250,35.6291401,129.1471244
15223,118,118,1149250,1738250,35.629125,129.1482283
15224,119,118,1149350,1738250,35.6291099,129.1493323
15225,120,118,1149450,1738250,35.6290947,129.1504362
15226,121,118,1149550,1738250,35.6290796,129.1515401
15227,122,118,1149650,1738250,35.6290645,129.152644
15228,123,118,1149750,1738250,35.6290493,129.153748
15229,124,118,1149850,1738250,35.6290342,129.1548519
15230,125,118,1149950,1738250,35.629019,129.1559558
15231,126,118,1150050,1738250,35.6290038,129.1570597
15232,127,118,1150150,1738250,35.6289886,129.1581637
15233,127,119,1150150,1738350,35.6298899,129.1581823
15234,126,119,1150050,1738350,35.6299051,129.1570784
15235,125,119,1149950,1738350,35.6299203,129.1559744
15236,124,119,1149850,1738350,35.6299354,129.1548705
15237,123,119,1149750,1738350,35.6299506,129.1537665
15238,122,119,1149650,1738350,35.6299657,129.1526626
15239,121,119,1149550,1738350,35.6299809,129.1515587
15240,120,119,1149450,1738350,35.629996,129.1504547
15241,119,119,1149350,1738350,35.6300111,129.1493508
15242,118,119,1149250,1738350,35.6300263,129.1482468
15243,117,119,1149150,1738350,35.6300414,129.1471429
15244,116,119,1149050,1738350,35.6300565,129.1460389
15245,115,119,1148950,1738350,35.6300715,129.144935
15246,114,119,1148850,1738350,35.6300866,129.143831
15247,113,119,1148750,1738350,35.6301017,129.1427271
15248,112,119,1148650,1738350,35.6301167,129.1416231
15249,111,119,1148550,1738350,35.6301318,129.1405192
15250,110,119,1148450,1738350,35.6301468,129.1394152
15251,109,119,1148350,1738350,35.6301618,129.1383113
15252,108,119,1148250,1738350,35.6301768,129.1372073
15253,107,119,1148150,1738350,35.6301918,129.1361034
15254,106,119,1148050,1738350,35.6302068,129.1349994
15255,105,119,1147950,1738350,35.6302218,129.1338955
15256,104,119,1147850,1738350,35.6302368,129.1327915
15257,103,119,1147750,1738350,35.6302517,129.1316876
15258,102,119,1147650,1738350,35.6302667,129.1305836
15259,101,119,1147550,1738350,35.6302816,129.1294797
15260,100,119,1147450,1738350,35.6302966,129.1283757
15261,99,119,1147350,1738350,35.6303115,129.1272717
15262,98,119,1147250,1738350,35.6303264,129.1261678
15263,97,119,1147150,1738350,35.6303413,129.1250638
15264,96,119,1147050,1738350,35.6303562,129.1239599
15265,95,119,1146950,1738350,35.6303711,129.1228559
15266,94,119,1146850,1738350,35.6303859,129.1217519
15267,93,119,1146750,1738350,35.6304008,129.120648
15268,92,119,1146650,1738350,35.6304157,129.119544
15269,91,119,1146550,1738350,35.6304305,129.11844
15270,90,119,1146450,1738350,35.6304453,129.1173361
15271,89,119,1146350,1738350,35.6304601,129.1162321
15272,88,119,1146250,1738350,35.630475,129.1151281
15273,87,119,1146150,1738350,35.6304898,129.1140242
15274,86,119,1146050,1738350,35.6305045,129.1129202
15275,85,119,1145950,1738350,35.6305193,129.1118162
15276,84,119,1145850,1738350,35.6305341,129.1107123
15277,83,119,1145750,1738350,35.6305488,129.1096083
15278,82,119,1145650,1738350,35.6305636,129.1085043
15279,81,119,1145550,1738350,35.6305783,129.1074003
15280,80,119,1145450,1738350,35.6305931,129.1062964
15281,79,119,1145350,1738350,35.6306078,129.1051924
15282,78,119,1145250,1738350,35.6306225,129.1040884
15283,77,119,1145150,1738350,35.6306372,129.1029844
15284,76,119,1145050,1738350,35.6306519,129.1018805
15285,75,119,1144950,1738350,35.6306666,129.1007765
15286,74,119,1144850,1738350,35.6306812,129.0996725
15287,73,119,1144750,1738350,35.6306959,129.0985685
15288,72,119,1144650,1738350,35.6307105,129.0974645
15289,71,119,1144550,1738350,35.6307252,129.0963606
15290,70,119,1144450,1738350,35.6307398,129.0952566
15291,69,119,1144350,1738350,35.6307544,129.0941526
15292,68,119,1144250,1738350,35.630769,129.0930486
15293,67,119,1144150,1738350,35.6307836,129.0919446
15294,66,119,1144050,1738350,35.6307982,129.0908406
15295,65,119,1143950,1738350,35.6308128,129.0897366
15296,64,119,1143850,1738350,35.6308274,129.0886327
15297,63,119,1143750,1738350,35.6308419,129.0875287
15298,62,119,1143650,1738350,35.6308565,129.0864247
15299,61,119,1143550,1738350,35.630871,129.0853207
15300,60,119,1143450,1738350,35.6308855,129.0842167
15301,59,119,1143350,1738350,35.6309,129.0831127
15302,58,119,1143250,1738350,35.6309145,129.0820087
15303,57,119,1143150,1738350,35.630929,129.0809047
15304,56,119,1143050,1738350,35.6309435,129.0798007
15305,55,119,1142950,1738350,35.630958,129.0786967
15306,54,119,1142850,1738350,35.6309725,129.0775927
15307,53,119,1142750,1738350,35.6309869,129.0764888
15308,52,119,1142650,1738350,35.6310014,129.0753848
15309,51,119,1142550,1738350,35.6310158,129.0742808
15310,50,119,1142450,1738350,35.6310302,129.0731768
15311,49,119,1142350,1738350,35.6310446,129.0720728
15312,48,119,1142250,1738350,35.6310591,129.0709688
15313,47,119,1142150,1738350,35.6310734,129.0698648
15314,46,119,1142050,1738350,35.6310878,129.0687608
15315,45,119,1141950,1738350,35.6311022,129.0676568
15316,44,119,1141850,1738350,35.6311166,129.0665528
15317,43,119,1141750,1738350,35.6311309,129.0654487
15318,42,119,1141650,1738350,35.6311453,129.0643447
15319,41,119,1141550,1738350,35.6311596,129.0632407
15320,40,119,1141450,1738350,35.6311739,129.0621367
15321,39,119,1141350,1738350,35.6311882,129.0610327
15322,38,119,1141250,1738350,35.6312026,129.0599287
15323,37,119,1141150,1738350,35.6312168,129.0588247
15324,36,119,1141050,1738350,35.6312311,129.0577207
15325,35,119,1140950,1738350,35.6312454,129.0566167
15326,34,119,1140850,1738350,35.6312597,129.0555127
15327,33,119,1140750,1738350,35.6312739,129.0544087
15328,32,119,1140650,1738350,35.6312882,129.0533047
15329,31,119,1140550,1738350,35.6313024,129.0522006
15330,30,119,1140450,1738350,35.6313166,129.0510966
15331,29,119,1140350,1738350,35.6313308,129.0499926
15332,28,119,1140250,1738350,35.631345,129.0488886
15333,27,119,1140150,1738350,35.6313592,129.0477846
15334,26,119,1140050,1738350,35.6313734,129.0466806
15335,25,119,1139950,1738350,35.6313876,129.0455765
15336,24,119,1139850,1738350,35.6314017,129.0444725
15337,23,119,1139750,1738350,35.6314159,129.0433685
15338,22,119,1139650,1738350,35.63143,129.0422645
15339,21,119,1139550,1738350,35.6314442,129.0411605
15340,20,119,1139450,1738350,35.6314583,129.0400564
15341,19,119,1139350,1738350,35.6314724,129.0389524
15342,18,119,1139250,1738350,35.6314865,129.0378484
15343,17,119,1139150,1738350,35.6315006,129.0367444
15344,16,119,1139050,1738350,35.6315147,129.0356404
15345,15,119,1138950,1738350,35.6315288,129.0345363
15346,14,119,1138850,1738350,35.6315428,129.0334323
15347,13,119,1138750,1738350,35.6315569,129.0323283
15348,12,119,1138650,1738350,35.6315709,129.0312242
15349,11,119,1138550,1738350,35.6315849,129.0301202
15350,10,119,1138450,1738350,35.631599,129.0290162
15351,9,119,1138350,1738350,35.631613,129.0279122
15352,8,119,1138250,1738350,35.631627,129.0268081
15353,7,119,1138150,1738350,35.631641,129.0257041
15354,6,119,1138050,1738350,35.6316549,129.0246001
15355,5,119,1137950,1738350,35.6316689,129.023496
15356,4,119,1137850,1738350,35.6316829,129.022392
15357,3,119,1137750,1738350,35.6316968,129.021288
15358,2,119,1137650,1738350,35.6317108,129.0201839
15359,1,119,1137550,1738350,35.6317247,129.0190799
15360,0,119,1137450,1738350,35.6317386,129.0179759
15361,0,120,1137450,1738450,35.63264,129.0179929
15362,1,120,1137550,1738450,35.632626,129.019097
15363,2,120,1137650,1738450,35.6326121,129.020201
15364,3,120,1137750,1738450,35.6325982,129.021305
15365,4,120,1137850,1738450,35.6325842,129.0224091
15366,5,120,1137950,1738450,35.6325702,129.0235131
15367,6,120,1138050,1738450,35.6325563,129.0246172
15368,7,120,1138150,1738450,35.6325423,129.0257212
15369,8,120,1138250,1738450,35.6325283,129.0268253
15370,9,120,1138350,1738450,35.6325143,129.0279293
15371,10,120,1138450,1738450,35.6325003,129.0290334
15372,11,120,1138550,1738450,35.6324863,129.0301374
15373,12,120,1138650,1738450,35.6324722,129.0312414
15374,13,120,1138750,1738450,35.6324582,129.0323455
15375,14,120,1138850,1738450,35.6324441,129.0334495
15376,15,120,1138950,1738450,35.6324301,129.0345536
15377,16,120,1139050,1738450,35.632416,129.0356576
15378,17,120,1139150,1738450,35.6324019,129.0367616
15379,18,120,1139250,1738450,35.6323878,129.0378657
15380,19,120,1139350,1738450,35.6323737,129.0389697
15381,20,120,1139450,1738450,35.6323596,129.0400737
15382,21,120,1139550,1738450,35.6323455,129.0411778
15383,22,120,1139650,1738450,35.6323314,129.0422818
15384,23,120,1139750,1738450,35.6323172,129.0433858
15385,24,120,1139850,1738450,35.6323031,129.0444899
15386,25,120,1139950,1738450,35.6322889,129.0455939
15387,26,120,1140050,1738450,35.6322747,129.0466979
15388,27,120,1140150,1738450,35.6322606,129.047802
15389,28,120,1140250,1738450,35.6322464,129.048906
15390,29,120,1140350,1738450,35.6322322,129.05001
15391,30,120,1140450,1738450,35.6322179,129.051114
15392,31,120,1140550,1738450,35.6322037,129.0522181
15393,32,120,1140650,1738450,35.6321895,129.0533221
15394,33,120,1140750,1738450,35.6321752,129.0544261
15395,34,120,1140850,1738450,35.632161,129.0555301
15396,35,120,1140950,1738450,35.6321467,129.0566342
15397,36,120,1141050,1738450,35.6321324,129.0577382
15398,37,120,1141150,1738450,35.6321182,129.0588422
15399,38,120,1141250,1738450,35.6321039,129.0599462
15400,39,120,1141350,1738450,35.6320896,129.0610503
15401,40,120,1141450,1738450,35.6320752,129.0621543
15402,41,120,1141550,1738450,35.6320609,129.0632583
15403,42,120,1141650,1738450,35.6320466,129.0643623
15404,43,120,1141750,1738450,35.6320322,129.0654663
15405,44,120,1141850,1738450,35.6320179,129.0665703
15406,45,120,1141950,1738450,35.6320035,129.0676744
15407,46,120,1142050,1738450,35.6319891,129.0687784
15408,47,120,1142150,1738450,35.6319748,129.0698824
15409,48,120,1142250,1738450,35.6319604,129.0709864
15410,49,120,1142350,1738450,35.631946,129.0720904
15411,50,120,1142450,1738450,35.6319315,129.0731944
15412,51,120,1142550,1738450,35.6319171,129.0742984
15413,52,120,1142650,1738450,35.6319027,129.0754024
15414,53,120,1142750,1738450,35.6318882,129.0765065
15415,54,120,1142850,1738450,35.6318738,129.0776105
15416,55,120,1142950,1738450,35.6318593,129.0787145
15417,56,120,1143050,1738450,35.6318448,129.0798185
15418,57,120,1143150,1738450,35.6318303,129.0809225
15419,58,120,1143250,1738450,35.6318159,129.0820265
15420,59,120,1143350,1738450,35.6318013,129.0831305
15421,60,120,1143450,1738450,35.6317868,129.0842345
15422,61,120,1143550,1738450,35.6317723,129.0853385
15423,62,120,1143650,1738450,35.6317578,129.0864425
15424,63,120,1143750,1738450,35.6317432,129.0875465
15425,64,120,1143850,1738450,35.6317287,129.0886505
15426,65,120,1143950,1738450,35.6317141,129.0897545
15427,66,120,1144050,1738450,35.6316995,129.0908585
15428,67,120,1144150,1738450,35.6316849,129.0919625
15429,68,120,1144250,1738450,35.6316703,129.0930665
15430,69,120,1144350,1738450,35.6316557,129.0941705
15431,70,120,1144450,1738450,35.6316411,129.0952745
15432,71,120,1144550,1738450,35.6316265,129.0963785
15433,72,120,1144650,1738450,35.6316118,129.0974825
15434,73,120,1144750,1738450,35.6315972,129.0985865
15435,74,120,1144850,1738450,35.6315825,129.0996905
15436,75,120,1144950,1738450,35.6315679,129.1007945
15437,76,120,1145050,1738450,35.6315532,129.1018984
15438,77,120,1145150,1738450,35.6315385,129.1030024
15439,78,120,1145250,1738450,35.6315238,129.1041064
15440,79,120,1145350,1738450,35.6315091,129.1052104
15441,80,120,1145450,1738450,35.6314944,129.1063144
15442,81,120,1145550,1738450,35.6314796,129.1074184
15443,82,120,1145650,1738450,35.6314649,129.1085224
15444,83,120,1145750,1738450,35.6314501,129.1096264
15445,84,120,1145850,1738450,35.6314354,129.1107303
15446,85,120,1145950,1738450,35.6314206,129.1118343
15447,86,120,1146050,1738450,35.6314058,129.1129383
15448,87,120,1146150,1738450,35.631391,129.1140423
15449,88,120,1146250,1738450,35.6313762,129.1151463
15450,89,120,1146350,1738450,35.6313614,129.1162503
15451,90,120,1146450,1738450,35.6313466,129.1173542
15452,91,120,1146550,1738450,35.6313318,129.1184582
15453,92,120,1146650,1738450,35.6313169,129.1195622
15454,93,120,1146750,1738450,35.6313021,129.1206662
15455,94,120,1146850,1738450,35.6312872,129.1217701
15456,95,120,1146950,1738450,35.6312724,129.1228741
15457,96,120,1147050,1738450,35.6312575,129.1239781
15458,97,120,1147150,1738450,35.6312426,129.1250821
15459,98,120,1147250,1738450,35.6312277,129.126186
15460,99,120,1147350,1738450,35.6312128,129.12729
15461,100,120,1147450,1738450,35.6311979,129.128394
15462,101,120,1147550,1738450,35.6311829,129.129498
15463,102,120,1147650,1738450,35.631168,129.1306019
15464,103,120,1147750,1738450,35.631153,129.1317059
15465,104,120,1147850,1738450,35.6311381,129.1328099
15466,105,120,1147950,1738450,35.6311231,129.1339138
15467,106,120,1148050,1738450,35.6311081,129.1350178
15468,107,120,1148150,1738450,35.6310931,129.1361218
15469,108,120,1148250,1738450,35.6310781,129.1372257
15470,109,120,1148350,1738450,35.6310631,129.1383297
15471,110,120,1148450,1738450,35.6310481,129.1394337
15472,111,120,1148550,1738450,35.631033,129.1405376
15473,112,120,1148650,1738450,35.631018,129.1416416
15474,113,120,1148750,1738450,35.6310029,129.1427455
15475,114,120,1148850,1738450,35.6309879,129.1438495
15476,115,120,1148950,1738450,35.6309728,129.1449535
15477,116,120,1149050,1738450,35.6309577,129.1460574
15478,117,120,1149150,1738450,35.6309426,129.1471614
15479,118,120,1149250,1738450,35.6309275,129.1482653
15480,119,120,1149350,1738450,35.6309124,129.1493693
15481,120,120,1149450,1738450,35.6308973,129.1504732
15482,121,120,1149550,1738450,35.6308822,129.1515772
15483,122,120,1149650,1738450,35.630867,129.1526812
15484,123,120,1149750,1738450,35.6308519,129.1537851
15485,124,120,1149850,1738450,35.6308367,129.1548891
15486,125,120,1149950,1738450,35.6308215,129.155993
15487,126,120,1150050,1738450,35.6308063,129.157097
15488,127,120,1150150,1738450,35.6307911,129.1582009
15489,127,121,1150150,1738550,35.6316924,129.1582195
15490,126,121,1150050,1738550,35.6317076,129.1571156
15491,125,121,1149950,1738550,35.6317228,129.1560116
15492,124,121,1149850,1738550,35.631738,129.1549076
15493,123,121,1149750,1738550,35.6317531,129.1538037
15494,122,121,1149650,1738550,35.6317683,129.1526997
15495,121,121,1149550,1738550,35.6317834,129.1515957
15496,120,121,1149450,1738550,35.6317986,129.1504918
15497,119,121,1149350,1738550,35.6318137,129.1493878
15498,118,121,1149250,1738550,35.6318288,129.1482838
15499,117,121,1149150,1738550,35.6318439,129.1471799
15500,116,121,1149050,1738550,35.631859,129.1460759
15501,115,121,1148950,1738550,35.6318741,129.1449719
15502,114,121,1148850,1738550,35.6318892,129.143868
15503,113,121,1148750,1738550,35.6319042,129.142764
15504,112,121,1148650,1738550,35.6319193,129.14166
15505,111,121,1148550,1738550,35.6319343,129.140556
15506,110,121,1148450,1738550,35.6319494,129.1394521
15507,109,121,1148350,1738550,35.6319644,129.1383481
15508,108,121,1148250,1738550,35.6319794,129.1372441
15509,107,121,1148150,1738550,35.6319944,129.1361401
15510,106,121,1148050,1738550,35.6320094,129.1350362
15511,105,121,1147950,1738550,35.6320244,129.1339322
15512,104,121,1147850,1738550,35.6320393,129.1328282
15513,103,121,1147750,1738550,35.6320543,129.1317242
15514,102,121,1147650,1738550,35.6320693,129.1306202
15515,101,121,1147550,1738550,35.6320842,129.1295162
15516,100,121,1147450,1738550,35.6320991,129.1284123
15517,99,121,1147350,1738550,35.6321141,129.1273083
15518,98,121,1147250,1738550,35.632129,129.1262043
15519,97,121,1147150,1738550,35.6321439,129.1251003
15520,96,121,1147050,1738550,35.6321588,129.1239963
15521,95,121,1146950,1738550,35.6321736,129.1228923
15522,94,121,1146850,1738550,35.6321885,129.1217884
15523,93,121,1146750,1738550,35.6322034,129.1206844
15524,92,121,1146650,1738550,35.6322182,129.1195804
15525,91,121,1146550,1738550,35.6322331,129.1184764
15526,90,121,1146450,1738550,35.6322479,129.1173724
15527,89,121,1146350,1738550,35.6322627,129.1162684
15528,88,121,1146250,1738550,35.6322775,129.1151644
15529,87,121,1146150,1738550,35.6322923,129.1140604
15530,86,121,1146050,1738550,35.6323071,129.1129564
15531,85,121,1145950,1738550,35.6323219,129.1118524
15532,84,121,1145850,1738550,35.6323367,129.1107484
15533,83,121,1145750,1738550,35.6323514,129.1096444
15534,82,121,1145650,1738550,35.6323662,129.1085404
15535,81,121,1145550,1738550,35.6323809,129.1074364
15536,80,121,1145450,1738550,35.6323957,129.1063324
15537,79,121,1145350,1738550,35.6324104,129.1052284
15538,78,121,1145250,1738550,35.6324251,129.1041244
15539,77,121,1145150,1738550,35.6324398,129.1030204
15540,76,121,1145050,1738550,35.6324545,129.1019164
15541,75,121,1144950,1738550,35.6324692,129.1008124
15542,74,121,1144850,1738550,35.6324838,129.0997084
15543,73,121,1144750,1738550,35.6324985,129.0986044
15544,72,121,1144650,1738550,35.6325131,129.0975004
15545,71,121,1144550,1738550,35.6325278,129.0963964
15546,70,121,1144450,1738550,35.6325424,129.0952924
15547,69,121,1144350,1738550,35.632557,129.0941884
15548,68,121,1144250,1738550,35.6325716,129.0930844
15549,67,121,1144150,1738550,35.6325862,129.0919804
15550,66,121,1144050,1738550,35.6326008,129.0908764
15551,65,121,1143950,1738550,35.6326154,129.0897723
15552,64,121,1143850,1738550,35.63263,129.0886683
15553,63,121,1143750,1738550,35.6326445,129.0875643
15554,62,121,1143650,1738550,35.6326591,129.0864603
15555,61,121,1143550,1738550,35.6326736,129.0853563
15556,60,121,1143450,1738550,35.6326881,129.0842523
15557,59,121,1143350,1738550,35.6327026,129.0831483
15558,58,121,1143250,1738550,35.6327172,129.0820442
15559,57,121,1143150,1738550,35.6327317,129.0809402
15560,56,121,1143050,1738550,35.6327461,129.0798362
15561,55,121,1142950,1738550,35.6327606,129.0787322
15562,54,121,1142850,1738550,35.6327751,129.0776282
15563,53,121,1142750,1738550,35.6327895,129.0765242
15564,52,121,1142650,1738550,35.632804,129.0754201
15565,51,121,1142550,1738550,35.6328184,129.0743161
15566,50,121,1142450,1738550,35.6328329,129.0732121
15567,49,121,1142350,1738550,35.6328473,129.0721081
15568,48,121,1142250,1738550,35.6328617,129.071004
15569,47,121,1142150,1738550,35.6328761,129.0699
15570,46,121,1142050,1738550,35.6328905,129.068796
15571,45,121,1141950,1738550,35.6329048,129.067692
15572,44,121,1141850,1738550,35.6329192,129.0665879
15573,43,121,1141750,1738550,35.6329336,129.0654839
15574,42,121,1141650,1738550,35.6329479,129.0643799
15575,41,121,1141550,1738550,35.6329622,129.0632758
15576,40,121,1141450,1738550,35.6329766,129.0621718
15577,39,121,1141350,1738550,35.6329909,129.0610678
15578,38,121,1141250,1738550,35.6330052,129.0599637
15579,37,121,1141150,1738550,35.6330195,129.0588597
15580,36,121,1141050,1738550,35.6330338,129.0577557
15581,35,121,1140950,1738550,35.633048,129.0566516
15582,34,121,1140850,1738550,35.6330623,129.0555476
15583,33,121,1140750,1738550,35.6330766,129.0544436
15584,32,121,1140650,1738550,35.6330908,129.0533395
15585,31,121,1140550,1738550,35.633105,129.0522355
15586,30,121,1140450,1738550,35.6331193,129.0511315
15587,29,121,1140350,1738550,35.6331335,129.0500274
15588,28,121,1140250,1738550,35.6331477,129.0489234
15589,27,121,1140150,1738550,35.6331619,129.0478193
15590,26,121,1140050,1738550,35.6331761,129.0467153
15591,25,121,1139950,1738550,35.6331902,129.0456113
15592,24,121,1139850,1738550,35.6332044,129.0445072
15593,23,121,1139750,1738550,35.6332185,129.0434032
15594,22,121,1139650,1738550,35.6332327,129.0422991
15595,21,121,1139550,1738550,35.6332468,129.0411951
15596,20,121,1139450,1738550,35.6332609,129.040091
15597,19,121,1139350,1738550,35.6332751,129.038987
15598,18,121,1139250,1738550,35.6332892,129.0378829
15599,17,121,1139150,1738550,35.6333033,129.0367789
15600,16,121,1139050,1738550,35.6333173,129.0356748
15601,15,121,1138950,1738550,35.6333314,129.0345708
15602,14,121,1138850,1738550,35.6333455,129.0334667
15603,13,121,1138750,1738550,35.6333595,129.0323627
15604,12,121,1138650,1738550,35.6333736,129.0312586
15605,11,121,1138550,1738550,35.6333876,129.0301546
15606,10,121,1138450,1738550,35.6334016,129.0290505
15607,9,121,1138350,1738550,35.6334156,129.0279465
15608,8,121,1138250,1738550,35.6334296,129.0268424
15609,7,121,1138150,1738550,35.6334436,129.0257384
15610,6,121,1138050,1738550,35.6334576,129.0246343
15611,5,121,1137950,1738550,35.6334716,129.0235302
15612,4,121,1137850,1738550,35.6334855,129.0224262
15613,3,121,1137750,1738550,35.6334995,129.0213221
15614,2,121,1137650,1738550,35.6335134,129.0202181
15615,1,121,1137550,1738550,35.6335274,129.019114
15616,0,121,1137450,1738550,35.6335413,129.0180099
15617,0,122,1137450,1738650,35.6344426,129.018027
15618,1,122,1137550,1738650,35.6344287,129.0191311
15619,2,122,1137650,1738650,35.6344148,129.0202351
15620,3,122,1137750,1738650,35.6344008,129.0213392
15621,4,122,1137850,1738650,35.6343869,129.0224433
15622,5,122,1137950,1738650,35.6343729,129.0235474
15623,6,122,1138050,1738650,35.6343589,129.0246514
15624,7,122,1138150,1738650,35.634345,129.0257555
15625,8,122,1138250,1738650,35.634331,129.0268596
15626,9,122,1138350,1738650,35.634317,129.0279636
15627,10,122,1138450,1738650,35.6343029,129.0290677
15628,11,122,1138550,1738650,35.6342889,129.0301718
15629,12,122,1138650,1738650,35.6342749,129.0312758
15630,13,122,1138750,1738650,35.6342608,129.0323799
15631,14,122,1138850,1738650,35.6342468,129.033484
15632,15,122,1138950,1738650,35.6342327,129.034588
15633,16,122,1139050,1738650,35.6342187,129.0356921
15634,17,122,1139150,1738650,35.6342046,129.0367961
15635,18,122,1139250,1738650,35.6341905,129.0379002
15636,19,122,1139350,1738650,35.6341764,129.0390043
15637,20,122,1139450,1738650,35.6341623,129.0401083
15638,21,122,1139550,1738650,35.6341481,129.0412124
15639,22,122,1139650,1738650,35.634134,129.0423164
15640,23,122,1139750,1738650,35.6341199,129.0434205
15641,24,122,1139850,1738650,35.6341057,129.0445246
15642,25,122,1139950,1738650,35.6340915,129.0456286
15643,26,122,1140050,1738650,35.6340774,129.0467327
15644,27,122,1140150,1738650,35.6340632,129.0478367
15645,28,122,1140250,1738650,35.634049,129.0489408
15646,29,122,1140350,1738650,35.6340348,129.0500448
15647,30,122,1140450,1738650,35.6340206,129.0511489
15648,31,122,1140550,1738650,35.6340064,129.0522529
15649,32,122,1140650,1738650,35.6339921,129.053357
15650,33,122,1140750,1738650,35.6339779,129.054461
15651,34,122,1140850,1738650,35.6339636,129.0555651
15652,35,122,1140950,1738650,35.6339494,129.0566691
15653,36,122,1141050,1738650,35.6339351,129.0577732
15654,37,122,1141150,1738650,35.6339208,129.0588772
15655,38,122,1141250,1738650,35.6339065,129.0599813
15656,39,122,1141350,1738650,35.6338922,129.0610853
15657,40,122,1141450,1738650,35.6338779,129.0621894
15658,41,122,1141550,1738650,35.6338635,129.0632934
15659,42,122,1141650,1738650,35.6338492,129.0643974
15660,43,122,1141750,1738650,35.6338349,129.0655015
15661,44,122,1141850,1738650,35.6338205,129.0666055
15662,45,122,1141950,1738650,35.6338061,129.0677096
15663,46,122,1142050,1738650,35.6337918,129.0688136
15664,47,122,1142150,1738650,35.6337774,129.0699176
15665,48,122,1142250,1738650,35.633763,129.0710217
15666,49,122,1142350,1738650,35.6337486,129.0721257
15667,50,122,1142450,1738650,35.6337342,129.0732298
15668,51,122,1142550,1738650,35.6337197,129.0743338
15669,52,122,1142650,1738650,35.6337053,129.0754378
15670,53,122,1142750,1738650,35.6336908,129.0765419
15671,54,122,1142850,1738650,35.6336764,129.0776459
15672,55,122,1142950,1738650,35.6336619,129.0787499
15673,56,122,1143050,1738650,35.6336474,129.079854
15674,57,122,1143150,1738650,35.633633,129.080958
15675,58,122,1143250,1738650,35.6336185,129.082062
15676,59,122,1143350,1738650,35.633604,129.083166
15677,60,122,1143450,1738650,35.6335894,129.0842701
15678,61,122,1143550,1738650,35.6335749,129.0853741
15679,62,122,1143650,1738650,35.6335604,129.0864781
15680,63,122,1143750,1738650,35.6335458,129.0875822
15681,64,122,1143850,1738650,35.6335313,129.0886862
15682,65,122,1143950,1738650,35.6335167,129.0897902
15683,66,122,1144050,1738650,35.6335021,129.0908942
15684,67,122,1144150,1738650,35.6334875,129.0919982
15685,68,122,1144250,1738650,35.6334729,129.0931023
15686,69,122,1144350,1738650,35.6334583,129.0942063
15687,70,122,1144450,1738650,35.6334437,129.0953103
15688,71,122,1144550,1738650,35.6334291,129.0964143
15689,72,122,1144650,1738650,35.6334144,129.0975183
15690,73,122,1144750,1738650,35.6333998,129.0986224
15691,74,122,1144850,1738650,35.6333851,129.0997264
15692,75,122,1144950,1738650,35.6333704,129.1008304
15693,76,122,1145050,1738650,35.6333558,129.1019344
15694,77,122,1145150,1738650,35.6333411,129.1030384
15695,78,122,1145250,1738650,35.6333264,129.1041424
15696,79,122,1145350,1738650,35.6333117,129.1052465
15697,80,122,1145450,1738650,35.6332969,129.1063505
15698,81,122,1145550,1738650,35.6332822,129.1074545
15699,82,122,1145650,1738650,35.6332675,129.1085585
15700,83,122,1145750,1738650,35.6332527,129.1096625
15701,84,122,1145850,1738650,35.633238,129.1107665
15702,85,122,1145950,1738650,35.6332232,129.1118705
15703,86,122,1146050,1738650,35.6332084,129.1129745
15704,87,122,1146150,1738650,35.6331936,129.1140785
15705,88,122,1146250,1738650,35.6331788,129.1151825
15706,89,122,1146350,1738650,35.633164,129.1162865
15707,90,122,1146450,1738650,35.6331492,129.1173906
15708,91,122,1146550,1738650,35.6331344,129.1184946
15709,92,122,1146650,1738650,35.6331195,129.1195986
15710,93,122,1146750,1738650,35.6331047,129.1207026
15711,94,122,1146850,1738650,35.6330898,129.1218066
15712,95,122,1146950,1738650,35.6330749,129.1229106
15713,96,122,1147050,1738650,35.63306,129.1240146
15714,97,122,1147150,1738650,35.6330452,129.1251186
15715,98,122,1147250,1738650,35.6330303,129.1262226
15716,99,122,1147350,1738650,35.6330153,129.1273266
15717,100,122,1147450,1738650,35.6330004,129.1284306
15718,101,122,1147550,1738650,35.6329855,129.1295345
15719,102,122,1147650,1738650,35.6329705,129.1306385
15720,103,122,1147750,1738650,35.6329556,129.1317425
15721,104,122,1147850,1738650,35.6329406,129.1328465
15722,105,122,1147950,1738650,35.6329257,129.1339505
15723,106,122,1148050,1738650,35.6329107,129.1350545
15724,107,122,1148150,1738650,35.6328957,129.1361585
15725,108,122,1148250,1738650,35.6328807,129.1372625
15726,109,122,1148350,1738650,35.6328657,129.1383665
15727,110,122,1148450,1738650,35.6328506,129.1394705
15728,111,122,1148550,1738650,35.6328356,129.1405745
15729,112,122,1148650,1738650,35.6328206,129.1416784
15730,113,122,1148750,1738650,35.6328055,129.1427824
15731,114,122,1148850,1738650,35.6327904,129.1438864
15732,115,122,1148950,1738650,35.6327754,129.1449904
15733,116,122,1149050,1738650,35.6327603,129.1460944
15734,117,122,1149150,1738650,35.6327452,129.1471984
15735,118,122,1149250,1738650,35.6327301,129.1483023
15736,119,122,1149350,1738650,35.632715,129.1494063
15737,120,122,1149450,1738650,35.6326998,129.1505103
15738,121,122,1149550,1738650,35.6326847,129.1516143
15739,122,122,1149650,1738650,35.6326696,129.1527183
15740,123,122,1149750,1738650,35.6326544,129.1538222
15741,124,122,1149850,1738650,35.6326392,129.1549262
15742,125,122,1149950,1738650,35.6326241,129.1560302
15743,126,122,1150050,1738650,35.6326089,129.1571342
15744,127,122,1150150,1738650,35.6325937,129.1582381
15745,127,123,1150150,1738750,35.633495,129.1582568
15746,126,123,1150050,1738750,35.6335102,129.1571528
15747,125,123,1149950,1738750,35.6335253,129.1560488
15748,124,123,1149850,1738750,35.6335405,129.1549448
15749,123,123,1149750,1738750,35.6335557,129.1538408
15750,122,123,1149650,1738750,35.6335708,129.1527368
15751,121,123,1149550,1738750,35.633586,129.1516328
15752,120,123,1149450,1738750,35.6336011,129.1505288
15753,119,123,1149350,1738750,35.6336162,129.1494248
15754,118,123,1149250,1738750,35.6336314,129.1483209
15755,117,123,1149150,1738750,35.6336465,129.1472169
15756,116,123,1149050,1738750,35.6336616,129.1461129
15757,115,123,1148950,1738750,35.6336766,129.1450089
15758,114,123,1148850,1738750,35.6336917,129.1439049
15759,113,123,1148750,1738750,35.6337068,129.1428009
15760,112,123,1148650,1738750,35.6337218,129.1416969
15761,111,123,1148550,1738750,35.6337369,129.1405929
15762,110,123,1148450,1738750,35.6337519,129.1394889
15763,109,123,1148350,1738750,35.6337669,129.1383849
15764,108,123,1148250,1738750,35.633782,129.1372809
15765,107,123,1148150,1738750,35.633797,129.1361769
15766,106,123,1148050,1738750,35.633812,129.1350729
15767,105,123,1147950,1738750,35.6338269,129.1339689
15768,104,123,1147850,1738750,35.6338419,129.1328649
15769,103,123,1147750,1738750,35.6338569,129.1317609
15770,102,123,1147650,1738750,35.6338718,129.1306569
15771,101,123,1147550,1738750,35.6338868,129.1295528
15772,100,123,1147450,1738750,35.6339017,129.1284488
15773,99,123,1147350,1738750,35.6339166,129.1273448
15774,98,123,1147250,1738750,35.6339315,129.1262408
15775,97,123,1147150,1738750,35.6339464,129.1251368
15776,96,123,1147050,1738750,35.6339613,129.1240328
15777,95,123,1146950,1738750,35.6339762,129.1229288
15778,94,123,1146850,1738750,35.6339911,129.1218248
15779,93,123,1146750,1738750,35.634006,129.1207208
15780,92,123,1146650,1738750,35.6340208,129.1196167
15781,91,123,1146550,1738750,35.6340356,129.1185127
15782,90,123,1146450,1738750,35.6340505,129.1174087
15783,89,123,1146350,1738750,35.6340653,129.1163047
15784,88,123,1146250,1738750,35.6340801,129.1152007
15785,87,123,1146150,1738750,35.6340949,129.1140967
15786,86,123,1146050,1738750,35.6341097,129.1129926
15787,85,123,1145950,1738750,35.6341245,129.1118886
15788,84,123,1145850,1738750,35.6341393,129.1107846
15789,83,123,1145750,1738750,35.634154,129.1096806
15790,82,123,1145650,1738750,35.6341688,129.1085766
15791,81,123,1145550,1738750,35.6341835,129.1074725
15792,80,123,1145450,1738750,35.6341982,129.1063685
15793,79,123,1145350,1738750,35.634213,129.1052645
15794,78,123,1145250,1738750,35.6342277,129.1041605
15795,77,123,1145150,1738750,35.6342424,129.1030564
15796,76,123,1145050,1738750,35.6342571,129.1019524
15797,75,123,1144950,1738750,35.6342717,129.1008484
15798,74,123,1144850,1738750,35.6342864,129.0997443
15799,73,123,1144750,1738750,35.6343011,129.0986403
15800,72,123,1144650,1738750,35.6343157,129.0975363
15801,71,123,1144550,1738750,35.6343304,129.0964323
15802,70,123,1144450,1738750,35.634345,129.0953282
15803,69,123,1144350,1738750,35.6343596,129.0942242
15804,68,123,1144250,1738750,35.6343742,129.0931202
15805,67,123,1144150,1738750,35.6343888,129.0920161
15806,66,123,1144050,1738750,35.6344034,129.0909121
15807,65,123,1143950,1738750,35.634418,129.0898081
15808,64,123,1143850,1738750,35.6344326,129.088704
15809,63,123,1143750,1738750,35.6344471,129.0876
15810,62,123,1143650,1738750,35.6344617,129.0864959
15811,61,123,1143550,1738750,35.6344762,129.0853919
15812,60,123,1143450,1738750,35.6344907,129.0842879
15813,59,123,1143350,1738750,35.6345053,129.0831838
15814,58,123,1143250,1738750,35.6345198,129.0820798
15815,57,123,1143150,1738750,35.6345343,129.0809757
15816,56,123,1143050,1738750,35.6345488,129.0798717
15817,55,123,1142950,1738750,35.6345632,129.0787676
15818,54,123,1142850,1738750,35.6345777,129.0776636
15819,53,123,1142750,1738750,35.6345922,129.0765596
15820,52,123,1142650,1738750,35.6346066,129.0754555
15821,51,123,1142550,1738750,35.634621,129.0743515
15822,50,123,1142450,1738750,35.6346355,129.0732474
15823,49,123,1142350,1738750,35.6346499,129.0721434
15824,48,123,1142250,1738750,35.6346643,129.0710393
15825,47,123,1142150,1738750,35.6346787,129.0699353
15826,46,123,1142050,1738750,35.6346931,129.0688312
15827,45,123,1141950,1738750,35.6347075,129.0677272
15828,44,123,1141850,1738750,35.6347218,129.0666231
15829,43,123,1141750,1738750,35.6347362,129.0655191
15830,42,123,1141650,1738750,35.6347505,129.064415
15831,41,123,1141550,1738750,35.6347649,129.063311
15832,40,123,1141450,1738750,35.6347792,129.0622069
15833,39,123,1141350,1738750,35.6347935,129.0611028
15834,38,123,1141250,1738750,35.6348078,129.0599988
15835,37,123,1141150,1738750,35.6348221,129.0588947
15836,36,123,1141050,1738750,35.6348364,129.0577907
15837,35,123,1140950,1738750,35.6348507,129.0566866
15838,34,123,1140850,1738750,35.6348649,129.0555825
15839,33,123,1140750,1738750,35.6348792,129.0544785
15840,32,123,1140650,1738750,35.6348934,129.0533744
15841,31,123,1140550,1738750,35.6349077,129.0522704
15842,30,123,1140450,1738750,35.6349219,129.0511663
15843,29,123,1140350,1738750,35.6349361,129.0500622
15844,28,123,1140250,1738750,35.6349503,129.0489582
15845,27,123,1140150,1738750,35.6349645,129.0478541
15846,26,123,1140050,1738750,35.6349787,129.04675
15847,25,123,1139950,1738750,35.6349929,129.045646
15848,24,123,1139850,1738750,35.635007,129.0445419
15849,23,123,1139750,1738750,35.6350212,129.0434378
15850,22,123,1139650,1738750,35.6350353,129.0423338
15851,21,123,1139550,1738750,35.6350495,129.0412297
15852,20,123,1139450,1738750,35.6350636,129.0401256
15853,19,123,1139350,1738750,35.6350777,129.0390216
15854,18,123,1139250,1738750,35.6350918,129.0379175
15855,17,123,1139150,1738750,35.6351059,129.0368134
15856,16,123,1139050,1738750,35.63512,129.0357093
15857,15,123,1138950,1738750,35.6351341,129.0346053
15858,14,123,1138850,1738750,35.6351481,129.0335012
15859,13,123,1138750,1738750,35.6351622,129.0323971
15860,12,123,1138650,1738750,35.6351762,129.031293
15861,11,123,1138550,1738750,35.6351903,129.0301889
15862,10,123,1138450,1738750,35.6352043,129.0290849
15863,9,123,1138350,1738750,35.6352183,129.0279808
15864,8,123,1138250,1738750,35.6352323,129.0268767
15865,7,123,1138150,1738750,35.6352463,129.0257726
15866,6,123,1138050,1738750,35.6352603,129.0246685
15867,5,123,1137950,1738750,35.6352742,129.0235645
15868,4,123,1137850,1738750,35.6352882,129.0224604
15869,3,123,1137750,1738750,35.6353022,129.0213563
15870,2,123,1137650,1738750,35.6353161,129.0202522
15871,1,123,1137550,1738750,35.63533,129.0191481
15872,0,123,1137450,1738750,35.6353439,129.018044
15873,0,124,1137450,1738850,35.6362453,129.0180611
15874,1,124,1137550,1738850,35.6362314,129.0191652
15875,2,124,1137650,1738850,35.6362174,129.0202693
15876,3,124,1137750,1738850,35.6362035,129.0213734
15877,4,124,1137850,1738850,35.6361895,129.0224775
15878,5,124,1137950,1738850,35.6361756,129.0235816
15879,6,124,1138050,1738850,35.6361616,129.0246857
15880,7,124,1138150,1738850,35.6361476,129.0257898
15881,8,124,1138250,1738850,35.6361336,129.0268939
15882,9,124,1138350,1738850,35.6361196,129.0279979
15883,10,124,1138450,1738850,35.6361056,129.029102
15884,11,124,1138550,1738850,35.6360916,129.0302061
15885,12,124,1138650,1738850,35.6360775,129.0313102
15886,13,124,1138750,1738850,35.6360635,129.0324143
15887,14,124,1138850,1738850,35.6360494,129.0335184
15888,15,124,1138950,1738850,35.6360354,129.0346225
15889,16,124,1139050,1738850,35.6360213,129.0357266
15890,17,124,1139150,1738850,35.6360072,129.0368307
15891,18,124,1139250,1738850,35.6359931,129.0379347
15892,19,124,1139350,1738850,35.635979,129.0390388
15893,20,124,1139450,1738850,35.6359649,129.0401429
15894,21,124,1139550,1738850,35.6359508,129.041247
15895,22,124,1139650,1738850,35.6359367,129.0423511
15896,23,124,1139750,1738850,35.6359225,129.0434552
15897,24,124,1139850,1738850,35.6359084,129.0445592
15898,25,124,1139950,1738850,35.6358942,129.0456633
15899,26,124,1140050,1738850,35.63588,129.0467674
15900,27,124,1140150,1738850,35.6358658,129.0478715
15901,28,124,1140250,1738850,35.6358516,129.0489756
15902,29,124,1140350,1738850,35.6358374,129.0500796
15903,30,124,1140450,1738850,35.6358232,129.0511837
15904,31,124,1140550,1738850,35.635809,129.0522878
15905,32,124,1140650,1738850,35.6357948,129.0533919
15906,33,124,1140750,1738850,35.6357805,129.0544959
15907,34,124,1140850,1738850,35.6357662,129.0556
15908,35,124,1140950,1738850,35.635752,129.0567041
15909,36,124,1141050,1738850,35.6357377,129.0578082
15910,37,124,1141150,1738850,35.6357234,129.0589122
15911,38,124,1141250,1738850,35.6357091,129.0600163
15912,39,124,1141350,1738850,35.6356948,129.0611204
15913,40,124,1141450,1738850,35.6356805,129.0622244
15914,41,124,1141550,1738850,35.6356662,129.0633285
15915,42,124,1141650,1738850,35.6356518,129.0644326
15916,43,124,1141750,1738850,35.6356375,129.0655366
15917,44,124,1141850,1738850,35.6356231,129.0666407
15918,45,124,1141950,1738850,35.6356088,129.0677448
15919,46,124,1142050,1738850,35.6355944,129.0688488
15920,47,124,1142150,1738850,35.63558,129.0699529
15921,48,124,1142250,1738850,35.6355656,129.071057
15922,49,124,1142350,1738850,35.6355512,129.072161
15923,50,124,1142450,1738850,35.6355368,129.0732651
15924,51,124,1142550,1738850,35.6355223,129.0743691
15925,52,124,1142650,1738850,35.6355079,129.0754732
15926,53,124,1142750,1738850,35.6354935,129.0765773
15927,54,124,1142850,1738850,35.635479,129.0776813
15928,55,124,1142950,1738850,35.6354645,129.0787854
15929,56,124,1143050,1738850,35.6354501,129.0798894
15930,57,124,1143150,1738850,35.6354356,129.0809935
15931,58,124,1143250,1738850,35.6354211,129.0820975
15932,59,124,1143350,1738850,35.6354066,129.0832016
15933,60,124,1143450,1738850,35.635392,129.0843057
15934,61,124,1143550,1738850,35.6353775,129.0854097
15935,62,124,1143650,1738850,35.635363,129.0865138
15936,63,124,1143750,1738850,35.6353484,129.0876178
15937,64,124,1143850,1738850,35.6353339,129.0887219
15938,65,124,1143950,1738850,35.6353193,129.0898259
15939,66,124,1144050,1738850,35.6353047,129.09093
15940,67,124,1144150,1738850,35.6352901,129.092034
15941,68,124,1144250,1738850,35.6352755,129.093138
15942,69,124,1144350,1738850,35.6352609,129.0942421
15943,70,124,1144450,1738850,35.6352463,129.0953461
15944,71,124,1144550,1738850,35.6352317,129.0964502
15945,72,124,1144650,1738850,35.635217,129.0975542
15946,73,124,1144750,1738850,35.6352024,129.0986583
15947,74,124,1144850,1738850,35.6351877,129.0997623
15948,75,124,1144950,1738850,35.635173,129.1008664
15949,76,124,1145050,1738850,35.6351584,129.1019704
15950,77,124,1145150,1738850,35.6351437,129.1030744
15951,78,124,1145250,1738850,35.635129,129.1041785
15952,79,124,1145350,1738850,35.6351143,129.1052825
15953,80,124,1145450,1738850,35.6350995,129.1063865
15954,81,124,1145550,1738850,35.6350848,129.1074906
15955,82,124,1145650,1738850,35.6350701,129.1085946
15956,83,124,1145750,1738850,35.6350553,129.1096987
15957,84,124,1145850,1738850,35.6350406,129.1108027
15958,85,124,1145950,1738850,35.6350258,129.1119067
15959,86,124,1146050,1738850,35.635011,129.1130108
15960,87,124,1146150,1738850,35.6349962,129.1141148
15961,88,124,1146250,1738850,35.6349814,129.1152188
15962,89,124,1146350,1738850,35.6349666,129.1163228
15963,90,124,1146450,1738850,35.6349518,129.1174269
15964,91,124,1146550,1738850,35.6349369,129.1185309
15965,92,124,1146650,1738850,35.6349221,129.1196349
15966,93,124,1146750,1738850,35.6349072,129.120739
15967,94,124,1146850,1738850,35.6348924,129.121843
15968,95,124,1146950,1738850,35.6348775,129.122947
15969,96,124,1147050,1738850,35.6348626,129.124051
15970,97,124,1147150,1738850,35.6348477,129.1251551
15971,98,124,1147250,1738850,35.6348328,129.1262591
15972,99,124,1147350,1738850,35.6348179,129.1273631
15973,100,124,1147450,1738850,35.634803,129.1284671
15974,101,124,1147550,1738850,35.6347881,129.1295711
15975,102,124,1147650,1738850,35.6347731,129.1306752
15976,103,124,1147750,1738850,35.6347582,129.1317792
15977,104,124,1147850,1738850,35.6347432,129.1328832
15978,105,124,1147950,1738850,35.6347282,129.1339872
15979,106,124,1148050,1738850,35.6347132,129.1350912
15980,107,124,1148150,1738850,35.6346982,129.1361952
15981,108,124,1148250,1738850,35.6346832,129.1372993
15982,109,124,1148350,1738850,35.6346682,129.1384033
15983,110,124,1148450,1738850,35.6346532,129.1395073
15984,111,124,1148550,1738850,35.6346382,129.1406113
15985,112,124,1148650,1738850,35.6346231,129.1417153
15986,113,124,1148750,1738850,35.6346081,129.1428193
15987,114,124,1148850,1738850,35.634593,129.1439233
15988,115,124,1148950,1738850,35.6345779,129.1450273
15989,116,124,1149050,1738850,35.6345628,129.1461313
15990,117,124,1149150,1738850,35.6345477,129.1472354
15991,118,124,1149250,1738850,35.6345326,129.1483394
15992,119,124,1149350,1738850,35.6345175,129.1494434
15993,120,124,1149450,1738850,35.6345024,129.1505474
15994,121,124,1149550,1738850,35.6344873,129.1516514
15995,122,124,1149650,1738850,35.6344721,129.1527554
15996,123,124,1149750,1738850,35.634457,129.1538594
15997,124,124,1149850,1738850,35.6344418,129.1549634
15998,125,124,1149950,1738850,35.6344266,129.1560674
15999,126,124,1150050,1738850,35.6344114,129.1571714
16000,127,124,1150150,1738850,35.6343962,129.1582754
16001,127,125,1150150,1738950,35.6352975,129.158294
16002,126,125,1150050,1738950,35.6353127,129.15719
16003,125,125,1149950,1738950,35.6353279,129.156086
16004,124,125,1149850,1738950,35.6353431,129.154982
16005,123,125,1149750,1738950,35.6353582,129.153878
16006,122,125,1149650,1738950,35.6353734,129.1527739
16007,121,125,1149550,1738950,35.6353885,129.1516699
16008,120,125,1149450,1738950,35.6354037,129.1505659
16009,119,125,1149350,1738950,35.6354188,129.1494619
16010,118,125,1149250,1738950,35.6354339,129.1483579
16011,117,125,1149150,1738950,35.635449,129.1472539
16012,116,125,1149050,1738950,35.6354641,129.1461498
16013,115,125,1148950,1738950,35.6354792,129.1450458
16014,114,125,1148850,1738950,35.6354943,129.1439418
16015,113,125,1148750,1738950,35.6355093,129.1428378
16016,112,125,1148650,1738950,35.6355244,129.1417337
16017,111,125,1148550,1738950,35.6355394,129.1406297
16018,110,125,1148450,1738950,35.6355545,129.1395257
16019,109,125,1148350,1738950,35.6355695,129.1384217
16020,108,125,1148250,1738950,35.6355845,129.1373176
16021,107,125,1148150,1738950,35.6355995,129.1362136
16022,106,125,1148050,1738950,35.6356145,129.1351096
16023,105,125,1147950,1738950,35.6356295,129.1340056
16024,104,125,1147850,1738950,35.6356445,129.1329015
16025,103,125,1147750,1738950,35.6356594,129.1317975
16026,102,125,1147650,1738950,35.6356744,129.1306935
16027,101,125,1147550,1738950,35.6356893,129.1295894
16028,100,125,1147450,1738950,35.6357043,129.1284854
16029,99,125,1147350,1738950,35.6357192,129.1273814
16030,98,125,1147250,1738950,35.6357341,129.1262773
16031,97,125,1147150,1738950,35.635749,129.1251733
16032,96,125,1147050,1738950,35.6357639,129.1240693
16033,95,125,1146950,1738950,35.6357788,129.1229652
16034,94,125,1146850,1738950,35.6357937,129.1218612
16035,93,125,1146750,1738950,35.6358085,129.1207572
16036,92,125,1146650,1738950,35.6358234,129.1196531
16037,91,125,1146550,1738950,35.6358382,129.1185491
16038,90,125,1146450,1738950,35.6358531,129.117445
16039,89,125,1146350,1738950,35.6358679,129.116341
16040,88,125,1146250,1738950,35.6358827,129.115237
16041,87,125,1146150,1738950,35.6358975,129.1141329
16042,86,125,1146050,1738950,35.6359123,129.1130289
16043,85,125,1145950,1738950,35.6359271,129.1119248
16044,84,125,1145850,1738950,35.6359418,129.1108208
16045,83,125,1145750,1738950,35.6359566,129.1097167
16046,82,125,1145650,1738950,35.6359714,129.1086127
16047,81,125,1145550,1738950,35.6359861,129.1075086
16048,80,125,1145450,1738950,35.6360008,129.1064046
16049,79,125,1145350,1738950,35.6360156,129.1053005
16050,78,125,1145250,1738950,35.6360303,129.1041965
16051,77,125,1145150,1738950,35.636045,129.1030924
16052,76,125,1145050,1738950,35.6360597,129.1019884
16053,75,125,1144950,1738950,35.6360743,129.1008843
16054,74,125,1144850,1738950,35.636089,129.0997803
16055,73,125,1144750,1738950,35.6361037,129.0986762
16056,72,125,1144650,1738950,35.6361183,129.0975722
16057,71,125,1144550,1738950,35.636133,129.0964681
16058,70,125,1144450,1738950,35.6361476,129.0953641
16059,69,125,1144350,1738950,35.6361622,129.09426
16060,68,125,1144250,1738950,35.6361768,129.0931559
16061,67,125,1144150,1738950,35.6361914,129.0920519
16062,66,125,1144050,1738950,35.636206,129.0909478
16063,65,125,1143950,1738950,35.6362206,129.0898438
16064,64,125,1143850,1738950,35.6362352,129.0887397
16065,63,125,1143750,1738950,35.6362497,129.0876356
16066,62,125,1143650,1738950,35.6362643,129.0865316
16067,61,125,1143550,1738950,35.6362788,129.0854275
16068,60,125,1143450,1738950,35.6362933,129.0843234
16069,59,125,1143350,1738950,35.6363079,129.0832194
16070,58,125,1143250,1738950,35.6363224,129.0821153
16071,57,125,1143150,1738950,35.6363369,129.0810112
16072,56,125,1143050,1738950,35.6363514,129.0799072
16073,55,125,1142950,1738950,35.6363658,129.0788031
16074,54,125,1142850,1738950,35.6363803,129.077699
16075,53,125,1142750,1738950,35.6363948,129.076595
16076,52,125,1142650,1738950,35.6364092,129.0754909
16077,51,125,1142550,1738950,35.6364237,129.0743868
16078,50,125,1142450,1738950,35.6364381,129.0732828
16079,49,125,1142350,1738950,35.6364525,129.0721787
16080,48,125,1142250,1738950,35.6364669,129.0710746
16081,47,125,1142150,1738950,35.6364813,129.0699705
16082,46,125,1142050,1738950,35.6364957,129.0688665
16083,45,125,1141950,1738950,35.6365101,129.0677624
16084,44,125,1141850,1738950,35.6365244,129.0666583
16085,43,125,1141750,1738950,35.6365388,129.0655542
16086,42,125,1141650,1738950,35.6365531,129.0644501
16087,41,125,1141550,1738950,35.6365675,129.0633461
16088,40,125,1141450,1738950,35.6365818,129.062242
16089,39,125,1141350,1738950,35.6365961,129.0611379
16090,38,125,1141250,1738950,35.6366104,129.0600338
16091,37,125,1141150,1738950,35.6366247,129.0589297
16092,36,125,1141050,1738950,35.636639,129.0578257
16093,35,125,1140950,1738950,35.6366533,129.0567216
16094,34,125,1140850,1738950,35.6366676,129.0556175
16095,33,125,1140750,1738950,35.6366818,129.0545134
16096,32,125,1140650,1738950,35.6366961,129.0534093
16097,31,125,1140550,1738950,35.6367103,129.0523052
16098,30,125,1140450,1738950,35.6367245,129.0512011
16099,29,125,1140350,1738950,35.6367387,129.050097
16100,28,125,1140250,1738950,35.636753,129.048993
16101,27,125,1140150,1738950,35.6367671,129.0478889
16102,26,125,1140050,1738950,35.6367813,129.0467848
16103,25,125,1139950,1738950,35.6367955,129.0456807
16104,24,125,1139850,1738950,35.6368097,129.0445766
16105,23,125,1139750,1738950,35.6368238,129.0434725
16106,22,125,1139650,1738950,35.636838,129.0423684
16107,21,125,1139550,1738950,35.6368521,129.0412643
16108,20,125,1139450,1738950,35.6368662,129.0401602
16109,19,125,1139350,1738950,35.6368804,129.0390561
16110,18,125,1139250,1738950,35.6368945,129.037952
16111,17,125,1139150,1738950,35.6369085,129.0368479
16112,16,125,1139050,1738950,35.6369226,129.0357438
16113,15,125,1138950,1738950,35.6369367,129.0346397
16114,14,125,1138850,1738950,35.6369508,129.0335356
16115,13,125,1138750,1738950,35.6369648,129.0324315
16116,12,125,1138650,1738950,35.6369789,129.0313274
16117,11,125,1138550,1738950,35.6369929,129.0302233
16118,10,125,1138450,1738950,35.6370069,129.0291192
16119,9,125,1138350,1738950,35.6370209,129.0280151
16120,8,125,1138250,1738950,35.6370349,129.026911
16121,7,125,1138150,1738950,35.6370489,129.0258069
16122,6,125,1138050,1738950,35.6370629,129.0247028
16123,5,125,1137950,1738950,35.6370769,129.0235987
16124,4,125,1137850,1738950,35.6370909,129.0224946
16125,3,125,1137750,1738950,35.6371048,129.0213905
16126,2,125,1137650,1738950,35.6371188,129.0202864
16127,1,125,1137550,1738950,35.6371327,129.0191822
16128,0,125,1137450,1738950,35.6371466,129.0180781
16129,0,126,1137450,1739050,35.6380479,129.0180952
16130,1,126,1137550,1739050,35.638034,129.0191993
16131,2,126,1137650,1739050,35.6380201,129.0203034
16132,3,126,1137750,1739050,35.6380061,129.0214076
16133,4,126,1137850,1739050,35.6379922,129.0225117
16134,5,126,1137950,1739050,35.6379782,129.0236158
16135,6,126,1138050,1739050,35.6379643,129.0247199
16136,7,126,1138150,1739050,35.6379503,129.025824
16137,8,126,1138250,1739050,35.6379363,129.0269282
16138,9,126,1138350,1739050,35.6379223,129.0280323
16139,10,126,1138450,1739050,35.6379083,129.0291364
16140,11,126,1138550,1739050,35.6378942,129.0302405
16141,12,126,1138650,1739050,35.6378802,129.0313446
16142,13,126,1138750,1739050,35.6378662,129.0324487
16143,14,126,1138850,1739050,35.6378521,129.0335528
16144,15,126,1138950,1739050,35.637838,129.034657
16145,16,126,1139050,1739050,35.637824,129.0357611
16146,17,126,1139150,1739050,35.6378099,129.0368652
16147,18,126,1139250,1739050,35.6377958,129.0379693
16148,19,126,1139350,1739050,35.6377817,129.0390734
16149,20,126,1139450,1739050,35.6377676,129.0401775
16150,21,126,1139550,1739050,35.6377534,129.0412816
16151,22,126,1139650,1739050,35.6377393,129.0423857
16152,23,126,1139750,1739050,35.6377252,129.0434898
16153,24,126,1139850,1739050,35.637711,129.0445939
16154,25,126,1139950,1739050,35.6376968,129.045698
16155,26,126,1140050,1739050,35.6376827,129.0468021
16156,27,126,1140150,1739050,35.6376685,129.0479063
16157,28,126,1140250,1739050,35.6376543,129.0490104
16158,29,126,1140350,1739050,35.6376401,129.0501145
16159,30,126,1140450,1739050,35.6376258,129.0512186
16160,31,126,1140550,1739050,35.6376116,129.0523227
16161,32,126,1140650,1739050,35.6375974,129.0534268
16162,33,126,1140750,1739050,35.6375831,129.0545309
16163,34,126,1140850,1739050,35.6375689,129.055635
16164,35,126,1140950,1739050,35.6375546,129.0567391
16165,36,126,1141050,1739050,35.6375403,129.0578432
16166,37,126,1141150,1739050,35.637526,129.0589472
16167,38,126,1141250,1739050,35.6375118,129.0600513
16168,39,126,1141350,1739050,35.6374974,129.0611554
16169,40,126,1141450,1739050,35.6374831,129.0622595
16170,41,126,1141550,1739050,35.6374688,129.0633636
16171,42,126,1141650,1739050,35.6374545,129.0644677
16172,43,126,1141750,1739050,35.6374401,129.0655718
16173,44,126,1141850,1739050,35.6374258,129.0666759
16174,45,126,1141950,1739050,35.6374114,129.06778
16175,46,126,1142050,1739050,35.637397,129.0688841
16176,47,126,1142150,1739050,35.6373826,129.0699882
16177,48,126,1142250,1739050,35.6373682,129.0710922
16178,49,126,1142350,1739050,35.6373538,129.0721963
16179,50,126,1142450,1739050,35.6373394,129.0733004
16180,51,126,1142550,1739050,35.637325,129.0744045
16181,52,126,1142650,1739050,35.6373105,129.0755086
16182,53,126,1142750,1739050,35.6372961,129.0766127
16183,54,126,1142850,1739050,35.6372816,129.0777168
16184,55,126,1142950,1739050,35.6372671,129.0788208
16185,56,126,1143050,1739050,35.6372527,129.0799249
16186,57,126,1143150,1739050,35.6372382,129.081029
16187,58,126,1143250,1739050,35.6372237,129.0821331
16188,59,126,1143350,1739050,35.6372092,129.0832372
16189,60,126,1143450,1739050,35.6371946,129.0843412
16190,61,126,1143550,1739050,35.6371801,129.0854453
16191,62,126,1143650,1739050,35.6371656,129.0865494
16192,63,126,1143750,1739050,35.637151,129.0876535
16193,64,126,1143850,1739050,35.6371365,129.0887575
16194,65,126,1143950,1739050,35.6371219,129.0898616
16195,66,126,1144050,1739050,35.6371073,129.0909657
16196,67,126,1144150,1739050,35.6370927,129.0920698
16197,68,126,1144250,1739050,35.6370781,129.0931738
16198,69,126,1144350,1739050,35.6370635,129.0942779
16199,70,126,1144450,1739050,35.6370489,129.095382
16200,71,126,1144550,1739050,35.6370343,129.096486
16201,72,126,1144650,1739050,35.6370196,129.0975901
16202,73,126,1144750,1739050,35.637005,129.0986942
16203,74,126,1144850,1739050,35.6369903,129.0997982
16204,75,126,1144950,1739050,35.6369756,129.1009023
16205,76,126,1145050,1739050,35.636961,129.1020064
16206,77,126,1145150,1739050,35.6369463,129.1031104
16207,78,126,1145250,1739050,35.6369316,129.1042145
16208,79,126,1145350,1739050,35.6369168,129.1053186
16209,80,126,1145450,1739050,35.6369021,129.1064226
16210,81,126,1145550,1739050,35.6368874,129.1075267
16211,82,126,1145650,1739050,35.6368726,129.1086307
16212,83,126,1145750,1739050,35.6368579,129.1097348
16213,84,126,1145850,1739050,35.6368431,129.1108389
16214,85,126,1145950,1739050,35.6368284,129.1119429
16215,86,126,1146050,1739050,35.6368136,129.113047
16216,87,126,1146150,1739050,35.6367988,129.114151
16217,88,126,1146250,1739050,35.636784,129.1152551
16218,89,126,1146350,1739050,35.6367692,129.1163591
16219,90,126,1146450,1739050,35.6367543,129.1174632
16220,91,126,1146550,1739050,35.6367395,129.1185673
16221,92,126,1146650,1739050,35.6367247,129.1196713
16222,93,126,1146750,1739050,35.6367098,129.1207754
16223,94,126,1146850,1739050,35.636695,129.1218794
16224,95,126,1146950,1739050,35.6366801,129.1229835
16225,96,126,1147050,1739050,35.6366652,129.1240875
16226,97,126,1147150,1739050,35.6366503,129.1251916
16227,98,126,1147250,1739050,35.6366354,129.1262956
16228,99,126,1147350,1739050,35.6366205,129.1273997
16229,100,126,1147450,1739050,35.6366056,129.1285037
16230,101,126,1147550,1739050,35.6365906,129.1296077
16231,102,126,1147650,1739050,35.6365757,129.1307118
16232,103,126,1147750,1739050,35.6365607,129.1318158
16233,104,126,1147850,1739050,35.6365458,129.1329199
16234,105,126,1147950,1739050,35.6365308,129.1340239
16235,106,126,1148050,1739050,35.6365158,129.135128
16236,107,126,1148150,1739050,35.6365008,129.136232
16237,108,126,1148250,1739050,35.6364858,129.137336
16238,109,126,1148350,1739050,35.6364708,129.1384401
16239,110,126,1148450,1739050,35.6364558,129.1395441
16240,111,126,1148550,1739050,35.6364407,129.1406481
16241,112,126,1148650,1739050,35.6364257,129.1417522
16242,113,126,1148750,1739050,35.6364106,129.1428562
16243,114,126,1148850,1739050,35.6363956,129.1439603
16244,115,126,1148950,1739050,35.6363805,129.1450643
16245,116,126,1149050,1739050,35.6363654,129.1461683
16246,117,126,1149150,1739050,35.6363503,129.1472724
16247,118,126,1149250,1739050,35.6363352,129.1483764
16248,119,126,1149350,1739050,35.6363201,129.1494804
16249,120,126,1149450,1739050,35.6363049,129.1505844
16250,121,126,1149550,1739050,35.6362898,129.1516885
16251,122,126,1149650,1739050,35.6362747,129.1527925
16252,123,126,1149750,1739050,35.6362595,129.1538965
16253,124,126,1149850,1739050,35.6362443,129.1550006
16254,125,126,1149950,1739050,35.6362292,129.1561046
16255,126,126,1150050,1739050,35.636214,129.1572086
16256,127,126,1150150,1739050,35.6361988,129.1583126
16257,127,127,1150150,1739150,35.6371,129.1583313
16258,126,127,1150050,1739150,35.6371152,129.1572272
16259,125,127,1149950,1739150,35.6371304,129.1561232
16260,124,127,1149850,1739150,35.6371456,129.1550191
16261,123,127,1149750,1739150,35.6371608,129.1539151
16262,122,127,1149650,1739150,35.6371759,129.1528111
16263,121,127,1149550,1739150,35.6371911,129.151707
16264,120,127,1149450,1739150,35.6372062,129.150603
16265,119,127,1149350,1739150,35.6372213,129.1494989
16266,118,127,1149250,1739150,35.6372365,129.1483949
16267,117,127,1149150,1739150,35.6372516,129.1472909
16268,116,127,1149050,1739150,35.6372667,129.1461868
16269,115,127,1148950,1739150,35.6372818,129.1450828
16270,114,127,1148850,1739150,35.6372968,129.1439787
16271,113,127,1148750,1739150,35.6373119,129.1428747
16272,112,127,1148650,1739150,35.637327,129.1417706
16273,111,127,1148550,1739150,35.637342,129.1406666
16274,110,127,1148450,1739150,35.637357,129.1395625
16275,109,127,1148350,1739150,35.6373721,129.1384585
16276,108,127,1148250,1739150,35.6373871,129.1373544
16277,107,127,1148150,1739150,35.6374021,129.1362504
16278,106,127,1148050,1739150,35.6374171,129.1351463
16279,105,127,1147950,1739150,35.6374321,129.1340423
16280,104,127,1147850,1739150,35.637447,129.1329382
16281,103,127,1147750,1739150,35.637462,129.1318342
16282,102,127,1147650,1739150,35.637477,129.1307301
16283,101,127,1147550,1739150,35.6374919,129.129626
16284,100,127,1147450,1739150,35.6375068,129.128522
16285,99,127,1147350,1739150,35.6375218,129.1274179
16286,98,127,1147250,1739150,35.6375367,129.1263139
16287,97,127,1147150,1739150,35.6375516,129.1252098
16288,96,127,1147050,1739150,35.6375665,129.1241057
16289,95,127,1146950,1739150,35.6375814,129.1230017
16290,94,127,1146850,1739150,35.6375962,129.1218976
16291,93,127,1146750,1739150,35.6376111,129.1207936
16292,92,127,1146650,1739150,35.637626,129.1196895
16293,91,127,1146550,1739150,35.6376408,129.1185854
16294,90,127,1146450,1739150,35.6376556,129.1174814
16295,89,127,1146350,1739150,35.6376705,129.1163773
16296,88,127,1146250,1739150,35.6376853,129.1152732
16297,87,127,1146150,1739150,35.6377001,129.1141692
16298,86,127,1146050,1739150,35.6377149,129.1130651
16299,85,127,1145950,1739150,35.6377297,129.111961
16300,84,127,1145850,1739150,35.6377444,129.110857
16301,83,127,1145750,1739150,35.6377592,129.1097529
16302,82,127,1145650,1739150,35.6377739,129.1086488
16303,81,127,1145550,1739150,35.6377887,129.1075447
16304,80,127,1145450,1739150,35.6378034,129.1064407
16305,79,127,1145350,1739150,35.6378181,129.1053366
16306,78,127,1145250,1739150,35.6378329,129.1042325
16307,77,127,1145150,1739150,35.6378476,129.1031284
16308,76,127,1145050,1739150,35.6378622,129.1020244
16309,75,127,1144950,1739150,35.6378769,129.1009203
16310,74,127,1144850,1739150,35.6378916,129.0998162
16311,73,127,1144750,1739150,35.6379063,129.0987121
16312,72,127,1144650,1739150,35.6379209,129.0976081
16313,71,127,1144550,1739150,35.6379356,129.096504
16314,70,127,1144450,1739150,35.6379502,129.0953999
16315,69,127,1144350,1739150,35.6379648,129.0942958
16316,68,127,1144250,1739150,35.6379794,129.0931917
16317,67,127,1144150,1739150,35.637994,129.0920876
16318,66,127,1144050,1739150,35.6380086,129.0909836
16319,65,127,1143950,1739150,35.6380232,129.0898795
16320,64,127,1143850,1739150,35.6380378,129.0887754
16321,63,127,1143750,1739150,35.6380523,129.0876713
16322,62,127,1143650,1739150,35.6380669,129.0865672
16323,61,127,1143550,1739150,35.6380814,129.0854631
16324,60,127,1143450,1739150,35.638096,129.084359
16325,59,127,1143350,1739150,35.6381105,129.0832549
16326,58,127,1143250,1739150,35.638125,129.0821508
16327,57,127,1143150,1739150,35.6381395,129.0810468
16328,56,127,1143050,1739150,35.638154,129.0799427
16329,55,127,1142950,1739150,35.6381685,129.0788386
16330,54,127,1142850,1739150,35.6381829,129.0777345
16331,53,127,1142750,1739150,35.6381974,129.0766304
16332,52,127,1142650,1739150,35.6382118,129.0755263
16333,51,127,1142550,1739150,35.6382263,129.0744222
16334,50,127,1142450,1739150,35.6382407,129.0733181
16335,49,127,1142350,1739150,35.6382551,129.072214
16336,48,127,1142250,1739150,35.6382695,129.0711099
16337,47,127,1142150,1739150,35.6382839,129.0700058
16338,46,127,1142050,1739150,35.6382983,129.0689017
16339,45,127,1141950,1739150,35.6383127,129.0677976
16340,44,127,1141850,1739150,35.6383271,129.0666935
16341,43,127,1141750,1739150,35.6383414,129.0655894
16342,42,127,1141650,1739150,35.6383558,129.0644853
16343,41,127,1141550,1739150,35.6383701,129.0633812
16344,40,127,1141450,1739150,35.6383844,129.0622771
16345,39,127,1141350,1739150,35.6383988,129.061173
16346,38,127,1141250,1739150,35.6384131,129.0600689
16347,37,127,1141150,1739150,35.6384274,129.0589648
16348,36,127,1141050,1739150,35.6384417,129.0578606
16349,35,127,1140950,1739150,35.6384559,129.0567565
16350,34,127,1140850,1739150,35.6384702,129.0556524
16351,33,127,1140750,1739150,35.6384845,129.0545483
16352,32,127,1140650,1739150,35.6384987,129.0534442
16353,31,127,1140550,1739150,35.6385129,129.0523401
16354,30,127,1140450,1739150,35.6385272,129.051236
16355,29,127,1140350,1739150,35.6385414,129.0501319
16356,28,127,1140250,1739150,35.6385556,129.0490278
16357,27,127,1140150,1739150,35.6385698,129.0479236
16358,26,127,1140050,1739150,35.638584,129.0468195
16359,25,127,1139950,1739150,35.6385981,129.0457154
16360,24,127,1139850,1739150,35.6386123,129.0446113
16361,23,127,1139750,1739150,35.6386265,129.0435072
16362,22,127,1139650,1739150,35.6386406,129.042403
16363,21,127,1139550,1739150,35.6386548,129.0412989
16364,20,127,1139450,1739150,35.6386689,129.0401948
16365,19,127,1139350,1739150,35.638683,129.0390907
16366,18,127,1139250,1739150,35.6386971,129.0379866
16367,17,127,1139150,1739150,35.6387112,129.0368824
16368,16,127,1139050,1739150,35.6387253,129.0357783
16369,15,127,1138950,1739150,35.6387394,129.0346742
16370,14,127,1138850,1739150,35.6387534,129.0335701
16371,13,127,1138750,1739150,35.6387675,129.0324659
16372,12,127,1138650,1739150,35.6387815,129.0313618
16373,11,127,1138550,1739150,35.6387956,129.0302577
16374,10,127,1138450,1739150,35.6388096,129.0291536
16375,9,127,1138350,1739150,35.6388236,129.0280494
16376,8,127,1138250,1739150,35.6388376,129.0269453
16377,7,127,1138150,1739150,35.6388516,129.0258412
16378,6,127,1138050,1739150,35.6388656,129.024737
16379,5,127,1137950,1739150,35.6388796,129.0236329
16380,4,127,1137850,1739150,35.6388935,129.0225288
16381,3,127,1137750,1739150,35.6389075,129.0214246
16382,2,127,1137650,1739150,35.6389214,129.0203205
16383,1,127,1137550,1739150,35.6389354,129.0192164
16384,0,127,1137450,1739150,35.6389493,129.0181122
16385,0,128,1137450,1739250,35.6398506,129.0181293
16386,1,128,1137550,1739250,35.6398367,129.0192334
16387,2,128,1137650,1739250,35.6398227,129.0203376
16388,3,128,1137750,1739250,35.6398088,129.0214417
16389,4,128,1137850,1739250,35.6397948,129.0225459
16390,5,128,1137950,1739250,35.6397809,129.02365
16391,6,128,1138050,1739250,35.6397669,129.0247542
16392,7,128,1138150,1739250,35.6397529,129.0258583
16393,8,128,1138250,1739250,35.6397389,129.0269625
16394,9,128,1138350,1739250,35.6397249,129.0280666
16395,10,128,1138450,1739250,35.6397109,129.0291707
16396,11,128,1138550,1739250,35.6396969,129.0302749
16397,12,128,1138650,1739250,35.6396828,129.031379
16398,13,128,1138750,1739250,35.6396688,129.0324832
16399,14,128,1138850,1739250,35.6396547,129.0335873
16400,15,128,1138950,1739250,35.6396407,129.0346914
16401,16,128,1139050,1739250,35.6396266,129.0357956
16402,17,128,1139150,1739250,35.6396125,129.0368997
16403,18,128,1139250,1739250,35.6395984,129.0380038
16404,19,128,1139350,1739250,35.6395843,129.039108
16405,20,128,1139450,1739250,35.6395702,129.0402121
16406,21,128,1139550,1739250,35.6395561,129.0413162
16407,22,128,1139650,1739250,35.6395419,129.0424204
16408,23,128,1139750,1739250,35.6395278,129.0435245
16409,24,128,1139850,1739250,35.6395136,129.0446286
16410,25,128,1139950,1739250,35.6394995,129.0457328
16411,26,128,1140050,1739250,35.6394853,129.0468369
16412,27,128,1140150,1739250,35.6394711,129.047941
16413,28,128,1140250,1739250,35.6394569,129.0490451
16414,29,128,1140350,1739250,35.6394427,129.0501493
16415,30,128,1140450,1739250,35.6394285,129.0512534
16416,31,128,1140550,1739250,35.6394143,129.0523575
16417,32,128,1140650,1739250,35.6394,129.0534617
16418,33,128,1140750,1739250,35.6393858,129.0545658
16419,34,128,1140850,1739250,35.6393715,129.0556699
16420,35,128,1140950,1739250,35.6393572,129.056774
16421,36,128,1141050,1739250,35.639343,129.0578781
16422,37,128,1141150,1739250,35.6393287,129.0589823
16423,38,128,1141250,1739250,35.6393144,129.0600864
16424,39,128,1141350,1739250,35.6393001,129.0611905
16425,40,128,1141450,1739250,35.6392858,129.0622946
16426,41,128,1141550,1739250,35.6392714,129.0633987
16427,42,128,1141650,1739250,35.6392571,129.0645029
16428,43,128,1141750,1739250,35.6392427,129.065607
16429,44,128,1141850,1739250,35.6392284,129.0667111
16430,45,128,1141950,1739250,35.639214,129.0678152
16431,46,128,1142050,1739250,35.6391996,129.0689193
16432,47,128,1142150,1739250,35.6391852,129.0700234
16433,48,128,1142250,1739250,35.6391708,129.0711275
16434,49,128,1142350,1739250,35.6391564,129.0722317
16435,50,128,1142450,1739250,35.639142,129.0733358
16436,51,128,1142550,1739250,35.6391276,129.0744399
16437,52,128,1142650,1739250,35.6391131,129.075544
16438,53,128,1142750,1739250,35.6390987,129.0766481
16439,54,128,1142850,1739250,35.6390842,129.0777522
16440,55,128,1142950,1739250,35.6390698,129.0788563
16441,56,128,1143050,1739250,35.6390553,129.0799604
16442,57,128,1143150,1739250,35.6390408,129.0810645
16443,58,128,1143250,1739250,35.6390263,129.0821686
16444,59,128,1143350,1739250,35.6390118,129.0832727
16445,60,128,1143450,1739250,35.6389973,129.0843768
16446,61,128,1143550,1739250,35.6389827,129.0854809
16447,62,128,1143650,1739250,35.6389682,129.086585
16448,63,128,1143750,1739250,35.6389536,129.0876891
16449,64,128,1143850,1739250,35.6389391,129.0887932
16450,65,128,1143950,1739250,35.6389245,129.0898973
16451,66,128,1144050,1739250,35.6389099,129.0910014
16452,67,128,1144150,1739250,35.6388953,129.0921055
16453,68,128,1144250,1739250,35.6388807,129.0932096
16454,69,128,1144350,1739250,35.6388661,129.0943137
16455,70,128,1144450,1739250,35.6388515,129.0954178
16456,71,128,1144550,1739250,35.6388369,129.0965219
16457,72,128,1144650,1739250,35.6388222,129.097626
16458,73,128,1144750,1739250,35.6388076,129.0987301
16459,74,128,1144850,1739250,35.6387929,129.0998342
16460,75,128,1144950,1739250,35.6387782,129.1009383
16461,76,128,1145050,1739250,35.6387635,129.1020424
16462,77,128,1145150,1739250,35.6387489,129.1031464
16463,78,128,1145250,1739250,35.6387341,129.1042505
16464,79,128,1145350,1739250,35.6387194,129.1053546
16465,80,128,1145450,1739250,35.6387047,129.1064587
16466,81,128,1145550,1739250,35.63869,129.1075628
16467,82,128,1145650,1739250,35.6386752,129.1086669
16468,83,128,1145750,1739250,35.6386605,129.109771
16469,84,128,1145850,1739250,35.6386457,129.110875
16470,85,128,1145950,1739250,35.6386309,129.1119791
16471,86,128,1146050,1739250,35.6386162,129.1130832
16472,87,128,1146150,1739250,35.6386014,129.1141873
16473,88,128,1146250,1739250,35.6385866,129.1152914
16474,89,128,1146350,1739250,35.6385717,129.1163955
16475,90,128,1146450,1739250,35.6385569,129.1174995
16476,91,128,1146550,1739250,35.6385421,129.1186036
16477,92,128,1146650,1739250,35.6385272,129.1197077
16478,93,128,1146750,1739250,35.6385124,129.1208118
16479,94,128,1146850,1739250,35.6384975,129.1219158
16480,95,128,1146950,1739250,35.6384826,129.1230199
16481,96,128,1147050,1739250,35.6384678,129.124124
16482,97,128,1147150,1739250,35.6384529,129.1252281
16483,98,128,1147250,1739250,35.638438,129.1263321
16484,99,128,1147350,1739250,35.638423,129.1274362
16485,100,128,1147450,1739250,35.6384081,129.1285403
16486,101,128,1147550,1739250,35.6383932,129.1296443
16487,102,128,1147650,1739250,35.6383782,129.1307484
16488,103,128,1147750,1739250,35.6383633,129.1318525
16489,104,128,1147850,1739250,35.6383483,129.1329566
16490,105,128,1147950,1739250,35.6383333,129.1340606
16491,106,128,1148050,1739250,35.6383184,129.1351647
16492,107,128,1148150,1739250,35.6383034,129.1362687
16493,108,128,1148250,1739250,35.6382884,129.1373728
16494,109,128,1148350,1739250,35.6382733,129.1384769
16495,110,128,1148450,1739250,35.6382583,129.1395809
16496,111,128,1148550,1739250,35.6382433,129.140685
16497,112,128,1148650,1739250,35.6382282,129.1417891
16498,113,128,1148750,1739250,35.6382132,129.1428931
16499,114,128,1148850,1739250,35.6381981,129.1439972
16500,115,128,1148950,1739250,35.638183,129.1451012
16501,116,128,1149050,1739250,35.6381679,129.1462053
16502,117,128,1149150,1739250,35.6381528,129.1473094
16503,118,128,1149250,1739250,35.6381377,129.1484134
16504,119,128,1149350,1739250,35.6381226,129.1495175
16505,120,128,1149450,1739250,35.6381075,129.1506215
16506,121,128,1149550,1739250,35.6380924,129.1517256
16507,122,128,1149650,1739250,35.6380772,129.1528296
16508,123,128,1149750,1739250,35.638062,129.1539337
16509,124,128,1149850,1739250,35.6380469,129.1550377
16510,125,128,1149950,1739250,35.6380317,129.1561418
16511,126,128,1150050,1739250,35.6380165,129.1572458
16512,127,128,1150150,1739250,35.6380013,129.1583499
16513,127,129,1150150,1739350,35.6389026,129.1583685
16514,126,129,1150050,1739350,35.6389178,129.1572644
16515,125,129,1149950,1739350,35.638933,129.1561604
16516,124,129,1149850,1739350,35.6389481,129.1550563
16517,123,129,1149750,1739350,35.6389633,129.1539523
16518,122,129,1149650,1739350,35.6389785,129.1528482
16519,121,129,1149550,1739350,35.6389936,129.1517441
16520,120,129,1149450,1739350,35.6390088,129.1506401
16521,119,129,1149350,1739350,35.6390239,129.149536
16522,118,129,1149250,1739350,35.639039,129.1484319
16523,117,129,1149150,1739350,35.6390541,129.1473279
16524,116,129,1149050,1739350,35.6390692,129.1462238
16525,115,129,1148950,1739350,35.6390843,129.1451197
16526,114,129,1148850,1739350,35.6390994,129.1440156
16527,113,129,1148750,1739350,35.6391144,129.1429116
16528,112,129,1148650,1739350,35.6391295,129.1418075
16529,111,129,1148550,1739350,35.6391446,129.1407034
16530,110,129,1148450,1739350,35.6391596,129.1395994
16531,109,129,1148350,1739350,35.6391746,129.1384953
16532,108,129,1148250,1739350,35.6391896,129.1373912
16533,107,129,1148150,1739350,35.6392046,129.1362871
16534,106,129,1148050,1739350,35.6392196,129.135183
16535,105,129,1147950,1739350,35.6392346,129.134079
16536,104,129,1147850,1739350,35.6392496,129.1329749
16537,103,129,1147750,1739350,35.6392646,129.1318708
16538,102,129,1147650,1739350,35.6392795,129.1307667
16539,101,129,1147550,1739350,35.6392945,129.1296626
16540,100,129,1147450,1739350,35.6393094,129.1285586
16541,99,129,1147350,1739350,35.6393243,129.1274545
16542,98,129,1147250,1739350,35.6393392,129.1263504
16543,97,129,1147150,1739350,35.6393542,129.1252463
16544,96,129,1147050,1739350,35.639369,129.1241422
16545,95,129,1146950,1739350,35.6393839,129.1230381
16546,94,129,1146850,1739350,35.6393988,129.1219341
16547,93,129,1146750,1739350,35.6394137,129.12083
16548,92,129,1146650,1739350,35.6394285,129.1197259
16549,91,129,1146550,1739350,35.6394434,129.1186218
16550,90,129,1146450,1739350,35.6394582,129.1175177
16551,89,129,1146350,1739350,35.639473,129.1164136
16552,88,129,1146250,1739350,35.6394879,129.1153095
16553,87,129,1146150,1739350,35.6395027,129.1142054
16554,86,129,1146050,1739350,35.6395175,129.1131013
16555,85,129,1145950,1739350,35.6395322,129.1119972
16556,84,129,1145850,1739350,35.639547,129.1108931
16557,83,129,1145750,1739350,35.6395618,129.109789
16558,82,129,1145650,1739350,35.6395765,129.1086849
16559,81,129,1145550,1739350,35.6395913,129.1075809
16560,80,129,1145450,1739350,35.639606,129.1064768
16561,79,129,1145350,1739350,35.6396207,129.1053727
16562,78,129,1145250,1739350,35.6396354,129.1042686
16563,77,129,1145150,1739350,35.6396501,129.1031645
16564,76,129,1145050,1739350,35.6396648,129.1020604
16565,75,129,1144950,1739350,35.6396795,129.1009562
16566,74,129,1144850,1739350,35.6396942,129.0998521
16567,73,129,1144750,1739350,35.6397089,129.098748
16568,72,129,1144650,1739350,35.6397235,129.0976439
16569,71,129,1144550,1739350,35.6397382,129.0965398
16570,70,129,1144450,1739350,35.6397528,129.0954357
16571,69,129,1144350,1739350,35.6397674,129.0943316
16572,68,129,1144250,1739350,35.639782,129.0932275
16573,67,129,1144150,1739350,35.6397966,129.0921234
16574,66,129,1144050,1739350,35.6398112,129.0910193
16575,65,129,1143950,1739350,35.6398258,129.0899152
16576,64,129,1143850,1739350,35.6398404,129.0888111
16577,63,129,1143750,1739350,35.6398549,129.087707
16578,62,129,1143650,1739350,35.6398695,129.0866028
16579,61,129,1143550,1739350,35.639884,129.0854987
16580,60,129,1143450,1739350,35.6398986,129.0843946
16581,59,129,1143350,1739350,35.6399131,129.0832905
16582,58,129,1143250,1739350,35.6399276,129.0821864
16583,57,129,1143150,1739350,35.6399421,129.0810823
16584,56,129,1143050,1739350,35.6399566,129.0799782
16585,55,129,1142950,1739350,35.6399711,129.078874
16586,54,129,1142850,1739350,35.6399855,129.0777699
16587,53,129,1142750,1739350,35.64,129.0766658
16588,52,129,1142650,1739350,35.6400144,129.0755617
16589,51,129,1142550,1739350,35.6400289,129.0744576
16590,50,129,1142450,1739350,35.6400433,129.0733534
16591,49,129,1142350,1739350,35.6400577,129.0722493
16592,48,129,1142250,1739350,35.6400721,129.0711452
16593,47,129,1142150,1739350,35.6400865,129.0700411
16594,46,129,1142050,1739350,35.6401009,129.0689369
16595,45,129,1141950,1739350,35.6401153,129.0678328
16596,44,129,1141850,1739350,35.6401297,129.0667287
16597,43,129,1141750,1739350,35.640144,129.0656246
16598,42,129,1141650,1739350,35.6401584,129.0645204
16599,41,129,1141550,1739350,35.6401727,129.0634163
16600,40,129,1141450,1739350,35.6401871,129.0623122
16601,39,129,1141350,1739350,35.6402014,129.061208
16602,38,129,1141250,1739350,35.6402157,129.0601039
16603,37,129,1141150,1739350,35.64023,129.0589998
16604,36,129,1141050,1739350,35.6402443,129.0578956
16605,35,129,1140950,1739350,35.6402586,129.0567915
16606,34,129,1140850,1739350,35.6402728,129.0556874
16607,33,129,1140750,1739350,35.6402871,129.0545832
16608,32,129,1140650,1739350,35.6403013,129.0534791
16609,31,129,1140550,1739350,35.6403156,129.052375
16610,30,129,1140450,1739350,35.6403298,129.0512708
16611,29,129,1140350,1739350,35.640344,129.0501667
16612,28,129,1140250,1739350,35.6403582,129.0490625
16613,27,129,1140150,1739350,35.6403724,129.0479584
16614,26,129,1140050,1739350,35.6403866,129.0468543
16615,25,129,1139950,1739350,35.6404008,129.0457501
16616,24,129,1139850,1739350,35.640415,129.044646
16617,23,129,1139750,1739350,35.6404291,129.0435418
16618,22,129,1139650,1739350,35.6404433,129.0424377
16619,21,129,1139550,1739350,35.6404574,129.0413336
16620,20,129,1139450,1739350,35.6404715,129.0402294
16621,19,129,1139350,1739350,35.6404856,129.0391253
16622,18,129,1139250,1739350,35.6404997,129.0380211
16623,17,129,1139150,1739350,35.6405138,129.036917
16624,16,129,1139050,1739350,35.6405279,129.0358128
16625,15,129,1138950,1739350,35.640542,129.0347087
16626,14,129,1138850,1739350,35.6405561,129.0336045
16627,13,129,1138750,1739350,35.6405701,129.0325004
16628,12,129,1138650,1739350,35.6405842,129.0313962
16629,11,129,1138550,1739350,35.6405982,129.0302921
16630,10,129,1138450,1739350,35.6406122,129.0291879
16631,9,129,1138350,1739350,35.6406263,129.0280838
16632,8,129,1138250,1739350,35.6406403,129.0269796
16633,7,129,1138150,1739350,35.6406543,129.0258754
16634,6,129,1138050,1739350,35.6406682,129.0247713
16635,5,129,1137950,1739350,35.6406822,129.0236671
16636,4,129,1137850,1739350,35.6406962,129.022563
16637,3,129,1137750,1739350,35.6407101,129.0214588
16638,2,129,1137650,1739350,35.6407241,129.0203547
16639,1,129,1137550,1739350,35.640738,129.0192505
16640,0,129,1137450,1739350,35.6407519,129.0181463
16641,0,130,1137450,1739450,35.6416533,129.0181634
16642,1,130,1137550,1739450,35.6416393,129.0192676
16643,2,130,1137650,1739450,35.6416254,129.0203717
16644,3,130,1137750,1739450,35.6416115,129.0214759
16645,4,130,1137850,1739450,35.6415975,129.0225801
16646,5,130,1137950,1739450,35.6415835,129.0236842
16647,6,130,1138050,1739450,35.6415696,129.0247884
16648,7,130,1138150,1739450,35.6415556,129.0258926
16649,8,130,1138250,1739450,35.6415416,129.0269968
16650,9,130,1138350,1739450,35.6415276,129.0281009
16651,10,130,1138450,1739450,35.6415136,129.0292051
16652,11,130,1138550,1739450,35.6414995,129.0303093
16653,12,130,1138650,1739450,35.6414855,129.0314134
16654,13,130,1138750,1739450,35.6414715,129.0325176
16655,14,130,1138850,1739450,35.6414574,129.0336217
16656,15,130,1138950,1739450,35.6414433,129.0347259
16657,16,130,1139050,1739450,35.6414293,129.0358301
16658,17,130,1139150,1739450,35.6414152,129.0369342
16659,18,130,1139250,1739450,35.6414011,129.0380384
16660,19,130,1139350,1739450,35.641387,129.0391425
16661,20,130,1139450,1739450,35.6413728,129.0402467
16662,21,130,1139550,1739450,35.6413587,129.0413509
16663,22,130,1139650,1739450,35.6413446,129.042455
16664,23,130,1139750,1739450,35.6413304,129.0435592
16665,24,130,1139850,1739450,35.6413163,129.0446633
16666,25,130,1139950,1739450,35.6413021,129.0457675
16667,26,130,1140050,1739450,35.6412879,129.0468716
16668,27,130,1140150,1739450,35.6412737,129.0479758
16669,28,130,1140250,1739450,35.6412595,129.0490799
16670,29,130,1140350,1739450,35.6412453,129.0501841
16671,30,130,1140450,1739450,35.6412311,129.0512882
16672,31,130,1140550,1739450,35.6412169,129.0523924
16673,32,130,1140650,1739450,35.6412026,129.0534965
16674,33,130,1140750,1739450,35.6411884,129.0546007
16675,34,130,1140850,1739450,35.6411741,129.0557048
16676,35,130,1140950,1739450,35.6411599,129.056809
16677,36,130,1141050,1739450,35.6411456,129.0579131
16678,37,130,1141150,1739450,35.6411313,129.0590173
16679,38,130,1141250,1739450,35.641117,129.0601214
16680,39,130,1141350,1739450,35.6411027,129.0612256
16681,40,130,1141450,1739450,35.6410884,129.0623297
16682,41,130,1141550,1739450,35.641074,129.0634339
16683,42,130,1141650,1739450,35.6410597,129.064538
16684,43,130,1141750,1739450,35.6410454,129.0656421
16685,44,130,1141850,1739450,35.641031,129.0667463
16686,45,130,1141950,1739450,35.6410166,129.0678504
16687,46,130,1142050,1739450,35.6410022,129.0689546
16688,47,130,1142150,1739450,35.6409879,129.0700587
16689,48,130,1142250,1739450,35.6409735,129.0711628
16690,49,130,1142350,1739450,35.640959,129.072267
16691,50,130,1142450,1739450,35.6409446,129.0733711
16692,51,130,1142550,1739450,35.6409302,129.0744752
16693,52,130,1142650,1739450,35.6409158,129.0755794
16694,53,130,1142750,1739450,35.6409013,129.0766835
16695,54,130,1142850,1739450,35.6408868,129.0777876
16696,55,130,1142950,1739450,35.6408724,129.0788918
16697,56,130,1143050,1739450,35.6408579,129.0799959
16698,57,130,1143150,1739450,35.6408434,129.0811
16699,58,130,1143250,1739450,35.6408289,129.0822042
16700,59,130,1143350,1739450,35.6408144,129.0833083
16701,60,130,1143450,1739450,35.6407999,129.0844124
16702,61,130,1143550,1739450,35.6407853,129.0855165
16703,62,130,1143650,1739450,35.6407708,129.0866207
16704,63,130,1143750,1739450,35.6407562,129.0877248
16705,64,130,1143850,1739450,35.6407417,129.0888289
16706,65,130,1143950,1739450,35.6407271,129.089933
16707,66,130,1144050,1739450,35.6407125,129.0910372
16708,67,130,1144150,1739450,35.6406979,129.0921413
16709,68,130,1144250,1739450,35.6406833,129.0932454
16710,69,130,1144350,1739450,35.6406687,129.0943495
16711,70,130,1144450,1739450,35.6406541,129.0954536
16712,71,130,1144550,1739450,35.6406395,129.0965578
16713,72,130,1144650,1739450,35.6406248,129.0976619
16714,73,130,1144750,1739450,35.6406102,129.098766
16715,74,130,1144850,1739450,35.6405955,129.0998701
16716,75,130,1144950,1739450,35.6405808,129.1009742
16717,76,130,1145050,1739450,35.6405661,129.1020783
16718,77,130,1145150,1739450,35.6405514,129.1031825
16719,78,130,1145250,1739450,35.6405367,129.1042866
16720,79,130,1145350,1739450,35.640522,129.1053907
16721,80,130,1145450,1739450,35.6405073,129.1064948
16722,81,130,1145550,1739450,35.6404926,129.1075989
16723,82,130,1145650,1739450,35.6404778,129.108703
16724,83,130,1145750,1739450,35.6404631,129.1098071
16725,84,130,1145850,1739450,35.6404483,129.1109112
16726,85,130,1145950,1739450,35.6404335,129.1120153
16727,86,130,1146050,1739450,35.6404187,129.1131194
16728,87,130,1146150,1739450,35.6404039,129.1142236
16729,88,130,1146250,1739450,35.6403891,129.1153277
16730,89,130,1146350,1739450,35.6403743,129.1164318
16731,90,130,1146450,1739450,35.6403595,129.1175359
16732,91,130,1146550,1739450,35.6403447,129.11864
16733,92,130,1146650,1739450,35.6403298,129.1197441
16734,93,130,1146750,1739450,35.640315,129.1208482
16735,94,130,1146850,1739450,35.6403001,129.1219523
16736,95,130,1146950,1739450,35.6402852,129.1230564
16737,96,130,1147050,1739450,35.6402703,129.1241605
16738,97,130,1147150,1739450,35.6402554,129.1252646
16739,98,130,1147250,1739450,35.6402405,129.1263687
16740,99,130,1147350,1739450,35.6402256,129.1274728
16741,100,130,1147450,1739450,35.6402107,129.1285769
16742,101,130,1147550,1739450,35.6401958,129.129681
16743,102,130,1147650,1739450,35.6401808,129.130785
16744,103,130,1147750,1739450,35.6401658,129.1318891
16745,104,130,1147850,1739450,35.6401509,129.1329932
16746,105,130,1147950,1739450,35.6401359,129.1340973
16747,106,130,1148050,1739450,35.6401209,129.1352014
16748,107,130,1148150,1739450,35.6401059,129.1363055
16749,108,130,1148250,1739450,35.6400909,129.1374096
16750,109,130,1148350,1739450,35.6400759,129.1385137
16751,110,130,1148450,1739450,35.6400609,129.1396178
16752,111,130,1148550,1739450,35.6400458,129.1407219
16753,112,130,1148650,1739450,35.6400308,129.1418259
16754,113,130,1148750,1739450,35.6400157,129.14293
16755,114,130,1148850,1739450,35.6400007,129.1440341
16756,115,130,1148950,1739450,35.6399856,129.1451382
16757,116,130,1149050,1739450,35.6399705,129.1462423
16758,117,130,1149150,1739450,35.6399554,129.1473464
16759,118,130,1149250,1739450,35.6399403,129.1484504
16760,119,130,1149350,1739450,35.6399252,129.1495545
16761,120,130,1149450,1739450,35.63991,129.1506586
16762,121,130,1149550,1739450,35.6398949,129.1517627
16763,122,130,1149650,1739450,35.6398797,129.1528667
16764,123,130,1149750,1739450,35.6398646,129.1539708
16765,124,130,1149850,1739450,35.6398494,129.1550749
16766,125,130,1149950,1739450,35.6398342,129.156179
16767,126,130,1150050,1739450,35.6398191,129.1572831
16768,127,130,1150150,1739450,35.6398039,129.1583871
16769,127,131,1150150,1739550,35.6407051,129.1584058
16770,126,131,1150050,1739550,35.6407203,129.1573017
16771,125,131,1149950,1739550,35.6407355,129.1561976
16772,124,131,1149850,1739550,35.6407507,129.1550935
16773,123,131,1149750,1739550,35.6407659,129.1539894
16774,122,131,1149650,1739550,35.640781,129.1528853
16775,121,131,1149550,1739550,35.6407962,129.1517812
16776,120,131,1149450,1739550,35.6408113,129.1506771
16777,119,131,1149350,1739550,35.6408264,129.149573
16778,118,131,1149250,1739550,35.6408416,129.148469
16779,117,131,1149150,1739550,35.6408567,129.1473649
16780,116,131,1149050,1739550,35.6408718,129.1462608
16781,115,131,1148950,1739550,35.6408869,129.1451567
16782,114,131,1148850,1739550,35.6409019,129.1440526
16783,113,131,1148750,1739550,35.640917,129.1429485
16784,112,131,1148650,1739550,35.6409321,129.1418444
16785,111,131,1148550,1739550,35.6409471,129.1407403
16786,110,131,1148450,1739550,35.6409621,129.1396362
16787,109,131,1148350,1739550,35.6409772,129.1385321
16788,108,131,1148250,1739550,35.6409922,129.137428
16789,107,131,1148150,1739550,35.6410072,129.1363239
16790,106,131,1148050,1739550,35.6410222,129.1352198
16791,105,131,1147950,1739550,35.6410372,129.1341157
16792,104,131,1147850,1739550,35.6410522,129.1330116
16793,103,131,1147750,1739550,35.6410671,129.1319075
16794,102,131,1147650,1739550,35.6410821,129.1308034
16795,101,131,1147550,1739550,35.641097,129.1296993
16796,100,131,1147450,1739550,35.641112,129.1285951
16797,99,131,1147350,1739550,35.6411269,129.127491
16798,98,131,1147250,1739550,35.6411418,129.1263869
16799,97,131,1147150,1739550,35.6411567,129.1252828
16800,96,131,1147050,1739550,35.6411716,129.1241787
16801,95,131,1146950,1739550,35.6411865,129.1230746
16802,94,131,1146850,1739550,35.6412014,129.1219705
16803,93,131,1146750,1739550,35.6412162,129.1208664
16804,92,131,1146650,1739550,35.6412311,129.1197623
16805,91,131,1146550,1739550,35.641246,129.1186582
16806,90,131,1146450,1739550,35.6412608,129.117554
16807,89,131,1146350,1739550,35.6412756,129.1164499
16808,88,131,1146250,1739550,35.6412904,129.1153458
16809,87,131,1146150,1739550,35.6413052,129.1142417
16810,86,131,1146050,1739550,35.64132,129.1131376
16811,85,131,1145950,1739550,35.6413348,129.1120334
16812,84,131,1145850,1739550,35.6413496,129.1109293
16813,83,131,1145750,1739550,35.6413644,129.1098252
16814,82,131,1145650,1739550,35.6413791,129.1087211
16815,81,131,1145550,1739550,35.6413939,129.107617
16816,80,131,1145450,1739550,35.6414086,129.1065128
16817,79,131,1145350,1739550,35.6414233,129.1054087
16818,78,131,1145250,1739550,35.641438,129.1043046
16819,77,131,1145150,1739550,35.6414527,129.1032005
16820,76,131,1145050,1739550,35.6414674,129.1020963
16821,75,131,1144950,1739550,35.6414821,129.1009922
16822,74,131,1144850,1739550,35.6414968,129.0998881
16823,73,131,1144750,1739550,35.6415115,129.098784
16824,72,131,1144650,1739550,35.6415261,129.0976798
16825,71,131,1144550,1739550,35.6415407,129.0965757
16826,70,131,1144450,1739550,35.6415554,129.0954716
16827,69,131,1144350,1739550,35.64157,129.0943674
16828,68,131,1144250,1739550,35.6415846,129.0932633
16829,67,131,1144150,1739550,35.6415992,129.0921592
16830,66,131,1144050,1739550,35.6416138,129.091055
16831,65,131,1143950,1739550,35.6416284,129.0899509
16832,64,131,1143850,1739550,35.641643,129.0888468
16833,63,131,1143750,1739550,35.6416575,129.0877426
16834,62,131,1143650,1739550,35.6416721,129.0866385
16835,61,131,1143550,1739550,35.6416866,129.0855343
16836,60,131,1143450,1739550,35.6417012,129.0844302
16837,59,131,1143350,1739550,35.6417157,129.0833261
16838,58,131,1143250,1739550,35.6417302,129.0822219
16839,57,131,1143150,1739550,35.6417447,129.0811178
16840,56,131,1143050,1739550,35.6417592,129.0800136
16841,55,131,1142950,1739550,35.6417737,129.0789095
16842,54,131,1142850,1739550,35.6417881,129.0778054
16843,53,131,1142750,1739550,35.6418026,129.0767012
16844,52,131,1142650,1739550,35.6418171,129.0755971
16845,51,131,1142550,1739550,35.6418315,129.0744929
16846,50,131,1142450,1739550,35.6418459,129.0733888
16847,49,131,1142350,1739550,35.6418604,129.0722846
16848,48,131,1142250,1739550,35.6418748,129.0711805
16849,47,131,1142150,1739550,35.6418892,129.0700763
16850,46,131,1142050,1739550,35.6419036,129.0689722
16851,45,131,1141950,1739550,35.6419179,129.067868
16852,44,131,1141850,1739550,35.6419323,129.0667639
16853,43,131,1141750,1739550,35.6419467,129.0656597
16854,42,131,1141650,1739550,35.641961,129.0645556
16855,41,131,1141550,1739550,35.6419754,129.0634514
16856,40,131,1141450,1739550,35.6419897,129.0623473
16857,39,131,1141350,1739550,35.642004,129.0612431
16858,38,131,1141250,1739550,35.6420183,129.060139
16859,37,131,1141150,1739550,35.6420326,129.0590348
16860,36,131,1141050,1739550,35.6420469,129.0579306
16861,35,131,1140950,1739550,35.6420612,129.0568265
16862,34,131,1140850,1739550,35.6420755,129.0557223
16863,33,131,1140750,1739550,35.6420897,129.0546182
16864,32,131,1140650,1739550,35.642104,129.053514
16865,31,131,1140550,1739550,35.6421182,129.0524098
16866,30,131,1140450,1739550,35.6421324,129.0513057
16867,29,131,1140350,1739550,35.6421467,129.0502015
16868,28,131,1140250,1739550,35.6421609,129.0490973
16869,27,131,1140150,1739550,35.6421751,129.0479932
16870,26,131,1140050,1739550,35.6421892,129.046889
16871,25,131,1139950,1739550,35.6422034,129.0457849
16872,24,131,1139850,1739550,35.6422176,129.0446807
16873,23,131,1139750,1739550,35.6422318,129.0435765
16874,22,131,1139650,1739550,35.6422459,129.0424723
16875,21,131,1139550,1739550,35.64226,129.0413682
16876,20,131,1139450,1739550,35.6422742,129.040264
16877,19,131,1139350,1739550,35.6422883,129.0391598
16878,18,131,1139250,1739550,35.6423024,129.0380557
16879,17,131,1139150,1739550,35.6423165,129.0369515
16880,16,131,1139050,1739550,35.6423306,129.0358473
16881,15,131,1138950,1739550,35.6423447,129.0347431
16882,14,131,1138850,1739550,35.6423587,129.033639
16883,13,131,1138750,1739550,35.6423728,129.0325348
16884,12,131,1138650,1739550,35.6423868,129.0314306
16885,11,131,1138550,1739550,35.6424009,129.0303264
16886,10,131,1138450,1739550,35.6424149,129.0292223
16887,9,131,1138350,1739550,35.6424289,129.0281181
16888,8,131,1138250,1739550,35.6424429,129.0270139
16889,7,131,1138150,1739550,35.6424569,129.0259097
16890,6,131,1138050,1739550,35.6424709,129.0248055
16891,5,131,1137950,1739550,35.6424849,129.0237014
16892,4,131,1137850,1739550,35.6424988,129.0225972
16893,3,131,1137750,1739550,35.6425128,129.021493
16894,2,131,1137650,1739550,35.6425267,129.0203888
16895,1,131,1137550,1739550,35.6425407,129.0192846
16896,0,131,1137450,1739550,35.6425546,129.0181804
16897,0,132,1137450,1739650,35.6434559,129.0181975
16898,1,132,1137550,1739650,35.643442,129.0193017
16899,2,132,1137650,1739650,35.6434281,129.0204059
16900,3,132,1137750,1739650,35.6434141,129.0215101
16901,4,132,1137850,1739650,35.6434002,129.0226143
16902,5,132,1137950,1739650,35.6433862,129.0237185
16903,6,132,1138050,1739650,35.6433722,129.0248227
16904,7,132,1138150,1739650,35.6433582,129.0259269
16905,8,132,1138250,1739650,35.6433442,129.0270311
16906,9,132,1138350,1739650,35.6433302,129.0281352
16907,10,132,1138450,1739650,35.6433162,129.0292394
16908,11,132,1138550,1739650,35.6433022,129.0303436
16909,12,132,1138650,1739650,35.6432881,129.0314478
16910,13,132,1138750,1739650,35.6432741,129.032552
16911,14,132,1138850,1739650,35.64326,129.0336562
16912,15,132,1138950,1739650,35.643246,129.0347604
16913,16,132,1139050,1739650,35.6432319,129.0358646
16914,17,132,1139150,1739650,35.6432178,129.0369688
16915,18,132,1139250,1739650,35.6432037,129.0380729
16916,19,132,1139350,1739650,35.6431896,129.0391771
16917,20,132,1139450,1739650,35.6431755,129.0402813
16918,21,132,1139550,1739650,35.6431614,129.0413855
16919,22,132,1139650,1739650,35.6431472,129.0424897
16920,23,132,1139750,1739650,35.6431331,129.0435939
16921,24,132,1139850,1739650,35.6431189,129.044698
16922,25,132,1139950,1739650,35.6431047,129.0458022
16923,26,132,1140050,1739650,35.6430906,129.0469064
16924,27,132,1140150,1739650,35.6430764,129.0480106
16925,28,132,1140250,1739650,35.6430622,129.0491147
16926,29,132,1140350,1739650,35.643048,129.0502189
16927,30,132,1140450,1739650,35.6430337,129.0513231
16928,31,132,1140550,1739650,35.6430195,129.0524273
16929,32,132,1140650,1739650,35.6430053,129.0535314
16930,33,132,1140750,1739650,35.642991,129.0546356
16931,34,132,1140850,1739650,35.6429768,129.0557398
16932,35,132,1140950,1739650,35.6429625,129.056844
16933,36,132,1141050,1739650,35.6429482,129.0579481
16934,37,132,1141150,1739650,35.6429339,129.0590523
16935,38,132,1141250,1739650,35.6429196,129.0601565
16936,39,132,1141350,1739650,35.6429053,129.0612606
16937,40,132,1141450,1739650,35.642891,129.0623648
16938,41,132,1141550,1739650,35.6428767,129.063469
16939,42,132,1141650,1739650,35.6428623,129.0645731
16940,43,132,1141750,1739650,35.642848,129.0656773
16941,44,132,1141850,1739650,35.6428336,129.0667815
16942,45,132,1141950,1739650,35.6428192,129.0678856
16943,46,132,1142050,1739650,35.6428049,129.0689898
16944,47,132,1142150,1739650,35.6427905,129.070094
16945,48,132,1142250,1739650,35.6427761,129.0711981
16946,49,132,1142350,1739650,35.6427617,129.0723023
16947,50,132,1142450,1739650,35.6427472,129.0734065
16948,51,132,1142550,1739650,35.6427328,129.0745106
16949,52,132,1142650,1739650,35.6427184,129.0756148
16950,53,132,1142750,1739650,35.6427039,129.0767189
16951,54,132,1142850,1739650,35.6426895,129.0778231
16952,55,132,1142950,1739650,35.642675,129.0789272
16953,56,132,1143050,1739650,35.6426605,129.0800314
16954,57,132,1143150,1739650,35.642646,129.0811355
16955,58,132,1143250,1739650,35.6426315,129.0822397
16956,59,132,1143350,1739650,35.642617,129.0833439
16957,60,132,1143450,1739650,35.6426025,129.084448
16958,61,132,1143550,1739650,35.6425879,129.0855522
16959,62,132,1143650,1739650,35.6425734,129.0866563
16960,63,132,1143750,1739650,35.6425588,129.0877605
16961,64,132,1143850,1739650,35.6425443,129.0888646
16962,65,132,1143950,1739650,35.6425297,129.0899688
16963,66,132,1144050,1739650,35.6425151,129.0910729
16964,67,132,1144150,1739650,35.6425005,129.0921771
16965,68,132,1144250,1739650,35.6424859,129.0932812
16966,69,132,1144350,1739650,35.6424713,129.0943853
16967,70,132,1144450,1739650,35.6424567,129.0954895
16968,71,132,1144550,1739650,35.642442,129.0965936
16969,72,132,1144650,1739650,35.6424274,129.0976978
16970,73,132,1144750,1739650,35.6424127,129.0988019
16971,74,132,1144850,1739650,35.6423981,129.0999061
16972,75,132,1144950,1739650,35.6423834,129.1010102
16973,76,132,1145050,1739650,35.6423687,129.1021143
16974,77,132,1145150,1739650,35.642354,129.1032185
16975,78,132,1145250,1739650,35.6423393,129.1043226
16976,79,132,1145350,1739650,35.6423246,129.1054267
16977,80,132,1145450,1739650,35.6423099,129.1065309
16978,81,132,1145550,1739650,35.6422951,129.107635
16979,82,132,1145650,1739650,35.6422804,129.1087392
16980,83,132,1145750,1739650,35.6422656,129.1098433
16981,84,132,1145850,1739650,35.6422509,129.1109474
16982,85,132,1145950,1739650,35.6422361,129.1120516
16983,86,132,1146050,1739650,35.6422213,129.1131557
16984,87,132,1146150,1739650,35.6422065,129.1142598
16985,88,132,1146250,1739650,35.6421917,129.1153639
16986,89,132,1146350,1739650,35.6421769,129.1164681
16987,90,132,1146450,1739650,35.6421621,129.1175722
16988,91,132,1146550,1739650,35.6421472,129.1186763
16989,92,132,1146650,1739650,35.6421324,129.1197805
16990,93,132,1146750,1739650,35.6421175,129.1208846
16991,94,132,1146850,1739650,35.6421027,129.1219887
16992,95,132,1146950,1739650,35.6420878,129.1230928
16993,96,132,1147050,1739650,35.6420729,129.124197
16994,97,132,1147150,1739650,35.642058,129.1253011
16995,98,132,1147250,1739650,35.6420431,129.1264052
16996,99,132,1147350,1739650,35.6420282,129.1275093
16997,100,132,1147450,1739650,35.6420133,129.1286134
16998,101,132,1147550,1739650,35.6419983,129.1297176
16999,102,132,1147650,1739650,35.6419834,129.1308217
17000,103,132,1147750,1739650,35.6419684,129.1319258
17001,104,132,1147850,1739650,35.6419534,129.1330299
17002,105,132,1147950,1739650,35.6419385,129.134134
17003,106,132,1148050,1739650,35.6419235,129.1352381
17004,107,132,1148150,1739650,35.6419085,129.1363423
17005,108,132,1148250,1739650,35.6418935,129.1374464
17006,109,132,1148350,1739650,35.6418785,129.1385505
17007,110,132,1148450,1739650,35.6418634,129.1396546
17008,111,132,1148550,1739650,35.6418484,129.1407587
17009,112,132,1148650,1739650,35.6418333,129.1418628
17010,113,132,1148750,1739650,35.6418183,129.1429669
17011,114,132,1148850,1739650,35.6418032,129.144071
17012,115,132,1148950,1739650,35.6417881,129.1451751
17013,116,132,1149050,1739650,35.641773,129.1462793
17014,117,132,1149150,1739650,35.6417579,129.1473834
17015,118,132,1149250,1739650,35.6417428,129.1484875
17016,119,132,1149350,1739650,35.6417277,129.1495916
17017,120,132,1149450,1739650,35.6417126,129.1506957
17018,121,132,1149550,1739650,35.6416974,129.1517998
17019,122,132,1149650,1739650,35.6416823,129.1529039
17020,123,132,1149750,1739650,35.6416671,129.154008
17021,124,132,1149850,1739650,35.641652,129.1551121
17022,125,132,1149950,1739650,35.6416368,129.1562162
17023,126,132,1150050,1739650,35.6416216,129.1573203
17024,127,132,1150150,1739650,35.6416064,129.1584244
17025,127,133,1150150,1739750,35.6425077,129.158443
17026,126,133,1150050,1739750,35.6425229,129.1573389
17027,125,133,1149950,1739750,35.6425381,129.1562348
17028,124,133,1149850,1739750,35.6425532,129.1551307
17029,123,133,1149750,1739750,35.6425684,129.1540266
17030,122,133,1149650,1739750,35.6425836,129.1529224
17031,121,133,1149550,1739750,35.6425987,129.1518183
17032,120,133,1149450,1739750,35.6426139,129.1507142
17033,119,133,1149350,1739750,35.642629,129.1496101
17034,118,133,1149250,1739750,35.6426441,129.148506
17035,117,133,1149150,1739750,35.6426592,129.1474019
17036,116,133,1149050,1739750,35.6426743,129.1462977
17037,115,133,1148950,1739750,35.6426894,129.1451936
17038,114,133,1148850,1739750,35.6427045,129.1440895
17039,113,133,1148750,1739750,35.6427196,129.1429854
17040,112,133,1148650,1739750,35.6427346,129.1418813
17041,111,133,1148550,1739750,35.6427497,129.1407771
17042,110,133,1148450,1739750,35.6427647,129.139673
17043,109,133,1148350,1739750,35.6427797,129.1385689
17044,108,133,1148250,1739750,35.6427948,129.1374648
17045,107,133,1148150,1739750,35.6428098,129.1363606
17046,106,133,1148050,1739750,35.6428248,129.1352565
17047,105,133,1147950,1739750,35.6428397,129.1341524
17048,104,133,1147850,1739750,35.6428547,129.1330483
17049,103,133,1147750,1739750,35.6428697,129.1319441
17050,102,133,1147650,1739750,35.6428847,129.13084
17051,101,133,1147550,1739750,35.6428996,129.1297359
17052,100,133,1147450,1739750,35.6429145,129.1286317
17053,99,133,1147350,1739750,35.6429295,129.1275276
17054,98,133,1147250,1739750,35.6429444,129.1264235
17055,97,133,1147150,1739750,35.6429593,129.1253193
17056,96,133,1147050,1739750,35.6429742,129.1242152
17057,95,133,1146950,1739750,35.6429891,129.1231111
17058,94,133,1146850,1739750,35.643004,129.1220069
17059,93,133,1146750,1739750,35.6430188,129.1209028
17060,92,133,1146650,1739750,35.6430337,129.1197987
17061,91,133,1146550,1739750,35.6430485,129.1186945
17062,90,133,1146450,1739750,35.6430634,129.1175904
17063,89,133,1146350,1739750,35.6430782,129.1164862
17064,88,133,1146250,1739750,35.643093,129.1153821
17065,87,133,1146150,1739750,35.6431078,129.1142779
17066,86,133,1146050,1739750,35.6431226,129.1131738
17067,85,133,1145950,1739750,35.6431374,129.1120697
17068,84,133,1145850,1739750,35.6431522,129.1109655
17069,83,133,1145750,1739750,35.6431669,129.1098614
17070,82,133,1145650,1739750,35.6431817,129.1087572
17071,81,133,1145550,1739750,35.6431964,129.1076531
17072,80,133,1145450,1739750,35.6432112,129.1065489
17073,79,133,1145350,1739750,35.6432259,129.1054448
17074,78,133,1145250,1739750,35.6432406,129.1043406
17075,77,133,1145150,1739750,35.6432553,129.1032365
17076,76,133,1145050,1739750,35.64327,129.1021323
17077,75,133,1144950,1739750,35.6432847,129.1010282
17078,74,133,1144850,1739750,35.6432994,129.099924
17079,73,133,1144750,1739750,35.643314,129.0988199
17080,72,133,1144650,1739750,35.6433287,129.0977157
17081,71,133,1144550,1739750,35.6433433,129.0966116
17082,70,133,1144450,1739750,35.643358,129.0955074
17083,69,133,1144350,1739750,35.6433726,129.0944033
17084,68,133,1144250,1739750,35.6433872,129.0932991
17085,67,133,1144150,1739750,35.6434018,129.0921949
17086,66,133,1144050,1739750,35.6434164,129.0910908
17087,65,133,1143950,1739750,35.643431,129.0899866
17088,64,133,1143850,1739750,35.6434456,129.0888825
17089,63,133,1143750,1739750,35.6434601,129.0877783
17090,62,133,1143650,1739750,35.6434747,129.0866741
17091,61,133,1143550,1739750,35.6434892,129.08557
17092,60,133,1143450,1739750,35.6435038,129.0844658
17093,59,133,1143350,1739750,35.6435183,129.0833616
17094,58,133,1143250,1739750,35.6435328,129.0822575
17095,57,133,1143150,1739750,35.6435473,129.0811533
17096,56,133,1143050,1739750,35.6435618,129.0800491
17097,55,133,1142950,1739750,35.6435763,129.078945
17098,54,133,1142850,1739750,35.6435908,129.0778408
17099,53,133,1142750,1739750,35.6436052,129.0767366
17100,52,133,1142650,1739750,35.6436197,129.0756325
17101,51,133,1142550,1739750,35.6436341,129.0745283
17102,50,133,1142450,1739750,35.6436485,129.0734241
17103,49,133,1142350,1739750,35.643663,129.07232
17104,48,133,1142250,1739750,35.6436774,129.0712158
17105,47,133,1142150,1739750,35.6436918,129.0701116
17106,46,133,1142050,1739750,35.6437062,129.0690074
17107,45,133,1141950,1739750,35.6437206,129.0679033
17108,44,133,1141850,1739750,35.6437349,129.0667991
17109,43,133,1141750,1739750,35.6437493,129.0656949
17110,42,133,1141650,1739750,35.6437636,129.0645907
17111,41,133,1141550,1739750,35.643778,129.0634865
17112,40,133,1141450,1739750,35.6437923,129.0623824
17113,39,133,1141350,1739750,35.6438066,129.0612782
17114,38,133,1141250,1739750,35.6438209,129.060174
17115,37,133,1141150,1739750,35.6438352,129.0590698
17116,36,133,1141050,1739750,35.6438495,129.0579656
17117,35,133,1140950,1739750,35.6438638,129.0568615
17118,34,133,1140850,1739750,35.6438781,129.0557573
17119,33,133,1140750,1739750,35.6438923,129.0546531
17120,32,133,1140650,1739750,35.6439066,129.0535489
17121,31,133,1140550,1739750,35.6439208,129.0524447
17122,30,133,1140450,1739750,35.6439351,129.0513405
17123,29,133,1140350,1739750,35.6439493,129.0502363
17124,28,133,1140250,1739750,35.6439635,129.0491321
17125,27,133,1140150,1739750,35.6439777,129.048028
17126,26,133,1140050,1739750,35.6439919,129.0469238
17127,25,133,1139950,1739750,35.6440061,129.0458196
17128,24,133,1139850,1739750,35.6440202,129.0447154
17129,23,133,1139750,1739750,35.6440344,129.0436112
17130,22,133,1139650,1739750,35.6440485,129.042507
17131,21,133,1139550,1739750,35.6440627,129.0414028
17132,20,133,1139450,1739750,35.6440768,129.0402986
17133,19,133,1139350,1739750,35.6440909,129.0391944
17134,18,133,1139250,1739750,35.644105,129.0380902
17135,17,133,1139150,1739750,35.6441191,129.036986
17136,16,133,1139050,1739750,35.6441332,129.0358818
17137,15,133,1138950,1739750,35.6441473,129.0347776
17138,14,133,1138850,1739750,35.6441614,129.0336734
17139,13,133,1138750,1739750,35.6441754,129.0325692
17140,12,133,1138650,1739750,35.6441895,129.031465
17141,11,133,1138550,1739750,35.6442035,129.0303608
17142,10,133,1138450,1739750,35.6442175,129.0292566
17143,9,133,1138350,1739750,35.6442316,129.0281524
17144,8,133,1138250,1739750,35.6442456,129.0270482
17145,7,133,1138150,1739750,35.6442596,129.025944
17146,6,133,1138050,1739750,35.6442735,129.0248398
17147,5,133,1137950,1739750,35.6442875,129.0237356
17148,4,133,1137850,1739750,35.6443015,129.0226314
17149,3,133,1137750,1739750,35.6443154,129.0215272
17150,2,133,1137650,1739750,35.6443294,129.020423
17151,1,133,1137550,1739750,35.6443433,129.0193188
17152,0,133,1137450,1739750,35.6443573,129.0182146
17153,0,134,1137450,1739850,35.6452586,129.0182316
17154,1,134,1137550,1739850,35.6452447,129.0193358
17155,2,134,1137650,1739850,35.6452307,129.0204401
17156,3,134,1137750,1739850,35.6452168,129.0215443
17157,4,134,1137850,1739850,35.6452028,129.0226485
17158,5,134,1137950,1739850,35.6451889,129.0237527
17159,6,134,1138050,1739850,35.6451749,129.0248569
17160,7,134,1138150,1739850,35.6451609,129.0259611
17161,8,134,1138250,1739850,35.6451469,129.0270654
17162,9,134,1138350,1739850,35.6451329,129.0281696
17163,10,134,1138450,1739850,35.6451189,129.0292738
17164,11,134,1138550,1739850,35.6451048,129.030378
17165,12,134,1138650,1739850,35.6450908,129.0314822
17166,13,134,1138750,1739850,35.6450768,129.0325864
17167,14,134,1138850,1739850,35.6450627,129.0336907
17168,15,134,1138950,1739850,35.6450486,129.0347949
17169,16,134,1139050,1739850,35.6450345,129.0358991
17170,17,134,1139150,1739850,35.6450205,129.0370033
17171,18,134,1139250,1739850,35.6450064,129.0381075
17172,19,134,1139350,1739850,35.6449922,129.0392117
17173,20,134,1139450,1739850,35.6449781,129.0403159
17174,21,134,1139550,1739850,35.644964,129.0414201
17175,22,134,1139650,1739850,35.6449499,129.0425243
17176,23,134,1139750,1739850,35.6449357,129.0436285
17177,24,134,1139850,1739850,35.6449216,129.0447327
17178,25,134,1139950,1739850,35.6449074,129.0458369
17179,26,134,1140050,1739850,35.6448932,129.0469411
17180,27,134,1140150,1739850,35.644879,129.0480453
17181,28,134,1140250,1739850,35.6448648,129.0491496
17182,29,134,1140350,1739850,35.6448506,129.0502538
17183,30,134,1140450,1739850,35.6448364,129.051358
17184,31,134,1140550,1739850,35.6448222,129.0524622
17185,32,134,1140650,1739850,35.6448079,129.0535664
17186,33,134,1140750,1739850,35.6447937,129.0546706
17187,34,134,1140850,1739850,35.6447794,129.0557747
17188,35,134,1140950,1739850,35.6447651,129.0568789
17189,36,134,1141050,1739850,35.6447508,129.0579831
17190,37,134,1141150,1739850,35.6447366,129.0590873
17191,38,134,1141250,1739850,35.6447223,129.0601915
17192,39,134,1141350,1739850,35.6447079,129.0612957
17193,40,134,1141450,1739850,35.6446936,129.0623999
17194,41,134,1141550,1739850,35.6446793,129.0635041
17195,42,134,1141650,1739850,35.644665,129.0646083
17196,43,134,1141750,1739850,35.6446506,129.0657125
17197,44,134,1141850,1739850,35.6446362,129.0668167
17198,45,134,1141950,1739850,35.6446219,129.0679209
17199,46,134,1142050,1739850,35.6446075,129.0690251
17200,47,134,1142150,1739850,35.6445931,129.0701292
17201,48,134,1142250,1739850,35.6445787,129.0712334
17202,49,134,1142350,1739850,35.6445643,129.0723376
17203,50,134,1142450,1739850,35.6445499,129.0734418
17204,51,134,1142550,1739850,35.6445354,129.074546
17205,52,134,1142650,1739850,35.644521,129.0756502
17206,53,134,1142750,1739850,35.6445065,129.0767543
17207,54,134,1142850,1739850,35.6444921,129.0778585
17208,55,134,1142950,1739850,35.6444776,129.0789627
17209,56,134,1143050,1739850,35.6444631,129.0800669
17210,57,134,1143150,1739850,35.6444486,129.0811711
17211,58,134,1143250,1739850,35.6444341,129.0822752
17212,59,134,1143350,1739850,35.6444196,129.0833794
17213,60,134,1143450,1739850,35.6444051,129.0844836
17214,61,134,1143550,1739850,35.6443905,129.0855878
17215,62,134,1143650,1739850,35.644376,129.086692
17216,63,134,1143750,1739850,35.6443614,129.0877961
17217,64,134,1143850,1739850,35.6443469,129.0889003
17218,65,134,1143950,1739850,35.6443323,129.0900045
17219,66,134,1144050,1739850,35.6443177,129.0911086
17220,67,134,1144150,1739850,35.6443031,129.0922128
17221,68,134,1144250,1739850,35.6442885,129.093317
17222,69,134,1144350,1739850,35.6442739,129.0944212
17223,70,134,1144450,1739850,35.6442593,129.0955253
17224,71,134,1144550,1739850,35.6442446,129.0966295
17225,72,134,1144650,1739850,35.64423,129.0977337
17226,73,134,1144750,1739850,35.6442153,129.0988378
17227,74,134,1144850,1739850,35.6442007,129.099942
17228,75,134,1144950,1739850,35.644186,129.1010462
17229,76,134,1145050,1739850,35.6441713,129.1021503
17230,77,134,1145150,1739850,35.6441566,129.1032545
17231,78,134,1145250,1739850,35.6441419,129.1043587
17232,79,134,1145350,1739850,35.6441272,129.1054628
17233,80,134,1145450,1739850,35.6441125,129.106567
17234,81,134,1145550,1739850,35.6440977,129.1076711
17235,82,134,1145650,1739850,35.644083,129.1087753
17236,83,134,1145750,1739850,35.6440682,129.1098795
17237,84,134,1145850,1739850,35.6440535,129.1109836
17238,85,134,1145950,1739850,35.6440387,129.1120878
17239,86,134,1146050,1739850,35.6440239,129.1131919
17240,87,134,1146150,1739850,35.6440091,129.1142961
17241,88,134,1146250,1739850,35.6439943,129.1154002
17242,89,134,1146350,1739850,35.6439795,129.1165044
17243,90,134,1146450,1739850,35.6439647,129.1176085
17244,91,134,1146550,1739850,35.6439498,129.1187127
17245,92,134,1146650,1739850,35.643935,129.1198168
17246,93,134,1146750,1739850,35.6439201,129.120921
17247,94,134,1146850,1739850,35.6439052,129.1220251
17248,95,134,1146950,1739850,35.6438904,129.1231293
17249,96,134,1147050,1739850,35.6438755,129.1242334
17250,97,134,1147150,1739850,35.6438606,129.1253376
17251,98,134,1147250,1739850,35.6438457,129.1264417
17252,99,134,1147350,1739850,35.6438307,129.1275459
17253,100,134,1147450,1739850,35.6438158,129.12865
17254,101,134,1147550,1739850,35.6438009,129.1297542
17255,102,134,1147650,1739850,35.6437859,129.1308583
17256,103,134,1147750,1739850,35.643771,129.1319625
17257,104,134,1147850,1739850,35.643756,129.1330666
17258,105,134,1147950,1739850,35.643741,129.1341707
17259,106,134,1148050,1739850,35.643726,129.1352749
17260,107,134,1148150,1739850,35.643711,129.136379
17261,108,134,1148250,1739850,35.643696,129.1374832
17262,109,134,1148350,1739850,35.643681,129.1385873
17263,110,134,1148450,1739850,35.643666,129.1396914
17264,111,134,1148550,1739850,35.6436509,129.1407956
17265,112,134,1148650,1739850,35.6436359,129.1418997
17266,113,134,1148750,1739850,35.6436208,129.1430038
17267,114,134,1148850,1739850,35.6436058,129.144108
17268,115,134,1148950,1739850,35.6435907,129.1452121
17269,116,134,1149050,1739850,35.6435756,129.1463162
17270,117,134,1149150,1739850,35.6435605,129.1474204
17271,118,134,1149250,1739850,35.6435454,129.1485245
17272,119,134,1149350,1739850,35.6435303,129.1496286
17273,120,134,1149450,1739850,35.6435151,129.1507328
17274,121,134,1149550,1739850,35.6435,129.1518369
17275,122,134,1149650,1739850,35.6434848,129.152941
17276,123,134,1149750,1739850,35.6434697,129.1540451
17277,124,134,1149850,1739850,35.6434545,129.1551493
17278,125,134,1149950,1739850,35.6434393,129.1562534
17279,126,134,1150050,1739850,35.6434241,129.1573575
17280,127,134,1150150,1739850,35.6434089,129.1584616
17281,127,135,1150150,1739950,35.6443102,129.1584803
17282,126,135,1150050,1739950,35.6443254,129.1573761
17283,125,135,1149950,1739950,35.6443406,129.156272
17284,124,135,1149850,1739950,35.6443558,129.1551679
17285,123,135,1149750,1739950,35.6443709,129.1540637
17286,122,135,1149650,1739950,35.6443861,129.1529596
17287,121,135,1149550,1739950,35.6444013,129.1518554
17288,120,135,1149450,1739950,35.6444164,129.1507513
17289,119,135,1149350,1739950,35.6444315,129.1496472
17290,118,135,1149250,1739950,35.6444467,129.148543
17291,117,135,1149150,1739950,35.6444618,129.1474389
17292,116,135,1149050,1739950,35.6444769,129.1463347
17293,115,135,1148950,1739950,35.644492,129.1452306
17294,114,135,1148850,1739950,35.644507,129.1441264
17295,113,135,1148750,1739950,35.6445221,129.1430223
17296,112,135,1148650,1739950,35.6445372,129.1419181
17297,111,135,1148550,1739950,35.6445522,129.140814
17298,110,135,1148450,1739950,35.6445673,129.1397099
17299,109,135,1148350,1739950,35.6445823,129.1386057
17300,108,135,1148250,1739950,35.6445973,129.1375016
17301,107,135,1148150,1739950,35.6446123,129.1363974
17302,106,135,1148050,1739950,35.6446273,129.1352933
17303,105,135,1147950,1739950,35.6446423,129.1341891
17304,104,135,1147850,1739950,35.6446573,129.1330849
17305,103,135,1147750,1739950,35.6446723,129.1319808
17306,102,135,1147650,1739950,35.6446872,129.1308766
17307,101,135,1147550,1739950,35.6447022,129.1297725
17308,100,135,1147450,1739950,35.6447171,129.1286683
17309,99,135,1147350,1739950,35.644732,129.1275642
17310,98,135,1147250,1739950,35.644747,129.12646
17311,97,135,1147150,1739950,35.6447619,129.1253559
17312,96,135,1147050,1739950,35.6447768,129.1242517
17313,95,135,1146950,1739950,35.6447916,129.1231475
17314,94,135,1146850,1739950,35.6448065,129.1220434
17315,93,135,1146750,1739950,35.6448214,129.1209392
17316,92,135,1146650,1739950,35.6448363,129.119835
17317,91,135,1146550,1739950,35.6448511,129.1187309
17318,90,135,1146450,1739950,35.6448659,129.1176267
17319,89,135,1146350,1739950,35.6448808,129.1165225
17320,88,135,1146250,1739950,35.6448956,129.1154184
17321,87,135,1146150,1739950,35.6449104,129.1143142
17322,86,135,1146050,1739950,35.6449252,129.11321
17323,85,135,1145950,1739950,35.64494,129.1121059
17324,84,135,1145850,1739950,35.6449548,129.1110017
17325,83,135,1145750,1739950,35.6449695,129.1098975
17326,82,135,1145650,1739950,35.6449843,129.1087934
17327,81,135,1145550,1739950,35.644999,129.1076892
17328,80,135,1145450,1739950,35.6450138,129.106585
17329,79,135,1145350,1739950,35.6450285,129.1054809
17330,78,135,1145250,1739950,35.6450432,129.1043767
17331,77,135,1145150,1739950,35.6450579,129.1032725
17332,76,135,1145050,1739950,35.6450726,129.1021683
17333,75,135,1144950,1739950,35.6450873,129.1010641
17334,74,135,1144850,1739950,35.645102,129.09996
17335,73,135,1144750,1739950,35.6451166,129.0988558
17336,72,135,1144650,1739950,35.6451313,129.0977516
17337,71,135,1144550,1739950,35.6451459,129.0966474
17338,70,135,1144450,1739950,35.6451606,129.0955433
17339,69,135,1144350,1739950,35.6451752,129.0944391
17340,68,135,1144250,1739950,35.6451898,129.0933349
17341,67,135,1144150,1739950,35.6452044,129.0922307
17342,66,135,1144050,1739950,35.645219,129.0911265
17343,65,135,1143950,1739950,35.6452336,129.0900223
17344,64,135,1143850,1739950,35.6452482,129.0889182
17345,63,135,1143750,1739950,35.6452627,129.087814
17346,62,135,1143650,1739950,35.6452773,129.0867098
17347,61,135,1143550,1739950,35.6452918,129.0856056
17348,60,135,1143450,1739950,35.6453064,129.0845014
17349,59,135,1143350,1739950,35.6453209,129.0833972
17350,58,135,1143250,1739950,35.6453354,129.082293
17351,57,135,1143150,1739950,35.6453499,129.0811888
17352,56,135,1143050,1739950,35.6453644,129.0800846
17353,55,135,1142950,1739950,35.6453789,129.0789804
17354,54,135,1142850,1739950,35.6453934,129.0778763
17355,53,135,1142750,1739950,35.6454078,129.0767721
17356,52,135,1142650,1739950,35.6454223,129.0756679
17357,51,135,1142550,1739950,35.6454367,129.0745637
17358,50,135,1142450,1739950,35.6454512,129.0734595
17359,49,135,1142350,1739950,35.6454656,129.0723553
17360,48,135,1142250,1739950,35.64548,129.0712511
17361,47,135,1142150,1739950,35.6454944,129.0701469
17362,46,135,1142050,1739950,35.6455088,129.0690427
17363,45,135,1141950,1739950,35.6455232,129.0679385
17364,44,135,1141850,1739950,35.6455375,129.0668343
17365,43,135,1141750,1739950,35.6455519,129.0657301
17366,42,135,1141650,1739950,35.6455663,129.0646259
17367,41,135,1141550,1739950,35.6455806,129.0635217
17368,40,135,1141450,1739950,35.6455949,129.0624175
17369,39,135,1141350,1739950,35.6456093,129.0613133
17370,38,135,1141250,1739950,35.6456236,129.0602091
17371,37,135,1141150,1739950,35.6456379,129.0591048
17372,36,135,1141050,1739950,35.6456522,129.0580006
17373,35,135,1140950,1739950,35.6456664,129.0568964
17374,34,135,1140850,1739950,35.6456807,129.0557922
17375,33,135,1140750,1739950,35.645695,129.054688
17376,32,135,1140650,1739950,35.6457092,129.0535838
17377,31,135,1140550,1739950,35.6457235,129.0524796
17378,30,135,1140450,1739950,35.6457377,129.0513754
17379,29,135,1140350,1739950,35.6457519,129.0502712
17380,28,135,1140250,1739950,35.6457661,129.049167
17381,27,135,1140150,1739950,35.6457803,129.0480627
17382,26,135,1140050,1739950,35.6457945,129.0469585
17383,25,135,1139950,1739950,35.6458087,129.0458543
17384,24,135,1139850,1739950,35.6458229,129.0447501
17385,23,135,1139750,1739950,35.645837,129.0436459
17386,22,135,1139650,1739950,35.6458512,129.0425417
17387,21,135,1139550,1739950,35.6458653,129.0414374
17388,20,135,1139450,1739950,35.6458795,129.0403332
17389,19,135,1139350,1739950,35.6458936,129.039229
17390,18,135,1139250,1739950,35.6459077,129.0381248
17391,17,135,1139150,1739950,35.6459218,129.0370206
17392,16,135,1139050,1739950,35.6459359,129.0359163
17393,15,135,1138950,1739950,35.6459499,129.0348121
17394,14,135,1138850,1739950,35.645964,129.0337079
17395,13,135,1138750,1739950,35.6459781,129.0326037
17396,12,135,1138650,1739950,35.6459921,129.0314994
17397,11,135,1138550,1739950,35.6460062,129.0303952
17398,10,135,1138450,1739950,35.6460202,129.029291
17399,9,135,1138350,1739950,35.6460342,129.0281868
17400,8,135,1138250,1739950,35.6460482,129.0270825
17401,7,135,1138150,1739950,35.6460622,129.0259783
17402,6,135,1138050,1739950,35.6460762,129.0248741
17403,5,135,1137950,1739950,35.6460902,129.0237698
17404,4,135,1137850,1739950,35.6461042,129.0226656
17405,3,135,1137750,1739950,35.6461181,129.0215614
17406,2,135,1137650,1739950,35.6461321,129.0204571
17407,1,135,1137550,1739950,35.646146,129.0193529
17408,0,135,1137450,1739950,35.6461599,129.0182487
17409,0,136,1137450,1740050,35.6470613,129.0182657
17410,1,136,1137550,1740050,35.6470473,129.01937
17411,2,136,1137650,1740050,35.6470334,129.0204742
17412,3,136,1137750,1740050,35.6470194,129.0215785
17413,4,136,1137850,1740050,35.6470055,129.0226827
17414,5,136,1137950,1740050,35.6469915,129.0237869
17415,6,136,1138050,1740050,35.6469775,129.0248912
17416,7,136,1138150,1740050,35.6469635,129.0259954
17417,8,136,1138250,1740050,35.6469495,129.0270997
17418,9,136,1138350,1740050,35.6469355,129.0282039
17419,10,136,1138450,1740050,35.6469215,129.0293082
17420,11,136,1138550,1740050,35.6469075,129.0304124
17421,12,136,1138650,1740050,35.6468934,129.0315166
17422,13,136,1138750,1740050,35.6468794,129.0326209
17423,14,136,1138850,1740050,35.6468653,129.0337251
17424,15,136,1138950,1740050,35.6468513,129.0348294
17425,16,136,1139050,1740050,35.6468372,129.0359336
17426,17,136,1139150,1740050,35.6468231,129.0370378
17427,18,136,1139250,1740050,35.646809,129.0381421
17428,19,136,1139350,1740050,35.6467949,129.0392463
17429,20,136,1139450,1740050,35.6467808,129.0403505
17430,21,136,1139550,1740050,35.6467666,129.0414548
17431,22,136,1139650,1740050,35.6467525,129.042559
17432,23,136,1139750,1740050,35.6467384,129.0436632
17433,24,136,1139850,1740050,35.6467242,129.0447674
17434,25,136,1139950,1740050,35.64671,129.0458717
17435,26,136,1140050,1740050,35.6466958,129.0469759
17436,27,136,1140150,1740050,35.6466816,129.0480801
17437,28,136,1140250,1740050,35.6466674,129.0491844
17438,29,136,1140350,1740050,35.6466532,129.0502886
17439,30,136,1140450,1740050,35.646639,129.0513928
17440,31,136,1140550,1740050,35.6466248,129.052497
17441,32,136,1140650,1740050,35.6466105,129.0536013
17442,33,136,1140750,1740050,35.6465963,129.0547055
17443,34,136,1140850,1740050,35.646582,129.0558097
17444,35,136,1140950,1740050,35.6465678,129.0569139
17445,36,136,1141050,1740050,35.6465535,129.0580181
17446,37,136,1141150,1740050,35.6465392,129.0591224
17447,38,136,1141250,1740050,35.6465249,129.0602266
17448,39,136,1141350,1740050,35.6465106,129.0613308
17449,40,136,1141450,1740050,35.6464962,129.062435
17450,41,136,1141550,1740050,35.6464819,129.0635392
17451,42,136,1141650,1740050,35.6464676,129.0646435
17452,43,136,1141750,1740050,35.6464532,129.0657477
17453,44,136,1141850,1740050,35.6464389,129.0668519
17454,45,136,1141950,1740050,35.6464245,129.0679561
17455,46,136,1142050,1740050,35.6464101,129.0690603
17456,47,136,1142150,1740050,35.6463957,129.0701645
17457,48,136,1142250,1740050,35.6463813,129.0712687
17458,49,136,1142350,1740050,35.6463669,129.0723729
17459,50,136,1142450,1740050,35.6463525,129.0734772
17460,51,136,1142550,1740050,35.646338,129.0745814
17461,52,136,1142650,1740050,35.6463236,129.0756856
17462,53,136,1142750,1740050,35.6463091,129.0767898
17463,54,136,1142850,1740050,35.6462947,129.077894
17464,55,136,1142950,1740050,35.6462802,129.0789982
17465,56,136,1143050,1740050,35.6462657,129.0801024
17466,57,136,1143150,1740050,35.6462512,129.0812066
17467,58,136,1143250,1740050,35.6462367,129.0823108
17468,59,136,1143350,1740050,35.6462222,129.083415
17469,60,136,1143450,1740050,35.6462077,129.0845192
17470,61,136,1143550,1740050,35.6461931,129.0856234
17471,62,136,1143650,1740050,35.6461786,129.0867276
17472,63,136,1143750,1740050,35.646164,129.0878318
17473,64,136,1143850,1740050,35.6461495,129.088936
17474,65,136,1143950,1740050,35.6461349,129.0900402
17475,66,136,1144050,1740050,35.6461203,129.0911444
17476,67,136,1144150,1740050,35.6461057,129.0922486
17477,68,136,1144250,1740050,35.6460911,129.0933528
17478,69,136,1144350,1740050,35.6460765,129.094457
17479,70,136,1144450,1740050,35.6460619,129.0955612
17480,71,136,1144550,1740050,35.6460472,129.0966654
17481,72,136,1144650,1740050,35.6460326,129.0977696
17482,73,136,1144750,1740050,35.6460179,129.0988738
17483,74,136,1144850,1740050,35.6460033,129.0999779
17484,75,136,1144950,1740050,35.6459886,129.1010821
17485,76,136,1145050,1740050,35.6459739,129.1021863
17486,77,136,1145150,1740050,35.6459592,129.1032905
17487,78,136,1145250,1740050,35.6459445,129.1043947
17488,79,136,1145350,1740050,35.6459298,129.1054989
17489,80,136,1145450,1740050,35.6459151,129.1066031
17490,81,136,1145550,1740050,35.6459003,129.1077073
17491,82,136,1145650,1740050,35.6458856,129.1088114
17492,83,136,1145750,1740050,35.6458708,129.1099156
17493,84,136,1145850,1740050,35.645856,129.1110198
17494,85,136,1145950,1740050,35.6458413,129.112124
17495,86,136,1146050,1740050,35.6458265,129.1132282
17496,87,136,1146150,1740050,35.6458117,129.1143324
17497,88,136,1146250,1740050,35.6457969,129.1154365
17498,89,136,1146350,1740050,35.6457821,129.1165407
17499,90,136,1146450,1740050,35.6457672,129.1176449
17500,91,136,1146550,1740050,35.6457524,129.1187491
17501,92,136,1146650,1740050,35.6457375,129.1198532
17502,93,136,1146750,1740050,35.6457227,129.1209574
17503,94,136,1146850,1740050,35.6457078,129.1220616
17504,95,136,1146950,1740050,35.6456929,129.1231658
17505,96,136,1147050,1740050,35.645678,129.1242699
17506,97,136,1147150,1740050,35.6456631,129.1253741
17507,98,136,1147250,1740050,35.6456482,129.1264783
17508,99,136,1147350,1740050,35.6456333,129.1275825
17509,100,136,1147450,1740050,35.6456184,129.1286866
17510,101,136,1147550,1740050,35.6456034,129.1297908
17511,102,136,1147650,1740050,35.6455885,129.130895
17512,103,136,1147750,1740050,35.6455735,129.1319991
17513,104,136,1147850,1740050,35.6455586,129.1331033
17514,105,136,1147950,1740050,35.6455436,129.1342075
17515,106,136,1148050,1740050,35.6455286,129.1353116
17516,107,136,1148150,1740050,35.6455136,129.1364158
17517,108,136,1148250,1740050,35.6454986,129.1375199
17518,109,136,1148350,1740050,35.6454836,129.1386241
17519,110,136,1148450,1740050,35.6454685,129.1397283
17520,111,136,1148550,1740050,35.6454535,129.1408324
17521,112,136,1148650,1740050,35.6454384,129.1419366
17522,113,136,1148750,1740050,35.6454234,129.1430408
17523,114,136,1148850,1740050,35.6454083,129.1441449
17524,115,136,1148950,1740050,35.6453932,129.1452491
17525,116,136,1149050,1740050,35.6453781,129.1463532
17526,117,136,1149150,1740050,35.645363,129.1474574
17527,118,136,1149250,1740050,35.6453479,129.1485615
17528,119,136,1149350,1740050,35.6453328,129.1496657
17529,120,136,1149450,1740050,35.6453177,129.1507698
17530,121,136,1149550,1740050,35.6453025,129.151874
17531,122,136,1149650,1740050,35.6452874,129.1529781
17532,123,136,1149750,1740050,35.6452722,129.1540823
17533,124,136,1149850,1740050,35.645257,129.1551864
17534,125,136,1149950,1740050,35.6452419,129.1562906
17535,126,136,1150050,1740050,35.6452267,129.1573947
17536,127,136,1150150,1740050,35.6452115,129.1584989
17537,127,137,1150150,1740150,35.6461127,129.1585175
17538,126,137,1150050,1740150,35.6461279,129.1574134
17539,125,137,1149950,1740150,35.6461431,129.1563092
17540,124,137,1149850,1740150,35.6461583,129.155205
17541,123,137,1149750,1740150,35.6461735,129.1541009
17542,122,137,1149650,1740150,35.6461887,129.1529967
17543,121,137,1149550,1740150,35.6462038,129.1518926
17544,120,137,1149450,1740150,35.6462189,129.1507884
17545,119,137,1149350,1740150,35.6462341,129.1496842
17546,118,137,1149250,1740150,35.6462492,129.1485801
17547,117,137,1149150,1740150,35.6462643,129.1474759
17548,116,137,1149050,1740150,35.6462794,129.1463717
17549,115,137,1148950,1740150,35.6462945,129.1452676
17550,114,137,1148850,1740150,35.6463096,129.1441634
17551,113,137,1148750,1740150,35.6463247,129.1430592
17552,112,137,1148650,1740150,35.6463397,129.141955
17553,111,137,1148550,1740150,35.6463548,129.1408509
17554,110,137,1148450,1740150,35.6463698,129.1397467
17555,109,137,1148350,1740150,35.6463848,129.1386425
17556,108,137,1148250,1740150,35.6463999,129.1375383
17557,107,137,1148150,1740150,35.6464149,129.1364342
17558,106,137,1148050,1740150,35.6464299,129.13533
17559,105,137,1147950,1740150,35.6464449,129.1342258
17560,104,137,1147850,1740150,35.6464598,129.1331216
17561,103,137,1147750,1740150,35.6464748,129.1320175
17562,102,137,1147650,1740150,35.6464898,129.1309133
17563,101,137,1147550,1740150,35.6465047,129.1298091
17564,100,137,1147450,1740150,35.6465197,129.1287049
17565,99,137,1147350,1740150,35.6465346,129.1276007
17566,98,137,1147250,1740150,35.6465495,129.1264966
17567,97,137,1147150,1740150,35.6465644,129.1253924
17568,96,137,1147050,1740150,35.6465793,129.1242882
17569,95,137,1146950,1740150,35.6465942,129.123184
17570,94,137,1146850,1740150,35.6466091,129.1220798
17571,93,137,1146750,1740150,35.646624,129.1209756
17572,92,137,1146650,1740150,35.6466388,129.1198714
17573,91,137,1146550,1740150,35.6466537,129.1187672
17574,90,137,1146450,1740150,35.6466685,129.1176631
17575,89,137,1146350,1740150,35.6466833,129.1165589
17576,88,137,1146250,1740150,35.6466982,129.1154547
17577,87,137,1146150,1740150,35.646713,129.1143505
17578,86,137,1146050,1740150,35.6467278,129.1132463
17579,85,137,1145950,1740150,35.6467426,129.1121421
17580,84,137,1145850,1740150,35.6467573,129.1110379
17581,83,137,1145750,1740150,35.6467721,129.1099337
17582,82,137,1145650,1740150,35.6467869,129.1088295
17583,81,137,1145550,1740150,35.6468016,129.1077253
17584,80,137,1145450,1740150,35.6468163,129.1066211
17585,79,137,1145350,1740150,35.6468311,129.1055169
17586,78,137,1145250,1740150,35.6468458,129.1044127
17587,77,137,1145150,1740150,35.6468605,129.1033085
17588,76,137,1145050,1740150,35.6468752,129.1022043
17589,75,137,1144950,1740150,35.6468899,129.1011001
17590,74,137,1144850,1740150,35.6469046,129.0999959
17591,73,137,1144750,1740150,35.6469192,129.0988917
17592,72,137,1144650,1740150,35.6469339,129.0977875
17593,71,137,1144550,1740150,35.6469485,129.0966833
17594,70,137,1144450,1740150,35.6469632,129.0955791
17595,69,137,1144350,1740150,35.6469778,129.0944749
17596,68,137,1144250,1740150,35.6469924,129.0933707
17597,67,137,1144150,1740150,35.647007,129.0922665
17598,66,137,1144050,1740150,35.6470216,129.0911623
17599,65,137,1143950,1740150,35.6470362,129.0900581
17600,64,137,1143850,1740150,35.6470508,129.0889539
17601,63,137,1143750,1740150,35.6470653,129.0878496
17602,62,137,1143650,1740150,35.6470799,129.0867454
17603,61,137,1143550,1740150,35.6470944,129.0856412
17604,60,137,1143450,1740150,35.647109,129.084537
17605,59,137,1143350,1740150,35.6471235,129.0834328
17606,58,137,1143250,1740150,35.647138,129.0823286
17607,57,137,1143150,1740150,35.6471525,129.0812244
17608,56,137,1143050,1740150,35.647167,129.0801201
17609,55,137,1142950,1740150,35.6471815,129.0790159
17610,54,137,1142850,1740150,35.647196,129.0779117
17611,53,137,1142750,1740150,35.6472104,129.0768075
17612,52,137,1142650,1740150,35.6472249,129.0757033
17613,51,137,1142550,1740150,35.6472393,129.074599
17614,50,137,1142450,1740150,35.6472538,129.0734948
17615,49,137,1142350,1740150,35.6472682,129.0723906
17616,48,137,1142250,1740150,35.6472826,129.0712864
17617,47,137,1142150,1740150,35.647297,129.0701822
17618,46,137,1142050,1740150,35.6473114,129.0690779
17619,45,137,1141950,1740150,35.6473258,129.0679737
17620,44,137,1141850,1740150,35.6473402,129.0668695
17621,43,137,1141750,1740150,35.6473545,129.0657653
17622,42,137,1141650,1740150,35.6473689,129.064661
17623,41,137,1141550,1740150,35.6473832,129.0635568
17624,40,137,1141450,1740150,35.6473976,129.0624526
17625,39,137,1141350,1740150,35.6474119,129.0613483
17626,38,137,1141250,1740150,35.6474262,129.0602441
17627,37,137,1141150,1740150,35.6474405,129.0591399
17628,36,137,1141050,1740150,35.6474548,129.0580356
17629,35,137,1140950,1740150,35.6474691,129.0569314
17630,34,137,1140850,1740150,35.6474833,129.0558272
17631,33,137,1140750,1740150,35.6474976,129.0547229
17632,32,137,1140650,1740150,35.6475119,129.0536187
17633,31,137,1140550,1740150,35.6475261,129.0525145
17634,30,137,1140450,1740150,35.6475403,129.0514102
17635,29,137,1140350,1740150,35.6475546,129.050306
17636,28,137,1140250,1740150,35.6475688,129.0492018
17637,27,137,1140150,1740150,35.647583,129.0480975
17638,26,137,1140050,1740150,35.6475972,129.0469933
17639,25,137,1139950,1740150,35.6476113,129.045889
17640,24,137,1139850,1740150,35.6476255,129.0447848
17641,23,137,1139750,1740150,35.6476397,129.0436806
17642,22,137,1139650,1740150,35.6476538,129.0425763
17643,21,137,1139550,1740150,35.647668,129.0414721
17644,20,137,1139450,1740150,35.6476821,129.0403678
17645,19,137,1139350,1740150,35.6476962,129.0392636
17646,18,137,1139250,1740150,35.6477103,129.0381593
17647,17,137,1139150,1740150,35.6477244,129.0370551
17648,16,137,1139050,1740150,35.6477385,129.0359508
17649,15,137,1138950,1740150,35.6477526,129.0348466
17650,14,137,1138850,1740150,35.6477667,129.0337423
17651,13,137,1138750,1740150,35.6477807,129.0326381
17652,12,137,1138650,1740150,35.6477948,129.0315338
17653,11,137,1138550,1740150,35.6478088,129.0304296
17654,10,137,1138450,1740150,35.6478228,129.0293253
17655,9,137,1138350,1740150,35.6478369,129.0282211
17656,8,137,1138250,1740150,35.6478509,129.0271168
17657,7,137,1138150,1740150,35.6478649,129.0260126
17658,6,137,1138050,1740150,35.6478789,129.0249083
17659,5,137,1137950,1740150,35.6478928,129.0238041
17660,4,137,1137850,1740150,35.6479068,129.0226998
17661,3,137,1137750,1740150,35.6479208,129.0215956
17662,2,137,1137650,1740150,35.6479347,129.0204913
17663,1,137,1137550,1740150,35.6479487,129.019387
17664,0,137,1137450,1740150,35.6479626,129.0182828
17665,0,138,1137450,1740250,35.6488639,129.0182998
17666,1,138,1137550,1740250,35.64885,129.0194041
17667,2,138,1137650,1740250,35.648836,129.0205084
17668,3,138,1137750,1740250,35.6488221,129.0216126
17669,4,138,1137850,1740250,35.6488081,129.0227169
17670,5,138,1137950,1740250,35.6487942,129.0238212
17671,6,138,1138050,1740250,35.6487802,129.0249255
17672,7,138,1138150,1740250,35.6487662,129.0260297
17673,8,138,1138250,1740250,35.6487522,129.027134
17674,9,138,1138350,1740250,35.6487382,129.0282383
17675,10,138,1138450,1740250,35.6487242,129.0293425
17676,11,138,1138550,1740250,35.6487101,129.0304468
17677,12,138,1138650,1740250,35.6486961,129.0315511
17678,13,138,1138750,1740250,35.648682,129.0326553
17679,14,138,1138850,1740250,35.648668,129.0337596
17680,15,138,1138950,1740250,35.6486539,129.0348638
17681,16,138,1139050,1740250,35.6486398,129.0359681
17682,17,138,1139150,1740250,35.6486257,129.0370724
17683,18,138,1139250,1740250,35.6486116,129.0381766
17684,19,138,1139350,1740250,35.6485975,129.0392809
17685,20,138,1139450,1740250,35.6485834,129.0403851
17686,21,138,1139550,1740250,35.6485693,129.0414894
17687,22,138,1139650,1740250,35.6485551,129.0425936
17688,23,138,1139750,1740250,35.648541,129.0436979
17689,24,138,1139850,1740250,35.6485268,129.0448022
17690,25,138,1139950,1740250,35.6485127,129.0459064
17691,26,138,1140050,1740250,35.6484985,129.0470107
17692,27,138,1140150,1740250,35.6484843,129.0481149
17693,28,138,1140250,1740250,35.6484701,129.0492192
17694,29,138,1140350,1740250,35.6484559,129.0503234
17695,30,138,1140450,1740250,35.6484416,129.0514277
17696,31,138,1140550,1740250,35.6484274,129.0525319
17697,32,138,1140650,1740250,35.6484132,129.0536362
17698,33,138,1140750,1740250,35.6483989,129.0547404
17699,34,138,1140850,1740250,35.6483847,129.0558447
17700,35,138,1140950,1740250,35.6483704,129.0569489
17701,36,138,1141050,1740250,35.6483561,129.0580532
17702,37,138,1141150,1740250,35.6483418,129.0591574
17703,38,138,1141250,1740250,35.6483275,129.0602616
17704,39,138,1141350,1740250,35.6483132,129.0613659
17705,40,138,1141450,1740250,35.6482989,129.0624701
17706,41,138,1141550,1740250,35.6482845,129.0635744
17707,42,138,1141650,1740250,35.6482702,129.0646786
17708,43,138,1141750,1740250,35.6482558,129.0657828
17709,44,138,1141850,1740250,35.6482415,129.0668871
17710,45,138,1141950,1740250,35.6482271,129.0679913
17711,46,138,1142050,1740250,35.6482127,129.0690956
17712,47,138,1142150,1740250,35.6481983,129.0701998
17713,48,138,1142250,1740250,35.6481839,129.071304
17714,49,138,1142350,1740250,35.6481695,129.0724083
17715,50,138,1142450,1740250,35.6481551,129.0735125
17716,51,138,1142550,1740250,35.6481406,129.0746167
17717,52,138,1142650,1740250,35.6481262,129.075721
17718,53,138,1142750,1740250,35.6481117,129.0768252
17719,54,138,1142850,1740250,35.6480973,129.0779294
17720,55,138,1142950,1740250,35.6480828,129.0790337
17721,56,138,1143050,1740250,35.6480683,129.0801379
17722,57,138,1143150,1740250,35.6480538,129.0812421
17723,58,138,1143250,1740250,35.6480393,129.0823464
17724,59,138,1143350,1740250,35.6480248,129.0834506
17725,60,138,1143450,1740250,35.6480103,129.0845548
17726,61,138,1143550,1740250,35.6479957,129.085659
17727,62,138,1143650,1740250,35.6479812,129.0867633
17728,63,138,1143750,1740250,35.6479666,129.0878675
17729,64,138,1143850,1740250,35.6479521,129.0889717
17730,65,138,1143950,1740250,35.6479375,129.0900759
17731,66,138,1144050,1740250,35.6479229,129.0911802
17732,67,138,1144150,1740250,35.6479083,129.0922844
17733,68,138,1144250,1740250,35.6478937,129.0933886
17734,69,138,1144350,1740250,35.6478791,129.0944928
17735,70,138,1144450,1740250,35.6478645,129.095597
17736,71,138,1144550,1740250,35.6478498,129.0967012
17737,72,138,1144650,1740250,35.6478352,129.0978055
17738,73,138,1144750,1740250,35.6478205,129.0989097
17739,74,138,1144850,1740250,35.6478059,129.1000139
17740,75,138,1144950,1740250,35.6477912,129.1011181
17741,76,138,1145050,1740250,35.6477765,129.1022223
17742,77,138,1145150,1740250,35.6477618,129.1033265
17743,78,138,1145250,1740250,35.6477471,129.1044307
17744,79,138,1145350,1740250,35.6477324,129.105535
17745,80,138,1145450,1740250,35.6477176,129.1066392
17746,81,138,1145550,1740250,35.6477029,129.1077434
17747,82,138,1145650,1740250,35.6476882,129.1088476
17748,83,138,1145750,1740250,35.6476734,129.1099518
17749,84,138,1145850,1740250,35.6476586,129.111056
17750,85,138,1145950,1740250,35.6476438,129.1121602
17751,86,138,1146050,1740250,35.6476291,129.1132644
17752,87,138,1146150,1740250,35.6476143,129.1143686
17753,88,138,1146250,1740250,35.6475994,129.1154728
17754,89,138,1146350,1740250,35.6475846,129.116577
17755,90,138,1146450,1740250,35.6475698,129.1176812
17756,91,138,1146550,1740250,35.647555,129.1187854
17757,92,138,1146650,1740250,35.6475401,129.1198896
17758,93,138,1146750,1740250,35.6475253,129.1209938
17759,94,138,1146850,1740250,35.6475104,129.122098
17760,95,138,1146950,1740250,35.6474955,129.1232022
17761,96,138,1147050,1740250,35.6474806,129.1243064
17762,97,138,1147150,1740250,35.6474657,129.1254106
17763,98,138,1147250,1740250,35.6474508,129.1265148
17764,99,138,1147350,1740250,35.6474359,129.127619
17765,100,138,1147450,1740250,35.647421,129.1287232
17766,101,138,1147550,1740250,35.647406,129.1298274
17767,102,138,1147650,1740250,35.6473911,129.1309316
17768,103,138,1147750,1740250,35.6473761,129.1320358
17769,104,138,1147850,1740250,35.6473611,129.13314
17770,105,138,1147950,1740250,35.6473461,129.1342442
17771,106,138,1148050,1740250,35.6473312,129.1353484
17772,107,138,1148150,1740250,35.6473162,129.1364526
17773,108,138,1148250,1740250,35.6473011,129.1375567
17774,109,138,1148350,1740250,35.6472861,129.1386609
17775,110,138,1148450,1740250,35.6472711,129.1397651
17776,111,138,1148550,1740250,35.647256,129.1408693
17777,112,138,1148650,1740250,35.647241,129.1419735
17778,113,138,1148750,1740250,35.6472259,129.1430777
17779,114,138,1148850,1740250,35.6472109,129.1441819
17780,115,138,1148950,1740250,35.6471958,129.145286
17781,116,138,1149050,1740250,35.6471807,129.1463902
17782,117,138,1149150,1740250,35.6471656,129.1474944
17783,118,138,1149250,1740250,35.6471505,129.1485986
17784,119,138,1149350,1740250,35.6471354,129.1497028
17785,120,138,1149450,1740250,35.6471202,129.1508069
17786,121,138,1149550,1740250,35.6471051,129.1519111
17787,122,138,1149650,1740250,35.6470899,129.1530153
17788,123,138,1149750,1740250,35.6470748,129.1541195
17789,124,138,1149850,1740250,35.6470596,129.1552236
17790,125,138,1149950,1740250,35.6470444,129.1563278
17791,126,138,1150050,1740250,35.6470292,129.157432
17792,127,138,1150150,1740250,35.647014,129.1585362
17793,127,139,1150150,1740350,35.6479153,129.1585548
17794,126,139,1150050,1740350,35.6479305,129.1574506
17795,125,139,1149950,1740350,35.6479457,129.1563464
17796,124,139,1149850,1740350,35.6479609,129.1552422
17797,123,139,1149750,1740350,35.647976,129.154138
17798,122,139,1149650,1740350,35.6479912,129.1530339
17799,121,139,1149550,1740350,35.6480063,129.1519297
17800,120,139,1149450,1740350,35.6480215,129.1508255
17801,119,139,1149350,1740350,35.6480366,129.1497213
17802,118,139,1149250,1740350,35.6480517,129.1486171
17803,117,139,1149150,1740350,35.6480669,129.1475129
17804,116,139,1149050,1740350,35.648082,129.1464087
17805,115,139,1148950,1740350,35.6480971,129.1453045
17806,114,139,1148850,1740350,35.6481121,129.1442003
17807,113,139,1148750,1740350,35.6481272,129.1430961
17808,112,139,1148650,1740350,35.6481423,129.1419919
17809,111,139,1148550,1740350,35.6481573,129.1408877
17810,110,139,1148450,1740350,35.6481724,129.1397835
17811,109,139,1148350,1740350,35.6481874,129.1386793
17812,108,139,1148250,1740350,35.6482024,129.1375751
17813,107,139,1148150,1740350,35.6482174,129.1364709
17814,106,139,1148050,1740350,35.6482324,129.1353667
17815,105,139,1147950,1740350,35.6482474,129.1342625
17816,104,139,1147850,1740350,35.6482624,129.1331583
17817,103,139,1147750,1740350,35.6482774,129.1320541
17818,102,139,1147650,1740350,35.6482923,129.1309499
17819,101,139,1147550,1740350,35.6483073,129.1298457
17820,100,139,1147450,1740350,35.6483222,129.1287415
17821,99,139,1147350,1740350,35.6483372,129.1276373
17822,98,139,1147250,1740350,35.6483521,129.1265331
17823,97,139,1147150,1740350,35.648367,129.1254289
17824,96,139,1147050,1740350,35.6483819,129.1243247
17825,95,139,1146950,1740350,35.6483968,129.1232205
17826,94,139,1146850,1740350,35.6484117,129.1221163
17827,93,139,1146750,1740350,35.6484265,129.121012
17828,92,139,1146650,1740350,35.6484414,129.1199078
17829,91,139,1146550,1740350,35.6484562,129.1188036
17830,90,139,1146450,1740350,35.6484711,129.1176994
17831,89,139,1146350,1740350,35.6484859,129.1165952
17832,88,139,1146250,1740350,35.6485007,129.115491
17833,87,139,1146150,1740350,35.6485155,129.1143868
17834,86,139,1146050,1740350,35.6485303,129.1132825
17835,85,139,1145950,1740350,35.6485451,129.1121783
17836,84,139,1145850,1740350,35.6485599,129.1110741
17837,83,139,1145750,1740350,35.6485747,129.1099699
17838,82,139,1145650,1740350,35.6485894,129.1088657
17839,81,139,1145550,1740350,35.6486042,129.1077614
17840,80,139,1145450,1740350,35.6486189,129.1066572
17841,79,139,1145350,1740350,35.6486337,129.105553
17842,78,139,1145250,1740350,35.6486484,129.1044488
17843,77,139,1145150,1740350,35.6486631,129.1033446
17844,76,139,1145050,1740350,35.6486778,129.1022403
17845,75,139,1144950,1740350,35.6486925,129.1011361
17846,74,139,1144850,1740350,35.6487071,129.1000319
17847,73,139,1144750,1740350,35.6487218,129.0989276
17848,72,139,1144650,1740350,35.6487365,129.0978234
17849,71,139,1144550,1740350,35.6487511,129.0967192
17850,70,139,1144450,1740350,35.6487658,129.095615
17851,69,139,1144350,1740350,35.6487804,129.0945107
17852,68,139,1144250,1740350,35.648795,129.0934065
17853,67,139,1144150,1740350,35.6488096,129.0923023
17854,66,139,1144050,1740350,35.6488242,129.091198
17855,65,139,1143950,1740350,35.6488388,129.0900938
17856,64,139,1143850,1740350,35.6488534,129.0889896
17857,63,139,1143750,1740350,35.6488679,129.0878853
17858,62,139,1143650,1740350,35.6488825,129.0867811
17859,61,139,1143550,1740350,35.648897,129.0856768
17860,60,139,1143450,1740350,35.6489116,129.0845726
17861,59,139,1143350,1740350,35.6489261,129.0834684
17862,58,139,1143250,1740350,35.6489406,129.0823641
17863,57,139,1143150,1740350,35.6489551,129.0812599
17864,56,139,1143050,1740350,35.6489696,129.0801556
17865,55,139,1142950,1740350,35.6489841,129.0790514
17866,54,139,1142850,1740350,35.6489986,129.0779472
17867,53,139,1142750,1740350,35.649013,129.0768429
17868,52,139,1142650,1740350,35.6490275,129.0757387
17869,51,139,1142550,1740350,35.6490419,129.0746344
17870,50,139,1142450,1740350,35.6490564,129.0735302
17871,49,139,1142350,1740350,35.6490708,129.0724259
17872,48,139,1142250,1740350,35.6490852,129.0713217
17873,47,139,1142150,1740350,35.6490996,129.0702174
17874,46,139,1142050,1740350,35.649114,129.0691132
17875,45,139,1141950,1740350,35.6491284,129.0680089
17876,44,139,1141850,1740350,35.6491428,129.0669047
17877,43,139,1141750,1740350,35.6491571,129.0658004
17878,42,139,1141650,1740350,35.6491715,129.0646962
17879,41,139,1141550,1740350,35.6491858,129.0635919
17880,40,139,1141450,1740350,35.6492002,129.0624877
17881,39,139,1141350,1740350,35.6492145,129.0613834
17882,38,139,1141250,1740350,35.6492288,129.0602792
17883,37,139,1141150,1740350,35.6492431,129.0591749
17884,36,139,1141050,1740350,35.6492574,129.0580707
17885,35,139,1140950,1740350,35.6492717,129.0569664
17886,34,139,1140850,1740350,35.649286,129.0558621
17887,33,139,1140750,1740350,35.6493002,129.0547579
17888,32,139,1140650,1740350,35.6493145,129.0536536
17889,31,139,1140550,1740350,35.6493287,129.0525494
17890,30,139,1140450,1740350,35.649343,129.0514451
17891,29,139,1140350,1740350,35.6493572,129.0503408
17892,28,139,1140250,1740350,35.6493714,129.0492366
17893,27,139,1140150,1740350,35.6493856,129.0481323
17894,26,139,1140050,1740350,35.6493998,129.047028
17895,25,139,1139950,1740350,35.649414,129.0459238
17896,24,139,1139850,1740350,35.6494281,129.0448195
17897,23,139,1139750,1740350,35.6494423,129.0437152
17898,22,139,1139650,1740350,35.6494565,129.042611
17899,21,139,1139550,1740350,35.6494706,129.0415067
17900,20,139,1139450,1740350,35.6494847,129.0404024
17901,19,139,1139350,1740350,35.6494989,129.0392982
17902,18,139,1139250,1740350,35.649513,129.0381939
17903,17,139,1139150,1740350,35.6495271,129.0370896
17904,16,139,1139050,1740350,35.6495412,129.0359854
17905,15,139,1138950,1740350,35.6495552,129.0348811
17906,14,139,1138850,1740350,35.6495693,129.0337768
17907,13,139,1138750,1740350,35.6495834,129.0326725
17908,12,139,1138650,1740350,35.6495974,129.0315683
17909,11,139,1138550,1740350,35.6496115,129.030464
17910,10,139,1138450,1740350,35.6496255,129.0293597
17911,9,139,1138350,1740350,35.6496395,129.0282554
17912,8,139,1138250,1740350,35.6496535,129.0271511
17913,7,139,1138150,1740350,35.6496675,129.0260469
17914,6,139,1138050,1740350,35.6496815,129.0249426
17915,5,139,1137950,1740350,35.6496955,129.0238383
17916,4,139,1137850,1740350,35.6497095,129.022734
17917,3,139,1137750,1740350,35.6497234,129.0216297
17918,2,139,1137650,1740350,35.6497374,129.0205255
17919,1,139,1137550,1740350,35.6497513,129.0194212
17920,0,139,1137450,1740350,35.6497652,129.0183169
17921,0,140,1137450,1740450,35.6506666,129.018334
17922,1,140,1137550,1740450,35.6506526,129.0194383
17923,2,140,1137650,1740450,35.6506387,129.0205425
17924,3,140,1137750,1740450,35.6506247,129.0216468
17925,4,140,1137850,1740450,35.6506108,129.0227511
17926,5,140,1137950,1740450,35.6505968,129.0238554
17927,6,140,1138050,1740450,35.6505828,129.0249597
17928,7,140,1138150,1740450,35.6505688,129.026064
17929,8,140,1138250,1740450,35.6505548,129.0271683
17930,9,140,1138350,1740450,35.6505408,129.0282726
17931,10,140,1138450,1740450,35.6505268,129.0293769
17932,11,140,1138550,1740450,35.6505128,129.0304812
17933,12,140,1138650,1740450,35.6504987,129.0315855
17934,13,140,1138750,1740450,35.6504847,129.0326898
17935,14,140,1138850,1740450,35.6504706,129.033794
17936,15,140,1138950,1740450,35.6504566,129.0348983
17937,16,140,1139050,1740450,35.6504425,129.0360026
17938,17,140,1139150,1740450,35.6504284,129.0371069
17939,18,140,1139250,1740450,35.6504143,129.0382112
17940,19,140,1139350,1740450,35.6504002,129.0393155
17941,20,140,1139450,1740450,35.6503861,129.0404197
17942,21,140,1139550,1740450,35.6503719,129.041524
17943,22,140,1139650,1740450,35.6503578,129.0426283
17944,23,140,1139750,1740450,35.6503436,129.0437326
17945,24,140,1139850,1740450,35.6503295,129.0448369
17946,25,140,1139950,1740450,35.6503153,129.0459412
17947,26,140,1140050,1740450,35.6503011,129.0470454
17948,27,140,1140150,1740450,35.6502869,129.0481497
17949,28,140,1140250,1740450,35.6502727,129.049254
17950,29,140,1140350,1740450,35.6502585,129.0503583
17951,30,140,1140450,1740450,35.6502443,129.0514625
17952,31,140,1140550,1740450,35.65023,129.0525668
17953,32,140,1140650,1740450,35.6502158,129.0536711
17954,33,140,1140750,1740450,35.6502015,129.0547754
17955,34,140,1140850,1740450,35.6501873,129.0558796
17956,35,140,1140950,1740450,35.650173,129.0569839
17957,36,140,1141050,1740450,35.6501587,129.0580882
17958,37,140,1141150,1740450,35.6501444,129.0591924
17959,38,140,1141250,1740450,35.6501301,129.0602967
17960,39,140,1141350,1740450,35.6501158,129.061401
17961,40,140,1141450,1740450,35.6501015,129.0625052
17962,41,140,1141550,1740450,35.6500872,129.0636095
17963,42,140,1141650,1740450,35.6500728,129.0647138
17964,43,140,1141750,1740450,35.6500585,129.065818
17965,44,140,1141850,1740450,35.6500441,129.0669223
17966,45,140,1141950,1740450,35.6500297,129.0680266
17967,46,140,1142050,1740450,35.6500153,129.0691308
17968,47,140,1142150,1740450,35.6500009,129.0702351
17969,48,140,1142250,1740450,35.6499865,129.0713393
17970,49,140,1142350,1740450,35.6499721,129.0724436
17971,50,140,1142450,1740450,35.6499577,129.0735479
17972,51,140,1142550,1740450,35.6499433,129.0746521
17973,52,140,1142650,1740450,35.6499288,129.0757564
17974,53,140,1142750,1740450,35.6499144,129.0768606
17975,54,140,1142850,1740450,35.6498999,129.0779649
17976,55,140,1142950,1740450,35.6498854,129.0790691
17977,56,140,1143050,1740450,35.6498709,129.0801734
17978,57,140,1143150,1740450,35.6498564,129.0812777
17979,58,140,1143250,1740450,35.6498419,129.0823819
17980,59,140,1143350,1740450,35.6498274,129.0834862
17981,60,140,1143450,1740450,35.6498129,129.0845904
17982,61,140,1143550,1740450,35.6497983,129.0856947
17983,62,140,1143650,1740450,35.6497838,129.0867989
17984,63,140,1143750,1740450,35.6497692,129.0879032
17985,64,140,1143850,1740450,35.6497547,129.0890074
17986,65,140,1143950,1740450,35.6497401,129.0901117
17987,66,140,1144050,1740450,35.6497255,129.0912159
17988,67,140,1144150,1740450,35.6497109,129.0923202
17989,68,140,1144250,1740450,35.6496963,129.0934244
17990,69,140,1144350,1740450,35.6496817,129.0945286
17991,70,140,1144450,1740450,35.6496671,129.0956329
17992,71,140,1144550,1740450,35.6496524,129.0967371
17993,72,140,1144650,1740450,35.6496378,129.0978414
17994,73,140,1144750,1740450,35.6496231,129.0989456
17995,74,140,1144850,1740450,35.6496084,129.1000498
17996,75,140,1144950,1740450,35.6495938,129.1011541
17997,76,140,1145050,1740450,35.6495791,129.1022583
17998,77,140,1145150,1740450,35.6495644,129.1033626
17999,78,140,1145250,1740450,35.6495497,129.1044668
18000,79,140,1145350,1740450,35.6495349,129.105571
18001,80,140,1145450,1740450,35.6495202,129.1066753
18002,81,140,1145550,1740450,35.6495055,129.1077795
18003,82,140,1145650,1740450,35.6494907,129.1088837
18004,83,140,1145750,1740450,35.649476,129.109988
18005,84,140,1145850,1740450,35.6494612,129.1110922
18006,85,140,1145950,1740450,35.6494464,129.1121964
18007,86,140,1146050,1740450,35.6494316,129.1133007
18008,87,140,1146150,1740450,35.6494168,129.1144049
18009,88,140,1146250,1740450,35.649402,129.1155091
18010,89,140,1146350,1740450,35.6493872,129.1166134
18011,90,140,1146450,1740450,35.6493724,129.1177176
18012,91,140,1146550,1740450,35.6493575,129.1188218
18013,92,140,1146650,1740450,35.6493427,129.119926
18014,93,140,1146750,1740450,35.6493278,129.1210303
18015,94,140,1146850,1740450,35.649313,129.1221345
18016,95,140,1146950,1740450,35.6492981,129.1232387
18017,96,140,1147050,1740450,35.6492832,129.1243429
18018,97,140,1147150,1740450,35.6492683,129.1254472
18019,98,140,1147250,1740450,35.6492534,129.1265514
18020,99,140,1147350,1740450,35.6492384,129.1276556
18021,100,140,1147450,1740450,35.6492235,129.1287598
18022,101,140,1147550,1740450,35.6492086,129.129864
18023,102,140,1147650,1740450,35.6491936,129.1309682
18024,103,140,1147750,1740450,35.6491787,129.1320725
18025,104,140,1147850,1740450,35.6491637,129.1331767
18026,105,140,1147950,1740450,35.6491487,129.1342809
18027,106,140,1148050,1740450,35.6491337,129.1353851
18028,107,140,1148150,1740450,35.6491187,129.1364893
18029,108,140,1148250,1740450,35.6491037,129.1375935
18030,109,140,1148350,1740450,35.6490887,129.1386978
18031,110,140,1148450,1740450,35.6490736,129.139802
18032,111,140,1148550,1740450,35.6490586,129.1409062
18033,112,140,1148650,1740450,35.6490435,129.1420104
18034,113,140,1148750,1740450,35.6490285,129.1431146
18035,114,140,1148850,1740450,35.6490134,129.1442188
18036,115,140,1148950,1740450,35.6489983,129.145323
18037,116,140,1149050,1740450,35.6489832,129.1464272
18038,117,140,1149150,1740450,35.6489681,129.1475314
18039,118,140,1149250,1740450,35.648953,129.1486356
18040,119,140,1149350,1740450,35.6489379,129.1497398
18041,120,140,1149450,1740450,35.6489228,129.150844
18042,121,140,1149550,1740450,35.6489076,129.1519482
18043,122,140,1149650,1740450,35.6488925,129.1530524
18044,123,140,1149750,1740450,35.6488773,129.1541566
18045,124,140,1149850,1740450,35.6488621,129.1552608
18046,125,140,1149950,1740450,35.6488469,129.156365
18047,126,140,1150050,1740450,35.6488317,129.1574692
18048,127,140,1150150,1740450,35.6488165,129.1585734
18049,127,141,1150150,1740550,35.6497178,129.1585921
18050,126,141,1150050,1740550,35.649733,129.1574879
18051,125,141,1149950,1740550,35.6497482,129.1563836
18052,124,141,1149850,1740550,35.6497634,129.1552794
18053,123,141,1149750,1740550,35.6497786,129.1541752
18054,122,141,1149650,1740550,35.6497937,129.153071
18055,121,141,1149550,1740550,35.6498089,129.1519668
18056,120,141,1149450,1740550,35.649824,129.1508626
18057,119,141,1149350,1740550,35.6498392,129.1497584
18058,118,141,1149250,1740550,35.6498543,129.1486541
18059,117,141,1149150,1740550,35.6498694,129.1475499
18060,116,141,1149050,1740550,35.6498845,129.1464457
18061,115,141,1148950,1740550,35.6498996,129.1453415
18062,114,141,1148850,1740550,35.6499147,129.1442373
18063,113,141,1148750,1740550,35.6499298,129.1431331
18064,112,141,1148650,1740550,35.6499448,129.1420288
18065,111,141,1148550,1740550,35.6499599,129.1409246
18066,110,141,1148450,1740550,35.6499749,129.1398204
18067,109,141,1148350,1740550,35.64999,129.1387162
18068,108,141,1148250,1740550,35.650005,129.1376119
18069,107,141,1148150,1740550,35.65002,129.1365077
18070,106,141,1148050,1740550,35.650035,129.1354035
18071,105,141,1147950,1740550,35.65005,129.1342993
18072,104,141,1147850,1740550,35.650065,129.133195
18073,103,141,1147750,1740550,35.6500799,129.1320908
18074,102,141,1147650,1740550,35.6500949,129.1309866
18075,101,141,1147550,1740550,35.6501099,129.1298823
18076,100,141,1147450,1740550,35.6501248,129.1287781
18077,99,141,1147350,1740550,35.6501397,129.1276739
18078,98,141,1147250,1740550,35.6501547,129.1265696
18079,97,141,1147150,1740550,35.6501696,129.1254654
18080,96,141,1147050,1740550,35.6501845,129.1243612
18081,95,141,1146950,1740550,35.6501994,129.1232569
18082,94,141,1146850,1740550,35.6502142,129.1221527
18083,93,141,1146750,1740550,35.6502291,129.1210485
18084,92,141,1146650,1740550,35.650244,129.1199442
18085,91,141,1146550,1740550,35.6502588,129.11884
18086,90,141,1146450,1740550,35.6502737,129.1177358
18087,89,141,1146350,1740550,35.6502885,129.1166315
18088,88,141,1146250,1740550,35.6503033,129.1155273
18089,87,141,1146150,1740550,35.6503181,129.114423
18090,86,141,1146050,1740550,35.6503329,129.1133188
18091,85,141,1145950,1740550,35.6503477,129.1122146
18092,84,141,1145850,1740550,35.6503625,129.1111103
18093,83,141,1145750,1740550,35.6503773,129.1100061
18094,82,141,1145650,1740550,35.650392,129.1089018
18095,81,141,1145550,1740550,35.6504068,129.1077976
18096,80,141,1145450,1740550,35.6504215,129.1066933
18097,79,141,1145350,1740550,35.6504362,129.1055891
18098,78,141,1145250,1740550,35.650451,129.1044848
18099,77,141,1145150,1740550,35.6504657,129.1033806
18100,76,141,1145050,1740550,35.6504804,129.1022763
18101,75,141,1144950,1740550,35.6504951,129.1011721
18102,74,141,1144850,1740550,35.6505097,129.1000678
18103,73,141,1144750,1740550,35.6505244,129.0989636
18104,72,141,1144650,1740550,35.6505391,129.0978593
18105,71,141,1144550,1740550,35.6505537,129.0967551
18106,70,141,1144450,1740550,35.6505684,129.0956508
18107,69,141,1144350,1740550,35.650583,129.0945466
18108,68,141,1144250,1740550,35.6505976,129.0934423
18109,67,141,1144150,1740550,35.6506122,129.092338
18110,66,141,1144050,1740550,35.6506268,129.0912338
18111,65,141,1143950,1740550,35.6506414,129.0901295
18112,64,141,1143850,1740550,35.650656,129.0890253
18113,63,141,1143750,1740550,35.6506705,129.087921
18114,62,141,1143650,1740550,35.6506851,129.0868167
18115,61,141,1143550,1740550,35.6506996,129.0857125
18116,60,141,1143450,1740550,35.6507142,129.0846082
18117,59,141,1143350,1740550,35.6507287,129.083504
18118,58,141,1143250,1740550,35.6507432,129.0823997
18119,57,141,1143150,1740550,35.6507577,129.0812954
18120,56,141,1143050,1740550,35.6507722,129.0801912
18121,55,141,1142950,1740550,35.6507867,129.0790869
18122,54,141,1142850,1740550,35.6508012,129.0779826
18123,53,141,1142750,1740550,35.6508157,129.0768784
18124,52,141,1142650,1740550,35.6508301,129.0757741
18125,51,141,1142550,1740550,35.6508446,129.0746698
18126,50,141,1142450,1740550,35.650859,129.0735655
18127,49,141,1142350,1740550,35.6508734,129.0724613
18128,48,141,1142250,1740550,35.6508878,129.071357
18129,47,141,1142150,1740550,35.6509022,129.0702527
18130,46,141,1142050,1740550,35.6509166,129.0691485
18131,45,141,1141950,1740550,35.650931,129.0680442
18132,44,141,1141850,1740550,35.6509454,129.0669399
18133,43,141,1141750,1740550,35.6509598,129.0658356
18134,42,141,1141650,1740550,35.6509741,129.0647314
18135,41,141,1141550,1740550,35.6509885,129.0636271
18136,40,141,1141450,1740550,35.6510028,129.0625228
18137,39,141,1141350,1740550,35.6510171,129.0614185
18138,38,141,1141250,1740550,35.6510314,129.0603142
18139,37,141,1141150,1740550,35.6510457,129.05921
18140,36,141,1141050,1740550,35.65106,129.0581057
18141,35,141,1140950,1740550,35.6510743,129.0570014
18142,34,141,1140850,1740550,35.6510886,129.0558971
18143,33,141,1140750,1740550,35.6511029,129.0547928
18144,32,141,1140650,1740550,35.6511171,129.0536885
18145,31,141,1140550,1740550,35.6511314,129.0525843
18146,30,141,1140450,1740550,35.6511456,129.05148
18147,29,141,1140350,1740550,35.6511598,129.0503757
18148,28,141,1140250,1740550,35.651174,129.0492714
18149,27,141,1140150,1740550,35.6511882,129.0481671
18150,26,141,1140050,1740550,35.6512024,129.0470628
18151,25,141,1139950,1740550,35.6512166,129.0459585
18152,24,141,1139850,1740550,35.6512308,129.0448542
18153,23,141,1139750,1740550,35.6512449,129.0437499
18154,22,141,1139650,1740550,35.6512591,129.0426456
18155,21,141,1139550,1740550,35.6512732,129.0415414
18156,20,141,1139450,1740550,35.6512874,129.0404371
18157,19,141,1139350,1740550,35.6513015,129.0393328
18158,18,141,1139250,1740550,35.6513156,129.0382285
18159,17,141,1139150,1740550,35.6513297,129.0371242
18160,16,141,1139050,1740550,35.6513438,129.0360199
18161,15,141,1138950,1740550,35.6513579,129.0349156
18162,14,141,1138850,1740550,35.651372,129.0338113
18163,13,141,1138750,1740550,35.651386,129.032707
18164,12,141,1138650,1740550,35.6514001,129.0316027
18165,11,141,1138550,1740550,35.6514141,129.0304984
18166,10,141,1138450,1740550,35.6514281,129.0293941
18167,9,141,1138350,1740550,35.6514422,129.0282898
18168,8,141,1138250,1740550,35.6514562,129.0271855
18169,7,141,1138150,1740550,35.6514702,129.0260812
18170,6,141,1138050,1740550,35.6514842,129.0249769
18171,5,141,1137950,1740550,35.6514981,129.0238726
18172,4,141,1137850,1740550,35.6515121,129.0227682
18173,3,141,1137750,1740550,35.6515261,129.0216639
18174,2,141,1137650,1740550,35.65154,129.0205596
18175,1,141,1137550,1740550,35.651554,129.0194553
18176,0,141,1137450,1740550,35.6515679,129.018351
18177,0,142,1137450,1740650,35.6524692,129.0183681
18178,1,142,1137550,1740650,35.6524553,129.0194724
18179,2,142,1137650,1740650,35.6524414,129.0205767
18180,3,142,1137750,1740650,35.6524274,129.021681
18181,4,142,1137850,1740650,35.6524134,129.0227854
18182,5,142,1137950,1740650,35.6523995,129.0238897
18183,6,142,1138050,1740650,35.6523855,129.024994
18184,7,142,1138150,1740650,35.6523715,129.0260983
18185,8,142,1138250,1740650,35.6523575,129.0272026
18186,9,142,1138350,1740650,35.6523435,129.0283069
18187,10,142,1138450,1740650,35.6523295,129.0294113
18188,11,142,1138550,1740650,35.6523154,129.0305156
18189,12,142,1138650,1740650,35.6523014,129.0316199
18190,13,142,1138750,1740650,35.6522873,129.0327242
18191,14,142,1138850,1740650,35.6522733,129.0338285
18192,15,142,1138950,1740650,35.6522592,129.0349328
18193,16,142,1139050,1740650,35.6522451,129.0360371
18194,17,142,1139150,1740650,35.652231,129.0371414
18195,18,142,1139250,1740650,35.6522169,129.0382458
18196,19,142,1139350,1740650,35.6522028,129.0393501
18197,20,142,1139450,1740650,35.6521887,129.0404544
18198,21,142,1139550,1740650,35.6521746,129.0415587
18199,22,142,1139650,1740650,35.6521604,129.042663
18200,23,142,1139750,1740650,35.6521463,129.0437673
18201,24,142,1139850,1740650,35.6521321,129.0448716
18202,25,142,1139950,1740650,35.6521179,129.0459759
18203,26,142,1140050,1740650,35.6521037,129.0470802
18204,27,142,1140150,1740650,35.6520896,129.0481845
18205,28,142,1140250,1740650,35.6520753,129.0492888
18206,29,142,1140350,1740650,35.6520611,129.0503931
18207,30,142,1140450,1740650,35.6520469,129.0514974
18208,31,142,1140550,1740650,35.6520327,129.0526017
18209,32,142,1140650,1740650,35.6520184,129.053706
18210,33,142,1140750,1740650,35.6520042,129.0548103
18211,34,142,1140850,1740650,35.6519899,129.0559146
18212,35,142,1140950,1740650,35.6519756,129.0570189
18213,36,142,1141050,1740650,35.6519614,129.0581232
18214,37,142,1141150,1740650,35.6519471,129.0592275
18215,38,142,1141250,1740650,35.6519328,129.0603318
18216,39,142,1141350,1740650,35.6519184,129.0614361
18217,40,142,1141450,1740650,35.6519041,129.0625404
18218,41,142,1141550,1740650,35.6518898,129.0636446
18219,42,142,1141650,1740650,35.6518754,129.0647489
18220,43,142,1141750,1740650,35.6518611,129.0658532
18221,44,142,1141850,1740650,35.6518467,129.0669575
18222,45,142,1141950,1740650,35.6518323,129.0680618
18223,46,142,1142050,1740650,35.6518179,129.0691661
18224,47,142,1142150,1740650,35.6518036,129.0702704
18225,48,142,1142250,1740650,35.6517891,129.0713747
18226,49,142,1142350,1740650,35.6517747,129.0724789
18227,50,142,1142450,1740650,35.6517603,129.0735832
18228,51,142,1142550,1740650,35.6517459,129.0746875
18229,52,142,1142650,1740650,35.6517314,129.0757918
18230,53,142,1142750,1740650,35.651717,129.0768961
18231,54,142,1142850,1740650,35.6517025,129.0780004
18232,55,142,1142950,1740650,35.651688,129.0791046
18233,56,142,1143050,1740650,35.6516735,129.0802089
18234,57,142,1143150,1740650,35.651659,129.0813132
18235,58,142,1143250,1740650,35.6516445,129.0824175
18236,59,142,1143350,1740650,35.65163,129.0835217
18237,60,142,1143450,1740650,35.6516155,129.084626
18238,61,142,1143550,1740650,35.6516009,129.0857303
18239,62,142,1143650,1740650,35.6515864,129.0868346
18240,63,142,1143750,1740650,35.6515718,129.0879388
18241,64,142,1143850,1740650,35.6515573,129.0890431
18242,65,142,1143950,1740650,35.6515427,129.0901474
18243,66,142,1144050,1740650,35.6515281,129.0912517
18244,67,142,1144150,1740650,35.6515135,129.0923559
18245,68,142,1144250,1740650,35.6514989,129.0934602
18246,69,142,1144350,1740650,35.6514843,129.0945645
18247,70,142,1144450,1740650,35.6514696,129.0956687
18248,71,142,1144550,1740650,35.651455,129.096773
18249,72,142,1144650,1740650,35.6514404,129.0978773
18250,73,142,1144750,1740650,35.6514257,129.0989815
18251,74,142,1144850,1740650,35.651411,129.1000858
18252,75,142,1144950,1740650,35.6513964,129.1011901
18253,76,142,1145050,1740650,35.6513817,129.1022943
18254,77,142,1145150,1740650,35.651367,129.1033986
18255,78,142,1145250,1740650,35.6513523,129.1045029
18256,79,142,1145350,1740650,35.6513375,129.1056071
18257,80,142,1145450,1740650,35.6513228,129.1067114
18258,81,142,1145550,1740650,35.6513081,129.1078156
18259,82,142,1145650,1740650,35.6512933,129.1089199
18260,83,142,1145750,1740650,35.6512786,129.1100242
18261,84,142,1145850,1740650,35.6512638,129.1111284
18262,85,142,1145950,1740650,35.651249,129.1122327
18263,86,142,1146050,1740650,35.6512342,129.1133369
18264,87,142,1146150,1740650,35.6512194,129.1144412
18265,88,142,1146250,1740650,35.6512046,129.1155454
18266,89,142,1146350,1740650,35.6511898,129.1166497
18267,90,142,1146450,1740650,35.6511749,129.1177539
18268,91,142,1146550,1740650,35.6511601,129.1188582
18269,92,142,1146650,1740650,35.6511453,129.1199624
18270,93,142,1146750,1740650,35.6511304,129.1210667
18271,94,142,1146850,1740650,35.6511155,129.1221709
18272,95,142,1146950,1740650,35.6511006,129.1232752
18273,96,142,1147050,1740650,35.6510857,129.1243794
18274,97,142,1147150,1740650,35.6510708,129.1254837
18275,98,142,1147250,1740650,35.6510559,129.1265879
18276,99,142,1147350,1740650,35.651041,129.1276922
18277,100,142,1147450,1740650,35.6510261,129.1287964
18278,101,142,1147550,1740650,35.6510111,129.1299007
18279,102,142,1147650,1740650,35.6509962,129.1310049
18280,103,142,1147750,1740650,35.6509812,129.1321091
18281,104,142,1147850,1740650,35.6509662,129.1332134
18282,105,142,1147950,1740650,35.6509513,129.1343176
18283,106,142,1148050,1740650,35.6509363,129.1354219
18284,107,142,1148150,1740650,35.6509213,129.1365261
18285,108,142,1148250,1740650,35.6509063,129.1376303
18286,109,142,1148350,1740650,35.6508912,129.1387346
18287,110,142,1148450,1740650,35.6508762,129.1398388
18288,111,142,1148550,1740650,35.6508612,129.140943
18289,112,142,1148650,1740650,35.6508461,129.1420473
18290,113,142,1148750,1740650,35.650831,129.1431515
18291,114,142,1148850,1740650,35.650816,129.1442557
18292,115,142,1148950,1740650,35.6508009,129.14536
18293,116,142,1149050,1740650,35.6507858,129.1464642
18294,117,142,1149150,1740650,35.6507707,129.1475684
18295,118,142,1149250,1740650,35.6507556,129.1486727
18296,119,142,1149350,1740650,35.6507404,129.1497769
18297,120,142,1149450,1740650,35.6507253,129.1508811
18298,121,142,1149550,1740650,35.6507102,129.1519854
18299,122,142,1149650,1740650,35.650695,129.1530896
18300,123,142,1149750,1740650,35.6506798,129.1541938
18301,124,142,1149850,1740650,35.6506647,129.155298
18302,125,142,1149950,1740650,35.6506495,129.1564023
18303,126,142,1150050,1740650,35.6506343,129.1575065
18304,127,142,1150150,1740650,35.6506191,129.1586107
