corridor_id,receiver_id,Lden_db,SEL_total_db,LAeq_day_db
corridor_0,2623,-13.91259468,28.71242425,-22.41362577
corridor_0,2748,-13.9493264,28.67569253,-22.45035749
corridor_0,2749,-10.85502517,31.76999375,-19.35605626
corridor_0,2750,-9.04726112,33.5777578,-17.54829221
corridor_0,2751,-7.781821133,34.84319779,-16.28285222
corridor_0,2752,-7.719876171,34.90514275,-16.22090726
corridor_0,2753,-7.672768475,34.95225045,-16.17379957
corridor_0,2754,-7.640278698,34.98474023,-16.14130979
corridor_0,2755,-7.638468624,34.9865503,-16.13949971
corridor_0,2756,-7.668978573,34.95604035,-16.17000966
corridor_0,2757,-8.906327129,33.7186918,-17.40735822
corridor_0,2758,-8.981776119,33.64324281,-17.48280721
corridor_0,2759,-13.70890319,28.91611573,-22.20993429
corridor_0,2760,-13.83277786,28.79224107,-22.33380895
corridor_0,2871,-13.7408818,28.88413712,-22.24191289
corridor_0,2872,-8.93344772,33.69157121,-17.43447881
corridor_0,2873,-7.594529034,35.03048989,-16.09556012
corridor_0,2874,-6.556509853,36.06850907,-15.05754094
corridor_0,2875,-6.450398327,36.1746206,-14.95142942
corridor_0,2876,-5.033924938,37.59109399,-13.53495603
corridor_0,2877,-4.978943706,37.64607522,-13.4799748
corridor_0,2878,-4.433766247,38.19125268,-12.93479734
corridor_0,2879,-4.436940075,38.18807885,-12.93797117
corridor_0,2880,-4.975911022,37.6491079,-13.47694211
corridor_0,2881,-5.011036755,37.61398217,-13.51206785
corridor_0,2882,-4.548115612,38.07690331,-13.0491467
corridor_0,2883,-4.622437359,38.00258157,-13.12346845
corridor_0,2884,-5.848126293,36.77689263,-14.34915738
corridor_0,2885,-5.945879818,36.67913911,-14.44691091
corridor_0,2886,-7.740389706,34.88462922,-16.2414208
corridor_0,2887,-9.085577846,33.53944108,-17.58660894
corridor_0,3000,-6.87075317,35.75426575,-15.37178426
corridor_0,3001,-5.291108013,37.33391091,-13.7921391
corridor_0,3002,-4.602330089,38.02268884,-13.10336118
corridor_0,3003,-4.015293957,38.60972497,-12.51632505
corridor_0,3004,-3.49200523,39.13301369,-11.99303632
corridor_0,3005,-3.407605053,39.21741387,-11.90863614
corridor_0,3006,-2.972859264,39.65215966,-11.47389036
corridor_0,3007,-2.887616039,39.73740289,-11.38864713
corridor_0,3008,-3.185311199,39.43970773,-11.68634229
corridor_0,3009,-2.801335216,39.82368371,-11.30236631
corridor_0,3010,-2.788170696,39.83684823,-11.28920179
corridor_0,3011,-3.14018333,39.48483559,-11.64121442
corridor_0,3012,-3.168904186,39.45611474,-11.66993528
corridor_0,3013,-3.630448223,38.9945707,-12.13147931
corridor_0,3014,-3.715298534,38.90972039,-12.21632963
corridor_0,3015,-4.265419842,38.35959908,-12.76645093
corridor_0,3016,-4.395974041,38.22904488,-12.89700513
corridor_0,3017,-5.672745586,36.95227334,-14.17377668
corridor_0,3018,-6.587162853,36.03785607,-15.08819394
corridor_0,3019,-7.682291866,34.94272706,-16.18332296
corridor_0,3020,-10.78593528,31.83908364,-19.28696637
corridor_0,3123,-13.85809982,28.76691911,-22.35913091
corridor_0,3124,-8.937556148,33.68746278,-17.43858724
corridor_0,3125,-6.574118496,36.05090043,-15.07514959
corridor_0,3126,-5.009182812,37.61583611,-13.5102139
corridor_0,3127,-3.84022987,38.78478905,-12.34126096
corridor_0,3128,-3.666451336,38.95856759,-12.16748243
corridor_0,3129,-3.114437939,39.51058099,-11.61546903
corridor_0,3130,-2.311028362,40.31399056,-10.81205945
corridor_0,3131,-2.200562359,40.42445657,-10.70159345
corridor_0,3132,-1.840393902,40.78462502,-10.34142499
corridor_0,3133,-1.784302593,40.84071633,-10.28533368
corridor_0,3134,-1.486042858,41.13897607,-9.987073949
corridor_0,3135,-1.731644512,40.89337441,-10.2326756
corridor_0,3136,-1.486069561,41.13894936,-9.987100652
corridor_0,3137,-1.509655834,41.11536309,-10.01068692
corridor_0,3138,-1.563927532,41.06109139,-10.06495862
corridor_0,3139,-1.649258495,40.97576043,-10.15028959
corridor_0,3140,-1.726452709,40.89856622,-10.2274838
corridor_0,3141,-2.072213055,40.55280587,-10.57324415
corridor_0,3142,-2.169468761,40.45555016,-10.67049985
corridor_0,3143,-2.588368298,40.03665063,-11.08939939
corridor_0,3144,-3.061898113,39.56312081,-11.5629292
corridor_0,3145,-3.593365551,39.03165337,-12.09439664
corridor_0,3146,-4.201508404,38.42351052,-12.70253949
corridor_0,3147,-6.134440304,36.49057862,-14.63547139
corridor_0,3252,-10.9803685,31.64465043,-19.48139959
corridor_0,3253,-3.417870403,39.20714852,-11.91890149
corridor_0,3254,-2.848454357,39.77656457,-11.34948545
corridor_0,3255,-2.320778728,40.3042402,-10.82180982
corridor_0,3256,-1.593747021,41.0312719,-10.09477811
corridor_0,3257,-1.445877911,41.17914101,-9.946909001
corridor_0,3258,-1.090912701,41.53410622,-9.591943791
corridor_0,3259,-0.761525036,41.86349389,-9.262556127
corridor_0,3260,-0.873181225,41.7518377,-9.374212316
corridor_0,3261,-0.608834148,42.01618478,-9.109865239
corridor_0,3262,-0.522110821,42.1029081,-9.023141912
corridor_0,3263,-0.445351482,42.17966744,-8.946382573
corridor_0,3264,-0.393662334,42.23135659,-8.894693425
corridor_0,3265,-0.551613689,42.07340524,-9.05264478
corridor_0,3266,-0.358788372,42.26623055,-8.859819463
corridor_0,3267,-0.573929668,42.05108926,-9.074960759
corridor_0,3268,-0.605000378,42.02001855,-9.106031468
corridor_0,3269,-0.873101116,41.75191781,-9.374132207
corridor_0,3270,-0.964196087,41.66082284,-9.465227178
corridor_0,3271,-1.315789104,41.30922982,-9.816820195
corridor_0,3272,-1.725819469,40.89919946,-10.22685056
corridor_0,3273,-1.88968742,40.7353315,-10.39071851
corridor_0,3274,-2.35175407,40.27326485,-10.85278516
corridor_0,3275,-3.223988415,39.40103051,-11.72501951
corridor_0,3276,-4.295880199,38.32913873,-12.79691129
corridor_0,3277,-4.532109142,38.09290978,-13.03314023
corridor_0,3278,-6.679394604,35.94562432,-15.18042569
corridor_0,3279,-10.80284202,31.8221769,-19.30387311
corridor_0,3377,-9.041338802,33.58368012,-17.54236989
corridor_0,3378,-5.84615028,36.77886864,-14.34718137
corridor_0,3379,-3.940098644,38.68492028,-12.44112973
corridor_0,3380,-2.914898754,39.71012017,-11.41592984
corridor_0,3381,-2.354058147,40.27096078,-10.85508924
corridor_0,3382,-1.848736645,40.77628228,-10.34976774
corridor_0,3383,-1.38483131,41.24018761,-9.885862401
corridor_0,3384,-0.736847759,41.88817117,-9.23787885
corridor_0,3385,-0.579361797,42.04565713,-9.080392888
corridor_0,3386,-0.214897991,42.41012093,-8.715929082
corridor_0,3387,0.100272297,42.72529122,-8.400758794
corridor_0,3388,0.359419941,42.98443887,-8.14161115
corridor_0,3389,0.420065998,43.04508492,-8.080965093
corridor_0,3390,0.462916493,43.08793542,-8.038114598
corridor_0,3391,0.479762196,43.10478112,-8.021268895
corridor_0,3392,0.627215504,43.25223443,-7.873815587
corridor_0,3393,0.443389057,43.06840798,-8.057642034
corridor_0,3394,0.544245838,43.16926476,-7.956785253
corridor_0,3395,0.309729694,42.93474862,-8.191301396
corridor_0,3396,0.377452015,43.00247094,-8.123579076
corridor_0,3397,0.150332569,42.77535149,-8.350698522
corridor_0,3398,0.248725056,42.87374398,-8.252306035
corridor_0,3399,-0.053933025,42.5710859,-8.554964116
corridor_0,3400,-0.178746105,42.44627282,-8.679777196
corridor_0,3401,-0.50353706,42.12148186,-9.004568151
corridor_0,3402,-0.876995922,41.748023,-9.378027013
corridor_0,3403,-1.308956982,41.31606194,-9.809988072
corridor_0,3404,-1.769898296,40.85512063,-10.27092939
corridor_0,3405,-2.261334301,40.36368462,-10.76236539
corridor_0,3406,-3.898568035,38.72645089,-12.39959913
corridor_0,3505,-5.521653057,37.10336587,-14.02268415
corridor_0,3506,-2.661312939,39.96370599,-11.16234403
corridor_0,3507,-1.58305061,41.04196832,-10.0840817
corridor_0,3508,-0.887753368,41.73726556,-9.388784459
corridor_0,3509,-0.667824627,41.9571943,-9.168855718
corridor_0,3510,-0.261814953,42.36320397,-8.762846044
corridor_0,3511,0.097411274,42.7224302,-8.403619817
corridor_0,3512,0.423281788,43.04830071,-8.077749303
corridor_0,3513,0.727179646,43.35219857,-7.773851445
corridor_0,3514,0.851222157,43.47624108,-7.649808934
corridor_0,3515,0.977130055,43.60214898,-7.523901036
corridor_0,3516,1.059416889,43.68443581,-7.441614202
corridor_0,3517,1.277388691,43.90240762,-7.2236424
corridor_0,3518,1.377852558,44.00287148,-7.123178533
corridor_0,3519,1.32509911,43.95011803,-7.175931981
corridor_0,3520,1.508307575,44.1333265,-6.992723516
corridor_0,3521,1.399294972,44.0243139,-7.101736119
corridor_0,3522,1.410349964,44.03536889,-7.090681127
corridor_0,3523,1.394282459,44.01930138,-7.106748631
corridor_0,3524,1.22478783,43.84980675,-7.27624326
corridor_0,3525,1.145037769,43.77005669,-7.355993321
corridor_0,3526,0.898318409,43.52333733,-7.602712682
corridor_0,3527,0.594020008,43.21903893,-7.907011083
corridor_0,3528,0.416842579,43.0418615,-8.084188512
corridor_0,3529,0.080920338,42.70593926,-8.420110753
corridor_0,3530,-0.305455089,42.31956384,-8.80648618
corridor_0,3531,-0.702778698,41.92224023,-9.203809789
corridor_0,3532,-1.151093365,41.47392556,-9.652124455
corridor_0,3533,-1.913212658,40.71180627,-10.41424375
corridor_0,3534,-2.474945904,40.15007302,-10.97597699
corridor_0,3535,-3.452946545,39.17207238,-11.95397764
corridor_0,3536,-4.627594829,37.9974241,-13.12862592
corridor_0,3537,-9.032986523,33.5920324,-17.53401761
corridor_0,3631,-7.822596432,34.80242249,-16.32362752
corridor_0,3632,-4.100258709,38.52476022,-12.6012898
corridor_0,3633,-2.678654552,39.94636437,-11.17968564
corridor_0,3634,-1.828808666,40.79621026,-10.32983976
corridor_0,3635,-1.538586498,41.08643243,-10.03961759
corridor_0,3636,-0.7970742,41.82794472,-9.29810529
corridor_0,3637,-0.321293713,42.30372521,-8.822324803
corridor_0,3638,0.272780537,42.89779946,-8.228250554
corridor_0,3639,0.644606709,43.26962563,-7.856424382
corridor_0,3640,0.991774677,43.6167936,-7.509256413
corridor_0,3641,1.313960194,43.93897912,-7.187070897
corridor_0,3642,1.496371388,44.12139031,-7.004659703
corridor_0,3643,1.784369587,44.40938851,-6.716661504
corridor_0,3644,2.023421406,44.64844033,-6.477609685
corridor_0,3645,2.112483143,44.73750207,-6.388547948
corridor_0,3646,2.169139027,44.79415795,-6.331892064
corridor_0,3647,2.295836567,44.92085549,-6.205194524
corridor_0,3648,2.275126576,44.9001455,-6.225904515
corridor_0,3649,2.242331623,44.86735055,-6.258699468
corridor_0,3650,2.182162403,44.80718133,-6.318868688
corridor_0,3651,2.107936024,44.73295495,-6.393095067
corridor_0,3652,2.006686329,44.63170525,-6.494344762
corridor_0,3653,1.900923847,44.52594277,-6.600107244
corridor_0,3654,1.795664906,44.42068383,-6.705366185
corridor_0,3655,1.57201302,44.19703194,-6.929018071
corridor_0,3656,1.298022389,43.92304131,-7.203008702
corridor_0,3657,1.133193134,43.75821206,-7.367837956
corridor_0,3658,0.818202137,43.44322106,-7.682828954
corridor_0,3659,0.492083668,43.11710259,-8.008947423
corridor_0,3660,0.103476643,42.72849557,-8.397554448
corridor_0,3661,-0.299805523,42.3252134,-8.800836614
corridor_0,3662,-0.750153423,41.8748655,-9.251184514
corridor_0,3663,-1.215710522,41.4093084,-9.716741612
corridor_0,3664,-2.257878185,40.36714074,-10.75890928
corridor_0,3665,-3.490387798,39.13463113,-11.99141889
corridor_0,3666,-8.03799522,34.5870237,-16.53902631
corridor_0,3758,-5.491516949,37.13350198,-13.99254804
corridor_0,3759,-3.0154351,39.60958382,-11.51646619
corridor_0,3760,-1.896126629,40.7288923,-10.39715772
corridor_0,3761,-0.94531715,41.67970177,-9.446348241
corridor_0,3762,-0.476136089,42.14888284,-8.97716718
corridor_0,3763,0.15038216,42.77540108,-8.350648931
corridor_0,3764,0.575907826,43.20092675,-7.925123265
corridor_0,3765,0.955474018,43.58049294,-7.545557073
corridor_0,3766,1.309291004,43.93430993,-7.191740087
corridor_0,3767,1.615851521,44.24087045,-6.88517957
corridor_0,3768,1.912974476,44.5379934,-6.588056615
corridor_0,3769,1.982936024,44.60795495,-6.518095067
corridor_0,3770,2.256846546,44.88186547,-6.244184545
corridor_0,3771,2.489585041,45.11460397,-6.01144605
corridor_0,3772,2.584525227,45.20954415,-5.916505864
corridor_0,3773,2.715983509,45.34100243,-5.785047582
corridor_0,3774,2.909419178,45.5344381,-5.591611913
corridor_0,3775,2.913436054,45.53845498,-5.587595037
corridor_0,3776,3.055735706,45.68075463,-5.445295384
corridor_0,3777,3.026557087,45.65157601,-5.474474004
corridor_0,3778,3.05922234,45.68424126,-5.441808751
corridor_0,3779,2.934302448,45.55932137,-5.566728642
corridor_0,3780,2.948191761,45.57321069,-5.55283933
corridor_0,3781,2.741091847,45.36611077,-5.759939244
corridor_0,3782,2.504847645,45.12986657,-5.996183446
corridor_0,3783,2.324549793,44.94956872,-6.176481297
corridor_0,3784,2.136012196,44.76103112,-6.365018895
corridor_0,3785,1.825190662,44.45020959,-6.675840428
corridor_0,3786,1.365458607,43.99047753,-7.135572484
corridor_0,3787,0.993212818,43.61823174,-7.507818273
corridor_0,3788,0.593630909,43.21864983,-7.907400182
corridor_0,3789,0.163581013,42.78859994,-8.337450078
corridor_0,3790,-0.493294598,42.13172433,-8.994325688
corridor_0,3791,-0.990239025,41.6347799,-9.491270116
corridor_0,3792,-1.747280956,40.87773797,-10.24831205
corridor_0,3793,-2.627224804,39.99779412,-11.12825589
corridor_0,3794,-4.098648907,38.52637002,-12.59968
corridor_0,3886,-3.694554211,38.93046471,-12.1955853
corridor_0,3887,-2.306481243,40.31853768,-10.80751233
corridor_0,3888,-1.43787849,41.18714043,-9.938909581
corridor_0,3889,-0.688900829,41.9361181,-9.18993192
corridor_0,3890,-0.209542156,42.41547677,-8.710573247
corridor_0,3891,0.408595203,43.03361413,-8.092435887
corridor_0,3892,0.864146351,43.48916528,-7.63688474
corridor_0,3893,1.276328205,43.90134713,-7.224702886
corridor_0,3894,1.801463245,44.42648217,-6.699567845
corridor_0,3895,2.165289997,44.79030892,-6.335741094
corridor_0,3896,2.503798603,45.12881753,-5.997232488
corridor_0,3897,2.723223805,45.34824273,-5.777807286
corridor_0,3898,3.018004536,45.64302346,-5.483026555
corridor_0,3899,3.294161915,45.91918084,-5.206869176
corridor_0,3900,3.54466927,46.16968819,-4.956361821
corridor_0,3901,3.75472176,46.37974068,-4.746309331
corridor_0,3902,3.85262215,46.47764108,-4.64840894
corridor_0,3903,3.891673206,46.51669213,-4.609357884
corridor_0,3904,3.852316975,46.4773359,-4.648714116
corridor_0,3905,3.767478108,46.39249703,-4.733552983
corridor_0,3906,3.62618935,46.25120827,-4.874841741
corridor_0,3907,3.608164906,46.23318383,-4.892866185
corridor_0,3908,3.412596821,46.03761575,-5.08843427
corridor_0,3909,3.345038532,45.97005746,-5.155992558
corridor_0,3910,3.139464497,45.76448342,-5.361566594
corridor_0,3911,2.905348896,45.53036782,-5.595682195
corridor_0,3912,2.711516499,45.33653542,-5.789514592
corridor_0,3913,2.529120564,45.15413949,-5.971910527
corridor_0,3914,2.240668415,44.86568734,-6.260362676
corridor_0,3915,1.935706257,44.56072518,-6.565324834
corridor_0,3916,1.596034168,44.22105309,-6.904996922
corridor_0,3917,1.212275623,43.83729455,-7.288755467
corridor_0,3918,0.801982044,43.42700097,-7.699049047
corridor_0,3919,0.39408791,43.01910683,-8.106943181
corridor_0,3920,-0.007485271,42.61753365,-8.508516362
corridor_0,3921,-0.797776104,41.82724282,-9.298807195
corridor_0,3922,-1.480683208,41.14433572,-9.981714299
corridor_0,3923,-2.894448162,39.73057076,-11.39547925
corridor_0,3924,-4.829480053,37.79553887,-13.33051114
corridor_0,3925,-8.005625606,34.61939332,-16.5066567
corridor_0,4011,-6.977585674,35.64743325,-15.47861677
corridor_0,4012,-4.255993725,38.3690252,-12.75702482
corridor_0,4013,-2.496708752,40.12831017,-10.99773984
corridor_0,4014,-1.393963695,41.23105523,-9.894994786
corridor_0,4015,-0.647038341,41.97798058,-9.148069432
corridor_0,4016,0.16135323,42.78637215,-8.339677861
corridor_0,4017,0.557948231,43.18296716,-7.94308286
corridor_0,4018,1.089446186,43.71446511,-7.411584905
corridor_0,4019,1.437976002,44.06299493,-7.063055089
corridor_0,4020,1.931903004,44.55692193,-6.569128087
corridor_0,4021,2.183642506,44.80866143,-6.317388585
corridor_0,4022,2.521895527,45.14691445,-5.979135564
corridor_0,4023,2.838282703,45.46330163,-5.662748387
corridor_0,4024,3.058234333,45.68325326,-5.442796758
corridor_0,4025,3.340159535,45.96517846,-5.160871556
corridor_0,4026,3.529502033,46.15452096,-4.971529058
corridor_0,4027,3.781630634,46.40664956,-4.719400456
corridor_0,4028,4.012675404,46.63769433,-4.488355687
corridor_0,4029,4.097289204,46.72230813,-4.403741887
corridor_0,4030,4.288317799,46.91333672,-4.212713292
corridor_0,4031,4.39420998,47.0192289,-4.106821111
corridor_0,4032,4.616725086,47.24174401,-3.884306005
corridor_0,4033,4.727915882,47.35293481,-3.773115209
corridor_0,4034,4.717051624,47.34207055,-3.783979466
corridor_0,4035,4.712828754,47.33784768,-3.788202336
corridor_0,4036,4.56337273,47.18839165,-3.93765836
corridor_0,4037,4.33908379,46.96410271,-4.161947301
corridor_0,4038,4.056754231,46.68177316,-4.44427686
corridor_0,4039,3.77923119,46.40425011,-4.721799901
corridor_0,4040,3.482394337,46.10741326,-5.018636754
corridor_0,4041,3.156653523,45.78167245,-5.344377568
corridor_0,4042,2.816493153,45.44151208,-5.684537938
corridor_0,4043,2.442263722,45.06728265,-6.058767369
corridor_0,4044,2.0391227,44.66414162,-6.461908391
corridor_0,4045,1.509444355,44.13446328,-6.991586736
corridor_0,4046,1.076144337,43.70116326,-7.424886754
corridor_0,4047,0.647826313,43.27284524,-7.853204778
corridor_0,4048,0.02941811,42.65443703,-8.471612981
corridor_0,4049,-0.67559135,41.94942757,-9.176622441
corridor_0,4050,-1.209977032,41.41504189,-9.711008122
corridor_0,4051,-2.046906353,40.57811257,-10.54793744
corridor_0,4052,-3.764855267,38.86016366,-12.26588636
corridor_0,4140,-4.286717297,38.33830163,-12.78774839
corridor_0,4141,-2.111847759,40.51317117,-10.61287885
corridor_0,4142,-1.501332165,41.12368676,-10.00236326
corridor_0,4143,-0.704151989,41.92086694,-9.20518308
corridor_0,4144,0.011244892,42.63626382,-8.489786199
corridor_0,4145,0.513964771,43.1389837,-7.987066319
corridor_0,4146,1.123652577,43.7486715,-7.377378514
corridor_0,4147,1.577513813,44.20253274,-6.923517278
corridor_0,4148,2.124888538,44.74990746,-6.376142552
corridor_0,4149,2.550830006,45.17584893,-5.950201085
corridor_0,4150,3.053279041,45.67829797,-5.447752049
corridor_0,4151,3.440817951,46.06583688,-5.06021314
corridor_0,4152,3.799342274,46.4243612,-4.701688817
corridor_0,4153,4.132834553,46.75785348,-4.368196538
corridor_0,4154,4.499941944,47.12496087,-4.001089147
corridor_0,4155,4.782721638,47.40774056,-3.718309453
corridor_0,4156,5.056616901,47.68163583,-3.444414189
corridor_0,4157,5.320181965,47.94520089,-3.180849126
corridor_0,4158,5.462645649,48.08766457,-3.038385442
corridor_0,4159,5.454104542,48.07912347,-3.046926549
corridor_0,4160,5.491950153,48.11696908,-3.009080937
corridor_0,4161,5.389510273,48.0145292,-3.111520818
corridor_0,4162,5.203284382,47.82830331,-3.297746709
corridor_0,4163,5.077975391,47.70299432,-3.423055699
corridor_0,4164,4.783587574,47.4086065,-3.717443517
corridor_0,4165,4.631796955,47.25681588,-3.869234136
corridor_0,4166,4.459670185,47.08468911,-4.041360906
corridor_0,4167,4.269820332,46.89483926,-4.231210759
corridor_0,4168,4.017974018,46.64299294,-4.483057073
corridor_0,4169,3.69430077,46.31931969,-4.806730321
corridor_0,4170,3.446208119,46.07122704,-5.054822972
corridor_0,4171,3.133265614,45.75828454,-5.367765477
corridor_0,4172,2.796946644,45.42196557,-5.704084447
corridor_0,4173,2.452372669,45.07739159,-6.048658422
corridor_0,4174,2.106249928,44.73126885,-6.394781163
corridor_0,4175,1.751265644,44.37628457,-6.749765447
corridor_0,4176,1.385436176,44.0104551,-7.115594914
corridor_0,4177,0.845877766,43.47089669,-7.655153325
corridor_0,4178,0.263068317,42.88808724,-8.237962773
corridor_0,4179,-0.393319012,42.23169991,-8.894350102
corridor_0,4180,-1.334687115,41.29033181,-9.835718205
corridor_0,4181,-2.438732983,40.18628594,-10.93976407
corridor_0,4182,-4.194447399,38.43057153,-12.69547849
corridor_0,4183,-6.16785133,36.45716759,-14.66888242
corridor_0,4265,-6.928576351,35.69644257,-15.42960744
corridor_0,4266,-3.765011669,38.86000726,-12.26604276
corridor_0,4267,-2.41785133,40.20716759,-10.91888242
corridor_0,4268,-1.307412029,41.3176069,-9.80844312
corridor_0,4269,-0.361081005,42.26393792,-8.862112096
corridor_0,4270,0.30084145,42.92586037,-8.200189641
corridor_0,4271,1.058772205,43.68379113,-7.442258885
corridor_0,4272,1.497058033,44.12207696,-7.003973058
corridor_0,4273,2.02986443,44.65488335,-6.471166661
corridor_0,4274,2.413004994,45.03802392,-6.088026097
corridor_0,4275,2.759535908,45.38455483,-5.741495183
corridor_0,4276,3.118350147,45.74336907,-5.382680943
corridor_0,4277,3.463935017,46.08895394,-5.037096074
corridor_0,4278,3.817877888,46.44289681,-4.683153203
corridor_0,4279,4.139254688,46.76427361,-4.361776402
corridor_0,4280,4.476801991,47.10182092,-4.0242291
corridor_0,4281,4.72334969,47.34836861,-3.777681401
corridor_0,4282,4.934195637,47.55921456,-3.566835454
corridor_0,4283,5.1302253,47.75524422,-3.370805791
corridor_0,4284,5.421401142,48.04642007,-3.079629949
corridor_0,4285,5.693881153,48.31890008,-2.807149938
corridor_0,4286,5.885741352,48.51076028,-2.615289739
corridor_0,4287,5.998744129,48.62376305,-2.502286962
corridor_0,4288,6.153327107,48.77834603,-2.347703984
corridor_0,4289,6.206893086,48.83191201,-2.294138005
corridor_0,4290,6.181647419,48.80666634,-2.319383672
corridor_0,4291,6.089690327,48.71470925,-2.411340764
corridor_0,4292,5.972647785,48.59766671,-2.528383306
corridor_0,4293,5.718531727,48.34355065,-2.782499364
corridor_0,4294,5.464705586,48.08972451,-3.036325505
corridor_0,4295,5.164836048,47.78985497,-3.336195043
corridor_0,4296,4.837100147,47.46211907,-3.663930943
corridor_0,4297,4.493670582,47.11868951,-4.007360509
corridor_0,4298,4.048720478,46.6737394,-4.452310613
corridor_0,4299,3.655394672,46.2804136,-4.845636418
corridor_0,4300,3.157271504,45.78229043,-5.343759587
corridor_0,4301,2.726618885,45.35163781,-5.774412206
corridor_0,4302,2.181292652,44.80631158,-6.319738439
corridor_0,4303,1.725489735,44.35050866,-6.775541356
corridor_0,4304,1.120288014,43.74530694,-7.380743077
corridor_0,4305,0.634158253,43.25917718,-7.866872838
corridor_0,4306,-0.036251903,42.58876702,-8.537282994
corridor_0,4307,-0.771733166,41.85328576,-9.272764256
corridor_0,4308,-1.337502361,41.28751656,-9.838533452
corridor_0,4309,-2.504166485,40.12085244,-11.00519758
corridor_0,4310,-6.101792217,36.52322671,-14.60282331
corridor_0,4394,-7.901293636,34.72372529,-16.40232473
corridor_0,4395,-3.292416454,39.33260247,-11.79344755
corridor_0,4396,-1.696682812,40.92833611,-10.1977139
corridor_0,4397,-0.868298412,41.75672051,-9.369329503
corridor_0,4398,-0.280949474,42.34406945,-8.781980565
corridor_0,4399,0.422099232,43.04711816,-8.078931859
corridor_0,4400,1.08888924,43.71390816,-7.41214185
corridor_0,4401,1.587691425,44.21271035,-6.913339665
corridor_0,4402,2.292216419,44.91723534,-6.208814672
corridor_0,4403,2.837489246,45.46250817,-5.663541844
corridor_0,4404,3.290618061,45.91563699,-5.21041303
corridor_0,4405,3.813414692,46.43843362,-4.687616399
corridor_0,4406,4.240519642,46.86553857,-4.260511449
corridor_0,4407,4.710974812,47.33599374,-3.790056279
corridor_0,4408,5.098372578,47.7233915,-3.402658513
corridor_0,4409,5.476046681,48.10106561,-3.02498441
corridor_0,4410,5.870459675,48.4954786,-2.630571416
corridor_0,4411,6.156283497,48.78130242,-2.344747594
corridor_0,4412,6.437903523,49.06292245,-2.063127568
corridor_0,4413,6.642653584,49.26767251,-1.858377507
corridor_0,4414,6.7668792,49.39189812,-1.734151891
corridor_0,4415,6.868453144,49.49347207,-1.632577947
corridor_0,4416,6.924204945,49.54922387,-1.576826146
corridor_0,4417,6.907076954,49.53209588,-1.593954137
corridor_0,4418,6.775023579,49.4000425,-1.726007512
corridor_0,4419,6.683386921,49.30840585,-1.81764417
corridor_0,4420,6.520560383,49.14557931,-1.980470708
corridor_0,4421,6.256644367,48.88166329,-2.244386724
corridor_0,4422,5.951647877,48.5766668,-2.549383214
corridor_0,4423,5.59928429,48.22430321,-2.9017468
corridor_0,4424,5.36585915,47.99087807,-3.135171941
corridor_0,4425,5.18869698,47.8137159,-3.312334111
corridor_0,4426,4.806910633,47.43192956,-3.694120458
corridor_0,4427,4.478327869,47.10334679,-4.022703221
corridor_0,4428,4.10174477,46.72676369,-4.399286321
corridor_0,4429,3.850752949,46.47577187,-4.650278142
corridor_0,4430,3.486510395,46.11152932,-5.014520696
corridor_0,4431,3.031333088,45.65635201,-5.469698003
corridor_0,4432,2.65056908,45.275588,-5.85046201
corridor_0,4433,2.133101582,44.75812051,-6.367929509
corridor_0,4434,1.571406483,44.19642541,-6.929624608
corridor_0,4435,1.110369801,43.73538873,-7.39066129
corridor_0,4436,0.351676106,42.97669503,-8.149354985
corridor_0,4437,-0.331753612,42.29326531,-8.832784703
corridor_0,4438,-1.300839306,41.32417962,-9.801870397
corridor_0,4439,-2.419739605,40.20527932,-10.9207707
corridor_0,4440,-3.775002361,38.85001656,-12.27603345
corridor_0,4441,-6.1875695,36.43744942,-14.68860059
corridor_0,4519,-7.004366756,35.62065217,-15.50539785
corridor_0,4520,-4.2355088,38.38951012,-12.73653989
corridor_0,4521,-2.446720959,40.17829797,-10.94775205
corridor_0,4522,-1.320156933,41.30486199,-9.821188024
corridor_0,4523,-0.354191662,42.27082726,-8.855222753
corridor_0,4524,0.496062397,43.12108132,-8.004968694
corridor_0,4525,1.1275779,43.75259682,-7.373453191
corridor_0,4526,1.587741016,44.21275994,-6.913290074
corridor_0,4527,2.256728291,44.88174722,-6.2443028
corridor_0,4528,2.721022724,45.34604165,-5.780008367
corridor_0,4529,3.249411701,45.87443063,-5.25161939
corridor_0,4530,3.6589576,46.28397652,-4.842073491
corridor_0,4531,4.064307331,46.68932626,-4.43672376
corridor_0,4532,4.416773914,47.04179284,-4.084257176
corridor_0,4533,4.741366505,47.36638543,-3.759664586
corridor_0,4534,5.178507923,47.80352685,-3.322523168
corridor_0,4535,5.488440632,48.11345956,-3.012590459
corridor_0,4536,5.840861439,48.46588036,-2.660169652
corridor_0,4537,6.071166157,48.69618508,-2.429864934
corridor_0,4538,6.422721027,49.04773995,-2.078310063
corridor_0,4539,6.806010365,49.43102929,-1.695020726
corridor_0,4540,7.087447285,49.71246621,-1.413583806
corridor_0,4541,7.288207172,49.9132261,-1.212823918
corridor_0,4542,7.463297962,50.08831689,-1.037733129
corridor_0,4543,7.582743763,50.20776269,-0.918287328
corridor_0,4544,7.712790608,50.33780953,-0.788240483
corridor_0,4545,7.740309834,50.36532876,-0.760721257
corridor_0,4546,7.680640339,50.30565926,-0.820390752
corridor_0,4547,7.560282826,50.18530175,-0.940748265
corridor_0,4548,7.360537647,49.98555657,-1.140493443
corridor_0,4549,7.081000446,49.70601937,-1.420030644
corridor_0,4550,6.803000568,49.42801949,-1.698030522
corridor_0,4551,6.459399342,49.08441827,-2.041631749
corridor_0,4552,6.057166218,48.68218514,-2.443864873
corridor_0,4553,5.657549976,48.2825689,-2.843481114
corridor_0,4554,5.250113606,47.87513253,-3.250917485
corridor_0,4555,4.757437824,47.38245675,-3.743593266
corridor_0,4556,4.304381489,46.92940041,-4.196649602
corridor_0,4557,3.757281422,46.38230035,-4.743749669
corridor_0,4558,3.28805077,45.91306969,-5.212980321
corridor_0,4559,2.731654286,45.35667321,-5.769376805
corridor_0,4560,2.147338032,44.77235696,-6.353693059
corridor_0,4561,1.650340199,44.27535912,-6.850690892
corridor_0,4562,1.009223103,43.63424203,-7.491807988
corridor_0,4563,0.157588123,42.78260705,-8.343442967
corridor_0,4564,-0.628895641,41.99612328,-9.129926732
corridor_0,4565,-1.223866344,41.40115258,-9.724897435
corridor_0,4566,-2.371430279,40.25358865,-10.87246137
corridor_0,4567,-4.678803326,37.9462156,-13.17983442
corridor_0,4649,-5.970431209,36.65458772,-14.4714623
corridor_0,4650,-3.130043865,39.49497506,-11.63107496
corridor_0,4651,-1.572003246,41.05301568,-10.07303434
corridor_0,4652,-0.740956188,41.88406274,-9.241987279
corridor_0,4653,-0.000981213,42.62403771,-8.502012303
corridor_0,4654,0.718218922,43.34323785,-7.782812169
corridor_0,4655,1.408015369,44.03303429,-7.093015721
corridor_0,4656,2.052065968,44.67708489,-6.448965123
corridor_0,4657,2.575682758,45.20070168,-5.925348332
corridor_0,4658,3.253783344,45.87880227,-5.247247746
corridor_0,4659,3.810759663,46.43577859,-4.690271428
corridor_0,4660,4.295592426,46.92061135,-4.205438664
corridor_0,4661,4.83038628,47.4554052,-3.670644811
corridor_0,4662,5.28055489,47.90557381,-3.220476201
corridor_0,4663,5.788119434,48.41313836,-2.712911656
corridor_0,4664,6.236662983,48.86168191,-2.264368108
corridor_0,4665,6.717948078,49.342967,-1.783083013
corridor_0,4666,7.140105366,49.76512429,-1.360925725
corridor_0,4667,7.546187519,50.17120644,-0.954843572
corridor_0,4668,7.89697945,50.52199837,-0.604051641
corridor_0,4669,8.174357533,50.79937646,-0.326673558
corridor_0,4670,8.397299885,51.02231881,-0.103731206
corridor_0,4671,8.562964558,51.18798348,0.061933467
corridor_0,4672,8.587596058,51.21261498,0.086564967
corridor_0,4673,8.557128071,51.182147,0.05609698
corridor_0,4674,8.385207295,51.01022622,-0.115823796
corridor_0,4675,8.235228657,50.86024758,-0.265802434
corridor_0,4676,8.052401661,50.67742059,-0.44862943
corridor_0,4677,7.887992024,50.51301095,-0.613039067
corridor_0,4678,7.583281635,50.20830056,-0.917749455
corridor_0,4679,7.237471699,49.86249062,-1.263559392
corridor_0,4680,6.920642017,49.54566094,-1.580389073
corridor_0,4681,6.404536366,49.02955529,-2.096494725
corridor_0,4682,6.096629261,48.72164819,-2.40440183
corridor_0,4683,5.795527577,48.4205465,-2.705503514
corridor_0,4684,5.397502064,48.02252099,-3.103529027
corridor_0,4685,5.01202309,47.63704201,-3.489008
corridor_0,4686,4.660185932,47.28520486,-3.840845159
corridor_0,4687,4.20191872,46.82693764,-4.29911237
corridor_0,4688,3.743113636,46.36813256,-4.757917455
corridor_0,4689,3.2903167,45.91533562,-5.210714391
corridor_0,4690,2.738120197,45.36313912,-5.762910893
corridor_0,4691,2.268000721,44.89301965,-6.23303037
corridor_0,4692,1.581313252,44.20633218,-6.919717839
corridor_0,4693,0.99451363,43.61953255,-7.506517461
corridor_0,4694,0.486891865,43.11191079,-8.014139226
corridor_0,4695,-0.37355888,42.25146004,-8.874589971
corridor_0,4696,-1.362709881,41.26230904,-9.863740972
corridor_0,4697,-2.491467358,40.13355157,-10.99249845
corridor_0,4698,-4.299645306,38.32537362,-12.8006764
corridor_0,4699,-9.276915432,33.34810349,-17.77794652
corridor_0,4774,-4.873471142,37.75154778,-13.37450223
corridor_0,4775,-2.879288555,39.74573037,-11.38031965
corridor_0,4776,-1.422573925,41.202445,-9.923605016
corridor_0,4777,-0.443219067,42.18179986,-8.944250157
corridor_0,4778,0.280100941,42.90511987,-8.22093015
corridor_0,4779,0.93686211,43.56188103,-7.564168981
corridor_0,4780,1.551566242,44.17658517,-6.949464849
corridor_0,4781,2.159567951,44.78458688,-6.34146314
corridor_0,4782,2.728495716,45.35351464,-5.772535375
corridor_0,4783,3.291514515,45.91653344,-5.209516576
corridor_0,4784,3.770388722,46.39540765,-4.730642369
corridor_0,4785,4.32049477,46.94551369,-4.180536321
corridor_0,4786,4.818404316,47.44342324,-3.682626775
corridor_0,4787,5.220587849,47.84560677,-3.280443242
corridor_0,4788,5.598006367,48.22302529,-2.903024724
corridor_0,4789,6.027636646,48.65265557,-2.473394444
corridor_0,4790,6.400157093,49.02517602,-2.100873998
corridor_0,4791,6.757746815,49.38276574,-1.743284276
corridor_0,4792,7.245734333,49.87075326,-1.255296758
corridor_0,4793,7.664874195,50.28989312,-0.836156896
corridor_0,4794,7.945124744,50.57014367,-0.555906346
corridor_0,4795,8.281188129,50.90620705,-0.219842961
corridor_0,4796,8.590079426,51.21509835,0.089048335
corridor_0,4797,8.813353657,51.43837258,0.312322566
corridor_0,4798,9.064654469,51.68967339,0.563623378
corridor_0,4799,9.234976887,51.85999581,0.733945796
corridor_0,4800,9.384257435,52.00927636,0.883226344
corridor_0,4801,9.452906727,52.07792565,0.951875636
corridor_0,4802,9.414588093,52.03960702,0.913557002
corridor_0,4803,9.28584969,51.91086861,0.784818599
corridor_0,4804,9.029093861,51.65411279,0.52806277
corridor_0,4805,8.66834557,51.29336449,0.167314479
corridor_0,4806,8.295809864,50.92082879,-0.205221227
corridor_0,4807,7.870303272,50.4953222,-0.630727818
corridor_0,4808,7.385340809,50.01035973,-1.115690282
corridor_0,4809,6.91273415,49.53775307,-1.588296941
corridor_0,4810,6.39326775,49.01828667,-2.107763341
corridor_0,4811,5.8516227,48.47664162,-2.649408391
corridor_0,4812,5.308154224,47.93317315,-3.192876866
corridor_0,4813,4.728121876,47.3531408,-3.772909215
corridor_0,4814,4.218829273,46.8438482,-4.282201818
corridor_0,4815,3.667735218,46.29275414,-4.833295873
corridor_0,4816,3.065268635,45.69028756,-5.435762456
corridor_0,4817,2.545069813,45.17008874,-5.955961278
corridor_0,4818,1.78974831,44.41476723,-6.711282781
corridor_0,4819,1.111983418,43.73700234,-7.389047673
corridor_0,4820,0.427718281,43.05273721,-8.07331281
corridor_0,4821,-0.309407116,42.31561181,-8.810438207
corridor_0,4822,-1.358944775,41.26607415,-9.859975865
corridor_0,4823,-2.271359325,40.3536596,-10.77239042
corridor_0,4824,-4.084664226,38.5403547,-12.58569532
corridor_0,4825,-7.813988567,34.81103036,-16.31501966
corridor_0,4904,-6.674351574,35.95066735,-15.17538266
corridor_0,4905,-3.480225445,39.14479348,-11.98125654
corridor_0,4906,-2.082226635,40.54279229,-10.58325773
corridor_0,4907,-0.931870342,41.69314858,-9.432901433
corridor_0,4908,0.055842518,42.68086144,-8.445188573
corridor_0,4909,0.816374897,43.44139382,-7.684656194
corridor_0,4910,1.499407887,44.12442681,-7.001623204
corridor_0,4911,2.26233971,44.88735863,-6.238691381
corridor_0,4912,2.911002277,45.5360212,-5.590028813
corridor_0,4913,3.458018421,46.08303735,-5.04301267
corridor_0,4914,4.051715015,46.67673394,-4.449316075
corridor_0,4915,4.658167957,47.28318688,-3.842863133
corridor_0,4916,5.317874073,47.942893,-3.183157018
corridor_0,4917,5.907614826,48.53263375,-2.593416265
corridor_0,4918,6.46760857,49.09262749,-2.033422521
corridor_0,4919,6.949763416,49.57478234,-1.551267674
corridor_0,4920,7.548167347,50.17318627,-0.952863744
corridor_0,4921,8.11339867,50.73841759,-0.387632421
corridor_0,4922,8.613703846,51.23872277,0.112672755
corridor_0,4923,9.021456837,51.64647576,0.520425746
corridor_0,4924,9.481654286,52.10667321,0.980623195
corridor_0,4925,9.864783405,52.48980233,1.363752315
corridor_0,4926,10.15676796,52.78178689,1.655736873
corridor_0,4927,10.38845742,53.01347634,1.887426326
corridor_0,4928,10.44689095,53.07190987,1.945859859
corridor_0,4929,10.38486016,53.00987908,1.883829066
corridor_0,4930,10.22585976,52.85087868,1.72482867
corridor_0,4931,9.89849007,52.52350899,1.39745898
corridor_0,4932,9.585742115,52.21076104,1.084711024
corridor_0,4933,9.281867146,51.90688607,0.780836055
corridor_0,4934,8.969210743,51.59422967,0.468179652
corridor_0,4935,8.685866474,51.3108854,0.184835383
corridor_0,4936,8.334231495,50.95925042,-0.166799596
corridor_0,4937,8.01341164,50.63843056,-0.487619451
corridor_0,4938,7.541506886,50.16652581,-0.959524205
corridor_0,4939,6.944239735,49.56925866,-1.556791356
corridor_0,4940,6.582347035,49.20736596,-1.918684056
corridor_0,4941,6.237975239,48.86299416,-2.263055852
corridor_0,4942,5.86749947,48.49251839,-2.633531621
corridor_0,4943,5.39572823,48.02074715,-3.105302861
corridor_0,4944,4.907134174,47.5321531,-3.593896916
corridor_0,4945,4.328513264,46.95353219,-4.172517827
corridor_0,4946,3.753775715,46.37879464,-4.747255376
corridor_0,4947,3.205668568,45.83068749,-5.295362523
corridor_0,4948,2.709429859,45.33444878,-5.791601232
corridor_0,4949,1.998847126,44.62386605,-6.502183965
corridor_0,4950,1.497374653,44.12239358,-7.003656438
corridor_0,4951,0.855372547,43.48039147,-7.645658544
corridor_0,4952,0.02198708,42.647006,-8.479044011
corridor_0,4953,-0.715393902,41.90962502,-9.216424993
corridor_0,4954,-1.498944164,41.12607476,-9.999975255
corridor_0,4955,-2.969857098,39.65516183,-11.47088819
corridor_0,4956,-5.552391888,37.07262704,-14.05342298
corridor_0,5029,-3.433087231,39.19193169,-11.93411832
corridor_0,5030,-1.842736126,40.7822828,-10.34376722
corridor_0,5031,-0.802704693,41.82231423,-9.303735784
corridor_0,5032,-0.069592358,42.55542657,-8.570623448
corridor_0,5033,0.628577351,43.25359628,-7.87245374
corridor_0,5034,1.320140003,43.94515893,-7.180891088
corridor_0,5035,1.956313252,44.58133218,-6.544717839
corridor_0,5036,2.562613606,45.18763253,-5.938417485
corridor_0,5037,3.155352711,45.78037164,-5.34567838
corridor_0,5038,3.638110279,46.2631292,-4.862920812
corridor_0,5039,4.269000172,46.8940191,-4.232030919
corridor_0,5040,4.830241322,47.45526025,-3.670789769
corridor_0,5041,5.329520344,47.95453927,-3.171510747
corridor_0,5042,5.885264515,48.51028344,-2.615766576
corridor_0,5043,6.433165669,49.05818459,-2.067865422
corridor_0,5044,6.829154133,49.45417306,-1.671876958
corridor_0,5045,7.24482262,49.86984154,-1.25620847
corridor_0,5046,7.811019062,50.43603799,-0.690012029
corridor_0,5047,8.361106037,50.98612496,-0.139925054
corridor_0,5048,8.682498097,51.30751702,0.181467006
corridor_0,5049,9.007998585,51.63301751,0.506967494
corridor_0,5050,9.363612293,51.98863122,0.862581203
corridor_0,5051,9.684516071,52.309535,1.183484981
corridor_0,5052,10.04119408,52.666213,1.54016299
corridor_0,5053,10.46980584,53.09482476,1.968774745
corridor_0,5054,10.90286171,53.52788064,2.401830623
corridor_0,5055,11.34938347,53.9744024,2.848352382
corridor_0,5056,11.61175072,54.23676965,3.11071963
corridor_0,5057,11.8040725,54.42909142,3.303041408
corridor_0,5058,11.43920433,54.06422326,2.938173244
corridor_0,5059,11.05979073,53.68480965,2.558759639
corridor_0,5060,10.66729271,53.29231164,2.166261622
corridor_0,5061,10.27017128,52.89519021,1.769140193
corridor_0,5062,9.901263355,52.52628228,1.400232265
corridor_0,5063,9.487570881,52.11258981,0.98653979
corridor_0,5064,9.001303791,51.62632272,0.5002727
corridor_0,5065,8.269137501,50.89415643,-0.23189359
corridor_0,5066,7.560706257,50.18572518,-0.940324834
corridor_0,5067,6.973738789,49.59875771,-1.527292302
corridor_0,5068,6.455886005,49.08090493,-2.045145085
corridor_0,5069,5.886305927,48.51132485,-2.614725163
corridor_0,5070,5.165328144,47.79034707,-3.335702947
corridor_0,5071,4.508017658,47.13303658,-3.993013433
corridor_0,5072,3.811915516,46.43693444,-4.689115575
corridor_0,5073,3.16538155,45.79040047,-5.335649541
corridor_0,5074,2.600478291,45.22549722,-5.9005528
corridor_0,5075,1.935744404,44.56076333,-6.565286687
corridor_0,5076,1.128401875,43.7534208,-7.372629216
corridor_0,5077,0.400355457,43.02537438,-8.100675633
corridor_0,5078,-0.346169353,42.27884957,-8.847200444
corridor_0,5079,-1.389813305,41.23520562,-9.890844396
corridor_0,5080,-2.926190258,39.69882867,-11.42722135
corridor_0,5081,-5.111081005,37.51393792,-13.6121121
corridor_0,5082,-9.041952969,33.58306596,-17.54298406
corridor_0,5159,-7.666008831,34.95901009,-16.16703992
corridor_0,5160,-3.952744366,38.67227456,-12.45377546
corridor_0,5161,-2.155289532,40.46972939,-10.65632062
corridor_0,5162,-0.996922375,41.62809655,-9.497953465
corridor_0,5163,-0.017983318,42.60703561,-8.519014409
corridor_0,5164,0.741568684,43.36658761,-7.759462407
corridor_0,5165,1.478053211,44.10307214,-7.02297788
corridor_0,5166,2.29453957,44.91955849,-6.206491521
corridor_0,5167,2.862364887,45.48738381,-5.638666204
corridor_0,5168,3.520205616,46.14522454,-4.980825475
corridor_0,5169,4.247244953,46.87226388,-4.253786138
corridor_0,5170,4.904658436,47.52967736,-3.596372655
corridor_0,5171,5.622756123,48.24777505,-2.878274968
corridor_0,5172,6.388804554,49.01382348,-2.112226537
corridor_0,5173,6.985510944,49.61052987,-1.515520146
corridor_0,5174,7.539839863,50.16485879,-0.961191228
corridor_0,5175,8.153666615,50.77868554,-0.347364476
corridor_0,5176,8.91500771,51.54002663,0.413976619
corridor_0,5177,9.681754231,52.30677316,1.18072314
corridor_0,5178,10.34115517,52.9661741,1.84012408
corridor_0,5179,10.77231514,53.39733407,2.271284053
corridor_0,5180,11.07994759,53.70496651,2.578916499
corridor_0,5181,11.41514885,54.04016778,2.914117763
corridor_0,5182,12.006652,54.63167092,3.505620906
corridor_0,5183,12.3223983,54.94741723,3.821367213
corridor_0,5184,12.83909523,55.46411416,4.338064143
corridor_0,5185,12.99642861,55.62144753,4.495397517
corridor_0,5186,12.76016915,55.38518807,4.259138057
corridor_0,5187,12.10600579,54.73102471,3.604974696
corridor_0,5188,11.30030739,53.92532632,2.799276301
corridor_0,5189,10.81975853,53.44477746,2.318727443
corridor_0,5190,10.50313103,53.12814996,2.00209994
corridor_0,5191,10.14092553,52.76594445,1.639894435
corridor_0,5192,9.682952046,52.30797097,1.181920955
corridor_0,5193,9.304335713,51.92935464,0.803304622
corridor_0,5194,9.013796925,51.63881585,0.512765834
corridor_0,5195,8.702921986,51.32794091,0.201890895
corridor_0,5196,8.125784992,50.75080392,-0.375246099
corridor_0,5197,7.493178486,50.11819741,-1.007852605
corridor_0,5198,7.05190575,49.67692467,-1.44912534
corridor_0,5199,6.471266865,49.09628579,-2.029764226
corridor_0,5200,5.882517933,48.50753686,-2.618513158
corridor_0,5201,5.267806171,47.8928251,-3.233224919
corridor_0,5202,4.685309528,47.31032845,-3.815721562
corridor_0,5203,4.105666279,46.7306852,-4.395364812
corridor_0,5204,3.543082356,46.16810128,-4.957948735
corridor_0,5205,3.061286091,45.68630502,-5.439745
corridor_0,5206,2.440894245,45.06591317,-6.060136846
corridor_0,5207,1.816348194,44.44136712,-6.684682897
corridor_0,5208,1.043810963,43.66882989,-7.457220128
corridor_0,5209,0.360747456,42.98576638,-8.140283635
corridor_0,5210,-0.360039593,42.26497933,-8.861070683
corridor_0,5211,-1.355599285,41.26941964,-9.856630376
corridor_0,5212,-2.230999828,40.3940191,-10.73203092
corridor_0,5213,-3.967568279,38.65745065,-12.46859937
corridor_0,5283,-7.086556316,35.53846261,-15.58758741
corridor_0,5284,-2.993073345,39.63194558,-11.49410444
corridor_0,5285,-1.74124992,40.883769,-10.24228101
corridor_0,5286,-0.690049053,41.93496987,-9.191080144
corridor_0,5287,0.061778187,42.68679711,-8.439252904
corridor_0,5288,0.91210854,43.53712746,-7.588922551
corridor_0,5289,1.563761829,44.18878075,-6.937269261
corridor_0,5290,2.19227898,44.8172979,-6.30875211
corridor_0,5291,2.804137348,45.42915627,-5.696893743
corridor_0,5292,3.409449696,46.03446862,-5.091581395
corridor_0,5293,3.941260456,46.56627938,-4.559770635
corridor_0,5294,4.560076832,47.18509576,-3.940954259
corridor_0,5295,5.146590351,47.77160928,-3.35444074
corridor_0,5296,5.765723347,48.39074227,-2.735307744
corridor_0,5297,6.407153248,49.03217217,-2.093877843
corridor_0,5298,7.049872517,49.67489144,-1.451158574
corridor_0,5299,7.525550007,50.15056893,-0.975481084
corridor_0,5300,8.182952046,50.80797097,-0.318079045
corridor_0,5301,8.839514851,51.46453378,0.33848376
corridor_0,5302,9.242850422,51.86786935,0.741819331
corridor_0,5303,9.595286488,52.22030541,1.094255397
corridor_0,5304,9.873210072,52.498229,1.372178981
corridor_0,5305,10.24820626,52.87322518,1.747175166
corridor_0,5306,10.85097802,53.47599694,2.349946925
corridor_0,5307,10.98193276,53.60695168,2.480901668
corridor_0,5308,11.47479927,54.0998182,2.973768184
corridor_0,5309,12.14002526,54.76504418,3.638994166
corridor_0,5310,12.97296059,55.59797951,4.4719295
corridor_0,5311,13.67164147,56.29666039,5.170610377
corridor_0,5312,13.76233971,56.38735863,5.261308619
corridor_0,5313,13.32417595,55.94919488,4.823144862
corridor_0,5314,12.75184548,55.3768644,4.250814387
corridor_0,5315,12.52752983,55.15254876,4.026498744
corridor_0,5316,12.10600197,54.7310209,3.604970881
corridor_0,5317,11.9331466,54.55816552,3.432115504
corridor_0,5318,11.6764518,54.30147073,3.175420711
corridor_0,5319,11.12181389,53.74683282,2.620782802
corridor_0,5320,10.49721062,53.12222955,1.99617953
corridor_0,5321,9.592173695,52.21719262,1.091142604
corridor_0,5322,8.749579548,51.37459847,0.248548457
corridor_0,5323,8.088259815,50.71327874,-0.412771276
corridor_0,5324,7.480376362,50.10539529,-1.020654729
corridor_0,5325,6.845175861,49.47019479,-1.655855229
corridor_0,5326,6.045168995,48.67018792,-2.455862096
corridor_0,5327,5.301509022,47.92652795,-3.199522069
corridor_0,5328,4.604415058,47.22943398,-3.896616033
corridor_0,5329,3.959761738,46.58478066,-4.541269353
corridor_0,5330,3.202204823,45.82722375,-5.298826268
corridor_0,5331,2.527693867,45.15271279,-5.973337224
corridor_0,5332,1.698817371,44.3238363,-6.802213719
corridor_0,5333,0.937911152,43.56293008,-7.563119939
corridor_0,5334,0.135295033,42.76031396,-8.365736058
corridor_0,5335,-0.865010143,41.76000878,-9.366041234
corridor_0,5336,-2.009095074,40.61592385,-10.51012616
corridor_0,5337,-3.41311729,39.21190163,-11.91414838
corridor_0,5338,-5.862885357,36.76213357,-14.36391645
corridor_0,5339,-10.83224571,31.79277322,-19.3332768
corridor_0,5414,-8.973410488,33.65160844,-17.47444158
corridor_0,5415,-4.570095898,38.05492303,-13.07112699
corridor_0,5416,-2.95161903,39.67339989,-11.45265012
corridor_0,5417,-1.629761578,40.99525735,-10.13079267
corridor_0,5418,-0.539246441,42.08577248,-9.040277532
corridor_0,5419,0.311671375,42.9366903,-8.189359715
corridor_0,5420,1.266223072,43.891242,-7.234808019
corridor_0,5421,2.005297779,44.6303167,-6.495733312
corridor_0,5422,2.841086506,45.46610543,-5.659944585
corridor_0,5423,3.523905872,46.1489248,-4.977125218
corridor_0,5424,4.301604389,46.92662331,-4.199426702
corridor_0,5425,4.95235741,47.57737634,-3.54867368
corridor_0,5426,5.687396168,48.31241509,-2.813634923
corridor_0,5427,6.474619984,49.09963891,-2.026411107
corridor_0,5428,7.222113728,49.84713265,-1.278917363
corridor_0,5429,7.947981953,50.57300088,-0.553049138
corridor_0,5430,8.669543385,51.29456231,0.168512294
corridor_0,5431,9.371260761,51.99627969,0.870229671
corridor_0,5432,10.26209557,52.88711449,1.761064479
corridor_0,5433,11.21348107,53.83849999,2.712449977
corridor_0,5434,11.8198539,54.44487283,3.31882281
corridor_0,5435,12.36066735,54.98568627,3.859636256
corridor_0,5436,12.69629586,55.32131478,4.195264766
corridor_0,5437,12.53742134,55.16244027,4.036390254
corridor_0,5438,12.46188271,55.08690163,3.960851619
corridor_0,5439,12.77403939,55.39905831,4.273008296
corridor_0,5440,13.19540322,55.82042214,4.694372127
corridor_0,5441,13.5662986,56.19131753,5.065267512
corridor_0,5442,13.2323066,55.85732552,4.731275508
corridor_0,5443,13.00941384,55.63443276,4.508382747
corridor_0,5444,12.4346534,55.05967233,3.93362231
corridor_0,5445,11.83091652,54.45593545,3.329885432
corridor_0,5446,11.39469445,54.01971337,2.893663356
corridor_0,5447,11.32861626,53.95363519,2.82758517
corridor_0,5448,10.84279931,53.46781823,2.341768214
corridor_0,5449,10.42498314,53.05000207,1.923952052
corridor_0,5450,10.14676201,52.77178094,1.645730922
corridor_0,5451,9.791483997,52.41650292,1.290452907
corridor_0,5452,9.3100425,51.93506142,0.809011409
corridor_0,5453,8.889632343,51.51465127,0.388601253
corridor_0,5454,8.296969532,50.92198846,-0.204061559
corridor_0,5455,7.527480244,50.15249917,-0.973550847
corridor_0,5456,6.944491505,49.56951043,-1.556539586
corridor_0,5457,6.268458485,48.89347741,-2.232572606
corridor_0,5458,5.634150623,48.25916955,-2.866880467
corridor_0,5459,5.003680348,47.62869927,-3.497350743
corridor_0,5460,4.455161213,47.08018014,-4.045869878
corridor_0,5461,3.834456562,46.45947549,-4.666574529
corridor_0,5462,3.22819817,45.85321709,-5.272832921
corridor_0,5463,2.598990559,45.22400948,-5.902040532
corridor_0,5464,1.946448444,44.57146737,-6.554582646
corridor_0,5465,1.295909046,43.92092797,-7.205122045
corridor_0,5466,0.467360615,43.09237954,-8.033670476
corridor_0,5467,-0.092972637,42.53204629,-8.594003728
corridor_0,5468,-1.057221294,41.56779763,-9.558252385
corridor_0,5469,-2.169770122,40.4552488,-10.67080121
corridor_0,5470,-3.916863323,38.7081556,-12.41789441
corridor_0,5538,-5.591557384,37.03346154,-14.09258848
corridor_0,5539,-2.971489788,39.65352914,-11.47252088
corridor_0,5540,-1.462109447,41.16290948,-9.963140538
corridor_0,5541,-0.452420116,42.17259881,-8.953451207
corridor_0,5542,0.286936878,42.9119558,-8.214094213
corridor_0,5543,1.118178486,43.74319741,-7.382852605
corridor_0,5544,1.661673664,44.28669259,-6.839357427
corridor_0,5545,2.308856129,44.93387505,-6.192174962
corridor_0,5546,3.054843067,45.67986199,-5.446188024
corridor_0,5547,3.598673939,46.22369286,-4.902357152
corridor_0,5548,4.260050892,46.88506982,-4.240980199
corridor_0,5549,4.901721119,47.52674004,-3.599309972
corridor_0,5550,5.425345539,48.05036446,-3.075685552
corridor_0,5551,6.058314442,48.68333337,-2.442716649
corridor_0,5552,6.648768543,49.27378747,-1.852262547
corridor_0,5553,7.316161274,49.9411802,-1.184869817
corridor_0,5554,8.162642597,50.78766152,-0.338388494
corridor_0,5555,8.830607533,51.45562646,0.329576442
corridor_0,5556,9.464636921,52.08965585,0.96360583
corridor_0,5557,9.930426716,52.55544564,1.429395625
corridor_0,5558,10.25427163,52.87929055,1.753240535
corridor_0,5559,10.65981972,53.28483865,2.15878863
corridor_0,5560,10.87919915,53.50421807,2.378168056
corridor_0,5561,11.47865593,54.10367486,2.977624843
corridor_0,5562,11.52982628,54.15484521,3.028795192
corridor_0,5563,11.72341454,54.34843346,3.222383449
corridor_0,5564,12.15928566,54.78430459,3.658254573
corridor_0,5565,12.55016243,55.17518136,4.049131343
corridor_0,5566,12.68096077,55.3059797,4.179929683
corridor_0,5567,12.75267327,55.37769219,4.251642177
corridor_0,5568,12.77751458,55.4025335,4.276483485
corridor_0,5569,12.50108254,55.12610146,4.000051448
corridor_0,5570,12.3770591,55.00207803,3.87602801
corridor_0,5571,12.34399331,54.96901223,3.842962214
corridor_0,5572,12.77520287,55.40022179,4.274171779
corridor_0,5573,12.82707131,55.45209023,4.326040217
corridor_0,5574,12.76005471,55.38507363,4.259023616
corridor_0,5575,12.3388778,54.96389672,3.837846705
corridor_0,5576,11.79711831,54.42213723,3.296087214
corridor_0,5577,10.96128762,53.58630654,2.460256526
corridor_0,5578,9.997965931,52.62298486,1.49693484
corridor_0,5579,9.215079426,51.84009835,0.714048335
corridor_0,5580,8.395167469,51.02018639,-0.105863622
corridor_0,5581,7.640132069,50.26515099,-0.860899022
corridor_0,5582,6.862193226,49.48721215,-1.638837865
corridor_0,5583,6.056132435,48.68115136,-2.444898656
corridor_0,5584,5.288725971,47.9137449,-3.21230512
corridor_0,5585,4.59324181,47.21826073,-3.907789281
corridor_0,5586,3.809359669,46.43437859,-4.691671422
corridor_0,5587,3.124587177,45.7496061,-5.376443913
corridor_0,5588,2.30014336,44.92516228,-6.200887731
corridor_0,5589,1.533053516,44.15807244,-6.967977574
corridor_0,5590,0.616740345,43.24175927,-7.884290746
corridor_0,5591,-0.226288677,42.39873025,-8.727319768
corridor_0,5592,-1.530609966,41.09440896,-10.03164106
corridor_0,5593,-2.830529095,39.79448983,-11.33156019
corridor_0,5594,-4.456822277,38.16819665,-12.95785337
corridor_0,5595,-6.740359188,35.88465974,-15.24139028
corridor_0,5669,-10.87572372,31.7492952,-19.37675481
corridor_0,5670,-6.650875927,35.974143,-15.15190702
corridor_0,5671,-4.369290234,38.25572869,-12.87032132
corridor_0,5672,-2.429062725,40.1959562,-10.93009382
corridor_0,5673,-1.188496471,41.43652245,-9.689527562
corridor_0,5674,-0.284203411,42.34081551,-8.785234502
corridor_0,5675,0.74703896,43.37205788,-7.753992131
corridor_0,5676,1.686602711,44.31162164,-6.81442838
corridor_0,5677,2.446307301,45.07132623,-6.05472379
corridor_0,5678,3.276114582,45.90113351,-5.224916509
corridor_0,5679,3.999907612,46.62492654,-4.501123479
corridor_0,5680,4.808234333,47.43325326,-3.692796758
corridor_0,5681,5.554419636,48.17943856,-2.946611455
corridor_0,5682,6.371317982,48.99633691,-2.129713109
corridor_0,5683,7.238062977,49.8630819,-1.262968114
corridor_0,5684,8.049750446,50.67476937,-0.451280644
corridor_0,5685,8.860789417,51.48580834,0.359758327
corridor_0,5686,9.788970112,52.41398904,1.287939021
corridor_0,5687,10.63698876,53.26200768,2.135957667
corridor_0,5688,11.61876213,54.24378106,3.117731044
corridor_0,5689,12.31157601,54.93659493,3.810544917
corridor_0,5690,12.64040673,55.26542565,4.139375636
corridor_0,5691,12.9491874,55.57420632,4.448156306
corridor_0,5692,12.80575097,55.43076989,4.304719874
corridor_0,5693,12.58054268,55.20556161,4.079511592
corridor_0,5694,12.26201546,54.88703439,3.76098437
corridor_0,5695,12.06621849,54.69123742,3.565187404
corridor_0,5696,12.16376793,54.78878686,3.662736842
corridor_0,5697,12.27419197,54.8992109,3.773160884
corridor_0,5698,12.24452889,54.86954781,3.743497798
corridor_0,5699,12.17378914,54.79880807,3.672758052
corridor_0,5700,12.25982201,54.88484093,3.758790919
corridor_0,5701,12.21589959,54.84091851,3.714868495
corridor_0,5702,11.89927208,54.52429101,3.398240993
corridor_0,5703,11.6167556,54.24177453,3.115724513
corridor_0,5704,11.60343468,54.22845361,3.10240359
corridor_0,5705,11.22917473,53.85419366,2.728143641
corridor_0,5706,11.05456841,53.67958733,2.553537318
corridor_0,5707,10.65066063,53.27567956,2.149629542
corridor_0,5708,10.35742485,52.98244378,1.856393764
corridor_0,5709,9.822604298,52.44762322,1.321573207
corridor_0,5710,9.451102375,52.0761213,0.950071284
corridor_0,5711,8.743350147,51.36836907,0.242319057
corridor_0,5712,7.837409138,50.46242806,-0.663621953
corridor_0,5713,6.986594318,49.61161324,-1.514436772
corridor_0,5714,6.381960987,49.00697991,-2.119070104
corridor_0,5715,5.799353718,48.42437264,-2.701677373
corridor_0,5716,5.243949055,47.86896798,-3.257082036
corridor_0,5717,4.549960255,47.17497918,-3.951070836
corridor_0,5718,4.002265095,46.62728402,-4.498765996
corridor_0,5719,3.388022541,46.01304147,-5.11300855
corridor_0,5720,2.667948841,45.29296777,-5.83308225
corridor_0,5721,2.114611744,44.73963067,-6.386419347
corridor_0,5722,1.461642384,44.08666131,-7.039388707
corridor_0,5723,0.653498768,43.27851769,-7.847532323
corridor_0,5724,-0.072907329,42.5521116,-8.57393842
corridor_0,5725,-1.047600628,41.5774183,-9.548631719
corridor_0,5726,-1.911991955,40.71302697,-10.41302305
corridor_0,5727,-4.351868511,38.27315041,-12.8528996
corridor_0,5793,-7.019327999,35.60569093,-15.52035909
corridor_0,5794,-3.35780418,39.26721474,-11.85883527
corridor_0,5795,-1.491845013,41.13317391,-9.992876103
corridor_0,5796,-0.659439922,41.965579,-9.160471013
corridor_0,5797,0.285910725,42.91092965,-8.215120366
corridor_0,5798,0.995345234,43.62036416,-7.505685857
corridor_0,5799,1.789664387,44.41468331,-6.711366704
corridor_0,5800,2.425643086,45.05066201,-6.075388005
corridor_0,5801,3.042250752,45.66726968,-5.458780339
corridor_0,5802,3.723708271,46.3487272,-4.77732282
corridor_0,5803,4.341719746,46.96673867,-4.159311345
corridor_0,5804,4.911936878,47.5369558,-3.589094213
corridor_0,5805,5.484030842,48.10904977,-3.017000249
corridor_0,5806,6.115538715,48.74055764,-2.385492375
corridor_0,5807,6.731295704,49.35631463,-1.769735387
corridor_0,5808,7.655638813,50.28065774,-0.845392278
corridor_0,5809,8.476298451,51.10131738,-0.02473264
corridor_0,5810,9.09960091,51.72461983,0.598569819
corridor_0,5811,9.741942524,52.36696145,1.240911433
corridor_0,5812,10.3447181,52.96973702,1.843687007
corridor_0,5813,10.64904702,53.27406594,2.148015925
corridor_0,5814,10.99399102,53.61900994,2.492959926
corridor_0,5815,11.31340706,53.93842599,2.812375972
corridor_0,5816,11.40523446,54.03025338,2.904203364
corridor_0,5817,11.54378426,54.16880318,3.042753169
corridor_0,5818,11.68408883,54.30910775,3.183057734
corridor_0,5819,11.7897445,54.41476342,3.288713405
corridor_0,5820,11.80115807,54.42617699,3.300126979
corridor_0,5821,11.83645165,54.46147057,3.335420558
corridor_0,5822,11.85924828,54.4842672,3.358217189
corridor_0,5823,11.82612908,54.451148,3.325097987
corridor_0,5824,11.83507073,54.46008965,3.334039638
corridor_0,5825,11.81138146,54.43640038,3.310350368
corridor_0,5826,11.82865059,54.45366952,3.327619502
corridor_0,5827,12.20233071,54.82734963,3.701299617
corridor_0,5828,12.6018821,55.22690102,4.100851008
corridor_0,5829,12.7157203,55.34073922,4.214689204
corridor_0,5830,12.97154152,55.59656045,4.470510432
corridor_0,5831,12.80015862,55.42517754,4.299127528
corridor_0,5832,12.48623574,55.11125466,3.985204646
corridor_0,5833,12.03563988,54.66065881,3.53460879
corridor_0,5834,11.31578743,53.94080636,2.814756343
corridor_0,5835,10.28026116,52.90528008,1.779230067
corridor_0,5836,9.361006855,51.98602578,0.859975764
corridor_0,5837,8.416796803,51.04181573,-0.084234288
corridor_0,5838,7.560969471,50.1859884,-0.94006162
corridor_0,5839,6.665778278,49.2907972,-1.835252812
corridor_0,5840,5.834841847,48.45986077,-2.666189244
corridor_0,5841,5.001807331,47.62682626,-3.49922376
corridor_0,5842,4.239482044,46.86450097,-4.261549047
corridor_0,5843,3.417117237,46.04213616,-5.083913854
corridor_0,5844,2.682726978,45.3077459,-5.818304112
corridor_0,5845,1.806498646,44.43151757,-6.694532445
corridor_0,5846,0.998358845,43.62337777,-7.502672246
corridor_0,5847,-0.001507641,42.62351128,-8.502538732
corridor_0,5848,-1.098172069,41.52684686,-9.59920316
corridor_0,5849,-2.351700664,40.27331826,-10.85273176
corridor_0,5850,-3.855294109,38.76972482,-12.3563252
corridor_0,5851,-6.585478664,36.03954026,-15.08650976
corridor_0,5852,-10.80291069,31.82210824,-19.30394178
corridor_0,5925,-10.74936187,31.87565705,-19.25039296
corridor_0,5926,-5.807232738,36.81778619,-14.30826383
corridor_0,5927,-3.805386425,38.8196325,-12.30641752
corridor_0,5928,-1.990223766,40.63479516,-10.49125486
corridor_0,5929,-0.999028088,41.62599084,-9.500059178
corridor_0,5930,0.097632526,42.72265145,-8.403398564
corridor_0,5931,0.937098621,43.56211755,-7.563932469
corridor_0,5932,1.884341358,44.50936028,-6.616689733
corridor_0,5933,2.785433888,45.41045281,-5.715597203
corridor_0,5934,3.624884724,46.24990365,-4.876146367
corridor_0,5935,4.451136707,47.07615563,-4.049894383
corridor_0,5936,5.224520802,47.84953973,-3.276510289
corridor_0,5937,6.085284351,48.71030328,-2.415746739
corridor_0,5938,6.925616383,49.55063531,-1.575414708
corridor_0,5939,7.83283913,50.45785806,-0.66819196
corridor_0,5940,8.757506489,51.38252541,0.256475398
corridor_0,5941,9.753718494,52.37873742,1.252687404
corridor_0,5942,10.82621682,53.45123574,2.325185725
corridor_0,5943,11.7018882,54.32690713,3.200857112
corridor_0,5944,12.330989,54.95600793,3.829957911
corridor_0,5945,12.70911705,55.33413598,4.208085963
corridor_0,5946,12.76522362,55.39024255,4.264192531
corridor_0,5947,12.74755013,55.37256905,4.246519038
corridor_0,5948,12.55180657,55.17682549,4.050775477
corridor_0,5949,12.36799538,54.99301431,3.86696429
corridor_0,5950,12.12959587,54.7546148,3.628564784
corridor_0,5951,11.74291909,54.36793801,3.241887996
corridor_0,5952,11.55279839,54.17781731,3.051767299
corridor_0,5953,11.62359536,54.24861428,3.122564265
corridor_0,5954,11.69099343,54.31601235,3.189962337
corridor_0,5955,11.68716347,54.3121824,3.18613238
corridor_0,5956,11.83897316,54.46399209,3.337942073
corridor_0,5957,11.79741204,54.42243096,3.296380946
corridor_0,5958,11.67139733,54.29641625,3.170366237
corridor_0,5959,11.65728676,54.28230569,3.156255671
corridor_0,5960,11.59399331,54.21901223,3.092962214
corridor_0,5961,11.489833,54.11485192,2.988801906
corridor_0,5962,11.43154061,54.05655953,2.930509517
corridor_0,5963,11.24423134,53.86925027,2.743200252
corridor_0,5964,10.89525521,53.52027413,2.394224116
corridor_0,5965,10.53043663,53.15545556,2.029405543
corridor_0,5966,9.941249012,52.56626794,1.440217921
corridor_0,5967,9.466574787,52.09159371,0.965543696
corridor_0,5968,8.76492989,51.38994881,0.263898799
corridor_0,5969,8.035361408,50.66038033,-0.465669683
corridor_0,5970,7.151682972,49.7767019,-1.349348119
corridor_0,5971,6.407324909,49.03234383,-2.093706182
corridor_0,5972,5.80720818,48.4322271,-2.693822911
corridor_0,5973,5.232352375,47.8573713,-3.268678716
corridor_0,5974,4.649195789,47.27421471,-3.851835301
corridor_0,5975,4.040011524,46.66503045,-4.461019567
corridor_0,5976,3.441397785,46.06641671,-5.059633306
corridor_0,5977,2.830680012,45.45569894,-5.670351079
corridor_0,5978,2.103339314,44.72835824,-6.397691777
corridor_0,5979,1.325095295,43.95011422,-7.175935796
corridor_0,5980,0.619135975,43.2441549,-7.881895116
corridor_0,5981,-0.292069317,42.33294961,-8.793100408
corridor_0,5982,-1.100838543,41.52418038,-9.601869634
corridor_0,5983,-2.237881542,40.38713738,-10.73891263
corridor_0,5984,-4.879452587,37.74556634,-13.38048368
corridor_0,6048,-8.025170208,34.59984872,-16.5262013
corridor_0,6049,-3.814934612,38.81008431,-12.3159657
corridor_0,6050,-1.821637035,40.80338189,-10.32266813
corridor_0,6051,-0.730217815,41.89480111,-9.231248906
corridor_0,6052,0.22283852,42.84785744,-8.278192571
corridor_0,6053,1.079234242,43.70425317,-7.421796849
corridor_0,6054,1.86793816,44.49295708,-6.633092931
corridor_0,6055,2.509871601,45.13489053,-5.99115949
corridor_0,6056,3.220885395,45.84590432,-5.280145696
corridor_0,6057,3.83007729,46.45509621,-4.670953801
corridor_0,6058,4.424906849,47.04992577,-4.076124242
corridor_0,6059,4.960829853,47.58584878,-3.540201238
corridor_0,6060,5.552924275,48.1779432,-2.948106816
corridor_0,6061,6.101477741,48.72649667,-2.399553349
corridor_0,6062,6.75497353,49.37999245,-1.746057561
corridor_0,6063,7.486712574,50.1117315,-1.014318517
corridor_0,6064,8.232752918,50.85777184,-0.268278172
corridor_0,6065,8.896533131,51.52155206,0.39550204
corridor_0,6066,9.575793385,52.20081231,1.074762294
corridor_0,6067,10.15473854,52.77975747,1.653707454
corridor_0,6068,10.66195977,53.28697869,2.160928676
corridor_0,6069,11.07256234,53.69758126,2.571531245
corridor_0,6070,11.38890755,54.01392648,2.88787646
corridor_0,6071,11.51066506,54.13568398,3.009633967
corridor_0,6072,11.51681816,54.14183709,3.015787074
corridor_0,6073,11.63794625,54.26296517,3.136915156
corridor_0,6074,11.65857232,54.28359124,3.157541224
corridor_0,6075,11.64916909,54.27418801,3.148137996
corridor_0,6076,11.6284858,54.25350472,3.127454707
corridor_0,6077,11.72909844,54.35411736,3.228067348
corridor_0,6078,11.63157952,54.25659844,3.130548427
corridor_0,6079,11.47116387,54.09618279,2.970132777
corridor_0,6080,11.39392769,54.01894662,2.892896602
corridor_0,6081,11.43750298,54.0625219,2.936471889
corridor_0,6082,11.58621895,54.21123788,3.085187861
corridor_0,6083,11.8339988,54.45901772,3.332967708
corridor_0,6084,12.09876931,54.72378823,3.597738215
corridor_0,6085,12.32329476,54.94831368,3.822263667
corridor_0,6086,12.51381981,55.13883874,4.012788722
corridor_0,6087,12.76629937,55.39131829,4.265268275
corridor_0,6088,12.80221856,55.42723748,4.301187465
corridor_0,6089,12.59263146,55.21765038,4.091600368
corridor_0,6090,11.9646827,54.58970162,3.463651607
corridor_0,6091,11.01806557,53.6430845,2.51703448
corridor_0,6092,10.02159035,52.64660928,1.52055926
corridor_0,6093,9.009146809,51.63416573,0.508115718
corridor_0,6094,8.045836567,50.67085549,-0.455194524
corridor_0,6095,7.135001301,49.76002023,-1.36602979
corridor_0,6096,6.268489002,48.89350793,-2.232542089
corridor_0,6097,5.352114796,47.97713372,-3.148916295
corridor_0,6098,4.496295094,47.12131402,-4.004735997
corridor_0,6099,3.715140461,46.34015939,-4.78589063
corridor_0,6100,2.854781269,45.47980019,-5.646249822
corridor_0,6101,1.95563805,44.58065697,-6.545393041
corridor_0,6102,1.153769611,43.77878854,-7.347261479
corridor_0,6103,0.166609882,42.79162881,-8.334421208
corridor_0,6104,-0.939106823,41.6859121,-9.440137914
corridor_0,6105,-2.211373211,40.41364571,-10.7124043
corridor_0,6106,-3.761837841,38.86318108,-12.26286893
corridor_0,6107,-5.78497398,36.84004494,-14.28600507
corridor_0,6108,-10.72734535,31.89767358,-19.22837644
corridor_0,6181,-9.032318951,33.59269997,-17.53335004
corridor_0,6182,-5.768097759,36.85692117,-14.26912885
corridor_0,6183,-3.333779217,39.29123971,-11.83481031
corridor_0,6184,-2.173786999,40.45123193,-10.67481809
corridor_0,6185,-0.689541698,41.93547723,-9.190572789
corridor_0,6186,0.201869129,42.82688805,-8.299161962
corridor_0,6187,1.057631611,43.68265054,-7.44339948
corridor_0,6188,1.99703133,44.62205025,-6.503999761
corridor_0,6189,2.884509205,45.50952813,-5.616521886
corridor_0,6190,3.749529957,46.37454888,-4.751501134
corridor_0,6191,4.597579121,47.22259805,-3.90345197
corridor_0,6192,5.402075886,48.02709481,-3.098955205
corridor_0,6193,6.295939564,48.92095849,-2.205091527
corridor_0,6194,7.213626026,49.83864495,-1.287405065
corridor_0,6195,8.131369709,50.75638863,-0.369661382
corridor_0,6196,9.081545948,51.70656487,0.580514857
corridor_0,6197,10.07320321,52.69822213,1.572172114
corridor_0,6198,11.10656273,53.73158166,2.605531642
corridor_0,6199,11.89037239,54.51539132,3.389341304
corridor_0,6200,12.41895211,55.04397103,3.917921016
corridor_0,6201,12.78930199,55.41432092,4.2882709
corridor_0,6202,12.58185875,55.20687768,4.080827662
corridor_0,6203,12.38774025,55.01275918,3.886709163
corridor_0,6204,12.18899453,54.81401345,3.687963435
corridor_0,6205,11.93967354,54.56469247,3.438642451
corridor_0,6206,11.71816933,54.34318826,3.21713824
corridor_0,6207,11.53640664,54.16142556,3.035375545
corridor_0,6208,11.35858071,53.98359963,2.857549617
corridor_0,6209,11.24523461,53.87025353,2.744203517
corridor_0,6210,11.31157601,53.93659493,2.810544917
corridor_0,6211,11.42570031,54.05071923,2.924669215
corridor_0,6212,11.55166161,54.17668053,3.050630519
corridor_0,6213,11.61883843,54.24385735,3.117807338
corridor_0,6214,11.63601983,54.26103875,3.134988734
corridor_0,6215,11.6930877,54.31810662,3.192056605
corridor_0,6216,11.64181054,54.26682946,3.140779445
corridor_0,6217,11.60526192,54.23028085,3.10423083
corridor_0,6218,11.52695763,54.15197655,3.025926539
corridor_0,6219,11.45040047,54.0754194,2.94936938
corridor_0,6220,11.22339547,53.84841439,2.722364375
corridor_0,6221,10.88290322,53.50792214,2.381872127
corridor_0,6222,10.43260491,53.05762383,1.931573817
corridor_0,6223,9.881220936,52.50623986,1.380189845
corridor_0,6224,9.23670113,51.86172005,0.735670039
corridor_0,6225,8.567050098,51.19206902,0.066019008
corridor_0,6226,7.94600594,50.57102486,-0.555025151
corridor_0,6227,7.188937306,49.81395623,-1.312093785
corridor_0,6228,6.428023457,49.05304238,-2.073007634
corridor_0,6229,5.867896198,48.49291512,-2.633134892
corridor_0,6230,5.318080067,47.94309899,-3.182951024
corridor_0,6231,4.723078846,47.34809777,-3.777952245
corridor_0,6232,4.188521504,46.81354043,-4.312509587
corridor_0,6233,3.518004536,46.14302346,-4.983026555
corridor_0,6234,2.901938557,45.52695748,-5.599092534
corridor_0,6235,2.271269917,44.89628884,-6.229761174
corridor_0,6236,1.619898914,44.24491784,-6.881132176
corridor_0,6237,0.536112904,43.16113183,-7.964918187
corridor_0,6238,-0.209359051,42.41565987,-8.710390141
corridor_0,6239,-1.431691051,41.19332787,-9.932722142
corridor_0,6240,-3.292839886,39.33217904,-11.79387098
corridor_0,6241,-6.17458427,36.45043465,-14.67561536
corridor_0,6303,-14.10045707,28.52456185,-22.60148816
corridor_0,6304,-4.85900581,37.76601311,-13.3600369
corridor_0,6305,-2.814946056,39.81007287,-11.31597715
corridor_0,6306,-1.07529533,41.54972359,-9.576326421
corridor_0,6307,0.097190022,42.72220895,-8.403841069
corridor_0,6308,1.112555622,43.73757455,-7.388475469
corridor_0,6309,1.910056233,44.53507516,-6.590974858
corridor_0,6310,2.647276997,45.27229592,-5.853754094
corridor_0,6311,3.264289021,45.88930795,-5.23674207
corridor_0,6312,3.870219349,46.49523827,-4.630811742
corridor_0,6313,4.468310474,47.0933294,-4.032720616
corridor_0,6314,5.00982964,47.63484856,-3.491201451
corridor_0,6315,5.60987389,48.23489281,-2.891157201
corridor_0,6316,6.169451832,48.79447076,-2.331579259
corridor_0,6317,6.882712483,49.50773141,-1.618318608
corridor_0,6318,7.61139214,50.23641106,-0.889638951
corridor_0,6319,8.282267689,50.90728661,-0.218763402
corridor_0,6320,8.912715077,51.537734,0.411683986
corridor_0,6321,9.577353596,52.20237252,1.076322505
corridor_0,6322,10.16979515,52.79481408,1.668764064
corridor_0,6323,10.7149421,53.33996102,2.213911006
corridor_0,6324,11.11230004,53.73731896,2.611268947
corridor_0,6325,11.37737191,54.00239083,2.876340816
corridor_0,6326,11.48736107,54.11238,2.986329982
corridor_0,6327,11.58608925,54.21110818,3.085058162
corridor_0,6328,11.63005364,54.25507256,3.129022548
corridor_0,6329,11.61202538,54.2370443,3.110994288
corridor_0,6330,11.67439568,54.2994146,3.173364589
corridor_0,6331,11.69226754,54.31728646,3.191236445
corridor_0,6332,11.58465493,54.20967385,3.083623836
corridor_0,6333,11.45880043,54.08381936,2.957769343
corridor_0,6334,11.27234185,53.89736077,2.771310756
corridor_0,6335,11.12511361,53.75013253,2.624082515
corridor_0,6336,11.22562325,53.85064217,2.724592158
corridor_0,6337,11.38090813,54.00592706,2.87987704
corridor_0,6338,11.53909981,54.16411874,3.038068721
corridor_0,6339,11.76256478,54.3875837,3.261533687
corridor_0,6340,11.98640358,54.61142251,3.485372493
corridor_0,6341,12.21443474,54.83945367,3.713403651
corridor_0,6342,12.44416344,55.06918237,3.94313235
corridor_0,6343,12.56321251,55.18823144,4.062181422
corridor_0,6344,12.69092095,55.31593987,4.189889857
corridor_0,6345,12.61661065,55.24162957,4.115579555
corridor_0,6346,11.98935234,54.61437127,3.488321254
corridor_0,6347,11.07654488,53.7015638,2.575513789
corridor_0,6348,10.06381524,52.68883416,1.562784144
corridor_0,6349,9.045622944,51.67064187,0.544591853
corridor_0,6350,8.131079792,50.75609872,-0.369951299
corridor_0,6351,7.185820698,49.81083962,-1.315210393
corridor_0,6352,6.276309132,48.90132806,-2.224721959
corridor_0,6353,5.358386158,47.98340508,-3.142644933
corridor_0,6354,4.528758167,47.15377709,-3.972272923
corridor_0,6355,3.619124531,46.24414346,-4.88190656
corridor_0,6356,2.747866749,45.37288567,-5.753164342
corridor_0,6357,1.962458729,44.58747765,-6.538572362
corridor_0,6358,1.167491077,43.79251,-7.333540013
corridor_0,6359,0.200728535,42.82574746,-8.300302556
corridor_0,6360,-0.894871593,41.73014733,-9.395902684
corridor_0,6361,-2.173478008,40.45154092,-10.6745091
corridor_0,6362,-3.718510509,38.90650842,-12.2195416
corridor_0,6363,-5.762322308,36.86269662,-14.2633534
corridor_0,6364,-9.038639904,33.58637902,-17.53967099
corridor_0,6437,-9.056841732,33.56817719,-17.55787282
corridor_0,6438,-5.772736431,36.85228249,-14.27376752
corridor_0,6439,-3.724881054,38.90013787,-12.22591214
corridor_0,6440,-2.190705181,40.43431374,-10.69173627
corridor_0,6441,-0.934010387,41.69100854,-9.435041478
corridor_0,6442,0.135020374,42.7600393,-8.366010716
corridor_0,6443,0.950362324,43.57538125,-7.550668767
corridor_0,6444,1.87310326,44.49812218,-6.627927831
corridor_0,6445,2.741023182,45.36604211,-5.760007909
corridor_0,6446,3.507582783,46.13260171,-4.993448308
corridor_0,6447,4.346858143,46.97187707,-4.154172948
corridor_0,6448,5.18466103,47.80967995,-3.316370061
corridor_0,6449,6.102122425,48.72714135,-2.398908666
corridor_0,6450,7.072104572,49.6971235,-1.428926518
corridor_0,6451,8.024436115,50.64945504,-0.476594975
corridor_0,6452,8.926875233,51.55189416,0.425844142
corridor_0,6453,9.940726399,52.56574532,1.439695308
corridor_0,6454,10.92150795,53.54652688,2.420476863
corridor_0,6455,11.79093087,54.41594979,3.289899776
corridor_0,6456,12.26340783,54.88842675,3.762376735
corridor_0,6457,12.44766152,55.07268044,3.946630427
corridor_0,6458,12.43873131,55.06375024,3.937700221
corridor_0,6459,12.38054955,55.00556847,3.879518458
corridor_0,6460,12.27011406,54.89513299,3.769082973
corridor_0,6461,12.10612786,54.73114678,3.605096766
corridor_0,6462,11.86991799,54.49493691,3.368886897
corridor_0,6463,11.63914788,54.2641668,3.138116786
corridor_0,6464,11.43194497,54.05696389,2.930913875
corridor_0,6465,11.26216805,53.88718697,2.761136958
corridor_0,6466,11.12259972,53.74761864,2.621568629
corridor_0,6467,11.16520226,53.79022118,2.664171168
corridor_0,6468,11.25927651,53.88429543,2.758245418
corridor_0,6469,11.35859597,53.98361489,2.857564876
corridor_0,6470,11.55072701,54.17574593,3.049695918
corridor_0,6471,11.52956307,54.15458199,3.028531978
corridor_0,6472,11.53596413,54.16098306,3.03493304
corridor_0,6473,11.54330742,54.16832635,3.042276332
corridor_0,6474,11.53632271,54.16134164,3.035291621
corridor_0,6475,11.54163659,54.16665551,3.040605494
corridor_0,6476,11.46892464,54.09394357,2.96789355
corridor_0,6477,11.27230751,53.89732644,2.771276423
corridor_0,6478,10.95563424,53.58065316,2.454603145
corridor_0,6479,10.45539391,53.08041283,1.954362819
corridor_0,6480,9.857398151,52.48241708,1.356367061
corridor_0,6481,9.283686756,51.90870568,0.782655665
corridor_0,6482,8.633486866,51.25850579,0.132455775
corridor_0,6483,7.934325337,50.55934426,-0.566705754
corridor_0,6484,7.209025501,49.83404443,-1.292005589
corridor_0,6485,6.464415669,49.08943459,-2.036615422
corridor_0,6486,5.903308033,48.52832696,-2.597723058
corridor_0,6487,5.346781849,47.97180077,-3.154249242
corridor_0,6488,4.744532703,47.36955163,-3.756498387
corridor_0,6489,4.216017841,46.84103677,-4.285013249
corridor_0,6490,3.607585072,46.232604,-4.893446019
corridor_0,6491,3.003008961,45.62802789,-5.49802213
corridor_0,6492,2.387957691,45.01297662,-6.1130734
corridor_0,6493,1.645320057,44.27033898,-6.855711034
corridor_0,6494,0.844164967,43.46918389,-7.656866124
corridor_0,6495,-0.745377422,41.8796415,-9.246408513
corridor_0,6496,-2.100640179,40.52437875,-10.60167127
corridor_0,6497,-4.260613323,38.3644056,-12.76164441
corridor_0,6498,-9.272784115,33.35223481,-17.77381521
corridor_0,6559,-7.953585506,34.67143342,-16.4546166
corridor_0,6560,-3.35226524,39.27275368,-11.85329633
corridor_0,6561,-1.728764416,40.89625451,-10.22979551
corridor_0,6562,0.108073353,42.73309228,-8.392957738
corridor_0,6563,1.255213856,43.88023278,-7.245817235
corridor_0,6564,2.126780628,44.75179955,-6.374250463
corridor_0,6565,2.740176319,45.36519524,-5.760854772
corridor_0,6566,3.351264118,45.97628304,-5.149766973
corridor_0,6567,3.87530434,46.50032326,-4.62572675
corridor_0,6568,4.476359486,47.10137841,-4.024671605
corridor_0,6569,5.064612507,47.68963143,-3.436418584
corridor_0,6570,5.653277515,48.27829644,-2.847753575
corridor_0,6571,6.209868549,48.83488747,-2.291162541
corridor_0,6572,6.889567494,49.51458642,-1.611463597
corridor_0,6573,7.595015644,50.22003457,-0.906015447
corridor_0,6574,8.28735268,50.9123716,-0.213678411
corridor_0,6575,8.964079975,51.5890989,0.463048884
corridor_0,6576,9.568617939,52.19363686,1.067586848
corridor_0,6577,10.12966072,52.75467965,1.628629634
corridor_0,6578,10.70282662,53.32784554,2.201795527
corridor_0,6579,11.13648522,53.76150414,2.635454127
corridor_0,6580,11.40420067,54.0292196,2.903169581
corridor_0,6581,11.50897515,54.13399407,3.007944057
corridor_0,6582,11.52526009,54.15027901,3.024228999
corridor_0,6583,11.49872124,54.12374017,2.99769015
corridor_0,6584,11.45697701,54.08199593,2.955945918
corridor_0,6585,11.56649697,54.19151589,3.065465877
corridor_0,6586,11.5743171,54.19933602,3.073286006
corridor_0,6587,11.45834649,54.08336541,2.957315394
corridor_0,6588,11.2718879,53.89690682,2.770856807
corridor_0,6589,11.16881096,53.79382989,2.667779872
corridor_0,6590,11.1530906,53.77810952,2.652059505
corridor_0,6591,11.19629967,53.8213186,2.69526858
corridor_0,6592,11.35433495,53.97935387,2.853303859
corridor_0,6593,11.54194176,54.16696069,3.04091067
corridor_0,6594,11.75859749,54.38361642,3.257566401
corridor_0,6595,11.97502816,54.60004708,3.473997066
corridor_0,6596,12.12538445,54.75040337,3.624353358
corridor_0,6597,12.27453148,54.89955041,3.773500392
corridor_0,6598,12.51463997,55.1396589,4.013608882
corridor_0,6599,12.52716744,55.15218636,4.026136348
corridor_0,6600,12.3936454,55.01866433,3.892614314
corridor_0,6601,11.87842476,54.50344369,3.377393672
corridor_0,6602,11.32971108,53.95473,2.828679988
corridor_0,6603,10.52907479,53.15409371,2.028043696
corridor_0,6604,9.614081501,52.23910043,1.11305041
corridor_0,6605,8.699088215,51.32410714,0.198057124
corridor_0,6606,7.790179371,50.4151983,-0.71085172
corridor_0,6607,6.816065907,49.44108483,-1.684965184
corridor_0,6608,5.891863941,48.51688287,-2.60916715
corridor_0,6609,5.032126545,47.65714547,-3.468904546
corridor_0,6610,4.120417713,46.74543664,-4.380613378
corridor_0,6611,3.279784321,45.90480325,-5.22124677
corridor_0,6612,2.510111927,45.13513085,-5.990919164
corridor_0,6613,1.748568653,44.37358758,-6.752462438
corridor_0,6614,0.84840691,43.47342583,-7.652624181
corridor_0,6615,0.034789204,42.65980813,-8.466241887
corridor_0,6616,-1.242226482,41.38279244,-9.743257573
corridor_0,6617,-2.233189464,40.39182946,-10.73422056
corridor_0,6618,-3.760266186,38.86475274,-12.26129728
corridor_0,6619,-6.520544887,36.10447404,-15.02157598
corridor_0,6620,-10.78551757,31.83950135,-19.28654867
corridor_0,6693,-13.76744545,28.85757348,-22.26847654
corridor_0,6694,-6.576722027,36.0482969,-15.07775312
corridor_0,6695,-4.266369701,38.35864922,-12.76740079
corridor_0,6696,-2.322483898,40.30253503,-10.82351499
corridor_0,6697,-1.341030956,41.28398797,-9.842062047
corridor_0,6698,-0.255684734,42.36933419,-8.756715825
corridor_0,6699,0.560057758,43.18507668,-7.940973332
corridor_0,6700,1.490882038,44.11590096,-7.010149053
corridor_0,6701,2.362372517,44.98739144,-6.138658574
corridor_0,6702,3.205283283,45.83030221,-5.295747808
corridor_0,6703,3.926745533,46.55176446,-4.574285558
corridor_0,6704,4.827689289,47.45270821,-3.673341802
corridor_0,6705,5.80121529,48.42623421,-2.699815801
corridor_0,6706,6.693408131,49.31842706,-1.80762296
corridor_0,6707,7.610037922,50.23505685,-0.890993169
corridor_0,6708,8.57094109,51.19596001,0.069909999
corridor_0,6709,9.472689747,52.09770867,0.971658656
corridor_0,6710,10.35124504,52.97626397,1.850213954
corridor_0,6711,11.09131157,53.7163305,2.590280482
corridor_0,6712,11.76842415,54.39344308,3.267393062
corridor_0,6713,12.31114495,54.93616387,3.810113856
corridor_0,6714,12.60165703,55.22667596,4.100625941
corridor_0,6715,12.51500618,55.14002511,4.013975093
corridor_0,6716,12.32320321,54.94822213,3.822172114
corridor_0,6717,12.16714013,54.79215905,3.666109035
corridor_0,6718,12.06328881,54.68830773,3.562257716
corridor_0,6719,11.88595879,54.51097771,3.384927699
corridor_0,6720,11.69922554,54.32424447,3.198194453
corridor_0,6721,11.49216378,54.1171827,2.991132686
corridor_0,6722,11.30400002,53.92901894,2.802968928
corridor_0,6723,11.20507347,53.8300924,2.704042384
corridor_0,6724,11.17011177,53.7951307,2.669080684
corridor_0,6725,11.18614113,53.81116006,2.685110042
corridor_0,6726,11.27583229,53.90085122,2.774801204
corridor_0,6727,11.4636451,54.08866402,2.962614009
corridor_0,6728,11.4796592,54.10467812,2.978628108
corridor_0,6729,11.38578331,54.01080224,2.884752223
corridor_0,6730,11.4065429,54.03156182,2.905511806
corridor_0,6731,11.46235192,54.08737084,2.961320827
corridor_0,6732,11.55258095,54.17759988,3.051549861
corridor_0,6733,11.46419442,54.08921334,2.963163325
corridor_0,6734,11.27154457,53.8965635,2.770513484
corridor_0,6735,10.8758117,53.50083062,2.374780604
corridor_0,6736,10.39085305,53.01587197,1.889821956
corridor_0,6737,9.860140919,52.48515984,1.359109828
corridor_0,6738,9.24791634,51.87293526,0.746885249
corridor_0,6739,8.600470661,51.22548959,0.09943957
corridor_0,6740,7.980589985,50.60560891,-0.520441106
corridor_0,6741,7.280413746,49.90543267,-1.220617345
corridor_0,6742,6.54119408,49.166213,-1.95983701
corridor_0,6743,5.983321308,48.60834023,-2.517709783
corridor_0,6744,5.456908344,48.08192727,-3.044122746
corridor_0,6745,4.927428364,47.55244729,-3.573602727
corridor_0,6746,4.348830341,46.97384927,-4.152200749
corridor_0,6747,3.828288197,46.45330712,-4.672742894
corridor_0,6748,3.089129566,45.71414849,-5.411901525
corridor_0,6749,2.389868855,45.01488778,-6.111162236
corridor_0,6750,1.7590667,44.38408562,-6.741964391
corridor_0,6751,0.855170368,43.48018929,-7.645860723
corridor_0,6752,-0.534497143,42.09052178,-9.035528234
corridor_0,6753,-2.915814281,39.70920464,-11.41684537
corridor_0,6754,-5.521618725,37.1034002,-14.02264982
corridor_0,6815,-4.899029613,37.72598931,-13.4000607
corridor_0,6816,-2.515683056,40.10933587,-11.01671415
corridor_0,6817,0.294276356,42.91929528,-8.206754735
corridor_0,6818,1.262641071,43.88766,-7.238390019
corridor_0,6819,2.431754231,45.05677316,-6.06927686
corridor_0,6820,3.189459919,45.81447884,-5.311571172
corridor_0,6821,3.676207661,46.30122659,-4.82482343
corridor_0,6822,4.244376301,46.86939523,-4.25665479
corridor_0,6823,4.745070576,47.3700895,-3.755960515
corridor_0,6824,5.270426869,47.89544579,-3.230604222
corridor_0,6825,5.785895466,48.41091439,-2.715135625
corridor_0,6826,6.327010273,48.9520292,-2.174020818
corridor_0,6827,7.00516045,49.63017937,-1.495870641
corridor_0,6828,7.76700127,50.39202019,-0.73402982
corridor_0,6829,8.367766499,50.99278542,-0.133264592
corridor_0,6830,8.885382771,51.5104017,0.38435168
corridor_0,6831,9.504149555,52.12916848,1.003118464
corridor_0,6832,10.14112389,52.76614281,1.640092799
corridor_0,6833,10.64651787,53.2715368,2.145486781
corridor_0,6834,11.05041802,53.67543694,2.549386928
corridor_0,6835,11.32760537,53.95262429,2.826574275
corridor_0,6836,11.49288094,54.11789986,2.991849849
corridor_0,6837,11.51286614,54.13788506,3.011835048
corridor_0,6838,11.40958321,54.03460213,2.908552119
corridor_0,6839,11.31623757,53.94125649,2.815206477
corridor_0,6840,11.42904961,54.05406853,2.928018519
corridor_0,6841,11.41265786,54.03767678,2.911626765
corridor_0,6842,11.37979042,54.00480935,2.878759334
corridor_0,6843,11.20617974,53.83119866,2.705148646
corridor_0,6844,11.18664467,53.8116636,2.685613582
corridor_0,6845,11.18814766,53.81316659,2.687116572
corridor_0,6846,11.29461205,53.91963097,2.793580958
corridor_0,6847,11.46877968,54.09379861,2.967748591
corridor_0,6848,11.65917885,54.28419778,3.158147761
corridor_0,6849,11.86270821,54.48772713,3.361677119
corridor_0,6850,12.03103936,54.65605828,3.530008265
corridor_0,6851,12.13204873,54.75706765,3.631017634
corridor_0,6852,12.21470559,54.83972451,3.713674495
corridor_0,6853,12.24660408,54.87162301,3.745572993
corridor_0,6854,12.17587578,54.80089471,3.674844691
corridor_0,6855,12.11738884,54.74240777,3.616357753
corridor_0,6856,11.82136452,54.44638345,3.32033343
corridor_0,6857,11.25007546,53.87509438,2.749044368
corridor_0,6858,10.73317635,53.35819527,2.232145259
corridor_0,6859,10.04243386,52.66745278,1.541402766
corridor_0,6860,9.437609791,52.06262872,0.9365787
corridor_0,6861,8.647467732,51.27248666,0.146436641
corridor_0,6862,7.56268227,50.18770119,-0.938348821
corridor_0,6863,6.727324604,49.35234353,-1.773706487
corridor_0,6864,5.890627979,48.5156469,-2.610403111
corridor_0,6865,5.086581348,47.71160027,-3.414449742
corridor_0,6866,4.333949207,46.95896813,-4.167081883
corridor_0,6867,3.462416767,46.08743569,-5.038614324
corridor_0,6868,2.706252216,45.33127114,-5.794778874
corridor_0,6869,1.8504287,44.47544762,-6.650602391
corridor_0,6870,0.91355431,43.53857323,-7.587476781
corridor_0,6871,-0.341412426,42.2836065,-8.842443517
corridor_0,6872,-1.691555859,40.93346307,-10.19258695
corridor_0,6873,-2.740261913,39.88475701,-11.241293
corridor_0,6874,-4.361164928,38.263854,-12.86219602
corridor_0,6875,-7.57210815,35.05291077,-16.07313924
corridor_0,6876,-13.84351814,28.78150079,-22.34454923
corridor_0,6950,-8.869589687,33.75542924,-17.37062078
corridor_0,6951,-5.000618816,37.62440011,-13.50164991
corridor_0,6952,-2.506337048,40.11868188,-11.00736814
corridor_0,6953,-1.040284038,41.58473489,-9.541315129
corridor_0,6954,0.304988026,42.93000695,-8.196043065
corridor_0,6955,1.279933094,43.90495202,-7.221097997
corridor_0,6956,2.246981739,44.87200066,-6.254049352
corridor_0,6957,3.002303242,45.62732217,-5.498727849
corridor_0,6958,3.667410969,46.29242989,-4.833620122
corridor_0,6959,4.475733875,47.1007528,-4.025297215
corridor_0,6960,5.109095692,47.73411462,-3.391935399
corridor_0,6961,5.856463551,48.48148248,-2.64456754
corridor_0,6962,6.770018696,49.39503762,-1.731012395
corridor_0,6963,7.742072224,50.36709115,-0.758958867
corridor_0,6964,8.365443348,50.99046227,-0.135587743
corridor_0,6965,9.034545063,51.65956399,0.533513972
corridor_0,6966,9.549803852,52.17482278,1.048772761
corridor_0,6967,10.16552269,52.79054162,1.664491603
corridor_0,6968,10.71892846,53.34394738,2.217897365
corridor_0,6969,11.16276467,53.78778359,2.661733577
corridor_0,6970,11.59414589,54.21916482,3.093114802
corridor_0,6971,11.77240288,54.39742181,3.271371791
corridor_0,6972,11.97365487,54.59867379,3.472623775
corridor_0,6973,12.09997094,54.72498986,3.598939845
corridor_0,6974,12.11487877,54.7398977,3.613847682
corridor_0,6975,12.09104836,54.71606728,3.590017268
corridor_0,6976,11.99276268,54.61778161,3.491731593
corridor_0,6977,11.8250953,54.45011422,3.324064204
corridor_0,6978,11.63467705,54.25969598,3.133645961
corridor_0,6979,11.44435799,54.06937691,2.9433269
corridor_0,6980,11.30078423,53.92580315,2.799753139
corridor_0,6981,11.20822823,53.83324715,2.707197139
corridor_0,6982,11.17050469,53.79552361,2.669473598
corridor_0,6983,11.23046791,53.85548684,2.729436824
corridor_0,6984,11.32580483,53.95082375,2.824773738
corridor_0,6985,11.26031792,53.88533685,2.75928683
corridor_0,6986,11.19898522,53.82400414,2.697954127
corridor_0,6987,11.33497536,53.95999429,2.83394427
corridor_0,6988,11.46293938,54.08795831,2.96190829
corridor_0,6989,11.47268593,54.09770486,2.971654841
corridor_0,6990,11.36394799,53.98896691,2.862916896
corridor_0,6991,11.18424904,53.80926797,2.683217952
corridor_0,6992,10.82732308,53.452342,2.326291987
corridor_0,6993,10.33690178,52.96192071,1.835870692
corridor_0,6994,9.751341938,52.37636086,1.250310847
corridor_0,6995,9.17608559,51.80110451,0.6750545
corridor_0,6996,8.72454369,51.34956261,0.223512599
corridor_0,6997,8.158343433,50.78336236,-0.342687657
corridor_0,6998,7.416865467,50.04188439,-1.084165624
corridor_0,6999,6.65579903,49.28081795,-1.84523206
corridor_0,7000,6.129706501,48.75472543,-2.37132459
corridor_0,7001,5.614028095,48.23904702,-2.887002995
corridor_0,7002,5.083953022,47.70897195,-3.417078069
corridor_0,7003,4.610541462,47.23556039,-3.890489629
corridor_0,7004,4.105765461,46.73078439,-4.39526563
corridor_0,7005,3.559908985,46.18492791,-4.941122106
corridor_0,7006,3.071757435,45.69677636,-5.429273656
corridor_0,7007,2.432425617,45.05744454,-6.068605474
corridor_0,7008,1.755309223,44.38032815,-6.745721868
corridor_0,7009,-0.133244396,42.49177453,-8.634275487
corridor_0,7010,-4.350281597,38.27473733,-12.85131269
corridor_0,7071,-0.352040173,42.27297875,-8.853071263
corridor_0,7072,1.835703968,44.46072289,-6.665327123
corridor_0,7073,2.480841755,45.10586068,-6.020189336
corridor_0,7074,3.00529015,45.63030907,-5.495740941
corridor_0,7075,3.451247334,46.07626626,-5.049783757
corridor_0,7076,3.998252033,46.62327096,-4.502779058
corridor_0,7077,4.488516926,47.11353585,-4.012514165
corridor_0,7078,4.974276661,47.59929559,-3.52675443
corridor_0,7079,5.449900745,48.07491967,-3.051130345
corridor_0,7080,5.950816273,48.5758352,-2.550214818
corridor_0,7081,6.46955788,49.09457681,-2.03147321
corridor_0,7082,7.019358753,49.64437768,-1.481672338
corridor_0,7083,7.866515278,50.4915342,-0.634515813
corridor_0,7084,8.505171894,51.13019082,0.004140803
corridor_0,7085,9.051138996,51.67615792,0.550107905
corridor_0,7086,9.369452595,51.99447152,0.868421504
corridor_0,7087,9.942694782,52.56771371,1.441663692
corridor_0,7088,10.49663842,53.12165734,1.995607326
corridor_0,7089,10.95713723,53.58215615,2.456106135
corridor_0,7090,11.25826561,53.88328454,2.757234523
corridor_0,7091,11.41219628,54.0372152,2.911165187
corridor_0,7092,11.38744271,54.01246163,2.886411616
corridor_0,7093,11.38811028,54.0131292,2.887079188
corridor_0,7094,11.28257286,53.90759179,2.781541774
corridor_0,7095,11.1169883,53.74200722,2.61595721
corridor_0,7096,11.0472213,53.67224023,2.546190211
corridor_0,7097,11.07591164,53.70093056,2.574880549
corridor_0,7098,11.08282387,53.7078428,2.581792781
corridor_0,7099,11.12110436,53.74612328,2.620073268
corridor_0,7100,11.22591317,53.85093209,2.724882075
corridor_0,7101,11.39662087,54.02163979,2.895589778
corridor_0,7102,11.6189872,54.24400613,3.117956111
corridor_0,7103,11.81721413,54.44223306,3.31618304
corridor_0,7104,11.9914962,54.61651513,3.490465114
corridor_0,7105,12.10454857,54.7295675,3.603517482
corridor_0,7106,12.16882622,54.79384515,3.667795131
corridor_0,7107,12.08898461,54.71400353,3.587953517
corridor_0,7108,11.8908416,54.51586053,3.389810512
corridor_0,7109,11.67346871,54.29848763,3.172437617
corridor_0,7110,11.35900032,53.98401925,2.857969234
corridor_0,7111,11.04276574,53.66778466,2.541734645
corridor_0,7112,10.64434731,53.26936623,2.143316218
corridor_0,7113,10.13116372,52.75618264,1.630132625
corridor_0,7114,9.646361469,52.27138039,1.145330379
corridor_0,7115,9.141673206,51.76669213,0.640642116
corridor_0,7116,8.6523391,51.27735802,0.151308009
corridor_0,7117,8.072684406,50.69770333,-0.428346684
corridor_0,7118,7.540320515,50.16533944,-0.960710576
corridor_0,7119,6.86673653,49.49175545,-1.63429456
corridor_0,7120,6.027751087,48.65277001,-2.473280004
corridor_0,7121,5.154219746,47.77923867,-3.346811345
corridor_0,7122,4.515769123,47.14078805,-3.985261968
corridor_0,7123,3.825022816,46.45004174,-4.676008275
corridor_0,7124,3.157714008,45.78273293,-5.343317082
corridor_0,7125,2.450877308,45.07589623,-6.050153783
corridor_0,7126,1.783759235,44.40877816,-6.717271855
corridor_0,7127,0.638644337,43.26366326,-7.862386754
corridor_0,7128,-0.40329826,42.22172066,-8.90432935
corridor_0,7129,-1.919072033,40.70594689,-10.42010312
corridor_0,7130,-3.611283184,39.01373574,-12.11231427
corridor_0,7131,-7.773318172,34.85170075,-16.27434926
corridor_0,7205,-10.73382843,31.8911905,-19.23485952
corridor_0,7206,-5.901635052,36.72338387,-14.40266614
corridor_0,7207,-3.128727795,39.49629113,-11.62975889
corridor_0,7208,-1.081463695,41.54355523,-9.582494786
corridor_0,7209,0.386012196,43.01103112,-8.115018895
corridor_0,7210,1.28413689,43.90915582,-7.2168942
corridor_0,7211,2.074061512,44.69908044,-6.426969579
corridor_0,7212,2.780600666,45.40561959,-5.720430425
corridor_0,7213,3.502066731,46.12708566,-4.99896436
corridor_0,7214,4.105387806,46.73040673,-4.395643285
corridor_0,7215,4.709078907,47.33409783,-3.791952184
corridor_0,7216,5.402136921,48.02715585,-3.09889417
corridor_0,7217,6.068221211,48.69324014,-2.43280988
corridor_0,7218,6.83051598,49.4555349,-1.670515111
corridor_0,7219,7.284369587,49.90938851,-1.216661504
corridor_0,7220,7.854575275,50.4795942,-0.646455815
corridor_0,7221,8.319220661,50.94423959,-0.18181043
corridor_0,7222,8.795344471,51.4203634,0.29431338
corridor_0,7223,9.261374592,51.88639352,0.760343501
corridor_0,7224,9.727477192,52.35249612,1.226446101
corridor_0,7225,10.19246209,52.81748101,1.691430995
corridor_0,7226,10.64044106,53.26545998,2.139409968
corridor_0,7227,11.03648293,53.66150185,2.535451838
corridor_0,7228,11.4328376,54.05785653,2.931806514
corridor_0,7229,11.73159325,54.35661217,3.23056216
corridor_0,7230,12.00684655,54.63186547,3.505815455
corridor_0,7231,12.17452538,54.7995443,3.673494288
corridor_0,7232,12.19503319,54.82005212,3.694002101
corridor_0,7233,12.13866341,54.76368233,3.637632319
corridor_0,7234,12.02025521,54.64527413,3.519224116
corridor_0,7235,11.83068001,54.45569894,3.329648921
corridor_0,7236,11.5951606,54.22017953,3.094129512
corridor_0,7237,11.35477364,53.97979256,2.853742549
corridor_0,7238,11.17996132,53.80498025,2.678930232
corridor_0,7239,11.04006112,53.66508004,2.539030025
corridor_0,7240,11.0061332,53.63115212,2.505102107
corridor_0,7241,11.03774559,53.66276452,2.536714503
corridor_0,7242,11.09801018,53.72302911,2.596979091
corridor_0,7243,11.19216072,53.81717965,2.691129634
corridor_0,7244,11.24841607,53.87343499,2.747384974
corridor_0,7245,11.3969413,54.02196023,2.895910213
corridor_0,7246,11.40923607,54.034255,2.908204982
corridor_0,7247,11.34076607,53.965785,2.839734981
corridor_0,7248,11.05689537,53.6819143,2.555864284
corridor_0,7249,10.62661278,53.25163171,2.125581691
corridor_0,7250,10.10859215,52.73361108,1.607561061
corridor_0,7251,9.564620136,52.18963906,1.063589046
corridor_0,7252,9.13028252,51.75530144,0.62925143
corridor_0,7253,8.634364246,51.25938317,0.133333156
corridor_0,7254,8.082713245,50.70773217,-0.418317845
corridor_0,7255,7.372874378,49.9978933,-1.128156713
corridor_0,7256,6.802443623,49.42746255,-1.698587468
corridor_0,7257,6.307772755,48.93279168,-2.193258336
corridor_0,7258,5.777228474,48.4022474,-2.723802617
corridor_0,7259,5.333193897,47.95821282,-3.167837193
corridor_0,7260,4.776217579,47.4012365,-3.724813512
corridor_0,7261,4.334765553,46.95978448,-4.166265538
corridor_0,7262,3.898047566,46.52306649,-4.602983525
corridor_0,7263,3.390559315,46.01557824,-5.110471776
corridor_0,7264,2.970736622,45.59575555,-5.530294469
corridor_0,7265,2.475527882,45.10054681,-6.025503209
corridor_0,7266,1.965067982,44.59008691,-6.535963109
corridor_0,7267,-3.114281536,39.51073739,-11.61531263
corridor_0,7268,-5.01467979,37.61033913,-13.51571088
corridor_0,7323,-4.494225384,38.13079354,-12.99525647
corridor_0,7324,-2.772965313,39.85205361,-11.2739964
corridor_0,7325,-1.746674419,40.87834451,-10.24770551
corridor_0,7326,0.409632801,43.03465173,-8.09139829
corridor_0,7327,2.412577747,45.03759667,-6.088453343
corridor_0,7328,2.891734242,45.51675317,-5.609296849
corridor_0,7329,3.287253498,45.91227242,-5.213777593
corridor_0,7330,3.763888477,46.3889074,-4.737142613
corridor_0,7331,4.182685017,46.80770394,-4.318346074
corridor_0,7332,4.684554218,47.30957314,-3.816476872
corridor_0,7333,5.126464008,47.75148293,-3.374567082
corridor_0,7334,5.60167992,48.22669884,-2.899351171
corridor_0,7335,6.034655689,48.65967461,-2.466375401
corridor_0,7336,6.536624073,49.161643,-1.964407018
corridor_0,7337,7.055171131,49.68019006,-1.44585996
corridor_0,7338,7.569438099,50.19445702,-0.931592992
corridor_0,7339,8.275931477,50.9009504,-0.225099614
corridor_0,7340,8.834624409,51.45964333,0.333593318
corridor_0,7341,9.290244221,51.91526315,0.78921313
corridor_0,7342,9.737284779,52.3623037,1.236253688
corridor_0,7343,10.26203453,52.88705346,1.761003444
corridor_0,7344,10.72004616,53.34506509,2.219015071
corridor_0,7345,11.11891472,53.74393365,2.617883632
corridor_0,7346,11.3852607,54.01027962,2.884229609
corridor_0,7347,11.42718804,54.05220696,2.926156947
corridor_0,7348,11.37702477,54.00204369,2.875993678
corridor_0,7349,11.20580208,53.83082101,2.704770991
corridor_0,7350,11.02410424,53.64912316,2.523073146
corridor_0,7351,11.04506981,53.67008874,2.544038722
corridor_0,7352,11.0174514,53.64247033,2.516420314
corridor_0,7353,11.0165168,53.64153573,2.515485713
corridor_0,7354,11.10019219,53.72521111,2.599161098
corridor_0,7355,11.27136147,53.89638039,2.770330379
corridor_0,7356,11.49742806,54.12244698,2.996396968
corridor_0,7357,11.77191079,54.39692971,3.270879695
corridor_0,7358,12.01695168,54.6419706,3.515920588
corridor_0,7359,12.15439904,54.77941796,3.653367946
corridor_0,7360,12.23575509,54.86077401,3.734723994
corridor_0,7361,12.17415154,54.79917046,3.673120448
corridor_0,7362,12.0192405,54.64425942,3.518209407
corridor_0,7363,11.80343544,54.42845437,3.302404353
corridor_0,7364,11.50677407,54.13179299,3.005742976
corridor_0,7365,11.16259301,53.78761193,2.661561915
corridor_0,7366,10.74845421,53.37347314,2.247423121
corridor_0,7367,10.29442131,52.91944024,1.793390224
corridor_0,7368,9.797072529,52.42209145,1.296041438
corridor_0,7369,9.399386524,52.02440545,0.898355433
corridor_0,7370,8.952902912,51.57792184,0.451871821
corridor_0,7371,8.504370808,51.12938973,0.003339717
corridor_0,7372,8.001818775,50.6268377,-0.499212316
corridor_0,7373,7.542319416,50.16733834,-0.958711675
corridor_0,7374,7.182490467,49.80750939,-1.318540624
corridor_0,7375,6.777892231,49.40291116,-1.72313886
corridor_0,7376,6.417555927,49.04257485,-2.083475163
corridor_0,7377,5.593142628,48.21816155,-2.907888463
corridor_0,7378,4.89092934,47.51594826,-3.61010175
corridor_0,7379,4.365084766,46.99010369,-4.135946324
corridor_0,7380,3.655512928,46.28053185,-4.845518163
corridor_0,7381,3.045718311,45.67073724,-5.455312779
corridor_0,7382,2.379893421,45.00491235,-6.12113767
corridor_0,7383,1.644934773,44.2699537,-6.856096318
corridor_0,7384,0.516173481,43.14119241,-7.98485761
corridor_0,7385,-0.491089703,42.13392922,-8.992120793
corridor_0,7386,-1.950055004,40.67496392,-10.45108609
corridor_0,7387,-4.396092297,38.22892663,-12.89712339
corridor_0,7388,-6.549952389,36.07506654,-15.05098348
corridor_0,7389,-8.926638485,33.69838044,-17.42766958
corridor_0,7390,-13.87992179,28.74509713,-22.38095289
corridor_0,7458,-13.86613548,28.75888345,-22.36716657
corridor_0,7459,-7.685858608,34.93916032,-16.1868897
corridor_0,7460,-5.121765972,37.50325295,-13.62279706
corridor_0,7461,-3.841217876,38.78380105,-12.34224897
corridor_0,7462,-2.789234997,39.83578393,-11.29026609
corridor_0,7463,-1.641358257,40.98366067,-10.14238935
corridor_0,7464,-0.256676556,42.36834237,-8.757707646
corridor_0,7465,1.000090717,43.62510964,-7.500940373
corridor_0,7466,1.912776112,44.53779504,-6.588254979
corridor_0,7467,2.599513172,45.2245321,-5.901517919
corridor_0,7468,3.220896839,45.84591576,-5.280134252
corridor_0,7469,3.88072884,46.50574776,-4.620302251
corridor_0,7470,4.558608173,47.1836271,-3.942422917
corridor_0,7471,5.095152973,47.7201719,-3.405878118
corridor_0,7472,5.796774983,48.42179391,-2.704256108
corridor_0,7473,6.454669117,49.07968804,-2.046361974
corridor_0,7474,6.821528553,49.44654748,-1.679502538
corridor_0,7475,7.150904774,49.7759237,-1.350126317
corridor_0,7476,7.470412373,50.0954313,-1.030618718
corridor_0,7477,7.796267628,50.42128655,-0.704763463
corridor_0,7478,8.144065022,50.76908395,-0.356966069
corridor_0,7479,8.71193993,51.33695885,0.210908839
corridor_0,7480,9.11315453,51.73817345,0.612123439
corridor_0,7481,9.503489613,52.12850854,1.002458522
corridor_0,7482,9.990271687,52.61529061,1.489240596
corridor_0,7483,10.47801888,53.1030378,1.976987788
corridor_0,7484,10.91419136,53.53921029,2.413160274
corridor_0,7485,11.26704705,53.89206597,2.766015956
corridor_0,7486,11.60498345,54.23000237,3.103952357
corridor_0,7487,11.86270058,54.48771951,3.36166949
corridor_0,7488,12.10670006,54.73171899,3.605668971
corridor_0,7489,12.21783364,54.84285256,3.716802546
corridor_0,7490,12.22230446,54.84732339,3.721273372
corridor_0,7491,12.13821328,54.7632322,3.637182185
corridor_0,7492,11.91255867,54.5375776,3.411527583
corridor_0,7493,11.63962471,54.26464364,3.138593623
corridor_0,7494,11.36515725,53.99017617,2.864126155
corridor_0,7495,11.1660949,53.79111382,2.665063807
corridor_0,7496,11.03563225,53.66065118,2.534601161
corridor_0,7497,10.96897805,53.59399697,2.467946956
corridor_0,7498,10.88522637,53.51024529,2.384195277
corridor_0,7499,10.98329842,53.60831734,2.482267329
corridor_0,7500,11.16694558,53.7919645,2.665914485
corridor_0,7501,11.36334145,53.98836037,2.862310359
corridor_0,7502,11.47650826,54.10152718,2.975477168
corridor_0,7503,11.43102562,54.05604455,2.929994533
corridor_0,7504,11.23387062,53.85888955,2.732839534
corridor_0,7505,10.85715401,53.48217294,2.35612292
corridor_0,7506,10.37971032,53.00472924,1.878679225
corridor_0,7507,9.897795796,52.52281472,1.396764705
corridor_0,7508,9.450240254,52.07525918,0.949209163
corridor_0,7509,8.897505879,51.5225248,0.396474788
corridor_0,7510,8.394003986,51.01902291,-0.107027104
corridor_0,7511,7.783583759,50.40860268,-0.717447331
corridor_0,7512,7.279151081,49.90417001,-1.22188001
corridor_0,7513,6.738795399,49.36381432,-1.762235692
corridor_0,7514,6.263407826,48.88842675,-2.237623265
corridor_0,7515,5.793761372,48.4187803,-2.707269719
corridor_0,7516,5.339114307,47.96413323,-3.161916783
corridor_0,7517,4.926997303,47.55201623,-3.574033788
corridor_0,7518,4.522788166,47.14780709,-3.978242925
corridor_0,7519,4.014029621,46.63904855,-4.48700147
corridor_0,7520,3.610560536,46.23557946,-4.890470555
corridor_0,7521,3.229571461,45.85459039,-5.27145963
corridor_0,7522,2.84141457,45.46643349,-5.659616521
corridor_0,7523,1.291682362,43.91670129,-7.209348729
corridor_0,7524,0.194438099,42.81945702,-8.306592992
corridor_0,7525,-1.564667583,41.06035134,-10.06569867
corridor_0,7526,-2.292736889,40.33228204,-10.79376798
corridor_0,7527,-3.476967693,39.14805123,-11.97799878
corridor_0,7528,-5.553746105,37.07127282,-14.0547772
corridor_0,7575,-7.015410305,35.60960862,-15.5164414
corridor_0,7576,-4.343964458,38.28105447,-12.84499555
corridor_0,7577,-2.962464214,39.66255471,-11.46349531
corridor_0,7578,-1.868611217,40.75640771,-10.36964231
corridor_0,7579,-1.171849132,41.45316979,-9.672880223
corridor_0,7580,-0.348820568,42.27619836,-8.849851659
corridor_0,7581,1.120200275,43.7452192,-7.380830815
corridor_0,7582,1.854395985,44.47941491,-6.646635106
corridor_0,7583,3.109065174,45.7340841,-5.391965917
corridor_0,7584,3.576937794,46.20195672,-4.924093297
corridor_0,7585,3.953459858,46.57847878,-4.547571233
corridor_0,7586,4.415789723,47.04080865,-4.085241368
corridor_0,7587,4.752349018,47.37736794,-3.748682073
corridor_0,7588,5.168864369,47.79388329,-3.332166722
corridor_0,7589,5.585936665,48.21095559,-2.915094426
corridor_0,7590,6.057112812,48.68213174,-2.443918279
corridor_0,7591,6.538096546,49.16311547,-1.962934545
corridor_0,7592,6.966036915,49.59105584,-1.534994176
corridor_0,7593,7.495150684,50.12016961,-1.005880406
corridor_0,7594,8.020888447,50.64590737,-0.480142644
corridor_0,7595,8.55606377,51.18108269,0.05503268
corridor_0,7596,9.086272358,51.71129128,0.585241267
corridor_0,7597,9.570635914,52.19565484,1.069604823
corridor_0,7598,10.04905999,52.67407891,1.548028895
corridor_0,7599,10.56849968,53.19351861,2.067468593
corridor_0,7600,10.95893776,53.58395669,2.457906672
corridor_0,7601,11.29126274,53.91628167,2.790231654
corridor_0,7602,11.46506035,54.09007928,2.964029262
corridor_0,7603,11.46553337,54.0905523,2.964502284
corridor_0,7604,11.31952965,53.94454858,2.818498561
corridor_0,7605,11.13756859,53.76258752,2.636537501
corridor_0,7606,10.97074425,53.59576318,2.469713161
corridor_0,7607,10.86961663,53.49463555,2.368585536
corridor_0,7608,10.89366066,53.51867959,2.392629573
corridor_0,7609,11.01125252,53.63627145,2.510221431
corridor_0,7610,11.17066109,53.79568002,2.66963
corridor_0,7611,11.44137108,54.06639001,2.940339992
corridor_0,7612,11.74897301,54.37399194,3.24794192
corridor_0,7613,12.0055877,54.63060662,3.504556605
corridor_0,7614,12.19902337,54.82404229,3.697992274
corridor_0,7615,12.22904885,54.85406777,3.728017756
corridor_0,7616,12.16493523,54.78995415,3.66390414
corridor_0,7617,11.98964608,54.614665,3.488614985
corridor_0,7618,11.71415245,54.33917138,3.213121364
corridor_0,7619,11.39422905,54.01924798,2.893197963
corridor_0,7620,11.07096398,53.6959829,2.569932887
corridor_0,7621,10.72214043,53.34715936,2.22110934
corridor_0,7622,10.25894463,52.88396355,1.757913539
corridor_0,7623,9.687453388,52.31247231,1.186422297
corridor_0,7624,9.301966786,51.92698571,0.800935695
corridor_0,7625,8.779452442,51.40447137,0.278421351
corridor_0,7626,8.420722126,51.04574105,-0.080308965
corridor_0,7627,8.079054951,50.70407388,-0.42197614
corridor_0,7628,7.839491963,50.46451089,-0.661539128
corridor_0,7629,7.518401264,50.14342019,-0.982629827
corridor_0,7630,7.220698475,49.8457174,-1.280332616
corridor_0,7631,6.912642597,49.53766152,-1.588388494
corridor_0,7632,6.588908314,49.21392724,-1.912122777
corridor_0,7633,6.143416523,48.76843545,-2.357614568
corridor_0,7634,5.341418385,47.96643731,-3.159612706
corridor_0,7635,4.85729134,47.48231026,-3.643739751
corridor_0,7636,4.271113514,46.89613244,-4.229917577
corridor_0,7637,3.66405785,46.28907677,-4.836973241
corridor_0,7638,2.891127705,45.51614663,-5.609903386
corridor_0,7639,2.220210194,44.84522912,-6.280820897
corridor_0,7640,1.372462391,43.99748132,-7.1285687
corridor_0,7641,0.223227619,42.84824654,-8.277803472
corridor_0,7642,-1.010926128,41.6140928,-9.511957219
corridor_0,7643,-1.794884563,40.83013436,-10.29591565
corridor_0,7644,-2.392788769,40.23223016,-10.89381986
corridor_0,7645,-3.360531689,39.26448724,-11.86156278
corridor_0,7646,-5.053219677,37.57179925,-13.55425077
corridor_0,7647,-7.648575664,34.97644326,-16.14960676
corridor_0,7648,-13.86537445,28.75964448,-22.36640554
corridor_0,7713,-7.670695187,34.95432374,-16.17172628
corridor_0,7714,-5.035527111,37.58949181,-13.5365582
corridor_0,7715,-3.310944439,39.31407449,-11.81197553
corridor_0,7716,-2.319054485,40.30596444,-10.82008558
corridor_0,7717,-1.460766674,41.16425225,-9.961797765
corridor_0,7718,-0.701485516,41.92353341,-9.202516606
corridor_0,7719,-0.191113354,42.43390557,-8.692144444
corridor_0,7720,0.604384541,43.22940347,-7.89664655
corridor_0,7721,1.698756336,44.32377526,-6.802274755
corridor_0,7722,2.629904865,45.25492379,-5.871126225
corridor_0,7723,3.335784077,45.960803,-5.165247014
corridor_0,7724,4.054316639,46.67933556,-4.446714452
corridor_0,7725,4.650431751,47.27545068,-3.850599339
corridor_0,7726,5.140345692,47.76536462,-3.360685399
corridor_0,7727,5.658461689,48.28348061,-2.842569402
corridor_0,7728,6.441626667,49.06664559,-2.059404424
corridor_0,7729,6.747637867,49.37265679,-1.753393224
corridor_0,7730,7.042040943,49.66705987,-1.458990148
corridor_0,7731,7.33618462,49.96120354,-1.164846471
corridor_0,7732,7.660239338,50.28525826,-0.840791753
corridor_0,7733,7.92507851,50.55009743,-0.57595258
corridor_0,7734,8.178588032,50.80360696,-0.322443059
corridor_0,7735,8.418368458,51.04338738,-0.082662633
corridor_0,7736,8.658793568,51.28381249,0.157762477
corridor_0,7737,8.951045155,51.57606408,0.450014064
corridor_0,7738,9.425334095,52.05035302,0.924303004
corridor_0,7739,9.935633778,52.5606527,1.434602687
corridor_0,7740,10.53763115,53.16265008,2.036600062
corridor_0,7741,10.8950187,53.52003762,2.393987605
corridor_0,7742,11.21890175,53.84392068,2.717870662
corridor_0,7743,11.55134499,54.17636391,3.050313899
corridor_0,7744,11.85405648,54.4790754,3.353025386
corridor_0,7745,12.08435738,54.7093763,3.583326289
corridor_0,7746,12.20074379,54.82576272,3.699712703
corridor_0,7747,12.2506057,54.87562463,3.749574611
corridor_0,7748,12.07995903,54.70497796,3.578927943
corridor_0,7749,11.83559716,54.46061608,3.334566066
corridor_0,7750,11.54707253,54.17209145,3.046041438
corridor_0,7751,11.28763115,53.91265008,2.786600062
corridor_0,7752,11.04968178,53.67470071,2.548650691
corridor_0,7753,10.88840783,53.51342675,2.387376735
corridor_0,7754,10.91569817,53.54071709,2.414667079
corridor_0,7755,11.01329338,53.63831231,2.512262294
corridor_0,7756,11.16714013,53.79215905,2.666109035
corridor_0,7757,11.38214791,54.00716683,2.881116817
corridor_0,7758,11.4930259,54.11804482,2.991994807
corridor_0,7759,11.49620736,54.12122628,2.995176265
corridor_0,7760,11.3438369,53.96885583,2.842805812
corridor_0,7761,11.01814186,53.64316079,2.517110774
corridor_0,7762,10.67519295,53.30021188,2.17416186
corridor_0,7763,10.2964431,52.92146203,1.795412013
corridor_0,7764,9.771819233,52.39683816,1.270788142
corridor_0,7765,9.301787495,51.92680642,0.800756404
corridor_0,7766,8.794177174,51.4191961,0.293146083
corridor_0,7767,8.247927784,50.87294671,-0.253103307
corridor_0,7768,7.695208668,50.32022759,-0.805822423
corridor_0,7769,7.231280445,49.85629937,-1.269750646
corridor_0,7770,6.771960377,49.3969793,-1.729070714
corridor_0,7771,6.297423481,48.92244241,-2.20360761
corridor_0,7772,5.89483559,48.51985451,-2.6061955
corridor_0,7773,5.501032948,48.12605187,-2.999998143
corridor_0,7774,4.995577931,47.62059686,-3.50545316
corridor_0,7775,4.6614753,47.28649422,-3.839555791
corridor_0,7776,4.285182118,46.91020104,-4.215848973
corridor_0,7777,3.839255451,46.46427438,-4.66177564
corridor_0,7778,3.465865254,46.09088418,-5.035165837
corridor_0,7779,2.295333027,44.92035195,-6.205698064
corridor_0,7780,1.7082206,44.33323952,-6.792810491
corridor_0,7781,0.959101795,43.58412072,-7.541929296
corridor_0,7782,-0.199963451,42.42505547,-8.700994542
corridor_0,7783,-0.814679027,41.8103399,-9.315710118
corridor_0,7784,-1.727814556,40.89720437,-10.22884565
corridor_0,7785,-2.510411144,40.11460778,-11.01144223
corridor_0,7786,-3.780964733,38.84405419,-12.28199582
corridor_0,7787,-6.113776089,36.51124284,-14.61480718
corridor_0,7788,-11.00073707,31.62428185,-19.50176816
corridor_0,7828,-7.976784588,34.64823434,-16.47781568
corridor_0,7829,-5.371773601,37.25324532,-13.87280469
corridor_0,7830,-3.293297649,39.33172128,-11.79432874
corridor_0,7831,-2.10118568,40.52383324,-10.60221677
corridor_0,7832,-1.363846661,41.26117226,-9.864877751
corridor_0,7833,-0.493603588,42.13141534,-8.994634679
corridor_0,7834,0.102889179,42.7279081,-8.398141912
corridor_0,7835,0.798724293,43.42374322,-7.702306798
corridor_0,7836,1.688841938,44.31386086,-6.812189153
corridor_0,7837,2.371035694,44.99605462,-6.129995397
corridor_0,7838,3.000010609,45.62502953,-5.501020482
corridor_0,7839,3.829856037,46.45487496,-4.671175054
corridor_0,7840,4.196368336,46.82138726,-4.304662755
corridor_0,7841,4.564974903,47.18999383,-3.936056188
corridor_0,7842,4.935900806,47.56091973,-3.565130284
corridor_0,7843,5.376826405,48.00184533,-3.124204686
corridor_0,7844,5.76883614,48.39385506,-2.732194951
corridor_0,7845,6.187239765,48.81225869,-2.313791326
corridor_0,7846,6.611907124,49.23692605,-1.889123967
corridor_0,7847,7.046771168,49.67179009,-1.454259923
corridor_0,7848,7.477702259,50.10272118,-1.023328832
corridor_0,7849,7.943896412,50.56891534,-0.557134679
corridor_0,7850,8.614771961,51.23979089,0.11374087
corridor_0,7851,9.18881905,51.81383797,0.687787959
corridor_0,7852,9.602931141,52.22795007,1.10190005
corridor_0,7853,10.06046212,52.68548104,1.559431026
corridor_0,7854,10.56002724,53.18504617,2.05899615
corridor_0,7855,10.86970436,53.49472329,2.368673274
corridor_0,7856,11.21912682,53.84414574,2.718095729
corridor_0,7857,11.47503197,54.1000509,2.97400088
corridor_0,7858,11.6137687,54.23878762,3.112737605
corridor_0,7859,11.56403649,54.18905541,3.063005397
corridor_0,7860,11.42578041,54.05079934,2.924749324
corridor_0,7861,11.20859063,53.83360955,2.707559535
corridor_0,7862,10.98900902,53.61402795,2.487977931
corridor_0,7863,10.92542946,53.55044839,2.424398372
corridor_0,7864,10.92893135,53.55395028,2.427900264
corridor_0,7865,11.04068291,53.66570184,2.53965182
corridor_0,7866,11.31364357,53.9386625,2.812612483
corridor_0,7867,11.6399833,54.26500222,3.138952205
corridor_0,7868,11.9079467,54.53296563,3.406915614
corridor_0,7869,12.18587792,54.81089684,3.684846828
corridor_0,7870,12.35816872,54.98318764,3.85713763
corridor_0,7871,12.31544411,54.94046304,3.81441302
corridor_0,7872,12.16867363,54.79369256,3.667642543
corridor_0,7873,11.91231835,54.53733727,3.411287257
corridor_0,7874,11.57005989,54.19507882,3.069028804
corridor_0,7875,11.18868554,53.81370446,2.687654445
corridor_0,7876,10.70989907,53.33491799,2.208867976
corridor_0,7877,10.30816185,52.93318078,1.807130763
corridor_0,7878,9.531802296,52.15682122,1.030771205
corridor_0,7879,9.203009724,51.82802865,0.701978633
corridor_0,7880,8.940280079,51.565299,0.439248988
corridor_0,7881,8.713019489,51.33803841,0.211988399
corridor_0,7882,8.464289784,51.08930871,-0.036741307
corridor_0,7883,8.237509846,50.86252877,-0.263521245
corridor_0,7884,8.019007801,50.64402673,-0.48202329
corridor_0,7885,7.808890461,50.43390939,-0.69214063
corridor_0,7886,7.543807148,50.16882607,-0.957223943
corridor_0,7887,7.264788746,49.88980767,-1.236242345
corridor_0,7888,6.989577412,49.61459634,-1.511453679
corridor_0,7889,6.742877125,49.36789605,-1.758153966
corridor_0,7890,6.015280842,48.64029977,-2.485750249
corridor_0,7891,5.478301167,48.10332009,-3.022729924
corridor_0,7892,4.957205891,47.58222482,-3.5438252
corridor_0,7893,4.433016895,47.05803582,-4.068014195
corridor_0,7894,3.742259144,46.36727807,-4.758771947
corridor_0,7895,2.968115925,45.59313485,-5.532915166
corridor_0,7896,1.973925709,44.59894463,-6.527105382
corridor_0,7897,1.175044178,43.8000631,-7.325986913
corridor_0,7898,0.558268665,43.18328759,-7.942762425
corridor_0,7899,0.063918232,42.68893716,-8.437112859
corridor_0,7900,-0.633446575,41.99157235,-9.134477666
corridor_0,7901,-1.671681286,40.95333764,-10.17271238
corridor_0,7902,-2.298657299,40.32636163,-10.79968839
corridor_0,7903,-3.31823814,39.30678078,-11.81926923
corridor_0,7904,-4.537987591,38.08703133,-13.03901868
corridor_0,7905,-7.741930843,34.88308808,-16.24296193
corridor_0,7967,-10.80095756,31.82406136,-19.30198865
corridor_0,7968,-5.142006756,37.48301217,-13.64303785
corridor_0,7969,-3.378071667,39.24694726,-11.87910276
corridor_0,7970,-2.344990612,40.28002831,-10.8460217
corridor_0,7971,-1.431416393,41.19360253,-9.932447484
corridor_0,7972,-0.835934521,41.7890844,-9.336965611
corridor_0,7973,-0.069195629,42.5558233,-8.57022672
corridor_0,7974,0.776385426,43.40140435,-7.724645665
corridor_0,7975,1.264659046,43.88967797,-7.236372045
corridor_0,7976,1.858901142,44.48392007,-6.642129949
corridor_0,7977,2.310607075,44.935626,-6.190424016
corridor_0,7978,3.200167774,45.8251867,-5.300863317
corridor_0,7979,4.119288563,46.74430749,-4.381742528
corridor_0,7980,4.806944965,47.43196389,-3.694086125
corridor_0,7981,5.373145222,47.99816415,-3.127885869
corridor_0,7982,5.871985554,48.49700448,-2.629045537
corridor_0,7983,6.376143574,49.0011625,-2.124887517
corridor_0,7984,7.020285725,49.64530465,-1.480745366
corridor_0,7985,7.244177937,49.86919686,-1.256853154
corridor_0,7986,7.524180531,50.14919946,-0.97685056
corridor_0,7987,7.758502125,50.38352105,-0.742528966
corridor_0,7988,7.968630909,50.59364983,-0.532400182
corridor_0,7989,8.168814777,50.7938337,-0.332216313
corridor_0,7990,8.379214405,51.00423333,-0.121816686
corridor_0,7991,8.623564838,51.24858376,0.122533748
corridor_0,7992,8.80871117,51.43373009,0.307680079
corridor_0,7993,9.049460529,51.67447945,0.548429439
corridor_0,7994,10.27813637,52.9031553,1.777105281
corridor_0,7995,10.56221306,53.18723199,2.061181972
corridor_0,7996,11.01753533,53.64255425,2.516504237
corridor_0,7997,11.45754158,54.08256051,2.956510493
corridor_0,7998,11.85903084,54.48404977,3.357999751
corridor_0,7999,12.18212807,54.807147,3.68109698
corridor_0,8000,12.44954598,55.0745649,3.948514888
corridor_0,8001,12.68748772,55.31250665,4.18645663
corridor_0,8002,12.81407845,55.43909737,4.313047359
corridor_0,8003,12.82960045,55.45461938,4.328569362
corridor_0,8004,12.72740853,55.35242745,4.226377437
corridor_0,8005,12.46358788,55.0886068,3.962556788
corridor_0,8006,11.66541588,54.29043481,3.164384791
corridor_0,8007,11.34266198,53.9676809,2.841630885
corridor_0,8008,11.08166802,53.70668694,2.580636928
corridor_0,8009,10.95581353,53.58083245,2.454782435
corridor_0,8010,10.90873635,53.53375527,2.407705256
corridor_0,8011,11.00768196,53.63270089,2.506650874
corridor_0,8012,11.19365227,53.8186712,2.692621181
corridor_0,8013,11.52696526,54.15198418,3.025934169
corridor_0,8014,11.65093148,54.2759504,3.149900386
corridor_0,8015,11.64483178,54.2698507,3.143800685
corridor_0,8016,11.57266152,54.19768044,3.071630427
corridor_0,8017,11.39967263,54.02469155,2.898641536
corridor_0,8018,11.12642205,53.75144097,2.625390956
corridor_0,8019,10.89483941,53.51985833,2.393808314
corridor_0,8020,10.59096444,53.21598336,2.089933345
corridor_0,8021,9.939170002,52.56418893,1.438138911
corridor_0,8022,9.427996754,52.05301568,0.926965663
corridor_0,8023,8.840262531,51.46528146,0.339231441
corridor_0,8024,8.213435291,50.83845422,-0.287595799
corridor_0,8025,7.790442585,50.41546151,-0.710588506
corridor_0,8026,7.359469532,49.98448846,-1.141561559
corridor_0,8027,6.923548817,49.54856774,-1.577482274
corridor_0,8028,6.491271137,49.11629006,-2.009759954
corridor_0,8029,6.117533802,48.74255273,-2.383497289
corridor_0,8030,5.688300251,48.31331918,-2.81273084
corridor_0,8031,5.290896534,47.91591546,-3.210134557
corridor_0,8032,4.864424824,47.48944375,-3.636606267
corridor_0,8033,4.556494831,47.18151376,-3.94453626
corridor_0,8034,4.131907581,46.75692651,-4.369123509
corridor_0,8035,3.339182972,45.9642019,-5.161848119
corridor_0,8036,2.81779015,45.44280907,-5.683240941
corridor_0,8037,2.264262318,44.88928124,-6.236768773
corridor_0,8038,1.676406025,44.30142495,-6.824625066
corridor_0,8039,0.924910664,43.54992959,-7.576120427
corridor_0,8040,0.223815083,42.84883401,-8.277216008
corridor_0,8041,-0.383843304,42.24117562,-8.884874394
corridor_0,8042,-1.038739086,41.58627984,-9.539770177
corridor_0,8043,-2.014572979,40.61044595,-10.51560407
corridor_0,8044,-3.220559002,39.40445992,-11.72159009
corridor_0,8045,-4.778283001,37.84673592,-13.27931409
corridor_0,8046,-6.991551281,35.63346764,-15.49258237
corridor_0,8082,-6.976700664,35.64831826,-15.47773176
corridor_0,8083,-4.273362041,38.35165688,-12.77439313
corridor_0,8084,-2.845196606,39.77982232,-11.3462277
corridor_0,8085,-1.705574871,40.91944405,-10.20660596
corridor_0,8086,-0.968575359,41.65644357,-9.46960645
corridor_0,8087,-0.295857311,42.32916161,-8.796888402
corridor_0,8088,0.476058125,43.10107705,-8.024972966
corridor_0,8089,1.029738545,43.65475747,-7.471292546
corridor_0,8090,1.43049538,44.05551431,-7.07053571
corridor_0,8091,2.25780785,44.88282677,-6.243223241
corridor_0,8092,2.818045734,45.44306466,-5.682985356
corridor_0,8093,3.270659565,45.89567849,-5.230371526
corridor_0,8094,3.778578877,46.4035978,-4.722452214
corridor_0,8095,4.458827137,47.08384606,-4.042203954
corridor_0,8096,4.879897236,47.50491616,-3.621133855
corridor_0,8097,5.292723774,47.9177427,-3.208307317
corridor_0,8098,5.620371937,48.24539086,-2.880659154
corridor_0,8099,6.050181507,48.67520043,-2.450849584
corridor_0,8100,6.473013996,49.09803292,-2.028017095
corridor_0,8101,6.889975666,49.51499459,-1.611055425
corridor_0,8102,7.28099358,49.9060125,-1.220037511
corridor_0,8103,7.691779255,50.31679818,-0.809251836
corridor_0,8104,8.12367165,50.74869057,-0.377359441
corridor_0,8105,8.55223,51.17724892,0.051198909
corridor_0,8106,9.111437916,51.73645684,0.610406825
corridor_0,8107,9.730765461,52.35578439,1.22973437
corridor_0,8108,10.33088982,52.95590874,1.829858729
corridor_0,8109,10.8563987,53.48141763,2.35536761
corridor_0,8110,11.09725487,53.7222738,2.596223781
corridor_0,8111,11.34399331,53.96901223,2.842962214
corridor_0,8112,11.54391777,54.1689367,3.042886683
corridor_0,8113,11.64828026,54.27329919,3.147249171
corridor_0,8114,11.65642083,54.28143975,3.155389735
corridor_0,8115,11.70694268,54.3319616,3.205911586
corridor_0,8116,11.42871392,54.05373284,2.927682826
corridor_0,8117,11.1569854,53.78200433,2.65595431
corridor_0,8118,10.94782936,53.57284829,2.446798274
corridor_0,8119,10.9056617,53.53068063,2.40463061
corridor_0,8120,10.95941842,53.58443734,2.458387324
corridor_0,8121,11.13049614,53.75551507,2.629465053
corridor_0,8122,11.95199883,54.57701775,3.450967738
corridor_0,8123,12.22018349,54.84520242,3.7191524
corridor_0,8124,12.54278099,55.16779992,4.041749904
corridor_0,8125,12.78837502,55.41339394,4.287343928
corridor_0,8126,12.88630974,55.51132867,4.385278651
corridor_0,8127,12.88559639,55.51061532,4.384565303
corridor_0,8128,12.71478951,55.33980843,4.213758418
corridor_0,8129,12.51077187,55.13579079,4.009740779
corridor_0,8130,12.2563163,54.88133523,3.755285213
corridor_0,8131,11.92112648,54.54614541,3.420095393
corridor_0,8132,11.61444008,54.23945901,3.113408992
corridor_0,8133,11.2172004,53.84221932,2.716169307
corridor_0,8134,10.88339531,53.50841424,2.382364223
corridor_0,8135,10.69309151,53.31811044,2.19206042
corridor_0,8136,10.43626702,53.06128594,1.935235927
corridor_0,8137,10.17593682,52.80095574,1.674905726
corridor_0,8138,9.825568317,52.45058724,1.324537227
corridor_0,8139,8.557398914,51.18241784,0.056367824
corridor_0,8140,8.377398609,51.00241753,-0.123632482
corridor_0,8141,8.217425465,50.84244439,-0.283605626
corridor_0,8142,8.021357655,50.64637658,-0.479673436
corridor_0,8143,7.845427631,50.47044656,-0.655603459
corridor_0,8144,7.630972981,50.25599191,-0.87005811
corridor_0,8145,7.378123402,50.00314233,-1.122907689
corridor_0,8146,6.854479908,49.47949883,-1.646551183
corridor_0,8147,6.28452599,48.90954491,-2.216505101
corridor_0,8148,5.783179401,48.40819833,-2.717851689
corridor_0,8149,5.223605274,47.8486242,-3.277425817
corridor_0,8150,4.35905373,46.98407265,-4.141977361
corridor_0,8151,3.585612415,46.21063134,-4.915418675
corridor_0,8152,2.976412891,45.60143182,-5.524618199
corridor_0,8153,2.511736988,45.13675591,-5.989294103
corridor_0,8154,1.922606587,44.54762551,-6.578424504
corridor_0,8155,1.30222237,43.92724129,-7.198808721
corridor_0,8156,0.626204609,43.25122353,-7.874826482
corridor_0,8157,-0.099911571,42.52510735,-8.600942662
corridor_0,8158,-0.680645824,41.9443731,-9.181676915
corridor_0,8159,-1.769131542,40.85588738,-10.27016263
corridor_0,8160,-2.734448315,39.89057061,-11.23547941
corridor_0,8161,-3.862484814,38.76253411,-12.3635159
corridor_0,8162,-5.246376873,37.37864205,-13.74740796
corridor_0,8222,-6.825047375,35.79997155,-15.32607847
corridor_0,8223,-4.463383556,38.16163537,-12.96441465
corridor_0,8224,-2.840420605,39.78459832,-11.3414517
corridor_0,8225,-1.867813946,40.75720498,-10.36884504
corridor_0,8226,-1.00586021,41.61915871,-9.506891301
corridor_0,8227,-0.18416679,42.44085213,-8.685197881
corridor_0,8228,0.381785511,43.00680444,-8.11924558
corridor_0,8229,1.260096668,43.88511559,-7.240934422
corridor_0,8230,1.91242516,44.53744408,-6.588605931
corridor_0,8231,2.417685627,45.04270455,-6.083345464
corridor_0,8232,3.030455708,45.65547463,-5.470575383
corridor_0,8233,3.673659443,46.29867837,-4.827371648
corridor_0,8234,4.137576222,46.76259515,-4.363454869
corridor_0,8235,4.674975514,47.29999444,-3.826055577
corridor_0,8236,5.569232105,48.19425103,-2.931798985
corridor_0,8237,6.16279137,48.78781029,-2.33823972
corridor_0,8238,6.806124806,49.43114373,-1.694906285
corridor_0,8239,7.289034962,49.91405389,-1.211996129
corridor_0,8240,7.831603169,50.45662209,-0.669427922
corridor_0,8241,8.047968983,50.67298791,-0.453062108
corridor_0,8242,8.215159535,50.84017846,-0.285871556
corridor_0,8243,8.376288532,51.00130746,-0.124742558
corridor_0,8244,8.53320229,51.15822121,0.032171199
corridor_0,8245,9.736296772,52.3613157,1.235265681
corridor_0,8246,10.05190957,52.67692849,1.550878474
corridor_0,8247,10.32081902,52.94583794,1.819787929
corridor_0,8248,10.53599846,53.16101739,2.034967372
corridor_0,8249,10.75549614,53.38051507,2.254465053
corridor_0,8250,10.97150338,53.5965223,2.470472285
corridor_0,8251,11.22424996,53.84926888,2.723218867
corridor_0,8252,11.50171578,54.1267347,3.000684688
corridor_0,8253,11.74871361,54.37373254,3.247682521
corridor_0,8254,12.08069527,54.7057142,3.57966418
corridor_0,8255,12.36689293,54.99191186,3.865861842
corridor_0,8256,12.59133828,55.2163572,4.090307185
corridor_0,8257,12.81147301,55.43649194,4.31044192
corridor_0,8258,12.9465934,55.57161233,4.445562312
corridor_0,8259,12.92402947,55.54904839,4.422998378
corridor_0,8260,12.80741036,55.43242928,4.306379268
corridor_0,8261,12.57009041,55.19510934,4.069059321
corridor_0,8262,12.29252922,54.91754815,3.791498134
corridor_0,8263,12.00967705,54.63469598,3.508645961
corridor_0,8264,11.76040184,54.38542077,3.259370753
corridor_0,8265,11.58865273,54.21367165,3.087621638
corridor_0,8266,10.8805877,53.50560662,2.379556605
corridor_0,8267,10.92348015,53.54849908,2.422449061
corridor_0,8268,11.0423156,53.66733453,2.541284511
corridor_0,8269,11.28370201,53.90872094,2.782670924
corridor_0,8270,11.6122123,54.23723122,3.111181209
corridor_0,8271,11.64931786,54.27433678,3.148286769
corridor_0,8272,11.65943444,54.28445336,3.158403346
corridor_0,8273,11.62977135,54.25479028,3.12874026
corridor_0,8274,11.48556816,54.11058709,2.984537074
corridor_0,8275,11.25775444,53.88277337,2.756723353
corridor_0,8276,10.9704467,53.59546563,2.469415614
corridor_0,8277,10.56468117,53.1897001,2.063650081
corridor_0,8278,10.09638131,52.72140023,1.595350215
corridor_0,8279,9.613932728,52.23895165,1.112901637
corridor_0,8280,9.01732552,51.64234444,0.516294429
corridor_0,8281,8.513774036,51.13879296,0.012742946
corridor_0,8282,8.11372292,50.73874184,-0.387308171
corridor_0,8283,7.69914925,50.32416817,-0.801881841
corridor_0,8284,7.256571888,49.88159081,-1.244459203
corridor_0,8285,6.833140492,49.45815942,-1.667890599
corridor_0,8286,6.379828571,49.0048475,-2.121202519
corridor_0,8287,6.001769184,48.62678811,-2.499261907
corridor_0,8288,5.637240528,48.26225945,-2.863790563
corridor_0,8289,5.227969288,47.85298821,-3.273061803
corridor_0,8290,4.811514973,47.4365339,-3.689516118
corridor_0,8291,4.218676685,46.84369561,-4.282354405
corridor_0,8292,3.792677998,46.41769692,-4.708353093
corridor_0,8293,3.356700062,45.98171899,-5.144331029
corridor_0,8294,2.820128559,45.44514748,-5.680902532
corridor_0,8295,2.251265644,44.87628457,-6.249765447
corridor_0,8296,1.645888447,44.27090737,-6.855142644
corridor_0,8297,1.112544178,43.7375631,-7.388486913
corridor_0,8298,0.547583698,43.17260262,-7.953447392
corridor_0,8299,-0.064663769,42.56035516,-8.56569486
corridor_0,8300,-0.72360313,41.90141579,-9.224634221
corridor_0,8301,-1.679242016,40.94577691,-10.18027311
corridor_0,8302,-2.827797771,39.79722115,-11.32882886
corridor_0,8303,-4.26739967,38.35761925,-12.76843076
corridor_0,8304,-7.928767086,34.69625184,-16.42979818
corridor_0,8336,-7.97634399,34.64867493,-16.47737508
corridor_0,8337,-4.766751171,37.85826775,-13.26778226
corridor_0,8338,-2.828022839,39.79699609,-11.32905393
corridor_0,8339,-1.6678437,40.95717522,-10.16887479
corridor_0,8340,-0.700661541,41.92435738,-9.201692632
corridor_0,8341,-0.030548931,42.59446999,-8.531580022
corridor_0,8342,0.602194904,43.22721383,-7.898836186
corridor_0,8343,1.304076313,43.92909524,-7.196954778
corridor_0,8344,1.720397114,44.34541604,-6.780633977
corridor_0,8345,2.236544727,44.86156365,-6.264486363
corridor_0,8346,2.816748737,45.44176766,-5.684282353
corridor_0,8347,3.364451527,45.98947045,-5.136579564
corridor_0,8348,3.812586903,46.43760583,-4.688444188
corridor_0,8349,4.24615395,46.87117287,-4.254877141
corridor_0,8350,4.669013142,47.29403207,-3.832017949
corridor_0,8351,5.187911152,47.81293008,-3.313119939
corridor_0,8352,5.600661396,48.22568032,-2.900369695
corridor_0,8353,6.019488453,48.64450738,-2.481542638
corridor_0,8354,6.422515034,49.04753396,-2.078516057
corridor_0,8355,6.788581013,49.41359994,-1.712450078
corridor_0,8356,7.227595448,49.85261437,-1.273435643
corridor_0,8357,7.668875813,50.29389474,-0.832155278
corridor_0,8358,8.174155354,50.79917428,-0.326875737
corridor_0,8359,8.487734913,51.11275384,-0.013296178
corridor_0,8360,9.10338509,51.72840401,0.602353999
corridor_0,8361,9.424536823,52.04955575,0.923505733
corridor_0,8362,9.962908863,52.58792779,1.461877772
corridor_0,8363,10.53715813,53.16217706,2.03612704
corridor_0,8364,10.99966729,53.62468621,2.498636195
corridor_0,8365,11.52750695,54.15252587,3.026475856
corridor_0,8366,11.54995644,54.17497536,3.048925349
corridor_0,8367,11.60785973,54.23287865,3.106828639
corridor_0,8368,11.68138802,54.30640694,3.180356929
corridor_0,8369,11.68896782,54.31398675,3.187936732
corridor_0,8370,11.5585624,54.18358132,3.057531306
corridor_0,8371,11.50864327,54.13366219,3.007612178
corridor_0,8372,11.1961776,53.82119653,2.69514651
corridor_0,8373,10.97224343,53.59726235,2.471212337
corridor_0,8374,11.49443734,54.11945626,2.993406245
corridor_0,8375,11.51033318,54.1353521,3.009302089
corridor_0,8376,11.59858239,54.22360131,3.097551295
corridor_0,8377,11.76787484,54.39289376,3.266843745
corridor_0,8378,12.00075829,54.62577721,3.499727199
corridor_0,8379,12.29718316,54.92220208,3.796152064
corridor_0,8380,12.59769738,55.2227163,4.096666286
corridor_0,8381,12.83370507,55.45872399,4.332673976
corridor_0,8382,12.96355736,55.58857629,4.462526271
corridor_0,8383,13.00741494,55.63243386,4.506383845
corridor_0,8384,12.92294609,55.54796502,4.421915004
corridor_0,8385,12.76607811,55.39109704,4.265047023
corridor_0,8386,12.54003823,55.16505715,4.039007136
corridor_0,8387,12.28586113,54.91088006,3.784830043
corridor_0,8388,12.04237282,54.66739175,3.541341731
corridor_0,8389,11.81025231,54.43527123,3.309221217
corridor_0,8390,11.56543267,54.19045159,3.064401576
corridor_0,8391,11.35171425,53.97673318,2.850683162
corridor_0,8392,11.12207711,53.74709603,2.621046016
corridor_0,8393,10.93578255,53.56080148,2.43475146
corridor_0,8394,10.73463356,53.35965249,2.233602473
corridor_0,8395,10.54115975,53.16617867,2.040128657
corridor_0,8396,10.31261742,52.93763634,1.811586329
corridor_0,8397,10.06006539,52.68508431,1.559034297
corridor_0,8398,8.837111591,51.46213052,0.336080501
corridor_0,8399,8.69095528,51.3159742,0.18992419
corridor_0,8400,8.517188191,51.14220712,0.0161571
corridor_0,8401,8.333411335,50.95843026,-0.167619756
corridor_0,8402,7.808104633,50.43312356,-0.692926457
corridor_0,8403,7.29623711,49.92125603,-1.204793981
corridor_0,8404,6.569434284,49.19445321,-1.931596807
corridor_0,8405,5.792864918,48.41788384,-2.708166173
corridor_0,8406,5.355742573,47.9807615,-3.145288518
corridor_0,8407,4.737704395,47.36272332,-3.763326695
corridor_0,8408,4.186118244,46.81113717,-4.314912847
corridor_0,8409,3.600085377,46.2251043,-4.900945714
corridor_0,8410,3.001929401,45.62694833,-5.499101689
corridor_0,8411,2.356867909,44.98188683,-6.144163182
corridor_0,8412,1.71955788,44.34457681,-6.78147321
corridor_0,8413,1.004668354,43.62968728,-7.496362737
corridor_0,8414,0.437022327,43.06204125,-8.064008763
corridor_0,8415,-0.521351696,42.10366723,-9.022382787
corridor_0,8416,-1.342175365,41.28284356,-9.843206456
corridor_0,8417,-2.28660667,40.33841225,-10.78763776
corridor_0,8418,-3.366547466,39.25847146,-11.86757856
corridor_0,8419,-4.648503185,37.97651574,-13.14953428
corridor_0,8477,-5.399842144,37.22517678,-13.90087323
corridor_0,8478,-3.993145824,38.6318731,-12.49417692
corridor_0,8479,-2.806687237,39.81833169,-11.30771833
corridor_0,8480,-1.79744804,40.82757088,-10.29847913
corridor_0,8481,-0.672409893,41.95260903,-9.173440984
corridor_0,8482,0.122614979,42.7476339,-8.378416112
corridor_0,8483,0.841059803,43.46607873,-7.659971288
corridor_0,8484,1.438582539,44.06360146,-7.062448552
corridor_0,8485,2.141265034,44.76628396,-6.359766057
corridor_0,8486,2.877982258,45.50300118,-5.623048833
corridor_0,8487,3.452162861,46.07718179,-5.04886823
corridor_0,8488,4.046538471,46.6715574,-4.45449262
corridor_0,8489,4.737193226,47.36221215,-3.763837865
corridor_0,8490,5.263110279,47.8881292,-3.237920812
corridor_0,8491,5.90561974,48.53063866,-2.595411351
corridor_0,8492,6.386569141,49.01158807,-2.114461949
corridor_0,8493,7.01838982,49.64340874,-1.482641271
corridor_0,8494,7.698660969,50.32367989,-0.802370122
corridor_0,8495,8.303832172,50.9288511,-0.197198918
corridor_0,8496,8.813269733,51.43828866,0.312238643
corridor_0,8497,9.083403706,51.70842263,0.582372615
corridor_0,8498,9.18919289,51.81421181,0.688161799
corridor_0,8499,10.44717705,53.07219598,1.946145961
corridor_0,8500,10.661605,53.28662392,2.160573909
corridor_0,8501,10.85824501,53.48326394,2.357213923
corridor_0,8502,11.02658379,53.65160271,2.525552699
corridor_0,8503,11.18733132,53.81235024,2.686300227
corridor_0,8504,11.35047448,53.9754934,2.849443385
corridor_0,8505,11.53601754,54.16103646,3.034986445
corridor_0,8506,11.71840966,54.34342858,3.217378566
corridor_0,8507,11.89986718,54.5248861,3.398836085
corridor_0,8508,12.14075386,54.76577279,3.639722774
corridor_0,8509,12.36605751,54.99107644,3.865026423
corridor_0,8510,12.56276238,55.1877813,4.061731288
corridor_0,8511,12.75642693,55.38144585,4.255395839
corridor_0,8512,12.93282616,55.55784509,4.43179507
corridor_0,8513,13.07004845,55.69506738,4.56901736
corridor_0,8514,13.08338463,55.70840356,4.582353541
corridor_0,8515,13.00344765,55.62846658,4.50241656
corridor_0,8516,12.82920372,55.45422265,4.328172633
corridor_0,8517,12.57308113,55.19810006,4.072050044
corridor_0,8518,12.28880608,54.913825,3.787774989
corridor_0,8519,12.0192672,54.64428613,3.51823611
corridor_0,8520,11.77497017,54.3999891,3.273939082
corridor_0,8521,11.61101448,54.23603341,3.109983394
corridor_0,8522,11.52139199,54.14641091,3.020360896
corridor_0,8523,11.49899971,54.12401864,2.997968623
corridor_0,8524,11.54081643,54.16583535,3.039785335
corridor_0,8525,11.08231652,53.70733544,2.581285426
corridor_0,8526,11.28157341,53.90659234,2.780542323
corridor_0,8527,11.46208107,54.0871,2.961049983
corridor_0,8528,11.62060463,54.24562356,3.119573543
corridor_0,8529,11.69931328,54.32433221,3.198282191
corridor_0,8530,11.77223885,54.39725777,3.271207759
corridor_0,8531,11.75362694,54.37864587,3.252595851
corridor_0,8532,11.79998314,54.42500207,3.298952052
corridor_0,8533,11.44766915,54.07268807,2.946638057
corridor_0,8534,10.77128136,53.39630029,2.27025027
corridor_0,8535,10.27603066,52.90104958,1.774999568
corridor_0,8536,9.766539692,52.39155862,1.265508601
corridor_0,8537,9.459185719,52.08420464,0.958154628
corridor_0,8538,9.118453144,51.74347207,0.617422053
corridor_0,8539,8.681353687,51.30637261,0.180322597
corridor_0,8540,8.153010487,50.77802941,-0.348020604
corridor_0,8541,7.655371784,50.28039071,-0.845659307
corridor_0,8542,7.226084827,49.85110375,-1.274946263
corridor_0,8543,6.818560719,49.44357964,-1.682470372
corridor_0,8544,6.410452961,49.03547189,-2.09057813
corridor_0,8545,6.033991932,48.65901086,-2.467039159
corridor_0,8546,5.582308888,48.20732781,-2.918722203
corridor_0,8547,5.128806233,47.75382516,-3.372224858
corridor_0,8548,4.712851643,47.33787057,-3.788179448
corridor_0,8549,4.272795796,46.89781472,-4.228235295
corridor_0,8550,3.824732899,46.44975182,-4.676298192
corridor_0,8551,3.284373402,45.90939233,-5.216657689
corridor_0,8552,2.711825489,45.33684441,-5.789205602
corridor_0,8553,2.29920113,44.92422005,-6.201829961
corridor_0,8554,1.774859547,44.39987847,-6.726171544
corridor_0,8555,1.345210194,43.97022912,-7.155820897
corridor_0,8556,0.637267231,43.26228616,-7.86376386
corridor_0,8557,0.148665546,42.77368447,-8.352365544
corridor_0,8558,-0.703480602,41.92153832,-9.204511693
corridor_0,8559,-1.687096477,40.93792245,-10.18812757
corridor_0,8560,-2.862046123,39.7629728,-11.36307721
corridor_0,8561,-4.331482769,38.29353616,-12.83251386
corridor_0,8562,-11.03769958,31.58731934,-19.53873067
corridor_0,8591,-4.887669445,37.73734948,-13.38870054
corridor_0,8592,-2.912148357,39.71287057,-11.41317945
corridor_0,8593,-1.731728435,40.89329049,-10.23275953
corridor_0,8594,-0.728104473,41.89691445,-9.229135564
corridor_0,8595,0.131449818,42.75646874,-8.369581273
corridor_0,8596,0.621653675,43.2466726,-7.879377416
corridor_0,8597,1.245883106,43.87090203,-7.255147985
corridor_0,8598,1.798449635,44.42346856,-6.702581456
corridor_0,8599,2.339884876,44.9649038,-6.161146214
corridor_0,8600,2.770251392,45.39527032,-5.730779698
corridor_0,8601,3.27197945,45.89699837,-5.229051641
corridor_0,8602,3.822238087,46.44725701,-4.678793004
corridor_0,8603,4.350028156,46.97504708,-4.151002934
corridor_0,8604,4.794333576,47.4193525,-3.706697515
corridor_0,8605,5.236510395,47.86152932,-3.264520696
corridor_0,8606,5.557391285,48.18241021,-2.943639806
corridor_0,8607,6.004523396,48.62954232,-2.496507695
corridor_0,8608,6.447913288,49.07293221,-2.053117803
corridor_0,8609,6.851157307,49.47617623,-1.649873784
corridor_0,8610,7.227053761,49.85207269,-1.27397733
corridor_0,8611,7.643477558,50.26849648,-0.857553533
corridor_0,8612,8.19108498,50.8161039,-0.309946111
corridor_0,8613,8.803519367,51.42853829,0.302488276
corridor_0,8614,9.159133076,51.784152,0.658101985
corridor_0,8615,9.558806538,52.18382546,1.057775447
corridor_0,8616,9.79914391,52.42416283,1.298112819
corridor_0,8617,10.07801354,52.70303246,1.576982448
corridor_0,8618,10.5198127,53.14483163,2.018781611
corridor_0,8619,11.07239449,53.69741341,2.571363399
corridor_0,8620,11.67995751,54.30497643,3.178926417
corridor_0,8621,11.9445411,54.56956002,3.443510005
corridor_0,8622,11.86579049,54.49080941,3.364759395
corridor_0,8623,11.76712716,54.39214608,3.266096065
corridor_0,8624,11.69045174,54.31547066,3.18942065
corridor_0,8625,11.53600609,54.16102502,3.034975001
corridor_0,8626,11.35184395,53.97686288,2.850812861
corridor_0,8627,11.24006188,53.8650808,2.739030787
corridor_0,8628,11.6692878,54.29430672,3.168256709
corridor_0,8629,11.5218879,54.14690682,3.020856807
corridor_0,8630,11.48930275,54.11432168,2.988271663
corridor_0,8631,11.5094825,54.13450143,3.008451411
corridor_0,8632,11.633937,54.25895592,3.13290591
corridor_0,8633,11.79136574,54.41638467,3.290334651
corridor_0,8634,12.01244271,54.63746163,3.511411616
corridor_0,8635,12.28100121,54.90602013,3.779970119
corridor_0,8636,12.594329,55.21934792,4.093297908
corridor_0,8637,12.86492073,55.48993966,4.363889644
corridor_0,8638,13.06285393,55.68787286,4.561822841
corridor_0,8639,13.18798363,55.81300256,4.68695254
corridor_0,8640,13.22259056,55.84760949,4.721559474
corridor_0,8641,13.15944207,55.78446099,4.658410975
corridor_0,8642,13.06028664,55.68530556,4.559255549
corridor_0,8643,12.92669594,55.55171487,4.425664851
corridor_0,8644,12.73644936,55.36146828,4.235418269
corridor_0,8645,12.51522744,55.14024636,4.014196345
corridor_0,8646,12.3054992,54.93051812,3.804468104
corridor_0,8647,12.14838326,54.77340218,3.647352168
corridor_0,8648,11.97523796,54.60025689,3.474206874
corridor_0,8649,11.80358422,54.42860314,3.302553126
corridor_0,8650,11.63735497,54.26237389,3.136323878
corridor_0,8651,11.51633751,54.14135644,3.015306422
corridor_0,8652,11.3719703,53.99698922,2.870939204
corridor_0,8653,11.21617806,53.84119698,2.715146968
corridor_0,8654,10.99542534,53.62044427,2.494394252
corridor_0,8655,10.83313668,53.4581556,2.332105586
corridor_0,8656,9.652419209,52.27743813,1.151388118
corridor_0,8657,9.37569344,52.00071236,0.874662349
corridor_0,8658,8.743712544,51.36873147,0.242681453
corridor_0,8659,8.170062183,50.79508111,-0.330968907
corridor_0,8660,7.680441975,50.3054609,-0.820589116
corridor_0,8661,7.018214344,49.64323327,-1.482816747
corridor_0,8662,6.448241352,49.07326028,-2.052789739
corridor_0,8663,5.808310627,48.43332955,-2.692720464
corridor_0,8664,5.18932259,47.81434151,-3.311708501
corridor_0,8665,4.53874123,47.16376015,-3.962289861
corridor_0,8666,3.854582905,46.47960183,-4.646448186
corridor_0,8667,3.280196308,45.90521523,-5.220834783
corridor_0,8668,2.638705372,45.2637243,-5.862325719
corridor_0,8669,1.949004292,44.57402322,-6.552026799
corridor_0,8670,1.120539784,43.74555871,-7.380491307
corridor_0,8671,0.539149403,43.16416833,-7.961881688
corridor_0,8672,-0.27816856,42.34685036,-8.779199651
corridor_0,8673,-1.12708366,41.49793526,-9.628114751
corridor_0,8674,-2.019631267,40.60538766,-10.52066236
corridor_0,8675,-3.384976269,39.24004266,-11.88600736
corridor_0,8676,-4.657490612,37.96752831,-13.1585217
corridor_0,8732,-7.81716621,34.80785271,-16.3181973
corridor_0,8733,-4.495808483,38.12921044,-12.99683957
corridor_0,8734,-2.852181316,39.77283761,-11.35321241
corridor_0,8735,-1.819897533,40.80512139,-10.32092862
corridor_0,8736,-0.681214214,41.94380471,-9.182245305
corridor_0,8737,-0.079449535,42.54556939,-8.580480626
corridor_0,8738,0.735472797,43.36049172,-7.765558293
corridor_0,8739,1.607630848,44.23264977,-6.893400243
corridor_0,8740,2.311057209,44.93607613,-6.189973882
corridor_0,8741,3.004561543,45.62958047,-5.496469548
corridor_0,8742,3.648112415,46.27313134,-4.852918675
corridor_0,8743,4.24734795,46.87236687,-4.253683141
corridor_0,8744,4.959128498,47.58414742,-3.541902593
corridor_0,8745,5.647746204,48.27276513,-2.853284886
corridor_0,8746,6.302874683,48.92789361,-2.198156407
corridor_0,8747,6.9545089,49.57952782,-1.546522191
corridor_0,8748,7.61334145,50.23836037,-0.887689641
corridor_0,8749,8.268061756,50.89308068,-0.232969335
corridor_0,8750,8.877814411,51.50283334,0.37678332
corridor_0,8751,9.339747547,51.96476647,0.838716456
corridor_0,8752,9.901934742,52.52695367,1.400903651
corridor_0,8753,11.20881951,53.83383843,2.707788417
corridor_0,8754,11.42420113,54.04922005,2.923170039
corridor_0,8755,11.57236397,54.1973829,3.071332881
corridor_0,8756,11.70371163,54.32873055,3.202680537
corridor_0,8757,11.8457557,54.47077462,3.344724605
corridor_0,8758,11.99608529,54.62110421,3.495054194
corridor_0,8759,12.129058,54.75407693,3.628026912
corridor_0,8760,12.26241219,54.88743111,3.761381099
corridor_0,8761,12.43098748,55.0560064,3.929956386
corridor_0,8762,12.60076058,55.2257795,4.099729487
corridor_0,8763,12.7412864,55.36630532,4.240255305
corridor_0,8764,12.90486824,55.52988717,4.403837153
corridor_0,8765,13.0890609,55.71407983,4.588029811
corridor_0,8766,13.26185143,55.88687035,4.760820338
corridor_0,8767,13.35610497,55.98112389,4.855073878
corridor_0,8768,13.30592644,55.93094537,4.80489535
corridor_0,8769,13.33613121,55.96115014,4.835100123
corridor_0,8770,13.25223839,55.87725732,4.751207301
corridor_0,8771,13.08586037,55.7108793,4.58482928
corridor_0,8772,12.85631096,55.48132989,4.355279872
corridor_0,8773,12.58353341,55.20855233,4.082502315
corridor_0,8774,12.30000985,54.92502877,3.798978755
corridor_0,8775,12.0305587,54.65557763,3.529527614
corridor_0,8776,11.82052529,54.44554421,3.319494197
corridor_0,8777,11.66110909,54.28612801,3.160077998
corridor_0,8778,11.55744851,54.18246743,3.056417415
corridor_0,8779,11.50805199,54.13307092,3.0070209
corridor_0,8780,11.5303756,54.15539452,3.029344508
corridor_0,8781,11.69576943,54.32078835,3.194738338
corridor_0,8782,11.73008644,54.35510537,3.229055354
corridor_0,8783,11.29798806,53.92300698,2.796956965
corridor_0,8784,11.49495995,54.11997887,2.993928859
corridor_0,8785,11.66530526,54.29032418,3.164274165
corridor_0,8786,11.75566018,54.3806791,3.254629085
corridor_0,8787,11.89319909,54.51821801,3.392167994
corridor_0,8788,12.042472,54.66749093,3.541440913
corridor_0,8789,11.74721825,54.37223717,3.24618716
corridor_0,8790,11.28731453,53.91233346,2.786283442
corridor_0,8791,10.81384575,53.43886468,2.312814662
corridor_0,8792,10.41907418,53.0440931,1.918043086
corridor_0,8793,10.16160118,52.78662011,1.660570094
corridor_0,8794,9.896948933,52.52196786,1.395917842
corridor_0,8795,9.65838158,52.2834005,1.15735049
corridor_0,8796,9.243331074,51.86835,0.742299983
corridor_0,8797,8.793208241,51.41822717,0.29217715
corridor_0,8798,8.188262104,50.81328103,-0.312768987
corridor_0,8799,7.666426777,50.2914457,-0.834604314
corridor_0,8800,7.266833424,49.89185235,-1.234197667
corridor_0,8801,6.883570789,49.50858971,-1.617460301
corridor_0,8802,6.464438557,49.08945748,-2.036592534
corridor_0,8803,6.098719715,48.72373864,-2.402311376
corridor_0,8804,5.662657856,48.28767678,-2.838373235
corridor_0,8805,5.265296101,47.89031503,-3.23573499
corridor_0,8806,4.809836506,47.43485543,-3.691194585
corridor_0,8807,4.346812367,46.97183129,-4.154218724
corridor_0,8808,3.80897057,46.43398949,-4.692060521
corridor_0,8809,3.229331135,45.85435006,-5.271699956
corridor_0,8810,2.788439869,45.41345879,-5.712591222
corridor_0,8811,2.349841236,44.97486016,-6.151189855
corridor_0,8812,1.801623463,44.42664239,-6.699407628
corridor_0,8813,1.223689198,43.84870812,-7.277341893
corridor_0,8814,0.589160084,43.21417901,-7.911871007
corridor_0,8815,-0.24306953,42.38194939,-8.744100621
corridor_0,8816,-0.979348064,41.64567086,-9.480379155
corridor_0,8817,-1.788357616,40.83666131,-10.28938871
corridor_0,8818,-2.992142559,39.63287637,-11.49317365
corridor_0,8819,-6.198487163,36.42653176,-14.69951825
corridor_0,8846,-3.443306805,39.18171212,-11.9443379
corridor_0,8847,-2.134865642,40.49015328,-10.63589673
corridor_0,8848,-1.042809368,41.58220956,-9.543840459
corridor_0,8849,-0.299103619,42.32591531,-8.800134709
corridor_0,8850,0.378829121,43.00384805,-8.12220197
corridor_0,8851,1.026301502,43.65132043,-7.474729589
corridor_0,8852,1.657233357,44.28225228,-6.843797734
corridor_0,8853,2.237372517,44.86239144,-6.263658574
corridor_0,8854,2.782069325,45.40708825,-5.718961766
corridor_0,8855,3.234999775,45.8600187,-5.266031316
corridor_0,8856,3.826586842,46.45160577,-4.674444249
corridor_0,8857,4.263510822,46.88852975,-4.237520268
corridor_0,8858,4.812419056,47.43743798,-3.688612035
corridor_0,8859,5.275675892,47.90069482,-3.225355199
corridor_0,8860,5.695223927,48.32024285,-2.805807164
corridor_0,8861,6.160960316,48.78597924,-2.340070775
corridor_0,8862,6.609641193,49.23466012,-1.891389897
corridor_0,8863,7.024588703,49.64960763,-1.476442388
corridor_0,8864,7.390772938,50.01579186,-1.110258153
corridor_0,8865,7.730525135,50.35554406,-0.770505956
corridor_0,8866,8.240237354,50.86525628,-0.260793736
corridor_0,8867,8.761981129,51.38700005,0.260950038
corridor_0,8868,9.332858204,51.95787713,0.831827113
corridor_0,8869,9.655898213,52.28091714,1.154867122
corridor_0,8870,10.12251961,52.74753854,1.621488521
corridor_0,8871,10.38059914,53.00561806,1.879568049
corridor_0,8872,10.53373635,53.15875527,2.032705256
corridor_0,8873,10.7413665,53.36638543,2.240335414
corridor_0,8874,11.07715142,53.70217034,2.576120326
corridor_0,8875,11.4845916,54.10961053,2.983560512
corridor_0,8876,11.80160057,54.4266195,3.300569484
corridor_0,8877,11.86627877,54.49129769,3.365247676
corridor_0,8878,11.87473977,54.49975869,3.373708674
corridor_0,8879,11.77695382,54.40197274,3.275922725
corridor_0,8880,11.65405571,54.27907464,3.153024623
corridor_0,8881,11.4956466,54.12066552,2.994615504
corridor_0,8882,11.87891304,54.50393197,3.377881953
corridor_0,8883,11.74883568,54.37385461,3.247804591
corridor_0,8884,11.71710503,54.34212395,3.216073939
corridor_0,8885,11.58967888,54.21469781,3.088647792
corridor_0,8886,11.53195107,54.15696999,3.030919978
corridor_0,8887,11.57593834,54.20095727,3.074907252
corridor_0,8888,11.71103585,54.33605477,3.210004756
corridor_0,8889,11.86380684,54.48882577,3.362775752
corridor_0,8890,12.06875527,54.69377419,3.567724177
corridor_0,8891,12.32722008,54.95223901,3.826188991
corridor_0,8892,12.5691787,55.19419762,4.068147609
corridor_0,8893,12.85360634,55.47862527,4.352575252
corridor_0,8894,13.11355889,55.73857781,4.612527797
corridor_0,8895,13.3386184,55.96363732,4.837587306
corridor_0,8896,13.44222939,56.06724831,4.941198298
corridor_0,8897,13.57043373,56.19545266,5.069402644
corridor_0,8898,13.58631813,56.21133706,5.085287044
corridor_0,8899,13.54439461,56.16941354,5.043363521
corridor_0,8900,13.46305382,56.08807275,4.962022731
corridor_0,8901,13.29408944,55.91910836,4.793058345
corridor_0,8902,13.18346321,55.80848214,4.682432124
corridor_0,8903,13.02516472,55.65018365,4.524133632
corridor_0,8904,12.89671624,55.52173516,4.395685145
corridor_0,8905,12.76218712,55.38720605,4.261156032
corridor_0,8906,12.6179229,55.24294183,4.11689181
corridor_0,8907,12.48133004,55.10634896,3.980298945
corridor_0,8908,12.35326302,54.97828194,3.852231929
corridor_0,8909,12.32184136,54.94686028,3.820810267
corridor_0,8910,12.2000457,54.82506463,3.699014613
corridor_0,8911,11.95180809,54.57682702,3.450777003
corridor_0,8912,11.73360741,54.35862634,3.23257632
corridor_0,8913,11.2709533,53.89597222,2.769922206
corridor_0,8914,10.02976143,52.65478036,1.528730342
corridor_0,8915,9.478640675,52.1036596,0.977609584
corridor_0,8916,8.812396168,51.43741509,0.311365077
corridor_0,8917,8.180590748,50.80560967,-0.320440343
corridor_0,8918,7.45966637,50.08468529,-1.04136472
corridor_0,8919,6.769271015,49.39428994,-1.731760076
corridor_0,8920,6.073619007,48.69863793,-2.427412084
corridor_0,8921,5.381762623,48.00678155,-3.119268468
corridor_0,8922,4.74772942,47.37274834,-3.753301671
corridor_0,8923,4.005355,46.63037392,-4.495676091
corridor_0,8924,3.321059345,45.94607827,-5.179971745
corridor_0,8925,2.618266224,45.24328515,-5.882764867
corridor_0,8926,1.922335743,44.54735467,-6.578695348
corridor_0,8927,1.210963368,43.83598229,-7.290067723
corridor_0,8928,0.325774311,42.95079324,-8.17525678
corridor_0,8929,-0.466458202,42.15856072,-8.967489293
corridor_0,8930,-1.349907757,41.27511117,-9.850938848
corridor_0,8931,-2.339787365,40.28523156,-10.84081846
corridor_0,8932,-3.446411968,39.17860696,-11.94744306
corridor_0,8933,-5.29833305,37.32668587,-13.79936414
corridor_0,8987,-13.8562001,28.76881882,-22.35723119
corridor_0,8988,-5.150143505,37.47487542,-13.6511746
corridor_0,8989,-2.932579876,39.69243905,-11.43361097
corridor_0,8990,-1.897850872,40.72716805,-10.39888196
corridor_0,8991,-0.944725872,41.68029305,-9.445756963
corridor_0,8992,-0.099175335,42.52584359,-8.600206426
corridor_0,8993,0.829135059,43.45415398,-7.671896031
corridor_0,8994,1.563059925,44.18807885,-6.937971166
corridor_0,8995,2.280135273,44.9051542,-6.220895818
corridor_0,8996,2.973414539,45.59843346,-5.527616551
corridor_0,8997,3.650492786,46.27551171,-4.850538304
corridor_0,8998,4.396964192,47.02198312,-4.104066899
corridor_0,8999,5.090071796,47.71509072,-3.410959294
corridor_0,9000,5.784365772,48.4093847,-2.716665318
corridor_0,9001,6.50598061,49.13099953,-1.995050481
corridor_0,9002,7.220149159,49.84516808,-1.280881932
corridor_0,9003,7.954512714,50.57953164,-0.546518376
corridor_0,9004,8.721476673,51.3464956,0.220445582
corridor_0,9005,9.405432819,52.03045174,0.904401729
corridor_0,9006,10.06564248,52.6906614,1.564611384
corridor_0,9007,11.4692527,54.09427163,2.968221614
corridor_0,9008,11.96272194,54.58774087,3.461690852
corridor_0,9009,12.1388694,54.76388833,3.637838313
corridor_0,9010,12.47305977,55.0980787,3.972028682
corridor_0,9011,12.59641182,55.22143075,4.095380733
corridor_0,9012,12.70185387,55.32687279,4.20082278
corridor_0,9013,12.81059182,55.43561074,4.309560725
corridor_0,9014,12.95115197,55.57617089,4.450120875
corridor_0,9015,13.0638572,55.68887612,4.562826106
corridor_0,9016,13.22199166,55.84701058,4.720960567
corridor_0,9017,13.35766899,55.98268792,4.856637904
corridor_0,9018,13.47422707,56.09924599,4.973195979
corridor_0,9019,13.55906212,56.18408105,5.058031032
corridor_0,9020,13.64427102,56.26928994,5.143239924
corridor_0,9021,13.72709572,56.35211465,5.226064631
corridor_0,9022,13.78864205,56.41366097,5.287610957
corridor_0,9023,13.77747261,56.40249154,5.276441524
corridor_0,9024,13.73043358,56.35545251,5.229402492
corridor_0,9025,13.59444344,56.21946236,5.093412349
corridor_0,9026,13.37191689,55.99693581,4.870885798
corridor_0,9027,13.14813149,55.77315041,4.647100398
corridor_0,9028,12.88489067,55.5099096,4.383859584
corridor_0,9029,12.63193428,55.25695321,4.130903193
corridor_0,9030,12.4008857,55.02590462,3.899854609
corridor_0,9031,12.16974175,54.79476067,3.668710658
corridor_0,9032,11.94463646,54.56965539,3.443605372
corridor_0,9033,11.79819405,54.42321297,3.297162959
corridor_0,9034,11.66434014,54.28935906,3.163309047
corridor_0,9035,11.60574257,54.2307615,3.104711482
corridor_0,9036,11.61958992,54.24460885,3.118558833
corridor_0,9037,11.74499047,54.37000939,3.243959376
corridor_0,9038,11.7883445,54.41336343,3.287313411
corridor_0,9039,11.91026986,54.53528878,3.409238765
corridor_0,9040,11.50055993,54.12557885,2.999528834
corridor_0,9041,11.69066536,54.31568429,3.189634273
corridor_0,9042,11.74609291,54.37111184,3.245061824
corridor_0,9043,11.69654381,54.32156274,3.195512721
corridor_0,9044,11.6524421,54.27746102,3.151411006
corridor_0,9045,11.72533333,54.35035226,3.224302241
corridor_0,9046,11.61945259,54.24447152,3.118421504
corridor_0,9047,11.24988854,53.87490746,2.748857448
corridor_0,9048,11.04305565,53.66807458,2.542024562
corridor_0,9049,10.986045,53.61106393,2.485013911
corridor_0,9050,10.73279869,53.35781762,2.231767604
corridor_0,9051,10.36384499,52.98886391,1.862813899
corridor_0,9052,10.07557595,52.70059487,1.574544856
corridor_0,9053,9.707617878,52.3326368,1.206586787
corridor_0,9054,9.309443592,51.93446252,0.808412501
corridor_0,9055,8.818713306,51.44373223,0.317682216
corridor_0,9056,8.405451893,51.03047082,-0.095579198
corridor_0,9057,7.994475483,50.61949441,-0.506555608
corridor_0,9058,7.65643227,50.28145119,-0.844598821
corridor_0,9059,7.159728169,49.78474709,-1.341302922
corridor_0,9060,6.674067616,49.29908654,-1.826963475
corridor_0,9061,6.181788563,48.80680749,-2.319242528
corridor_0,9062,5.707476734,48.33249566,-2.793554357
corridor_0,9063,5.218039631,47.84305856,-3.28299146
corridor_0,9064,4.715056538,47.34007546,-3.785974553
corridor_0,9065,4.266291737,46.89131066,-4.234739354
corridor_0,9066,3.748076557,46.37309548,-4.752954534
corridor_0,9067,3.206278919,45.83129784,-5.294752172
corridor_0,9068,2.744063496,45.36908242,-5.756967595
corridor_0,9069,2.07944405,44.70446297,-6.421587041
corridor_0,9070,1.589312672,44.2143316,-6.911718419
corridor_0,9071,0.811789631,43.43680856,-7.68924146
corridor_0,9072,0.299319386,42.92433831,-8.201711705
corridor_0,9073,-0.577607037,42.04741189,-9.078638127
corridor_0,9074,-1.367512585,41.25750634,-9.868543675
corridor_0,9075,-2.534268261,40.09075066,-11.03529935
corridor_0,9076,-3.946167828,38.6788511,-12.44719892
corridor_0,9100,-11.01739013,31.60762879,-19.51842122
corridor_0,9101,-2.989388348,39.63563058,-11.49041944
corridor_0,9102,-1.751881481,40.87313744,-10.25291257
corridor_0,9103,-0.908600689,41.71641824,-9.40963178
corridor_0,9104,0.029723286,42.65474221,-8.471307805
corridor_0,9105,0.711768269,43.33678719,-7.789262822
corridor_0,9106,1.351878285,43.97689721,-7.149152806
corridor_0,9107,1.984355091,44.60937402,-6.516676
corridor_0,9108,2.576365589,45.20138451,-5.924665502
corridor_0,9109,3.149241566,45.77426049,-5.351789525
corridor_0,9110,3.621070026,46.24608895,-4.879961064
corridor_0,9111,4.170333027,46.79535195,-4.330698064
corridor_0,9112,4.704783558,47.32980248,-3.796247533
corridor_0,9113,5.162593006,47.78761193,-3.338438085
corridor_0,9114,5.67766106,48.30267998,-2.82337003
corridor_0,9115,6.179885029,48.80490395,-2.321146062
corridor_0,9116,6.66707909,49.29209801,-1.833952001
corridor_0,9117,7.143496632,49.76851556,-1.357534459
corridor_0,9118,7.735251545,50.36027047,-0.765779546
corridor_0,9119,8.250250935,50.87526986,-0.250780156
corridor_0,9120,8.740023731,51.36504266,0.23899264
corridor_0,9121,9.166133045,51.79115197,0.665101954
corridor_0,9122,9.413508534,52.03852746,0.912477443
corridor_0,9123,9.779700398,52.40471932,1.278669307
corridor_0,9124,10.15367806,52.77869698,1.652646968
corridor_0,9125,10.48318398,53.1082029,1.982152888
corridor_0,9126,10.74018776,53.36520669,2.239156672
corridor_0,9127,10.97587883,53.60089776,2.474847743
corridor_0,9128,11.25918114,53.88420007,2.75815005
corridor_0,9129,11.31361306,53.93863198,2.812581965
corridor_0,9130,11.41082299,54.03584191,2.909791896
corridor_0,9131,11.52848732,54.15350625,3.027456233
corridor_0,9132,11.58052361,54.20554253,3.079492518
corridor_0,9133,11.55063164,54.17565057,3.049600551
corridor_0,9134,11.5332061,54.15822503,3.032175014
corridor_0,9135,11.5917083,54.21672723,3.090677211
corridor_0,9136,11.49317086,54.11818978,2.992139766
corridor_0,9137,11.99577629,54.62079522,3.494745204
corridor_0,9138,11.86176217,54.48678109,3.360731074
corridor_0,9139,11.83639061,54.46140954,3.335359523
corridor_0,9140,11.74859536,54.37361428,3.247564265
corridor_0,9141,11.66831505,54.29333398,3.167283961
corridor_0,9142,11.68538201,54.31040093,3.184350917
corridor_0,9143,11.8063041,54.43132302,3.305273005
corridor_0,9144,11.96014321,54.58516213,3.459112117
corridor_0,9145,12.06938469,54.69440362,3.568353602
corridor_0,9146,12.28447258,54.90949151,3.783441493
corridor_0,9147,12.50250924,55.12752816,4.001478145
corridor_0,9148,12.7448684,55.36988732,4.243837306
corridor_0,9149,12.97440636,55.59942529,4.47337527
corridor_0,9150,13.23532784,55.86034676,4.734296748
corridor_0,9151,13.49389565,56.11891457,4.992864558
corridor_0,9152,13.72656548,56.3515844,5.225534389
corridor_0,9153,13.87383568,56.49885461,5.372804591
corridor_0,9154,13.94985878,56.57487771,5.448827693
corridor_0,9155,13.9479171,56.57293603,5.446886012
corridor_0,9156,13.919963,56.54498193,5.418931911
corridor_0,9157,13.92083275,56.54585168,5.419801661
corridor_0,9158,13.87088311,56.49590203,5.369852015
corridor_0,9159,13.75427544,56.37929436,5.253244349
corridor_0,9160,13.66767037,56.29268929,5.166639277
corridor_0,9161,13.55484307,56.17986199,5.053811976
corridor_0,9162,13.41982567,56.0448446,4.918794581
corridor_0,9163,13.32569802,55.95071694,4.824666926
corridor_0,9164,13.21458733,55.83960625,4.713556239
corridor_0,9165,13.07384789,55.69886681,4.572816798
corridor_0,9166,12.94457543,55.56959435,4.443544337
corridor_0,9167,12.79097664,55.41599557,4.289945552
corridor_0,9168,12.60232079,55.22733971,4.101289699
corridor_0,9169,12.35265648,54.97767541,3.851625392
corridor_0,9170,11.934291,54.55930993,3.433259913
corridor_0,9171,11.31614983,53.94116875,2.815118739
corridor_0,9172,9.877368092,52.50238702,1.376337001
corridor_0,9173,9.185801624,51.81082055,0.684770534
corridor_0,9174,8.397997974,51.0230169,-0.103033116
corridor_0,9175,7.660452961,50.28547189,-0.84057813
corridor_0,9176,6.909564137,49.53458306,-1.591466954
corridor_0,9177,6.140372395,48.76539132,-2.360658696
corridor_0,9178,5.432219624,48.05723855,-3.068811467
corridor_0,9179,4.752650379,47.3776693,-3.748380712
corridor_0,9180,4.010760426,46.63577935,-4.490270665
corridor_0,9181,3.318015217,45.94303414,-5.183015874
corridor_0,9182,2.598544239,45.22356316,-5.902486852
corridor_0,9183,1.88841927,44.51343819,-6.612611821
corridor_0,9184,1.142233967,43.76725289,-7.358797124
corridor_0,9185,0.219473957,42.84449288,-8.281557134
corridor_0,9186,-0.597142101,42.02787682,-9.098173192
corridor_0,9187,-1.749619366,40.87539956,-10.25065046
corridor_0,9188,-2.811783672,39.81323525,-11.31281476
corridor_0,9189,-4.49143684,38.13358208,-12.99246793
corridor_0,9190,-9.013678432,33.61134049,-17.51470952
corridor_0,9243,-7.685175777,34.93984315,-16.18620687
corridor_0,9244,-3.927964092,38.69705483,-12.42899518
corridor_0,9245,-2.380535961,40.24448296,-10.88156705
corridor_0,9246,-1.376564861,41.24845406,-9.877595952
corridor_0,9247,-0.470009685,42.15500924,-8.971040776
corridor_0,9248,0.519343494,43.14436242,-7.981687596
corridor_0,9249,1.321841358,43.94686028,-7.179189733
corridor_0,9250,2.068942188,44.69396111,-6.432088902
corridor_0,9251,2.89654839,45.52156731,-5.604482701
corridor_0,9252,3.614016651,46.23903558,-4.88701444
corridor_0,9253,4.315642475,46.9406614,-4.185388616
corridor_0,9254,5.070239185,47.69525811,-3.430791905
corridor_0,9255,5.820208668,48.44522759,-2.680822423
corridor_0,9256,6.512328266,49.13734719,-1.988702825
corridor_0,9257,7.288233875,49.9132528,-1.212797215
corridor_0,9258,8.074893116,50.69991204,-0.426137975
corridor_0,9259,8.838202595,51.46322152,0.337171504
corridor_0,9260,9.596778034,52.22179696,1.095746943
corridor_0,9261,10.31077492,52.93579385,1.809743831
corridor_0,9262,11.81736672,54.44238564,3.316335628
corridor_0,9263,12.33367455,54.95869347,3.832643458
corridor_0,9264,12.67466271,55.29968163,4.173631618
corridor_0,9265,12.89991295,55.52493188,4.398881862
corridor_0,9266,13.09905922,55.72407815,4.598028132
corridor_0,9267,13.20053399,55.82555291,4.699502894
corridor_0,9268,13.32178032,55.94679925,4.820749232
corridor_0,9269,13.41761315,56.04263207,4.916582057
corridor_0,9270,13.542472,56.16749093,5.041440913
corridor_0,9271,13.64566719,56.27068612,5.144636104
corridor_0,9272,13.76879799,56.39381692,5.267766902
corridor_0,9273,13.87570488,56.50072381,5.374673793
corridor_0,9274,13.96179116,56.58681008,5.460760066
corridor_0,9275,14.06461251,56.68963143,5.563581416
corridor_0,9276,14.11878121,56.74380013,5.617750117
corridor_0,9277,14.12156212,56.74658105,5.620531032
corridor_0,9278,14.145877,56.77089593,5.644845912
corridor_0,9279,14.13611901,56.76113793,5.635087916
corridor_0,9280,14.05698311,56.68200204,5.555952022
corridor_0,9281,13.89361107,56.51863,5.392579982
corridor_0,9282,13.67888558,56.3039045,5.177854487
corridor_0,9283,13.41391289,56.03893182,4.912881801
corridor_0,9284,13.1607734,55.78579232,4.659742305
corridor_0,9285,12.92168724,55.54670617,4.420656154
corridor_0,9286,12.68675911,55.31177804,4.185728023
corridor_0,9287,12.45591271,55.08093163,3.954881618
corridor_0,9288,12.25617897,54.8811979,3.755147883
corridor_0,9289,12.12294686,54.74796578,3.621915767
corridor_0,9290,11.9791671,54.60418603,3.478136012
corridor_0,9291,11.83002388,54.45504281,3.328992793
corridor_0,9292,11.77708733,54.40210625,3.276056239
corridor_0,9293,11.79574883,54.42076775,3.294717738
corridor_0,9294,11.80137551,54.42639443,3.300344417
corridor_0,9295,11.76457512,54.38959405,3.263544032
corridor_0,9296,11.77338326,54.39840218,3.272352168
corridor_0,9297,11.85320961,54.47822854,3.352178523
corridor_0,9298,11.33553231,53.96055123,2.834501216
corridor_0,9299,11.35155785,53.97657677,2.850526759
corridor_0,9300,11.37787545,54.00289437,2.876844356
corridor_0,9301,11.40076744,54.02578637,2.899736354
corridor_0,9302,11.41170037,54.03671929,2.910669276
corridor_0,9303,11.42264092,54.04765984,2.921609828
corridor_0,9304,11.39523232,54.02025124,2.894201228
corridor_0,9305,11.32545388,53.9504728,2.824422786
corridor_0,9306,11.23240578,53.85742471,2.73137469
corridor_0,9307,11.06635964,53.69137856,2.565328547
corridor_0,9308,10.86002648,53.4850454,2.358995387
corridor_0,9309,10.60272515,53.22774407,2.101694057
corridor_0,9310,10.29229653,52.91731545,1.791265437
corridor_0,9311,10.07059777,52.69561669,1.569566676
corridor_0,9312,9.972437977,52.5974569,1.471406886
corridor_0,9313,9.616229176,52.2412481,1.115198085
corridor_0,9314,8.917182087,51.54220101,0.416150996
corridor_0,9315,8.16512215,50.79014108,-0.33590894
corridor_0,9316,7.660323261,50.28534219,-0.840707829
corridor_0,9317,7.152537464,49.77755639,-1.348493627
corridor_0,9318,6.694663166,49.31968209,-1.806367925
corridor_0,9319,6.182055592,48.80707452,-2.318975499
corridor_0,9320,5.619216084,48.24423501,-2.881815007
corridor_0,9321,5.130389332,47.75540826,-3.370641759
corridor_0,9322,4.584620594,47.20963952,-3.916410497
corridor_0,9323,4.10211861,46.72713753,-4.39891248
corridor_0,9324,3.538313984,46.16333291,-4.962717107
corridor_0,9325,2.964236378,45.5892553,-5.536794713
corridor_0,9326,2.373919605,44.99893853,-6.127111485
corridor_0,9327,1.859767078,44.484786,-6.641264012
corridor_0,9328,1.102980732,43.72799966,-7.398050359
corridor_0,9329,0.433707356,43.05872628,-8.067323735
corridor_0,9330,-0.473118664,42.15190026,-8.974149755
corridor_0,9331,-1.070393444,41.55462548,-9.571424535
corridor_0,9332,-2.458310009,40.16670892,-10.9593411
corridor_0,9333,-3.913399578,38.71161935,-12.41443067
corridor_0,9355,-6.252095104,36.37292382,-14.75312619
corridor_0,9356,-2.980740429,39.6442785,-11.48177152
corridor_0,9357,-1.461487652,41.16353127,-9.962518743
corridor_0,9358,-0.650853039,41.97416589,-9.15188413
corridor_0,9359,0.263602375,42.8886213,-8.237428716
corridor_0,9360,0.821406483,43.44642541,-7.679624608
corridor_0,9361,1.501921772,44.1269407,-6.999109319
corridor_0,9362,2.236991047,44.86200997,-6.264040044
corridor_0,9363,2.753996967,45.37901589,-5.747034123
corridor_0,9364,3.341445088,45.96646401,-5.159586003
corridor_0,9365,3.923586964,46.54860589,-4.577444127
corridor_0,9366,4.49154961,47.11656853,-4.009481481
corridor_0,9367,4.998240589,47.62325951,-3.502790502
corridor_0,9368,5.499232411,48.12425134,-3.00179868
corridor_0,9369,6.096064686,48.72108361,-2.404966405
corridor_0,9370,6.637248158,49.26226708,-1.863782933
corridor_0,9371,7.123210072,49.748229,-1.377821019
corridor_0,9372,7.646075367,50.27109429,-0.854955724
corridor_0,9373,8.157771229,50.78279015,-0.343259862
corridor_0,9374,8.817137837,51.44215676,0.316106746
corridor_0,9375,9.573863148,52.19888207,1.072832057
corridor_0,9376,10.13160622,52.75662514,1.63057513
corridor_0,9377,10.60034478,53.2253637,2.099313685
corridor_0,9378,10.67101204,53.29603097,2.169980952
corridor_0,9379,10.76992714,53.39494607,2.268896052
corridor_0,9380,10.99350274,53.61852166,2.492471644
corridor_0,9381,11.17691338,53.8019323,2.675882289
corridor_0,9382,11.29878151,53.92380044,2.797750422
corridor_0,9383,11.38452446,54.00954339,2.883493373
corridor_0,9384,11.42911827,54.0541372,2.928087184
corridor_0,9385,11.40690911,54.03192803,2.905878016
corridor_0,9386,11.35196602,53.97698495,2.850934932
corridor_0,9387,11.28438103,53.90939996,2.78334994
corridor_0,9388,11.21271431,53.83773324,2.711683223
corridor_0,9389,11.1643554,53.78937432,2.663324306
corridor_0,9390,11.06923592,53.69425484,2.568204829
corridor_0,9391,11.04202568,53.66704461,2.540994594
corridor_0,9392,11.59443581,54.21945473,3.093404719
corridor_0,9393,11.63993752,54.26495644,3.138906428
corridor_0,9394,11.69115746,54.31617638,3.190126369
corridor_0,9395,11.78390419,54.40892312,3.282873103
corridor_0,9396,11.88794625,54.51296517,3.386915156
corridor_0,9397,11.94468987,54.56970879,3.443658778
corridor_0,9398,12.00578606,54.63080498,3.50475497
corridor_0,9399,12.16059029,54.78560921,3.659559199
corridor_0,9400,12.29409325,54.91911217,3.79306216
corridor_0,9401,12.47829354,55.10331246,3.977262446
corridor_0,9402,12.70088112,55.32590005,4.199850032
corridor_0,9403,12.94354165,55.56856057,4.442510554
corridor_0,9404,13.18773568,55.8127546,4.686704585
corridor_0,9405,13.43414223,56.05916116,4.93311114
corridor_0,9406,13.72309792,56.34811684,5.222066829
corridor_0,9407,13.98800957,56.6130285,5.48697848
corridor_0,9408,14.19211113,56.81713006,5.691080043
corridor_0,9409,14.32499611,56.95001504,5.823965022
corridor_0,9410,14.38796151,57.01298043,5.886930415
corridor_0,9411,14.37731469,57.00233361,5.876283595
corridor_0,9412,14.3723098,56.99732873,5.871278712
corridor_0,9413,14.31582177,56.94084069,5.814790675
corridor_0,9414,14.24098885,56.86600777,5.739957759
corridor_0,9415,14.13701165,56.76203057,5.635980556
corridor_0,9416,13.99025261,56.61527154,5.489221522
corridor_0,9417,13.86616051,56.49117944,5.36512942
corridor_0,9418,13.72301018,56.34802911,5.221979091
corridor_0,9419,13.61178887,56.23680779,5.110757777
corridor_0,9420,13.48691094,56.11192986,4.985879848
corridor_0,9421,13.38279259,56.00781152,4.8817615
corridor_0,9422,13.32327568,55.94829461,4.822244594
corridor_0,9423,13.21958458,55.84460351,4.718553493
corridor_0,9424,13.12904274,55.75406167,4.628011653
corridor_0,9425,12.99311745,55.61813638,4.49208636
corridor_0,9426,12.71903145,55.34405038,4.218000361
corridor_0,9427,12.21243966,54.83745858,3.711408565
corridor_0,9428,11.5621978,54.18721673,3.061166713
corridor_0,9429,9.995196461,52.62021539,1.49416537
corridor_0,9430,9.204978108,51.82999703,0.703947017
corridor_0,9431,8.428027271,51.0530462,-0.073003819
corridor_0,9432,7.667693256,50.29271218,-0.833337834
corridor_0,9433,6.963851093,49.58887002,-1.537179997
corridor_0,9434,6.19297707,48.81799599,-2.308054021
corridor_0,9435,5.421622395,48.04664132,-3.079408696
corridor_0,9436,4.589686512,47.21470544,-3.911344579
corridor_0,9437,3.87367165,46.49869057,-4.627359441
corridor_0,9438,3.159674763,45.78469369,-5.341356328
corridor_0,9439,2.361456989,44.98647591,-6.139574101
corridor_0,9440,1.609336018,44.23435494,-6.891695073
corridor_0,9441,0.652983784,43.27800271,-7.848047307
corridor_0,9442,-0.179520489,42.44549844,-8.680551579
corridor_0,9443,-1.287033916,41.33798501,-9.788065007
corridor_0,9444,-2.299363018,40.32565591,-10.80039411
corridor_0,9445,-3.443154217,39.18186471,-11.94418531
corridor_0,9446,-6.676697613,35.94832131,-15.1777287
corridor_0,9498,-13.88395774,28.74106118,-22.38498884
corridor_0,9499,-5.875120998,36.74989793,-14.37615209
corridor_0,9500,-3.79927528,38.82574364,-12.30030637
corridor_0,9501,-1.950970531,40.67404839,-10.45200162
corridor_0,9502,-0.986576916,41.63844201,-9.487608006
corridor_0,9503,-0.09759605,42.52742287,-8.598627141
corridor_0,9504,0.915099262,43.54011819,-7.585931829
corridor_0,9505,1.836485981,44.46150491,-6.66454511
corridor_0,9506,2.571086048,45.19610497,-5.929945043
corridor_0,9507,3.406336903,46.03135583,-5.094694188
corridor_0,9508,4.123293995,46.74831292,-4.377737096
corridor_0,9509,4.959338306,47.58435723,-3.541692784
corridor_0,9510,5.802256702,48.42727563,-2.698774388
corridor_0,9511,6.556735157,49.18175408,-1.944295934
corridor_0,9512,7.297629475,49.9226484,-1.203401616
corridor_0,9513,8.079180836,50.70419976,-0.421850255
corridor_0,9514,8.77828896,51.40330788,0.277257869
corridor_0,9515,9.540915608,52.16593453,1.039884517
corridor_0,9516,10.45965874,53.08467767,1.95862765
corridor_0,9517,11.94675362,54.57177254,3.445722529
corridor_0,9518,12.55719292,55.18221185,4.05616183
corridor_0,9519,12.94180977,55.5668287,4.440778682
corridor_0,9520,13.16733849,55.79235741,4.666307399
corridor_0,9521,13.23825753,55.86327645,4.737226436
corridor_0,9522,13.28534996,55.91036889,4.784318873
corridor_0,9523,13.3174392,55.94245812,4.816408107
corridor_0,9524,13.38055718,56.0055761,4.879526088
corridor_0,9525,13.48024666,56.10526559,4.979215571
corridor_0,9526,13.57746041,56.20247933,5.076429317
corridor_0,9527,13.73451912,56.35953805,5.233488032
corridor_0,9528,13.90172493,56.52674386,5.400693843
corridor_0,9529,14.06199181,56.68701073,5.560960719
corridor_0,9530,14.25290215,56.87792107,5.751871058
corridor_0,9531,14.41620171,57.04122063,5.915170619
corridor_0,9532,14.56190789,57.18692681,6.060876796
corridor_0,9533,14.68372261,57.30874154,6.182691524
corridor_0,9534,14.76424706,57.38926598,6.263215968
corridor_0,9535,14.77706826,57.40208718,6.276037166
corridor_0,9536,14.7437011,57.36872002,6.242670009
corridor_0,9537,14.60276711,57.22778603,6.101736018
corridor_0,9538,14.38994133,57.01496026,5.888910243
corridor_0,9539,14.12666619,56.75168511,5.625635097
corridor_0,9540,13.80317223,56.42819115,5.302141139
corridor_0,9541,13.51859963,56.14361855,5.017568538
corridor_0,9542,13.26812661,55.89314553,4.767095515
corridor_0,9543,12.99148095,55.61649987,4.490449855
corridor_0,9544,12.75662911,55.38164803,4.255598018
corridor_0,9545,12.5252639,55.15028283,4.024232814
corridor_0,9546,12.38343346,55.00845238,3.882402369
corridor_0,9547,12.28709328,54.91211221,3.78606219
corridor_0,9548,12.12683403,54.75185296,3.625802943
corridor_0,9549,11.95067894,54.57569787,3.449647853
corridor_0,9550,11.79856026,54.42357919,3.29752917
corridor_0,9551,11.67132103,54.29633996,3.170289943
corridor_0,9552,11.57469094,54.19970986,3.073659846
corridor_0,9553,11.50157082,54.12658974,3.000539729
corridor_0,9554,10.8409034,53.46592233,2.33987231
corridor_0,9555,10.85321724,53.47823617,2.352186152
corridor_0,9556,10.90412438,53.5291433,2.403093287
corridor_0,9557,10.9769851,53.60200402,2.475954005
corridor_0,9558,11.07656395,53.70158288,2.575532863
corridor_0,9559,11.18584359,53.81086251,2.684812495
corridor_0,9560,11.29244912,53.91746804,2.791418025
corridor_0,9561,11.36810982,53.99312875,2.867078731
corridor_0,9562,11.40798867,54.03300759,2.906957576
corridor_0,9563,11.38556588,54.0105848,2.884534785
corridor_0,9564,11.36677849,53.99179742,2.865747401
corridor_0,9565,11.2636863,53.88870522,2.762655208
corridor_0,9566,11.18204415,53.80706307,2.681013057
corridor_0,9567,11.18123162,53.80625054,2.680200526
corridor_0,9568,11.07083809,53.69585702,2.569807002
corridor_0,9569,10.47652352,53.10154244,1.975492427
corridor_0,9570,9.939002155,52.56402108,1.437971065
corridor_0,9571,9.405673145,52.03069207,0.904642055
corridor_0,9572,8.671691059,51.29670998,0.170659968
corridor_0,9573,8.100371479,50.7253904,-0.400659612
corridor_0,9574,7.591662525,50.21668145,-0.909368566
corridor_0,9575,7.040785908,49.66580483,-1.460245183
corridor_0,9576,6.516982197,49.14200112,-1.984048894
corridor_0,9577,5.952597736,48.57761666,-2.548433354
corridor_0,9578,5.395323872,48.0203428,-3.105707219
corridor_0,9579,4.869483112,47.49450204,-3.631547978
corridor_0,9580,4.372798084,46.99781701,-4.128233006
corridor_0,9581,3.714152454,46.33917138,-4.786878636
corridor_0,9582,3.186209797,45.81122872,-5.314821294
corridor_0,9583,2.582945942,45.20796487,-5.918085149
corridor_0,9584,1.847224354,44.47224328,-6.653806737
corridor_0,9585,1.304213642,43.92923257,-7.196817449
corridor_0,9586,0.621894001,43.24691293,-7.87913709
corridor_0,9587,-0.274174572,42.35084435,-8.775205663
corridor_0,9588,-1.062546612,41.56247231,-9.563577703
corridor_0,9589,-2.481606365,40.14341256,-10.98263746
corridor_0,9590,-4.33090675,38.29411217,-12.83193784
corridor_0,9610,-8.005108715,34.61991021,-16.50613981
corridor_0,9611,-3.368187786,39.25683114,-11.86921888
corridor_0,9612,-1.512101055,41.11291787,-10.01313215
corridor_0,9613,-0.682267071,41.94275185,-9.183298162
corridor_0,9614,0.094744801,42.71976373,-8.40628629
corridor_0,9615,0.967970966,43.59298989,-7.533060124
corridor_0,9616,1.642142414,44.26716134,-6.858888677
corridor_0,9617,2.19914925,44.82416817,-6.301881841
corridor_0,9618,2.910353779,45.5353727,-5.590677312
corridor_0,9619,3.514514088,46.13953301,-4.986517003
corridor_0,9620,4.091399311,46.71641824,-4.40963178
corridor_0,9621,4.670329212,47.29534814,-3.830701879
corridor_0,9622,5.243300556,47.86831948,-3.257730535
corridor_0,9623,5.776442646,48.40146157,-2.724588445
corridor_0,9624,6.355239033,48.98025796,-2.145792058
corridor_0,9625,6.900527119,49.52554604,-1.600503972
corridor_0,9626,7.48663628,50.1116552,-1.014394811
corridor_0,9627,8.009890675,50.6349096,-0.491140416
corridor_0,9628,8.553767323,51.17878625,0.052736232
corridor_0,9629,9.194060444,51.81907937,0.693029353
corridor_0,9630,9.783309101,52.40832803,1.28227801
corridor_0,9631,10.28814232,52.91316125,1.787111232
corridor_0,9632,10.82430565,53.44932458,2.323274562
corridor_0,9633,11.28484261,53.90986153,2.783811519
corridor_0,9634,11.39314568,54.0181646,2.892114589
corridor_0,9635,11.27637398,53.90139291,2.775342891
corridor_0,9636,11.33316719,53.95818612,2.832136104
corridor_0,9637,11.3472892,53.97230813,2.846258113
corridor_0,9638,11.39635384,54.02137276,2.895322749
corridor_0,9639,11.37711251,54.00213143,2.876081416
corridor_0,9640,11.2563163,53.88133523,2.755285213
corridor_0,9641,11.11594689,53.74096581,2.614915797
corridor_0,9642,10.97644722,53.60146615,2.475416133
corridor_0,9643,10.85251152,53.47753045,2.351480433
corridor_0,9644,10.72867882,53.35369775,2.227647731
corridor_0,9645,10.69776451,53.32278344,2.196733424
corridor_0,9646,10.67871773,53.30373666,2.177686641
corridor_0,9647,11.39176476,54.01678368,2.890733668
corridor_0,9648,11.50862801,54.13364693,3.007596919
corridor_0,9649,11.62068093,54.24569985,3.119649837
corridor_0,9650,11.77835762,54.40337655,3.277326533
corridor_0,9651,11.9215194,54.54653832,3.420488307
corridor_0,9652,12.10927498,54.73429391,3.608243892
corridor_0,9653,12.30084908,54.925868,3.799817988
corridor_0,9654,12.49753487,55.12255379,3.996503779
corridor_0,9655,12.63581765,55.26083657,4.134786555
corridor_0,9656,12.83117592,55.45619485,4.330144832
corridor_0,9657,13.10045922,55.72547814,4.599428126
corridor_0,9658,13.34928429,55.97430321,4.8482532
corridor_0,9659,13.64432824,56.26934716,5.143297145
corridor_0,9660,13.98707116,56.61209008,5.486040065
corridor_0,9661,14.28968346,56.91470238,5.788652369
corridor_0,9662,14.62102806,57.24604699,6.119996974
corridor_0,9663,14.9470588,57.57207772,6.446027705
corridor_0,9664,15.17939293,57.80441186,6.678361842
corridor_0,9665,15.30521691,57.93023583,6.804185817
corridor_0,9666,15.33555519,57.96057412,6.834524104
corridor_0,9667,15.29040062,57.91541955,6.789369533
corridor_0,9668,15.13181984,57.75683877,6.630788753
corridor_0,9669,14.91806328,57.54308221,6.417032191
corridor_0,9670,14.67732537,57.30234429,6.176294276
corridor_0,9671,14.40883171,57.03385064,5.907800624
corridor_0,9672,14.16519082,56.79020974,5.664159724
corridor_0,9673,13.93287194,56.55789086,5.431840846
corridor_0,9674,13.70893395,56.33395287,5.207902858
corridor_0,9675,13.5504905,56.17550942,5.049459407
corridor_0,9676,13.43103707,56.05605599,4.930005977
corridor_0,9677,13.33131707,55.95633599,4.830285975
corridor_0,9678,13.28963768,55.91465661,4.788606593
corridor_0,9679,13.23424446,55.85926339,4.733213374
corridor_0,9680,13.21888268,55.8439016,4.717851588
corridor_0,9681,13.19926369,55.82428262,4.6982326
corridor_0,9682,13.03588402,55.66090295,4.534852931
corridor_0,9683,12.76873696,55.39375588,4.267705867
corridor_0,9684,12.24900353,54.87402245,3.747972438
corridor_0,9685,10.98797905,53.61299798,2.486947963
corridor_0,9686,9.982466816,52.60748574,1.481435725
corridor_0,9687,9.200362324,51.82538125,0.699331233
corridor_0,9688,8.366072773,50.9910917,-0.134958318
corridor_0,9689,7.599433064,50.22445199,-0.901598027
corridor_0,9690,6.829394459,49.45441338,-1.671636632
corridor_0,9691,6.052378773,48.6773977,-2.448652318
corridor_0,9692,5.3048774,47.92989632,-3.196153691
corridor_0,9693,4.459101795,47.08412072,-4.041929296
corridor_0,9694,3.612109303,46.23712823,-4.888921788
corridor_0,9695,2.748862385,45.37388131,-5.752168706
corridor_0,9696,1.784628986,44.40964791,-6.716402104
corridor_0,9697,0.988612293,43.61363122,-7.512418797
corridor_0,9698,0.151633381,42.77665231,-8.34939771
corridor_0,9699,-0.938523174,41.68649575,-9.439554265
corridor_0,9700,-1.912564159,40.71245477,-10.41359525
corridor_0,9701,-3.35453117,39.27048775,-11.85556226
corridor_0,9702,-5.837975384,36.78704354,-14.33900647
corridor_0,9703,-13.85346496,28.77155396,-22.35449605
corridor_0,9754,-13.82726181,28.79775712,-22.3282929
corridor_0,9755,-5.818718792,36.80630013,-14.31974988
corridor_0,9756,-3.336460949,39.28855798,-11.83749204
corridor_0,9757,-2.181736828,40.4432821,-10.68276792
corridor_0,9758,-0.697487713,41.92753121,-9.198518804
corridor_0,9759,0.179518818,42.80453774,-8.321512273
corridor_0,9760,1.160498737,43.78551766,-7.340532353
corridor_0,9761,2.060458302,44.68547723,-6.440572789
corridor_0,9762,2.91966927,45.54468819,-5.581361821
corridor_0,9763,3.911852955,46.53687188,-4.589178136
corridor_0,9764,4.8071357,47.43215462,-3.693895391
corridor_0,9765,5.559962391,48.18498132,-2.9410687
corridor_0,9766,6.274920582,48.89993951,-2.226110509
corridor_0,9767,7.029570698,49.65458962,-1.471460393
corridor_0,9768,7.830145954,50.45516488,-0.670885137
corridor_0,9769,8.624274372,51.2492933,0.123243281
corridor_0,9770,9.400756001,52.02577493,0.89972491
corridor_0,9771,10.35788643,52.98290536,1.856855342
corridor_0,9772,11.91233742,54.53735635,3.411306331
corridor_0,9773,12.51840889,55.14342782,4.017377803
corridor_0,9774,12.97302544,55.59804436,4.471994349
corridor_0,9775,13.19725335,55.82227227,4.696222255
corridor_0,9776,13.294963,55.91998193,4.793931911
corridor_0,9777,13.25847161,55.88349053,4.757440516
corridor_0,9778,13.225299,55.85031792,4.724267909
corridor_0,9779,13.22156823,55.84658715,4.720537135
corridor_0,9780,13.28232109,55.90734002,4.781290004
corridor_0,9781,13.38672936,56.01174828,4.885698268
corridor_0,9782,13.54954064,56.17455956,5.048509547
corridor_0,9783,13.74998391,56.37500283,5.248952815
corridor_0,9784,14.00444329,56.62946221,5.503412196
corridor_0,9785,14.31713021,56.94214913,5.816099116
corridor_0,9786,14.66665184,57.29167077,6.165620753
corridor_0,9787,15.03722298,57.66224191,6.53619189
corridor_0,9788,15.40512383,58.03014275,6.904092738
corridor_0,9789,15.74231636,58.36733529,7.241285274
corridor_0,9790,16.00638115,58.63140008,7.505350062
corridor_0,9791,16.12408364,58.74910256,7.623052546
corridor_0,9792,16.0645591,58.68957803,7.56352801
corridor_0,9793,15.91375649,58.53877541,7.412725398
corridor_0,9794,15.6094619,58.23448083,7.108430812
corridor_0,9795,15.22484505,57.84986398,6.72381396
corridor_0,9796,14.8207618,57.44578072,6.319730708
corridor_0,9797,14.44299233,57.06801125,5.941961238
corridor_0,9798,14.05802452,56.68304345,5.556993434
corridor_0,9799,13.73868096,56.36369988,5.237649867
corridor_0,9800,13.44553673,56.07055566,4.944505641
corridor_0,9801,13.18135369,55.80637261,4.680322597
corridor_0,9802,12.94831002,55.57332894,4.447278926
corridor_0,9803,12.71884072,55.34385964,4.217809627
corridor_0,9804,12.53507912,55.16009805,4.03404803
corridor_0,9805,12.35836708,54.98338601,3.857335994
corridor_0,9806,12.23499215,54.86001107,3.733961055
corridor_0,9807,11.97418892,54.59920785,3.473157832
corridor_0,9808,11.75204766,54.37706658,3.251016566
corridor_0,9809,11.55637276,54.18139169,3.05534167
corridor_0,9810,11.40435707,54.029376,2.903325984
corridor_0,9811,10.62588417,53.2509031,2.124853084
corridor_0,9812,10.55017006,53.17518899,2.049138972
corridor_0,9813,10.60597908,53.23099801,2.104947993
corridor_0,9814,10.67348015,53.29849908,2.172449061
corridor_0,9815,10.78039086,53.40540978,2.279359767
corridor_0,9816,11.00793373,53.63295266,2.506902644
corridor_0,9817,11.13779366,53.76281258,2.636762568
corridor_0,9818,11.29474175,53.91976067,2.793710658
corridor_0,9819,11.17566216,53.80068108,2.674631068
corridor_0,9820,11.21715462,53.84217355,2.71612353
corridor_0,9821,11.267398,53.89241692,2.766366908
corridor_0,9822,11.33535683,53.96037576,2.83432574
corridor_0,9823,11.27366173,53.89868066,2.772630641
corridor_0,9824,11.14470589,53.76972482,2.6436748
corridor_0,9825,10.93220436,53.55722329,2.431173274
corridor_0,9826,10.59686577,53.2218847,2.095834682
corridor_0,9827,10.22545159,52.85047051,1.724420497
corridor_0,9828,9.775157093,52.40017602,1.274126002
corridor_0,9829,8.984381794,51.60940072,0.483350703
corridor_0,9830,8.450850605,51.07586953,-0.050180486
corridor_0,9831,7.871188282,50.49620721,-0.629842809
corridor_0,9832,7.308268665,49.93328759,-1.192762425
corridor_0,9833,6.744547962,49.36956689,-1.756483129
corridor_0,9834,6.184462666,48.80948159,-2.316568425
corridor_0,9835,5.553496479,48.1785154,-2.947534612
corridor_0,9836,5.018763661,47.64378259,-3.48226743
corridor_0,9837,4.458544849,47.08356377,-4.042486241
corridor_0,9838,3.848494648,46.47351357,-4.652536443
corridor_0,9839,3.144732594,45.76975152,-5.356298497
corridor_0,9840,2.624949574,45.2499685,-5.876081517
corridor_0,9841,1.982695698,44.60771462,-6.518335393
corridor_0,9842,1.308230518,43.93324944,-7.192800572
corridor_0,9843,0.450110554,43.07512948,-8.050920537
corridor_0,9844,-0.310700298,42.31431863,-8.811731389
corridor_0,9845,-1.13350761,41.49151131,-9.634538701
corridor_0,9846,-2.869309307,39.75570962,-11.3703404
corridor_0,9847,-5.450692058,37.17432687,-13.95172315
corridor_0,9865,-9.226010204,33.39900872,-17.7270413
corridor_0,9866,-4.255379558,38.36963937,-12.75641065
corridor_0,9867,-2.396878124,40.2281408,-10.89790921
corridor_0,9868,-0.765347362,41.85967156,-9.266378453
corridor_0,9869,0.018477558,42.64349648,-8.482553533
corridor_0,9870,0.781344532,43.40636346,-7.719686559
corridor_0,9871,1.622237324,44.24725625,-6.878793767
corridor_0,9872,2.293685078,44.918704,-6.207346013
corridor_0,9873,2.926676869,45.55169579,-5.574354222
corridor_0,9874,3.460547566,46.08556649,-5.040483525
corridor_0,9875,4.157202839,46.78222176,-4.343828252
corridor_0,9876,4.812991261,47.43801019,-3.68803983
corridor_0,9877,5.35552895,47.98054787,-3.145502141
corridor_0,9878,5.894423603,48.51944253,-2.606607488
corridor_0,9879,6.496516346,49.12153527,-2.004514745
corridor_0,9880,7.075881123,49.70090005,-1.425149968
corridor_0,9881,7.700938343,50.32595727,-0.800092748
corridor_0,9882,8.302649616,50.92766854,-0.198381474
corridor_0,9883,8.84916222,51.47418114,0.348131129
corridor_0,9884,9.649451374,52.2744703,1.148420283
corridor_0,9885,10.36159432,52.98661324,1.860563228
corridor_0,9886,10.85429299,53.47931191,2.353261897
corridor_0,9887,11.10686791,53.73188683,2.605836818
corridor_0,9888,11.20849144,53.83351037,2.707460353
corridor_0,9889,11.26793206,53.89295098,2.766900966
corridor_0,9890,11.25972283,53.88474175,2.758691737
corridor_0,9891,11.20833886,53.83335778,2.707307765
corridor_0,9892,11.12330162,53.74832055,2.622270534
corridor_0,9893,11.01795876,53.64297768,2.516927669
corridor_0,9894,10.94772637,53.57274529,2.446695277
corridor_0,9895,10.89069283,53.51571175,2.389661738
corridor_0,9896,10.80606759,53.43108651,2.305036494
corridor_0,9897,10.78402626,53.40904519,2.282995173
corridor_0,9898,10.63885415,53.26387307,2.137823054
corridor_0,9899,10.55564034,53.18065926,2.054609248
corridor_0,9900,10.49675286,53.12177178,1.995721766
corridor_0,9901,10.50546181,53.13048074,2.00443072
corridor_0,9902,10.62487328,53.2498922,2.123842189
corridor_0,9903,11.4706794,54.09569833,2.969648311
corridor_0,9904,11.66091072,54.28592965,3.159879634
corridor_0,9905,11.88716423,54.51218316,3.386133143
corridor_0,9906,12.19094002,54.81595895,3.689908931
corridor_0,9907,12.53662789,55.16164681,4.035596797
corridor_0,9908,12.67705834,55.30207726,4.176027247
corridor_0,9909,12.81994927,55.44496819,4.318918178
corridor_0,9910,13.0524894,55.67750832,4.551458308
corridor_0,9911,13.2487365,55.87375542,4.747705409
corridor_0,9912,13.51317513,56.13819405,5.012144038
corridor_0,9913,13.81280053,56.43781945,5.311769435
corridor_0,9914,14.13203728,56.75705621,5.63100619
corridor_0,9915,14.48467171,57.10969064,5.98364062
corridor_0,9916,14.96805489,57.59307381,6.467023799
corridor_0,9917,15.36928856,57.99430749,6.868257472
corridor_0,9918,15.87496865,58.49998757,7.373937556
corridor_0,9919,16.38849938,59.0135183,7.887468287
corridor_0,9920,16.81067192,59.43569085,8.309640834
corridor_0,9921,17.08456337,59.7095823,8.583532283
corridor_0,9922,17.15024483,59.77526376,8.64921374
corridor_0,9923,16.94994652,59.57496545,8.448915431
corridor_0,9924,16.53775704,59.16277596,8.036725947
corridor_0,9925,16.01110756,58.63612649,7.510076472
corridor_0,9926,15.49270546,58.11772439,6.991674373
corridor_0,9927,14.97412407,57.599143,6.473092982
corridor_0,9928,14.52695382,57.15197274,6.025922725
corridor_0,9929,14.15834343,56.78336236,5.657312343
corridor_0,9930,13.83809578,56.46311471,5.337064692
corridor_0,9931,13.59998238,56.2250013,5.098951289
corridor_0,9932,13.42784417,56.05286309,4.926813075
corridor_0,9933,13.31597817,55.94099709,4.814947078
corridor_0,9934,13.28193581,55.90695473,4.780904719
corridor_0,9935,13.31605828,55.9410772,4.815027186
corridor_0,9936,13.39720452,56.02222344,4.896173427
corridor_0,9937,13.45885384,56.08387276,4.957822749
corridor_0,9938,13.33767998,55.96269891,4.83664889
corridor_0,9939,13.0902282,55.71524712,4.589197108
corridor_0,9940,12.6891967,55.31421563,4.188165614
corridor_0,9941,12.05411065,54.67912957,3.553079555
corridor_0,9942,10.63162529,53.25664422,2.130594203
corridor_0,9943,9.713927387,52.33894631,1.212896296
corridor_0,9944,8.730536579,51.3555555,0.229505488
corridor_0,9945,7.996237873,50.6212568,-0.504793218
corridor_0,9946,7.235907673,49.8609266,-1.265123418
corridor_0,9947,6.508921742,49.13394067,-1.992109349
corridor_0,9948,5.769240498,48.39425942,-2.731790593
corridor_0,9949,5.005149006,47.63016793,-3.495882085
corridor_0,9950,4.242400288,46.86741921,-4.258630803
corridor_0,9951,3.045794605,45.67081353,-5.455236485
corridor_0,9952,2.191012501,44.81603143,-6.31001859
corridor_0,9953,1.166911244,43.79193017,-7.334119847
corridor_0,9954,0.345679401,42.97069833,-8.155351689
corridor_0,9955,-0.917809368,41.70720956,-9.418840459
corridor_0,9956,-1.90404594,40.72097298,-10.40507703
corridor_0,9957,-3.752396465,38.87262246,-12.25342756
corridor_0,9958,-6.569146038,36.05587289,-15.07017713
corridor_0,9959,-10.85522735,31.76979157,-19.35625844
corridor_0,10010,-13.82258499,28.80243394,-22.32361608
corridor_0,10011,-6.59120071,36.03381821,-15.0922318
corridor_0,10012,-3.794381023,38.8306379,-12.29541211
corridor_0,10013,-1.944470287,40.68054864,-10.44550138
corridor_0,10014,-0.742802502,41.88221642,-9.243833592
corridor_0,10015,0.150267719,42.77528664,-8.350763371
corridor_0,10016,1.1404258,43.76544472,-7.36060529
corridor_0,10017,2.282294392,44.90731332,-6.218736699
corridor_0,10018,3.637568592,46.26258752,-4.863462499
corridor_0,10019,4.474074482,47.09909341,-4.026956609
corridor_0,10020,5.170348286,47.79536721,-3.330682805
corridor_0,10021,5.929186939,48.55420586,-2.571844151
corridor_0,10022,6.589614033,49.21463296,-1.911417058
corridor_0,10023,7.340640186,49.96565911,-1.160390904
corridor_0,10024,8.042559742,50.66757867,-0.458471349
corridor_0,10025,8.90611565,51.53113457,0.405084559
corridor_0,10026,9.840544819,52.46556374,1.339513728
corridor_0,10027,10.72233117,53.34735009,2.221300075
corridor_0,10028,12.10064995,54.72566888,3.599618861
corridor_0,10029,12.74804985,55.37306878,4.247018764
corridor_0,10030,13.19261086,55.81762978,4.691579768
corridor_0,10031,13.61989129,56.24491021,5.118860194
corridor_0,10032,13.53395379,56.15897271,5.032922694
corridor_0,10033,13.48229134,56.10731026,4.981260249
corridor_0,10034,13.46512902,56.09014794,4.964097926
corridor_0,10035,13.38610756,56.01112649,4.885076472
corridor_0,10036,13.4166671,56.04168603,4.915636012
corridor_0,10037,13.49820244,56.12322137,4.997171351
corridor_0,10038,13.68357003,56.30858895,5.182538936
corridor_0,10039,13.95941842,56.58443734,5.458387324
corridor_0,10040,14.32821953,56.95323846,5.827188441
corridor_0,10041,14.79625618,57.42127511,6.295225093
corridor_0,10042,15.34096062,57.96597955,6.83992953
corridor_0,10043,16.00542366,58.63044259,7.504392573
corridor_0,10044,16.72564232,59.35066125,8.224611232
corridor_0,10045,17.49197304,60.11699197,8.990941951
corridor_0,10046,18.16346276,60.78848168,9.662431666
corridor_0,10047,18.53233254,61.15735146,10.03130145
corridor_0,10048,18.42880165,61.05382058,9.927770564
corridor_0,10049,17.92843544,60.55345437,9.427404353
corridor_0,10050,17.27506173,59.90008065,8.774030635
corridor_0,10051,16.57318795,59.19820687,8.072156856
corridor_0,10052,15.99753487,58.62255379,7.496503779
corridor_0,10053,15.4368087,58.06182763,6.935777614
corridor_0,10054,14.88027489,57.50529382,6.3792438
corridor_0,10055,14.48369896,57.10871789,5.982667872
corridor_0,10056,14.13173211,56.75675103,5.630701015
corridor_0,10057,13.81938088,56.4443998,5.318349788
corridor_0,10058,13.55794442,56.18296334,5.056913325
corridor_0,10059,13.30615532,55.93117425,4.805124232
corridor_0,10060,13.08401406,55.70903298,4.582982966
corridor_0,10061,12.91655266,55.54157159,4.415521571
corridor_0,10062,12.7539016,55.37892052,4.252870509
corridor_0,10063,12.46306908,55.088088,3.96203799
corridor_0,10064,12.15114891,54.77616784,3.650117824
corridor_0,10065,11.8296653,54.45468423,3.328634212
corridor_0,10066,11.55470192,54.17972085,3.053670833
corridor_0,10067,10.7811805,53.40619942,2.280149409
corridor_0,10068,10.54890358,53.17392251,2.047872493
corridor_0,10069,10.53104317,53.1560621,2.03001208
corridor_0,10070,10.55293572,53.17795464,2.051904628
corridor_0,10071,10.56011116,53.18513009,2.059080073
corridor_0,10072,10.57154763,53.19656655,2.070516536
corridor_0,10073,10.60060036,53.22561929,2.09956927
corridor_0,10074,10.64077294,53.26579186,2.139741847
corridor_0,10075,10.72251427,53.3475332,2.22148318
corridor_0,10076,10.80678093,53.43179986,2.305749843
corridor_0,10077,10.92091668,53.5459356,2.419885585
corridor_0,10078,11.08494484,53.70996377,2.583913753
corridor_0,10079,11.40447152,54.02949044,2.903440425
corridor_0,10080,11.61641228,54.24143121,3.11538119
corridor_0,10081,11.58645928,54.2114782,3.085428187
corridor_0,10082,11.64887535,54.27389428,3.147844264
corridor_0,10083,11.24225914,53.86727807,2.741228053
corridor_0,10084,10.68012917,53.30514809,2.179098079
corridor_0,10085,10.0100013,52.63502023,1.50897021
corridor_0,10086,9.358336567,51.98335549,0.857305476
corridor_0,10087,8.657576679,51.2825956,0.156545588
corridor_0,10088,8.072623371,50.6976423,-0.42840772
corridor_0,10089,7.448332905,50.07335183,-1.052698186
corridor_0,10090,6.850501179,49.4755201,-1.650529912
corridor_0,10091,6.259596943,48.88461587,-2.241434148
corridor_0,10092,5.701254963,48.32627389,-2.799776128
corridor_0,10093,5.049739002,47.67475793,-3.451292089
corridor_0,10094,4.418624043,47.04364297,-4.082407048
corridor_0,10095,3.821417927,46.44643685,-4.679613164
corridor_0,10096,3.216128468,45.84114739,-5.284902623
corridor_0,10097,2.589972614,45.21499154,-5.911058476
corridor_0,10098,1.814776539,44.43979546,-6.686254552
corridor_0,10099,1.074145435,43.69916436,-7.426885655
corridor_0,10100,0.330908894,42.95592782,-8.170122197
corridor_0,10101,-0.420761944,42.20425698,-8.921793035
corridor_0,10102,-1.970719219,40.65429971,-10.47175031
corridor_0,10103,-3.314530254,39.31048867,-11.81556135
corridor_0,10104,-6.924401165,35.70061776,-15.42543226
corridor_0,10121,-5.384365917,37.24065301,-13.88539701
corridor_0,10122,-2.844097973,39.78092095,-11.34512906
corridor_0,10123,-1.563160778,41.06185815,-10.06419187
corridor_0,10124,-0.293602825,42.3314161,-8.794633916
corridor_0,10125,0.626994251,43.25201318,-7.874036839
corridor_0,10126,1.356093525,43.98111245,-7.144937566
corridor_0,10127,2.081339954,44.70635888,-6.419691136
corridor_0,10128,2.756491779,45.3815107,-5.744539311
corridor_0,10129,3.464102863,46.08912179,-5.036928227
corridor_0,10130,4.091269611,46.71628854,-4.409761479
corridor_0,10131,4.692275166,47.31729409,-3.808755925
corridor_0,10132,5.377928852,48.00294778,-3.123102239
corridor_0,10133,5.94991219,48.57493111,-2.551118901
corridor_0,10134,6.541842579,49.1668615,-1.959188512
corridor_0,10135,7.168563007,49.79358193,-1.332468083
corridor_0,10136,7.78017342,50.40519234,-0.720857671
corridor_0,10137,8.422240376,51.0472593,-0.078790715
corridor_0,10138,9.014281391,51.63930032,0.5132503
corridor_0,10139,9.803450703,52.42846963,1.302419612
corridor_0,10140,10.37898552,53.00400445,1.877954432
corridor_0,10141,10.82706368,53.4520826,2.326032588
corridor_0,10142,11.33314049,53.95815942,2.832109401
corridor_0,10143,11.86471856,54.48973748,3.363687465
corridor_0,10144,12.00188363,54.62690255,3.500852534
corridor_0,10145,11.77099907,54.396018,3.269967982
corridor_0,10146,11.27303994,53.89805886,2.772008845
corridor_0,10147,10.92004311,53.54506203,2.419012019
corridor_0,10148,10.75253594,53.37755486,2.251504848
corridor_0,10149,10.62434685,53.24936578,2.123315761
corridor_0,10150,10.52110588,53.14612481,2.020074794
corridor_0,10151,10.46515191,53.09017083,1.964120814
corridor_0,10152,10.4979583,53.12297723,1.996927211
corridor_0,10153,10.45735466,53.08237359,1.956323573
corridor_0,10154,10.49386513,53.11888406,1.992834041
corridor_0,10155,10.53542626,53.16044518,2.034395167
corridor_0,10156,10.58624947,53.21126839,2.085218379
corridor_0,10157,10.67800438,53.30302331,2.176973292
corridor_0,10158,11.45919716,54.08421609,2.958166072
corridor_0,10159,11.70791924,54.33293816,3.206888148
corridor_0,10160,12.04091179,54.66593072,3.539880702
corridor_0,10161,12.45227349,55.07729241,3.951242396
corridor_0,10162,12.80650246,55.43152139,4.30547137
corridor_0,10163,12.95918953,55.58420846,4.458158442
corridor_0,10164,13.15930092,55.78431985,4.658269832
corridor_0,10165,13.42023384,56.04525277,4.919202754
corridor_0,10166,13.5020858,56.12710473,5.001054713
corridor_0,10167,13.73795998,56.3629789,5.236928889
corridor_0,10168,14.02840722,56.65342614,5.527376124
corridor_0,10169,14.36986458,56.99488351,5.868833491
corridor_0,10170,14.74013436,57.36515328,6.239103267
corridor_0,10171,15.18826973,57.81328866,6.687238643
corridor_0,10172,15.78304207,58.408061,7.282010982
corridor_0,10173,16.48108971,59.10610863,7.980058619
corridor_0,10174,17.22193062,59.84694955,8.720899531
corridor_0,10175,18.13396752,60.75898644,9.632936427
corridor_0,10176,19.22729027,61.8523092,10.72625918
corridor_0,10177,20.21013939,62.83515832,11.7091083
corridor_0,10178,20.47461998,63.09963891,11.97358889
corridor_0,10179,19.73474038,62.3597593,11.23370928
corridor_0,10180,18.58027565,61.20529458,10.07924456
corridor_0,10181,17.4840194,60.10903832,8.982988307
corridor_0,10182,16.51642525,59.14144418,8.01539416
corridor_0,10183,15.69722664,58.32224557,7.196195552
corridor_0,10184,15.04781639,57.67283532,6.546785304
corridor_0,10185,14.50968087,57.13469979,6.008649776
corridor_0,10186,14.09607613,56.72109505,5.595045039
corridor_0,10187,13.80714714,56.43216607,5.306116054
corridor_0,10188,13.61365807,56.23867699,5.112626979
corridor_0,10189,13.52923119,56.15425011,5.028200099
corridor_0,10190,13.52037728,56.1453962,5.019346187
corridor_0,10191,13.52947533,56.15449425,5.02844424
corridor_0,10192,13.61158287,56.2366018,5.110551784
corridor_0,10193,13.72229302,56.34731194,5.221261928
corridor_0,10194,13.67007363,56.29509255,5.169042537
corridor_0,10195,13.37574685,56.00076577,4.874715755
corridor_0,10196,12.74191201,55.36693093,4.240880916
corridor_0,10197,12.12923729,54.75425622,3.628206203
corridor_0,10198,10.70368874,53.32870766,2.202657649
corridor_0,10199,9.899802326,52.52482125,1.398771235
corridor_0,10200,9.084967732,51.70998666,0.583936641
corridor_0,10201,8.017478108,50.64249703,-0.483552983
corridor_0,10202,7.329672932,49.95469186,-1.171358159
corridor_0,10203,6.647795796,49.27281472,-1.853235295
corridor_0,10204,6.021990894,48.64700982,-2.479040196
corridor_0,10205,5.351012348,47.97603127,-3.150018743
corridor_0,10206,4.617144703,47.24216363,-3.883886388
corridor_0,10207,3.87782967,46.50284859,-4.623201421
corridor_0,10208,3.037112354,45.66213128,-5.463918736
corridor_0,10209,1.240508198,43.86552712,-7.260522893
corridor_0,10210,0.281100391,42.90611932,-8.219930699
corridor_0,10211,-0.783299328,41.8417196,-9.284330419
corridor_0,10212,-2.285286785,40.33973214,-10.78631788
corridor_0,10213,-3.419567944,39.20545098,-11.92059903
corridor_0,10214,-5.868182064,36.75683686,-14.36921315
corridor_0,10215,-13.8520478,28.77297112,-22.35307889
corridor_0,10267,-7.574362636,35.05065629,-16.07539373
corridor_0,10268,-3.87022102,38.7547979,-12.37125211
corridor_0,10269,-2.034890057,40.59012887,-10.53592115
corridor_0,10270,-1.055954815,41.56906411,-9.556985906
corridor_0,10271,0.043814777,42.6688337,-8.457216313
corridor_0,10272,1.567088245,44.19210717,-6.933942845
corridor_0,10273,3.374583363,45.99960229,-5.126447728
corridor_0,10274,4.095336079,46.720355,-4.405695012
corridor_0,10275,4.740275501,47.36529443,-3.760755589
corridor_0,10276,5.390856861,48.01587579,-3.11017423
corridor_0,10277,6.037799,48.66281792,-2.463232091
corridor_0,10278,6.688246845,49.31326577,-1.812784245
corridor_0,10279,7.306540608,49.93155953,-1.194490483
corridor_0,10280,8.291361927,50.91638085,-0.209669164
corridor_0,10281,9.110423206,51.73544213,0.609392116
corridor_0,10282,9.896788715,52.52180764,1.395757625
corridor_0,10283,10.72333825,53.34835717,2.222307155
corridor_0,10284,12.10764992,54.73266885,3.606618831
corridor_0,10285,12.81047356,55.43549248,4.30944247
corridor_0,10286,13.36781609,55.99283501,4.866784999
corridor_0,10287,13.99446022,56.61947915,5.493429133
corridor_0,10288,13.95868218,56.5837011,5.457651088
corridor_0,10289,13.86208641,56.48710534,5.361055324
corridor_0,10290,13.66831887,56.29333779,5.167287776
corridor_0,10291,13.65316307,56.278182,5.152131984
corridor_0,10292,13.6388427,56.26386163,5.13781161
corridor_0,10293,13.73270714,56.35772607,5.231676051
corridor_0,10294,13.92038262,56.54540154,5.419351527
corridor_0,10295,14.23371422,56.85873315,5.732683131
corridor_0,10296,14.6690017,57.29402062,6.167970607
corridor_0,10297,15.25624382,57.88126275,6.755212733
corridor_0,10298,15.99532998,58.6203489,7.494298884
corridor_0,10299,16.91871941,59.54373833,8.417688319
corridor_0,10300,18.10444558,60.7294645,9.603414485
corridor_0,10301,19.62375939,62.24877831,11.1227283
corridor_0,10302,21.7099334,64.33495232,13.20890231
corridor_0,10303,23.76067269,66.38569161,15.2596416
corridor_0,10304,22.83332741,65.45834634,14.33229632
corridor_0,10305,20.62860024,63.25361916,12.12756915
corridor_0,10306,18.95457375,61.57959267,10.45354266
corridor_0,10307,17.71551049,60.34052941,9.214479396
corridor_0,10308,16.84884179,59.47386071,8.347810695
corridor_0,10309,16.06747353,58.69249245,7.566442439
corridor_0,10310,15.37908471,58.00410363,6.878053615
corridor_0,10311,14.83976662,57.46478555,6.33873553
corridor_0,10312,14.41455376,57.03957269,5.91352267
corridor_0,10313,14.11025536,56.73527428,5.609224269
corridor_0,10314,13.77247155,56.39749047,5.271440455
corridor_0,10315,13.60637963,56.23139855,5.105348536
corridor_0,10316,13.49827492,56.12329385,4.997243831
corridor_0,10317,13.49829781,56.12331673,4.997266719
corridor_0,10318,13.23134148,55.8563604,4.73031039
corridor_0,10319,13.09177315,55.71679208,4.590742061
corridor_0,10320,12.62958062,55.25459954,4.128549525
corridor_0,10321,12.24988472,54.87490365,3.748853633
corridor_0,10322,11.9771949,54.60221383,3.476163814
corridor_0,10323,11.66112435,54.28614327,3.160093257
corridor_0,10324,10.91341317,53.53843209,2.412382075
corridor_0,10325,10.74943077,53.3744497,2.248399684
corridor_0,10326,10.53893578,53.1639547,2.037904689
corridor_0,10327,10.42178261,53.04680154,1.920751521
corridor_0,10328,10.35021126,52.97523019,1.849180171
corridor_0,10329,10.32044518,52.9454641,1.819414088
corridor_0,10330,10.32999718,52.95501611,1.82896609
corridor_0,10331,10.37808907,53.00310799,1.877057979
corridor_0,10332,10.44868004,53.07369897,1.947648952
corridor_0,10333,10.58204567,53.2070646,2.081014583
corridor_0,10334,10.82557213,53.45059106,2.324541041
corridor_0,10335,11.09703743,53.72205636,2.596006343
corridor_0,10336,11.47391808,54.098937,2.972886989
corridor_0,10337,11.85892022,54.48393914,3.357889125
corridor_0,10338,11.67307579,54.29809472,3.172044703
corridor_0,10339,11.40381539,54.02883431,2.902784297
corridor_0,10340,11.0992347,53.72425362,2.598203609
corridor_0,10341,10.64992821,53.27494714,2.14889712
corridor_0,10342,10.16143715,52.78645608,1.660406062
corridor_0,10343,9.507922291,52.13294122,1.0068912
corridor_0,10344,8.737094044,51.36211297,0.236062953
corridor_0,10345,8.09211266,50.71713158,-0.408918431
corridor_0,10346,7.436183094,50.06120202,-1.064847997
corridor_0,10347,6.831034779,49.4560537,-1.669996312
corridor_0,10348,6.254325031,48.87934396,-2.246706059
corridor_0,10349,5.674620747,48.29963967,-2.826410344
corridor_0,10350,5.003638386,47.62865731,-3.497392705
corridor_0,10351,4.285960316,46.91097924,-4.215070775
corridor_0,10352,3.662161945,46.28718087,-4.838869145
corridor_0,10353,3.023795246,45.64881417,-5.477235845
corridor_0,10354,2.323836445,44.94885537,-6.177194646
corridor_0,10355,1.612601399,44.23762032,-6.888429692
corridor_0,10356,0.914389729,43.53940865,-7.586641362
corridor_0,10357,0.004157185,42.62917611,-8.496873906
corridor_0,10358,-1.205277325,41.4197416,-9.706308415
corridor_0,10359,-2.405213238,40.21980569,-10.90624433
corridor_0,10360,-4.74981773,37.87520119,-13.25084882
corridor_0,10361,-10.98662841,31.63839051,-19.4876595
corridor_0,10376,-7.931197048,34.69382188,-16.43222814
corridor_0,10377,-3.740940929,38.884078,-12.24197202
corridor_0,10378,-2.021542431,40.60347649,-10.52257352
corridor_0,10379,-0.880532146,41.74448678,-9.381563237
corridor_0,10380,0.2928344,42.91785332,-8.208196691
corridor_0,10381,1.034278034,43.65929696,-7.466753057
corridor_0,10382,1.733088612,44.35810754,-6.767942479
corridor_0,10383,2.543898701,45.16891763,-5.95713239
corridor_0,10384,3.24836266,45.87338158,-5.252668431
corridor_0,10385,3.889517902,46.51453683,-4.611513188
corridor_0,10386,4.530852436,47.15587136,-3.970178655
corridor_0,10387,5.19392693,47.81894585,-3.307104161
corridor_0,10388,5.825640797,48.45065972,-2.675390294
corridor_0,10389,6.475375294,49.10039422,-2.025655797
corridor_0,10390,7.093901753,49.71892068,-1.407129338
corridor_0,10391,7.736724018,50.36174294,-0.764307073
corridor_0,10392,8.405383228,51.03040215,-0.095647862
corridor_0,10393,9.063578724,51.68859765,0.562547633
corridor_0,10394,9.900115131,52.52513406,1.399084041
corridor_0,10395,10.48660576,53.11162469,1.985574672
corridor_0,10396,10.90795433,53.53297326,2.406923244
corridor_0,10397,11.41681588,54.0418348,2.915784785
corridor_0,10398,11.43409645,54.05911538,2.933065364
corridor_0,10399,11.44237816,54.06739709,2.941347072
corridor_0,10400,11.44789421,54.07291314,2.946863124
corridor_0,10401,11.26913369,53.89415261,2.768102595
corridor_0,10402,10.9640342,53.58905312,2.463003108
corridor_0,10403,10.61842263,53.24344155,2.117391536
corridor_0,10404,10.43519509,53.06021401,1.934163997
corridor_0,10405,10.32591545,52.95093438,1.824884364
corridor_0,10406,10.28209221,52.90711114,1.781061122
corridor_0,10407,10.26304924,52.88806817,1.762018153
corridor_0,10408,10.29262078,52.9176397,1.791589686
corridor_0,10409,10.36608803,52.99110696,1.865056941
corridor_0,10410,10.48595345,53.11097237,1.984922359
corridor_0,10411,10.63471901,53.25973794,2.133687922
corridor_0,10412,10.85487282,53.47989175,2.353841731
corridor_0,10413,11.0924598,53.71747872,2.591428706
corridor_0,10414,11.95251381,54.57753274,3.451482722
corridor_0,10415,12.18896782,54.81398675,3.687936732
corridor_0,10416,12.52940285,55.15442178,4.02837176
corridor_0,10417,12.87854683,55.50356576,4.377515742
corridor_0,10418,13.16213143,55.78715035,4.661100337
corridor_0,10419,13.41851342,56.04353234,4.917482326
corridor_0,10420,13.49093926,56.11595818,4.989908168
corridor_0,10421,13.41814339,56.04316232,4.9171123
corridor_0,10422,13.53295052,56.15796944,5.031919429
corridor_0,10423,13.71626198,56.34128091,5.215230891
corridor_0,10424,14.00627434,56.63129327,5.505243251
corridor_0,10425,14.31708062,56.94209954,5.816049525
corridor_0,10426,14.76639092,57.39140984,6.265359828
corridor_0,10427,15.41545784,58.04047677,6.914426753
corridor_0,10428,16.1392318,58.76425072,7.638200709
corridor_0,10429,17.09966576,59.72468468,8.598634669
corridor_0,10430,18.0170089,60.64202782,9.515977809
corridor_0,10431,19.38899529,62.01401421,10.8879642
corridor_0,10432,21.43199837,64.0570173,12.93096728
corridor_0,10433,25.49588692,68.12090585,16.99485583
corridor_0,10434,30.5701133,73.19513222,22.06908221
corridor_0,10435,23.16185295,65.78687188,14.66082186
corridor_0,10436,20.20010674,62.82512566,11.69907565
corridor_0,10437,18.41474068,61.03975961,9.91370959
corridor_0,10438,17.1322242,59.75724313,8.63119311
corridor_0,10439,16.17059243,58.79561135,7.669561336
corridor_0,10440,15.38587868,58.01089761,6.88484759
corridor_0,10441,14.78623879,57.41125771,6.285207698
corridor_0,10442,14.34282601,56.96784493,5.841794917
corridor_0,10443,14.02789986,56.65291878,5.52686877
corridor_0,10444,13.85433495,56.47935387,5.353303859
corridor_0,10445,13.79117119,56.41619012,5.290140101
corridor_0,10446,13.80959999,56.43461892,5.308568904
corridor_0,10447,13.90632164,56.53134057,5.405290553
corridor_0,10448,14.07718956,56.70220849,5.576158473
corridor_0,10449,14.1107322,56.73575112,5.609701106
corridor_0,10450,14.08932793,56.71434686,5.58829684
corridor_0,10451,13.38456643,56.00958535,4.883535335
corridor_0,10452,12.66801751,55.29303643,4.166986415
corridor_0,10453,12.14176857,54.7667875,3.640737483
corridor_0,10454,10.71347725,53.33849618,2.212446162
corridor_0,10455,9.910552143,52.53557107,1.409521052
corridor_0,10456,9.131373524,51.75639245,0.630342433
corridor_0,10457,8.394633411,51.01965234,-0.106397679
corridor_0,10458,7.58763039,50.21264931,-0.913400701
corridor_0,10459,6.655829548,49.28084847,-1.845201543
corridor_0,10460,6.076239704,48.70125863,-2.424791387
corridor_0,10461,5.462103962,48.08712289,-3.038927129
corridor_0,10462,4.783595203,47.40861413,-3.717435887
corridor_0,10463,4.158789753,46.78380868,-4.342241338
corridor_0,10464,3.550299763,46.17531869,-4.950731328
corridor_0,10465,2.650271534,45.27529046,-5.850759557
corridor_0,10466,-0.043175579,42.58184335,-8.54420667
corridor_0,10467,-1.136937023,41.4880819,-9.637968114
corridor_0,10468,-2.399769665,40.22524926,-10.90080076
corridor_0,10469,-3.942963482,38.68205544,-12.44399457
corridor_0,10470,-7.651659847,34.97335908,-16.15269094
corridor_0,10523,-8.954352261,33.67066666,-17.45538335
corridor_0,10524,-5.027630688,37.59738824,-13.52866178
corridor_0,10525,-2.826126934,39.79889199,-11.32715802
corridor_0,10526,-1.240647198,41.38437173,-9.741678288
corridor_0,10527,1.287680744,43.91269967,-7.213350347
corridor_0,10528,3.038405537,45.66342446,-5.462625554
corridor_0,10529,3.654112934,46.27913186,-4.846918157
corridor_0,10530,4.382014393,47.00703332,-4.119016698
corridor_0,10531,5.004344105,47.62936303,-3.496686986
corridor_0,10532,5.535472035,48.16049096,-2.965559056
corridor_0,10533,6.126734852,48.75175378,-2.374296239
corridor_0,10534,6.822203754,49.44722268,-1.678827336
corridor_0,10535,7.707884907,50.33290383,-0.793146184
corridor_0,10536,8.424098133,51.04911706,-0.076932958
corridor_0,10537,9.113772511,51.73879144,0.61274142
corridor_0,10538,9.788447498,52.41346642,1.287416408
corridor_0,10539,10.4801017,53.10512063,1.979070613
corridor_0,10540,11.9047004,54.52971932,3.403669307
corridor_0,10541,12.61472237,55.23974129,4.113691279
corridor_0,10542,13.16003716,55.78505608,4.659006068
corridor_0,10543,13.65046608,56.27548501,5.149434993
corridor_0,10544,13.99422753,56.61924645,5.493196437
corridor_0,10545,13.96098244,56.58600137,5.45995135
corridor_0,10546,14.04290306,56.66792199,5.541871974
corridor_0,10547,13.96484673,56.58986565,5.463815639
corridor_0,10548,13.94203865,56.56705758,5.441007564
corridor_0,10549,13.9846946,56.60971352,5.483663508
corridor_0,10550,14.1227752,56.74779412,5.621744105
corridor_0,10551,14.42029869,57.04531762,5.919267604
corridor_0,10552,14.86336815,57.48838708,6.362337062
corridor_0,10553,15.4340049,58.05902383,6.932973811
corridor_0,10554,16.19381249,58.81883141,7.692781398
corridor_0,10555,17.12475884,59.74977776,8.623727748
corridor_0,10556,18.29947579,60.92449471,9.798444697
corridor_0,10557,19.86770546,62.49272439,11.36667437
corridor_0,10558,22.0652343,64.69025323,13.56420321
corridor_0,10559,24.4383117,67.06333062,15.9372806
corridor_0,10560,23.30188286,65.92690179,14.80085177
corridor_0,10561,20.84666741,63.47168633,12.34563632
corridor_0,10562,19.05777275,61.68279168,10.55674166
corridor_0,10563,17.88341057,60.5084295,9.382379481
corridor_0,10564,16.91192162,59.53694054,8.410890529
corridor_0,10565,16.17309105,58.79810998,7.672059962
corridor_0,10566,15.31093514,57.93595406,6.809904048
corridor_0,10567,14.56547844,57.19049737,6.064447352
corridor_0,10568,14.10058129,56.72560021,5.599550197
corridor_0,10569,13.78546059,56.41047951,5.2844295
corridor_0,10570,13.50964653,56.13466546,5.008615443
corridor_0,10571,13.31558144,55.94060036,4.814550349
corridor_0,10572,13.24156868,55.86658761,4.740537593
corridor_0,10573,13.17959511,55.80461404,4.678564021
corridor_0,10574,13.2696563,55.89467522,4.768625209
corridor_0,10575,13.05251229,55.67753121,4.551481196
corridor_0,10576,12.77736199,55.40238091,4.276330897
corridor_0,10577,12.59996331,55.22498223,4.098932216
corridor_0,10578,12.32892907,54.95394799,3.827897975
corridor_0,10579,12.13464272,54.75966164,3.633611629
corridor_0,10580,11.31061089,53.93562981,2.809579799
corridor_0,10581,11.02675164,53.65177056,2.525720546
corridor_0,10582,10.80989754,53.43491647,2.30886645
corridor_0,10583,10.59944069,53.22445962,2.098409602
corridor_0,10584,10.42068398,53.0457029,1.919652888
corridor_0,10585,10.31734764,52.94236657,1.816316554
corridor_0,10586,10.24720681,52.87222573,1.746175715
corridor_0,10587,10.22822869,52.85324761,1.727197597
corridor_0,10588,10.24943077,52.8744497,1.748399684
corridor_0,10589,10.31761849,52.94263741,1.816587398
corridor_0,10590,10.46852028,53.09353921,1.967489192
corridor_0,10591,10.70538247,53.33040139,2.204351375
corridor_0,10592,11.03029931,53.65531823,2.529268214
corridor_0,10593,11.15999138,53.78501031,2.658960292
corridor_0,10594,11.2825309,53.90754983,2.781499812
corridor_0,10595,11.42448342,54.04950234,2.923452327
corridor_0,10596,11.35870659,53.98372552,2.857675502
corridor_0,10597,11.18865883,53.81367776,2.687627742
corridor_0,10598,10.81567681,53.44069573,2.314645717
corridor_0,10599,10.16767418,52.79269311,1.666643092
corridor_0,10600,9.50918877,52.13420769,1.00815768
corridor_0,10601,8.641131519,51.26615044,0.140100429
corridor_0,10602,7.987605213,50.61262414,-0.513425878
corridor_0,10603,7.302405476,49.9274244,-1.198625615
corridor_0,10604,6.674040913,49.29905984,-1.826990178
corridor_0,10605,6.027369618,48.65238854,-2.473661473
corridor_0,10606,5.461657642,48.08667657,-3.039373448
corridor_0,10607,4.760153889,47.38517281,-3.740877202
corridor_0,10608,4.077822804,46.70284173,-4.423208287
corridor_0,10609,3.414847492,46.03986642,-5.086183599
corridor_0,10610,2.75559914,45.38061806,-5.745431951
corridor_0,10611,2.067893147,44.69291207,-6.433137944
corridor_0,10612,1.26997292,43.89499184,-7.231058171
corridor_0,10613,0.398032307,43.02305123,-8.102998784
corridor_0,10614,-0.411984325,42.2130346,-8.913015416
corridor_0,10615,-1.685658337,40.93936059,-10.18668943
corridor_0,10616,-3.289154888,39.33586404,-11.79018598
corridor_0,10617,-6.89232719,35.73269173,-15.39335828
corridor_0,10632,-6.086069942,36.53894898,-14.58710103
corridor_0,10633,-3.227597118,39.39742181,-11.72862821
corridor_0,10634,-1.399109722,41.2259092,-9.900140813
corridor_0,10635,-0.335713268,42.28930566,-8.836744359
corridor_0,10636,0.603465199,43.22848412,-7.897565892
corridor_0,10637,1.461749195,44.08676812,-7.039281896
corridor_0,10638,2.258704304,44.88372323,-6.242326787
corridor_0,10639,2.933802723,45.55882165,-5.567228368
corridor_0,10640,3.595446705,46.22046563,-4.905584386
corridor_0,10641,4.263880848,46.88889977,-4.237150243
corridor_0,10642,4.902537464,47.52755639,-3.598493627
corridor_0,10643,5.5664016,48.19142052,-2.934629491
corridor_0,10644,6.180640339,48.80565926,-2.320390752
corridor_0,10645,6.838336109,49.46335503,-1.662694982
corridor_0,10646,7.50485146,50.12987038,-0.996179631
corridor_0,10647,8.22127068,50.8462896,-0.279760411
corridor_0,10648,8.955813526,51.58083245,0.454782435
corridor_0,10649,9.770262837,52.39528176,1.269231746
corridor_0,10650,10.433303,53.05832192,1.932271907
corridor_0,10651,11.02842629,53.65344521,2.527395198
corridor_0,10652,11.53599083,54.16100976,3.034959743
corridor_0,10653,11.70969307,54.334712,3.208661983
corridor_0,10654,11.59373009,54.21874902,3.092699
corridor_0,10655,11.27821267,53.90323159,2.777181575
corridor_0,10656,11.03479683,53.65981576,2.533765742
corridor_0,10657,10.91727364,53.54229256,2.416242549
corridor_0,10658,10.58684838,53.2118673,2.085817286
corridor_0,10659,10.4015075,53.02652642,1.900476405
corridor_0,10660,10.27075493,52.89577386,1.769723842
corridor_0,10661,10.22103417,52.84605309,1.720003078
corridor_0,10662,10.19903862,52.82405755,1.698007533
corridor_0,10663,10.27109444,52.89611337,1.77006335
corridor_0,10664,10.3983413,53.02336022,1.897310206
corridor_0,10665,10.55003655,53.17505547,2.049005458
corridor_0,10666,10.75712502,53.38214394,2.256093928
corridor_0,10667,10.9976455,53.62266442,2.496614406
corridor_0,10668,11.25950539,53.88452431,2.758474299
corridor_0,10669,11.52160561,54.14662453,3.020574519
corridor_0,10670,12.29910195,54.92412087,3.798070857
corridor_0,10671,12.49898827,55.12400719,3.997957179
corridor_0,10672,12.62639153,55.25141045,4.125360438
corridor_0,10673,12.73845208,55.363471,4.237420985
corridor_0,10674,12.82737648,55.45239541,4.326345393
corridor_0,10675,12.91333687,55.5383558,4.412305781
corridor_0,10676,12.90984642,55.53486535,4.408815333
corridor_0,10677,12.95716011,55.58217904,4.456129024
corridor_0,10678,13.01944649,55.64446542,4.518415401
corridor_0,10679,13.21118081,55.83619973,4.710149714
corridor_0,10680,13.47654641,56.10156533,4.975515315
corridor_0,10681,13.80057061,56.42558953,5.299539515
corridor_0,10682,14.2603637,56.88538262,5.759332606
corridor_0,10683,14.91094506,57.53596398,6.409913966
corridor_0,10684,15.72852623,58.35354516,7.227495143
corridor_0,10685,16.41463768,59.03965661,7.913606593
corridor_0,10686,17.28765023,59.91266915,8.786619136
corridor_0,10687,18.30949318,60.93451211,9.808462092
corridor_0,10688,19.54700005,62.17201897,11.04596896
corridor_0,10689,20.68295205,63.30797097,12.18192095
corridor_0,10690,20.96416008,63.58917901,12.46312899
corridor_0,10691,20.20954049,62.83455941,11.70850939
corridor_0,10692,18.98905098,61.61406991,10.48801989
corridor_0,10693,17.86365044,60.48866936,9.362619349
corridor_0,10694,16.88474953,59.50976846,8.38371844
corridor_0,10695,16.08560479,58.71062371,7.584573695
corridor_0,10696,15.4095298,58.03454873,6.908498713
corridor_0,10697,14.87087929,57.49589822,6.369848201
corridor_0,10698,14.46351921,57.08853814,5.962488124
corridor_0,10699,14.19885552,56.82387444,5.697824428
corridor_0,10700,14.06468499,56.68970391,5.563653895
corridor_0,10701,14.05778801,56.68280694,5.556756923
corridor_0,10702,14.08308709,56.70810601,5.582055995
corridor_0,10703,14.03942025,56.66443917,5.538389155
corridor_0,10704,13.86649239,56.49151131,5.365461299
corridor_0,10705,13.66269982,56.28771874,5.161668727
corridor_0,10706,13.29715264,55.92217156,4.796121547
corridor_0,10707,12.85651314,55.48153207,4.355482051
corridor_0,10708,12.30347741,54.92849633,3.802446315
corridor_0,10709,11.69028771,54.31530663,3.189256618
corridor_0,10710,10.31087792,52.93589684,1.809846828
corridor_0,10711,9.667872547,52.29289147,1.166841456
corridor_0,10712,9.099002003,51.72402093,0.597970912
corridor_0,10713,8.492118,51.11713692,-0.008913091
corridor_0,10714,7.84480965,50.46982858,-0.65622144
corridor_0,10715,7.146437763,49.77145669,-1.354593328
corridor_0,10716,6.140597462,48.76561639,-2.360433629
corridor_0,10717,5.643672108,48.26869103,-2.857358983
corridor_0,10718,5.163943409,47.78896233,-3.337087682
corridor_0,10719,4.612292408,47.23731133,-3.888738683
corridor_0,10720,4.056494831,46.68151376,-4.44453626
corridor_0,10721,3.408530354,46.03354928,-5.092500737
corridor_0,10722,2.024809956,44.64982888,-6.476221135
corridor_0,10723,-0.280171276,42.34484765,-8.781202367
corridor_0,10724,-3.310105205,39.31491372,-11.8111363
corridor_0,10725,-5.771447063,36.85357186,-14.27247815
corridor_0,10726,-10.78740203,31.83761689,-19.28843313
corridor_0,10780,-5.912236095,36.71278283,-14.41326719
corridor_0,10781,-3.863129497,38.76188943,-12.36416059
corridor_0,10782,0.735625385,43.36064431,-7.765405705
corridor_0,10783,2.875651478,45.5006704,-5.625379613
corridor_0,10784,3.919200062,46.54421899,-4.581831029
corridor_0,10785,4.442549824,47.06756875,-4.058481267
corridor_0,10786,4.958388447,47.58340737,-3.542642644
corridor_0,10787,5.41739571,48.04241463,-3.083635381
corridor_0,10788,5.823290943,48.44830987,-2.677740148
corridor_0,10789,6.731558918,49.35657784,-1.769472173
corridor_0,10790,7.408541798,50.03356072,-1.092489293
corridor_0,10791,7.966509937,50.59152886,-0.534521153
corridor_0,10792,8.581069111,51.20608804,0.08003802
corridor_0,10793,9.133937,51.75895592,0.63290591
corridor_0,10794,9.686728596,52.31174752,1.185697505
corridor_0,10795,10.27023613,52.89525506,1.769205043
corridor_0,10796,11.4914161,54.11643502,2.990385005
corridor_0,10797,12.05797112,54.68299004,3.556940028
corridor_0,10798,12.6155349,55.24055383,4.11450381
corridor_0,10799,13.07526314,55.70028207,4.574232051
corridor_0,10800,13.4532882,56.07830712,4.952257106
corridor_0,10801,13.76797783,56.39299676,5.266946742
corridor_0,10802,14.00270379,56.62772271,5.501672694
corridor_0,10803,14.11254799,56.73756692,5.611516902
corridor_0,10804,14.11952507,56.744544,5.618493983
corridor_0,10805,14.13576424,56.76078316,5.63473315
corridor_0,10806,14.25991738,56.8849363,5.758886287
corridor_0,10807,14.47584069,57.10085961,5.974809596
corridor_0,10808,14.83860695,57.46362588,6.337575862
corridor_0,10809,15.3038398,57.92885873,6.802808711
corridor_0,10810,15.89332497,58.51834389,7.39229388
corridor_0,10811,16.56966698,59.19468591,8.06863589
corridor_0,10812,17.30860054,59.93361947,8.807569453
corridor_0,10813,18.04970086,60.67471978,9.548669765
corridor_0,10814,18.6999923,61.32501122,10.19896121
corridor_0,10815,19.05465996,61.67967889,10.55362887
corridor_0,10816,18.89903557,61.5240545,10.39800448
corridor_0,10817,18.21087944,60.83589837,9.709848353
corridor_0,10818,17.3876754,60.01269433,8.886644313
corridor_0,10819,16.6521064,59.27712533,8.151075313
corridor_0,10820,15.9268142,58.55183312,7.425783107
corridor_0,10821,15.2300216,57.85504052,6.728990504
corridor_0,10822,14.46812355,57.09314248,5.967092463
corridor_0,10823,13.85702431,56.48204324,5.35599322
corridor_0,10824,13.42684853,56.05186745,4.925817439
corridor_0,10825,13.12076867,55.74578759,4.619737575
corridor_0,10826,12.86168587,55.4867048,4.36065478
corridor_0,10827,12.71971047,55.34472939,4.218679378
corridor_0,10828,12.61412728,55.2391462,4.113096187
corridor_0,10829,12.55103218,55.17605111,4.050001094
corridor_0,10830,12.59102166,55.21604058,4.089990565
corridor_0,10831,12.60664284,55.23166177,4.105611751
corridor_0,10832,12.6435653,55.26858422,4.142534205
corridor_0,10833,12.73928749,55.36430642,4.238256404
corridor_0,10834,12.57977593,55.20479485,4.078744838
corridor_0,10835,12.38022149,55.00524041,3.879190394
corridor_0,10836,11.77933419,54.40435311,3.278303096
corridor_0,10837,11.50314629,54.12816521,3.002115199
corridor_0,10838,11.20008004,53.82509896,2.699048945
corridor_0,10839,10.94271004,53.56772897,2.44167895
corridor_0,10840,10.68313515,53.30815408,2.18210406
corridor_0,10841,10.48538124,53.11040017,1.984350154
corridor_0,10842,10.34539711,52.97041604,1.844366023
corridor_0,10843,10.23842156,52.86344048,1.737390468
corridor_0,10844,10.23298561,52.85800454,1.731954524
corridor_0,10845,10.24101174,52.86603066,1.739980647
corridor_0,10846,10.42987358,53.05489251,1.928842494
corridor_0,10847,10.61307442,53.23809335,2.11204333
corridor_0,10848,10.83852303,53.46354195,2.337491939
corridor_0,10849,10.98058617,53.60560509,2.479555079
corridor_0,10850,11.2656852,53.89070412,2.764654109
corridor_0,10851,11.85413659,54.47915551,3.353105494
corridor_0,10852,12.12751305,54.75253197,3.626481959
corridor_0,10853,11.80311882,54.42813775,3.302087733
corridor_0,10854,11.17135537,53.79637429,2.670324275
corridor_0,10855,10.58161843,53.20663735,2.080587337
corridor_0,10856,9.99388039,52.61889931,1.492849299
corridor_0,10857,9.292559742,51.91757867,0.791528651
corridor_0,10858,8.433497547,51.05851647,-0.067533544
corridor_0,10859,7.73625481,50.36127373,-0.76477628
corridor_0,10860,7.017813801,49.64283273,-1.48321729
corridor_0,10861,6.385546803,49.01056573,-2.115484288
corridor_0,10862,5.715994953,48.34101388,-2.785036138
corridor_0,10863,5.053099751,47.67811868,-3.44793134
corridor_0,10864,4.446555256,47.07157418,-4.054475835
corridor_0,10865,3.693232655,46.31825158,-4.807798436
corridor_0,10866,3.016280293,45.64129922,-5.484750798
corridor_0,10867,2.339987873,44.9650068,-6.161043218
corridor_0,10868,1.648585438,44.27360436,-6.852445653
corridor_0,10869,0.80399239,43.42901131,-7.697038701
corridor_0,10870,-0.109738232,42.51528069,-8.610769322
corridor_0,10871,-1.343850017,41.28116891,-9.844881108
corridor_0,10872,-3.201119305,39.42389962,-11.7021504
corridor_0,10873,-6.08534515,36.53967377,-14.58637624
corridor_0,10888,-5.436631084,37.18838784,-13.93766218
corridor_0,10889,-2.831055523,39.7939634,-11.33208661
corridor_0,10890,-1.076817394,41.54820153,-9.577848485
corridor_0,10891,-0.061177135,42.56384179,-8.562208226
corridor_0,10892,0.858546375,43.4835653,-7.642484715
corridor_0,10893,1.709250568,44.33426949,-6.791780522
corridor_0,10894,2.500079273,45.1250982,-6.000951818
corridor_0,10895,3.175170063,45.80018899,-5.325861028
corridor_0,10896,3.838374256,46.46339318,-4.662656835
corridor_0,10897,4.497416615,47.12243554,-4.003614476
corridor_0,10898,5.159350514,47.78436944,-3.341680577
corridor_0,10899,5.798537373,48.4235563,-2.702493718
corridor_0,10900,6.481215595,49.10623452,-2.019815495
corridor_0,10901,7.14496529,49.76998421,-1.356065801
corridor_0,10902,7.856074452,50.48109338,-0.644956639
corridor_0,10903,8.715380787,51.34039971,0.214349696
corridor_0,10904,9.533354878,52.1583738,1.032323787
corridor_0,10905,10.24410546,52.86912438,1.743074367
corridor_0,10906,10.74776757,53.37278649,2.246736476
corridor_0,10907,11.18006432,53.80508324,2.679033229
corridor_0,10908,11.54724419,54.17226311,3.046213099
corridor_0,10909,11.74552834,54.37054726,3.244497249
corridor_0,10910,11.6473037,54.27232262,3.146272609
corridor_0,10911,11.31601632,53.94103524,2.814985225
corridor_0,10912,10.99056542,53.61558434,2.489534328
corridor_0,10913,10.8190757,53.44409463,2.318044612
corridor_0,10914,10.56455147,53.1895704,2.063520381
corridor_0,10915,10.35925209,52.98427102,1.858221004
corridor_0,10916,10.26019967,52.88521859,1.759168574
corridor_0,10917,10.28139412,52.90641305,1.780363032
corridor_0,10918,10.37237847,52.99739739,1.871347377
corridor_0,10919,10.4614898,53.08650872,1.960458705
corridor_0,10920,10.6174804,53.24249932,2.116449306
corridor_0,10921,10.86248696,53.48750588,2.361455867
corridor_0,10922,11.13228524,53.75730416,2.631254146
corridor_0,10923,11.41989815,54.04491708,2.918867061
corridor_0,10924,11.67507088,54.30008981,3.17403979
corridor_0,10925,11.89232552,54.51734444,3.391294429
corridor_0,10926,12.1350013,54.76002023,3.63397021
corridor_0,10927,12.52556908,55.150588,4.02453799
corridor_0,10928,12.46808922,55.09310815,3.967058131
corridor_0,10929,12.46163094,55.08664986,3.960599849
corridor_0,10930,12.4133178,55.03833672,3.912286708
corridor_0,10931,12.28898537,54.9140043,3.78795428
corridor_0,10932,12.25369942,54.87871835,3.75266833
corridor_0,10933,12.23752892,54.86254784,3.736497828
corridor_0,10934,12.2985717,54.92359063,3.797540614
corridor_0,10935,12.46906197,55.09408089,3.968030879
corridor_0,10936,12.71695626,55.34197518,4.215925166
corridor_0,10937,12.99143898,55.61645791,4.490407893
corridor_0,10938,13.40507424,56.03009316,4.904043147
corridor_0,10939,14.01726448,56.64228341,5.516233394
corridor_0,10940,14.6574012,57.28242013,6.156370112
corridor_0,10941,15.23125374,57.85627267,6.730222651
corridor_0,10942,15.84390938,58.46892831,7.342878291
corridor_0,10943,16.4420234,59.06704232,7.940992305
corridor_0,10944,17.07032311,59.69534203,8.569292018
corridor_0,10945,17.53686058,60.16187951,9.035829494
corridor_0,10946,17.69182503,60.31684396,9.190793941
corridor_0,10947,17.56072152,60.18574044,9.059690425
corridor_0,10948,17.19564354,59.82066247,8.694612453
corridor_0,10949,16.7283355,59.35335442,8.227304408
corridor_0,10950,16.17668831,58.80170724,7.675657222
corridor_0,10951,15.64947426,58.27449319,7.148443171
corridor_0,10952,15.16850579,57.79352471,6.667474696
corridor_0,10953,14.77101433,57.39603326,6.269983241
corridor_0,10954,14.464347,57.08936593,5.963315913
corridor_0,10955,14.28230584,56.90732476,5.781274745
corridor_0,10956,14.18118584,56.80620477,5.68015475
corridor_0,10957,14.18001091,56.80502984,5.678979823
corridor_0,10958,14.12348473,56.74850365,5.622453639
corridor_0,10959,14.01051629,56.63553521,5.509485194
corridor_0,10960,13.73842919,56.36344811,5.237398097
corridor_0,10961,13.38217842,56.00719735,4.881147334
corridor_0,10962,12.9518615,55.57688042,4.450830409
corridor_0,10963,12.47273552,55.09775445,3.971704432
corridor_0,10964,11.96418297,54.5892019,3.463151881
corridor_0,10965,11.47350609,54.09852502,2.972475001
corridor_0,10966,10.28109658,52.9061155,1.780065486
corridor_0,10967,9.718852161,52.34387109,1.217821071
corridor_0,10968,9.195532917,51.82055184,0.694501826
corridor_0,10969,8.669203877,51.2942228,0.168172786
corridor_0,10970,8.147608875,50.7726278,-0.353422215
corridor_0,10971,7.605208515,50.23022744,-0.895822576
corridor_0,10972,7.044459461,49.66947839,-1.45657163
corridor_0,10973,6.261614918,48.88663384,-2.239416173
corridor_0,10974,5.573065876,48.1980848,-2.927965215
corridor_0,10975,5.150721668,47.77574059,-3.350309422
corridor_0,10976,4.779902577,47.4049215,-3.721128514
corridor_0,10977,4.361277699,46.98629662,-4.139753392
corridor_0,10978,3.883586048,46.50860497,-4.617445043
corridor_0,10979,2.744040608,45.36905953,-5.756990483
corridor_0,10980,1.19443047,43.81944939,-7.306600621
corridor_0,10981,-7.755102993,34.86991593,-16.25613408
corridor_0,11033,-10.84827888,31.77674004,-19.34930997
corridor_0,11034,-6.767609478,35.85740945,-15.26864057
corridor_0,11035,-4.647606731,37.97741219,-13.14863782
corridor_0,11036,0.099486469,42.72450539,-8.401544621
corridor_0,11037,1.911208271,44.5362272,-6.58982282
corridor_0,11038,2.924033283,45.54905221,-5.576997808
corridor_0,11039,4.093688129,46.71870705,-4.407342961
corridor_0,11040,4.490531086,47.11555001,-4.010500005
corridor_0,11041,4.893618702,47.51863763,-3.607412389
corridor_0,11042,5.308463215,47.93348214,-3.192567876
corridor_0,11043,5.665270924,48.29028985,-2.835760167
corridor_0,11044,6.639784931,49.26480386,-1.86124616
corridor_0,11045,7.264205097,49.88922402,-1.236825994
corridor_0,11046,7.838492512,50.46351144,-0.662538579
corridor_0,11047,8.308417439,50.93343636,-0.192613652
corridor_0,11048,8.765074848,51.39009377,0.264043757
corridor_0,11049,9.280276417,51.90529534,0.779245326
corridor_0,11050,9.78950417,52.41452309,1.288473079
corridor_0,11051,10.29499733,52.92001626,1.793966243
corridor_0,11052,11.48282921,54.10784814,2.981798121
corridor_0,11053,11.97761071,54.60262963,3.476579616
corridor_0,11054,12.45745003,55.08246896,3.956418941
corridor_0,11055,12.89368737,55.51870629,4.392656276
corridor_0,11056,13.32675469,55.95177361,4.825723598
corridor_0,11057,13.72922432,56.35424325,5.228193233
corridor_0,11058,14.00333702,56.62835595,5.502305934
corridor_0,11059,14.13630211,56.76132104,5.635271022
corridor_0,11060,14.20353615,56.82855508,5.702505061
corridor_0,11061,14.20242989,56.82744881,5.701398799
corridor_0,11062,14.28008187,56.90510079,5.779050776
corridor_0,11063,14.43675911,57.06177804,5.935728023
corridor_0,11064,14.69078743,57.31580636,6.189756343
corridor_0,11065,15.04012597,57.66514489,6.539094874
corridor_0,11066,15.39544976,58.02046868,6.894418666
corridor_0,11067,15.80118477,58.4262037,7.300153682
corridor_0,11068,16.20450509,58.82952401,7.703473994
corridor_0,11069,16.43427193,59.05929086,7.93324084
corridor_0,11070,16.57268822,59.19770715,8.07165713
corridor_0,11071,16.5981971,59.22321603,8.097166011
corridor_0,11072,16.42513955,59.05015847,7.924108455
corridor_0,11073,16.04506218,58.67008111,7.544031093
corridor_0,11074,15.59924614,58.22426507,7.098215053
corridor_0,11075,15.13464272,57.75966164,6.633611629
corridor_0,11076,14.59488976,57.21990868,6.093858668
corridor_0,11077,14.11146462,56.73648354,5.610433528
corridor_0,11078,13.5226661,56.14768502,5.021635005
corridor_0,11079,12.95324242,55.57826134,4.452211329
corridor_0,11080,12.53693688,55.1619558,4.035905787
corridor_0,11081,12.29268944,54.91770837,3.791658351
corridor_0,11082,12.02410042,54.64911935,3.523069331
corridor_0,11083,11.87322533,54.49824425,3.37219424
corridor_0,11084,11.89200509,54.51702401,3.390973994
corridor_0,11085,11.95574486,54.58076379,3.454713771
corridor_0,11086,11.96095574,54.58597466,3.459924647
corridor_0,11087,12.00204003,54.62705895,3.501008937
corridor_0,11088,12.13656151,54.76158044,3.635530421
corridor_0,11089,12.27063668,54.8956556,3.769605586
corridor_0,11090,12.47758019,55.10259911,3.976549098
corridor_0,11091,12.04168236,54.66670129,3.540651271
corridor_0,11092,12.00672066,54.63173959,3.50568957
corridor_0,11093,11.83909142,54.46411034,3.338060328
corridor_0,11094,11.62685692,54.25187585,3.125825831
corridor_0,11095,11.35509407,53.980113,2.854062984
corridor_0,11096,11.066764,53.69178292,2.565732905
corridor_0,11097,10.85938942,53.48440835,2.358358333
corridor_0,11098,10.65560067,53.28061959,2.154569575
corridor_0,11099,10.49589074,53.12090966,1.994859645
corridor_0,11100,10.42090142,53.04592034,1.919870326
corridor_0,11101,10.31803048,52.9430494,1.816999385
corridor_0,11102,10.35186303,52.97688195,1.850831935
corridor_0,11103,10.51954186,53.14456078,2.018510768
corridor_0,11104,10.78889763,53.41391656,2.287866542
corridor_0,11105,10.98475945,53.60977837,2.483728358
corridor_0,11106,11.15359414,53.77861306,2.652563045
corridor_0,11107,11.37404168,53.9990606,2.873010585
corridor_0,11108,11.51304543,54.13806435,3.012014338
corridor_0,11109,11.42414772,54.04916665,2.923116633
corridor_0,11110,11.20991051,53.83492944,2.70887942
corridor_0,11111,10.90048134,53.52550027,2.399450252
corridor_0,11112,10.53019631,53.15521523,2.029165217
corridor_0,11113,9.810717701,52.43573663,1.30968661
corridor_0,11114,8.830989002,51.45600793,0.329957911
corridor_0,11115,7.949908375,50.5749273,-0.551122716
corridor_0,11116,7.260237812,49.88525674,-1.240793279
corridor_0,11117,6.561625599,49.18664452,-1.939405492
corridor_0,11118,5.872683643,48.49770257,-2.628347447
corridor_0,11119,5.230776905,47.85579583,-3.270254186
corridor_0,11120,4.565966724,47.19098565,-3.935064366
corridor_0,11121,3.900878071,46.525897,-4.60015302
corridor_0,11122,3.229796528,45.85481545,-5.271234563
corridor_0,11123,2.55335915,45.17837807,-5.947671941
corridor_0,11124,1.868617176,44.4936361,-6.632413915
corridor_0,11125,0.911482929,43.53650185,-7.589548162
corridor_0,11126,0.157397389,42.78241631,-8.343633702
corridor_0,11127,-1.038689495,41.58632943,-9.539720586
corridor_0,11128,-2.492665173,40.13235375,-10.99369626
corridor_0,11129,-4.873715282,37.75130364,-13.37474637
corridor_0,11144,-4.869355083,37.75566384,-13.37038617
corridor_0,11145,-2.47171104,40.15330788,-10.97274213
corridor_0,11146,-0.805680157,41.81933877,-9.306711247
corridor_0,11147,0.340251087,42.96527001,-8.160780004
corridor_0,11148,1.082747578,43.7077665,-7.418283513
corridor_0,11149,1.910510181,44.53552911,-6.590520909
corridor_0,11150,2.602572559,45.22759148,-5.898458531
corridor_0,11151,3.360407948,45.98542687,-5.140623143
corridor_0,11152,4.021010517,46.64602944,-4.480020574
corridor_0,11153,4.677550434,47.30256936,-3.823480657
corridor_0,11154,5.336917042,47.96193597,-3.164114049
corridor_0,11155,6.01517403,48.64019295,-2.48585706
corridor_0,11156,6.655440449,49.28045937,-1.845590642
corridor_0,11157,7.361033558,49.98605248,-1.139997533
corridor_0,11158,8.127322315,50.75234124,-0.373708776
corridor_0,11159,8.998133778,51.6231527,0.497102687
corridor_0,11160,9.826560139,52.45157906,1.325529048
corridor_0,11161,10.50723946,53.13225838,2.006208369
corridor_0,11162,11.02311242,53.64813134,2.522081325
corridor_0,11163,11.43569863,54.06071755,2.934667537
corridor_0,11164,11.47832024,54.10333916,2.977289149
corridor_0,11165,11.48471749,54.10973641,2.983686397
corridor_0,11166,11.32091057,53.9459295,2.819879481
corridor_0,11167,11.17132866,53.79634759,2.670297572
corridor_0,11168,10.9843055,53.60932442,2.483274409
corridor_0,11169,10.78610146,53.41112038,2.285070369
corridor_0,11170,10.58646309,53.21148202,2.085432002
corridor_0,11171,10.44623482,53.07125375,1.945203731
corridor_0,11172,10.45656121,53.08158013,1.955530116
corridor_0,11173,10.57721245,53.20223138,2.076181361
corridor_0,11174,10.71694863,53.34196755,2.215917537
corridor_0,11175,10.90105736,53.52607629,2.400026271
corridor_0,11176,11.13461983,53.75963876,2.63358874
corridor_0,11177,11.29960549,53.92462441,2.798574397
corridor_0,11178,11.58476937,54.20978829,3.083738276
corridor_0,11179,11.85531533,54.48033425,3.354284236
corridor_0,11180,12.00430977,54.6293287,3.503278682
corridor_0,11181,12.05133355,54.67635247,3.550302455
corridor_0,11182,11.97997963,54.60499856,3.478948543
corridor_0,11183,12.31843102,54.94344994,3.817399928
corridor_0,11184,11.99417794,54.61919686,3.493146846
corridor_0,11185,11.89219582,54.51721474,3.391164729
corridor_0,11186,11.69894707,54.323966,3.19791598
corridor_0,11187,11.62326729,54.24828622,3.122236201
corridor_0,11188,11.60648262,54.23150155,3.105451533
corridor_0,11189,11.49976265,54.12478158,2.998731563
corridor_0,11190,11.46334755,54.08836648,2.962316463
corridor_0,11191,11.58307183,54.20809075,3.082040736
corridor_0,11192,11.74579918,54.37081811,3.244768092
corridor_0,11193,12.10245812,54.72747704,3.601427028
corridor_0,11194,12.48605263,55.11107156,3.985021541
corridor_0,11195,12.98564446,55.61066338,4.484613368
corridor_0,11196,13.53930962,56.16432854,5.038278529
corridor_0,11197,13.96428978,56.58930871,5.463258693
corridor_0,11198,14.38184655,57.00686547,5.880815455
corridor_0,11199,14.79516137,57.42018029,6.294130275
corridor_0,11200,15.1799804,57.80499932,6.678949306
corridor_0,11201,15.48800194,58.11302087,6.986970851
corridor_0,11202,15.63566506,58.26068398,7.134633967
corridor_0,11203,15.76786339,58.39288232,7.266832301
corridor_0,11204,15.7690841,58.39410302,7.268053004
corridor_0,11205,15.72214806,58.34716698,7.221116969
corridor_0,11206,15.39072716,58.01574609,6.889696071
corridor_0,11207,15.14843666,57.77345559,6.647405574
corridor_0,11208,14.87900078,57.50401971,6.377969691
corridor_0,11209,14.61046517,57.23548409,6.109434077
corridor_0,11210,14.387416,57.01243493,5.886384913
corridor_0,11211,14.25293648,56.87795541,5.751905391
corridor_0,11212,14.19686425,56.82188317,5.695833156
corridor_0,11213,14.19837868,56.82339761,5.69734759
corridor_0,11214,14.18965828,56.81467721,5.688627192
corridor_0,11215,14.04514229,56.67016122,5.544111201
corridor_0,11216,13.82823479,56.45325372,5.3272037
corridor_0,11217,13.44923699,56.07425591,4.948205897
corridor_0,11218,12.99865639,55.62367532,4.4976253
corridor_0,11219,12.51057732,55.13559624,4.009546229
corridor_0,11220,12.03317177,54.6581907,3.532140681
corridor_0,11221,10.92359459,53.54861352,2.422563502
corridor_0,11222,10.4052459,53.03026482,1.904214808
corridor_0,11223,9.902773975,52.5277929,1.401742885
corridor_0,11224,9.412692188,52.03771111,0.911661098
corridor_0,11225,8.953189015,51.57820794,0.452157924
corridor_0,11226,8.452380299,51.07739922,-0.048650792
corridor_0,11227,8.003367542,50.62838647,-0.497663548
corridor_0,11228,7.488391041,50.11340997,-1.01264005
corridor_0,11229,6.992095112,49.61711404,-1.508935979
corridor_0,11230,6.329276203,48.95429513,-2.171754888
corridor_0,11231,5.438029408,48.06304833,-3.063001683
corridor_0,11232,5.042727589,47.66774651,-3.458303502
corridor_0,11233,4.654456257,47.27947518,-3.846574834
corridor_0,11234,4.198351978,46.8233709,-4.302679112
corridor_0,11235,3.125708698,45.75072762,-5.375322392
corridor_0,11236,2.159358143,44.78437707,-6.341672948
corridor_0,11237,0.905161976,43.5301809,-7.595869115
corridor_0,11238,-0.537133099,42.08788583,-9.038164189
corridor_0,11239,-3.124115826,39.5009031,-11.62514692
corridor_0,11240,-4.59545219,38.02956673,-13.09648328
corridor_0,11241,-6.738226772,35.88679215,-15.23925786
corridor_0,11242,-10.80809677,31.81692216,-19.30912786
corridor_0,11285,-10.87625778,31.74876115,-19.37728887
corridor_0,11286,-7.743594051,34.88142487,-16.24462514
corridor_0,11287,-5.195858837,37.42916009,-13.69688993
corridor_0,11288,-4.428528667,38.19649026,-12.92955976
corridor_0,11289,-2.289357067,40.33566186,-10.79038816
corridor_0,11290,-1.249634624,41.3753843,-9.750665715
corridor_0,11291,0.695853352,43.32087228,-7.805177739
corridor_0,11292,1.506610035,44.13162896,-6.994421056
corridor_0,11293,2.130107044,44.75512597,-6.370924047
corridor_0,11294,3.280409931,45.90542886,-5.22062116
corridor_0,11295,4.319537281,46.94455621,-4.18149381
corridor_0,11296,4.835314869,47.46033379,-3.665716222
corridor_0,11297,5.215067982,47.84008691,-3.285963109
corridor_0,11298,6.028372883,48.65339181,-2.472658208
corridor_0,11299,6.696562885,49.32158181,-1.804468205
corridor_0,11300,7.257922291,49.88294122,-1.2431088
corridor_0,11301,7.768401264,50.39342019,-0.732629827
corridor_0,11302,8.215380787,50.84039971,-0.285650304
corridor_0,11303,8.703520893,51.32853982,0.202489802
corridor_0,11304,9.148047566,51.77306649,0.647016475
corridor_0,11305,9.621615528,52.24663445,1.120584437
corridor_0,11306,10.11657631,52.74159524,1.615545222
corridor_0,11307,10.5947181,53.21973702,2.093687007
corridor_0,11308,11.07281029,53.69782922,2.571779201
corridor_0,11309,12.17407524,54.79909417,3.673044154
corridor_0,11310,12.73844445,55.36346337,4.237413356
corridor_0,11311,13.13943398,55.7644529,4.638402888
corridor_0,11312,13.63518822,56.26020715,5.13415713
corridor_0,11313,14.06502449,56.69004342,5.563993403
corridor_0,11314,14.13109505,56.75611398,5.63006396
corridor_0,11315,14.178527,56.80354592,5.677495906
corridor_0,11316,14.1753875,56.80040643,5.67435641
corridor_0,11317,14.17859948,56.8036184,5.677568385
corridor_0,11318,14.23728096,56.86229989,5.736249873
corridor_0,11319,14.34747612,56.97249505,5.846445033
corridor_0,11320,14.51696312,57.14198205,6.015932033
corridor_0,11321,14.70372307,57.328742,6.202691981
corridor_0,11322,14.87091744,57.49593636,6.369886348
corridor_0,11323,15.00272286,57.62774178,6.501691768
corridor_0,11324,15.32421791,57.94923684,6.823186824
corridor_0,11325,15.2739402,57.89895913,6.772909114
corridor_0,11326,15.01365578,57.63867471,6.51262469
corridor_0,11327,14.83146202,57.45648095,6.330430934
corridor_0,11328,14.68814385,57.31316277,6.187112758
corridor_0,11329,14.38243019,57.00744912,5.881399104
corridor_0,11330,14.06681359,56.69183251,5.565782496
corridor_0,11331,13.70857155,56.33359048,5.207540462
corridor_0,11332,13.33011544,55.95513436,4.829084346
corridor_0,11333,12.96675789,55.59177682,4.465726802
corridor_0,11334,12.47957909,55.10459801,3.978547999
corridor_0,11335,11.95305169,54.57807061,3.452020595
corridor_0,11336,11.60994637,54.23496529,3.108915278
corridor_0,11337,11.38861382,54.01363274,2.887582728
corridor_0,11338,11.18046868,53.8054876,2.679437587
corridor_0,11339,11.05904686,53.68406579,2.558015773
corridor_0,11340,11.0880729,53.71309182,2.587041804
corridor_0,11341,11.21934426,53.84436318,2.718313167
corridor_0,11342,11.36687386,53.99189278,2.865842769
corridor_0,11343,11.40471566,54.02973458,2.903684566
corridor_0,11344,11.4608947,54.08591363,2.959863612
corridor_0,11345,11.74655068,54.3715696,3.245519588
corridor_0,11346,11.67362511,54.29864404,3.17259402
corridor_0,11347,12.00488198,54.6299009,3.503850886
corridor_0,11348,12.15314782,54.77816674,3.652116725
corridor_0,11349,12.17615044,54.80116936,3.675119349
corridor_0,11350,12.1841079,54.80912682,3.683076808
corridor_0,11351,11.88130104,54.50631997,3.380269954
corridor_0,11352,11.56351769,54.18853661,3.062486598
corridor_0,11353,11.40399468,54.0290136,2.902963588
corridor_0,11354,11.22566521,53.85068414,2.72463412
corridor_0,11355,11.03588784,53.66090676,2.534856746
corridor_0,11356,10.83777153,53.46279046,2.336740443
corridor_0,11357,10.70226204,53.32728097,2.201230952
corridor_0,11358,10.64854729,53.27356622,2.1475162
corridor_0,11359,10.73340142,53.35842034,2.232370326
corridor_0,11360,10.8115989,53.43661782,2.310567805
corridor_0,11361,10.94077217,53.5657911,2.439741084
corridor_0,11362,11.11189949,53.73691842,2.610868403
corridor_0,11363,11.32824623,53.95326516,2.827215144
corridor_0,11364,11.51068413,54.13570306,3.009653041
corridor_0,11365,11.54878151,54.17380044,3.047750422
corridor_0,11366,11.43359673,54.05861565,2.932565639
corridor_0,11367,11.05081093,53.67582986,2.549779841
corridor_0,11368,10.49228203,53.11730096,1.991250941
corridor_0,11369,9.846491932,52.47151086,1.345460841
corridor_0,11370,9.093413471,51.7184324,0.59238238
corridor_0,11371,8.239634632,50.86465356,-0.261396459
corridor_0,11372,7.400870442,50.02588937,-1.100160649
corridor_0,11373,6.690932392,49.31595132,-1.810098699
corridor_0,11374,6.052508473,48.6775274,-2.448522618
corridor_0,11375,5.376940846,48.00195977,-3.124090245
corridor_0,11376,4.715411305,47.34043023,-3.785619786
corridor_0,11377,4.058566212,46.68358514,-4.442464879
corridor_0,11378,3.399203419,46.02422234,-5.101827672
corridor_0,11379,2.727908253,45.35292718,-5.773122838
corridor_0,11380,2.048056721,44.67307565,-6.45297437
corridor_0,11381,1.110774159,43.73579308,-7.390256932
corridor_0,11382,0.368464588,42.99348351,-8.132566503
corridor_0,11383,-0.789517284,41.83550164,-9.290548375
corridor_0,11384,-2.173004986,40.45201394,-10.67403608
corridor_0,11385,-4.380116344,38.24490258,-12.88114744
corridor_0,11400,-4.398201824,38.2268171,-12.89923291
corridor_0,11401,-2.158032299,40.46698663,-10.65906339
corridor_0,11402,-0.57341087,42.05160806,-9.07444196
corridor_0,11403,0.382594227,43.00761315,-8.118436864
corridor_0,11404,1.257311939,43.88233086,-7.243719151
corridor_0,11405,2.073245167,44.69826409,-6.427785924
corridor_0,11406,2.751025318,45.37604424,-5.750005773
corridor_0,11407,3.418646931,46.04366586,-5.08238416
corridor_0,11408,4.082228779,46.7072477,-4.418802312
corridor_0,11409,4.739001392,47.36402032,-3.762029698
corridor_0,11410,5.409361958,48.03438088,-3.091669133
corridor_0,11411,6.073111652,48.69813058,-2.427919438
corridor_0,11412,6.709406971,49.3344259,-1.79162412
corridor_0,11413,7.443843006,50.06886193,-1.057188085
corridor_0,11414,8.320845722,50.94586465,-0.180185369
corridor_0,11415,9.118250965,51.74326989,0.617219874
corridor_0,11416,9.836943745,52.46196267,1.335912654
corridor_0,11417,10.5163871,53.14140603,2.015356013
corridor_0,11418,11.07437432,53.69939324,2.573343226
corridor_0,11419,11.44609749,54.07111642,2.945066401
corridor_0,11420,11.58101952,54.20603844,3.079988429
corridor_0,11421,11.51781762,54.14283654,3.016786525
corridor_0,11422,11.43421853,54.05923745,2.933187434
corridor_0,11423,11.26606285,53.89108178,2.765031764
corridor_0,11424,11.09580529,53.72082421,2.594774196
corridor_0,11425,10.97769082,53.60270974,2.476659724
corridor_0,11426,10.88046563,53.50548455,2.379434535
corridor_0,11427,10.88055718,53.5055761,2.379526088
corridor_0,11428,10.90697014,53.53198907,2.405939052
corridor_0,11429,11.06229317,53.6873121,2.56126208
corridor_0,11430,11.32540429,53.95042321,2.824373195
corridor_0,11431,11.49703514,54.12205407,2.996004054
corridor_0,11432,11.64723885,54.27225777,3.146207759
corridor_0,11433,11.90751564,54.53253457,3.406484553
corridor_0,11434,12.35624611,54.98126504,3.855215022
corridor_0,11435,12.52015984,55.14517876,4.019128749
corridor_0,11436,12.3899833,55.01500222,3.888952205
corridor_0,11437,12.2114135,54.83643243,3.710382411
corridor_0,11438,11.89163506,54.51665398,3.390603969
corridor_0,11439,11.43189919,54.05691811,2.930868098
corridor_0,11440,11.46264183,54.08766076,2.961610744
corridor_0,11441,11.15212929,53.77714822,2.651098201
corridor_0,11442,10.96270668,53.58772561,2.461675593
corridor_0,11443,10.889907,53.51492593,2.388875911
corridor_0,11444,10.76510155,53.39012048,2.26407046
corridor_0,11445,10.6649543,53.28997323,2.163923213
corridor_0,11446,10.72254097,53.3475599,2.221509883
corridor_0,11447,10.85449517,53.47951409,2.353464076
corridor_0,11448,11.01688301,53.64190194,2.515851924
corridor_0,11449,11.24862969,53.87364861,2.747598598
corridor_0,11450,11.49862969,54.12364861,2.997598598
corridor_0,11451,11.92757714,54.55259606,3.426546046
corridor_0,11452,12.33728325,54.96230218,3.836252162
corridor_0,11453,12.71527398,55.3402929,4.214242885
corridor_0,11454,13.04157555,55.66659447,4.540544459
corridor_0,11455,13.37516701,56.00018594,4.874135921
corridor_0,11456,13.70529473,56.33031365,5.204263637
corridor_0,11457,13.95859063,56.58360955,5.457559535
corridor_0,11458,14.11505425,56.74007317,5.614023158
corridor_0,11459,14.34439003,56.96940896,5.843358943
corridor_0,11460,14.65371621,57.27873513,6.152685115
corridor_0,11461,14.69868386,57.32370278,6.197652766
corridor_0,11462,14.63021004,57.25522897,6.12917895
corridor_0,11463,14.63708413,57.26210305,6.136053035
corridor_0,11464,14.54191887,57.1669378,6.040887782
corridor_0,11465,14.40998375,57.03500268,5.908952662
corridor_0,11466,14.3015548,56.92657372,5.800523707
corridor_0,11467,14.21474755,56.83976647,5.713716456
corridor_0,11468,14.13983071,56.76484963,5.638799617
corridor_0,11469,14.12579644,56.75081536,5.624765346
corridor_0,11470,14.11778939,56.74280831,5.616758296
corridor_0,11471,14.09886086,56.72387978,5.597829768
corridor_0,11472,13.98873436,56.61375329,5.487703273
corridor_0,11473,13.83415139,56.45917031,5.333120296
corridor_0,11474,13.44118035,56.06619927,4.940149257
corridor_0,11475,13.01113808,55.63615701,4.51010699
corridor_0,11476,12.41283333,55.03785226,3.911802241
corridor_0,11477,11.37958443,54.00460336,2.87855334
corridor_0,11478,10.90306008,53.528079,2.402028987
corridor_0,11479,10.38961327,53.01463219,1.888582179
corridor_0,11480,9.913577198,52.53859612,1.412546107
corridor_0,11481,9.453433155,52.07845208,0.952402064
corridor_0,11482,8.97454369,51.59956261,0.473512599
corridor_0,11483,8.518672108,51.14369103,0.017641017
corridor_0,11484,8.036269306,50.66128823,-0.464761785
corridor_0,11485,7.552470326,50.17748925,-0.948560765
corridor_0,11486,7.041064381,49.66608331,-1.45996671
corridor_0,11487,6.474967121,49.09998605,-2.02606397
corridor_0,11488,5.710097431,48.33511636,-2.79093366
corridor_0,11489,5.087920307,47.71293923,-3.413110784
corridor_0,11490,4.414668202,47.03968713,-4.086362889
corridor_0,11491,3.3906852,46.01570412,-5.110345891
corridor_0,11492,2.580851673,45.2058706,-5.920179418
corridor_0,11493,1.984179615,44.60919854,-6.516851476
corridor_0,11494,1.338774799,43.96379372,-7.162256291
corridor_0,11495,0.316660999,42.94167992,-8.184370091
corridor_0,11496,-0.9012841,41.72373483,-9.40231519
corridor_0,11497,-2.47309959,40.15191933,-10.97413068
corridor_0,11498,-3.432576061,39.19244286,-11.93360715
corridor_0,11499,-5.087426067,37.53759286,-13.58845716
corridor_0,11500,-6.692025066,35.93299386,-15.19305616
corridor_0,11501,-10.75739372,31.86762521,-19.25842481
corridor_0,11539,-8.975006939,33.65001199,-17.47603803
corridor_0,11540,-6.596707226,36.0283117,-15.09773832
corridor_0,11541,-4.46780479,38.15721413,-12.96883588
corridor_0,11542,-3.340512157,39.28450677,-11.84154325
corridor_0,11543,-2.086617351,40.53840157,-10.58764844
corridor_0,11544,-0.811997295,41.81302163,-9.313028386
corridor_0,11545,0.056529163,42.68154809,-8.444501927
corridor_0,11546,1.12380135,43.74882027,-7.377229741
corridor_0,11547,1.940539478,44.5655584,-6.560491612
corridor_0,11548,2.553759693,45.17877862,-5.947271398
corridor_0,11549,3.038355946,45.66337487,-5.462675145
corridor_0,11550,3.583590626,46.20860955,-4.917440465
corridor_0,11551,4.567191242,47.19221017,-3.933839849
corridor_0,11552,5.390284657,48.01530358,-3.110746434
corridor_0,11553,6.313483357,48.93850228,-2.187547734
corridor_0,11554,6.88954842,49.51456734,-1.611482671
corridor_0,11555,7.467829823,50.09284875,-1.033201268
corridor_0,11556,7.986487507,50.61150643,-0.514543584
corridor_0,11557,8.397696613,51.02271554,-0.103334477
corridor_0,11558,8.871203541,51.49622247,0.37017245
corridor_0,11559,9.317744373,51.9427633,0.816713283
corridor_0,11560,9.762847065,52.38786599,1.261815974
corridor_0,11561,10.21353447,52.8385534,1.712503383
corridor_0,11562,10.77870858,53.4037275,2.277677485
corridor_0,11563,11.25351632,53.87853524,2.752485225
corridor_0,11564,11.85707772,54.48209664,3.356046626
corridor_0,11565,12.33323586,54.95825478,3.832204768
corridor_0,11566,13.41503441,56.04005334,4.914003322
corridor_0,11567,13.72955239,56.35457131,5.228521296
corridor_0,11568,13.96844399,56.59346291,5.467412898
corridor_0,11569,14.20699608,56.83201501,5.705964992
corridor_0,11570,14.1066848,56.73170373,5.605653712
corridor_0,11571,14.06456292,56.68958184,5.563531825
corridor_0,11572,14.0776397,56.70265862,5.576608607
corridor_0,11573,14.10216439,56.72718331,5.601133296
corridor_0,11574,14.16810906,56.79312798,5.667077968
corridor_0,11575,14.24392998,56.86894891,5.74289889
corridor_0,11576,14.30472481,56.92974374,5.803693721
corridor_0,11577,14.33344567,56.95846459,5.832414577
corridor_0,11578,14.2953254,56.92034432,5.794294307
corridor_0,11579,14.30827248,56.9332914,5.807241389
corridor_0,11580,14.26545632,56.89047524,5.764425227
corridor_0,11581,14.12908089,56.75409982,5.6280498
corridor_0,11582,13.7430259,56.36804482,5.241994807
corridor_0,11583,13.45058358,56.0756025,4.949552485
corridor_0,11584,13.27459252,55.89961144,4.773561427
corridor_0,11585,13.06428063,55.68929955,4.563249537
corridor_0,11586,12.73335946,55.35837838,4.232328364
corridor_0,11587,12.40292656,55.02794549,3.901895473
corridor_0,11588,12.11781228,54.7428312,3.616781184
corridor_0,11589,11.8260566,54.45107552,3.325025508
corridor_0,11590,11.46023095,54.08524987,2.959199855
corridor_0,11591,11.08378136,53.70880029,2.58275027
corridor_0,11592,10.8475486,53.47256753,2.346517512
corridor_0,11593,10.65543663,53.28045556,2.154405543
corridor_0,11594,10.52561486,53.15063378,2.024583766
corridor_0,11595,10.4191848,53.04420373,1.918153712
corridor_0,11596,10.36235344,52.98737237,1.861322352
corridor_0,11597,10.38877022,53.01378915,1.887739131
corridor_0,11598,10.40204918,53.02706811,1.901018092
corridor_0,11599,10.53356087,53.1585798,2.03252978
corridor_0,11600,10.89279854,53.51781747,2.391767451
corridor_0,11601,11.17991936,53.80493829,2.67888827
corridor_0,11602,11.18414986,53.80916878,2.68311877
corridor_0,11603,11.7882415,54.41326043,3.287210414
corridor_0,11604,12.34280312,54.96782204,3.841772029
corridor_0,11605,12.69923699,55.32425591,4.198205897
corridor_0,11606,12.89640725,55.52142617,4.395376155
corridor_0,11607,12.7728492,55.39786813,4.27181811
corridor_0,11608,12.34765541,54.97267434,3.846624324
corridor_0,11609,11.9079963,54.53301522,3.406965205
corridor_0,11610,11.72592842,54.35094735,3.224897334
corridor_0,11611,11.56301033,54.18802926,3.061979243
corridor_0,11612,11.34180367,53.96682259,2.840772578
corridor_0,11613,11.10700905,53.73202798,2.605977962
corridor_0,11614,10.99829781,53.62331673,2.497266719
corridor_0,11615,10.96937859,53.59439751,2.468347499
corridor_0,11616,11.06955254,53.69457146,2.568521449
corridor_0,11617,11.19547188,53.82049081,2.694440791
corridor_0,11618,11.3509742,53.97599313,2.84994311
corridor_0,11619,11.50418389,54.12920281,3.003152797
corridor_0,11620,11.70268547,54.3277044,3.201654384
corridor_0,11621,11.75303948,54.3780584,3.252008388
corridor_0,11622,11.58636773,54.21138665,3.085336635
corridor_0,11623,11.15136635,53.77638528,2.650335261
corridor_0,11624,10.53710854,53.16212746,2.036077449
corridor_0,11625,9.875796436,52.50081536,1.374765346
corridor_0,11626,9.159758686,51.78477761,0.658727595
corridor_0,11627,8.366580128,50.99159905,-0.134450963
corridor_0,11628,7.502463459,50.12748238,-0.998567632
corridor_0,11629,6.757147907,49.38216683,-1.743883183
corridor_0,11630,6.079363941,48.70438287,-2.42166715
corridor_0,11631,5.418574452,48.04359338,-3.082456639
corridor_0,11632,4.753394245,47.37841317,-3.747636846
corridor_0,11633,4.160147785,46.78516671,-4.340883306
corridor_0,11634,3.509230732,46.13424966,-4.991800359
corridor_0,11635,2.76990807,45.39492699,-5.731123021
corridor_0,11636,2.0871917,44.71221062,-6.413839391
corridor_0,11637,1.396861195,44.02188012,-7.104169896
corridor_0,11638,0.539679646,43.16469857,-7.961351445
corridor_0,11639,-0.56087196,42.06414696,-9.06190305
corridor_0,11640,-1.893864513,40.73115441,-10.3948956
corridor_0,11641,-4.426556469,38.19846246,-12.92758756
corridor_0,11656,-4.455788494,38.16923043,-12.95681958
corridor_0,11657,-1.908970714,40.71604821,-10.41000181
corridor_0,11658,-0.380288006,42.24473092,-8.881319097
corridor_0,11659,0.55223,43.17724892,-7.948801091
corridor_0,11660,1.396762013,44.02178094,-7.104269078
corridor_0,11661,2.193343281,44.81836221,-6.30768781
corridor_0,11662,2.86170113,45.48672005,-5.639329961
corridor_0,11663,3.590304493,46.21532342,-4.910726598
corridor_0,11664,4.227530598,46.85254952,-4.273500493
corridor_0,11665,4.8632766,47.48829552,-3.637754491
corridor_0,11666,5.416430592,48.04144952,-3.084600499
corridor_0,11667,6.084689259,48.70970818,-2.416341832
corridor_0,11668,6.752665638,49.37768456,-1.748365453
corridor_0,11669,7.549552082,50.17457101,-0.951479009
corridor_0,11670,8.371634602,50.99665353,-0.129396489
corridor_0,11671,9.250010609,51.87502953,0.748979518
corridor_0,11672,9.979167103,52.60418603,1.478136012
corridor_0,11673,10.78826058,53.4132795,2.287229487
corridor_0,11674,11.23766243,53.86268136,2.736631343
corridor_0,11675,11.6296531,54.25467202,3.128622005
corridor_0,11676,11.82911599,54.45413491,3.328084895
corridor_0,11677,11.76706993,54.39208886,3.266038844
corridor_0,11678,11.573928,54.19894692,3.072896907
corridor_0,11679,11.36016762,53.98518655,2.859136531
corridor_0,11680,11.1599952,53.78501412,2.658964107
corridor_0,11681,11.01728356,53.64230248,2.516252467
corridor_0,11682,10.95196068,53.57697961,2.450929591
corridor_0,11683,11.00590432,53.63092324,2.504873225
corridor_0,11684,11.14243615,53.76745507,2.641405055
corridor_0,11685,11.45138466,54.07640359,2.950353572
corridor_0,11686,11.82689202,54.45191094,3.325860927
corridor_0,11687,12.0321418,54.65716073,3.531110713
corridor_0,11688,12.36715233,54.99217126,3.866121242
corridor_0,11689,12.73706734,55.36208627,4.23603625
corridor_0,11690,13.24861061,55.87362954,4.747579524
corridor_0,11691,13.25388634,55.87890527,4.75285525
corridor_0,11692,12.95048439,55.57550332,4.449453303
corridor_0,11693,12.54117882,55.16619775,4.040147731
corridor_0,11694,11.80940545,54.43442437,3.308374354
corridor_0,11695,10.85216439,53.47718331,2.351133296
corridor_0,11696,10.01206124,52.63708016,1.511030147
corridor_0,11697,10.5071212,53.13214013,2.006090114
corridor_0,11698,10.29640114,52.92142007,1.795370051
corridor_0,11699,10.15565407,52.780673,1.654622981
corridor_0,11700,10.07798684,52.70300576,1.576955745
corridor_0,11701,10.06808007,52.69309899,1.567048976
corridor_0,11702,10.11839974,52.74341866,1.617368648
corridor_0,11703,10.20415795,52.82917687,1.703126857
corridor_0,11704,10.3328315,52.95785043,1.83180041
corridor_0,11705,10.47020638,53.0952253,1.969175288
corridor_0,11706,10.6833564,53.30837533,2.182325313
corridor_0,11707,10.99586403,53.62088296,2.494832942
corridor_0,11708,11.34522545,53.97024438,2.844194362
corridor_0,11709,11.63473427,54.2597532,3.133703181
corridor_0,11710,11.8856498,54.51066872,3.384618709
corridor_0,11711,12.15595925,54.78097817,3.654928157
corridor_0,11712,12.38270867,55.00772759,3.881677577
corridor_0,11713,12.58841622,55.21343514,4.087385127
corridor_0,11714,12.82436287,55.4493818,4.323331782
corridor_0,11715,13.07894051,55.70395943,4.577909419
corridor_0,11716,13.43046105,56.05547997,4.929429957
corridor_0,11717,13.83116448,56.4561834,5.330133388
corridor_0,11718,13.83426201,56.45928094,5.333230922
corridor_0,11719,13.87408364,56.49910256,5.373052546
corridor_0,11720,14.04516518,56.6701841,5.544134089
corridor_0,11721,14.13437951,56.75939843,5.633348414
corridor_0,11722,14.14445412,56.76947305,5.64342303
corridor_0,11723,14.11851036,56.74352929,5.617479274
corridor_0,11724,14.07379067,56.69880959,5.572759578
corridor_0,11725,14.03503716,56.66005608,5.534006068
corridor_0,11726,14.01524651,56.64026543,5.514215419
corridor_0,11727,14.07240212,56.69742104,5.571371028
corridor_0,11728,14.07732308,56.702342,5.576291987
corridor_0,11729,13.94023049,56.56524941,5.439199397
corridor_0,11730,13.77064431,56.39566323,5.269613215
corridor_0,11731,13.3700248,55.99504372,4.868993709
corridor_0,11732,12.58998787,55.2150068,4.088956782
corridor_0,11733,12.19971001,54.82472894,3.69867892
corridor_0,11734,11.70955193,54.33457085,3.208520839
corridor_0,11735,11.21797097,53.84298989,2.716939876
corridor_0,11736,10.62238991,53.24740884,2.121358821
corridor_0,11737,10.18207848,52.8070974,1.681047389
corridor_0,11738,9.722273945,52.34729287,1.221242854
corridor_0,11739,9.276229023,51.90124795,0.775197932
corridor_0,11740,8.843234181,51.46825311,0.34220309
corridor_0,11741,8.418196796,51.04321572,-0.082834294
corridor_0,11742,7.957347035,50.58236596,-0.543684056
corridor_0,11743,7.417708515,50.04272744,-1.083322576
corridor_0,11744,6.865592121,49.49061105,-1.63543897
corridor_0,11745,6.102336048,48.72735497,-2.398695043
corridor_0,11746,4.479788899,47.10480782,-4.021242192
corridor_0,11747,4.040267109,46.66528603,-4.460763982
corridor_0,11748,3.587847828,46.21286675,-4.913183263
corridor_0,11749,3.023196339,45.64821526,-5.477834752
corridor_0,11750,2.501502155,45.12652108,-5.999528935
corridor_0,11751,1.852656483,44.47767541,-6.648374608
corridor_0,11752,1.025656818,43.65067574,-7.475374272
corridor_0,11753,-0.068230511,42.55678841,-8.569261601
corridor_0,11754,-0.98198402,41.6430349,-9.483015111
corridor_0,11755,-2.303875805,40.32114312,-10.8049069
corridor_0,11756,-3.258957745,39.36606118,-11.75998884
corridor_0,11757,-4.399517895,38.22550103,-12.90054899
corridor_0,11758,-6.558731914,36.06628701,-15.05976301
corridor_0,11759,-10.64363372,31.9813852,-19.14466481
corridor_0,11760,-13.88715446,28.73786446,-22.38818555
corridor_0,11793,-10.65026939,31.97474953,-19.15130048
corridor_0,11794,-6.540356518,36.08466241,-15.04138761
corridor_0,11795,-4.884171368,37.74084756,-13.38520246
corridor_0,11796,-3.213299633,39.41171929,-11.71433072
corridor_0,11797,-2.246849895,40.37816903,-10.74788099
corridor_0,11798,-0.928921581,41.69609734,-9.429952672
corridor_0,11799,-0.227280498,42.39773843,-8.728311589
corridor_0,11800,0.758677601,43.38369653,-7.74235349
corridor_0,11801,1.642779469,44.26779839,-6.858251622
corridor_0,11802,2.318640827,44.94365975,-6.182390264
corridor_0,11803,2.954852223,45.57987115,-5.546178868
corridor_0,11804,3.47542107,46.10043999,-5.025610021
corridor_0,11805,4.05298531,46.67800423,-4.448045781
corridor_0,11806,4.506827473,47.1318464,-3.994203618
corridor_0,11807,5.537493824,48.16251275,-2.963537267
corridor_0,11808,6.90851128,49.5335302,-1.592519811
corridor_0,11809,7.635630726,50.26064965,-0.865400365
corridor_0,11810,8.004992603,50.63001153,-0.496038487
corridor_0,11811,8.444644093,51.06966302,-0.056386998
corridor_0,11812,8.852934956,51.47795388,0.351903865
corridor_0,11813,9.28489983,51.90991875,0.783868739
corridor_0,11814,9.727713703,52.35273263,1.226682612
corridor_0,11815,10.1689254,52.79394433,1.667894313
corridor_0,11816,10.63381493,53.25883385,2.132783839
corridor_0,11817,11.11501992,53.74003884,2.613988826
corridor_0,11818,11.73626244,54.36128136,3.235231349
corridor_0,11819,12.18129647,54.80631539,3.680265376
corridor_0,11820,12.59105599,55.21607491,4.090024898
corridor_0,11821,12.93228066,55.55729958,4.431249568
corridor_0,11822,13.19966805,55.82468697,4.698636958
corridor_0,11823,13.78202736,56.40704629,5.280996272
corridor_0,11824,13.88420403,56.50922295,5.383172938
corridor_0,11825,13.99006569,56.61508462,5.489034602
corridor_0,11826,13.9424392,56.56745812,5.441408107
corridor_0,11827,13.90716088,56.5321798,5.406129786
corridor_0,11828,13.91952813,56.54454705,5.418497035
corridor_0,11829,13.97011101,56.59512994,5.469079921
corridor_0,11830,13.99699318,56.62201211,5.495962092
corridor_0,11831,13.98427498,56.60929391,5.483243892
corridor_0,11832,13.88479531,56.50981423,5.383764216
corridor_0,11833,13.7162925,56.34131142,5.215261409
corridor_0,11834,13.53216088,56.1571798,5.031129786
corridor_0,11835,13.36760628,55.99262521,4.866575191
corridor_0,11836,13.19935524,55.82437417,4.698324153
corridor_0,11837,12.81989205,55.44491097,4.318860957
corridor_0,11838,12.50595009,55.13096902,4.004919002
corridor_0,11839,12.28560936,54.91062829,3.784578273
corridor_0,11840,12.03180993,54.65682885,3.530778834
corridor_0,11841,11.8353225,54.46034142,3.334291408
corridor_0,11842,11.61950219,54.24452111,3.118471095
corridor_0,11843,11.39885628,54.02387521,2.897825191
corridor_0,11844,11.14652932,53.77154824,2.645498225
corridor_0,11845,10.8737632,53.49878213,2.372732112
corridor_0,11846,10.55884468,53.18386361,2.057813594
corridor_0,11847,10.30097496,52.92599389,1.799943873
corridor_0,11848,10.1220504,52.74706933,1.621019313
corridor_0,11849,9.996939777,52.6219587,1.495908687
corridor_0,11850,9.890441059,52.51545998,1.389409968
corridor_0,11851,9.821993946,52.44701287,1.320962855
corridor_0,11852,9.817385792,52.44240472,1.316354701
corridor_0,11853,9.840952992,52.46597192,1.339921901
corridor_0,11854,9.89874184,52.52376076,1.39771075
corridor_0,11855,10.07005989,52.69507882,1.569028804
corridor_0,11856,9.293952107,51.91897103,0.792921016
corridor_0,11857,9.832163929,52.45718285,1.331132838
corridor_0,11858,10.62203514,53.24705407,2.121004054
corridor_0,11859,11.51958764,54.14460656,3.018556544
corridor_0,11860,12.41478646,55.03980538,3.913755366
corridor_0,11861,12.89551461,55.52053353,4.394483516
corridor_0,11862,13.53196633,56.15698525,5.030935237
corridor_0,11863,13.56743157,56.19245049,5.066400477
corridor_0,11864,13.39311135,56.01813027,4.892080256
corridor_0,11865,12.87454903,55.49956795,4.37351794
corridor_0,11866,12.27912819,54.90414712,3.778097102
corridor_0,11867,11.992221,54.61723992,3.491189906
corridor_0,11868,11.52627861,54.15129754,3.025247523
corridor_0,11869,11.21251976,53.83753869,2.711488673
corridor_0,11870,11.00988305,53.63490197,2.508851954
corridor_0,11871,10.94608986,53.57110879,2.445058772
corridor_0,11872,11.00753701,53.63255593,2.506505916
corridor_0,11873,11.15664971,53.78166863,2.655618617
corridor_0,11874,11.36333382,53.98835274,2.86230273
corridor_0,11875,11.65387642,54.27889535,3.152845332
corridor_0,11876,11.8272773,54.45229623,3.326246211
corridor_0,11877,11.86024773,54.48526665,3.35921664
corridor_0,11878,11.68722451,54.31224343,3.186193416
corridor_0,11879,11.31053841,53.93555733,2.809507319
corridor_0,11880,10.75092995,53.37594888,2.24989886
corridor_0,11881,10.01750863,52.64252755,1.516477534
corridor_0,11882,9.276591419,51.90161034,0.775560328
corridor_0,11883,8.480830311,51.10584924,-0.02020078
corridor_0,11884,7.651576161,50.27659509,-0.84945493
corridor_0,11885,6.732913136,49.35793206,-1.768117955
corridor_0,11886,6.069068073,48.694087,-2.431963017
corridor_0,11887,5.501631855,48.12665078,-2.999399236
corridor_0,11888,4.86604607,47.49106499,-3.634985021
corridor_0,11889,4.230940937,46.85595986,-4.270090154
corridor_0,11890,3.586230396,46.21124932,-4.914800694
corridor_0,11891,2.944049,45.56906792,-5.556982091
corridor_0,11892,2.193629383,44.81864831,-6.307401708
corridor_0,11893,1.510031818,44.13505074,-6.990999272
corridor_0,11894,0.557604908,43.18262383,-7.943426183
corridor_0,11895,-0.382729412,42.24228951,-8.883760503
corridor_0,11896,-1.676770092,40.94824883,-10.17780118
corridor_0,11897,-5.564682842,37.06033608,-14.06571393
corridor_0,11912,-6.26957214,36.35544678,-14.77060323
corridor_0,11913,-1.710118175,40.91490075,-10.21114927
corridor_0,11914,-0.418526531,42.20649239,-8.919557622
corridor_0,11915,0.682803272,43.3078222,-7.818227818
corridor_0,11916,1.515956043,44.14097497,-6.985075047
corridor_0,11917,2.181178211,44.80619714,-6.31985288
corridor_0,11918,2.938273548,45.56329247,-5.562757543
corridor_0,11919,3.589572071,46.214591,-4.91145902
corridor_0,11920,4.21830666,46.84332558,-4.282724431
corridor_0,11921,4.858962177,47.4839811,-3.642068913
corridor_0,11922,5.502909779,48.1279287,-2.998121312
corridor_0,11923,6.097170948,48.72218987,-2.403860143
corridor_0,11924,6.786440968,49.41145989,-1.714590123
corridor_0,11925,7.728835224,50.35385415,-0.772195867
corridor_0,11926,8.534422993,51.15944192,0.033391902
corridor_0,11927,9.265299915,51.89031884,0.764268825
corridor_0,11928,9.999774098,52.62479302,1.498743007
corridor_0,11929,10.72741234,53.35243127,2.226381251
corridor_0,11930,11.30224144,53.92726037,2.801210353
corridor_0,11931,11.66577446,54.29079339,3.164743373
corridor_0,11932,11.87516701,54.50018594,3.374135921
corridor_0,11933,11.88304818,54.5080671,3.382017085
corridor_0,11934,11.71867669,54.34369561,3.217645595
corridor_0,11935,11.47792733,54.10294625,2.976896235
corridor_0,11936,11.21089089,53.83590981,2.709859797
corridor_0,11937,11.06782448,53.69284341,2.566793391
corridor_0,11938,11.00940621,53.63442513,2.508375117
corridor_0,11939,11.14278328,53.76780221,2.641752192
corridor_0,11940,11.37224495,53.99726388,2.871213862
corridor_0,11941,11.6715461,54.29656503,3.17051501
corridor_0,11942,11.99916375,54.62418267,3.498132655
corridor_0,11943,12.37856591,55.00358483,3.877534816
corridor_0,11944,13.01536477,55.64038369,4.514333674
corridor_0,11945,13.80126488,56.42628381,5.30023379
corridor_0,11946,14.05319893,56.67821786,5.552167842
corridor_0,11947,13.42200768,56.0470266,4.920976588
corridor_0,11948,12.69255364,55.31757256,4.191522548
corridor_0,11949,11.97579491,54.60081384,3.47476382
corridor_0,11950,11.25181115,53.87683007,2.750780055
corridor_0,11951,10.46536553,53.09038445,1.964334437
corridor_0,11952,9.594626545,52.21964547,1.093595454
corridor_0,11953,9.021193623,51.64621255,0.520162532
corridor_0,11954,9.811541676,52.4365606,1.310510585
corridor_0,11955,9.672305225,52.29732415,1.171274135
corridor_0,11956,9.587645649,52.21266457,1.086614558
corridor_0,11957,9.553568958,52.17858788,1.052537868
corridor_0,11958,9.556895374,52.1819143,1.055864284
corridor_0,11959,9.583964466,52.20898339,1.082933375
corridor_0,11960,9.670287251,52.29530618,1.16925616
corridor_0,11961,9.776099323,52.40111825,1.275068233
corridor_0,11962,9.945799946,52.57081887,1.444768855
corridor_0,11963,10.13900673,52.76402566,1.637975642
corridor_0,11964,10.42251122,53.04753014,1.921480128
corridor_0,11965,10.66407692,53.28909585,2.163045833
corridor_0,11966,10.88447869,53.50949761,2.383447597
corridor_0,11967,11.12259209,53.74761102,2.621561
corridor_0,11968,11.33154976,53.95656869,2.830518672
corridor_0,11969,11.55020821,54.17522713,3.049177119
corridor_0,11970,11.79530251,54.42032143,3.294271419
corridor_0,11971,12.03204262,54.65706155,3.531011531
corridor_0,11972,12.3393203,54.96433923,3.83828921
corridor_0,11973,12.7394973,55.36451623,4.238466212
corridor_0,11974,13.07092583,55.69594476,4.56989474
corridor_0,11975,13.28024208,55.90526101,4.779210994
corridor_0,11976,13.38129723,56.00631615,4.880266139
corridor_0,11977,13.61843789,56.24345681,5.117406795
corridor_0,11978,13.80287087,56.42788979,5.301839778
corridor_0,11979,13.8949691,56.51998803,5.393938014
corridor_0,11980,13.91135323,56.53637215,5.410322139
corridor_0,11981,13.88352501,56.50854394,5.382493922
corridor_0,11982,13.84806359,56.47308251,5.347032496
corridor_0,11983,13.8637687,56.48878762,5.362737605
corridor_0,11984,13.91191399,56.53693291,5.410882899
corridor_0,11985,13.88210976,56.50712868,5.38107867
corridor_0,11986,13.48773491,56.11275384,4.986703822
corridor_0,11987,13.39466774,56.01968667,4.893636653
corridor_0,11988,13.2663337,55.89135262,4.765302608
corridor_0,11989,13.07228005,55.69729897,4.571248958
corridor_0,11990,12.72339928,55.34841821,4.22236819
corridor_0,11991,12.18565285,54.81067178,3.68462176
corridor_0,11992,11.66636956,54.29138848,3.165338466
corridor_0,11993,11.14467919,53.76969811,2.643648097
corridor_0,11994,10.64563668,53.2706556,2.144605586
corridor_0,11995,10.13614571,52.76116463,1.635114619
corridor_0,11996,9.667002796,52.29202172,1.165971705
corridor_0,11997,9.232676624,51.85769555,0.731645534
corridor_0,11998,8.784823536,51.40984246,0.283792445
corridor_0,11999,8.337771534,50.96279046,-0.163259557
corridor_0,12000,7.897372364,50.52239129,-0.603658727
corridor_0,12001,7.133895039,49.75891396,-1.367136052
corridor_0,12002,6.582564472,49.2075834,-1.918466619
corridor_0,12003,5.693488239,48.31850716,-2.807542851
corridor_0,12004,4.889216541,47.51423547,-3.611814549
corridor_0,12005,4.217166065,46.84218499,-4.283865026
corridor_0,12006,3.409262775,46.0342817,-5.091768315
corridor_0,12007,2.870326161,45.49534509,-5.63070493
corridor_0,12008,2.109408497,44.73442742,-6.391622594
corridor_0,12009,1.378852009,44.00387093,-7.122179082
corridor_0,12010,0.486487507,43.11150643,-8.014543584
corridor_0,12011,-0.191983105,42.43303582,-8.693014195
corridor_0,12012,-1.134884716,41.49013421,-9.635915807
corridor_0,12013,-2.231263042,40.39375588,-10.73229413
corridor_0,12014,-3.609139324,39.0158796,-12.11017041
corridor_0,12015,-4.923954845,37.70106408,-13.42498594
corridor_0,12016,-7.488734127,35.1362848,-15.98976522
corridor_0,12017,-10.71215713,31.91286179,-19.21318822
corridor_0,12047,-13.7407254,28.88429353,-22.24175649
corridor_0,12048,-7.583525539,35.04149339,-16.08455663
corridor_0,12049,-5.597966076,37.02705285,-14.09899717
corridor_0,12050,-3.673737408,38.95128152,-12.1747685
corridor_0,12051,-2.581097485,40.04392144,-11.08212858
corridor_0,12052,-1.380471111,41.24454781,-9.881502202
corridor_0,12053,-0.384682537,42.24033639,-8.885713628
corridor_0,12054,0.480567097,43.10558602,-8.020463994
corridor_0,12055,1.137408375,43.7624273,-7.363622716
corridor_0,12056,1.965453266,44.59047219,-6.535577825
corridor_0,12057,2.760085224,45.38510415,-5.740945867
corridor_0,12058,3.574706196,46.19972512,-4.926324895
corridor_0,12059,4.252875446,46.87789437,-4.248155644
corridor_0,12060,4.871386646,47.49640557,-3.629644444
corridor_0,12061,5.613783955,48.23880288,-2.887247136
corridor_0,12062,6.460497974,49.0855169,-2.040533116
corridor_0,12063,7.063777088,49.68879601,-1.437254003
corridor_0,12064,7.537371754,50.16239068,-0.963659337
corridor_0,12065,8.034640431,50.65965936,-0.46639066
corridor_0,12066,8.667239307,51.29225823,0.166208217
corridor_0,12067,9.153235554,51.77825448,0.652204463
corridor_0,12068,9.611125111,52.23614404,1.11009402
corridor_0,12069,10.07552636,52.70054528,1.574495265
corridor_0,12070,10.55969536,53.18471429,2.058664271
corridor_0,12071,11.02932274,53.65434167,2.528291652
corridor_0,12072,11.52026284,54.14528176,3.019231746
corridor_0,12073,12.01991188,54.64493081,3.518880794
corridor_0,12074,12.63240349,55.25742242,4.131372401
corridor_0,12075,13.12525093,55.75026986,4.624219844
corridor_0,12076,13.46506035,56.09007928,4.964029262
corridor_0,12077,13.57432473,56.19934365,5.073293635
corridor_0,12078,13.5267936,56.15181252,5.025762507
corridor_0,12079,13.50990975,56.13492867,5.008878657
corridor_0,12080,13.82355797,56.4485769,5.322526881
corridor_0,12081,13.85121071,56.47622964,5.350179622
corridor_0,12082,13.82845986,56.45347878,5.327428767
corridor_0,12083,13.82625496,56.45127389,5.325223872
corridor_0,12084,13.84965813,56.47467706,5.34862704
corridor_0,12085,13.86158669,56.48660561,5.360555598
corridor_0,12086,13.80168831,56.42670724,5.300657222
corridor_0,12087,13.61863625,56.24365517,5.117605159
corridor_0,12088,13.34611809,55.97113702,4.845087001
corridor_0,12089,13.06567681,55.69069573,4.564645717
corridor_0,12090,12.86961663,55.49463555,4.368585536
corridor_0,12091,12.66934884,55.29436776,4.168317744
corridor_0,12092,12.28942025,54.91443917,3.788389155
corridor_0,12093,11.84873879,54.47375771,3.347707698
corridor_0,12094,11.57905877,54.20407769,3.078027675
corridor_0,12095,11.34058297,53.96560189,2.839551875
corridor_0,12096,11.0899688,53.71498772,2.588937709
corridor_0,12097,10.81958306,53.44460198,2.318551967
corridor_0,12098,10.63973153,53.26475045,2.138700435
corridor_0,12099,10.43071282,53.05573174,1.929681727
corridor_0,12100,10.21486199,52.83988091,1.713830897
corridor_0,12101,9.9700042,52.59502312,1.468973109
corridor_0,12102,9.73733437,52.36235329,1.236303279
corridor_0,12103,9.585784077,52.210803,1.084752986
corridor_0,12104,9.440936207,52.06595513,0.939905116
corridor_0,12105,9.356555103,51.98157403,0.855524013
corridor_0,12106,9.31419289,51.93921181,0.813161799
corridor_0,12107,9.286986469,51.91200539,0.785955379
corridor_0,12108,9.3007766,51.92579552,0.799745509
corridor_0,12109,9.372374653,51.99739358,0.871343562
corridor_0,12110,9.448241352,52.07326028,0.947210261
corridor_0,12111,8.35621941,50.98123833,-0.144811681
corridor_0,12112,8.794566273,51.4195852,0.293535182
corridor_0,12113,9.348666309,51.97368523,0.847635219
corridor_0,12114,10.10509026,52.73010918,1.604059169
corridor_0,12115,10.77394783,53.39896676,2.272916743
corridor_0,12116,11.39306939,54.01808831,2.892038295
corridor_0,12117,12.06324303,54.68826196,3.56221194
corridor_0,12118,12.70253289,55.32755181,4.201501796
corridor_0,12119,13.21664345,55.84166238,4.715612361
corridor_0,12120,13.22860634,55.85362527,4.727575252
corridor_0,12121,12.99545205,55.62047097,4.494420955
corridor_0,12122,12.41050637,55.03552529,3.909475276
corridor_0,12123,11.98917687,54.61419579,3.488145778
corridor_0,12124,11.75816643,54.38318536,3.257135341
corridor_0,12125,11.35392296,53.97894189,2.852891871
corridor_0,12126,11.16683876,53.79185769,2.665807673
corridor_0,12127,11.05297768,53.6779966,2.551946589
corridor_0,12128,11.11738884,53.74240777,2.616357753
corridor_0,12129,11.28571618,53.9107351,2.784685084
corridor_0,12130,11.54438698,54.16940591,3.043355891
corridor_0,12131,11.7814666,54.40648553,3.280435512
corridor_0,12132,11.92077553,54.54579446,3.419744441
corridor_0,12133,11.91345513,54.53847405,3.412424037
corridor_0,12134,11.6738807,54.29889962,3.172849605
corridor_0,12135,11.25962365,53.88464257,2.758592555
corridor_0,12136,10.67817223,53.30319115,2.177141139
corridor_0,12137,10.02269661,52.64771554,1.521665523
corridor_0,12138,9.28761208,51.912631,0.786580989
corridor_0,12139,8.539950489,51.16496941,0.038919398
corridor_0,12140,7.777369618,50.40238854,-0.723661473
corridor_0,12141,6.846411823,49.47143075,-1.654619267
corridor_0,12142,6.2123214,48.83734032,-2.288709691
corridor_0,12143,5.577765583,48.20278451,-2.923265508
corridor_0,12144,4.850638508,47.47565743,-3.650392583
corridor_0,12145,4.222499012,46.84751794,-4.278532079
corridor_0,12146,3.599063038,46.22408196,-4.901968053
corridor_0,12147,2.934485554,45.55950448,-5.566545537
corridor_0,12148,2.161238789,44.78625771,-6.339792302
corridor_0,12149,1.503039478,44.1280584,-6.997991612
corridor_0,12150,0.657866596,43.28288552,-7.843164495
corridor_0,12151,-0.266041637,42.35897729,-8.767072728
corridor_0,12152,-1.76103294,40.86398598,-10.26206403
corridor_0,12153,-8.050341488,34.57467744,-16.55137258
corridor_0,12169,-2.050133587,40.57488534,-10.55116468
corridor_0,12170,-0.312111736,42.31290719,-8.813142827
corridor_0,12171,0.622668385,43.24768731,-7.878362706
corridor_0,12172,1.464320301,44.08933923,-7.03671079
corridor_0,12173,2.13569939,44.76071832,-6.3653317
corridor_0,12174,2.899157642,45.52417657,-5.601873448
corridor_0,12175,3.578883289,46.20390221,-4.922147801
corridor_0,12176,4.185588001,46.81060693,-4.315443089
corridor_0,12177,4.890719532,47.51573846,-3.610311559
corridor_0,12178,5.642397999,48.26741692,-2.858633092
corridor_0,12179,6.230273365,48.85529229,-2.270757726
corridor_0,12180,6.881068348,49.50608727,-1.619962743
corridor_0,12181,7.857203602,50.48222253,-0.643827489
corridor_0,12182,8.607180714,51.23219964,0.106149623
corridor_0,12183,9.326541065,51.95155999,0.825509974
corridor_0,12184,9.957282185,52.58230111,1.456251094
corridor_0,12185,10.63275444,53.25777337,2.131723353
corridor_0,12186,11.1961776,53.82119653,2.69514651
corridor_0,12187,11.6712867,54.29630563,3.17025561
corridor_0,12188,11.91358864,54.53860757,3.412557551
corridor_0,12189,11.96511757,54.5901365,3.464086482
corridor_0,12190,11.81534874,54.44036767,3.314317653
corridor_0,12191,11.59922326,54.22424218,3.098192164
corridor_0,12192,11.3686744,53.99369332,2.867643306
corridor_0,12193,11.19715416,53.82217309,2.696123073
corridor_0,12194,11.13111794,53.75613686,2.630086848
corridor_0,12195,11.15139687,53.77641579,2.650365779
corridor_0,12196,11.33246148,53.9574804,2.831430385
corridor_0,12197,11.64215386,54.26717278,3.141122767
corridor_0,12198,11.98536217,54.6103811,3.48433108
corridor_0,12199,12.49222481,55.11724374,3.991193721
corridor_0,12200,12.77514946,55.40016839,4.274118373
corridor_0,12201,12.88741982,55.51243874,4.386388728
corridor_0,12202,12.67936242,55.30438134,4.178331325
corridor_0,12203,12.17617333,54.80119225,3.675142238
corridor_0,12204,11.61171257,54.2367315,3.110681483
corridor_0,12205,10.98441231,53.60943124,2.483381221
corridor_0,12206,10.3827163,53.00773522,1.881685206
corridor_0,12207,9.720065235,52.34508416,1.219034144
corridor_0,12208,9.023036121,51.64805505,0.522005031
corridor_0,12209,8.416468739,51.04148766,-0.084562352
corridor_0,12210,8.02947533,50.65449425,-0.47155576
corridor_0,12211,7.693553089,50.31857201,-0.807478002
corridor_0,12212,9.081694721,51.70671365,0.58066363
corridor_0,12213,9.022391438,51.64741036,0.521360347
corridor_0,12214,9.00592339,51.63094231,0.504892299
corridor_0,12215,9.011729359,51.63674828,0.510698268
corridor_0,12216,9.076941608,51.70196053,0.575910518
corridor_0,12217,9.126288532,51.75130746,0.625257442
corridor_0,12218,9.241667866,51.86668679,0.740636775
corridor_0,12219,9.371451496,51.99647042,0.870420405
corridor_0,12220,9.525736927,52.15075585,1.024705836
corridor_0,12221,9.768244862,52.39326379,1.267213771
corridor_0,12222,9.992545246,52.61756417,1.491514155
corridor_0,12223,10.19336617,52.81838509,1.692335078
corridor_0,12224,10.37213814,52.99715707,1.871107051
corridor_0,12225,10.63564598,53.26066491,2.134614894
corridor_0,12226,10.89614403,53.52116296,2.395112941
corridor_0,12227,11.08443749,53.70945641,2.583406398
corridor_0,12228,11.40912163,54.03414056,2.908090541
corridor_0,12229,11.90108406,54.52610299,3.400052974
corridor_0,12230,12.25297081,54.87798974,3.751939723
corridor_0,12231,12.47531426,55.10033318,3.974283168
corridor_0,12232,12.75001442,55.37503335,4.248983333
corridor_0,12233,13.00356972,55.62858865,4.50253863
corridor_0,12234,13.3327285,55.95774743,4.831697413
corridor_0,12235,13.59889138,56.2239103,5.097860286
corridor_0,12236,13.73557961,56.36059853,5.234548518
corridor_0,12237,13.79757988,56.42259881,5.296548793
corridor_0,12238,13.78544533,56.41046426,5.284414241
corridor_0,12239,13.76941597,56.3944349,5.268384883
corridor_0,12240,13.7884742,56.41349313,5.28744311
corridor_0,12241,13.46453774,56.08955666,4.963506648
corridor_0,12242,13.53660118,56.16162011,5.035570094
corridor_0,12243,13.6332885,56.25830743,5.132257411
corridor_0,12244,13.65652001,56.28153893,5.155488917
corridor_0,12245,13.71051705,56.33553597,5.209485957
corridor_0,12246,13.55592644,56.18094537,5.05489535
corridor_0,12247,12.97827828,55.6032972,4.477247188
corridor_0,12248,12.40860283,55.03362176,3.907571742
corridor_0,12249,11.90631401,54.53133294,3.405282924
corridor_0,12250,11.43602288,54.0610418,2.934991786
corridor_0,12251,10.94524681,53.57026574,2.444215724
corridor_0,12252,10.46757042,53.09258935,1.966539332
corridor_0,12253,10.00973809,52.63475701,1.508706996
corridor_0,12254,9.485961079,52.11098,0.984929988
corridor_0,12255,8.875476002,51.50049493,0.374444911
corridor_0,12256,8.395083546,51.02010247,-0.105947545
corridor_0,12257,7.931376576,50.5563955,-0.569654515
corridor_0,12258,7.494177937,50.11919686,-1.006853154
corridor_0,12259,6.967303394,49.59232232,-1.533727696
corridor_0,12260,6.337115406,48.96213433,-2.163915685
corridor_0,12261,5.521842121,48.14686105,-2.97918897
corridor_0,12262,4.73865044,47.36366936,-3.762380651
corridor_0,12263,4.153258442,46.77827737,-4.347772649
corridor_0,12264,3.441123127,46.06614205,-5.059907964
corridor_0,12265,2.646006702,45.27102563,-5.855024388
corridor_0,12266,1.845065235,44.47008416,-6.655965856
corridor_0,12267,1.100432514,43.72545144,-7.400598577
corridor_0,12268,0.276175617,42.90119454,-8.224855474
corridor_0,12269,-0.643750072,41.98126885,-9.144781163
corridor_0,12270,-1.71345985,40.91155907,-10.21449094
corridor_0,12271,-2.680592419,39.94442651,-11.18162351
corridor_0,12272,-4.225048901,38.39997002,-12.72607999
corridor_0,12273,-5.71308601,36.91193291,-14.2141171
corridor_0,12274,-8.898304821,33.7267141,-17.39933591
corridor_0,12275,-13.88106811,28.74395081,-22.3820992
corridor_0,12302,-10.77783287,31.84718606,-19.27886396
corridor_0,12303,-6.600605846,36.02441308,-15.10163694
corridor_0,12304,-4.883175732,37.74184319,-13.38420682
corridor_0,12305,-3.149468304,39.47555062,-11.65049939
corridor_0,12306,-2.101586224,40.5234327,-10.60261731
corridor_0,12307,-0.948506237,41.67651269,-9.449537328
corridor_0,12308,-0.134926678,42.49009225,-8.635957768
corridor_0,12309,0.750254749,43.37527367,-7.750776341
corridor_0,12310,1.556536793,44.18155572,-6.944494298
corridor_0,12311,2.408660053,45.03367898,-6.092371037
corridor_0,12312,3.277445911,45.90246484,-5.223585179
corridor_0,12313,3.955630421,46.58064935,-4.54540067
corridor_0,12314,4.638423084,47.26344201,-3.862608006
corridor_0,12315,5.348158955,47.97317788,-3.152872136
corridor_0,12316,6.071967243,48.69698617,-2.429063848
corridor_0,12317,6.76649773,49.39151665,-1.73453336
corridor_0,12318,7.362460255,49.98747918,-1.138570836
corridor_0,12319,7.920394062,50.54541299,-0.580637029
corridor_0,12320,8.352984547,50.97800347,-0.148046544
corridor_0,12321,8.795207142,51.42022607,0.294176051
corridor_0,12322,9.271086811,51.89610574,0.77005572
corridor_0,12323,9.825396656,52.45041558,1.324365565
corridor_0,12324,10.39858544,53.02360436,1.897554347
corridor_0,12325,10.8410331,53.46605202,2.340002009
corridor_0,12326,11.3571769,53.98219582,2.856145808
corridor_0,12327,11.86558068,54.4905996,3.364549586
corridor_0,12328,12.36014855,54.98516747,3.859117457
corridor_0,12329,12.774665,55.39968392,4.273633906
corridor_0,12330,13.2180587,55.84307763,4.717027614
corridor_0,12331,13.71598351,56.34100243,5.214952418
corridor_0,12332,13.82739174,56.45241067,5.326360652
corridor_0,12333,13.70213234,56.32715127,5.201101253
corridor_0,12334,13.65033638,56.27535531,5.149305293
corridor_0,12335,13.51307976,56.13809869,5.012048671
corridor_0,12336,13.46804345,56.09306237,4.967012355
corridor_0,12337,13.40361702,56.02863595,4.902585933
corridor_0,12338,13.73313439,56.35815331,5.232103297
corridor_0,12339,13.75103676,56.37605569,5.250005671
corridor_0,12340,13.68783867,56.3128576,5.186807582
corridor_0,12341,13.5883857,56.21340462,5.087354609
corridor_0,12342,13.31499016,55.94000909,4.813959071
corridor_0,12343,13.02820122,55.65322015,4.527170131
corridor_0,12344,12.68712151,55.31214043,4.186090419
corridor_0,12345,12.39630043,55.02131936,3.895269343
corridor_0,12346,12.15896904,54.78398797,3.657937953
corridor_0,12347,11.82520974,54.45022866,3.324178645
corridor_0,12348,11.42775261,54.05277154,2.926721522
corridor_0,12349,10.98771202,53.61273095,2.486680934
corridor_0,12350,10.64358818,53.26860711,2.142557094
corridor_0,12351,10.39692604,53.02194497,1.895894954
corridor_0,12352,10.17328942,52.79830834,1.672258327
corridor_0,12353,9.921046375,52.5460653,1.420015285
corridor_0,12354,9.642436146,52.26745507,1.141405055
corridor_0,12355,9.551581501,52.17660043,1.05055041
corridor_0,12356,9.328906178,51.9539251,0.827875087
corridor_0,12357,9.107527851,51.73254678,0.60649676
corridor_0,12358,9.024973988,51.64999291,0.523942897
corridor_0,12359,8.916693806,51.54171273,0.415662715
corridor_0,12360,8.839678883,51.46469781,0.338647792
corridor_0,12361,8.800662159,51.42568108,0.299631068
corridor_0,12362,8.749186634,51.37420556,0.248155543
corridor_0,12363,8.735602497,51.36062142,0.234571406
corridor_0,12364,8.765410542,51.39042947,0.264379451
corridor_0,12365,7.314150929,49.93916985,-1.186880162
corridor_0,12366,7.327857136,49.95287606,-1.173173955
corridor_0,12367,7.672972797,50.29799172,-0.828058293
corridor_0,12368,8.07868111,50.70370003,-0.42234998
corridor_0,12369,8.712184071,51.337203,0.21115298
corridor_0,12370,9.412989735,52.03800866,0.911958644
corridor_0,12371,10.054721,52.67973992,1.553689906
corridor_0,12372,10.638816,53.26383492,2.137784907
corridor_0,12373,11.23486626,53.85988519,2.73383517
corridor_0,12374,11.80218422,54.42720315,3.301153132
corridor_0,12375,12.21832192,54.84334084,3.717290828
corridor_0,12376,12.52926171,55.15428063,4.028230617
corridor_0,12377,12.56724083,55.19225976,4.066209743
corridor_0,12378,12.30186379,54.92688271,3.800832698
corridor_0,12379,11.92623055,54.55124947,3.425199458
corridor_0,12380,11.62647545,54.25149438,3.125444362
corridor_0,12381,11.3935653,54.01858422,2.892534205
corridor_0,12382,11.25245201,53.87747094,2.751420924
corridor_0,12383,11.19859612,53.82361504,2.697565028
corridor_0,12384,11.27000725,53.89502618,2.768976161
corridor_0,12385,11.43180382,54.05682275,2.930772731
corridor_0,12386,11.66653359,54.29155251,3.165502498
corridor_0,12387,11.87821114,54.50323006,3.377180049
corridor_0,12388,11.98569405,54.61071297,3.484662959
corridor_0,12389,11.90027535,54.52529427,3.399244258
corridor_0,12390,11.61675942,54.24177834,3.115728328
corridor_0,12391,11.14737236,53.77239129,2.646341273
corridor_0,12392,10.5590316,53.18405053,2.058000514
corridor_0,12393,9.929289936,52.55430886,1.428258845
corridor_0,12394,9.288882374,51.9139013,0.787851283
corridor_0,12395,8.687609791,51.31262872,0.1865787
corridor_0,12396,7.928279041,50.55329797,-0.572752049
corridor_0,12397,6.939871906,49.56489083,-1.561159184
corridor_0,12398,6.316714405,48.94173333,-2.184316686
corridor_0,12399,5.619353413,48.24437234,-2.881677678
corridor_0,12400,4.883593678,47.5086126,-3.617437413
corridor_0,12401,4.218730091,46.84374902,-4.282301
corridor_0,12402,3.509192585,46.13421151,-4.991838506
corridor_0,12403,2.956847309,45.58186623,-5.544183782
corridor_0,12404,2.221266865,44.84628579,-6.279764226
corridor_0,12405,1.550059437,44.17507836,-6.950971654
corridor_0,12406,0.724204182,43.34922311,-7.776826909
corridor_0,12407,-0.343682171,42.28133675,-8.844713262
corridor_0,12408,-2.373791576,40.25122735,-10.87482267
corridor_0,12425,-2.71308601,39.91193291,-11.2141171
corridor_0,12426,-0.56023872,42.0647802,-9.061269811
corridor_0,12427,0.542365192,43.16738412,-7.958665898
corridor_0,12428,1.515353321,44.14037225,-6.98567777
corridor_0,12429,2.290221333,44.91524026,-6.210809758
corridor_0,12430,2.926184773,45.5512037,-5.574846318
corridor_0,12431,3.627322315,46.25234124,-4.873708776
corridor_0,12432,4.197901844,46.82292077,-4.303129247
corridor_0,12433,4.91575539,47.54077431,-3.585275701
corridor_0,12434,5.604491352,48.22951028,-2.896539739
corridor_0,12435,6.273253559,48.89827248,-2.227777532
corridor_0,12436,6.960742115,49.58576104,-1.540288976
corridor_0,12437,7.961142658,50.58616158,-0.539888433
corridor_0,12438,8.620242237,51.24526116,0.119211146
corridor_0,12439,9.262297749,51.88731667,0.761266658
corridor_0,12440,9.881129383,52.50614831,1.380098292
corridor_0,12441,10.52787697,53.1528959,2.026845881
corridor_0,12442,11.11135781,53.73637673,2.610326716
corridor_0,12443,11.60604012,54.23105904,3.105009028
corridor_0,12444,11.89415276,54.51917168,3.393121669
corridor_0,12445,12.01569283,54.64071175,3.514661738
corridor_0,12446,11.93073189,54.55575082,3.429700801
corridor_0,12447,11.71397698,54.3389959,3.212945888
corridor_0,12448,11.50239098,54.1274099,3.001359889
corridor_0,12449,11.3508445,53.97586343,2.849813411
corridor_0,12450,11.27377999,53.89879891,2.772748897
corridor_0,12451,11.31367791,53.93869683,2.812646815
corridor_0,12452,11.50183403,54.12685296,3.000802943
corridor_0,12453,11.75877297,54.38379189,3.257741878
corridor_0,12454,12.01140892,54.63642785,3.510377833
corridor_0,12455,12.29659188,54.9216108,3.795560786
corridor_0,12456,12.34573662,54.97075555,3.844705531
corridor_0,12457,12.26845848,54.89347741,3.767427394
corridor_0,12458,12.02680504,54.65182397,3.525773952
corridor_0,12459,11.5170089,54.14202782,3.015977809
corridor_0,12460,10.97128212,53.59630105,2.470251033
corridor_0,12461,10.40369332,53.02871224,1.902662227
corridor_0,12462,9.803332447,52.42835137,1.302301356
corridor_0,12463,9.197459339,51.82247826,0.696428248
corridor_0,12464,8.54214394,51.16716286,0.041112849
corridor_0,12465,7.827498554,50.45251748,-0.673532537
corridor_0,12466,7.392024159,50.01704308,-1.109006932
corridor_0,12467,7.002387165,49.62740609,-1.498643926
corridor_0,12468,6.701396107,49.32641503,-1.799634984
corridor_0,12469,6.805667042,49.43068597,-1.695364049
corridor_0,12470,8.496672749,51.12169167,-0.004358342
corridor_0,12471,8.497351765,51.12237069,-0.003679326
corridor_0,12472,8.503436207,51.12845513,0.002405116
corridor_0,12473,8.577349781,51.20236871,0.07631869
corridor_0,12474,8.631957172,51.2569761,0.130926082
corridor_0,12475,8.686843037,51.31186196,0.185811946
corridor_0,12476,8.649916767,51.27493569,0.148885676
corridor_0,12477,8.919955372,51.5449743,0.418924281
corridor_0,12478,8.964999317,51.59001824,0.463968226
corridor_0,12479,9.207392811,51.83241174,0.70636172
corridor_0,12480,9.354445576,51.9794645,0.853414485
corridor_0,12481,9.640402912,52.26542184,1.139371821
corridor_0,12482,9.937434315,52.56245324,1.436403224
corridor_0,12483,10.22055352,52.84557244,1.719522426
corridor_0,12484,10.61652672,53.24154565,2.115495631
corridor_0,12485,11.06608498,53.6911039,2.565053889
corridor_0,12486,11.42353737,54.0485563,2.922506282
corridor_0,12487,11.71812355,54.34314248,3.217092463
corridor_0,12488,11.9800216,54.60504052,3.478990504
corridor_0,12489,12.36341393,54.98843285,3.862382838
corridor_0,12490,12.69067681,55.31569573,4.189645717
corridor_0,12491,13.0724746,55.69749352,4.571443507
corridor_0,12492,13.34805977,55.9730787,4.847028682
corridor_0,12493,13.57582009,56.20083901,5.074788997
corridor_0,12494,13.31128228,55.9363012,4.810251185
corridor_0,12495,13.33761132,55.96263024,4.836580226
corridor_0,12496,13.41277993,56.03779885,4.911748836
corridor_0,12497,13.46712029,56.09213921,4.966089198
corridor_0,12498,13.50304329,56.12806222,5.002012202
corridor_0,12499,13.56671059,56.19172951,5.0656795
corridor_0,12500,13.68405831,56.30907723,5.183027217
corridor_0,12501,13.76354134,56.38856026,5.262510249
corridor_0,12502,13.68448555,56.30950448,5.183454463
corridor_0,12503,13.41572487,56.0407438,4.914693782
corridor_0,12504,13.12490761,55.74992654,4.623876521
corridor_0,12505,12.70458138,55.3296003,4.203550288
corridor_0,12506,12.29561913,54.92063805,3.794588038
corridor_0,12507,11.75271141,54.37773034,3.251680324
corridor_0,12508,11.27462685,53.89964577,2.773595759
corridor_0,12509,10.74520028,53.3702192,2.244169185
corridor_0,12510,10.25543892,52.88045785,1.754407832
corridor_0,12511,9.70916283,52.33418175,1.20813174
corridor_0,12512,9.243159412,51.86817834,0.742128322
corridor_0,12513,8.81199181,51.43701073,0.310960719
corridor_0,12514,8.320826649,50.94584557,-0.180204442
corridor_0,12515,7.819892048,50.44491097,-0.681139043
corridor_0,12516,7.239436268,49.86445519,-1.261594823
corridor_0,12517,6.584742664,49.20976159,-1.916288426
corridor_0,12518,5.805655598,48.43067452,-2.695375493
corridor_0,12519,5.171443104,47.79646203,-3.329587987
corridor_0,12520,4.412394642,47.03741357,-4.088636449
corridor_0,12521,3.778071522,46.40309045,-4.722959569
corridor_0,12522,3.03471291,45.65973183,-5.466318181
corridor_0,12523,2.228522419,44.85354134,-6.272508672
corridor_0,12524,1.46672356,44.09174248,-7.03430753
corridor_0,12525,0.481524586,43.10654351,-8.019506505
corridor_0,12526,-0.470806957,42.15421197,-8.971838048
corridor_0,12527,-1.33027351,41.29474541,-9.831304601
corridor_0,12528,-2.574704052,40.05031487,-11.07573514
corridor_0,12529,-3.718464733,38.90655419,-12.21949582
corridor_0,12530,-5.074074627,37.5509443,-13.57510572
corridor_0,12531,-8.874077679,33.75094125,-17.37510877
corridor_0,12532,-13.87632072,28.7486982,-22.37735181
corridor_0,12557,-13.7212075,28.90381142,-22.22223859
corridor_0,12558,-6.615157009,36.00986192,-15.1161881
corridor_0,12559,-4.876904369,37.74811456,-13.37793546
corridor_0,12560,-3.125462414,39.49955651,-11.6264935
corridor_0,12561,-1.777783276,40.84723565,-10.27881437
corridor_0,12562,-0.863953472,41.76106545,-9.364984563
corridor_0,12563,0.141390919,42.76640984,-8.359640172
corridor_0,12564,1.048091053,43.67310998,-7.452940038
corridor_0,12565,1.874068379,44.4990873,-6.626962712
corridor_0,12566,2.742121815,45.36714074,-5.758909276
corridor_0,12567,3.532294392,46.15731332,-4.968736699
corridor_0,12568,4.200327992,46.82534692,-4.300703099
corridor_0,12569,4.975596546,47.60061547,-3.525434545
corridor_0,12570,5.563796162,48.18881509,-2.937234929
corridor_0,12571,6.311946034,48.93696496,-2.189085057
corridor_0,12572,7.03855431,49.66357323,-1.462476781
corridor_0,12573,7.652281879,50.2773008,-0.848749211
corridor_0,12574,8.216189503,50.84120843,-0.284841588
corridor_0,12575,8.75534737,51.38036629,0.254316279
corridor_0,12576,9.262335896,51.88735482,0.761304805
corridor_0,12577,9.737063526,52.36208245,1.236032435
corridor_0,12578,10.19945824,52.82447717,1.69842715
corridor_0,12579,10.66946328,53.2944822,2.168432185
corridor_0,12580,11.14118493,53.76620385,2.640153834
corridor_0,12581,11.71204293,54.33706185,3.211011836
corridor_0,12582,12.13223946,54.75725838,3.631208369
corridor_0,12583,12.64763939,55.27265832,4.146608302
corridor_0,12584,13.1393882,55.76440713,4.638357112
corridor_0,12585,13.45300591,56.07802483,4.951974818
corridor_0,12586,13.63540184,56.26042077,5.134370753
corridor_0,12587,13.70897972,56.33399865,5.207948634
corridor_0,12588,13.66652596,56.29154488,5.165494868
corridor_0,12589,13.62022316,56.24524209,5.119192073
corridor_0,12590,13.53241265,56.15743157,5.031381557
corridor_0,12591,13.46916497,56.09418389,4.968133876
corridor_0,12592,13.4278518,56.05287072,4.926820704
corridor_0,12593,13.4133178,56.03833672,4.912286708
corridor_0,12594,13.34747994,55.97249886,4.846448848
corridor_0,12595,13.22236168,55.84738061,4.721330592
corridor_0,12596,12.990821,55.61583993,4.489789912
corridor_0,12597,13.07363427,55.69865319,4.572603175
corridor_0,12598,12.73728096,55.36229989,4.236249873
corridor_0,12599,12.32908928,54.95410821,3.828058192
corridor_0,12600,11.94888985,54.57390878,3.44785876
corridor_0,12601,11.62771141,54.25273034,3.126680324
corridor_0,12602,11.29513848,53.9201574,2.794107387
corridor_0,12603,10.91293633,53.53795525,2.411905238
corridor_0,12604,10.62258828,53.2476072,2.121557185
corridor_0,12605,10.23328698,52.8583059,1.732255885
corridor_0,12606,9.84456551,52.46958443,1.343534419
corridor_0,12607,9.461093067,52.08611199,0.960061976
corridor_0,12608,9.199038624,51.82405755,0.698007533
corridor_0,12609,8.889918446,51.51493737,0.388887355
corridor_0,12610,8.537909626,51.16292855,0.036878535
corridor_0,12611,8.178618549,50.80363747,-0.322412541
corridor_0,12612,8.248389362,50.87340829,-0.252641728
corridor_0,12613,8.240576862,50.86559579,-0.260454228
corridor_0,12614,8.394354939,51.01937386,-0.106676152
corridor_0,12615,8.338587879,50.9636068,-0.162443212
corridor_0,12616,8.278853535,50.90387246,-0.222177556
corridor_0,12617,8.206008076,50.831027,-0.295023015
corridor_0,12618,6.711180805,49.33619973,-1.789850286
corridor_0,12619,6.299254536,48.92427346,-2.201776555
corridor_0,12620,6.02923119,48.65425011,-2.471799901
corridor_0,12621,6.331229328,48.95624825,-2.169801763
corridor_0,12622,6.711295246,49.33631417,-1.789735845
corridor_0,12623,7.108180164,49.73319909,-1.392850926
corridor_0,12624,7.564211964,50.18923089,-0.936819127
corridor_0,12625,8.369521259,50.99454018,-0.131509831
corridor_0,12626,9.080241322,51.70526025,0.579210231
corridor_0,12627,9.681021809,52.30604073,1.179990718
corridor_0,12628,10.33590996,52.96092889,1.834878871
corridor_0,12629,10.95125496,53.57627389,2.450223872
corridor_0,12630,11.56217873,54.18719765,3.061147639
corridor_0,12631,12.08439171,54.70941064,3.583360621
corridor_0,12632,12.36633217,54.9913511,3.865301082
corridor_0,12633,12.46547234,55.09049126,3.964441249
corridor_0,12634,12.37839425,55.00341317,3.877363154
corridor_0,12635,12.12073433,54.74575326,3.619703242
corridor_0,12636,11.83999932,54.46501824,3.338968226
corridor_0,12637,11.5560981,54.18111703,3.055067012
corridor_0,12638,11.39826882,54.02328774,2.897237727
corridor_0,12639,11.3507911,53.97581002,2.849760005
corridor_0,12640,11.40518105,54.03019997,2.904149959
corridor_0,12641,11.55631936,54.18133828,3.055288264
corridor_0,12642,11.77291024,54.39792916,3.271879146
corridor_0,12643,11.95767891,54.58269784,3.456647822
corridor_0,12644,12.02603829,54.65105721,3.525007197
corridor_0,12645,11.89131081,54.51632973,3.390279719
corridor_0,12646,11.58452141,54.20954034,3.083490321
corridor_0,12647,11.06796944,53.69298837,2.56693835
corridor_0,12648,10.4545089,53.07952782,1.953477809
corridor_0,12649,9.876978993,52.50199792,1.375947902
corridor_0,12650,9.309168934,51.93418786,0.808137843
corridor_0,12651,8.639960407,51.26497933,0.138929317
corridor_0,12652,7.927363514,50.55238244,-0.573667577
corridor_0,12653,6.952883839,49.57790276,-1.548147252
corridor_0,12654,6.191668629,48.81668755,-2.309362462
corridor_0,12655,5.546088337,48.17110726,-2.954942754
corridor_0,12656,4.860976338,47.48599526,-3.640054753
corridor_0,12657,4.154536366,46.77955529,-4.346494725
corridor_0,12658,3.596053242,46.22107217,-4.904977849
corridor_0,12659,2.895823597,45.52084252,-5.605207494
corridor_0,12660,2.259802937,44.88482186,-6.241228154
corridor_0,12661,1.478812336,44.10383126,-7.022218755
corridor_0,12662,0.505908131,43.13092706,-7.99512296
corridor_0,12663,-0.597485424,42.0275335,-9.098516515
corridor_0,12664,-2.748864056,39.87615487,-11.24989515
corridor_0,12681,-3.114086986,39.51093194,-11.61511808
corridor_0,12682,-1.048481823,41.5765371,-9.549512914
corridor_0,12683,0.469229817,43.09424874,-8.031801274
corridor_0,12684,1.315959095,43.94097802,-7.185071996
corridor_0,12685,2.215121388,44.84014031,-6.285909703
corridor_0,12686,2.869498371,45.4945173,-5.63153272
corridor_0,12687,3.561881184,46.18690011,-4.939149907
corridor_0,12688,4.124968647,46.74998757,-4.376062444
corridor_0,12689,4.746840595,47.37185952,-3.754190495
corridor_0,12690,5.4361068,48.06112572,-3.064924291
corridor_0,12691,6.027793049,48.65281197,-2.473238042
corridor_0,12692,6.961260914,49.58627984,-1.539770177
corridor_0,12693,7.907759785,50.53277871,-0.593271306
corridor_0,12694,8.570597767,51.19561669,0.069566676
corridor_0,12695,9.236559986,51.86157891,0.735528895
corridor_0,12696,9.807608723,52.43262765,1.306577632
corridor_0,12697,10.43935692,53.06437585,1.938325831
corridor_0,12698,11.01015389,53.63517281,2.509122798
corridor_0,12699,11.54734337,54.1723623,3.046312282
corridor_0,12700,11.91997445,54.54499337,3.418943355
corridor_0,12701,12.05704415,54.68206307,3.556013057
corridor_0,12702,11.9923774,54.61739632,3.491346309
corridor_0,12703,11.82773888,54.4527578,3.326707789
corridor_0,12704,11.62842476,54.25344369,3.127393672
corridor_0,12705,11.48050606,54.10552499,2.979474971
corridor_0,12706,11.42399514,54.04901406,2.922964046
corridor_0,12707,11.47133934,54.09635827,2.970308253
corridor_0,12708,11.6371032,54.26212212,3.136072108
corridor_0,12709,11.90336907,54.52838799,3.402337977
corridor_0,12710,12.18751061,54.81252953,3.686479518
corridor_0,12711,12.42645562,55.05147454,3.925424525
corridor_0,12712,12.55702126,55.18204018,4.055990169
corridor_0,12713,12.5013572,55.12637612,4.000326106
corridor_0,12714,12.19374001,54.81875893,3.692708919
corridor_0,12715,11.64123833,54.26625726,3.14020724
corridor_0,12716,11.01426232,53.63928124,2.513231227
corridor_0,12717,10.31620324,52.94122216,1.815172145
corridor_0,12718,9.608302235,52.23332116,1.107271144
corridor_0,12719,8.916239857,51.54125878,0.415208766
corridor_0,12720,8.238989948,50.86400887,-0.262041142
corridor_0,12721,7.355197071,49.980216,-1.14583402
corridor_0,12722,6.851168751,49.47618768,-1.64986234
corridor_0,12723,6.316634296,48.94165322,-2.184396794
corridor_0,12724,5.79624474,48.42126366,-2.704786351
corridor_0,12725,5.294837116,47.91985604,-3.206193974
corridor_0,12726,4.961913227,47.58693215,-3.539117864
corridor_0,12727,5.680430531,48.30544946,-2.82060056
corridor_0,12728,5.93907082,48.56408974,-2.561960271
corridor_0,12729,7.934645771,50.5596647,-0.56638532
corridor_0,12730,7.997511982,50.62253091,-0.503519109
corridor_0,12731,7.980391621,50.60541055,-0.52063947
corridor_0,12732,7.54498589,50.17000481,-0.956045201
corridor_0,12733,7.209097981,49.83411691,-1.29193311
corridor_0,12734,7.649844288,50.27486321,-0.851186803
corridor_0,12735,8.072417378,50.6974363,-0.428613713
corridor_0,12736,8.421595692,51.04661462,-0.079435399
corridor_0,12737,8.755358814,51.38037774,0.254327724
corridor_0,12738,9.053454517,51.67847344,0.552423427
corridor_0,12739,9.432139515,52.05715844,0.931108424
corridor_0,12740,9.831229328,52.45624825,1.330198237
corridor_0,12741,10.197528,52.82254693,1.696496913
corridor_0,12742,10.53443444,53.15945336,2.033403346
corridor_0,12743,10.8852874,53.51030633,2.384256312
corridor_0,12744,11.22507012,53.85008904,2.724039027
corridor_0,12745,11.51808083,54.14309975,3.017049739
corridor_0,12746,11.91218102,54.53719994,3.411149928
corridor_0,12747,11.85223687,54.47725579,3.351205775
corridor_0,12748,12.30860054,54.93361947,3.807569453
corridor_0,12749,12.71572411,55.34074303,4.214693019
corridor_0,12750,13.04604256,55.67106149,4.54501147
corridor_0,12751,13.28436959,55.90938851,4.783338496
corridor_0,12752,13.39126122,56.01628014,4.890230128
corridor_0,12753,13.42389977,56.04891869,4.922868678
corridor_0,12754,13.42138207,56.04640099,4.920350978
corridor_0,12755,13.46290505,56.08792397,4.961873958
corridor_0,12756,13.51219094,56.13720986,5.011159846
corridor_0,12757,13.61073601,56.23575494,5.109704921
corridor_0,12758,13.65457833,56.27959725,5.153547236
corridor_0,12759,13.74835884,56.37337777,5.247327754
corridor_0,12760,13.80421364,56.42923257,5.303182551
corridor_0,12761,13.33211815,55.95713708,4.831087062
corridor_0,12762,13.03818428,55.66320321,4.537153193
corridor_0,12763,12.43103707,55.05605599,3.930005977
corridor_0,12764,12.11713707,54.742156,3.616105983
corridor_0,12765,11.60822213,54.23324105,3.107191035
corridor_0,12766,11.21243966,53.83745858,2.711408565
corridor_0,12767,10.70439064,53.32940957,2.203359553
corridor_0,12768,10.29275811,52.91777703,1.791727015
corridor_0,12769,9.845542072,52.470561,1.344510982
corridor_0,12770,9.240733265,51.86575219,0.739702174
corridor_0,12771,8.704283833,51.32930276,0.203252742
corridor_0,12772,8.082175373,50.7071943,-0.418855718
corridor_0,12773,7.400813221,50.02583215,-1.10021787
corridor_0,12774,6.757834553,49.38285348,-1.743196538
corridor_0,12775,6.033183216,48.65820214,-2.467847875
corridor_0,12776,5.378745197,48.00376412,-3.122285893
corridor_0,12777,4.664820789,47.28983971,-3.836210301
corridor_0,12778,3.916449665,46.54146859,-4.584581426
corridor_0,12779,3.117804646,45.74282357,-5.383226445
corridor_0,12780,2.357886433,44.98290536,-6.143144658
corridor_0,12781,1.55291283,44.17793175,-6.94811826
corridor_0,12782,0.693053364,43.31807229,-7.807977727
corridor_0,12783,-0.438164593,42.18685433,-8.939195683
corridor_0,12784,-1.316700817,41.30831811,-9.817731908
corridor_0,12785,-2.283001781,40.34201714,-10.78403287
corridor_0,12786,-4.194317699,38.43070123,-12.69534879
corridor_0,12787,-5.729634167,36.89538476,-14.23066526
corridor_0,12788,-8.956284405,33.66873452,-17.4573155
corridor_0,12812,-13.86900413,28.75601479,-22.37003522
corridor_0,12813,-7.648091198,34.97692773,-16.14912229
corridor_0,12814,-5.584629894,37.04038903,-14.08566098
corridor_0,12815,-3.203671337,39.42134759,-11.70470243
corridor_0,12816,-2.114079357,40.51093957,-10.61511045
corridor_0,12817,-0.905030132,41.71998879,-9.406061223
corridor_0,12818,0.126563191,42.75158212,-8.3744679
corridor_0,12819,1.055796742,43.68081567,-7.445234349
corridor_0,12820,1.904822468,44.52984139,-6.596208623
corridor_0,12821,2.710532307,45.33555123,-5.790498784
corridor_0,12822,3.473437428,46.09845635,-5.027593663
corridor_0,12823,4.276961445,46.90198037,-4.224069646
corridor_0,12824,5.044245838,47.66926476,-3.456785253
corridor_0,12825,5.737971424,48.36299035,-2.763059667
corridor_0,12826,6.500746845,49.12576577,-2.000284245
corridor_0,12827,7.19725716,49.82227608,-1.303773931
corridor_0,12828,7.882266163,50.50728509,-0.618764928
corridor_0,12829,8.508589863,51.13360879,0.007558772
corridor_0,12830,9.141783833,51.76680276,0.640752742
corridor_0,12831,9.787451862,52.41247079,1.286420772
corridor_0,12832,10.33822548,52.96324441,1.837194392
corridor_0,12833,10.89796746,53.52298638,2.396936366
corridor_0,12834,11.27865899,53.90367791,2.777627894
corridor_0,12835,11.70995247,54.3349714,3.208921382
corridor_0,12836,12.09590447,54.72092339,3.594873378
corridor_0,12837,12.48427117,55.10929009,3.983240077
corridor_0,12838,12.8277961,55.45281503,4.32676501
corridor_0,12839,13.17240822,55.79742715,4.671377131
corridor_0,12840,13.57717049,56.20218941,5.0761394
corridor_0,12841,13.85239327,56.47741219,5.351362178
corridor_0,12842,13.81409371,56.43911263,5.313062617
corridor_0,12843,13.55754006,56.18255898,5.056508967
corridor_0,12844,13.47153008,56.096549,4.970498988
corridor_0,12845,13.43894493,56.06396386,4.937913844
corridor_0,12846,13.39436257,56.01938149,4.893331477
corridor_0,12847,13.41867363,56.04369256,4.917642543
corridor_0,12848,13.41058266,56.03560159,4.90955157
corridor_0,12849,13.33211052,55.95712945,4.831079432
corridor_0,12850,13.18785393,55.81287286,4.686822841
corridor_0,12851,12.83870232,55.46372124,4.337671229
corridor_0,12852,12.4734832,55.09850213,3.972452113
corridor_0,12853,11.99333107,54.61835,3.492299983
corridor_0,12854,11.43406212,54.05908105,2.933031032
corridor_0,12855,10.90569985,53.53071877,2.404668757
corridor_0,12856,10.42014992,53.04516885,1.919118831
corridor_0,12857,10.7140075,53.33902642,2.212976405
corridor_0,12858,10.36821663,52.99323556,1.867185542
corridor_0,12859,10.03908837,52.66410729,1.538057277
corridor_0,12860,9.717440723,52.34245965,1.216409633
corridor_0,12861,9.389872669,52.01489159,0.888841578
corridor_0,12862,8.9633857,51.58840462,0.462354609
corridor_0,12863,8.608611225,51.23363015,0.107580134
corridor_0,12864,8.286513447,50.91153237,-0.214517644
corridor_0,12865,7.917765736,50.54278466,-0.583265355
corridor_0,12866,7.482329487,50.10734841,-1.018701604
corridor_0,12867,6.966971516,49.59199044,-1.534059575
corridor_0,12868,6.724688648,49.34970757,-1.776342443
corridor_0,12869,6.709365009,49.33438393,-1.791666081
corridor_0,12870,4.995257496,47.62027642,-3.505773595
corridor_0,12871,4.772276997,47.39729592,-3.728754094
corridor_0,12872,4.675967335,47.30098626,-3.825063756
corridor_0,12873,4.596583485,47.22160241,-3.904447606
corridor_0,12874,4.392558216,47.01757714,-4.108472875
corridor_0,12875,4.552714466,47.17773339,-3.948316625
corridor_0,12876,5.057921528,47.68294045,-3.443109563
corridor_0,12877,5.56753838,48.1925573,-2.933492711
corridor_0,12878,6.087966084,48.71298501,-2.413065007
corridor_0,12879,6.623843311,49.24886224,-1.877187779
corridor_0,12880,7.142626881,49.76764581,-1.35840421
corridor_0,12881,8.097460865,50.72247979,-0.403570226
corridor_0,12882,8.846411823,51.47143075,0.345380733
corridor_0,12883,9.550574421,52.17559335,1.04954333
corridor_0,12884,10.34379494,52.96881387,1.84276385
corridor_0,12885,11.09161293,53.71663186,2.590581843
corridor_0,12886,11.83724511,54.46226403,3.336214015
corridor_0,12887,12.45886528,55.08388421,3.957834193
corridor_0,12888,12.6814338,55.30645272,4.180402705
corridor_0,12889,12.69132149,55.31634042,4.190290401
corridor_0,12890,12.50080025,55.12581918,3.99976916
corridor_0,12891,12.26277077,54.8877897,3.76173968
corridor_0,12892,11.94919884,54.57421777,3.44816775
corridor_0,12893,11.70809472,54.33311364,3.207063624
corridor_0,12894,11.53794396,54.16296288,3.036912868
corridor_0,12895,11.47963631,54.10465524,2.97860522
corridor_0,12896,11.52743065,54.15244958,3.026399562
corridor_0,12897,11.69743645,54.32245538,3.19640536
corridor_0,12898,11.87957299,54.50459191,3.378541896
corridor_0,12899,12.0311538,54.65617272,3.530122706
corridor_0,12900,12.09190667,54.71692559,3.590875575
corridor_0,12901,11.90522301,54.53024194,3.40419192
corridor_0,12902,11.50202858,54.12704751,3.000997493
corridor_0,12903,11.00954735,53.63456628,2.508516261
corridor_0,12904,10.4786483,53.10366723,1.977617213
corridor_0,12905,9.803431629,52.42845055,1.302400538
corridor_0,12906,9.194884419,51.81990334,0.693853328
corridor_0,12907,8.555640339,51.18065926,0.054609248
corridor_0,12908,7.874755024,50.49977395,-0.626276067
corridor_0,12909,6.916155933,49.54117486,-1.584875157
corridor_0,12910,5.997344135,48.62236306,-2.503686955
corridor_0,12911,5.355822681,47.98084161,-3.145208409
corridor_0,12912,4.735278248,47.36029717,-3.765752843
corridor_0,12913,4.076808094,46.70182702,-4.424222997
corridor_0,12914,3.450217365,46.07523629,-5.050813725
corridor_0,12915,2.819239735,45.44425866,-5.681791356
corridor_0,12916,2.068129658,44.69314858,-6.432901433
corridor_0,12917,1.285502552,43.91052148,-7.215528539
corridor_0,12918,0.276984333,42.90200326,-8.224046758
corridor_0,12919,-1.0857476,41.53927132,-9.586778691
corridor_0,12920,-3.519394756,39.10562417,-12.02042585
corridor_0,12937,-3.970829845,38.65418908,-12.47186094
corridor_0,12938,-1.359440685,41.26557824,-9.860471776
corridor_0,12939,0.234839558,42.85985848,-8.266191533
corridor_0,12940,1.247653126,43.87267205,-7.253377965
corridor_0,12941,1.925730824,44.55074975,-6.575300267
corridor_0,12942,2.769366383,45.39438531,-5.731664708
corridor_0,12943,3.411898731,46.03691766,-5.08913236
corridor_0,12944,3.966059803,46.59107873,-4.534971288
corridor_0,12945,4.656981587,47.28200051,-3.844049504
corridor_0,12946,5.283003925,47.90802285,-3.218027165
corridor_0,12947,5.890097736,48.51511666,-2.610933354
corridor_0,12948,6.859309315,49.48432824,-1.641721776
corridor_0,12949,7.740130543,50.36514947,-0.760900548
corridor_0,12950,8.417449116,51.04246804,-0.083581975
corridor_0,12951,9.160037159,51.78505608,0.659006068
corridor_0,12952,9.819392323,52.44441125,1.318361232
corridor_0,12953,10.56355202,53.18857095,2.06252093
corridor_0,12954,11.13100731,53.75602624,2.629976222
corridor_0,12955,11.5038749,54.12889382,3.002843806
corridor_0,12956,11.88518822,54.51020715,3.38415713
corridor_0,12957,12.06005776,54.68507668,3.559026668
corridor_0,12958,12.05247795,54.67749688,3.551446864
corridor_0,12959,11.90904152,54.53406045,3.408010432
corridor_0,12960,11.72636712,54.35138604,3.225336024
corridor_0,12961,11.59656823,54.22158715,3.095537135
corridor_0,12962,11.54448616,54.16950509,3.043455073
corridor_0,12963,11.58696663,54.21198556,3.085935542
corridor_0,12964,11.74412072,54.36913964,3.243089625
corridor_0,12965,12.02413094,54.64914986,3.523099849
corridor_0,12966,12.30780709,54.93282601,3.806775996
corridor_0,12967,12.50797951,55.13299844,4.006948421
corridor_0,12968,12.77606118,55.4010801,4.275030086
corridor_0,12969,12.95969307,55.584712,4.458661983
corridor_0,12970,12.62846672,55.25348565,4.127435634
corridor_0,12971,11.91524804,54.54026696,3.414216945
corridor_0,12972,11.02286065,53.64787957,2.521829555
corridor_0,12973,10.18875801,52.81377694,1.687726924
corridor_0,12974,9.522143482,52.14716241,1.021112391
corridor_0,12975,8.762515186,51.38753411,0.261484096
corridor_0,12976,8.000983357,50.62600228,-0.500047734
corridor_0,12977,7.018496632,49.64351556,-1.482534459
corridor_0,12978,6.398863911,49.02388284,-2.10216718
corridor_0,12979,5.842101215,48.46712014,-2.658929875
corridor_0,12980,5.299567341,47.92458627,-3.20146375
corridor_0,12981,4.77279961,47.39781853,-3.728231481
corridor_0,12982,4.190798878,46.8158178,-4.310232213
corridor_0,12983,3.673644184,46.29866311,-4.827386907
corridor_0,12984,3.829959034,46.45497796,-4.671072057
corridor_0,12985,3.760272144,46.38529107,-4.740758946
corridor_0,12986,3.711058735,46.33607766,-4.789972356
corridor_0,12987,3.748190998,46.37320992,-4.752840093
corridor_0,12988,2.097655415,44.72267434,-6.403375676
corridor_0,12989,2.749907612,45.37492654,-5.751123479
corridor_0,12990,3.462737202,46.08775613,-5.038293889
corridor_0,12991,4.380496143,47.00551507,-4.120534947
corridor_0,12992,5.341338276,47.9663572,-3.159692815
corridor_0,12993,7.589381336,50.21440026,-0.911649755
corridor_0,12994,8.048514484,50.67353341,-0.452516606
corridor_0,12995,8.412158131,51.03717706,-0.08887296
corridor_0,12996,7.67319405,50.29821297,-0.827837041
corridor_0,12997,8.112288593,50.73730752,-0.388742497
corridor_0,12998,8.550318836,51.17533776,0.049287745
corridor_0,12999,9.055159687,51.68017861,0.554128596
corridor_0,13000,9.506152271,52.1311712,1.005121181
corridor_0,13001,9.999255299,52.62427422,1.498224208
corridor_0,13002,10.51268685,53.13770577,2.011655757
corridor_0,13003,11.0255996,53.65061852,2.524568507
corridor_0,13004,11.6144706,54.23948952,3.113439509
corridor_0,13005,12.1420356,54.76705453,3.641004512
corridor_0,13006,12.58024514,55.20526406,4.079214046
corridor_0,13007,12.99970543,55.62472436,4.498674342
corridor_0,13008,13.24851143,55.87353036,4.747480342
corridor_0,13009,13.36537087,55.99038979,4.864339778
corridor_0,13010,13.38350212,56.00852105,4.882471034
corridor_0,13011,13.38839638,56.01341531,4.887365291
corridor_0,13012,13.38683617,56.01185509,4.885805079
corridor_0,13013,13.42713463,56.05215356,4.926103541
corridor_0,13014,13.42233193,56.04735085,4.921300838
corridor_0,13015,13.49524987,56.12026879,4.994218776
corridor_0,13016,13.5987426,56.22376153,5.097711513
corridor_0,13017,13.56213677,56.18715569,5.061105678
corridor_0,13018,13.32657921,55.95159814,4.825548121
corridor_0,13019,13.06901085,55.69402978,4.567979762
corridor_0,13020,12.76726448,55.39228341,4.266233394
corridor_0,13021,12.46848595,55.09350488,3.96745486
corridor_0,13022,12.19075692,54.81577584,3.689725825
corridor_0,13023,11.81740105,54.44241998,3.31636996
corridor_0,13024,11.4953376,54.12035653,2.994306514
corridor_0,13025,10.87097084,53.49598977,2.369939754
corridor_0,13026,10.28995049,52.91496941,1.788919398
corridor_0,13027,9.67099297,52.29601189,1.169961879
corridor_0,13028,9.049002766,51.67402169,0.547971675
corridor_0,13029,8.341426014,50.96644494,-0.159605077
corridor_0,13030,7.657588123,50.28260705,-0.843442967
corridor_0,13031,6.858374714,49.48339364,-1.642656377
corridor_0,13032,6.107504963,48.73252389,-2.393526128
corridor_0,13033,5.336615681,47.96163461,-3.16441541
corridor_0,13034,4.602770924,47.22778985,-3.898260167
corridor_0,13035,3.799662708,46.42468163,-4.701368382
corridor_0,13036,3.037451862,45.66247079,-5.463579228
corridor_0,13037,2.244063496,44.86908242,-6.256967595
corridor_0,13038,1.393328785,44.01834771,-7.107702306
corridor_0,13039,0.498644947,43.12366387,-8.002386144
corridor_0,13040,-0.516793133,42.10822579,-9.017824224
corridor_0,13041,-1.668763042,40.95625588,-10.16979413
corridor_0,13042,-2.718171001,39.90684792,-11.21920209
corridor_0,13043,-4.34697044,38.27804848,-12.84800153
corridor_0,13044,-7.530239941,35.09477898,-16.03127103
corridor_0,13045,-13.77538383,28.84963509,-22.27641492
corridor_0,13068,-10.77104843,31.8539705,-19.27207952
corridor_0,13069,-5.805645824,36.8193731,-14.30667692
corridor_0,13070,-3.78736961,38.83764931,-12.2884007
corridor_0,13071,-2.298249126,40.3267698,-10.79928022
corridor_0,13072,-1.28642738,41.33859154,-9.78745847
corridor_0,13073,0.008051991,42.63307092,-8.4929791
corridor_0,13074,0.805781483,43.43080041,-7.695249608
corridor_0,13075,1.693625568,44.31864449,-6.807405522
corridor_0,13076,2.50926125,45.13428017,-5.991769841
corridor_0,13077,3.23279488,45.8578138,-5.268236211
corridor_0,13078,4.095404743,46.72042367,-4.405626348
corridor_0,13079,4.853186726,47.47820565,-3.647844365
corridor_0,13080,5.65278542,48.27780434,-2.848245671
corridor_0,13081,6.442587971,49.0676069,-2.05844312
corridor_0,13082,7.191599964,49.81661889,-1.309431127
corridor_0,13083,7.995024799,50.62004372,-0.506006291
corridor_0,13084,8.816886067,51.44190499,0.315854976
corridor_0,13085,9.555583119,52.18060204,1.054552028
corridor_0,13086,10.24167168,52.86669061,1.74064059
corridor_0,13087,10.90042031,53.52543923,2.399389216
corridor_0,13088,11.43894112,54.06396004,2.937910029
corridor_0,13089,12.01255715,54.63757607,3.511526057
corridor_0,13090,12.37698281,55.00200173,3.875951716
corridor_0,13091,12.56667626,55.19169518,4.065645167
corridor_0,13092,12.79326165,55.41828057,4.292230556
corridor_0,13093,13.04279244,55.66781136,4.541761348
corridor_0,13094,13.22773659,55.85275552,4.726705501
corridor_0,13095,13.36081612,55.98583504,4.859785029
corridor_0,13096,13.41248619,56.03750512,4.911455104
corridor_0,13097,13.37292015,55.99793908,4.871889064
corridor_0,13098,13.3728286,55.99784753,4.871797511
corridor_0,13099,13.36116707,55.986186,4.860135982
corridor_0,13100,13.34931862,55.97433755,4.848287532
corridor_0,13101,13.32927239,55.95429131,4.828241298
corridor_0,13102,13.36646187,55.9914808,4.865430781
corridor_0,13103,13.37722313,56.00224206,4.876192042
corridor_0,13104,13.25757515,55.88259408,4.756544063
corridor_0,13105,13.04157174,55.66659066,4.540540645
corridor_0,13106,12.76760781,55.39262673,4.266576716
corridor_0,13107,12.30469811,54.92971703,3.803667018
corridor_0,13108,11.71277535,54.33779427,3.211744258
corridor_0,13109,11.19415581,53.81917474,2.693124721
corridor_0,13110,10.60645211,53.23147103,2.105421016
corridor_0,13111,10.09786904,52.72288796,1.596837947
corridor_0,13112,9.550719379,52.1757383,1.049688289
corridor_0,13113,9.071848988,51.69686791,0.570817897
corridor_0,13114,8.597441792,51.22246072,0.096410701
corridor_0,13115,8.133349537,50.75836846,-0.367681554
corridor_0,13116,7.640231251,50.26525018,-0.86079984
corridor_0,13117,7.173354267,49.79837319,-1.327676824
corridor_0,13118,6.545336842,49.17035577,-1.955694249
corridor_0,13119,5.935523151,48.56054208,-2.565507939
corridor_0,13120,5.259120106,47.88413903,-3.241910985
corridor_0,13121,4.411963581,47.03698251,-4.08906751
corridor_0,13122,3.35351479,45.97853371,-5.147516301
corridor_0,13123,2.741858601,45.36687753,-5.75917249
corridor_0,13124,2.079680561,44.70469949,-6.42135053
corridor_0,13125,1.35734856,43.98236748,-7.14368253
corridor_0,13126,2.615862965,45.24088189,-5.885168126
corridor_0,13127,3.210978626,45.83599755,-5.290052464
corridor_0,13128,3.113600849,45.73861977,-5.387430242
corridor_0,13129,2.394755482,45.01977441,-6.106275609
corridor_0,13130,3.036830067,45.66184899,-5.464201024
corridor_0,13131,3.743331074,46.36835,-4.757700017
corridor_0,13132,4.359835743,46.98485467,-4.141195348
corridor_0,13133,5.027125477,47.6521444,-3.473905614
corridor_0,13134,5.594458698,48.21947762,-2.906572392
corridor_0,13135,6.173171162,48.79819009,-2.327859929
corridor_0,13136,6.768096088,49.39311501,-1.732935002
corridor_0,13137,7.864707111,50.48972604,-0.636323979
corridor_0,13138,8.574599384,51.19961831,0.073568294
corridor_0,13139,9.324801563,51.94982049,0.823770473
corridor_0,13140,10.01507866,52.64009759,1.514047572
corridor_0,13141,10.70039666,53.32541558,2.199365565
corridor_0,13142,11.57400811,54.19902703,3.072977015
corridor_0,13143,12.33642495,54.96144387,3.835393855
corridor_0,13144,12.96056282,55.58558175,4.459531734
corridor_0,13145,12.80692589,55.43194482,4.305894801
corridor_0,13146,12.54549324,55.17051217,4.044462153
corridor_0,13147,12.3374511,54.96247002,3.836420009
corridor_0,13148,12.03910363,54.66412255,3.538072536
corridor_0,13149,11.83602822,54.46104714,3.334997127
corridor_0,13150,11.6839515,54.30897042,3.182920405
corridor_0,13151,11.66041863,54.28543755,3.159387538
corridor_0,13152,11.70323098,54.3282499,3.202199885
corridor_0,13153,11.83953774,54.46455666,3.338506648
corridor_0,13154,12.02232659,54.64734551,3.521295497
corridor_0,13155,12.17479241,54.79981133,3.673761317
corridor_0,13156,12.11143792,54.73645684,3.610406825
corridor_0,13157,11.91313088,54.5381498,3.412099788
corridor_0,13158,11.68382943,54.30884835,3.182798335
corridor_0,13159,11.25821221,53.88323113,2.757181117
corridor_0,13160,10.57089913,53.19591805,2.069868037
corridor_0,13161,9.921275257,52.54629418,1.420244166
corridor_0,13162,9.130797504,51.75581643,0.629766414
corridor_0,13163,8.375735401,51.00075433,-0.12529569
corridor_0,13164,7.636168598,50.26118752,-0.864862493
corridor_0,13165,6.773974537,49.39899346,-1.727056554
corridor_0,13166,5.824263691,48.44928262,-2.6767674
corridor_0,13167,5.175707935,47.80072686,-3.325323155
corridor_0,13168,4.541812061,47.16683099,-3.959219029
corridor_0,13169,3.916281818,46.54130074,-4.584749272
corridor_0,13170,3.196231007,45.82124993,-5.304800084
corridor_0,13171,2.537402271,45.1624212,-5.963628819
corridor_0,13172,1.869040608,44.49405953,-6.631990483
corridor_0,13173,0.925051807,43.55007073,-7.575979283
corridor_0,13174,0.191062092,42.81608102,-8.309968999
corridor_0,13175,-1.399815441,41.22520348,-9.900846532
corridor_0,13176,-4.45735252,38.1676664,-12.95838361
corridor_0,13193,-4.998028637,37.62699029,-13.49905973
corridor_0,13194,-1.442032696,41.18298623,-9.943063787
corridor_0,13195,-0.190983654,42.43403527,-8.692014745
corridor_0,13196,0.872317432,43.49733636,-7.628713658
corridor_0,13197,1.698508381,44.32352731,-6.80252271
corridor_0,13198,2.367526173,44.9925451,-6.133504918
corridor_0,13199,3.117694019,45.74271294,-5.383337071
corridor_0,13200,3.779578327,46.40459725,-4.721452764
corridor_0,13201,4.421649098,47.04666802,-4.079381993
corridor_0,13202,5.074362873,47.6993818,-3.426668218
corridor_0,13203,5.745299458,48.37031838,-2.755731633
corridor_0,13204,6.735983967,49.36100289,-1.765047124
corridor_0,13205,7.528681873,50.1537008,-0.972349217
corridor_0,13206,8.279795765,50.90481469,-0.221235326
corridor_0,13207,9.057494282,51.68251321,0.556463191
corridor_0,13208,9.875987171,52.5010061,1.37495608
corridor_0,13209,10.71067345,53.33569238,2.20964236
corridor_0,13210,11.21622384,53.84124276,2.715192744
corridor_0,13211,11.66270363,54.28772256,3.161672542
corridor_0,13212,12.0100013,54.63502023,3.50897021
corridor_0,13213,12.1101104,54.73512933,3.60907931
corridor_0,13214,12.17143929,54.79645821,3.670408198
corridor_0,13215,12.1166259,54.74164483,3.615594813
corridor_0,13216,11.96768486,54.59270379,3.466653773
corridor_0,13217,11.83220208,54.457221,3.331170985
corridor_0,13218,11.77442849,54.39944741,3.273397395
corridor_0,13219,11.81111443,54.43613335,3.310083339
corridor_0,13220,11.96713555,54.59215447,3.466104457
corridor_0,13221,12.15634072,54.78135964,3.655309627
corridor_0,13222,12.3773185,55.00233743,3.87628741
corridor_0,13223,12.51497948,55.13999841,4.01394839
corridor_0,13224,12.64301979,55.26803872,4.141988704
corridor_0,13225,12.5801574,55.20517632,4.079126307
corridor_0,13226,11.92178261,54.54680154,3.420751521
corridor_0,13227,11.23224175,53.85726067,2.731210658
corridor_0,13228,10.53655541,53.16157433,2.035524318
corridor_0,13229,9.800105213,52.42512414,1.299074122
corridor_0,13230,9.040728687,51.66574761,0.539697597
corridor_0,13231,8.309584736,50.93460366,-0.191446355
corridor_0,13232,7.598651051,50.22366998,-0.90238004
corridor_0,13233,6.507121204,49.13214013,-1.993909886
corridor_0,13234,5.910193562,48.53521249,-2.590837529
corridor_0,13235,5.270999073,47.896018,-3.230032018
corridor_0,13236,4.613898396,47.23891732,-3.887132695
corridor_0,13237,4.061122059,46.68614098,-4.439909032
corridor_0,13238,3.434233784,46.05925271,-5.066797307
corridor_0,13239,2.804198383,45.42921731,-5.696832707
corridor_0,13240,2.044570088,44.66958901,-6.456461003
corridor_0,13241,1.743598103,44.36861703,-6.757432988
corridor_0,13242,2.187529682,44.81254861,-6.313501409
corridor_0,13243,1.571810841,44.19682977,-6.92922025
corridor_0,13244,0.50975716,43.13477608,-7.991273931
corridor_0,13245,1.434836506,44.05985543,-7.066194585
corridor_0,13246,2.137133717,44.76215264,-6.363897374
corridor_0,13247,2.811484455,45.43650338,-5.689546636
corridor_0,13248,3.450812458,46.07583138,-5.050218633
corridor_0,13249,4.652487873,47.2775068,-3.848543218
corridor_0,13250,5.417098164,48.04211709,-3.083932927
corridor_0,13251,6.150054096,48.77507302,-2.350976995
corridor_0,13252,6.685576557,49.31059548,-1.815454534
corridor_0,13253,7.197966694,49.82298562,-1.303064397
corridor_0,13254,7.735663532,50.36068246,-0.765367558
corridor_0,13255,8.198058247,50.82307717,-0.302972844
corridor_0,13256,8.663210987,51.28822991,0.162179896
corridor_0,13257,9.170561909,51.79558083,0.669530818
corridor_0,13258,9.668414234,52.29343316,1.167383143
corridor_0,13259,10.24116814,52.86618707,1.74013705
corridor_0,13260,10.78909981,53.41411874,2.288068721
corridor_0,13261,11.27476036,53.89977929,2.773729274
corridor_0,13262,11.94258416,54.56760308,3.441553065
corridor_0,13263,12.4382621,55.06328103,3.937231013
corridor_0,13264,12.84226143,55.46728036,4.341230342
corridor_0,13265,13.12073433,55.74575326,4.619703242
corridor_0,13266,13.29288399,55.91790292,4.791852901
corridor_0,13267,13.31725228,55.9422712,4.816221187
corridor_0,13268,13.28795159,55.91297051,4.786920497
corridor_0,13269,13.28055489,55.90557381,4.779523799
corridor_0,13270,13.28562462,55.91064355,4.784593532
corridor_0,13271,13.32900155,55.95402047,4.827970454
corridor_0,13272,13.35435402,55.97937295,4.853322932
corridor_0,13273,13.37181389,55.99683282,4.870782802
corridor_0,13274,13.37292015,55.99793908,4.871889064
corridor_0,13275,13.32310784,55.94812676,4.822076747
corridor_0,13276,13.25680077,55.88181969,4.755769679
corridor_0,13277,13.13600457,55.76102349,4.634973475
corridor_0,13278,12.9647094,55.58972832,4.463678309
corridor_0,13279,12.77401268,55.39903161,4.272981593
corridor_0,13280,12.45899498,55.08401391,3.957963893
corridor_0,13281,12.07760537,54.70262429,3.576574275
corridor_0,13282,11.59205162,54.21707055,3.091020534
corridor_0,13283,10.92011559,53.54513451,2.419084498
corridor_0,13284,10.03616249,52.66118142,1.535131404
corridor_0,13285,9.184100269,51.80911919,0.683069179
corridor_0,13286,8.332427143,50.95744607,-0.168603948
corridor_0,13287,7.524138569,50.14915749,-0.976892522
corridor_0,13288,6.659110188,49.28412911,-1.841920903
corridor_0,13289,5.867804646,48.49282357,-2.633226445
corridor_0,13290,5.05361092,47.67862984,-3.447420171
corridor_0,13291,4.327639698,46.95265862,-4.173391393
corridor_0,13292,3.471446156,46.09646508,-5.029584935
corridor_0,13293,2.757102131,45.38212106,-5.74392896
corridor_0,13294,1.835032581,44.46005151,-6.665998509
corridor_0,13295,1.059153675,43.6841726,-7.441877416
corridor_0,13296,0.112307667,42.73732659,-8.388723424
corridor_0,13297,-0.951138378,41.67388055,-9.452169469
corridor_0,13298,-2.19809425,40.42692467,-10.69912534
corridor_0,13299,-3.313671947,39.31134698,-11.81470304
corridor_0,13300,-5.129441143,37.49557778,-13.63047223
corridor_0,13301,-10.71385467,31.91116425,-19.21488576
corridor_0,13324,-8.98689735,33.63812157,-17.48792844
corridor_0,13325,-5.069908977,37.55510995,-13.57094007
corridor_0,13326,-3.252301098,39.37271783,-11.75333219
corridor_0,13327,-1.832074047,40.79294488,-10.33310514
corridor_0,13328,-0.666783214,41.95823571,-9.167814305
corridor_0,13329,0.376547932,43.00156686,-8.124483159
corridor_0,13330,1.152667164,43.77768609,-7.348363927
corridor_0,13331,2.038760304,44.66377923,-6.462270787
corridor_0,13332,2.866721272,45.4917402,-5.634309819
corridor_0,13333,3.597792744,46.22281167,-4.903238347
corridor_0,13334,4.404524921,47.02954385,-4.096506169
corridor_0,13335,5.268244862,47.89326379,-3.232786229
corridor_0,13336,6.073287129,48.69830605,-2.427743962
corridor_0,13337,6.934569477,49.5595884,-1.566461614
corridor_0,13338,7.781031727,50.40605065,-0.719999364
corridor_0,13339,8.650179981,51.27519891,0.14914889
corridor_0,13340,9.569258808,52.19427773,1.068227717
corridor_0,13341,10.49033654,53.11535546,1.989305446
corridor_0,13342,11.37034523,53.99536416,2.869314143
corridor_0,13343,12.12645638,54.7514753,3.625425288
corridor_0,13344,12.71594536,55.34096429,4.214914271
corridor_0,13345,13.07196724,55.69698617,4.570936152
corridor_0,13346,13.1932975,55.81831643,4.692266414
corridor_0,13347,13.24957192,55.87459084,4.748540828
corridor_0,13348,13.39478981,56.01980874,4.893758723
corridor_0,13349,13.43895638,56.0639753,4.937925288
corridor_0,13350,13.46662819,56.09164712,4.965597102
corridor_0,13351,13.40636361,56.03138253,4.905332515
corridor_0,13352,13.38285744,56.00787637,4.88182635
corridor_0,13353,13.34877312,55.97379205,4.84774203
corridor_0,13354,13.30641091,55.93142983,4.805379817
corridor_0,13355,13.37554467,56.00056359,4.874513576
corridor_0,13356,13.28086769,55.90588662,4.779836604
corridor_0,13357,13.30094445,55.92596337,4.799913356
corridor_0,13358,13.299945,55.92496392,4.798913905
corridor_0,13359,13.2220031,55.84702203,4.720972011
corridor_0,13360,12.91341317,55.53843209,4.412382075
corridor_0,13361,12.54411614,55.16913506,4.043085048
corridor_0,13362,12.08613503,54.71115395,3.585103938
corridor_0,13363,11.55851281,54.18353173,3.057481715
corridor_0,13364,10.88553536,53.51055428,2.384504268
corridor_0,13365,10.36479103,52.98980996,1.863759944
corridor_0,13366,9.833380817,52.45839974,1.332349727
corridor_0,13367,9.26272118,51.8877401,0.761690089
corridor_0,13368,8.751772999,51.37679192,0.250741908
corridor_0,13369,8.253314137,50.87833306,-0.247716954
corridor_0,13370,7.802008747,50.42702767,-0.699022344
corridor_0,13371,7.303492664,49.92851159,-1.197538426
corridor_0,13372,6.756915211,49.38193414,-1.74411588
corridor_0,13373,6.189173817,48.81419274,-2.311857274
corridor_0,13374,5.645949482,48.27096841,-2.855081609
corridor_0,13375,4.936518787,47.56153771,-3.564512303
corridor_0,13376,3.495741963,46.12076089,-5.005289128
corridor_0,13377,2.932471394,45.55749032,-5.568559697
corridor_0,13378,2.365267872,44.9902868,-6.135763219
corridor_0,13379,1.659911274,44.2849302,-6.841119817
corridor_0,13380,0.897616505,43.52263543,-7.603414586
corridor_0,13381,-0.103649975,42.52136895,-8.604681066
corridor_0,13382,0.718676685,43.34369561,-7.782354405
corridor_0,13383,0.151171803,42.77619073,-8.349859288
corridor_0,13384,0.68989098,43.3149099,-7.811140111
corridor_0,13385,1.803168415,44.42818734,-6.697862676
corridor_0,13386,2.469252705,45.09427163,-6.031778386
corridor_0,13387,3.120055317,45.74507424,-5.380975774
corridor_0,13388,3.743586659,46.36860558,-4.757444432
corridor_0,13389,4.382784962,47.00780389,-4.118246129
corridor_0,13390,4.982001423,47.60702035,-3.519029668
corridor_0,13391,5.683261036,48.30827996,-2.817770055
corridor_0,13392,6.417449116,49.04246804,-2.083581975
corridor_0,13393,7.364615559,49.98963448,-1.136415532
corridor_0,13394,8.103671192,50.72869012,-0.397359899
corridor_0,13395,8.816802143,51.44182107,0.315771052
corridor_0,13396,9.510211109,52.13523003,1.009180018
corridor_0,13397,10.16927636,52.79429528,1.668245265
corridor_0,13398,11.0613662,53.68638512,2.560335109
corridor_0,13399,11.78378975,54.40880868,3.282758662
corridor_0,13400,12.05525887,54.68027779,3.554227778
corridor_0,13401,12.48472512,55.10974404,3.983694026
corridor_0,13402,12.67119133,55.29621026,4.170160243
corridor_0,13403,12.49605477,55.12107369,3.995023677
corridor_0,13404,12.28787529,54.91289422,3.786844203
corridor_0,13405,12.12598336,54.75100228,3.624952266
corridor_0,13406,11.98571312,54.61073205,3.484682033
corridor_0,13407,11.97120201,54.59622094,3.470170924
corridor_0,13408,11.9953376,54.62035653,3.494306514
corridor_0,13409,12.08246148,54.7074804,3.581430385
corridor_0,13410,12.18192208,54.806941,3.680890986
corridor_0,13411,12.21932518,54.84434411,3.718294093
corridor_0,13412,12.15744316,54.78246209,3.656412074
corridor_0,13413,12.1104995,54.73551842,3.60946841
corridor_0,13414,11.91089165,54.53591058,3.40986056
corridor_0,13415,11.33147728,53.95649621,2.830446193
corridor_0,13416,10.66498864,53.29000756,2.163957545
corridor_0,13417,9.694502949,52.31952187,1.193471858
corridor_0,13418,8.857745289,51.48276421,0.356714198
corridor_0,13419,8.084872364,50.70989129,-0.416158727
corridor_0,13420,7.354949116,49.97996804,-1.146081975
corridor_0,13421,6.537894367,49.16291329,-1.963136724
corridor_0,13422,5.58788216,48.21290108,-2.913148931
corridor_0,13423,4.912787556,47.53780648,-3.588243535
corridor_0,13424,4.322409748,46.94742867,-4.178621343
corridor_0,13425,3.604453205,46.22947213,-4.896577886
corridor_0,13426,2.954352497,45.57937142,-5.546678594
corridor_0,13427,2.296511768,44.92153069,-6.204519322
corridor_0,13428,1.514895557,44.13991448,-6.986135533
corridor_0,13429,0.675204395,43.30022332,-7.825826695
corridor_0,13430,-0.238781811,42.38623711,-8.739812901
corridor_0,13431,-1.725109936,40.89990899,-10.22614103
corridor_0,13432,-6.267098308,36.35792062,-14.7681294
corridor_0,13449,-8.053563,34.57145592,-16.55459409
corridor_0,13450,-2.025006176,40.60001275,-10.52603727
corridor_0,13451,-0.663918377,41.96110055,-9.164949468
corridor_0,13452,0.463221668,43.08824059,-8.037809422
corridor_0,13453,1.318728565,43.94374749,-7.182302526
corridor_0,13454,2.011698841,44.63671777,-6.48933225
corridor_0,13455,2.684855579,45.3098745,-5.816175511
corridor_0,13456,3.431838154,46.05685708,-5.069192937
corridor_0,13457,4.106902241,46.73192117,-4.39412885
corridor_0,13458,4.770167469,47.39518639,-3.730863622
corridor_0,13459,5.456885456,48.08190438,-3.044145635
corridor_0,13460,6.305182575,48.9302015,-2.195848516
corridor_0,13461,7.124861836,49.74988076,-1.376169255
corridor_0,13462,7.916247486,50.54126641,-0.584783605
corridor_0,13463,8.740218281,51.36523721,0.23918719
corridor_0,13464,9.564601063,52.18961999,1.063569972
corridor_0,13465,10.50276482,53.12778374,2.001733729
corridor_0,13466,11.28129113,53.90631005,2.780260036
corridor_0,13467,11.7378341,54.36285302,3.236803004
corridor_0,13468,12.10137856,54.72639748,3.600347468
corridor_0,13469,12.20304024,54.82805917,3.702009151
corridor_0,13470,12.30415261,54.92917153,3.803121516
corridor_0,13471,12.26465142,54.88967034,3.763620326
corridor_0,13472,12.20204461,54.82706353,3.701013515
corridor_0,13473,12.1576606,54.78267953,3.656629512
corridor_0,13474,12.16329491,54.78831384,3.66226382
corridor_0,13475,12.20469582,54.82971474,3.703664729
corridor_0,13476,12.31122506,54.93624398,3.810193965
corridor_0,13477,12.45237267,55.07739159,3.951341578
corridor_0,13478,12.60913765,55.23415658,4.108106563
corridor_0,13479,12.71422493,55.33924386,4.213193843
corridor_0,13480,12.75006401,55.37508294,4.249032924
corridor_0,13481,12.24374688,54.8687658,3.742715785
corridor_0,13482,11.32509911,53.95011803,2.824068019
corridor_0,13483,10.72640526,53.35142419,2.225374171
corridor_0,13484,9.952700733,52.57771966,1.451669642
corridor_0,13485,9.135375141,51.76039407,0.63434405
corridor_0,13486,8.504122852,51.12914178,0.003091762
corridor_0,13487,7.84525597,50.47027489,-0.655775121
corridor_0,13488,7.094134449,49.71915337,-1.406896642
corridor_0,13489,6.266711353,48.89173028,-2.234319737
corridor_0,13490,5.412772297,48.03779122,-3.088258794
corridor_0,13491,4.785758137,47.41077706,-3.715272954
corridor_0,13492,4.128855824,46.75387475,-4.372175267
corridor_0,13493,3.436827778,46.0618467,-5.064203313
corridor_0,13494,2.77072823,45.39574715,-5.730302861
corridor_0,13495,2.104861378,44.7298803,-6.396169713
corridor_0,13496,1.29882729,43.92384621,-7.202203801
corridor_0,13497,0.094920277,42.7199392,-8.406110814
corridor_0,13498,-1.866272808,40.75874612,-10.3673039
corridor_0,13499,-0.286938549,42.33808038,-8.78796964
corridor_0,13500,-1.17641151,41.44860741,-9.677442601
corridor_0,13501,0.17269051,42.79770943,-8.328340581
corridor_0,13502,1.154749989,43.77976891,-7.346281102
corridor_0,13503,1.777739643,44.40275857,-6.723291448
corridor_0,13504,2.469267963,45.09428689,-6.031763127
corridor_0,13505,3.057181477,45.6822004,-5.443849614
corridor_0,13506,4.131743549,46.75676247,-4.369287541
corridor_0,13507,5.061251759,47.68627068,-3.439779332
corridor_0,13508,5.742110371,48.3671293,-2.75892072
corridor_0,13509,6.32496941,48.94998833,-2.176061681
corridor_0,13510,6.80015099,49.42516991,-1.700880101
corridor_0,13511,7.342223286,49.96724221,-1.158807805
corridor_0,13512,7.820380329,50.44539925,-0.680650762
corridor_0,13513,8.28508675,50.91010567,-0.215944341
corridor_0,13514,8.857947468,51.48296639,0.356916377
corridor_0,13515,9.398646473,52.0236654,0.897615382
corridor_0,13516,9.885604023,52.51062295,1.384572932
corridor_0,13517,10.51374352,53.13876244,2.012712428
corridor_0,13518,11.12505639,53.75007531,2.624025294
corridor_0,13519,11.6720382,54.29705712,3.171007106
corridor_0,13520,12.16439354,54.78941247,3.663362453
corridor_0,13521,12.61769783,55.24271676,4.116666743
corridor_0,13522,13.03010476,55.65512368,4.529073665
corridor_0,13523,13.24184334,55.86686227,4.740812251
corridor_0,13524,13.28174126,55.90676019,4.78071017
corridor_0,13525,13.25648796,55.88150689,4.755456874
corridor_0,13526,13.31843483,55.94345376,4.817403743
corridor_0,13527,13.44376671,56.06878564,4.942735621
corridor_0,13528,13.44910729,56.07412621,4.948076198
corridor_0,13529,13.59717476,56.22219369,5.096143672
corridor_0,13530,13.51843941,56.14345834,5.01740832
corridor_0,13531,13.50829232,56.13331124,5.007261226
corridor_0,13532,13.61967766,56.24469659,5.118646571
corridor_0,13533,13.49929726,56.12431618,4.99826617
corridor_0,13534,13.57549584,56.20051476,5.074464747
corridor_0,13535,13.61917031,56.24418923,5.118139216
corridor_0,13536,13.31037438,55.9353933,4.809343287
corridor_0,13537,13.017295,55.64231393,4.516263911
corridor_0,13538,12.49571144,55.12073037,3.994680354
corridor_0,13539,11.73763573,54.36265466,3.23660464
corridor_0,13540,10.8043853,53.42940423,2.303354213
corridor_0,13541,9.839423298,52.46444222,1.338392207
corridor_0,13542,8.916766285,51.54178521,0.415735194
corridor_0,13543,8.017497181,50.64251611,-0.48353391
corridor_0,13544,7.079280018,49.70429894,-1.421751073
corridor_0,13545,6.280959248,48.90597817,-2.220071843
corridor_0,13546,5.385214924,48.01023385,-3.115816167
corridor_0,13547,4.600585102,47.22560403,-3.900445989
corridor_0,13548,3.783217548,46.40823647,-4.717813542
corridor_0,13549,2.954337238,45.57935616,-5.546693852
corridor_0,13550,2.113703846,44.73872277,-6.387327245
corridor_0,13551,1.355086445,43.98010537,-7.145944646
corridor_0,13552,0.42690575,43.05192467,-8.07412534
corridor_0,13553,-0.604115368,42.02090356,-9.105146459
corridor_0,13554,-1.527901531,41.09711739,-10.02893262
corridor_0,13555,-2.841145397,39.78387353,-11.34217649
corridor_0,13556,-4.512474895,38.11254403,-13.01350599
corridor_0,13557,-8.96728027,33.65773865,-17.46831136
corridor_0,13580,-8.969208599,33.65581033,-17.47023969
corridor_0,13581,-4.505699993,38.11931893,-13.00673108
corridor_0,13582,-2.819031597,39.80598733,-11.32006269
corridor_0,13583,-1.496094585,41.12892434,-9.997125676
corridor_0,13584,-0.561035992,42.06398293,-9.062067082
corridor_0,13585,0.466948628,43.09196755,-8.034082463
corridor_0,13586,1.402415394,44.02743432,-7.098615697
corridor_0,13587,2.286421894,44.91144082,-6.214609197
corridor_0,13588,3.046313404,45.67133233,-5.454717687
corridor_0,13589,3.882762074,46.507781,-4.618269017
corridor_0,13590,4.700389027,47.32540795,-3.800642064
corridor_0,13591,5.528155445,48.15317437,-2.972875646
corridor_0,13592,6.326605915,48.95162484,-2.174425176
corridor_0,13593,7.240424275,49.8654432,-1.260606816
corridor_0,13594,8.152625202,50.77764413,-0.348405889
corridor_0,13595,9.025832295,51.65085122,0.524801204
corridor_0,13596,9.990294575,52.6153135,1.489263484
corridor_0,13597,11.00754464,53.63256356,2.506513545
corridor_0,13598,11.96229851,54.58731744,3.461267421
corridor_0,13599,12.72771752,55.35273644,4.226686427
corridor_0,13600,13.47927391,56.10429284,4.978242824
corridor_0,13601,13.5158149,56.14083382,5.014783809
corridor_0,13602,13.7500335,56.37505242,5.249002406
corridor_0,13603,13.92118752,56.54620644,5.420156428
corridor_0,13604,13.53707039,56.16208932,5.036039302
corridor_0,13605,13.49363243,56.11865136,4.992601344
corridor_0,13606,13.57484353,56.19986245,5.073812434
corridor_0,13607,13.59438622,56.21940514,5.093355128
corridor_0,13608,13.71391976,56.33893868,5.212888667
corridor_0,13609,13.63945687,56.26447579,5.138425776
corridor_0,13610,13.35922921,55.98424813,4.858198115
corridor_0,13611,13.24602044,55.87103936,4.744989345
corridor_0,13612,13.27480614,55.89982507,4.77377505
corridor_0,13613,13.19470513,55.81972405,4.693674037
corridor_0,13614,13.10603249,55.73105141,4.605001399
corridor_0,13615,12.78261101,55.40762994,4.281579921
corridor_0,13616,12.25034249,54.87536141,3.749311397
corridor_0,13617,11.74859536,54.37361428,3.247564265
corridor_0,13618,11.24541771,53.87043664,2.744386622
corridor_0,13619,10.69593728,53.3209562,2.194906184
corridor_0,13620,10.09789193,52.72291085,1.596860835
corridor_0,13621,9.469710468,52.09472939,0.968679378
corridor_0,13622,8.964770435,51.58978936,0.463739345
corridor_0,13623,8.464964985,51.08998391,-0.036066106
corridor_0,13624,7.87726128,50.5022802,-0.623769811
corridor_0,13625,7.413130879,50.0381498,-1.087900212
corridor_0,13626,6.906252979,49.5312719,-1.594778111
corridor_0,13627,6.339781879,48.9648008,-2.161249211
corridor_0,13628,5.782759785,48.40777871,-2.718271306
corridor_0,13629,5.208502888,47.83352181,-3.292528203
corridor_0,13630,4.342520832,46.96753976,-4.158510259
corridor_0,13631,3.162966847,45.78798577,-5.338064244
corridor_0,13632,2.70072472,45.32574364,-5.800306371
corridor_0,13633,1.999671101,44.62469003,-6.50135999
corridor_0,13634,1.261485218,43.88650414,-7.239545873
corridor_0,13635,0.458293079,43.083312,-8.042738011
corridor_0,13636,-0.638172985,41.98684594,-9.139204076
corridor_0,13637,-2.517285229,40.1077337,-11.01831632
corridor_0,13638,-4.633728863,37.99129006,-13.13475995
corridor_0,13639,-1.933548809,40.69147012,-10.4345799
corridor_0,13640,-0.758225323,41.8667936,-9.259256413
corridor_0,13641,0.753863453,43.37888238,-7.747167638
corridor_0,13642,1.606715321,44.23173425,-6.89431577
corridor_0,13643,2.397013783,45.02203271,-6.104017308
corridor_0,13644,3.171309589,45.79632851,-5.329721501
corridor_0,13645,3.799605488,46.42462441,-4.701425603
corridor_0,13646,4.461699604,47.08671853,-4.039331487
corridor_0,13647,5.116442799,47.74146172,-3.384588292
corridor_0,13648,6.039744495,48.66476342,-2.461286595
corridor_0,13649,6.814868092,49.43988702,-1.686162999
corridor_0,13650,7.433306812,50.05832574,-1.067724278
corridor_0,13651,8.127123951,50.75214288,-0.37390714
corridor_0,13652,8.824961781,51.44998071,0.32393069
corridor_0,13653,9.688716053,52.31373498,1.187684962
corridor_0,13654,10.55520546,53.18022439,2.054174373
corridor_0,13655,11.38926232,54.01428124,2.888231227
corridor_0,13656,12.33467019,54.95968911,3.833639094
corridor_0,13657,12.84500801,55.47002694,4.343976924
corridor_0,13658,13.05128777,55.67630669,4.550256679
corridor_0,13659,12.95170891,55.57672784,4.450677821
corridor_0,13660,12.6384536,55.26347253,4.137422511
corridor_0,13661,12.51306069,55.13807961,4.012029597
corridor_0,13662,12.40120232,55.02622124,3.900171229
corridor_0,13663,12.34340203,54.96842095,3.842370936
corridor_0,13664,12.30239785,54.92741677,3.801366755
corridor_0,13665,12.33678734,54.96180627,3.835756251
corridor_0,13666,12.36772072,54.99273965,3.866689631
corridor_0,13667,12.34516823,54.97018716,3.844137141
corridor_0,13668,12.22221291,54.84723183,3.721181819
corridor_0,13669,12.08372795,54.70874688,3.582696864
corridor_0,13670,11.75060189,54.37562081,3.249570796
corridor_0,13671,11.11152947,53.73654839,2.610498378
corridor_0,13672,10.24071419,52.86573312,1.739683101
corridor_0,13673,9.236907124,51.86192605,0.735876033
corridor_0,13674,8.508853077,51.133872,0.007821986
corridor_0,13675,7.730605244,50.35562417,-0.770425847
corridor_0,13676,6.927622913,49.55264184,-1.573408177
corridor_0,13677,6.089316486,48.71433541,-2.411714604
corridor_0,13678,5.220309376,47.8453283,-3.280721715
corridor_0,13679,4.561461567,47.18648049,-3.939569524
corridor_0,13680,3.915278553,46.54029748,-4.585752538
corridor_0,13681,3.248873829,45.87389275,-5.252157262
corridor_0,13682,2.588950275,45.2139692,-5.912080815
corridor_0,13683,1.812598347,44.43761727,-6.688432744
corridor_0,13684,1.114993214,43.74001214,-7.386037877
corridor_0,13685,0.238597035,42.86361596,-8.262434056
corridor_0,13686,-0.927769543,41.69724938,-9.428800633
corridor_0,13687,-2.343144298,40.28187463,-10.84417539
corridor_0,13706,-3.019020916,39.60599801,-11.52005201
corridor_0,13707,-1.210446239,41.41457269,-9.71147733
corridor_0,13708,0.000144123,42.62516305,-8.500886968
corridor_0,13709,0.752921223,43.37794015,-7.748109868
corridor_0,13710,1.601088642,44.22610757,-6.899942449
corridor_0,13711,2.388869404,45.01388833,-6.112161687
corridor_0,13712,3.047839283,45.67285821,-5.453191808
corridor_0,13713,3.703925251,46.32894418,-4.79710584
corridor_0,13714,4.295600056,46.92061898,-4.205431035
corridor_0,13715,5.022837757,47.64785668,-3.478193334
corridor_0,13716,5.826975941,48.45199487,-2.67405515
corridor_0,13717,6.642439961,49.26745889,-1.85859113
corridor_0,13718,7.381480335,50.00649926,-1.119550756
corridor_0,13719,8.162226795,50.78724572,-0.338804296
corridor_0,13720,9.001967548,51.62698647,0.500936458
corridor_0,13721,9.832850575,52.4578695,1.331819484
corridor_0,13722,10.6843673,53.30938622,2.183336207
corridor_0,13723,11.60612404,54.23114297,3.105092952
corridor_0,13724,11.98830712,54.61332604,3.487276027
corridor_0,13725,12.19108498,54.8161039,3.690053889
corridor_0,13726,12.36609948,54.9911184,3.865068385
corridor_0,13727,12.42726052,55.05227944,3.926229426
corridor_0,13728,12.42597496,55.05099389,3.924943873
corridor_0,13729,12.43250573,55.05752465,3.931474635
corridor_0,13730,12.45808327,55.0831022,3.95705218
corridor_0,13731,12.50433648,55.1293554,4.003305385
corridor_0,13732,12.60685265,55.23187157,4.105821559
corridor_0,13733,12.76026833,55.38528725,4.259237239
corridor_0,13734,13.17887413,55.80389306,4.677843043
corridor_0,13735,13.16339791,55.78841683,4.662366817
corridor_0,13736,13.029441,55.65445992,4.528409907
corridor_0,13737,12.41844857,55.04346749,3.917417476
corridor_0,13738,11.39052117,54.01554009,2.889490077
corridor_0,13739,10.40441811,53.02943703,1.903387019
corridor_0,13740,9.587233662,52.21225259,1.086202571
corridor_0,13741,8.577376484,51.20239541,0.076345393
corridor_0,13742,7.785803913,50.41082284,-0.715227178
corridor_0,13743,7.078101276,49.7031202,-1.422929814
corridor_0,13744,6.391482472,49.0165014,-2.109548619
corridor_0,13745,5.658103108,48.28312203,-2.842927983
corridor_0,13746,4.811129688,47.43614861,-3.689901402
corridor_0,13747,4.100268482,46.72528741,-4.400762609
corridor_0,13748,3.442813038,46.06783196,-5.058218053
corridor_0,13749,2.792170643,45.41718957,-5.708860448
corridor_0,13750,2.037383198,44.66240212,-6.463647893
corridor_0,13751,1.212874531,43.83789346,-7.28815656
corridor_0,13752,-0.017510296,42.60750863,-8.518541387
corridor_0,13753,-1.073666454,41.55135247,-9.574697545
corridor_0,13754,-2.609726787,40.01529214,-11.11075788
corridor_0,13755,-5.238293529,37.3867254,-13.73932462
corridor_0,13756,-6.045998455,36.57902047,-14.54702955
corridor_0,13757,-1.830628277,40.79439065,-10.33165937
corridor_0,13758,-0.326043011,42.29897591,-8.827074101
corridor_0,13759,0.713194965,43.33821389,-7.787836125
corridor_0,13760,1.502703785,44.12772271,-6.998327306
corridor_0,13761,2.2238456,44.84886452,-6.277185491
corridor_0,13762,2.685889362,45.31090829,-5.815141728
corridor_0,13763,3.343268513,45.96828744,-5.157762578
corridor_0,13764,4.684680103,47.30969903,-3.816350987
corridor_0,13765,5.333254932,47.95827386,-3.167776158
corridor_0,13766,5.948302387,48.57332131,-2.552728704
corridor_0,13767,6.454489826,49.07950875,-2.046541265
corridor_0,13768,6.990416645,49.61543557,-1.510614446
corridor_0,13769,7.477263569,50.10228249,-1.023767522
corridor_0,13770,8.02361977,50.64863869,-0.477411321
corridor_0,13771,8.538825153,51.16384408,0.037794063
corridor_0,13772,9.045535206,51.67055413,0.544504115
corridor_0,13773,9.64924538,52.27426431,1.14821429
corridor_0,13774,10.25050652,52.87552544,1.749475429
corridor_0,13775,10.79143059,53.41644952,2.290399501
corridor_0,13776,11.30004036,53.92505929,2.799009273
corridor_0,13777,11.8094703,54.43448922,3.308439204
corridor_0,13778,12.43017876,55.05519769,3.92914767
corridor_0,13779,12.82858956,55.45360848,4.327558467
corridor_0,13780,13.09622872,55.72124764,4.595197627
corridor_0,13781,13.25695336,55.88197228,4.755922267
corridor_0,13782,13.21295082,55.83796975,4.711919734
corridor_0,13783,13.34960091,55.97461983,4.848569819
corridor_0,13784,13.5724746,56.19749352,5.071443507
corridor_0,13785,13.62291253,56.24793145,5.121881434
corridor_0,13786,13.76642525,56.39144418,5.26539416
corridor_0,13787,13.68448555,56.30950448,5.183454463
corridor_0,13788,13.51218331,56.13720223,5.011152217
corridor_0,13789,13.62833702,56.25335595,5.127305934
corridor_0,13790,13.79844582,56.42346474,5.297414729
corridor_0,13791,13.90417015,56.52918908,5.403139064
corridor_0,13792,13.828601,56.45361993,5.327569911
corridor_0,13793,13.84541619,56.47043511,5.344385097
corridor_0,13794,12.78191292,55.40693185,4.280881831
corridor_0,13795,12.00011742,54.62513634,3.499086329
corridor_0,13796,11.07874978,53.7037687,2.577718684
corridor_0,13797,10.08172142,52.70674035,1.580690333
corridor_0,13798,9.129466175,51.7544851,0.628435084
corridor_0,13799,8.151694416,50.77671334,-0.349336675
corridor_0,13800,7.274520039,49.89953896,-1.226511052
corridor_0,13801,6.403605579,49.0286245,-2.097425511
corridor_0,13802,5.604296803,48.22931573,-2.896734288
corridor_0,13803,4.703219532,47.32823846,-3.797811559
corridor_0,13804,3.948996662,46.57401559,-4.552034429
corridor_0,13805,3.098891377,45.7239103,-5.402139714
corridor_0,13806,2.32793343,44.95295235,-6.173097661
corridor_0,13807,1.321383595,43.94640252,-7.179647496
corridor_0,13808,0.498309254,43.12332818,-8.002721837
corridor_0,13809,-0.356846691,42.26817223,-8.857877782
corridor_0,13810,-1.249298931,41.37571999,-9.750330022
corridor_0,13811,-2.507676006,40.11734292,-11.0087071
corridor_0,13812,-4.0560807,38.56893822,-12.55711179
corridor_0,13813,-9.006049038,33.61896989,-17.50708013
corridor_0,13836,-9.036114574,33.58890435,-17.53714567
corridor_0,13837,-4.521580578,38.10343835,-13.02261167
corridor_0,13838,-2.82756889,39.79745003,-11.32859998
corridor_0,13839,-1.246422649,41.37859628,-9.74745374
corridor_0,13840,-0.336823345,42.28819558,-8.837854436
corridor_0,13841,0.510157703,43.13517663,-7.990873387
corridor_0,13842,1.461001515,44.08602044,-7.040029576
corridor_0,13843,2.236807942,44.86182687,-6.264223149
corridor_0,13844,3.104350208,45.72936913,-5.396680882
corridor_0,13845,3.965350269,46.59036919,-4.535680821
corridor_0,13846,4.741843342,47.36686227,-3.759187749
corridor_0,13847,5.582526325,48.20754525,-2.918504766
corridor_0,13848,6.376639484,49.00165841,-2.124391606
corridor_0,13849,7.27632439,49.90134332,-1.2247067
corridor_0,13850,8.180136799,50.80515572,-0.320894292
corridor_0,13851,9.080500721,51.70551965,0.57946963
corridor_0,13852,10.03043282,52.65545174,1.529401729
corridor_0,13853,10.99122918,53.6162481,2.490198085
corridor_0,13854,11.91902077,54.5440397,3.41798968
corridor_0,13855,12.70218575,55.32720467,4.201154658
corridor_0,13856,13.51163781,56.13665673,5.010606715
corridor_0,13857,14.15839302,56.78341195,5.657361934
corridor_0,13858,14.01390755,56.63892648,5.51287646
corridor_0,13859,14.16870415,56.79372308,5.66767306
corridor_0,13860,13.95598137,56.5810003,5.454950282
corridor_0,13861,13.93115532,56.55617425,5.430124232
corridor_0,13862,13.67973626,56.30475518,5.178705165
corridor_0,13863,13.60983574,56.23485467,5.108804652
corridor_0,13864,13.40239251,56.02741143,4.901361415
corridor_0,13865,13.21928704,55.84430596,4.718255946
corridor_0,13866,13.19142449,55.81644341,4.690393397
corridor_0,13867,13.28330147,55.9083204,4.782270381
corridor_0,13868,13.24309838,55.8681173,4.742067286
corridor_0,13869,12.93126213,55.55628106,4.430231044
corridor_0,13870,12.45872414,55.08374306,3.957693049
corridor_0,13871,11.95810997,54.5831289,3.457078883
corridor_0,13872,11.3705436,53.99556252,2.869512507
corridor_0,13873,10.83313668,53.4581556,2.332105586
corridor_0,13874,10.3379432,52.96296212,1.836912105
corridor_0,13875,9.799628376,52.4246473,1.298597285
corridor_0,13876,9.216464161,51.84148309,0.71543307
corridor_0,13877,8.614970326,51.23998925,0.113939235
corridor_0,13878,8.123126148,50.74814507,-0.377904943
corridor_0,13879,7.601504444,50.22652337,-0.899526647
corridor_0,13880,7.077262043,49.70228097,-1.423769048
corridor_0,13881,6.525092243,49.15011117,-1.975938848
corridor_0,13882,5.972682118,48.59770104,-2.528348973
corridor_0,13883,5.396247028,48.02126595,-3.104784062
corridor_0,13884,4.692580341,47.31759927,-3.808450749
corridor_0,13885,3.649771809,46.27479073,-4.851259282
corridor_0,13886,2.8673774,45.49239632,-5.633653691
corridor_0,13887,2.212580799,44.83759972,-6.288450292
corridor_0,13888,1.719596027,44.34461495,-6.781435063
corridor_0,13889,0.970328449,43.59534737,-7.530702641
corridor_0,13890,-0.039639355,42.58537957,-8.540670445
corridor_0,13891,-1.467850567,41.15716836,-9.968881658
corridor_0,13892,-4.213734508,38.41128442,-12.7147656
corridor_0,13894,-5.950720669,36.67429826,-14.45175176
corridor_0,13895,-3.038666607,39.58635232,-11.5396977
corridor_0,13896,-1.41728294,41.20773598,-9.918314031
corridor_0,13897,-0.529133678,42.09588525,-9.030164769
corridor_0,13898,0.465949177,43.0909681,-8.035081914
corridor_0,13899,1.63544762,44.26046654,-6.86558347
corridor_0,13900,2.433821796,45.05884072,-6.067209294
corridor_0,13901,3.079482197,45.70450112,-5.421548894
corridor_0,13902,3.724471211,46.34949014,-4.77655988
corridor_0,13903,4.392588734,47.01760766,-4.108442357
corridor_0,13904,5.269217609,47.89423653,-3.231813481
corridor_0,13905,6.023421406,48.64844033,-2.477609685
corridor_0,13906,6.726294636,49.35131356,-1.774736455
corridor_0,13907,7.51776421,50.14278313,-0.983266881
corridor_0,13908,8.226542591,50.85156152,-0.2744885
corridor_0,13909,9.263827442,51.88884637,0.762796351
corridor_0,13910,10.20904839,52.83406731,1.708017299
corridor_0,13911,11.13877785,53.76379678,2.63774676
corridor_0,13912,12.08880532,54.71382424,3.587774226
corridor_0,13913,12.47899926,55.10401818,3.977968165
corridor_0,13914,12.56514275,55.19016167,4.064111659
corridor_0,13915,12.49291527,55.1179342,3.991884181
corridor_0,13916,12.44732582,55.07234475,3.946294734
corridor_0,13917,12.46498024,55.08999917,3.963949153
corridor_0,13918,12.48383629,55.10885522,3.982805202
corridor_0,13919,12.46648705,55.09150597,3.965455958
corridor_0,13920,12.46024239,55.08526131,3.959211299
corridor_0,13921,12.45360482,55.07862374,3.952573726
corridor_0,13922,12.40503609,55.03005502,3.904005
corridor_0,13923,12.34148323,54.96650216,3.840452144
corridor_0,13924,12.34459221,54.96961114,3.843561122
corridor_0,13925,11.97795021,54.60296914,3.476919124
corridor_0,13926,11.15566552,53.78068444,2.654634425
corridor_0,13927,10.18853676,52.81355569,1.687505671
corridor_0,13928,9.421225666,52.04624459,0.920194575
corridor_0,13929,8.628150105,51.25316903,0.127119014
corridor_0,13930,7.862067341,50.48708627,-0.63896375
corridor_0,13931,7.0638839,49.68890282,-1.437147191
corridor_0,13932,6.334391712,48.95941064,-2.166639379
corridor_0,13933,5.509684681,48.13470361,-2.99134641
corridor_0,13934,4.801184773,47.4262037,-3.699846318
corridor_0,13935,4.073298573,46.6983175,-4.427732518
corridor_0,13936,3.412512898,46.03753182,-5.088518193
corridor_0,13937,2.835337757,45.46035668,-5.665693334
corridor_0,13938,2.165736317,44.79075524,-6.335294774
corridor_0,13939,1.243342518,43.86836144,-7.257688573
corridor_0,13940,0.507487415,43.13250634,-7.993543675
corridor_0,13941,-0.44317329,42.18184563,-8.944204381
corridor_0,13942,-1.509640575,41.11537835,-10.01067167
corridor_0,13943,-3.425991894,39.19902703,-11.92702298
corridor_0,13962,-3.876503826,38.7485151,-12.37753492
corridor_0,13963,-1.835400463,40.78961846,-10.33643155
corridor_0,13964,-0.730717541,41.89430138,-9.231748631
corridor_0,13965,0.240443348,42.86546227,-8.260587743
corridor_0,13966,0.983954548,43.60897347,-7.517076543
corridor_0,13967,1.819720387,44.44473931,-6.681310704
corridor_0,13968,2.501299976,45.1263189,-5.999731114
corridor_0,13969,3.168421864,45.79344079,-5.332609227
corridor_0,13970,3.832419514,46.45743844,-4.668611577
corridor_0,13971,4.55379784,47.17881676,-3.947233251
corridor_0,13972,5.207507252,47.83252618,-3.293523839
corridor_0,13973,6.023787617,48.64880654,-2.477243474
corridor_0,13974,6.739512562,49.36453149,-1.761518529
corridor_0,13975,7.470271229,50.09529015,-1.030759862
corridor_0,13976,8.269137501,50.89415643,-0.23189359
corridor_0,13977,8.977347492,51.60236642,0.476316401
corridor_0,13978,9.759024738,52.38404366,1.257993648
corridor_0,13979,10.55748665,53.18250558,2.056455562
corridor_0,13980,11.45080483,54.07582375,2.949773738
corridor_0,13981,12.32372582,54.94874474,3.822694728
corridor_0,13982,12.22315133,54.84817025,3.722120234
corridor_0,13983,12.20669854,54.83171746,3.705667445
corridor_0,13984,12.23870003,54.86371896,3.737668941
corridor_0,13985,12.22194207,54.84696099,3.720910975
corridor_0,13986,12.21353447,54.8385534,3.712503383
corridor_0,13987,12.17891991,54.80393884,3.67788882
corridor_0,13988,12.17766488,54.8026838,3.676633784
corridor_0,13989,12.19556725,54.82058617,3.694536159
corridor_0,13990,12.09354317,54.7185621,3.59251208
corridor_0,13991,11.88802254,54.51304147,3.38699145
corridor_0,13992,11.40627587,54.03129479,2.905244777
corridor_0,13993,10.97294533,53.59796426,2.471914241
corridor_0,13994,10.36181176,52.98683068,1.860780665
corridor_0,13995,9.654292225,52.27931115,1.153261134
corridor_0,13996,8.786128162,51.41114709,0.285097072
corridor_0,13997,7.868044972,50.4930639,-0.632986119
corridor_0,13998,7.189276814,49.81429574,-1.311754277
corridor_0,13999,6.42539513,49.05041405,-2.075635961
corridor_0,14000,5.633280872,48.2582998,-2.867750218
corridor_0,14001,4.86983025,47.49484917,-3.631200841
corridor_0,14002,3.982012867,46.60703179,-4.519018224
corridor_0,14003,3.34336388,45.9683828,-5.157667211
corridor_0,14004,2.686614155,45.31163308,-5.814416936
corridor_0,14005,2.015551685,44.64057061,-6.485479405
corridor_0,14006,1.060942768,43.68596169,-7.440088323
corridor_0,14007,0.154803394,42.77982232,-8.346227696
corridor_0,14008,-0.868660808,41.75635812,-9.369691899
corridor_0,14009,-2.064335705,40.56068322,-10.5653668
corridor_0,14010,-3.515202404,39.10981652,-12.01623349
corridor_0,14011,-7.735636593,34.88938233,-16.23666768
corridor_0,14014,-2.909821392,39.71519753,-11.41085248
corridor_0,14015,-0.901524425,41.7234945,-9.402555516
corridor_0,14016,0.401255726,43.02627465,-8.099775365
corridor_0,14017,1.19914925,43.82416817,-7.301881841
corridor_0,14018,1.815806507,44.44082543,-6.685224584
corridor_0,14019,2.387507557,45.01252648,-6.113523534
corridor_0,14020,2.843009113,45.46802804,-5.658021977
corridor_0,14021,4.090235828,46.71525475,-4.410795262
corridor_0,14022,4.816714405,47.44173333,-3.684316686
corridor_0,14023,5.448229908,48.07324883,-3.052801183
corridor_0,14024,6.043898701,48.66891763,-2.45713239
corridor_0,14025,6.660929798,49.28594872,-1.840101293
corridor_0,14026,7.167155384,49.79217431,-1.333875707
corridor_0,14027,7.652983784,50.27800271,-0.848047307
corridor_0,14028,8.139998554,50.76501748,-0.361032537
corridor_0,14029,8.752005695,51.37702462,0.250974605
corridor_0,14030,9.313395619,51.93841454,0.812364528
corridor_0,14031,9.832491993,52.45751092,1.331460902
corridor_0,14032,10.32413018,52.9491491,1.823099086
corridor_0,14033,10.85763466,53.48265359,2.356603572
corridor_0,14034,11.47048485,54.09550378,2.969453761
corridor_0,14035,12.00566399,54.63068291,3.504632899
corridor_0,14036,12.6715194,55.29653832,4.170488307
corridor_0,14037,13.0286895,55.65370843,4.527658412
corridor_0,14038,13.17480004,55.79981896,4.673768947
corridor_0,14039,13.31112206,55.93614098,4.810090968
corridor_0,14040,13.40354073,56.02855965,4.902509639
corridor_0,14041,13.26447594,55.88949487,4.76344485
corridor_0,14042,13.34936058,55.97437951,4.848329494
corridor_0,14043,13.52183068,56.1468496,5.020799586
corridor_0,14044,13.84372628,56.4687452,5.342695186
corridor_0,14045,14.16768563,56.79270455,5.666654536
corridor_0,14046,14.28592598,56.91094491,5.784894893
corridor_0,14047,14.27968514,56.90470406,5.778654048
corridor_0,14048,13.92845833,56.55347726,5.427427241
corridor_0,14049,13.33206856,55.95708749,4.831037471
corridor_0,14050,12.56507027,55.1900892,4.06403918
corridor_0,14051,11.73013222,54.35515115,3.22910113
corridor_0,14052,10.79585946,53.42087838,2.294828364
corridor_0,14053,9.907218098,52.53223702,1.406187007
corridor_0,14054,8.940283894,51.56530282,0.439252803
corridor_0,14055,8.04107201,50.66609093,-0.459959081
corridor_0,14056,7.223353504,49.84837243,-1.277677587
corridor_0,14057,6.348147511,48.97316644,-2.15288358
corridor_0,14058,5.5388633,48.16388222,-2.96216779
corridor_0,14059,4.719645619,47.34466454,-3.781385472
corridor_0,14060,3.861941456,46.48696038,-4.639089635
corridor_0,14061,2.995555042,45.62057397,-5.505476048
corridor_0,14062,2.21944344,44.84446236,-6.281587651
corridor_0,14063,1.437277912,44.06229684,-7.063753179
corridor_0,14064,0.653105854,43.27812478,-7.847925237
corridor_0,14065,-0.352162243,42.27285668,-8.853193334
corridor_0,14066,-1.500740887,41.12427804,-10.00177198
corridor_0,14067,-2.520825268,40.10419366,-11.02185636
corridor_0,14068,-4.544121624,38.0808973,-13.04515271
corridor_0,14069,-9.082051159,33.54296777,-17.58308225
corridor_0,14093,-4.60012138,38.02489754,-13.10115247
corridor_0,14094,-2.565064312,40.05995461,-11.0660954
corridor_0,14095,-1.53049934,41.09451958,-10.03153043
corridor_0,14096,-0.587342144,42.03767678,-9.088373235
corridor_0,14097,0.458125233,43.08314416,-8.042905858
corridor_0,14098,1.259665608,43.88468453,-7.241365483
corridor_0,14099,2.174204945,44.79922387,-6.326826146
corridor_0,14100,2.948866963,45.57388589,-5.552164128
corridor_0,14101,3.799506306,46.42452523,-4.701524785
corridor_0,14102,4.569953083,47.19497201,-3.931078008
corridor_0,14103,5.398673176,48.0236921,-3.102357915
corridor_0,14104,6.1771003,48.80211922,-2.323930791
corridor_0,14105,6.965663075,49.590682,-1.535368016
corridor_0,14106,7.854937672,50.4799566,-0.646093419
corridor_0,14107,8.755267262,51.38028619,0.254236171
corridor_0,14108,9.634585499,52.25960442,1.133554408
corridor_0,14109,10.60927498,53.23429391,2.108243892
corridor_0,14110,11.46016991,54.08518884,2.95913882
corridor_0,14111,12.39289009,55.01790902,3.891859004
corridor_0,14112,13.19180977,55.8168287,4.690778682
corridor_0,14113,13.81955254,56.44457146,5.318521449
corridor_0,14114,14.13748085,56.76249978,5.636449763
corridor_0,14115,14.00828087,56.6332998,5.507249782
corridor_0,14116,13.84993279,56.47495171,5.348901698
corridor_0,14117,13.50082314,56.12584206,4.999792048
corridor_0,14118,13.35951531,55.98453423,4.858484218
corridor_0,14119,13.20255196,55.82757088,4.701520869
corridor_0,14120,13.51415932,56.13917825,5.01312823
corridor_0,14121,13.44762337,56.0726423,4.94659228
corridor_0,14122,13.22764122,55.85266015,4.726610133
corridor_0,14123,12.9469825,55.57200143,4.445951411
corridor_0,14124,12.51320565,55.13822457,4.012174556
corridor_0,14125,12.19894707,54.823966,3.69791598
corridor_0,14126,11.45136177,54.0763807,2.950330684
corridor_0,14127,10.85023796,53.47525689,2.349206874
corridor_0,14128,10.34564507,52.97066399,1.844613978
corridor_0,14129,9.832995533,52.45801446,1.331964442
corridor_0,14130,9.338427662,51.96344659,0.837396571
corridor_0,14131,8.84480965,51.46982858,0.34377856
corridor_0,14132,8.285884022,50.91090295,-0.215147069
corridor_0,14133,7.664095997,50.28911492,-0.836935094
corridor_0,14134,7.134398579,49.7594175,-1.366632512
corridor_0,14135,6.613043903,49.23806283,-1.887987187
corridor_0,14136,6.158816456,48.78383538,-2.342214635
corridor_0,14137,5.556857227,48.18187615,-2.944173863
corridor_0,14138,4.825228809,47.45024773,-3.675802281
corridor_0,14139,4.131098866,46.75611779,-4.369932225
corridor_0,14140,3.024562,45.64958092,-5.47646909
corridor_0,14141,2.476859211,45.10187814,-6.02417188
corridor_0,14142,1.893969654,44.51898858,-6.607061437
corridor_0,14143,1.294676899,43.91969582,-7.206354192
corridor_0,14144,0.656211018,43.28122994,-7.844820073
corridor_0,14145,-0.58625877,42.03876015,-9.087289861
corridor_0,14146,-2.170967937,40.45405099,-10.67199903
corridor_0,14147,-10.86478889,31.76023003,-19.36581998
corridor_0,14150,-9.035046459,33.58997247,-17.53607755
corridor_0,14151,-4.516491772,38.10852715,-13.01752286
corridor_0,14152,-2.497025371,40.12799355,-10.99805646
corridor_0,14153,-1.245106579,41.37991235,-9.74613767
corridor_0,14154,-0.369789959,42.25522897,-8.87082105
corridor_0,14155,0.601004719,43.22602364,-7.900026372
corridor_0,14156,1.482215046,44.10723397,-7.018816045
corridor_0,14157,2.283362507,44.90838143,-6.217668584
corridor_0,14158,2.928717732,45.55373666,-5.572313359
corridor_0,14159,3.57736504,46.20238396,-4.923666051
corridor_0,14160,4.421534657,47.04655358,-4.079496434
corridor_0,14161,5.307608723,47.93262765,-3.193422368
corridor_0,14162,6.040667652,48.66568658,-2.460363439
corridor_0,14163,6.759696125,49.38471505,-1.741334966
corridor_0,14164,7.512736439,50.13775536,-0.988294652
corridor_0,14165,8.294947743,50.91996667,-0.206083348
corridor_0,14166,8.927367329,51.55238625,0.426336238
corridor_0,14167,9.484469532,52.10948846,0.983438441
corridor_0,14168,10.03962624,52.66464516,1.538595149
corridor_0,14169,10.52498925,53.15000817,2.023958156
corridor_0,14170,11.04050743,53.66552636,2.539476344
corridor_0,14171,11.44852745,54.07354638,2.947496364
corridor_0,14172,11.72391426,54.34893319,3.222883174
corridor_0,14173,11.70855629,54.33357522,3.207525203
corridor_0,14174,11.71428597,54.33930489,3.213254878
corridor_0,14175,11.72354805,54.34856698,3.222516963
corridor_0,14176,11.77599251,54.40101144,3.274961421
corridor_0,14177,11.76838982,54.39340874,3.267358729
corridor_0,14178,11.80360329,54.42862222,3.3025722
corridor_0,14179,11.98610604,54.61112496,3.485074946
corridor_0,14180,11.59095681,54.21597573,3.089925715
corridor_0,14181,10.73768914,53.36270806,2.236658046
corridor_0,14182,9.982398151,52.60741708,1.481367061
corridor_0,14183,9.231047749,51.85606667,0.730016658
corridor_0,14184,8.509558796,51.13457772,0.008527705
corridor_0,14185,7.753806233,50.37882516,-0.747224858
corridor_0,14186,7.04194939,49.66696832,-1.4590817
corridor_0,14187,6.400321125,49.02534005,-2.100709966
corridor_0,14188,5.642081379,48.2671003,-2.858949712
corridor_0,14189,4.881003498,47.50602242,-3.620027593
corridor_0,14190,4.152678608,46.77769753,-4.348352483
corridor_0,14191,3.566161274,46.1911802,-4.934869817
corridor_0,14192,2.909804463,45.53482339,-5.591226628
corridor_0,14193,2.239173054,44.86419198,-6.261858037
corridor_0,14194,1.553782581,44.17880151,-6.947248509
corridor_0,14195,0.70973122,43.33475014,-7.79129987
corridor_0,14196,-0.21812904,42.40688988,-8.719160131
corridor_0,14197,-1.26468742,41.3603315,-9.765718511
corridor_0,14198,-2.469895245,40.15512368,-10.97092634
corridor_0,14199,-4.855450512,37.76956841,-13.3564816
corridor_0,14218,-6.127842785,36.49717614,-14.62887388
corridor_0,14219,-2.859917522,39.7651014,-11.36094861
corridor_0,14220,-1.617607952,41.00741097,-10.11863904
corridor_0,14221,-0.540509106,42.08450982,-9.041540196
corridor_0,14222,0.254584431,42.87960336,-8.24644666
corridor_0,14223,1.142840504,43.76785943,-7.358190587
corridor_0,14224,1.955138325,44.58015725,-6.545892766
corridor_0,14225,2.620291828,45.24531075,-5.880739263
corridor_0,14226,3.193678974,45.8186979,-5.307352117
corridor_0,14227,3.850119709,46.47513863,-4.650911382
corridor_0,14228,4.505866169,47.13088509,-3.995164922
corridor_0,14229,5.269610523,47.89462945,-3.231420568
corridor_0,14230,5.973837971,48.5988569,-2.52719312
corridor_0,14231,6.633643269,49.25866219,-1.867387822
corridor_0,14232,7.313254475,49.9382734,-1.187776616
corridor_0,14233,7.959307789,50.58432671,-0.541723302
corridor_0,14234,8.653189777,51.2782087,0.152158687
corridor_0,14235,9.373438953,51.99845788,0.872407863
corridor_0,14236,10.112445,52.73746392,1.611413905
corridor_0,14237,10.87659371,53.50161263,2.375562617
corridor_0,14238,11.21607506,53.84109399,2.715043971
corridor_0,14239,11.15375435,53.77877328,2.652723262
corridor_0,14240,11.13486397,53.7598829,2.633832881
corridor_0,14241,11.13783562,53.76285455,2.63680453
corridor_0,14242,11.08558953,53.71060845,2.584558436
corridor_0,14243,10.99996865,53.62498757,2.498937556
corridor_0,14244,11.08795082,53.71296975,2.586919734
corridor_0,14245,11.06380379,53.68882272,2.5627727
corridor_0,14246,10.7712127,53.39623162,2.270181605
corridor_0,14247,10.29472649,52.91974541,1.793695399
corridor_0,14248,9.695952534,52.32097146,1.194921443
corridor_0,14249,9.173831104,51.79885003,0.672800014
corridor_0,14250,8.724127888,51.34914681,0.223096797
corridor_0,14251,8.144827961,50.76984689,-0.35620313
corridor_0,14252,7.602419972,50.2274389,-0.898611119
corridor_0,14253,7.021067738,49.64608666,-1.479963353
corridor_0,14254,6.337401508,48.96242043,-2.163629582
corridor_0,14255,5.55304253,48.17806145,-2.947988561
corridor_0,14256,4.841971516,47.46699044,-3.659059575
corridor_0,14257,3.952895283,46.57791421,-4.548135808
corridor_0,14258,3.158152699,45.78317162,-5.342878392
corridor_0,14259,2.475836872,45.1008558,-6.025194219
corridor_0,14260,1.802245258,44.42726418,-6.698785832
corridor_0,14261,1.115058064,43.74007699,-7.385973027
corridor_0,14262,0.241587757,42.86660668,-8.259443334
corridor_0,14263,-0.755944134,41.86907479,-9.256975224
corridor_0,14264,-1.650048138,40.97497079,-10.15107923
corridor_0,14265,-3.3361367,39.28888222,-11.83716779
corridor_0,14266,-5.799984814,36.82503411,-14.3010159
corridor_0,14267,-13.82412613,28.8008928,-22.32515722
corridor_0,14271,-4.77785194,37.84716698,-13.27888303
corridor_0,14272,-1.786743999,40.83827493,-10.28777509
corridor_0,14273,-0.28800285,42.33701608,-8.78903394
corridor_0,14274,0.585059284,43.21007821,-7.915971807
corridor_0,14275,1.358237385,43.98325631,-7.142793706
corridor_0,14276,1.962679981,44.58769891,-6.53835111
corridor_0,14277,2.529666065,45.15468499,-5.971365026
corridor_0,14278,3.056784748,45.68180367,-5.444246343
corridor_0,14279,4.232764362,46.85778329,-4.268266728
corridor_0,14280,4.950007557,47.57502648,-3.551023534
corridor_0,14281,5.628726124,48.25374505,-2.872304967
corridor_0,14282,6.132384419,48.75740334,-2.368646672
corridor_0,14283,6.606421589,49.23144051,-1.894609502
corridor_0,14284,7.220915913,49.84593484,-1.280115178
corridor_0,14285,7.765711903,50.39073083,-0.735319188
corridor_0,14286,8.311213612,50.93623254,-0.189817479
corridor_0,14287,8.855612873,51.4806318,0.354581782
corridor_0,14288,9.306803822,51.93182275,0.805772731
corridor_0,14289,9.792098164,52.41711709,1.291067073
corridor_0,14290,10.26757347,52.8925924,1.766542384
corridor_0,14291,10.81729042,53.44230935,2.316259334
corridor_0,14292,11.50004494,54.12506387,2.99901385
corridor_0,14293,11.8978759,54.52289483,3.396844813
corridor_0,14294,12.40922081,55.03423974,3.908189723
corridor_0,14295,12.80420983,55.42922875,4.303178737
corridor_0,14296,13.22667229,55.85169122,4.7256412
corridor_0,14297,13.40945733,56.03447625,4.908426234
corridor_0,14298,13.42293465,56.04795358,4.92190356
corridor_0,14299,13.26279366,55.88781258,4.761762568
corridor_0,14300,13.21099389,55.83601281,4.709962794
corridor_0,14301,13.3532325,55.97825143,4.852201411
corridor_0,14302,13.50457299,56.12959191,5.003541896
corridor_0,14303,13.46638024,56.09139916,4.965349147
corridor_0,14304,13.21428978,55.83930871,4.713258693
corridor_0,14305,12.85819542,55.48321435,4.357164332
corridor_0,14306,12.12658226,54.75160119,3.625551173
corridor_0,14307,11.10358727,53.72860619,2.602556178
corridor_0,14308,10.22711861,52.85213753,1.72608752
corridor_0,14309,9.341994404,51.96701333,0.840963313
corridor_0,14310,8.46301186,51.08803078,-0.038019231
corridor_0,14311,7.650931477,50.2759504,-0.850099614
corridor_0,14312,6.81993401,49.44495293,-1.681097081
corridor_0,14313,6.017485737,48.64250466,-2.483545354
corridor_0,14314,5.189837574,47.8148565,-3.311193517
corridor_0,14315,4.43957436,47.06459328,-4.061456731
corridor_0,14316,3.624716877,46.2497358,-4.876314214
corridor_0,14317,2.757464527,45.38248345,-5.743566564
corridor_0,14318,1.96899712,44.59401604,-6.532033971
corridor_0,14319,1.181777119,43.80679604,-7.319253972
corridor_0,14320,0.394644856,43.01966378,-8.106386235
corridor_0,14321,-0.653382183,41.97163674,-9.154413274
corridor_0,14322,-1.586602093,41.03841683,-10.08763318
corridor_0,14323,-2.62034309,40.00467583,-11.12137418
corridor_0,14324,-5.237061382,37.38795754,-13.73809247
corridor_0,14349,-5.322213055,37.30280587,-13.82324415
corridor_0,14350,-3.024479748,39.60053918,-11.52551084
corridor_0,14351,-1.934254528,40.6907644,-10.43528562
corridor_0,14352,-0.957135082,41.66788384,-9.458166173
corridor_0,14353,0.285487293,42.91050622,-8.215543797
corridor_0,14354,1.075232624,43.70025155,-7.425798467
corridor_0,14355,1.855422138,44.48044106,-6.645608953
corridor_0,14356,2.613875507,45.23889443,-5.887155583
corridor_0,14357,3.462275623,46.08729455,-5.038755467
corridor_0,14358,4.215872883,46.84089181,-4.285158208
corridor_0,14359,4.95677483,47.58179375,-3.544256261
corridor_0,14360,5.753348469,48.37836739,-2.747682622
corridor_0,14361,6.508460163,49.13347909,-1.992570928
corridor_0,14362,7.305827259,49.93084618,-1.195203832
corridor_0,14363,8.107436298,50.73245522,-0.393594792
corridor_0,14364,8.903227924,51.52824685,0.402196834
corridor_0,14365,9.758883595,52.38390252,1.257852504
corridor_0,14366,10.64948189,53.27450082,2.148450801
corridor_0,14367,11.58014977,54.20516869,3.079118678
corridor_0,14368,12.15025628,54.7752752,3.649225184
corridor_0,14369,12.71383965,55.33885857,4.212808558
corridor_0,14370,13.01350319,55.63852212,4.512472102
corridor_0,14371,13.03652489,55.66154382,4.5354938
corridor_0,14372,12.970523,55.59554192,4.469491908
corridor_0,14373,13.08967888,55.71469781,4.588647792
corridor_0,14374,13.12399208,55.74901101,4.622960994
corridor_0,14375,13.0226661,55.64768502,4.521635005
corridor_0,14376,13.13528359,55.76030251,4.634252498
corridor_0,14377,12.83624184,55.46126076,4.33521075
corridor_0,14378,12.25320351,54.87822243,3.75217242
corridor_0,14379,11.77949059,54.40450951,3.278459498
corridor_0,14380,11.21704781,53.84206673,2.716016719
corridor_0,14381,10.73886406,53.36388299,2.237832973
corridor_0,14382,10.19762337,52.8226423,1.69659228
corridor_0,14383,9.713008045,52.33802697,1.211976954
corridor_0,14384,9.262759327,51.88777825,0.761728236
corridor_0,14385,8.83133614,51.45635506,0.330305049
corridor_0,14386,8.376502155,51.00152108,-0.124528935
corridor_0,14387,7.846793293,50.47181222,-0.654237798
corridor_0,14388,7.24929726,49.87431618,-1.25173383
corridor_0,14389,6.633681416,49.25870034,-1.867349675
corridor_0,14390,6.064585804,48.68960473,-2.436445287
corridor_0,14391,5.581347584,48.20636651,-2.919683507
corridor_0,14392,5.078040241,47.70305917,-3.422990849
corridor_0,14393,4.251135944,46.87615487,-4.249895146
corridor_0,14394,3.350501179,45.9755201,-5.150529912
corridor_0,14395,2.595847248,45.22086617,-5.905183843
corridor_0,14396,1.999106525,44.62412545,-6.501924565
corridor_0,14397,1.420268177,44.0452871,-7.080762914
corridor_0,14398,0.655829548,43.28084847,-7.845201543
corridor_0,14399,-0.027577282,42.59744164,-8.528608373
corridor_0,14400,-1.186756969,41.43826196,-9.68778806
corridor_0,14401,-3.323513866,39.30150506,-11.82454496
corridor_0,14407,-6.682370068,35.94264886,-15.18340116
corridor_0,14408,-4.361809612,38.26320931,-12.8628407
corridor_0,14409,-2.717701794,39.90731713,-11.21873288
corridor_0,14410,-1.181164623,41.4438543,-9.682195714
corridor_0,14411,-0.337681652,42.28733727,-8.838712743
corridor_0,14412,0.445208668,43.07022759,-8.055822423
corridor_0,14413,1.323435902,43.94845483,-7.177595189
corridor_0,14414,2.042906879,44.6679258,-6.458124211
corridor_0,14415,2.719916462,45.34493539,-5.781114629
corridor_0,14416,3.503832935,46.12885186,-4.997198155
corridor_0,14417,4.335440754,46.96045968,-4.165590337
corridor_0,14418,5.09840691,47.72342583,-3.402624181
corridor_0,14419,5.795146107,48.42016503,-2.705884984
corridor_0,14420,6.403006672,49.0280256,-2.098024419
corridor_0,14421,7.048747181,49.67376611,-1.45228391
corridor_0,14422,7.542185902,50.16720483,-0.958845189
corridor_0,14423,7.975134968,50.60015389,-0.525896123
corridor_0,14424,8.402194141,51.02721307,-0.098836949
corridor_0,14425,9.002532124,51.62755105,0.501501033
corridor_0,14426,9.562930225,52.18794915,1.061899135
corridor_0,14427,9.995375752,52.62039468,1.494344661
corridor_0,14428,10.25544274,52.88046166,1.754411647
corridor_0,14429,10.32223809,52.94725701,1.821206996
corridor_0,14430,10.26277459,52.88779351,1.761743495
corridor_0,14431,10.32430565,52.94932458,1.823274562
corridor_0,14432,10.40791237,53.0329313,1.906881282
corridor_0,14433,10.46572792,53.09074685,1.964696834
corridor_0,14434,10.38558113,53.01060006,1.884550044
corridor_0,14435,10.40806878,53.0330877,1.907037684
corridor_0,14436,9.927466511,52.55248544,1.42643542
corridor_0,14437,9.285628437,51.91064736,0.784597346
corridor_0,14438,8.694384693,51.31940362,0.193353602
corridor_0,14439,8.036841511,50.66186044,-0.46418958
corridor_0,14440,7.439055561,50.06407449,-1.06197553
corridor_0,14441,6.823638081,49.44865701,-1.67739301
corridor_0,14442,6.190573811,48.81559274,-2.31045728
corridor_0,14443,5.497305988,48.12232491,-3.003725102
corridor_0,14444,4.863284229,47.48830315,-3.637746861
corridor_0,14445,4.094000935,46.71901986,-4.407030156
corridor_0,14446,3.523829578,46.1488485,-4.977201512
corridor_0,14447,2.876414417,45.50143334,-5.624616673
corridor_0,14448,2.215457081,44.84047601,-6.28557401
corridor_0,14449,1.413470387,44.03848931,-7.087560704
corridor_0,14450,0.688895344,43.31391427,-7.812135747
corridor_0,14451,-0.066304089,42.55871484,-8.567335179
corridor_0,14452,-1.088909985,41.53610894,-9.589941075
corridor_0,14453,-1.999890209,40.62512872,-10.5009213
corridor_0,14454,-3.699967266,38.92505166,-12.20099836
corridor_0,14455,-7.933108211,34.69191071,-16.4341393
corridor_0,14474,-9.239310146,33.38570878,-17.74034124
corridor_0,14475,-4.727826,37.89719292,-13.22885709
corridor_0,14476,-3.054448009,39.57057092,-11.5554791
corridor_0,14477,-1.458516003,41.16650292,-9.959547093
corridor_0,14478,-0.395417095,42.22960183,-8.896448186
corridor_0,14479,0.346419453,42.97143838,-8.154611638
corridor_0,14480,1.095275044,43.72029397,-7.405756047
corridor_0,14481,1.779082417,44.40410134,-6.721948674
corridor_0,14482,2.448363422,45.07338235,-6.052667668
corridor_0,14483,3.182532429,45.80755135,-5.318498662
corridor_0,14484,3.730731129,46.35575005,-4.770299962
corridor_0,14485,4.413462757,47.03848168,-4.087568334
corridor_0,14486,5.029635548,47.65465447,-3.471395543
corridor_0,14487,5.651644825,48.27666375,-2.849386266
corridor_0,14488,6.295870899,48.92088982,-2.205160192
corridor_0,14489,6.864119648,49.48913857,-1.636911443
corridor_0,14490,7.405413746,50.03043267,-1.095617345
corridor_0,14491,7.934111713,50.55913064,-0.566919377
corridor_0,14492,8.423319935,51.04833886,-0.077711156
corridor_0,14493,8.921019672,51.5460386,0.419988582
corridor_0,14494,9.426489948,52.05150887,0.925458858
corridor_0,14495,9.432280659,52.05729958,0.931249568
corridor_0,14496,9.559699177,52.1847181,1.058668086
corridor_0,14497,9.541598438,52.16661736,1.040567348
corridor_0,14498,9.514647602,52.13966653,1.013616511
corridor_0,14499,9.474585651,52.09960458,0.973554561
corridor_0,14500,9.474677204,52.09969613,0.973646113
corridor_0,14501,9.407179951,52.03219888,0.90614886
corridor_0,14502,9.164404987,51.78942391,0.663373897
corridor_0,14503,8.723551869,51.34857079,0.222520778
corridor_0,14504,8.278700947,50.90371987,-0.222330144
corridor_0,14505,7.708487629,50.33350655,-0.792543462
corridor_0,14506,7.196414112,49.82143304,-1.304616979
corridor_0,14507,6.823638081,49.44865701,-1.67739301
corridor_0,14508,6.284785389,48.90980431,-2.216245702
corridor_0,14509,5.77777779,48.40279671,-2.723253301
corridor_0,14510,5.190070271,47.8150892,-3.31096082
corridor_0,14511,4.52727425,47.15229317,-3.973756841
corridor_0,14512,3.785628437,46.41064736,-4.715402654
corridor_0,14513,2.979312061,45.60433099,-5.521719029
corridor_0,14514,2.311514973,44.9365339,-6.189516118
corridor_0,14515,1.677577137,44.30259606,-6.823453954
corridor_0,14516,0.820925831,43.44594476,-7.68010526
corridor_0,14517,0.043025135,42.66804406,-8.458005956
corridor_0,14518,-0.769043804,41.85597512,-9.270074895
corridor_0,14519,-1.884964825,40.7400541,-10.38599592
corridor_0,14520,-3.255761028,39.3692579,-11.75679212
corridor_0,14521,-5.058110119,37.56690881,-13.55914121
corridor_0,14522,-8.970763088,33.65425584,-17.47179418
corridor_0,14529,-2.534497143,40.09052178,-11.03552823
corridor_0,14530,-1.102566601,41.52245232,-9.603597692
corridor_0,14531,0.039576649,42.66459557,-8.461454442
corridor_0,14532,0.860331654,43.48535058,-7.640699437
corridor_0,14533,1.350638508,43.97565743,-7.150392583
corridor_0,14534,2.102870106,44.72788903,-6.398160985
corridor_0,14535,2.594172596,45.21919152,-5.906858495
corridor_0,14536,3.467631458,46.09265038,-5.033399632
corridor_0,14537,4.251872181,46.87689111,-4.24915891
corridor_0,14538,5.00308144,47.62810036,-3.497949651
corridor_0,14539,5.519099354,48.14411828,-2.981931737
corridor_0,14540,6.106928944,48.73194787,-2.394102147
corridor_0,14541,6.737784504,49.36280343,-1.763246587
corridor_0,14542,7.254416584,49.87943551,-1.246614507
corridor_0,14543,7.865557789,50.49057671,-0.635473302
corridor_0,14544,8.282343983,50.90736291,-0.218687108
corridor_0,14545,8.687407612,51.31242654,0.186376521
corridor_0,14546,9.125491261,51.75051019,0.62446017
corridor_0,14547,9.582495808,52.20751473,1.081464717
corridor_0,14548,10.01482308,52.639842,1.513791987
corridor_0,14549,10.53844368,53.16346261,2.037412593
corridor_0,14550,11.01179802,53.63681695,2.510766932
corridor_0,14551,11.52799141,54.15301034,3.026960322
corridor_0,14552,12.09176171,54.71678063,3.590730617
corridor_0,14553,12.32245934,54.94747826,3.821428248
corridor_0,14554,12.38527977,55.0102987,3.884248683
corridor_0,14555,12.53308785,55.15810677,4.032056758
corridor_0,14556,12.45819008,55.08320901,3.957158992
corridor_0,14557,12.39872658,55.02374551,3.897695491
corridor_0,14558,12.25594628,54.8809652,3.754915187
corridor_0,14559,12.32778847,54.9528074,3.82675738
corridor_0,14560,12.04180825,54.66682717,3.540777156
corridor_0,14561,11.48701394,54.11203286,2.985982844
corridor_0,14562,10.71900093,53.34401986,2.217969844
corridor_0,14563,10.06859124,52.69361016,1.567560145
corridor_0,14564,9.222991108,51.84801003,0.721960017
corridor_0,14565,8.443087696,51.06810662,-0.057943395
corridor_0,14566,7.657797932,50.28281686,-0.843233159
corridor_0,14567,6.885695576,49.5107145,-1.615335515
corridor_0,14568,6.118670582,48.74368951,-2.382360509
corridor_0,14569,5.389441608,48.01446053,-3.111589482
corridor_0,14570,4.661078571,47.2860975,-3.839952519
corridor_0,14571,3.932402729,46.55742165,-4.568628362
corridor_0,14572,3.10521233,45.73023125,-5.395818761
corridor_0,14573,2.354395985,44.97941491,-6.146635106
corridor_0,14574,1.590872883,44.21589181,-6.910158208
corridor_0,14575,0.804434895,43.42945382,-7.696596196
corridor_0,14576,-0.00322044,42.62179848,-8.504251531
corridor_0,14577,-1.071381451,41.55363747,-9.572412541
corridor_0,14578,-2.045468212,40.57955071,-10.5464993
corridor_0,14579,-3.117596508,39.50742242,-11.6186276
corridor_0,14580,-6.869175793,35.75584313,-15.37020688
corridor_0,14606,-3.61372459,39.01129433,-12.11475568
corridor_0,14607,-2.468453289,40.15656564,-10.96948438
corridor_0,14608,-1.447693706,41.17732522,-9.948724797
corridor_0,14609,-0.529122234,42.09589669,-9.030153325
corridor_0,14610,0.490714192,43.11573312,-8.010316899
corridor_0,14611,1.407134174,44.0321531,-7.093896916
corridor_0,14612,2.156443714,44.78146264,-6.344587377
corridor_0,14613,2.886012196,45.51103112,-5.615018895
corridor_0,14614,3.605834126,46.23085305,-4.895196965
corridor_0,14615,4.379759907,47.00477883,-4.121271184
corridor_0,14616,5.084879994,47.70989892,-3.416151097
corridor_0,14617,5.7879287,48.41294762,-2.713102391
corridor_0,14618,6.454463123,49.07948205,-2.046567967
corridor_0,14619,7.194438099,49.81945702,-1.306592992
corridor_0,14620,7.933917164,50.55893609,-0.567113927
corridor_0,14621,8.65107262,51.27609154,0.15004153
corridor_0,14622,9.288336872,51.9133558,0.787305781
corridor_0,14623,10.03246605,52.65748498,1.531434962
corridor_0,14624,10.64297783,53.26799676,2.141946742
corridor_0,14625,11.12605202,53.75107095,2.62502093
corridor_0,14626,11.31638634,53.94140527,2.81535525
corridor_0,14627,11.35781777,53.98283669,2.856786677
corridor_0,14628,11.59098351,54.21600243,3.089952418
corridor_0,14629,11.65138161,54.27640054,3.15035052
corridor_0,14630,11.73018944,54.35520837,3.229158351
corridor_0,14631,11.52570259,54.15072152,3.024671504
corridor_0,14632,11.39471352,54.01973244,2.893682429
corridor_0,14633,11.12726128,53.7522802,2.626230189
corridor_0,14634,10.75464928,53.37966821,2.25361819
corridor_0,14635,10.29771721,52.92273614,1.796686122
corridor_0,14636,9.79315865,52.41817757,1.292127559
corridor_0,14637,9.348506092,51.97352502,0.847475001
corridor_0,14638,8.94184792,51.56686684,0.440816829
corridor_0,14639,8.581648945,51.20666787,0.080617854
corridor_0,14640,8.157897114,50.78291604,-0.343133977
corridor_0,14641,7.777072071,50.402091,-0.72395902
corridor_0,14642,7.300849079,49.925868,-1.200182012
corridor_0,14643,6.744826435,49.36984536,-1.756204656
corridor_0,14644,6.150900959,48.77591988,-2.350130132
corridor_0,14645,5.552714466,48.17773339,-2.948316625
corridor_0,14646,4.897414326,47.52243325,-3.603616765
corridor_0,14647,4.216361164,46.84138009,-4.284669927
corridor_0,14648,3.37077248,45.9957914,-5.130258611
corridor_0,14649,2.599974751,45.22499368,-5.90105634
corridor_0,14650,2.149775623,44.77479455,-6.351255467
corridor_0,14651,1.450865864,44.07588479,-7.050165227
corridor_0,14652,0.79214394,43.41716286,-7.708887151
corridor_0,14653,0.105219959,42.73023888,-8.395811131
corridor_0,14654,-0.801407696,41.82361123,-9.302438787
corridor_0,14655,-1.857918621,40.7671003,-10.35894971
corridor_0,14656,-6.851275326,35.7737436,-15.35230642
corridor_0,14663,-13.77936447,28.84565446,-22.28039556
corridor_0,14664,-6.60178268,36.02323624,-15.10281377
corridor_0,14665,-3.869736553,38.75528237,-12.37076764
corridor_0,14666,-2.719780804,39.90523812,-11.22081189
corridor_0,14667,-1.437893749,41.18712518,-9.93892484
corridor_0,14668,-0.355072857,42.26994607,-8.856103948
corridor_0,14669,0.418982624,43.04400155,-8.082048467
corridor_0,14670,1.114798664,43.73981759,-7.386232427
corridor_0,14671,1.908976673,44.5339956,-6.592054418
corridor_0,14672,2.474749683,45.09976861,-6.026281407
corridor_0,14673,3.309493183,45.93451211,-5.191537908
corridor_0,14674,3.961932301,46.58695123,-4.53909879
corridor_0,14675,4.622382282,47.24740121,-3.878648808
corridor_0,14676,5.156531452,47.78155038,-3.344499639
corridor_0,14677,5.66891396,48.29393288,-2.832117131
corridor_0,14678,6.114558338,48.73957726,-2.386472753
corridor_0,14679,6.566485523,49.19150445,-1.934545568
corridor_0,14680,7.063861012,49.68887994,-1.437170079
corridor_0,14681,7.501723408,50.12674233,-0.999307683
corridor_0,14682,7.972804188,50.59782311,-0.528226903
corridor_0,14683,8.335772633,50.96079156,-0.165258458
corridor_0,14684,8.523963093,51.14898202,0.022932002
corridor_0,14685,8.560839771,51.1858587,0.059808681
corridor_0,14686,8.605467915,51.23048684,0.104436824
corridor_0,14687,8.649642109,51.27466103,0.148611018
corridor_0,14688,8.614802479,51.2398214,0.113771388
corridor_0,14689,8.58870995,51.21372887,0.087678859
corridor_0,14690,8.49186623,51.11688515,-0.009164861
corridor_0,14691,8.406012653,51.03103158,-0.095018437
corridor_0,14692,8.025363087,50.65038201,-0.475668004
corridor_0,14693,7.645953297,50.27097222,-0.855077794
corridor_0,14694,7.219504475,49.8445234,-1.281526616
corridor_0,14695,6.762240528,49.38725945,-1.738790563
corridor_0,14696,6.25982201,48.88484093,-2.241209081
corridor_0,14697,5.694987415,48.32000634,-2.806043675
corridor_0,14698,5.126975178,47.7519941,-3.374055913
corridor_0,14699,4.548277973,47.1732969,-3.952753118
corridor_0,14700,3.888713001,46.51373193,-4.612318089
corridor_0,14701,3.306101917,45.93112084,-5.194929173
corridor_0,14702,2.657710194,45.28272912,-5.843320897
corridor_0,14703,2.101920246,44.72693917,-6.399110845
corridor_0,14704,1.438784718,44.06380364,-7.062246373
corridor_0,14705,0.73380196,43.35882088,-7.767229131
corridor_0,14706,-0.014775158,42.61024377,-8.515806249
corridor_0,14707,-0.976471783,41.64854714,-9.477502873
corridor_0,14708,-2.157845379,40.46717355,-10.65887647
corridor_0,14709,-3.56949699,39.05552193,-12.07052808
corridor_0,14710,-6.022160412,36.60285851,-14.5231915
corridor_0,14711,-14.0305928,28.59442612,-22.53162389
corridor_0,14731,-6.886710049,35.73830888,-15.38774114
corridor_0,14732,-4.595440746,38.02957818,-13.09647184
corridor_0,14733,-2.949543835,39.67547509,-11.45057493
corridor_0,14734,-1.637936474,40.98708245,-10.13896756
corridor_0,14735,-0.795201183,41.82981774,-9.296232274
corridor_0,14736,0.018942951,42.64396188,-8.48208814
corridor_0,14737,0.944460987,43.56947991,-7.556570104
corridor_0,14738,1.621802448,44.24682137,-6.879228642
corridor_0,14739,2.309920429,44.93493935,-6.191110662
corridor_0,14740,2.920462727,45.54548165,-5.580568364
corridor_0,14741,3.390605091,46.01562402,-5.110426
corridor_0,14742,4.039343952,46.66436288,-4.461687139
corridor_0,14743,4.623656391,47.24867532,-3.8773747
corridor_0,14744,5.073241352,47.69826028,-3.427789739
corridor_0,14745,5.607806324,48.23282525,-2.893224767
corridor_0,14746,6.096274494,48.72129342,-2.404756597
corridor_0,14747,6.509856342,49.13487527,-1.991174748
corridor_0,14748,6.885550617,49.51056954,-1.615480474
corridor_0,14749,7.204962849,49.82998177,-1.296068242
corridor_0,14750,7.432318806,50.05733773,-1.068712285
corridor_0,14751,7.615435719,50.24045464,-0.885595372
corridor_0,14752,7.701743244,50.32676217,-0.799287847
corridor_0,14753,7.75396645,50.37898537,-0.747064641
corridor_0,14754,7.803843617,50.42886254,-0.697187474
corridor_0,14755,7.783972858,50.40899178,-0.717058232
corridor_0,14756,7.773070454,50.39808938,-0.727960637
corridor_0,14757,7.638121723,50.26314065,-0.862909368
corridor_0,14758,7.479346394,50.10436532,-1.021684697
corridor_0,14759,7.21685326,49.84187218,-1.284177831
corridor_0,14760,6.815299152,49.44031808,-1.685731938
corridor_0,14761,6.393759846,49.01877877,-2.107271245
corridor_0,14762,5.968096851,48.59311578,-2.532934239
corridor_0,14763,5.397582172,48.0226011,-3.103448918
corridor_0,14764,4.935992359,47.56101128,-3.565038732
corridor_0,14765,4.531085133,47.15610406,-3.969945958
corridor_0,14766,4.021384358,46.64640328,-4.479646733
corridor_0,14767,3.384165882,46.00918481,-5.116865209
corridor_0,14768,2.797541737,45.42256066,-5.703489354
corridor_0,14769,2.049460529,44.67447945,-6.451570561
corridor_0,14770,1.24772179,43.87274071,-7.2533093
corridor_0,14771,0.685870289,43.31088921,-7.815160802
corridor_0,14772,-0.04069984,42.58431908,-8.541730931
corridor_0,14773,-1.025048138,41.59997079,-9.526079228
corridor_0,14774,-1.918396831,40.70662209,-10.41942792
corridor_0,14775,-3.283223034,39.34179589,-11.78425412
corridor_0,14776,-5.061631084,37.56338784,-13.56266218
corridor_0,14777,-7.707526089,34.91749284,-16.20855718
corridor_0,14786,-4.237435223,38.3875837,-12.73846631
corridor_0,14787,-1.779656292,40.84536263,-10.28068738
corridor_0,14788,-0.740040661,41.88497826,-9.241071752
corridor_0,14789,0.191218494,42.81623742,-8.309812596
corridor_0,14790,0.85861504,43.48363396,-7.642416051
corridor_0,14791,1.468703388,44.09372231,-7.032327703
corridor_0,14792,2.038775562,44.66379449,-6.462255528
corridor_0,14793,2.476786732,45.10180566,-6.024244359
corridor_0,14794,3.268504261,45.89352319,-5.23252683
corridor_0,14795,4.232623219,46.85764214,-4.268407872
corridor_0,14796,4.926615833,47.55163476,-3.574415257
corridor_0,14797,5.579196095,48.20421502,-2.921834996
corridor_0,14798,6.175456165,48.80047509,-2.325574925
corridor_0,14799,6.65870583,49.28372475,-1.842325261
corridor_0,14800,7.17155373,49.79657265,-1.329477361
corridor_0,14801,7.591445088,50.21646401,-0.909586003
corridor_0,14802,7.957854389,50.58287331,-0.543176702
corridor_0,14803,8.297938465,50.92295739,-0.203092626
corridor_0,14804,8.678435444,51.30345437,0.177404353
corridor_0,14805,9.025179981,51.65019891,0.52414889
corridor_0,14806,9.440852284,52.06587121,0.939821193
corridor_0,14807,9.864024281,52.48904321,1.36299319
corridor_0,14808,10.23767006,52.86268899,1.736638972
corridor_0,14809,10.44294655,53.06796548,1.941915462
corridor_0,14810,10.60935128,53.2343702,2.108320186
corridor_0,14811,10.67912209,53.30414101,2.178090999
corridor_0,14812,10.63950264,53.26452157,2.138471553
corridor_0,14813,10.68791115,53.31293008,2.186880061
corridor_0,14814,10.38535607,53.01037499,1.884324977
corridor_0,14815,10.29786599,52.92288491,1.796834895
corridor_0,14816,10.07177651,52.69679543,1.570745418
corridor_0,14817,9.748118519,52.37313744,1.247087428
corridor_0,14818,9.266917347,51.89193627,0.765886256
corridor_0,14819,8.628352284,51.25337121,0.127321193
corridor_0,14820,7.924506306,50.54952523,-0.576524785
corridor_0,14821,7.29995644,49.92497536,-1.201074651
corridor_0,14822,6.712473988,49.33749291,-1.788557103
corridor_0,14823,6.046042561,48.67106149,-2.45498853
corridor_0,14824,5.363379597,47.98839852,-3.137651494
corridor_0,14825,4.620059132,47.24507806,-3.880971959
corridor_0,14826,3.937819599,46.56283852,-4.563211492
corridor_0,14827,3.247271656,45.87229058,-5.253759435
corridor_0,14828,2.540637135,45.16565606,-5.960393956
corridor_0,14829,1.818991779,44.4440107,-6.682039311
corridor_0,14830,1.07484734,43.69986626,-7.426183751
corridor_0,14831,0.142397999,42.76741692,-8.358633092
corridor_0,14832,-0.698944927,41.926074,-9.199976018
corridor_0,14833,-1.605706097,41.01931283,-10.10673719
corridor_0,14834,-2.610413433,40.01460549,-11.11144452
corridor_0,14835,-4.183907391,38.44111153,-12.68493848
corridor_0,14862,-6.817452312,35.80756661,-15.3184834
corridor_0,14863,-3.105393291,39.51962563,-11.60642438
corridor_0,14864,-2.049580456,40.57543847,-10.55061155
corridor_0,14865,-1.109402538,41.51561639,-9.610433629
corridor_0,14866,-0.245240093,42.37977883,-8.746271184
corridor_0,14867,0.558348774,43.1833677,-7.942682317
corridor_0,14868,1.322642445,43.94766137,-7.178388646
corridor_0,14869,2.16506493,44.79008385,-6.335966161
corridor_0,14870,2.858065723,45.48308465,-5.642965367
corridor_0,14871,3.536097645,46.16111657,-4.964933446
corridor_0,14872,4.18667519,46.81169411,-4.314355901
corridor_0,14873,4.832907795,47.45792672,-3.668123296
corridor_0,14874,5.458006977,48.0830259,-3.043024114
corridor_0,14875,6.087195515,48.71221444,-2.413835576
corridor_0,14876,6.700377583,49.32539651,-1.800653508
corridor_0,14877,7.285361408,49.91038033,-1.215669683
corridor_0,14878,7.845358967,50.47037789,-0.655672124
corridor_0,14879,8.342230915,50.96724984,-0.158800176
corridor_0,14880,8.760886311,51.38590524,0.25985522
corridor_0,14881,9.110430836,51.73544976,0.609399745
corridor_0,14882,9.324038624,51.94905755,0.823007533
corridor_0,14883,9.425253986,52.05027291,0.924222896
corridor_0,14884,9.67615044,52.30116936,1.175119349
corridor_0,14885,9.805060505,52.43007943,1.304029414
corridor_0,14886,9.681067585,52.30608651,1.180036494
corridor_0,14887,9.642443775,52.2674627,1.141412684
corridor_0,14888,9.484019398,52.10903832,0.982988307
corridor_0,14889,9.30235207,51.92737099,0.801320979
corridor_0,14890,8.978827595,51.60384652,0.477796504
corridor_0,14891,8.662890553,51.28790948,0.161859462
corridor_0,14892,8.326132893,50.95115182,-0.174898198
corridor_0,14893,8.015135883,50.64015481,-0.485895207
corridor_0,14894,7.652167439,50.27718636,-0.848863652
corridor_0,14895,7.321669697,49.94668862,-1.179361394
corridor_0,14896,7.035941242,49.66096017,-1.465089849
corridor_0,14897,6.534449696,49.15946862,-1.966581395
corridor_0,14898,6.055888294,48.68090722,-2.445142797
corridor_0,14899,5.464324116,48.08934304,-3.036706975
corridor_0,14900,4.808322071,47.433341,-3.69270902
corridor_0,14901,4.121665119,46.74668404,-4.379365972
corridor_0,14902,3.208598255,45.83361718,-5.292432836
corridor_0,14903,2.471861958,45.09688088,-6.029169133
corridor_0,14904,2.044333576,44.6693525,-6.456697515
corridor_0,14905,1.337702869,43.96272179,-7.163328221
corridor_0,14906,0.851290821,43.47630975,-7.64974027
corridor_0,14907,0.21943581,42.84445473,-8.281595281
corridor_0,14908,-0.667374493,41.95764443,-9.168405583
corridor_0,14909,-1.71238792,40.912631,-10.21341901
corridor_0,14910,-3.704724194,38.92029473,-12.20575528
corridor_0,14920,-13.75229728,28.87272164,-22.25332837
corridor_0,14921,-6.614024044,36.01099488,-15.11505513
corridor_0,14922,-4.354664684,38.27035424,-12.85569578
corridor_0,14923,-3.120476604,39.50454232,-11.6215077
corridor_0,14924,-1.800297619,40.82472131,-10.30132871
corridor_0,14925,-0.908924938,41.71609399,-9.409956029
corridor_0,14926,0.081534504,42.70655343,-8.419496587
corridor_0,14927,0.803309559,43.42832848,-7.697721532
corridor_0,14928,1.475611805,44.10063073,-7.025419286
corridor_0,14929,2.115035175,44.7400541,-6.385995915
corridor_0,14930,2.788344502,45.41336343,-5.712686589
corridor_0,14931,3.313136219,45.93815514,-5.187894872
corridor_0,14932,3.895190357,46.52020928,-4.605840734
corridor_0,14933,4.36673653,46.99175545,-4.13429456
corridor_0,14934,4.789462208,47.41448113,-3.711568883
corridor_0,14935,5.236720203,47.86173913,-3.264310887
corridor_0,14936,5.662066578,48.2870855,-2.838964513
corridor_0,14937,6.066413044,48.69143197,-2.434618047
corridor_0,14938,6.412699818,49.03771874,-2.088331273
corridor_0,14939,6.638808369,49.26382729,-1.862222722
corridor_0,14940,6.782935261,49.40795419,-1.71809583
corridor_0,14941,6.916300892,49.54131982,-1.584730199
corridor_0,14942,6.993365406,49.61838433,-1.507665685
corridor_0,14943,6.9726516,49.59767052,-1.528379491
corridor_0,14944,6.963427662,49.58844659,-1.537603429
corridor_0,14945,6.869940876,49.4949598,-1.631090215
corridor_0,14946,6.784819721,49.40983865,-1.71621137
corridor_0,14947,6.585578083,49.21059701,-1.915453008
corridor_0,14948,6.435340046,49.06035897,-2.065691045
corridor_0,14949,6.143305897,48.76832482,-2.357725194
corridor_0,14950,5.810118794,48.43513772,-2.690912297
corridor_0,14951,5.394499897,48.01951882,-3.106531194
corridor_0,14952,5.037554859,47.66257378,-3.463476232
corridor_0,14953,4.520621418,47.14564034,-3.980409673
corridor_0,14954,4.080908894,46.70592782,-4.420122197
corridor_0,14955,3.432505726,46.05752465,-5.068525365
corridor_0,14956,2.958766102,45.58378503,-5.542264989
corridor_0,14957,2.315104603,44.94012353,-6.185926488
corridor_0,14958,1.807364582,44.43238351,-6.693666509
corridor_0,14959,1.110327839,43.73534676,-7.390703252
corridor_0,14960,0.379267811,43.00428674,-8.12176328
corridor_0,14961,-0.420922161,42.20409676,-8.921953252
corridor_0,14962,-1.229267956,41.39575097,-9.730299047
corridor_0,14963,-2.096379162,40.52863976,-10.59741025
corridor_0,14964,-3.472439648,39.15257928,-11.97347074
corridor_0,14965,-5.273716808,37.35130212,-13.7747479
corridor_0,14966,-10.89974296,31.72527596,-19.40077405
corridor_0,14987,-14.02770889,28.59731004,-22.52873998
corridor_0,14988,-7.749804378,34.87521455,-16.25083547
corridor_0,14989,-4.55620277,38.06881615,-13.05723386
corridor_0,14990,-3.297428966,39.32758996,-11.79846006
corridor_0,14991,-1.944973827,40.6800451,-10.44600492
corridor_0,14992,-0.876934887,41.74808404,-9.377965978
corridor_0,14993,-0.10698402,42.5180349,-8.608015111
corridor_0,14994,0.633200764,43.25821969,-7.867830327
corridor_0,14995,1.192713856,43.81773278,-7.308317235
corridor_0,14996,1.818339466,44.44335839,-6.682691625
corridor_0,14997,2.427207111,45.05222604,-6.073823979
corridor_0,14998,2.874487995,45.49950692,-5.626543096
corridor_0,14999,3.455062031,46.08008096,-5.04596906
corridor_0,15000,3.96975243,46.59477135,-4.531278661
corridor_0,15001,4.385581135,47.01060006,-4.115449956
corridor_0,15002,4.73096764,47.35598656,-3.770063451
corridor_0,15003,5.0625602,47.68757912,-3.438470891
corridor_0,15004,5.376402973,48.0014219,-3.124628118
corridor_0,15005,5.596587299,48.22160622,-2.904443791
corridor_0,15006,5.82232964,48.44734856,-2.678701451
corridor_0,15007,5.99173653,48.61675545,-2.50929456
corridor_0,15008,6.090075611,48.71509454,-2.41095548
corridor_0,15009,6.187270283,48.81228921,-2.313760808
corridor_0,15010,6.153128742,48.77814767,-2.347902349
corridor_0,15011,6.163191914,48.78821084,-2.337839177
corridor_0,15012,6.149279713,48.77429864,-2.351751378
corridor_0,15013,5.964655994,48.58967492,-2.536375096
corridor_0,15014,5.806338429,48.43135735,-2.694692662
corridor_0,15015,5.645808338,48.27082726,-2.855222753
corridor_0,15016,5.339347004,47.96436593,-3.161684087
corridor_0,15017,4.976912617,47.60193154,-3.524118474
corridor_0,15018,4.59922707,47.22424599,-3.901804021
corridor_0,15019,4.185561298,46.81058022,-4.315469792
corridor_0,15020,3.79208672,46.41710564,-4.708944371
corridor_0,15021,3.23883736,45.86385628,-5.26219373
corridor_0,15022,2.707537769,45.33255669,-5.793493321
corridor_0,15023,2.17306435,44.79808327,-6.327966741
corridor_0,15024,1.482092976,44.1071119,-7.018938115
corridor_0,15025,0.989985584,43.61500451,-7.511045506
corridor_0,15026,0.158400654,42.78341958,-8.342630437
corridor_0,15027,-0.596295238,42.02872369,-9.097326329
corridor_0,15028,-1.427262188,41.19775674,-9.928293279
corridor_0,15029,-2.657254101,39.96776482,-11.15828519
corridor_0,15030,-3.784569622,38.8404493,-12.28560071
corridor_0,15031,-5.735737682,36.88928124,-14.23676877
corridor_0,15032,-8.938359142,33.68665978,-17.43939023
corridor_0,15044,-3.229512096,39.39550683,-11.73054319
corridor_0,15045,-1.663121105,40.96189782,-10.1641522
corridor_0,15046,-0.653061748,41.97195718,-9.154092839
corridor_0,15047,0.245539784,42.87055871,-8.255491307
corridor_0,15048,0.893115162,43.51813409,-7.607915929
corridor_0,15049,1.343436359,43.96845528,-7.157594731
corridor_0,15050,1.911963581,44.53698251,-6.58906751
corridor_0,15051,2.495112537,45.12013146,-6.005918553
corridor_0,15052,2.978388905,45.60340783,-5.522642186
corridor_0,15053,4.113330006,46.73834893,-4.387701085
corridor_0,15054,4.730738758,47.35575768,-3.770292333
corridor_0,15055,5.359381794,47.98440072,-3.141649297
corridor_0,15056,5.90278542,48.52780434,-2.598245671
corridor_0,15057,6.313586353,48.93860528,-2.187444737
corridor_0,15058,6.702880024,49.32789895,-1.798151067
corridor_0,15059,7.060820698,49.68583962,-1.440210393
corridor_0,15060,7.353423237,49.97844216,-1.147607854
corridor_0,15061,7.647208332,50.27222726,-0.853822759
corridor_0,15062,7.943671345,50.56869027,-0.557359746
corridor_0,15063,8.173880695,50.79889962,-0.327150395
corridor_0,15064,8.436503529,51.06152245,-0.064527562
corridor_0,15065,8.626673817,51.25169274,0.125642726
corridor_0,15066,8.716776966,51.34179589,0.215745875
corridor_0,15067,8.831004261,51.45602319,0.32997317
corridor_0,15068,8.837897419,51.46291634,0.336866328
corridor_0,15069,8.724372028,51.34939095,0.223340938
corridor_0,15070,8.535193562,51.16021249,0.034162471
corridor_0,15071,8.406462788,51.03148171,-0.094568303
corridor_0,15072,8.189887165,50.81490609,-0.311143926
corridor_0,15073,7.889956593,50.51497552,-0.611074498
corridor_0,15074,7.564719318,50.18973824,-0.936311772
corridor_0,15075,7.109892963,49.73491189,-1.391138127
corridor_0,15076,6.585631489,49.21065041,-1.915399602
corridor_0,15077,6.047038197,48.67205712,-2.453992894
corridor_0,15078,5.536242603,48.16126153,-2.964788487
corridor_0,15079,4.943274616,47.56829354,-3.557756474
corridor_0,15080,4.351908802,46.97692773,-4.149122289
corridor_0,15081,3.727000355,46.35201928,-4.774030736
corridor_0,15082,3.006911396,45.63193032,-5.494119695
corridor_0,15083,2.343226551,44.96824548,-6.15780454
corridor_0,15084,1.643199085,44.26821801,-6.857832006
corridor_0,15085,0.913298725,43.53831765,-7.587732366
corridor_0,15086,0.147479176,42.7724981,-8.353551915
corridor_0,15087,-0.673794628,41.9512243,-9.174825719
corridor_0,15088,-1.566334606,41.05868432,-10.0673657
corridor_0,15089,-2.875744701,39.74927422,-11.37677579
corridor_0,15090,-4.571747662,38.05327126,-13.07277875
corridor_0,15119,-5.943734051,36.68128487,-14.44476514
corridor_0,15120,-3.460152508,39.16486642,-11.9611836
corridor_0,15121,-2.359536053,40.26548287,-10.86056714
corridor_0,15122,-1.377117992,41.24790093,-9.878149083
corridor_0,15123,-0.49313438,42.13188454,-8.994165471
corridor_0,15124,0.471343159,43.09636208,-8.029687932
corridor_0,15125,1.206908344,43.83192727,-7.294122746
corridor_0,15126,1.900450825,44.52546975,-6.600580266
corridor_0,15127,2.557829975,45.1828489,-5.943201116
corridor_0,15128,3.186457752,45.81147668,-5.314573339
corridor_0,15129,3.786799549,46.41181847,-4.714231542
corridor_0,15130,4.373400806,46.99841973,-4.127630284
corridor_0,15131,4.920828938,47.54584786,-3.580202153
corridor_0,15132,5.385359882,48.01037881,-3.115671208
corridor_0,15133,5.879752277,48.5047712,-2.621278813
corridor_0,15134,6.330229878,48.9552488,-2.170801213
corridor_0,15135,6.735964893,49.36098382,-1.765066197
corridor_0,15136,7.056185841,49.68120477,-1.44484525
corridor_0,15137,7.336669087,49.96168801,-1.164362004
corridor_0,15138,7.510348438,50.13536736,-0.990682652
corridor_0,15139,7.677104115,50.30212304,-0.823926976
corridor_0,15140,7.801867603,50.42688653,-0.699163487
corridor_0,15141,7.965201496,50.59022042,-0.535829595
corridor_0,15142,7.997878193,50.62289712,-0.503152898
corridor_0,15143,7.875300526,50.50031945,-0.625730565
corridor_0,15144,7.781008839,50.40602776,-0.720022252
corridor_0,15145,7.642768025,50.26778695,-0.858263066
corridor_0,15146,7.444579243,50.06959817,-1.056451848
corridor_0,15147,7.196585774,49.8216047,-1.304445317
corridor_0,15148,6.959128498,49.58414742,-1.541902593
corridor_0,15149,6.655188679,49.2802076,-1.845842412
corridor_0,15150,6.417929768,49.04294869,-2.083101323
corridor_0,15151,6.032080769,48.65709969,-2.468950322
corridor_0,15152,5.601943134,48.22696206,-2.899087956
corridor_0,15153,5.140753864,47.76577279,-3.360277226
corridor_0,15154,4.524344563,47.14936349,-3.976686528
corridor_0,15155,3.994044422,46.61906335,-4.506986669
corridor_0,15156,2.939616322,45.56463525,-5.561414769
corridor_0,15157,2.381938099,45.00695702,-6.119092992
corridor_0,15158,1.907763599,44.53278252,-6.593267491
corridor_0,15159,1.325137257,43.95015618,-7.175893834
corridor_0,15160,0.733080982,43.35809991,-7.767950109
corridor_0,15161,0.250300526,42.87531945,-8.250730565
corridor_0,15162,-0.606301189,42.01871774,-9.10733228
corridor_0,15163,-1.635826946,40.98919198,-10.13685804
corridor_0,15164,-3.195729137,39.42928979,-11.69676023
corridor_0,15165,-6.040909649,36.58410928,-14.54194074
corridor_0,15177,-13.82647407,28.79854485,-22.32750516
corridor_0,15178,-8.820170284,33.80484864,-17.32120138
corridor_0,15179,-5.019108654,37.60591027,-13.52013974
corridor_0,15180,-3.689999462,38.93501946,-12.19103055
corridor_0,15181,-2.268189312,40.35682961,-10.7692204
corridor_0,15182,-1.368531109,41.25648782,-9.8695622
corridor_0,15183,-0.368584515,42.25643441,-8.869615605
corridor_0,15184,0.149867176,42.7748861,-8.351163915
corridor_0,15185,0.947539448,43.57255837,-7.553491643
corridor_0,15186,1.402472614,44.02749154,-7.098558476
corridor_0,15187,2.0923568,44.71737572,-6.408674291
corridor_0,15188,2.637854694,45.26287362,-5.863176396
corridor_0,15189,3.174780964,45.79979989,-5.326250127
corridor_0,15190,3.574603199,46.19962212,-4.926427892
corridor_0,15191,3.947848438,46.57286736,-4.553182652
corridor_0,15192,4.314063191,46.93908212,-4.1869679
corridor_0,15193,4.638007282,47.26302621,-3.863023808
corridor_0,15194,4.888991474,47.5140104,-3.612039617
corridor_0,15195,5.059146046,47.68416497,-3.441885045
corridor_0,15196,5.229445576,47.8544645,-3.271585515
corridor_0,15197,5.291930317,47.91694924,-3.209100774
corridor_0,15198,5.371123432,47.99614236,-3.129907659
corridor_0,15199,5.375521778,48.0005407,-3.125509313
corridor_0,15200,5.363326191,47.98834512,-3.1377049
corridor_0,15201,5.319747089,47.94476601,-3.181284001
corridor_0,15202,5.23858559,47.86360451,-3.2624455
corridor_0,15203,5.071272968,47.69629189,-3.429758122
corridor_0,15204,4.860495686,47.48551461,-3.640535405
corridor_0,15205,4.601313709,47.22633263,-3.899717381
corridor_0,15206,4.324366688,46.94938561,-4.176664403
corridor_0,15207,4.012263416,46.63728234,-4.488767674
corridor_0,15208,3.693469166,46.31848809,-4.807561925
corridor_0,15209,3.371886372,45.9969053,-5.129144719
corridor_0,15210,2.74016869,45.36518761,-5.760862401
corridor_0,15211,2.312857746,44.93787667,-6.188173345
corridor_0,15212,1.710143208,44.33516213,-6.790887883
corridor_0,15213,1.220111012,43.84512994,-7.280920079
corridor_0,15214,0.556845783,43.18186471,-7.944185308
corridor_0,15215,-0.196328045,42.42869088,-8.697359136
corridor_0,15216,-0.743683697,41.88133523,-9.244714787
corridor_0,15217,-1.580246807,41.04477212,-10.0812779
corridor_0,15218,-2.817784191,39.80723473,-11.31881528
corridor_0,15219,-3.948899151,38.67611977,-12.44993024
corridor_0,15220,-5.922335506,36.70268342,-14.4233666
corridor_0,15221,-9.159428478,33.46559045,-17.66045957
corridor_0,15244,-14.00758636,28.61743256,-22.50861745
corridor_0,15245,-7.777645946,34.84737298,-16.27867704
corridor_0,15246,-5.159020306,37.46599862,-13.6600514
corridor_0,15247,-3.812088848,38.81293008,-12.31311994
corridor_0,15248,-2.691128612,39.93389031,-11.1921597
corridor_0,15249,-1.744484783,40.88053414,-10.24551587
corridor_0,15250,-0.888523937,41.73649499,-9.389555028
corridor_0,15251,-0.147194744,42.47782418,-8.648225835
corridor_0,15252,0.717761158,43.34278008,-7.783269933
corridor_0,15253,1.185690998,43.81070992,-7.315340093
corridor_0,15254,1.764056324,44.38907525,-6.736974767
corridor_0,15255,2.21489632,44.83991524,-6.28613477
corridor_0,15256,2.631365894,45.25638482,-5.869665196
corridor_0,15257,3.064498066,45.68951699,-5.436533025
corridor_0,15258,3.415370106,46.04038903,-5.085660985
corridor_0,15259,3.643599629,46.26861855,-4.857431462
corridor_0,15260,3.894351124,46.51937005,-4.606679967
corridor_0,15261,4.14275658,46.7677755,-4.35827451
corridor_0,15262,4.342566608,46.96758553,-4.158464482
corridor_0,15263,4.443946003,47.06896493,-4.057085088
corridor_0,15264,4.579585194,47.20460412,-3.921445897
corridor_0,15265,4.56363213,47.18865105,-3.937398961
corridor_0,15266,4.634337544,47.25935647,-3.866693547
corridor_0,15267,4.611228108,47.23624703,-3.889802983
corridor_0,15268,4.498885273,47.1239042,-4.002145818
corridor_0,15269,4.486178516,47.11119744,-4.014852574
corridor_0,15270,4.328158497,46.95317742,-4.172872594
corridor_0,15271,4.189097523,46.81411645,-4.311933568
corridor_0,15272,3.940508961,46.56552789,-4.56052213
corridor_0,15273,3.640895008,46.26591393,-4.860136083
corridor_0,15274,3.290228962,45.91524789,-5.210802129
corridor_0,15275,2.936122059,45.56114098,-5.564909032
corridor_0,15276,2.433531879,45.0585508,-6.067499211
corridor_0,15277,2.007315754,44.63233468,-6.493715337
corridor_0,15278,1.4792701,44.10428902,-7.021760991
corridor_0,15279,0.723761677,43.3487806,-7.777269414
corridor_0,15280,0.262866139,42.88788506,-8.238164952
corridor_0,15281,-0.604073406,42.02094552,-9.105104497
corridor_0,15282,-1.375847698,41.24917123,-9.876878789
corridor_0,15283,-2.24730003,40.37771889,-10.74833112
corridor_0,15284,-3.251225353,39.37379357,-11.75225644
corridor_0,15285,-4.961995006,37.66302392,-13.4630261
corridor_0,15286,-6.643980862,35.98103806,-15.14501195
corridor_0,15287,-13.7347306,28.89028832,-22.23576169
corridor_0,15301,-5.997921825,36.6270971,-14.49895292
corridor_0,15302,-3.149918438,39.47510049,-11.65094953
corridor_0,15303,-1.600907207,41.02411172,-10.1019383
corridor_0,15304,-0.600163341,42.02485558,-9.101194432
corridor_0,15305,-0.091725231,42.53329369,-8.592756322
corridor_0,15306,0.70173943,43.32675835,-7.799291661
corridor_0,15307,1.185950398,43.81096932,-7.315080693
corridor_0,15308,1.899802326,44.52482125,-6.601228765
corridor_0,15309,2.33158028,44.9565992,-6.16945081
corridor_0,15310,2.863307118,45.48832604,-5.637723973
corridor_0,15311,3.2723037,45.89732262,-5.228727391
corridor_0,15312,4.258273243,46.88329217,-4.242757848
corridor_0,15313,4.799376606,47.42439553,-3.701654485
corridor_0,15314,5.301039814,47.92605874,-3.199991277
corridor_0,15315,5.637911915,48.26293084,-2.863119176
corridor_0,15316,5.996016621,48.62103555,-2.50501447
corridor_0,15317,6.300410389,48.92542931,-2.200620702
corridor_0,15318,6.521571278,49.1465902,-1.979459813
corridor_0,15319,6.736666798,49.36168572,-1.764364293
corridor_0,15320,6.839579701,49.46459863,-1.66145139
corridor_0,15321,6.986220478,49.6112394,-1.514810613
corridor_0,15322,7.085078358,49.71009728,-1.415952733
corridor_0,15323,7.155757069,49.78077599,-1.345274022
corridor_0,15324,7.115920185,49.74093911,-1.385110906
corridor_0,15325,6.952586292,49.57760522,-1.548444798
corridor_0,15326,6.870383381,49.49540231,-1.63064771
corridor_0,15327,6.691687702,49.31670663,-1.809343389
corridor_0,15328,6.522643208,49.14766213,-1.978387883
corridor_0,15329,6.26524651,48.89026543,-2.235784581
corridor_0,15330,5.933226704,48.55824563,-2.567804387
corridor_0,15331,5.621634602,48.24665353,-2.879396489
corridor_0,15332,5.240409016,47.86542794,-3.260622075
corridor_0,15333,4.710600971,47.3356199,-3.79043012
corridor_0,15334,4.327258228,46.95227715,-4.173772862
corridor_0,15335,3.81343758,46.4384565,-4.687593511
corridor_0,15336,3.186461567,45.81148049,-5.314569524
corridor_0,15337,2.597552418,45.22257134,-5.903478673
corridor_0,15338,1.972834705,44.59785363,-6.528196385
corridor_0,15339,1.306841969,43.93186089,-7.194189122
corridor_0,15340,0.596907734,43.22192666,-7.904123357
corridor_0,15341,-0.171437145,42.45358178,-8.672468236
corridor_0,15342,-0.996010662,41.62900826,-9.497041753
corridor_0,15343,-1.907444836,40.71757409,-10.40847593
corridor_0,15344,-2.939850689,39.68516824,-11.44088178
corridor_0,15345,-4.577023388,38.04799554,-13.07805448
corridor_0,15346,-9.070744396,33.55427453,-17.57177549
corridor_0,15376,-6.732994915,35.89202401,-15.23402601
corridor_0,15377,-4.43089378,38.19412514,-12.93192487
corridor_0,15378,-2.803906322,39.8211126,-11.30493741
corridor_0,15379,-1.521199108,41.10381982,-10.0222302
corridor_0,15380,-0.667733074,41.95728585,-9.168764165
corridor_0,15381,0.101390003,42.72640893,-8.399641088
corridor_0,15382,0.813258289,43.43827721,-7.687772801
corridor_0,15383,1.471549152,44.09656808,-7.029481938
corridor_0,15384,2.087649464,44.71266839,-6.413381627
corridor_0,15385,2.666419148,45.29143807,-5.834611943
corridor_0,15386,3.204989552,45.83000848,-5.296041539
corridor_0,15387,3.71376717,46.33878609,-4.787263921
corridor_0,15388,4.119650959,46.74466988,-4.381380132
corridor_0,15389,4.557696461,47.18271539,-3.94333463
corridor_0,15390,4.945914387,47.57093331,-3.555116704
corridor_0,15391,5.249629139,47.87464806,-3.251401952
corridor_0,15392,5.498633503,48.12365243,-3.002397588
corridor_0,15393,5.72220528,48.3472242,-2.77882581
corridor_0,15394,5.909392475,48.5344114,-2.591638616
corridor_0,15395,6.063113331,48.68813226,-2.43791776
corridor_0,15396,6.171378254,48.79639718,-2.329652837
corridor_0,15397,6.267741322,48.89276025,-2.233289769
corridor_0,15398,6.305628895,48.93064782,-2.195402196
corridor_0,15399,6.309493183,48.93451211,-2.191537908
corridor_0,15400,6.260604023,48.88562295,-2.240427068
corridor_0,15401,6.114882588,48.73990151,-2.386148503
corridor_0,15402,5.999728321,48.62474725,-2.50130277
corridor_0,15403,5.800891041,48.42590997,-2.70014005
corridor_0,15404,5.573859333,48.19887826,-2.927171758
corridor_0,15405,5.272521137,47.89754006,-3.228509954
corridor_0,15406,4.809031605,47.43405053,-3.691999486
corridor_0,15407,4.289843678,46.9148626,-4.211187413
corridor_0,15408,3.652815937,46.27783486,-4.848215154
corridor_0,15409,3.037901997,45.66292092,-5.463129094
corridor_0,15410,2.549029469,45.17404839,-5.952001622
corridor_0,15411,2.138453602,44.76347253,-6.362577489
corridor_0,15412,1.595458149,44.22047707,-6.905572942
corridor_0,15413,1.140177845,43.76519677,-7.360853246
corridor_0,15414,0.674666523,43.29968545,-7.826364568
corridor_0,15415,-0.134068371,42.49095055,-8.635099462
corridor_0,15416,-0.828640819,41.79637811,-9.32967191
corridor_0,15417,-1.855778576,40.76924035,-10.35680967
corridor_0,15418,-3.126484753,39.49853417,-11.62751584
corridor_0,15419,-5.304032207,37.32098672,-13.8050633
corridor_0,15435,-10.74525154,31.87976739,-19.24628263
corridor_0,15436,-6.613306881,36.01171204,-15.11433797
corridor_0,15437,-4.420006634,38.20501229,-12.92103772
corridor_0,15438,-3.649754406,38.97526452,-12.1507855
corridor_0,15439,-2.275307537,40.34971139,-10.77633863
corridor_0,15440,-1.433445812,41.19157311,-9.934476903
corridor_0,15441,-0.671364666,41.95365426,-9.172395757
corridor_0,15442,0.020548939,42.64556786,-8.480482152
corridor_0,15443,0.657832264,43.28285119,-7.843198827
corridor_0,15444,1.2305938,43.85561272,-7.270437291
corridor_0,15445,1.774798512,44.39981744,-6.726232579
corridor_0,15446,2.162131428,44.78715035,-6.338899663
corridor_0,15447,2.52279961,45.14781853,-5.978231481
corridor_0,15448,2.93787682,45.56289574,-5.563154271
corridor_0,15449,3.21345818,45.8384771,-5.287572911
corridor_0,15450,3.393408894,46.01842782,-5.107622197
corridor_0,15451,3.532591938,46.15761086,-4.968439153
corridor_0,15452,3.707072376,46.3320913,-4.793958714
corridor_0,15453,3.788329243,46.41334817,-4.712701848
corridor_0,15454,3.871882557,46.49690148,-4.629148534
corridor_0,15455,3.898501515,46.52352044,-4.602529576
corridor_0,15456,3.819678425,46.44469735,-4.681352666
corridor_0,15457,3.776526569,46.40154549,-4.724504521
corridor_0,15458,3.717703938,46.34272286,-4.783327153
corridor_0,15459,3.630019306,46.25503823,-4.871011785
corridor_0,15460,3.426436543,46.05145547,-5.074594548
corridor_0,15461,3.19342339,45.81844231,-5.307607701
corridor_0,15462,2.956782459,45.58180138,-5.544248631
corridor_0,15463,2.708201527,45.33322045,-5.792829564
corridor_0,15464,2.292048573,44.9170675,-6.208982518
corridor_0,15465,1.953246235,44.57826516,-6.547784856
corridor_0,15466,1.559893726,44.18491265,-6.941137364
corridor_0,15467,0.971221088,43.59624001,-7.529810002
corridor_0,15468,0.513022541,43.13804147,-7.98800855
corridor_0,15469,-0.152897716,42.47212121,-8.653928807
corridor_0,15470,-0.677868725,41.9471502,-9.178899816
corridor_0,15471,-1.445660473,41.17935845,-9.946691564
corridor_0,15472,-2.314617992,40.31040093,-10.81564908
corridor_0,15473,-3.325257183,39.29976174,-11.82628827
corridor_0,15474,-4.511498333,38.11352059,-13.01252942
corridor_0,15475,-6.729260326,35.8957586,-15.23029142
corridor_0,15476,-13.8372258,28.78779313,-22.33825689
corridor_0,15502,-9.071301342,33.55371758,-17.57233243
corridor_0,15503,-6.619574428,36.0054445,-15.12060552
corridor_0,15504,-4.449196697,38.17582223,-12.95022779
corridor_0,15505,-3.28170097,39.34331795,-11.78273206
corridor_0,15506,-2.300881267,40.32413766,-10.80191236
corridor_0,15507,-1.707226635,40.91779229,-10.20825773
corridor_0,15508,-0.917435528,41.7075834,-9.418466619
corridor_0,15509,-0.203423382,42.42159554,-8.704454473
corridor_0,15510,0.269286274,42.8943052,-8.231744817
corridor_0,15511,0.700068592,43.32508752,-7.800962499
corridor_0,15512,1.227542042,43.85256097,-7.273489049
corridor_0,15513,1.587649464,44.21266839,-6.913381627
corridor_0,15514,1.91658318,44.5416021,-6.584447911
corridor_0,15515,2.151736378,44.7767553,-6.349294713
corridor_0,15516,2.495852589,45.12087151,-6.005178502
corridor_0,15517,2.716517567,45.34153649,-5.784513524
corridor_0,15518,2.737883686,45.36290261,-5.763147405
corridor_0,15519,2.917212605,45.54223153,-5.583818486
corridor_0,15520,3.054671406,45.67969033,-5.446359685
corridor_0,15521,3.07635796,45.70137688,-5.424673131
corridor_0,15522,3.078478931,45.70349786,-5.422552159
corridor_0,15523,3.062502979,45.6875219,-5.438528111
corridor_0,15524,3.029200672,45.6542196,-5.471830419
corridor_0,15525,2.867949604,45.49296853,-5.633081487
corridor_0,15526,2.77185738,45.3968763,-5.729173711
corridor_0,15527,2.551444172,45.1764631,-5.949586919
corridor_0,15528,2.300463795,44.92548272,-6.200567296
corridor_0,15529,2.132990955,44.75800988,-6.368040135
corridor_0,15530,1.785628437,44.41064736,-6.715402654
corridor_0,15531,1.426257252,44.05127618,-7.074773839
corridor_0,15532,1.060980915,43.68599984,-7.440050176
corridor_0,15533,0.528636097,43.15365502,-7.972394994
corridor_0,15534,-0.07692802,42.5480909,-8.577959111
corridor_0,15535,-0.75352943,41.87148949,-9.254560521
corridor_0,15536,-1.496209026,41.1288099,-9.997240117
corridor_0,15537,-2.340187908,40.28483102,-10.841219
corridor_0,15538,-3.310498119,39.31452081,-11.81152921
corridor_0,15539,-4.975582958,37.64943597,-13.47661405
corridor_0,15540,-6.623562694,36.00145623,-15.12459379
corridor_0,15541,-10.72734344,31.89767548,-19.22837453
corridor_0,15559,-5.939270855,36.68574807,-14.44030195
corridor_0,15560,-3.133614422,39.4914045,-11.63464551
corridor_0,15561,-1.885807873,40.73921105,-10.38683896
corridor_0,15562,-1.093312145,41.53170678,-9.594343236
corridor_0,15563,-0.171688915,42.45333001,-8.672720006
corridor_0,15564,0.300612568,42.92563149,-8.200418523
corridor_0,15565,1.062758564,43.68777749,-7.438272527
corridor_0,15566,1.484316944,44.10933587,-7.016714147
corridor_0,15567,2.006560444,44.63157937,-6.494470647
corridor_0,15568,2.394553303,45.01957223,-6.106477788
corridor_0,15569,2.76631081,45.39132973,-5.734720281
corridor_0,15570,3.121249317,45.74626824,-5.379781774
corridor_0,15571,3.699786305,46.32480523,-4.801244786
corridor_0,15572,4.220038532,46.84505746,-4.280992558
corridor_0,15573,4.704466938,47.32948586,-3.796564153
corridor_0,15574,5.087062,47.71208092,-3.41396909
corridor_0,15575,5.270163654,47.89518258,-3.230867436
corridor_0,15576,5.374076008,47.99909493,-3.126955083
corridor_0,15577,5.484233021,48.10925195,-3.01679807
corridor_0,15578,5.514117359,48.13913628,-2.986913732
corridor_0,15579,5.553149342,48.17816827,-2.947881749
corridor_0,15580,5.456790089,48.08180901,-3.044241002
corridor_0,15581,5.38469231,48.00971123,-3.11633878
corridor_0,15582,5.322398304,47.94741723,-3.178632787
corridor_0,15583,5.115569233,47.74058816,-3.385461858
corridor_0,15584,4.970343708,47.59536263,-3.530687383
corridor_0,15585,4.709616779,47.3346357,-3.791414311
corridor_0,15586,4.526293873,47.1513128,-3.974737218
corridor_0,15587,4.175673603,46.80069253,-4.325357488
corridor_0,15588,3.855898975,46.4809179,-4.645132115
corridor_0,15589,3.432341694,46.05736062,-5.068689397
corridor_0,15590,2.961947559,45.58696648,-5.539083531
corridor_0,15591,2.451907276,45.0769262,-6.049123815
corridor_0,15592,1.903262257,44.52828118,-6.597768834
corridor_0,15593,1.439166187,44.06418511,-7.061864903
corridor_0,15594,0.813368916,43.43838784,-7.687662175
corridor_0,15595,0.13715279,42.76217171,-8.363878301
corridor_0,15596,-0.604611278,42.02040765,-9.105642369
corridor_0,15597,-1.425236584,41.19978234,-9.926267674
corridor_0,15598,-2.356930614,40.26808831,-10.85796171
corridor_0,15599,-3.82574165,38.79927727,-12.32677274
corridor_0,15600,-5.201947094,37.42307183,-13.70297818
corridor_0,15601,-9.09419334,33.53082558,-17.59522443
corridor_0,15633,-8.924858929,33.70016,-17.42589002
corridor_0,15634,-5.073132397,37.55188653,-13.57416349
corridor_0,15635,-3.724858166,38.90016076,-12.22588926
corridor_0,15636,-2.289055706,40.33596322,-10.7900868
corridor_0,15637,-1.393051983,41.23196694,-9.894083074
corridor_0,15638,-0.812031628,41.8129873,-9.313062718
corridor_0,15639,-0.068386913,42.55663201,-8.569418004
corridor_0,15640,0.75811684,43.38313576,-7.74291425
corridor_0,15641,1.219481587,43.84450051,-7.281549504
corridor_0,15642,1.790461659,44.41548058,-6.710569432
corridor_0,15643,2.300082325,44.92510125,-6.200948766
corridor_0,15644,2.661502003,45.28652093,-5.839529088
corridor_0,15645,3.086764454,45.71178338,-5.414266637
corridor_0,15646,3.476035236,46.10105416,-5.024995854
corridor_0,15647,3.738314747,46.36333367,-4.762716344
corridor_0,15648,4.04542458,46.6704435,-4.455606511
corridor_0,15649,4.168856739,46.79387566,-4.332174352
corridor_0,15650,4.386672138,47.01169106,-4.114358953
corridor_0,15651,4.532164692,47.15718362,-3.968866399
corridor_0,15652,4.589202046,47.21422097,-3.911829045
corridor_0,15653,4.725951313,47.35097024,-3.775079778
corridor_0,15654,4.733683704,47.35870263,-3.767347386
corridor_0,15655,4.748351215,47.37337014,-3.752679875
corridor_0,15656,4.665846943,47.29086587,-3.835184148
corridor_0,15657,4.623004078,47.248023,-3.878027013
corridor_0,15658,4.355441212,46.98046014,-4.145589879
corridor_0,15659,4.04699242,46.67201134,-4.454038671
corridor_0,15660,3.482150196,46.10716912,-5.018880895
corridor_0,15661,3.018141865,45.64316079,-5.482889226
corridor_0,15662,2.697127461,45.32214639,-5.80390363
corridor_0,15663,2.354022144,44.97904107,-6.147008946
corridor_0,15664,1.991442799,44.61646172,-6.509588292
corridor_0,15665,1.609889149,44.23490807,-6.891141942
corridor_0,15666,1.208418964,43.83343789,-7.292612126
corridor_0,15667,0.651942371,43.2769613,-7.849088719
corridor_0,15668,0.213732838,42.83875176,-8.287298253
corridor_0,15669,-0.631417156,41.99360177,-9.132448247
corridor_0,15670,-1.144612194,41.48040673,-9.645643285
corridor_0,15671,-2.217972637,40.40704629,-10.71900373
corridor_0,15672,-3.155949474,39.46906945,-11.65698057
corridor_0,15673,-5.961550594,36.66346833,-14.46258169
corridor_0,15693,-10.75870597,31.86631295,-19.25973707
corridor_0,15694,-6.667490841,35.95752808,-15.16852193
corridor_0,15695,-5.0392617,37.58575722,-13.54029279
corridor_0,15696,-3.779946209,38.84507272,-12.2809773
corridor_0,15697,-2.422451855,40.20256707,-10.92348295
corridor_0,15698,-1.603905559,41.02111337,-10.10493665
corridor_0,15699,-0.872631908,41.75238702,-9.373662999
corridor_0,15700,-0.420983196,42.20403573,-8.922014287
corridor_0,15701,0.331427692,42.95644662,-8.169603398
corridor_0,15702,0.67980492,43.30482384,-7.821226171
corridor_0,15703,1.035475849,43.66049477,-7.465555242
corridor_0,15704,1.378359913,44.00337884,-7.122671178
corridor_0,15705,1.561965107,44.18698403,-6.939065984
corridor_0,15706,1.816558003,44.44157693,-6.684473088
corridor_0,15707,2.027804493,44.65282342,-6.473226598
corridor_0,15708,2.12511742,44.75013634,-6.375913671
corridor_0,15709,2.300681233,44.92570016,-6.200349858
corridor_0,15710,2.336073994,44.96109292,-6.164957097
corridor_0,15711,2.251341938,44.87636086,-6.249689153
corridor_0,15712,2.353968739,44.97898766,-6.147062352
corridor_0,15713,2.233161091,44.85818002,-6.26787
corridor_0,15714,2.182292103,44.80731103,-6.318738988
corridor_0,15715,1.996699452,44.62171838,-6.504331639
corridor_0,15716,1.895796894,44.52081582,-6.605234197
corridor_0,15717,1.670188068,44.29520699,-6.830843022
corridor_0,15718,1.401602863,44.02662179,-7.099428227
corridor_0,15719,1.127673267,43.75269219,-7.373357823
corridor_0,15720,0.822714924,43.44773385,-7.678316167
corridor_0,15721,0.471465229,43.09648415,-8.029565862
corridor_0,15722,-0.091984631,42.53303429,-8.593015721
corridor_0,15723,-0.518944622,42.1060743,-9.019975713
corridor_0,15724,-1.207264782,41.41775414,-9.708295873
corridor_0,15725,-1.760048748,40.86497018,-10.26107984
corridor_0,15726,-2.627381206,39.99763772,-11.1284123
corridor_0,15727,-3.659836651,38.96518227,-12.16086774
corridor_0,15728,-4.929436565,37.69558236,-13.43046766
corridor_0,15729,-6.5672673,36.05775162,-15.06829839
corridor_0,15730,-8.986758114,33.63826081,-17.4877892
corridor_0,15731,-13.98663223,28.6383867,-22.48766332
corridor_0,15759,-13.94375694,28.68126199,-22.44478803
corridor_0,15760,-8.974383236,33.65063569,-17.47541433
corridor_0,15761,-6.568230511,36.05678841,-15.0692616
corridor_0,15762,-4.934140087,37.69087884,-13.43517118
corridor_0,15763,-3.695637585,38.92938134,-12.19666868
corridor_0,15764,-3.041008831,39.58401009,-11.54203992
corridor_0,15765,-2.118664623,40.5063543,-10.61969571
corridor_0,15766,-1.365761639,41.25925729,-9.866792729
corridor_0,15767,-0.926125408,41.69889352,-9.427156499
corridor_0,15768,-0.517605663,42.10741326,-9.018636754
corridor_0,15769,0.029517292,42.65453622,-8.471513799
corridor_0,15770,0.351065754,42.97608468,-8.149965337
corridor_0,15771,0.662657856,43.28767678,-7.838373235
corridor_0,15772,0.933177113,43.55819604,-7.567853978
corridor_0,15773,1.030703663,43.65572259,-7.470327428
corridor_0,15774,1.248461842,43.87348077,-7.252569249
corridor_0,15775,1.439189076,44.064208,-7.061842015
corridor_0,15776,1.485194325,44.11021325,-7.015836766
corridor_0,15777,1.623686909,44.24870583,-6.877344182
corridor_0,15778,1.502417683,44.12743661,-6.998613408
corridor_0,15779,1.485365986,44.11038491,-7.015665105
corridor_0,15780,1.556281208,44.18130013,-6.944749883
corridor_0,15781,1.387309193,44.01232812,-7.113721898
corridor_0,15782,1.297278523,43.92229745,-7.203752568
corridor_0,15783,1.066039204,43.69105813,-7.434991887
corridor_0,15784,0.768492817,43.39351174,-7.732538274
corridor_0,15785,0.448985218,43.07400414,-8.052045873
corridor_0,15786,0.259970783,42.88498971,-8.241060308
corridor_0,15787,-0.072689892,42.55232903,-8.573720983
corridor_0,15788,-0.849213482,41.77580544,-9.350244573
corridor_0,15789,-1.280854107,41.34416482,-9.781885198
corridor_0,15790,-2.036373974,40.58864495,-10.53740506
corridor_0,15791,-2.88943565,39.73558327,-11.39046674
corridor_0,15792,-3.898110271,38.72690865,-12.39914136
corridor_0,15793,-5.75888908,36.86612984,-14.25992017
corridor_0,15794,-7.677746654,34.94727227,-16.17877775
corridor_0,15795,-10.8337239,31.79129502,-19.33475499
corridor_0,15817,-6.775118709,35.84990022,-15.2761498
corridor_0,15818,-3.596943737,39.02807519,-12.09797483
corridor_0,15819,-2.283097149,40.34192178,-10.78412824
corridor_0,15820,-1.721096874,40.90392205,-10.22212796
corridor_0,15821,-0.739136578,41.88588235,-9.240167668
corridor_0,15822,-0.278466106,42.34655282,-8.779497197
corridor_0,15823,0.497714161,43.12273309,-8.00331693
corridor_0,15824,0.907538532,43.53255746,-7.593492558
corridor_0,15825,1.293318867,43.91833779,-7.207712224
corridor_0,15826,1.656279682,44.28129861,-6.844751409
corridor_0,15827,2.000617146,44.62563607,-6.500413945
corridor_0,15828,2.321292042,44.94631097,-6.179739049
corridor_0,15829,2.615336536,45.24035546,-5.885694554
corridor_0,15830,2.795340656,45.42035958,-5.705690434
corridor_0,15831,2.962828754,45.58784768,-5.538202336
corridor_0,15832,3.186801075,45.81182,-5.314230016
corridor_0,15833,3.690337299,46.31535622,-4.810693791
corridor_0,15834,3.974867939,46.59988686,-4.526163152
corridor_0,15835,3.940672993,46.56569192,-4.560358098
corridor_0,15836,3.955031513,46.58005044,-4.545999578
corridor_0,15837,3.861170887,46.48618981,-4.639860204
corridor_0,15838,3.73972237,46.36474129,-4.761308721
corridor_0,15839,3.604033588,46.22905251,-4.896997502
corridor_0,15840,3.37745583,46.00247475,-5.123575261
corridor_0,15841,3.258734821,45.88375375,-5.242296269
corridor_0,15842,2.94707024,45.57208916,-5.553960851
corridor_0,15843,2.678160786,45.30317971,-5.822870305
corridor_0,15844,2.284373402,44.90939233,-6.216657689
corridor_0,15845,1.848860859,44.47387978,-6.652170232
corridor_0,15846,1.48631966,44.11133858,-7.014711431
corridor_0,15847,1.0923568,43.71737572,-7.408674291
corridor_0,15848,0.505744099,43.13076302,-7.995286992
corridor_0,15849,-0.137997509,42.48702142,-8.6390286
corridor_0,15850,-0.639725567,41.98529336,-9.140756658
corridor_0,15851,-1.403649212,41.22136971,-9.904680303
corridor_0,15852,-2.271382214,40.35363671,-10.7724133
corridor_0,15853,-3.279156567,39.34586236,-11.78018766
corridor_0,15854,-4.473648907,38.15137002,-12.97468
corridor_0,15855,-6.701798321,35.9232206,-15.20282941
corridor_0,15890,-10.7955159,31.82950303,-19.29654699
corridor_0,15891,-6.642052532,35.98296639,-15.14308362
corridor_0,15892,-4.967408062,37.65761086,-13.46843915
corridor_0,15893,-3.675774456,38.94924447,-12.17680555
corridor_0,15894,-2.614586712,40.01043221,-11.1156178
corridor_0,15895,-1.71648872,40.9085302,-10.21751981
corridor_0,15896,-0.937836529,41.6871824,-9.43886762
corridor_0,15897,-0.446171642,42.17884728,-8.947202733
corridor_0,15898,0.18591988,42.8109388,-8.315111211
corridor_0,15899,0.584616779,43.2096357,-7.916414311
corridor_0,15900,0.959529041,43.58454797,-7.541502049
corridor_0,15901,1.438410877,44.0634298,-7.062620214
corridor_0,15902,1.743220448,44.36823937,-6.757810643
corridor_0,15903,2.120593189,44.74561211,-6.380437901
corridor_0,15904,2.357325672,44.9823446,-6.143705419
corridor_0,15905,2.459521412,45.08454034,-6.041509679
corridor_0,15906,2.624987721,45.25000665,-5.87604337
corridor_0,15907,2.761725544,45.38674447,-5.739305547
corridor_0,15908,2.797080158,45.42209908,-5.703950933
corridor_0,15909,2.728240131,45.35325906,-5.772790959
corridor_0,15910,2.531901478,45.1569204,-5.969129613
corridor_0,15911,2.595732807,45.22075173,-5.905298284
corridor_0,15912,2.442546009,45.06756493,-6.058485082
corridor_0,15913,2.35383141,44.97885033,-6.147199681
corridor_0,15914,2.22744286,44.85246178,-6.273588231
corridor_0,15915,2.073760151,44.69877908,-6.42727094
corridor_0,15916,1.786955952,44.41197488,-6.714075139
corridor_0,15917,1.484736561,44.10975549,-7.01629453
corridor_0,15918,1.151038288,43.77605721,-7.349992803
corridor_0,15919,0.786868214,43.41188714,-7.714162877
corridor_0,15920,0.404383778,43.0294027,-8.096647313
corridor_0,15921,-0.00416267,42.62085625,-8.505193761
corridor_0,15922,-0.439312817,42.18570611,-8.940343907
corridor_0,15923,-1.106076122,41.5189428,-9.607107213
corridor_0,15924,-1.845139385,40.77987954,-10.34617048
corridor_0,15925,-3.031090618,39.59392831,-11.53212171
corridor_0,15926,-4.107785107,38.51723382,-12.6088162
corridor_0,15927,-7.808760525,34.8162584,-16.30979162
corridor_0,15952,-9.023859859,33.60115907,-17.52489095
corridor_0,15953,-5.915840984,36.70917794,-14.41687208
corridor_0,15954,-4.541561962,38.08345696,-13.04259305
corridor_0,15955,-3.4596833,39.16533562,-11.96071439
corridor_0,15956,-2.537690044,40.08732888,-11.03872114
corridor_0,15957,-1.768856884,40.85616204,-10.26988797
corridor_0,15958,-1.344246746,41.28077218,-9.845277837
corridor_0,15959,-0.724724651,41.90029427,-9.225755742
corridor_0,15960,-0.376900555,42.24811837,-8.877931645
corridor_0,15961,-0.038571239,42.58644769,-8.53960233
corridor_0,15962,0.261702656,42.88672158,-8.239328435
corridor_0,15963,0.371314167,42.99633309,-8.129716924
corridor_0,15964,0.597712635,43.22273156,-7.903318456
corridor_0,15965,0.506518482,43.13153741,-7.994512609
corridor_0,15966,0.706862568,43.33188149,-7.794168523
corridor_0,15967,0.731520771,43.3565397,-7.76951032
corridor_0,15968,0.589549183,43.21456811,-7.911481908
corridor_0,15969,0.719027638,43.34404656,-7.782003453
corridor_0,15970,0.531031727,43.15605065,-7.969999364
corridor_0,15971,0.477339863,43.10235879,-8.023691228
corridor_0,15972,0.254794239,42.87981316,-8.246236852
corridor_0,15973,-0.011227489,42.61379144,-8.51225858
corridor_0,15974,-0.306527019,42.31849191,-8.80755811
corridor_0,15975,-0.434243084,42.19077584,-8.935274175
corridor_0,15976,-1.002503277,41.62251565,-9.503534368
corridor_0,15977,-1.39226997,41.23274895,-9.893301061
corridor_0,15978,-1.835484386,40.78953454,-10.33651548
corridor_0,15979,-2.607582928,40.017436,-11.10861402
corridor_0,15980,-3.156876446,39.46814248,-11.65790754
corridor_0,15981,-4.22549522,38.3995237,-12.72652631
corridor_0,15982,-5.58159721,37.04342171,-14.0826283
corridor_0,15983,-6.597075344,36.02794358,-15.09810643
corridor_0,15984,-8.986996532,33.63802239,-17.48802762
corridor_0,15985,-13.93698013,28.6880388,-22.43801122
corridor_0,16018,-10.71907699,31.90594193,-19.22010808
corridor_0,16019,-7.573286892,35.05173203,-16.07431798
corridor_0,16020,-5.697979809,36.92703912,-14.1990109
corridor_0,16021,-4.373280407,38.25173852,-12.8743115
corridor_0,16022,-3.740696789,38.88432214,-12.24172788
corridor_0,16023,-2.806507946,39.81851098,-11.30753904
corridor_0,16024,-2.649525524,39.9754934,-11.15055661
corridor_0,16025,-2.191609264,40.43340966,-10.69264036
corridor_0,16026,-1.771138073,40.85388085,-10.27216916
corridor_0,16027,-1.156643749,41.46837518,-9.65767484
corridor_0,16028,-0.831501842,41.79351708,-9.332532933
corridor_0,16029,-0.568405987,42.05661294,-9.069437078
corridor_0,16030,-0.32120216,42.30381676,-8.822233251
corridor_0,16031,-0.276177288,42.34884164,-8.777208379
corridor_0,16032,-0.251667858,42.37335107,-8.752698949
corridor_0,16033,-0.235043407,42.38997552,-8.736074498
corridor_0,16034,-0.064179302,42.56083962,-8.565210393
corridor_0,16035,-0.093544842,42.53147408,-8.594575933
corridor_0,16036,-0.322472454,42.30254647,-8.823503545
corridor_0,16037,-0.382717968,42.24230096,-8.883749059
corridor_0,16038,-0.458390118,42.16662881,-8.959421208
corridor_0,16039,-0.561234356,42.06378457,-9.062265447
corridor_0,16040,-0.878544689,41.74647424,-9.37957578
corridor_0,16041,-1.232754589,41.39226434,-9.73378568
corridor_0,16042,-1.877621532,40.74739739,-10.37865262
corridor_0,16043,-2.306134106,40.31888482,-10.8071652
corridor_0,16044,-3.116806866,39.50821206,-11.61783796
corridor_0,16045,-4.089188457,38.53583047,-12.59021955
corridor_0,16046,-5.94251144,36.68250748,-14.44354253
corridor_0,16047,-9.020048977,33.60496995,-17.52108007
corridor_0,16076,-5.260445476,37.36457345,-13.76147657
corridor_0,16077,-3.555580975,39.06943795,-12.05661207
corridor_0,16078,-2.292977215,40.33204171,-10.79400831
corridor_0,16079,-1.775162579,40.84985635,-10.27619367
corridor_0,16080,-0.819630505,41.80538842,-9.320661595
corridor_0,16081,-0.391941906,42.23307702,-8.892972997
corridor_0,16082,0.009936451,42.63495538,-8.49109464
corridor_0,16083,0.385909199,43.01092812,-8.115121892
corridor_0,16084,0.731776356,43.35679528,-7.769254735
corridor_0,16085,1.046847462,43.67186639,-7.454183629
corridor_0,16086,1.341345905,43.96636483,-7.159685185
corridor_0,16087,1.35250008,43.977519,-7.148531011
corridor_0,16088,1.593928455,44.21894738,-6.907102635
corridor_0,16089,1.680544972,44.3055639,-6.820486119
corridor_0,16090,1.84355843,44.46857735,-6.657472661
corridor_0,16091,1.759955525,44.38497445,-6.741075566
corridor_0,16092,1.875952839,44.50097176,-6.625078252
corridor_0,16093,1.750220417,44.37523934,-6.750810674
corridor_0,16094,1.7123214,44.33734032,-6.788709691
corridor_0,16095,1.556109547,44.18112847,-6.944921544
corridor_0,16096,1.364749073,43.989768,-7.136282018
corridor_0,16097,1.25887215,43.88389108,-7.24215894
corridor_0,16098,0.997099995,43.62211892,-7.503931096
corridor_0,16099,0.702269672,43.3272886,-7.798761418
corridor_0,16100,0.378794788,43.00381371,-8.122236302
corridor_0,16101,0.183802723,42.80882165,-8.317228368
corridor_0,16102,-0.200955273,42.42406365,-8.701986363
corridor_0,16103,-0.827259899,41.79775903,-9.32829099
corridor_0,16104,-1.305935741,41.31908318,-9.806966832
corridor_0,16105,-2.098671795,40.52634713,-10.59970289
corridor_0,16106,-2.685143352,39.93987557,-11.18617444
corridor_0,16107,-3.717060924,38.907958,-12.21809202
corridor_0,16108,-4.977154613,37.64786431,-13.4781857
corridor_0,16109,-6.623942257,36.00107667,-15.12497335
corridor_0,16110,-10.74553382,31.8794851,-19.24656492
corridor_0,16148,-10.74186981,31.88314912,-19.2429009
corridor_0,16149,-7.562529446,35.06248948,-16.06356054
corridor_0,16150,-5.647507549,36.97751138,-14.14853864
corridor_0,16151,-4.246529461,38.37848946,-12.74756055
corridor_0,16152,-3.146317364,39.47870156,-11.64734845
corridor_0,16153,-2.24616325,40.37885567,-10.74719434
corridor_0,16154,-1.735092998,40.88992593,-10.23612409
corridor_0,16155,-1.272152782,41.35286614,-9.773183873
corridor_0,16156,-0.641411663,41.98360726,-9.142442754
corridor_0,16157,-0.46030891,42.16471001,-8.961340001
corridor_0,16158,-0.114209057,42.51080987,-8.615240148
corridor_0,16159,0.193698048,42.81871697,-8.307333043
corridor_0,16160,0.327757954,42.95277688,-8.173273137
corridor_0,16161,0.570025562,43.19504449,-7.931005528
corridor_0,16162,0.774405598,43.39942452,-7.726625493
corridor_0,16163,0.813651203,43.43867013,-7.687379888
corridor_0,16164,0.967555164,43.59257409,-7.533475926
corridor_0,16165,0.835444569,43.46046349,-7.665586522
corridor_0,16166,0.977713703,43.60273263,-7.523317388
corridor_0,16167,0.946089863,43.57110879,-7.554941228
corridor_0,16168,0.889529347,43.51454827,-7.611501744
corridor_0,16169,0.809210896,43.43422982,-7.691820195
corridor_0,16170,0.556441425,43.18146035,-7.944589665
corridor_0,16171,0.266364216,42.89138314,-8.234666875
corridor_0,16172,0.108870625,42.73388955,-8.392160466
corridor_0,16173,-0.062401653,42.56261727,-8.563432744
corridor_0,16174,-0.42540443,42.19961449,-8.926435521
corridor_0,16175,-1.040436626,41.5845823,-9.541467717
corridor_0,16176,-1.484875561,41.14014336,-9.985906651
corridor_0,16177,-2.247311474,40.37770745,-10.74834256
corridor_0,16178,-3.133534313,39.49148461,-11.6345654
corridor_0,16179,-4.173230053,38.45178887,-12.67426114
corridor_0,16180,-6.846716762,35.77830216,-15.34774785
corridor_0,16212,-9.135323406,33.48969552,-17.6363545
corridor_0,16213,-6.041046978,36.58397195,-14.54207807
corridor_0,16214,-4.203961254,38.42105767,-12.70499234
corridor_0,16215,-3.258705975,39.36631295,-11.75973707
corridor_0,16216,-2.463650585,40.16136834,-10.96468168
corridor_0,16217,-2.049771191,40.57524773,-10.55080228
corridor_0,16218,-1.931019665,40.69399926,-10.43205076
corridor_0,16219,-1.571129681,41.05388924,-10.07216077
corridor_0,16220,-1.256432415,41.36858651,-9.757463506
corridor_0,16221,-1.193875194,41.43114373,-9.694906285
corridor_0,16222,-1.148869396,41.47614953,-9.649900487
corridor_0,16223,-1.12059486,41.50442406,-9.621625951
corridor_0,16224,-1.10490501,41.52011391,-9.605936101
corridor_0,16225,-1.338097454,41.28692147,-9.839128545
corridor_0,16226,-1.5935601,41.03145882,-10.09459119
corridor_0,16227,-1.611546398,41.01347253,-10.11257749
corridor_0,16228,-1.924263836,40.70075509,-10.42529493
corridor_0,16229,-2.282868267,40.34215066,-10.78389936
corridor_0,16230,-2.672158123,39.9528608,-11.17318921
corridor_0,16231,-2.809056164,39.81596276,-11.31008725
corridor_0,16232,-3.27293861,39.35208031,-11.7739697
corridor_0,16233,-3.808667065,38.81635186,-12.30969816
corridor_0,16234,-4.903050304,37.72196862,-13.4040814
corridor_0,16235,-5.681279064,36.94373986,-14.18231015
corridor_0,16236,-7.496857525,35.1281614,-15.99788862
corridor_0,16237,-7.697756649,34.92726228,-16.19878774
corridor_0,16238,-10.81640136,31.80861756,-19.31743245
corridor_0,16277,-10.74649704,31.87852189,-19.24752813
corridor_0,16278,-7.698834301,34.92618462,-16.19986539
corridor_0,16279,-6.649098278,35.97592065,-15.15012937
corridor_0,16280,-6.499388576,36.12563035,-15.00041967
corridor_0,16281,-5.046917797,37.57810113,-13.54794889
corridor_0,16282,-4.416642071,38.20837685,-12.91767316
corridor_0,16283,-3.839920879,38.78509805,-12.34095197
corridor_0,16284,-3.775357128,38.8496618,-12.27638822
corridor_0,16285,-3.31754005,39.30747887,-11.81857114
corridor_0,16286,-2.936783672,39.68823525,-11.43781476
corridor_0,16287,-2.927430035,39.69758889,-11.42846113
corridor_0,16288,-2.595383526,40.0296354,-11.09641462
corridor_0,16289,-2.305096508,40.31992242,-10.8061276
corridor_0,16290,-2.334038616,40.29098031,-10.83506971
corridor_0,16291,-2.375286938,40.24973199,-10.87631803
corridor_0,16292,-2.426396252,40.19862267,-10.92742734
corridor_0,16293,-2.492142559,40.13287637,-10.99317365
corridor_0,16294,-2.569012524,40.0560064,-11.07004361
corridor_0,16295,-2.990029217,39.63498971,-11.49106031
corridor_0,16296,-3.857899548,38.76711938,-12.35893064
corridor_0,16297,-5.477497936,37.14752099,-13.97852903
corridor_0,16335,-6.818852306,35.80616662,-15.3198834
corridor_0,16336,-4.14018333,38.48483559,-12.64121442
corridor_0,16337,-3.121315838,39.50370309,-11.62234693
corridor_0,16338,-1.974438549,40.65058038,-10.47546964
corridor_0,16339,-1.529717327,41.0953016,-10.03074842
corridor_0,16340,-1.115715862,41.50930306,-9.616746953
corridor_0,16341,-0.722885967,41.90213296,-9.223917058
corridor_0,16342,-0.581601025,42.0434179,-9.082632115
corridor_0,16343,-0.260926128,42.3640928,-8.761957219
corridor_0,16344,0.006835102,42.63185403,-8.494195989
corridor_0,16345,-0.090737225,42.5342817,-8.591768315
corridor_0,16346,0.132884144,42.75790307,-8.368146947
corridor_0,16347,0.167563557,42.79258248,-8.333467534
corridor_0,16348,0.006564259,42.63158318,-8.494466832
corridor_0,16349,0.008822559,42.63384148,-8.492208531
corridor_0,16350,-0.000962139,42.62405679,-8.50199323
corridor_0,16351,-0.212181927,42.412837,-8.713213017
corridor_0,16352,-0.266095043,42.35892388,-8.767126134
corridor_0,16353,-0.528668285,42.09635064,-9.029699376
corridor_0,16354,-0.653328777,41.97169015,-9.154359868
corridor_0,16355,-0.97725761,41.64776131,-9.478288701
corridor_0,16356,-1.359619976,41.26539895,-9.860651067
corridor_0,16357,-2.059456707,40.56556222,-10.5604878
corridor_0,16358,-2.54108894,40.08392998,-11.04212003
corridor_0,16359,-2.741967083,39.88305184,-11.24299817
corridor_0,16360,-3.696171642,38.92884728,-12.19720273
corridor_0,16361,-4.374180675,38.25083825,-12.87521177
corridor_0,16362,-5.742218853,36.88280007,-14.24324994
corridor_0,16363,-7.635239483,34.98977944,-16.13627057
corridor_0,16364,-10.78570259,31.83931634,-19.28673368
corridor_0,16406,-13.83720672,28.7878122,-22.33823781
corridor_0,16407,-8.947794796,33.67722413,-17.44882589
corridor_0,16408,-7.508454204,35.11656472,-16.0094853
corridor_0,16409,-5.660881878,36.96413705,-14.16191297
corridor_0,16410,-4.848992229,37.7760267,-13.35002332
corridor_0,16411,-3.711449505,38.91356942,-12.2124806
corridor_0,16412,-3.146313549,39.47870538,-11.64734464
corridor_0,16413,-2.64945686,39.97556207,-11.15048795
corridor_0,16414,-1.92905891,40.69596001,-10.43009
corridor_0,16415,-1.812909008,40.81210992,-10.3139401
corridor_0,16416,-1.449581982,41.17543694,-9.950613072
corridor_0,16417,-1.144440533,41.48057839,-9.645471623
corridor_0,16418,-1.092263103,41.53275582,-9.593294194
corridor_0,16419,-1.069886089,41.55513284,-9.57091718
corridor_0,16420,-1.062107922,41.562911,-9.563139012
corridor_0,16421,-0.861946941,41.76307198,-9.362978032
corridor_0,16422,-0.886994244,41.73802468,-9.388025334
corridor_0,16423,-1.147030712,41.47798821,-9.648061803
corridor_0,16424,-0.971192242,41.65382668,-9.472223332
corridor_0,16425,-1.281082989,41.34393594,-9.782114079
corridor_0,16426,-1.371498943,41.25351998,-9.872530034
corridor_0,16427,-1.739445568,40.88557336,-10.24047666
corridor_0,16428,-1.878826977,40.74619195,-10.37985807
corridor_0,16429,-2.32063377,40.30438515,-10.82166486
corridor_0,16430,-3.539921642,39.08509728,-12.04095273
corridor_0,16431,-4.632195354,37.99282357,-13.13322645
corridor_0,16432,-6.786915661,35.83810326,-15.28794675
corridor_0,16433,-13.89244926,28.73256966,-22.39348035
corridor_0,16475,-13.99974716,28.62527177,-22.50077825
corridor_0,16476,-5.480683208,37.14433572,-13.9817143
corridor_0,16477,-4.826996685,37.79802224,-13.32802778
corridor_0,16478,-4.74805534,37.87696358,-13.24908643
corridor_0,16479,-4.685494305,37.93952462,-13.1865254
corridor_0,16480,-4.157055736,38.46796319,-12.65808683
corridor_0,16481,-4.612122417,38.01289651,-13.11315351
corridor_0,16482,-4.603436352,38.02158257,-13.10446744
corridor_0,16483,-5.132832409,37.49218652,-13.6338635
corridor_0,16484,-5.149094463,37.47592446,-13.65012555
corridor_0,16485,-5.787499309,36.83751962,-14.2885304
corridor_0,16486,-5.8464669,36.77855202,-14.34749799
corridor_0,16487,-6.689524532,35.93549439,-15.19055562
corridor_0,16488,-8.892979504,33.73203942,-17.39401059
corridor_0,16489,-9.009577633,33.61544129,-17.51060872
corridor_0,16490,-10.81918037,31.80583855,-19.32021146
corridor_0,16538,-13.90182197,28.72319695,-22.40285306
corridor_0,16539,-10.82748115,31.79753777,-19.32851224
corridor_0,16540,-9.08770454,33.53731438,-17.58873563
corridor_0,16541,-9.050003887,33.57501504,-17.55103498
corridor_0,16542,-9.063460232,33.56155869,-17.56449132
corridor_0,16543,-9.07425964,33.55075928,-17.57529073
corridor_0,16544,-9.118529201,33.50648972,-17.61956029
corridor_0,16545,-10.91435325,31.71066567,-19.41538434
corridor_0,16546,-13.97680557,28.64821336,-22.47783666
corridor_0,16595,-9.032091976,33.59292695,-17.53312307
corridor_0,16596,-5.274926067,37.35009286,-13.77595716
corridor_0,16597,-3.645310284,38.97970864,-12.14634137
corridor_0,16598,-3.119923473,39.50509545,-11.62095456
corridor_0,16599,-2.656262279,39.96875665,-11.15729337
corridor_0,16600,-2.567917705,40.05710122,-11.0689488
corridor_0,16601,-2.185997845,40.43902108,-10.68702894
corridor_0,16602,-2.13206184,40.49295708,-10.63309293
corridor_0,16603,-2.085228802,40.53979012,-10.58625989
corridor_0,16604,-2.04657066,40.57844826,-10.54760175
corridor_0,16605,-2.031048656,40.59397027,-10.53207975
corridor_0,16606,-2.323449017,40.30156991,-10.82448011
corridor_0,16607,-2.336811901,40.28820702,-10.83784299
corridor_0,16608,-2.716156841,39.90886208,-11.21718793
corridor_0,16609,-3.120980144,39.50403878,-11.62201124
corridor_0,16610,-3.2111367,39.41388222,-11.71216779
corridor_0,16611,-3.716400982,38.90861794,-12.21743207
corridor_0,16612,-4.279324413,38.34569451,-12.7803555
corridor_0,16613,-4.934819103,37.69019982,-13.43585019
corridor_0,16614,-5.693989635,36.93102929,-14.19502073
corridor_0,16615,-6.588606716,36.03641221,-15.08963781
corridor_0,16616,-8.869871975,33.75514695,-17.37090307
corridor_0,16617,-10.78303039,31.84198853,-19.28406148
corridor_0,16666,-13.72893226,28.89608666,-22.22996335
corridor_0,16667,-8.922146679,33.70287225,-17.42317777
corridor_0,16668,-7.600729824,35.0242891,-16.10176091
corridor_0,16669,-6.570776821,36.0542421,-15.07180791
corridor_0,16670,-5.731495739,36.89352319,-14.23252683
corridor_0,16671,-5.02180183,37.60321709,-13.52283292
corridor_0,16672,-4.95016563,37.67485329,-13.45119672
corridor_0,16673,-4.379670025,38.2453489,-12.88070112
corridor_0,16674,-3.877056957,38.74796197,-12.37808805
corridor_0,16675,-3.866288067,38.75873086,-12.36731916
corridor_0,16676,-3.464745403,39.16027352,-11.96577649
corridor_0,16677,-3.490372539,39.13464639,-11.99140363
corridor_0,16678,-3.53598106,39.08903786,-12.03701215
corridor_0,16679,-3.593212963,39.03180596,-12.09424405
corridor_0,16680,-3.648766399,38.97625253,-12.14979749
corridor_0,16681,-4.161728741,38.46329018,-12.66275983
corridor_0,16682,-4.255818249,38.36920068,-12.75684934
corridor_0,16683,-7.840756298,34.78426263,-16.34178739
corridor_0,16858,-9.090885998,33.53413293,-17.59191709
corridor_0,16859,-7.766247631,34.85877129,-16.26727872
corridor_0,16860,-6.766251446,35.85876748,-15.26728254
corridor_0,16861,-6.71304977,35.91196915,-15.21408086
corridor_0,16862,-6.67792976,35.94708916,-15.17896085
corridor_0,16863,-6.678267361,35.94675156,-15.17929845
corridor_0,16864,-7.624895931,35.00012299,-16.12592702
corridor_0,16865,-7.658875347,34.96614358,-16.15990644
corridor_0,16866,-7.716729046,34.90828988,-16.21776014
corridor_0,16867,-9.000315548,33.62470338,-17.50134664
corridor_0,16868,-13.73597229,28.88904664,-22.23700338
corridor_0,16869,-13.8469342,28.77808472,-22.34796529
