corridor_id,receiver_id,order,grid_i,grid_j,X_EPSG5179,Y_EPSG5179,lat,lon,Lden_db,SEL_total_db,LAeq_day_db
corridor_0,2623,2623,62,20,1143650,1728450,35.5416267,129.0846652,-13.91259468,28.71242425,-22.41362577
corridor_0,2748,2748,68,21,1144250,1728550,35.5424409,129.0912995,-13.9493264,28.67569253,-22.45035749
corridor_0,2749,2749,67,21,1144150,1728550,35.5424554,129.0901968,-10.85502517,31.76999375,-19.35605626
corridor_0,2750,2750,66,21,1144050,1728550,35.54247,129.089094,-9.04726112,33.5777578,-17.54829221
corridor_0,2751,2751,65,21,1143950,1728550,35.5424845,129.0879912,-7.781821133,34.84319779,-16.28285222
corridor_0,2752,2752,64,21,1143850,1728550,35.542499,129.0868884,-7.719876171,34.90514275,-16.22090726
corridor_0,2753,2753,63,21,1143750,1728550,35.5425136,129.0857857,-7.672768475,34.95225045,-16.17379957
corridor_0,2754,2754,62,21,1143650,1728550,35.542528,129.0846829,-7.640278698,34.98474023,-16.14130979
corridor_0,2755,2755,61,21,1143550,1728550,35.5425425,129.0835801,-7.638468624,34.9865503,-16.13949971
corridor_0,2756,2756,60,21,1143450,1728550,35.542557,129.0824773,-7.668978573,34.95604035,-16.17000966
corridor_0,2757,2757,59,21,1143350,1728550,35.5425715,129.0813746,-8.906327129,33.7186918,-17.40735822
corridor_0,2758,2758,58,21,1143250,1728550,35.5425859,129.0802718,-8.981776119,33.64324281,-17.48280721
corridor_0,2759,2759,57,21,1143150,1728550,35.5426004,129.079169,-13.70890319,28.91611573,-22.20993429
corridor_0,2760,2760,56,21,1143050,1728550,35.5426148,129.0780662,-13.83277786,28.79224107,-22.33380895
corridor_0,2871,2871,54,22,1142850,1728650,35.543545,129.0758783,-13.7408818,28.88413712,-22.24191289
corridor_0,2872,2872,55,22,1142950,1728650,35.5435306,129.0769811,-8.93344772,33.69157121,-17.43447881
corridor_0,2873,2873,56,22,1143050,1728650,35.5435162,129.0780839,-7.594529034,35.03048989,-16.09556012
corridor_0,2874,2874,57,22,1143150,1728650,35.5435017,129.0791867,-6.556509853,36.06850907,-15.05754094
corridor_0,2875,2875,58,22,1143250,1728650,35.5434873,129.0802895,-6.450398327,36.1746206,-14.95142942
corridor_0,2876,2876,59,22,1143350,1728650,35.5434728,129.0813923,-5.033924938,37.59109399,-13.53495603
corridor_0,2877,2877,60,22,1143450,1728650,35.5434583,129.082495,-4.978943706,37.64607522,-13.4799748
corridor_0,2878,2878,61,22,1143550,1728650,35.5434439,129.0835978,-4.433766247,38.19125268,-12.93479734
corridor_0,2879,2879,62,22,1143650,1728650,35.5434294,129.0847006,-4.436940075,38.18807885,-12.93797117
corridor_0,2880,2880,63,22,1143750,1728650,35.5434149,129.0858034,-4.975911022,37.6491079,-13.47694211
corridor_0,2881,2881,64,22,1143850,1728650,35.5434004,129.0869062,-5.011036755,37.61398217,-13.51206785
corridor_0,2882,2882,65,22,1143950,1728650,35.5433858,129.088009,-4.548115612,38.07690331,-13.0491467
corridor_0,2883,2883,66,22,1144050,1728650,35.5433713,129.0891118,-4.622437359,38.00258157,-13.12346845
corridor_0,2884,2884,67,22,1144150,1728650,35.5433568,129.0902146,-5.848126293,36.77689263,-14.34915738
corridor_0,2885,2885,68,22,1144250,1728650,35.5433422,129.0913174,-5.945879818,36.67913911,-14.44691091
corridor_0,2886,2886,69,22,1144350,1728650,35.5433277,129.0924201,-7.740389706,34.88462922,-16.2414208
corridor_0,2887,2887,70,22,1144450,1728650,35.5433131,129.0935229,-9.085577846,33.53944108,-17.58660894
corridor_0,3000,3000,72,23,1144650,1728750,35.5441852,129.0957464,-6.87075317,35.75426575,-15.37178426
corridor_0,3001,3001,71,23,1144550,1728750,35.5441998,129.0946436,-5.291108013,37.33391091,-13.7921391
corridor_0,3002,3002,70,23,1144450,1728750,35.5442144,129.0935408,-4.602330089,38.02268884,-13.10336118
corridor_0,3003,3003,69,23,1144350,1728750,35.544229,129.092438,-4.015293957,38.60972497,-12.51632505
corridor_0,3004,3004,68,23,1144250,1728750,35.5442435,129.0913352,-3.49200523,39.13301369,-11.99303632
corridor_0,3005,3005,67,23,1144150,1728750,35.5442581,129.0902324,-3.407605053,39.21741387,-11.90863614
corridor_0,3006,3006,66,23,1144050,1728750,35.5442726,129.0891296,-2.972859264,39.65215966,-11.47389036
corridor_0,3007,3007,65,23,1143950,1728750,35.5442872,129.0880268,-2.887616039,39.73740289,-11.38864713
corridor_0,3008,3008,64,23,1143850,1728750,35.5443017,129.086924,-3.185311199,39.43970773,-11.68634229
corridor_0,3009,3009,63,23,1143750,1728750,35.5443162,129.0858212,-2.801335216,39.82368371,-11.30236631
corridor_0,3010,3010,62,23,1143650,1728750,35.5443307,129.0847184,-2.788170696,39.83684823,-11.28920179
corridor_0,3011,3011,61,23,1143550,1728750,35.5443452,129.0836156,-3.14018333,39.48483559,-11.64121442
corridor_0,3012,3012,60,23,1143450,1728750,35.5443597,129.0825128,-3.168904186,39.45611474,-11.66993528
corridor_0,3013,3013,59,23,1143350,1728750,35.5443741,129.08141,-3.630448223,38.9945707,-12.13147931
corridor_0,3014,3014,58,23,1143250,1728750,35.5443886,129.0803071,-3.715298534,38.90972039,-12.21632963
corridor_0,3015,3015,57,23,1143150,1728750,35.544403,129.0792043,-4.265419842,38.35959908,-12.76645093
corridor_0,3016,3016,56,23,1143050,1728750,35.5444175,129.0781015,-4.395974041,38.22904488,-12.89700513
corridor_0,3017,3017,55,23,1142950,1728750,35.5444319,129.0769987,-5.672745586,36.95227334,-14.17377668
corridor_0,3018,3018,54,23,1142850,1728750,35.5444463,129.0758959,-6.587162853,36.03785607,-15.08819394
corridor_0,3019,3019,53,23,1142750,1728750,35.5444607,129.0747931,-7.682291866,34.94272706,-16.18332296
corridor_0,3020,3020,52,23,1142650,1728750,35.5444751,129.0736903,-10.78593528,31.83908364,-19.28696637
corridor_0,3123,3123,50,24,1142450,1728850,35.5454052,129.0715023,-13.85809982,28.76691911,-22.35913091
corridor_0,3124,3124,51,24,1142550,1728850,35.5453909,129.0726051,-8.937556148,33.68746278,-17.43858724
corridor_0,3125,3125,52,24,1142650,1728850,35.5453765,129.0737079,-6.574118496,36.05090043,-15.07514959
corridor_0,3126,3126,53,24,1142750,1728850,35.5453621,129.0748107,-5.009182812,37.61583611,-13.5102139
corridor_0,3127,3127,54,24,1142850,1728850,35.5453476,129.0759136,-3.84022987,38.78478905,-12.34126096
corridor_0,3128,3128,55,24,1142950,1728850,35.5453332,129.0770164,-3.666451336,38.95856759,-12.16748243
corridor_0,3129,3129,56,24,1143050,1728850,35.5453188,129.0781192,-3.114437939,39.51058099,-11.61546903
corridor_0,3130,3130,57,24,1143150,1728850,35.5453044,129.079222,-2.311028362,40.31399056,-10.81205945
corridor_0,3131,3131,58,24,1143250,1728850,35.5452899,129.0803248,-2.200562359,40.42445657,-10.70159345
corridor_0,3132,3132,59,24,1143350,1728850,35.5452754,129.0814277,-1.840393902,40.78462502,-10.34142499
corridor_0,3133,3133,60,24,1143450,1728850,35.545261,129.0825305,-1.784302593,40.84071633,-10.28533368
corridor_0,3134,3134,61,24,1143550,1728850,35.5452465,129.0836333,-1.486042858,41.13897607,-9.987073949
corridor_0,3135,3135,62,24,1143650,1728850,35.545232,129.0847361,-1.731644512,40.89337441,-10.2326756
corridor_0,3136,3136,63,24,1143750,1728850,35.5452175,129.0858389,-1.486069561,41.13894936,-9.987100652
corridor_0,3137,3137,64,24,1143850,1728850,35.545203,129.0869417,-1.509655834,41.11536309,-10.01068692
corridor_0,3138,3138,65,24,1143950,1728850,35.5451885,129.0880445,-1.563927532,41.06109139,-10.06495862
corridor_0,3139,3139,66,24,1144050,1728850,35.5451739,129.0891474,-1.649258495,40.97576043,-10.15028959
corridor_0,3140,3140,67,24,1144150,1728850,35.5451594,129.0902502,-1.726452709,40.89856622,-10.2274838
corridor_0,3141,3141,68,24,1144250,1728850,35.5451448,129.091353,-2.072213055,40.55280587,-10.57324415
corridor_0,3142,3142,69,24,1144350,1728850,35.5451303,129.0924558,-2.169468761,40.45555016,-10.67049985
corridor_0,3143,3143,70,24,1144450,1728850,35.5451157,129.0935586,-2.588368298,40.03665063,-11.08939939
corridor_0,3144,3144,71,24,1144550,1728850,35.5451011,129.0946614,-3.061898113,39.56312081,-11.5629292
corridor_0,3145,3145,72,24,1144650,1728850,35.5450865,129.0957642,-3.593365551,39.03165337,-12.09439664
corridor_0,3146,3146,73,24,1144750,1728850,35.5450719,129.096867,-4.201508404,38.42351052,-12.70253949
corridor_0,3147,3147,74,24,1144850,1728850,35.5450573,129.0979698,-6.134440304,36.49057862,-14.63547139
corridor_0,3252,3252,76,25,1145050,1728950,35.5459294,129.1001933,-10.9803685,31.64465043,-19.48139959
corridor_0,3253,3253,75,25,1144950,1728950,35.545944,129.0990905,-3.417870403,39.20714852,-11.91890149
corridor_0,3254,3254,74,25,1144850,1728950,35.5459586,129.0979877,-2.848454357,39.77656457,-11.34948545
corridor_0,3255,3255,73,25,1144750,1728950,35.5459732,129.0968849,-2.320778728,40.3042402,-10.82180982
corridor_0,3256,3256,72,25,1144650,1728950,35.5459878,129.0957821,-1.593747021,41.0312719,-10.09477811
corridor_0,3257,3257,71,25,1144550,1728950,35.5460024,129.0946793,-1.445877911,41.17914101,-9.946909001
corridor_0,3258,3258,70,25,1144450,1728950,35.546017,129.0935764,-1.090912701,41.53410622,-9.591943791
corridor_0,3259,3259,69,25,1144350,1728950,35.5460316,129.0924736,-0.761525036,41.86349389,-9.262556127
corridor_0,3260,3260,68,25,1144250,1728950,35.5460462,129.0913708,-0.873181225,41.7518377,-9.374212316
corridor_0,3261,3261,67,25,1144150,1728950,35.5460607,129.090268,-0.608834148,42.01618478,-9.109865239
corridor_0,3262,3262,66,25,1144050,1728950,35.5460753,129.0891651,-0.522110821,42.1029081,-9.023141912
corridor_0,3263,3263,65,25,1143950,1728950,35.5460898,129.0880623,-0.445351482,42.17966744,-8.946382573
corridor_0,3264,3264,64,25,1143850,1728950,35.5461043,129.0869595,-0.393662334,42.23135659,-8.894693425
corridor_0,3265,3265,63,25,1143750,1728950,35.5461188,129.0858567,-0.551613689,42.07340524,-9.05264478
corridor_0,3266,3266,62,25,1143650,1728950,35.5461333,129.0847538,-0.358788372,42.26623055,-8.859819463
corridor_0,3267,3267,61,25,1143550,1728950,35.5461478,129.083651,-0.573929668,42.05108926,-9.074960759
corridor_0,3268,3268,60,25,1143450,1728950,35.5461623,129.0825482,-0.605000378,42.02001855,-9.106031468
corridor_0,3269,3269,59,25,1143350,1728950,35.5461768,129.0814454,-0.873101116,41.75191781,-9.374132207
corridor_0,3270,3270,58,25,1143250,1728950,35.5461912,129.0803425,-0.964196087,41.66082284,-9.465227178
corridor_0,3271,3271,57,25,1143150,1728950,35.5462057,129.0792397,-1.315789104,41.30922982,-9.816820195
corridor_0,3272,3272,56,25,1143050,1728950,35.5462201,129.0781369,-1.725819469,40.89919946,-10.22685056
corridor_0,3273,3273,55,25,1142950,1728950,35.5462345,129.077034,-1.88968742,40.7353315,-10.39071851
corridor_0,3274,3274,54,25,1142850,1728950,35.546249,129.0759312,-2.35175407,40.27326485,-10.85278516
corridor_0,3275,3275,53,25,1142750,1728950,35.5462634,129.0748284,-3.223988415,39.40103051,-11.72501951
corridor_0,3276,3276,52,25,1142650,1728950,35.5462778,129.0737255,-4.295880199,38.32913873,-12.79691129
corridor_0,3277,3277,51,25,1142550,1728950,35.5462922,129.0726227,-4.532109142,38.09290978,-13.03314023
corridor_0,3278,3278,50,25,1142450,1728950,35.5463066,129.0715198,-6.679394604,35.94562432,-15.18042569
corridor_0,3279,3279,49,25,1142350,1728950,35.5463209,129.070417,-10.80284202,31.8221769,-19.30387311
corridor_0,3377,3377,48,26,1142250,1729050,35.5472366,129.0693317,-9.041338802,33.58368012,-17.54236989
corridor_0,3378,3378,49,26,1142350,1729050,35.5472222,129.0704346,-5.84615028,36.77886864,-14.34718137
corridor_0,3379,3379,50,26,1142450,1729050,35.5472079,129.0715374,-3.940098644,38.68492028,-12.44112973
corridor_0,3380,3380,51,26,1142550,1729050,35.5471935,129.0726403,-2.914898754,39.71012017,-11.41592984
corridor_0,3381,3381,52,26,1142650,1729050,35.5471791,129.0737431,-2.354058147,40.27096078,-10.85508924
corridor_0,3382,3382,53,26,1142750,1729050,35.5471647,129.074846,-1.848736645,40.77628228,-10.34976774
corridor_0,3383,3383,54,26,1142850,1729050,35.5471503,129.0759488,-1.38483131,41.24018761,-9.885862401
corridor_0,3384,3384,55,26,1142950,1729050,35.5471359,129.0770517,-0.736847759,41.88817117,-9.23787885
corridor_0,3385,3385,56,26,1143050,1729050,35.5471214,129.0781545,-0.579361797,42.04565713,-9.080392888
corridor_0,3386,3386,57,26,1143150,1729050,35.547107,129.0792574,-0.214897991,42.41012093,-8.715929082
corridor_0,3387,3387,58,26,1143250,1729050,35.5470925,129.0803602,0.100272297,42.72529122,-8.400758794
corridor_0,3388,3388,59,26,1143350,1729050,35.5470781,129.0814631,0.359419941,42.98443887,-8.14161115
corridor_0,3389,3389,60,26,1143450,1729050,35.5470636,129.0825659,0.420065998,43.04508492,-8.080965093
corridor_0,3390,3390,61,26,1143550,1729050,35.5470491,129.0836687,0.462916493,43.08793542,-8.038114598
corridor_0,3391,3391,62,26,1143650,1729050,35.5470346,129.0847716,0.479762196,43.10478112,-8.021268895
corridor_0,3392,3392,63,26,1143750,1729050,35.5470201,129.0858744,0.627215504,43.25223443,-7.873815587
corridor_0,3393,3393,64,26,1143850,1729050,35.5470056,129.0869773,0.443389057,43.06840798,-8.057642034
corridor_0,3394,3394,65,26,1143950,1729050,35.5469911,129.0880801,0.544245838,43.16926476,-7.956785253
corridor_0,3395,3395,66,26,1144050,1729050,35.5469766,129.0891829,0.309729694,42.93474862,-8.191301396
corridor_0,3396,3396,67,26,1144150,1729050,35.546962,129.0902858,0.377452015,43.00247094,-8.123579076
corridor_0,3397,3397,68,26,1144250,1729050,35.5469475,129.0913886,0.150332569,42.77535149,-8.350698522
corridor_0,3398,3398,69,26,1144350,1729050,35.5469329,129.0924914,0.248725056,42.87374398,-8.252306035
corridor_0,3399,3399,70,26,1144450,1729050,35.5469183,129.0935943,-0.053933025,42.5710859,-8.554964116
corridor_0,3400,3400,71,26,1144550,1729050,35.5469038,129.0946971,-0.178746105,42.44627282,-8.679777196
corridor_0,3401,3401,72,26,1144650,1729050,35.5468892,129.0957999,-0.50353706,42.12148186,-9.004568151
corridor_0,3402,3402,73,26,1144750,1729050,35.5468746,129.0969028,-0.876995922,41.748023,-9.378027013
corridor_0,3403,3403,74,26,1144850,1729050,35.5468599,129.0980056,-1.308956982,41.31606194,-9.809988072
corridor_0,3404,3404,75,26,1144950,1729050,35.5468453,129.0991084,-1.769898296,40.85512063,-10.27092939
corridor_0,3405,3405,76,26,1145050,1729050,35.5468307,129.1002113,-2.261334301,40.36368462,-10.76236539
corridor_0,3406,3406,77,26,1145150,1729050,35.546816,129.1013141,-3.898568035,38.72645089,-12.39959913
corridor_0,3505,3505,79,27,1145350,1729150,35.547688,129.1035377,-5.521653057,37.10336587,-14.02268415
corridor_0,3506,3506,78,27,1145250,1729150,35.5477027,129.1024349,-2.661312939,39.96370599,-11.16234403
corridor_0,3507,3507,77,27,1145150,1729150,35.5477174,129.101332,-1.58305061,41.04196832,-10.0840817
corridor_0,3508,3508,76,27,1145050,1729150,35.547732,129.1002292,-0.887753368,41.73726556,-9.388784459
corridor_0,3509,3509,75,27,1144950,1729150,35.5477466,129.0991263,-0.667824627,41.9571943,-9.168855718
corridor_0,3510,3510,74,27,1144850,1729150,35.5477613,129.0980235,-0.261814953,42.36320397,-8.762846044
corridor_0,3511,3511,73,27,1144750,1729150,35.5477759,129.0969206,0.097411274,42.7224302,-8.403619817
corridor_0,3512,3512,72,27,1144650,1729150,35.5477905,129.0958178,0.423281788,43.04830071,-8.077749303
corridor_0,3513,3513,71,27,1144550,1729150,35.5478051,129.094715,0.727179646,43.35219857,-7.773851445
corridor_0,3514,3514,70,27,1144450,1729150,35.5478196,129.0936121,0.851222157,43.47624108,-7.649808934
corridor_0,3515,3515,69,27,1144350,1729150,35.5478342,129.0925093,0.977130055,43.60214898,-7.523901036
corridor_0,3516,3516,68,27,1144250,1729150,35.5478488,129.0914064,1.059416889,43.68443581,-7.441614202
corridor_0,3517,3517,67,27,1144150,1729150,35.5478633,129.0903036,1.277388691,43.90240762,-7.2236424
corridor_0,3518,3518,66,27,1144050,1729150,35.5478779,129.0892007,1.377852558,44.00287148,-7.123178533
corridor_0,3519,3519,65,27,1143950,1729150,35.5478924,129.0880979,1.32509911,43.95011803,-7.175931981
corridor_0,3520,3520,64,27,1143850,1729150,35.5479069,129.086995,1.508307575,44.1333265,-6.992723516
corridor_0,3521,3521,63,27,1143750,1729150,35.5479214,129.0858922,1.399294972,44.0243139,-7.101736119
corridor_0,3522,3522,62,27,1143650,1729150,35.547936,129.0847893,1.410349964,44.03536889,-7.090681127
corridor_0,3523,3523,61,27,1143550,1729150,35.5479504,129.0836865,1.394282459,44.01930138,-7.106748631
corridor_0,3524,3524,60,27,1143450,1729150,35.5479649,129.0825836,1.22478783,43.84980675,-7.27624326
corridor_0,3525,3525,59,27,1143350,1729150,35.5479794,129.0814808,1.145037769,43.77005669,-7.355993321
corridor_0,3526,3526,58,27,1143250,1729150,35.5479939,129.0803779,0.898318409,43.52333733,-7.602712682
corridor_0,3527,3527,57,27,1143150,1729150,35.5480083,129.079275,0.594020008,43.21903893,-7.907011083
corridor_0,3528,3528,56,27,1143050,1729150,35.5480228,129.0781722,0.416842579,43.0418615,-8.084188512
corridor_0,3529,3529,55,27,1142950,1729150,35.5480372,129.0770693,0.080920338,42.70593926,-8.420110753
corridor_0,3530,3530,54,27,1142850,1729150,35.5480516,129.0759665,-0.305455089,42.31956384,-8.80648618
corridor_0,3531,3531,53,27,1142750,1729150,35.548066,129.0748636,-0.702778698,41.92224023,-9.203809789
corridor_0,3532,3532,52,27,1142650,1729150,35.5480804,129.0737608,-1.151093365,41.47392556,-9.652124455
corridor_0,3533,3533,51,27,1142550,1729150,35.5480948,129.0726579,-1.913212658,40.71180627,-10.41424375
corridor_0,3534,3534,50,27,1142450,1729150,35.5481092,129.071555,-2.474945904,40.15007302,-10.97597699
corridor_0,3535,3535,49,27,1142350,1729150,35.5481236,129.0704522,-3.452946545,39.17207238,-11.95397764
corridor_0,3536,3536,48,27,1142250,1729150,35.5481379,129.0693493,-4.627594829,37.9974241,-13.12862592
corridor_0,3537,3537,47,27,1142150,1729150,35.5481523,129.0682464,-9.032986523,33.5920324,-17.53401761
corridor_0,3631,3631,46,28,1142050,1729250,35.5490679,129.0671611,-7.822596432,34.80242249,-16.32362752
corridor_0,3632,3632,47,28,1142150,1729250,35.5490536,129.068264,-4.100258709,38.52476022,-12.6012898
corridor_0,3633,3633,48,28,1142250,1729250,35.5490393,129.0693669,-2.678654552,39.94636437,-11.17968564
corridor_0,3634,3634,49,28,1142350,1729250,35.5490249,129.0704697,-1.828808666,40.79621026,-10.32983976
corridor_0,3635,3635,50,28,1142450,1729250,35.5490105,129.0715726,-1.538586498,41.08643243,-10.03961759
corridor_0,3636,3636,51,28,1142550,1729250,35.5489961,129.0726755,-0.7970742,41.82794472,-9.29810529
corridor_0,3637,3637,52,28,1142650,1729250,35.5489817,129.0737784,-0.321293713,42.30372521,-8.822324803
corridor_0,3638,3638,53,28,1142750,1729250,35.5489673,129.0748812,0.272780537,42.89779946,-8.228250554
corridor_0,3639,3639,54,28,1142850,1729250,35.5489529,129.0759841,0.644606709,43.26962563,-7.856424382
corridor_0,3640,3640,55,28,1142950,1729250,35.5489385,129.077087,0.991774677,43.6167936,-7.509256413
corridor_0,3641,3641,56,28,1143050,1729250,35.5489241,129.0781899,1.313960194,43.93897912,-7.187070897
corridor_0,3642,3642,57,28,1143150,1729250,35.5489096,129.0792927,1.496371388,44.12139031,-7.004659703
corridor_0,3643,3643,58,28,1143250,1729250,35.5488952,129.0803956,1.784369587,44.40938851,-6.716661504
corridor_0,3644,3644,59,28,1143350,1729250,35.5488807,129.0814985,2.023421406,44.64844033,-6.477609685
corridor_0,3645,3645,60,28,1143450,1729250,35.5488662,129.0826013,2.112483143,44.73750207,-6.388547948
corridor_0,3646,3646,61,28,1143550,1729250,35.5488518,129.0837042,2.169139027,44.79415795,-6.331892064
corridor_0,3647,3647,62,28,1143650,1729250,35.5488373,129.0848071,2.295836567,44.92085549,-6.205194524
corridor_0,3648,3648,63,28,1143750,1729250,35.5488228,129.0859099,2.275126576,44.9001455,-6.225904515
corridor_0,3649,3649,64,28,1143850,1729250,35.5488083,129.0870128,2.242331623,44.86735055,-6.258699468
corridor_0,3650,3650,65,28,1143950,1729250,35.5487937,129.0881156,2.182162403,44.80718133,-6.318868688
corridor_0,3651,3651,66,28,1144050,1729250,35.5487792,129.0892185,2.107936024,44.73295495,-6.393095067
corridor_0,3652,3652,67,28,1144150,1729250,35.5487647,129.0903214,2.006686329,44.63170525,-6.494344762
corridor_0,3653,3653,68,28,1144250,1729250,35.5487501,129.0914242,1.900923847,44.52594277,-6.600107244
corridor_0,3654,3654,69,28,1144350,1729250,35.5487355,129.0925271,1.795664906,44.42068383,-6.705366185
corridor_0,3655,3655,70,28,1144450,1729250,35.548721,129.0936299,1.57201302,44.19703194,-6.929018071
corridor_0,3656,3656,71,28,1144550,1729250,35.5487064,129.0947328,1.298022389,43.92304131,-7.203008702
corridor_0,3657,3657,72,28,1144650,1729250,35.5486918,129.0958357,1.133193134,43.75821206,-7.367837956
corridor_0,3658,3658,73,28,1144750,1729250,35.5486772,129.0969385,0.818202137,43.44322106,-7.682828954
corridor_0,3659,3659,74,28,1144850,1729250,35.5486626,129.0980414,0.492083668,43.11710259,-8.008947423
corridor_0,3660,3660,75,28,1144950,1729250,35.5486479,129.0991442,0.103476643,42.72849557,-8.397554448
corridor_0,3661,3661,76,28,1145050,1729250,35.5486333,129.1002471,-0.299805523,42.3252134,-8.800836614
corridor_0,3662,3662,77,28,1145150,1729250,35.5486187,129.1013499,-0.750153423,41.8748655,-9.251184514
corridor_0,3663,3663,78,28,1145250,1729250,35.548604,129.1024528,-1.215710522,41.4093084,-9.716741612
corridor_0,3664,3664,79,28,1145350,1729250,35.5485893,129.1035556,-2.257878185,40.36714074,-10.75890928
corridor_0,3665,3665,80,28,1145450,1729250,35.5485747,129.1046585,-3.490387798,39.13463113,-11.99141889
corridor_0,3666,3666,81,28,1145550,1729250,35.54856,129.1057613,-8.03799522,34.5870237,-16.53902631
corridor_0,3758,3758,82,29,1145650,1729350,35.5494466,129.1068822,-5.491516949,37.13350198,-13.99254804
corridor_0,3759,3759,81,29,1145550,1729350,35.5494613,129.1057793,-3.0154351,39.60958382,-11.51646619
corridor_0,3760,3760,80,29,1145450,1729350,35.549476,129.1046765,-1.896126629,40.7288923,-10.39715772
corridor_0,3761,3761,79,29,1145350,1729350,35.5494906,129.1035736,-0.94531715,41.67970177,-9.446348241
corridor_0,3762,3762,78,29,1145250,1729350,35.5495053,129.1024707,-0.476136089,42.14888284,-8.97716718
corridor_0,3763,3763,77,29,1145150,1729350,35.54952,129.1013679,0.15038216,42.77540108,-8.350648931
corridor_0,3764,3764,76,29,1145050,1729350,35.5495346,129.100265,0.575907826,43.20092675,-7.925123265
corridor_0,3765,3765,75,29,1144950,1729350,35.5495492,129.0991621,0.955474018,43.58049294,-7.545557073
corridor_0,3766,3766,74,29,1144850,1729350,35.5495639,129.0980593,1.309291004,43.93430993,-7.191740087
corridor_0,3767,3767,73,29,1144750,1729350,35.5495785,129.0969564,1.615851521,44.24087045,-6.88517957
corridor_0,3768,3768,72,29,1144650,1729350,35.5495931,129.0958535,1.912974476,44.5379934,-6.588056615
corridor_0,3769,3769,71,29,1144550,1729350,35.5496077,129.0947507,1.982936024,44.60795495,-6.518095067
corridor_0,3770,3770,70,29,1144450,1729350,35.5496223,129.0936478,2.256846546,44.88186547,-6.244184545
corridor_0,3771,3771,69,29,1144350,1729350,35.5496368,129.0925449,2.489585041,45.11460397,-6.01144605
corridor_0,3772,3772,68,29,1144250,1729350,35.5496514,129.091442,2.584525227,45.20954415,-5.916505864
corridor_0,3773,3773,67,29,1144150,1729350,35.549666,129.0903392,2.715983509,45.34100243,-5.785047582
corridor_0,3774,3774,66,29,1144050,1729350,35.5496805,129.0892363,2.909419178,45.5344381,-5.591611913
corridor_0,3775,3775,65,29,1143950,1729350,35.549695,129.0881334,2.913436054,45.53845498,-5.587595037
corridor_0,3776,3776,64,29,1143850,1729350,35.5497096,129.0870305,3.055735706,45.68075463,-5.445295384
corridor_0,3777,3777,63,29,1143750,1729350,35.5497241,129.0859277,3.026557087,45.65157601,-5.474474004
corridor_0,3778,3778,62,29,1143650,1729350,35.5497386,129.0848248,3.05922234,45.68424126,-5.441808751
corridor_0,3779,3779,61,29,1143550,1729350,35.5497531,129.0837219,2.934302448,45.55932137,-5.566728642
corridor_0,3780,3780,60,29,1143450,1729350,35.5497676,129.082619,2.948191761,45.57321069,-5.55283933
corridor_0,3781,3781,59,29,1143350,1729350,35.549782,129.0815162,2.741091847,45.36611077,-5.759939244
corridor_0,3782,3782,58,29,1143250,1729350,35.5497965,129.0804133,2.504847645,45.12986657,-5.996183446
corridor_0,3783,3783,57,29,1143150,1729350,35.549811,129.0793104,2.324549793,44.94956872,-6.176481297
corridor_0,3784,3784,56,29,1143050,1729350,35.5498254,129.0782075,2.136012196,44.76103112,-6.365018895
corridor_0,3785,3785,55,29,1142950,1729350,35.5498398,129.0771046,1.825190662,44.45020959,-6.675840428
corridor_0,3786,3786,54,29,1142850,1729350,35.5498543,129.0760018,1.365458607,43.99047753,-7.135572484
corridor_0,3787,3787,53,29,1142750,1729350,35.5498687,129.0748989,0.993212818,43.61823174,-7.507818273
corridor_0,3788,3788,52,29,1142650,1729350,35.5498831,129.073796,0.593630909,43.21864983,-7.907400182
corridor_0,3789,3789,51,29,1142550,1729350,35.5498975,129.0726931,0.163581013,42.78859994,-8.337450078
corridor_0,3790,3790,50,29,1142450,1729350,35.5499118,129.0715902,-0.493294598,42.13172433,-8.994325688
corridor_0,3791,3791,49,29,1142350,1729350,35.5499262,129.0704873,-0.990239025,41.6347799,-9.491270116
corridor_0,3792,3792,48,29,1142250,1729350,35.5499406,129.0693844,-1.747280956,40.87773797,-10.24831205
corridor_0,3793,3793,47,29,1142150,1729350,35.5499549,129.0682816,-2.627224804,39.99779412,-11.12825589
corridor_0,3794,3794,46,29,1142050,1729350,35.5499693,129.0671787,-4.098648907,38.52637002,-12.59968
corridor_0,3886,3886,45,30,1141950,1729450,35.5508849,129.0660933,-3.694554211,38.93046471,-12.1955853
corridor_0,3887,3887,46,30,1142050,1729450,35.5508706,129.0671962,-2.306481243,40.31853768,-10.80751233
corridor_0,3888,3888,47,30,1142150,1729450,35.5508563,129.0682991,-1.43787849,41.18714043,-9.938909581
corridor_0,3889,3889,48,30,1142250,1729450,35.5508419,129.069402,-0.688900829,41.9361181,-9.18993192
corridor_0,3890,3890,49,30,1142350,1729450,35.5508275,129.0705049,-0.209542156,42.41547677,-8.710573247
corridor_0,3891,3891,50,30,1142450,1729450,35.5508132,129.0716078,0.408595203,43.03361413,-8.092435887
corridor_0,3892,3892,51,30,1142550,1729450,35.5507988,129.0727107,0.864146351,43.48916528,-7.63688474
corridor_0,3893,3893,52,30,1142650,1729450,35.5507844,129.0738136,1.276328205,43.90134713,-7.224702886
corridor_0,3894,3894,53,30,1142750,1729450,35.55077,129.0749165,1.801463245,44.42648217,-6.699567845
corridor_0,3895,3895,54,30,1142850,1729450,35.5507556,129.0760194,2.165289997,44.79030892,-6.335741094
corridor_0,3896,3896,55,30,1142950,1729450,35.5507411,129.0771223,2.503798603,45.12881753,-5.997232488
corridor_0,3897,3897,56,30,1143050,1729450,35.5507267,129.0782252,2.723223805,45.34824273,-5.777807286
corridor_0,3898,3898,57,30,1143150,1729450,35.5507123,129.0793281,3.018004536,45.64302346,-5.483026555
corridor_0,3899,3899,58,30,1143250,1729450,35.5506978,129.080431,3.294161915,45.91918084,-5.206869176
corridor_0,3900,3900,59,30,1143350,1729450,35.5506834,129.0815339,3.54466927,46.16968819,-4.956361821
corridor_0,3901,3901,60,30,1143450,1729450,35.5506689,129.0826368,3.75472176,46.37974068,-4.746309331
corridor_0,3902,3902,61,30,1143550,1729450,35.5506544,129.0837396,3.85262215,46.47764108,-4.64840894
corridor_0,3903,3903,62,30,1143650,1729450,35.5506399,129.0848425,3.891673206,46.51669213,-4.609357884
corridor_0,3904,3904,63,30,1143750,1729450,35.5506254,129.0859454,3.852316975,46.4773359,-4.648714116
corridor_0,3905,3905,64,30,1143850,1729450,35.5506109,129.0870483,3.767478108,46.39249703,-4.733552983
corridor_0,3906,3906,65,30,1143950,1729450,35.5505964,129.0881512,3.62618935,46.25120827,-4.874841741
corridor_0,3907,3907,66,30,1144050,1729450,35.5505818,129.0892541,3.608164906,46.23318383,-4.892866185
corridor_0,3908,3908,67,30,1144150,1729450,35.5505673,129.090357,3.412596821,46.03761575,-5.08843427
corridor_0,3909,3909,68,30,1144250,1729450,35.5505527,129.0914599,3.345038532,45.97005746,-5.155992558
corridor_0,3910,3910,69,30,1144350,1729450,35.5505382,129.0925627,3.139464497,45.76448342,-5.361566594
corridor_0,3911,3911,70,30,1144450,1729450,35.5505236,129.0936656,2.905348896,45.53036782,-5.595682195
corridor_0,3912,3912,71,30,1144550,1729450,35.550509,129.0947685,2.711516499,45.33653542,-5.789514592
corridor_0,3913,3913,72,30,1144650,1729450,35.5504944,129.0958714,2.529120564,45.15413949,-5.971910527
corridor_0,3914,3914,73,30,1144750,1729450,35.5504798,129.0969743,2.240668415,44.86568734,-6.260362676
corridor_0,3915,3915,74,30,1144850,1729450,35.5504652,129.0980772,1.935706257,44.56072518,-6.565324834
corridor_0,3916,3916,75,30,1144950,1729450,35.5504506,129.09918,1.596034168,44.22105309,-6.904996922
corridor_0,3917,3917,76,30,1145050,1729450,35.5504359,129.1002829,1.212275623,43.83729455,-7.288755467
corridor_0,3918,3918,77,30,1145150,1729450,35.5504213,129.1013858,0.801982044,43.42700097,-7.699049047
corridor_0,3919,3919,78,30,1145250,1729450,35.5504066,129.1024887,0.39408791,43.01910683,-8.106943181
corridor_0,3920,3920,79,30,1145350,1729450,35.550392,129.1035915,-0.007485271,42.61753365,-8.508516362
corridor_0,3921,3921,80,30,1145450,1729450,35.5503773,129.1046944,-0.797776104,41.82724282,-9.298807195
corridor_0,3922,3922,81,30,1145550,1729450,35.5503626,129.1057973,-1.480683208,41.14433572,-9.981714299
corridor_0,3923,3923,82,30,1145650,1729450,35.5503479,129.1069002,-2.894448162,39.73057076,-11.39547925
corridor_0,3924,3924,83,30,1145750,1729450,35.5503332,129.108003,-4.829480053,37.79553887,-13.33051114
corridor_0,3925,3925,84,30,1145850,1729450,35.5503185,129.1091059,-8.005625606,34.61939332,-16.5066567
corridor_0,4011,4011,85,31,1145950,1729550,35.5512051,129.1102268,-6.977585674,35.64743325,-15.47861677
corridor_0,4012,4012,84,31,1145850,1729550,35.5512198,129.1091239,-4.255993725,38.3690252,-12.75702482
corridor_0,4013,4013,83,31,1145750,1729550,35.5512345,129.108021,-2.496708752,40.12831017,-10.99773984
corridor_0,4014,4014,82,31,1145650,1729550,35.5512492,129.1069182,-1.393963695,41.23105523,-9.894994786
corridor_0,4015,4015,81,31,1145550,1729550,35.5512639,129.1058153,-0.647038341,41.97798058,-9.148069432
corridor_0,4016,4016,80,31,1145450,1729550,35.5512786,129.1047124,0.16135323,42.78637215,-8.339677861
corridor_0,4017,4017,79,31,1145350,1729550,35.5512933,129.1036095,0.557948231,43.18296716,-7.94308286
corridor_0,4018,4018,78,31,1145250,1729550,35.5513079,129.1025066,1.089446186,43.71446511,-7.411584905
corridor_0,4019,4019,77,31,1145150,1729550,35.5513226,129.1014037,1.437976002,44.06299493,-7.063055089
corridor_0,4020,4020,76,31,1145050,1729550,35.5513372,129.1003008,1.931903004,44.55692193,-6.569128087
corridor_0,4021,4021,75,31,1144950,1729550,35.5513519,129.0991979,2.183642506,44.80866143,-6.317388585
corridor_0,4022,4022,74,31,1144850,1729550,35.5513665,129.098095,2.521895527,45.14691445,-5.979135564
corridor_0,4023,4023,73,31,1144750,1729550,35.5513811,129.0969922,2.838282703,45.46330163,-5.662748387
corridor_0,4024,4024,72,31,1144650,1729550,35.5513957,129.0958893,3.058234333,45.68325326,-5.442796758
corridor_0,4025,4025,71,31,1144550,1729550,35.5514103,129.0947864,3.340159535,45.96517846,-5.160871556
corridor_0,4026,4026,70,31,1144450,1729550,35.5514249,129.0936835,3.529502033,46.15452096,-4.971529058
corridor_0,4027,4027,69,31,1144350,1729550,35.5514395,129.0925806,3.781630634,46.40664956,-4.719400456
corridor_0,4028,4028,68,31,1144250,1729550,35.551454,129.0914777,4.012675404,46.63769433,-4.488355687
corridor_0,4029,4029,67,31,1144150,1729550,35.5514686,129.0903748,4.097289204,46.72230813,-4.403741887
corridor_0,4030,4030,66,31,1144050,1729550,35.5514831,129.0892719,4.288317799,46.91333672,-4.212713292
corridor_0,4031,4031,65,31,1143950,1729550,35.5514977,129.088169,4.39420998,47.0192289,-4.106821111
corridor_0,4032,4032,64,31,1143850,1729550,35.5515122,129.0870661,4.616725086,47.24174401,-3.884306005
corridor_0,4033,4033,63,31,1143750,1729550,35.5515267,129.0859632,4.727915882,47.35293481,-3.773115209
corridor_0,4034,4034,62,31,1143650,1729550,35.5515412,129.0848603,4.717051624,47.34207055,-3.783979466
corridor_0,4035,4035,61,31,1143550,1729550,35.5515557,129.0837574,4.712828754,47.33784768,-3.788202336
corridor_0,4036,4036,60,31,1143450,1729550,35.5515702,129.0826545,4.56337273,47.18839165,-3.93765836
corridor_0,4037,4037,59,31,1143350,1729550,35.5515847,129.0815516,4.33908379,46.96410271,-4.161947301
corridor_0,4038,4038,58,31,1143250,1729550,35.5515991,129.0804487,4.056754231,46.68177316,-4.44427686
corridor_0,4039,4039,57,31,1143150,1729550,35.5516136,129.0793458,3.77923119,46.40425011,-4.721799901
corridor_0,4040,4040,56,31,1143050,1729550,35.551628,129.0782429,3.482394337,46.10741326,-5.018636754
corridor_0,4041,4041,55,31,1142950,1729550,35.5516425,129.0771399,3.156653523,45.78167245,-5.344377568
corridor_0,4042,4042,54,31,1142850,1729550,35.5516569,129.076037,2.816493153,45.44151208,-5.684537938
corridor_0,4043,4043,53,31,1142750,1729550,35.5516713,129.0749341,2.442263722,45.06728265,-6.058767369
corridor_0,4044,4044,52,31,1142650,1729550,35.5516857,129.0738312,2.0391227,44.66414162,-6.461908391
corridor_0,4045,4045,51,31,1142550,1729550,35.5517001,129.0727283,1.509444355,44.13446328,-6.991586736
corridor_0,4046,4046,50,31,1142450,1729550,35.5517145,129.0716254,1.076144337,43.70116326,-7.424886754
corridor_0,4047,4047,49,31,1142350,1729550,35.5517289,129.0705225,0.647826313,43.27284524,-7.853204778
corridor_0,4048,4048,48,31,1142250,1729550,35.5517432,129.0694196,0.02941811,42.65443703,-8.471612981
corridor_0,4049,4049,47,31,1142150,1729550,35.5517576,129.0683167,-0.67559135,41.94942757,-9.176622441
corridor_0,4050,4050,46,31,1142050,1729550,35.5517719,129.0672138,-1.209977032,41.41504189,-9.711008122
corridor_0,4051,4051,45,31,1141950,1729550,35.5517863,129.0661108,-2.046906353,40.57811257,-10.54793744
corridor_0,4052,4052,44,31,1141850,1729550,35.5518006,129.0650079,-3.764855267,38.86016366,-12.26588636
corridor_0,4140,4140,43,32,1141750,1729650,35.5527162,129.0639225,-4.286717297,38.33830163,-12.78774839
corridor_0,4141,4141,44,32,1141850,1729650,35.5527019,129.0650254,-2.111847759,40.51317117,-10.61287885
corridor_0,4142,4142,45,32,1141950,1729650,35.5526876,129.0661284,-1.501332165,41.12368676,-10.00236326
corridor_0,4143,4143,46,32,1142050,1729650,35.5526732,129.0672313,-0.704151989,41.92086694,-9.20518308
corridor_0,4144,4144,47,32,1142150,1729650,35.5526589,129.0683342,0.011244892,42.63626382,-8.489786199
corridor_0,4145,4145,48,32,1142250,1729650,35.5526445,129.0694371,0.513964771,43.1389837,-7.987066319
corridor_0,4146,4146,49,32,1142350,1729650,35.5526302,129.0705401,1.123652577,43.7486715,-7.377378514
corridor_0,4147,4147,50,32,1142450,1729650,35.5526158,129.071643,1.577513813,44.20253274,-6.923517278
corridor_0,4148,4148,51,32,1142550,1729650,35.5526014,129.0727459,2.124888538,44.74990746,-6.376142552
corridor_0,4149,4149,52,32,1142650,1729650,35.552587,129.0738488,2.550830006,45.17584893,-5.950201085
corridor_0,4150,4150,53,32,1142750,1729650,35.5525726,129.0749518,3.053279041,45.67829797,-5.447752049
corridor_0,4151,4151,54,32,1142850,1729650,35.5525582,129.0760547,3.440817951,46.06583688,-5.06021314
corridor_0,4152,4152,55,32,1142950,1729650,35.5525438,129.0771576,3.799342274,46.4243612,-4.701688817
corridor_0,4153,4153,56,32,1143050,1729650,35.5525294,129.0782605,4.132834553,46.75785348,-4.368196538
corridor_0,4154,4154,57,32,1143150,1729650,35.5525149,129.0793634,4.499941944,47.12496087,-4.001089147
corridor_0,4155,4155,58,32,1143250,1729650,35.5525005,129.0804664,4.782721638,47.40774056,-3.718309453
corridor_0,4156,4156,59,32,1143350,1729650,35.552486,129.0815693,5.056616901,47.68163583,-3.444414189
corridor_0,4157,4157,60,32,1143450,1729650,35.5524715,129.0826722,5.320181965,47.94520089,-3.180849126
corridor_0,4158,4158,61,32,1143550,1729650,35.552457,129.0837751,5.462645649,48.08766457,-3.038385442
corridor_0,4159,4159,62,32,1143650,1729650,35.5524425,129.084878,5.454104542,48.07912347,-3.046926549
corridor_0,4160,4160,63,32,1143750,1729650,35.552428,129.0859809,5.491950153,48.11696908,-3.009080937
corridor_0,4161,4161,64,32,1143850,1729650,35.5524135,129.0870838,5.389510273,48.0145292,-3.111520818
corridor_0,4162,4162,65,32,1143950,1729650,35.552399,129.0881868,5.203284382,47.82830331,-3.297746709
corridor_0,4163,4163,66,32,1144050,1729650,35.5523845,129.0892897,5.077975391,47.70299432,-3.423055699
corridor_0,4164,4164,67,32,1144150,1729650,35.5523699,129.0903926,4.783587574,47.4086065,-3.717443517
corridor_0,4165,4165,68,32,1144250,1729650,35.5523553,129.0914955,4.631796955,47.25681588,-3.869234136
corridor_0,4166,4166,69,32,1144350,1729650,35.5523408,129.0925984,4.459670185,47.08468911,-4.041360906
corridor_0,4167,4167,70,32,1144450,1729650,35.5523262,129.0937013,4.269820332,46.89483926,-4.231210759
corridor_0,4168,4168,71,32,1144550,1729650,35.5523116,129.0948042,4.017974018,46.64299294,-4.483057073
corridor_0,4169,4169,72,32,1144650,1729650,35.552297,129.0959071,3.69430077,46.31931969,-4.806730321
corridor_0,4170,4170,73,32,1144750,1729650,35.5522824,129.09701,3.446208119,46.07122704,-5.054822972
corridor_0,4171,4171,74,32,1144850,1729650,35.5522678,129.0981129,3.133265614,45.75828454,-5.367765477
corridor_0,4172,4172,75,32,1144950,1729650,35.5522532,129.0992158,2.796946644,45.42196557,-5.704084447
corridor_0,4173,4173,76,32,1145050,1729650,35.5522385,129.1003187,2.452372669,45.07739159,-6.048658422
corridor_0,4174,4174,77,32,1145150,1729650,35.5522239,129.1014216,2.106249928,44.73126885,-6.394781163
corridor_0,4175,4175,78,32,1145250,1729650,35.5522092,129.1025245,1.751265644,44.37628457,-6.749765447
corridor_0,4176,4176,79,32,1145350,1729650,35.5521946,129.1036274,1.385436176,44.0104551,-7.115594914
corridor_0,4177,4177,80,32,1145450,1729650,35.5521799,129.1047303,0.845877766,43.47089669,-7.655153325
corridor_0,4178,4178,81,32,1145550,1729650,35.5521652,129.1058332,0.263068317,42.88808724,-8.237962773
corridor_0,4179,4179,82,32,1145650,1729650,35.5521505,129.1069361,-0.393319012,42.23169991,-8.894350102
corridor_0,4180,4180,83,32,1145750,1729650,35.5521358,129.108039,-1.334687115,41.29033181,-9.835718205
corridor_0,4181,4181,84,32,1145850,1729650,35.5521211,129.1091419,-2.438732983,40.18628594,-10.93976407
corridor_0,4182,4182,85,32,1145950,1729650,35.5521064,129.1102448,-4.194447399,38.43057153,-12.69547849
corridor_0,4183,4183,86,32,1146050,1729650,35.5520916,129.1113477,-6.16785133,36.45716759,-14.66888242
corridor_0,4265,4265,87,33,1146150,1729750,35.5529782,129.1124687,-6.928576351,35.69644257,-15.42960744
corridor_0,4266,4266,86,33,1146050,1729750,35.5529929,129.1113658,-3.765011669,38.86000726,-12.26604276
corridor_0,4267,4267,85,33,1145950,1729750,35.5530077,129.1102629,-2.41785133,40.20716759,-10.91888242
corridor_0,4268,4268,84,33,1145850,1729750,35.5530224,129.10916,-1.307412029,41.3176069,-9.80844312
corridor_0,4269,4269,83,33,1145750,1729750,35.5530371,129.108057,-0.361081005,42.26393792,-8.862112096
corridor_0,4270,4270,82,33,1145650,1729750,35.5530518,129.1069541,0.30084145,42.92586037,-8.200189641
corridor_0,4271,4271,81,33,1145550,1729750,35.5530665,129.1058512,1.058772205,43.68379113,-7.442258885
corridor_0,4272,4272,80,33,1145450,1729750,35.5530812,129.1047483,1.497058033,44.12207696,-7.003973058
corridor_0,4273,4273,79,33,1145350,1729750,35.5530959,129.1036454,2.02986443,44.65488335,-6.471166661
corridor_0,4274,4274,78,33,1145250,1729750,35.5531105,129.1025425,2.413004994,45.03802392,-6.088026097
corridor_0,4275,4275,77,33,1145150,1729750,35.5531252,129.1014396,2.759535908,45.38455483,-5.741495183
corridor_0,4276,4276,76,33,1145050,1729750,35.5531399,129.1003367,3.118350147,45.74336907,-5.382680943
corridor_0,4277,4277,75,33,1144950,1729750,35.5531545,129.0992337,3.463935017,46.08895394,-5.037096074
corridor_0,4278,4278,74,33,1144850,1729750,35.5531691,129.0981308,3.817877888,46.44289681,-4.683153203
corridor_0,4279,4279,73,33,1144750,1729750,35.5531837,129.0970279,4.139254688,46.76427361,-4.361776402
corridor_0,4280,4280,72,33,1144650,1729750,35.5531983,129.095925,4.476801991,47.10182092,-4.0242291
corridor_0,4281,4281,71,33,1144550,1729750,35.5532129,129.0948221,4.72334969,47.34836861,-3.777681401
corridor_0,4282,4282,70,33,1144450,1729750,35.5532275,129.0937192,4.934195637,47.55921456,-3.566835454
corridor_0,4283,4283,69,33,1144350,1729750,35.5532421,129.0926162,5.1302253,47.75524422,-3.370805791
corridor_0,4284,4284,68,33,1144250,1729750,35.5532567,129.0915133,5.421401142,48.04642007,-3.079629949
corridor_0,4285,4285,67,33,1144150,1729750,35.5532712,129.0904104,5.693881153,48.31890008,-2.807149938
corridor_0,4286,4286,66,33,1144050,1729750,35.5532858,129.0893075,5.885741352,48.51076028,-2.615289739
corridor_0,4287,4287,65,33,1143950,1729750,35.5533003,129.0882045,5.998744129,48.62376305,-2.502286962
corridor_0,4288,4288,64,33,1143850,1729750,35.5533148,129.0871016,6.153327107,48.77834603,-2.347703984
corridor_0,4289,4289,63,33,1143750,1729750,35.5533293,129.0859987,6.206893086,48.83191201,-2.294138005
corridor_0,4290,4290,62,33,1143650,1729750,35.5533438,129.0848958,6.181647419,48.80666634,-2.319383672
corridor_0,4291,4291,61,33,1143550,1729750,35.5533583,129.0837928,6.089690327,48.71470925,-2.411340764
corridor_0,4292,4292,60,33,1143450,1729750,35.5533728,129.0826899,5.972647785,48.59766671,-2.528383306
corridor_0,4293,4293,59,33,1143350,1729750,35.5533873,129.081587,5.718531727,48.34355065,-2.782499364
corridor_0,4294,4294,58,33,1143250,1729750,35.5534018,129.0804841,5.464705586,48.08972451,-3.036325505
corridor_0,4295,4295,57,33,1143150,1729750,35.5534162,129.0793811,5.164836048,47.78985497,-3.336195043
corridor_0,4296,4296,56,33,1143050,1729750,35.5534307,129.0782782,4.837100147,47.46211907,-3.663930943
corridor_0,4297,4297,55,33,1142950,1729750,35.5534451,129.0771753,4.493670582,47.11868951,-4.007360509
corridor_0,4298,4298,54,33,1142850,1729750,35.5534595,129.0760723,4.048720478,46.6737394,-4.452310613
corridor_0,4299,4299,53,33,1142750,1729750,35.5534739,129.0749694,3.655394672,46.2804136,-4.845636418
corridor_0,4300,4300,52,33,1142650,1729750,35.5534883,129.0738665,3.157271504,45.78229043,-5.343759587
corridor_0,4301,4301,51,33,1142550,1729750,35.5535027,129.0727635,2.726618885,45.35163781,-5.774412206
corridor_0,4302,4302,50,33,1142450,1729750,35.5535171,129.0716606,2.181292652,44.80631158,-6.319738439
corridor_0,4303,4303,49,33,1142350,1729750,35.5535315,129.0705577,1.725489735,44.35050866,-6.775541356
corridor_0,4304,4304,48,33,1142250,1729750,35.5535459,129.0694547,1.120288014,43.74530694,-7.380743077
corridor_0,4305,4305,47,33,1142150,1729750,35.5535602,129.0683518,0.634158253,43.25917718,-7.866872838
corridor_0,4306,4306,46,33,1142050,1729750,35.5535746,129.0672488,-0.036251903,42.58876702,-8.537282994
corridor_0,4307,4307,45,33,1141950,1729750,35.5535889,129.0661459,-0.771733166,41.85328576,-9.272764256
corridor_0,4308,4308,44,33,1141850,1729750,35.5536032,129.065043,-1.337502361,41.28751656,-9.838533452
corridor_0,4309,4309,43,33,1141750,1729750,35.5536175,129.06394,-2.504166485,40.12085244,-11.00519758
corridor_0,4310,4310,42,33,1141650,1729750,35.5536318,129.0628371,-6.101792217,36.52322671,-14.60282331
corridor_0,4394,4394,41,34,1141550,1729850,35.5545475,129.0617516,-7.901293636,34.72372529,-16.40232473
corridor_0,4395,4395,42,34,1141650,1729850,35.5545332,129.0628546,-3.292416454,39.33260247,-11.79344755
corridor_0,4396,4396,43,34,1141750,1729850,35.5545189,129.0639575,-1.696682812,40.92833611,-10.1977139
corridor_0,4397,4397,44,34,1141850,1729850,35.5545045,129.0650605,-0.868298412,41.75672051,-9.369329503
corridor_0,4398,4398,45,34,1141950,1729850,35.5544902,129.0661634,-0.280949474,42.34406945,-8.781980565
corridor_0,4399,4399,46,34,1142050,1729850,35.5544759,129.0672664,0.422099232,43.04711816,-8.078931859
corridor_0,4400,4400,47,34,1142150,1729850,35.5544615,129.0683693,1.08888924,43.71390816,-7.41214185
corridor_0,4401,4401,48,34,1142250,1729850,35.5544472,129.0694723,1.587691425,44.21271035,-6.913339665
corridor_0,4402,4402,49,34,1142350,1729850,35.5544328,129.0705752,2.292216419,44.91723534,-6.208814672
corridor_0,4403,4403,50,34,1142450,1729850,35.5544184,129.0716782,2.837489246,45.46250817,-5.663541844
corridor_0,4404,4404,51,34,1142550,1729850,35.5544041,129.0727811,3.290618061,45.91563699,-5.21041303
corridor_0,4405,4405,52,34,1142650,1729850,35.5543897,129.0738841,3.813414692,46.43843362,-4.687616399
corridor_0,4406,4406,53,34,1142750,1729850,35.5543753,129.074987,4.240519642,46.86553857,-4.260511449
corridor_0,4407,4407,54,34,1142850,1729850,35.5543608,129.07609,4.710974812,47.33599374,-3.790056279
corridor_0,4408,4408,55,34,1142950,1729850,35.5543464,129.0771929,5.098372578,47.7233915,-3.402658513
corridor_0,4409,4409,56,34,1143050,1729850,35.554332,129.0782959,5.476046681,48.10106561,-3.02498441
corridor_0,4410,4410,57,34,1143150,1729850,35.5543175,129.0793988,5.870459675,48.4954786,-2.630571416
corridor_0,4411,4411,58,34,1143250,1729850,35.5543031,129.0805018,6.156283497,48.78130242,-2.344747594
corridor_0,4412,4412,59,34,1143350,1729850,35.5542886,129.0816047,6.437903523,49.06292245,-2.063127568
corridor_0,4413,4413,60,34,1143450,1729850,35.5542741,129.0827076,6.642653584,49.26767251,-1.858377507
corridor_0,4414,4414,61,34,1143550,1729850,35.5542597,129.0838106,6.7668792,49.39189812,-1.734151891
corridor_0,4415,4415,62,34,1143650,1729850,35.5542452,129.0849135,6.868453144,49.49347207,-1.632577947
corridor_0,4416,4416,63,34,1143750,1729850,35.5542307,129.0860164,6.924204945,49.54922387,-1.576826146
corridor_0,4417,4417,64,34,1143850,1729850,35.5542161,129.0871194,6.907076954,49.53209588,-1.593954137
corridor_0,4418,4418,65,34,1143950,1729850,35.5542016,129.0882223,6.775023579,49.4000425,-1.726007512
corridor_0,4419,4419,66,34,1144050,1729850,35.5541871,129.0893253,6.683386921,49.30840585,-1.81764417
corridor_0,4420,4420,67,34,1144150,1729850,35.5541725,129.0904282,6.520560383,49.14557931,-1.980470708
corridor_0,4421,4421,68,34,1144250,1729850,35.554158,129.0915311,6.256644367,48.88166329,-2.244386724
corridor_0,4422,4422,69,34,1144350,1729850,35.5541434,129.0926341,5.951647877,48.5766668,-2.549383214
corridor_0,4423,4423,70,34,1144450,1729850,35.5541288,129.093737,5.59928429,48.22430321,-2.9017468
corridor_0,4424,4424,71,34,1144550,1729850,35.5541142,129.0948399,5.36585915,47.99087807,-3.135171941
corridor_0,4425,4425,72,34,1144650,1729850,35.5540996,129.0959429,5.18869698,47.8137159,-3.312334111
corridor_0,4426,4426,73,34,1144750,1729850,35.554085,129.0970458,4.806910633,47.43192956,-3.694120458
corridor_0,4427,4427,74,34,1144850,1729850,35.5540704,129.0981487,4.478327869,47.10334679,-4.022703221
corridor_0,4428,4428,75,34,1144950,1729850,35.5540558,129.0992516,4.10174477,46.72676369,-4.399286321
corridor_0,4429,4429,76,34,1145050,1729850,35.5540412,129.1003546,3.850752949,46.47577187,-4.650278142
corridor_0,4430,4430,77,34,1145150,1729850,35.5540265,129.1014575,3.486510395,46.11152932,-5.014520696
corridor_0,4431,4431,78,34,1145250,1729850,35.5540119,129.1025604,3.031333088,45.65635201,-5.469698003
corridor_0,4432,4432,79,34,1145350,1729850,35.5539972,129.1036634,2.65056908,45.275588,-5.85046201
corridor_0,4433,4433,80,34,1145450,1729850,35.5539825,129.1047663,2.133101582,44.75812051,-6.367929509
corridor_0,4434,4434,81,34,1145550,1729850,35.5539678,129.1058692,1.571406483,44.19642541,-6.929624608
corridor_0,4435,4435,82,34,1145650,1729850,35.5539531,129.1069721,1.110369801,43.73538873,-7.39066129
corridor_0,4436,4436,83,34,1145750,1729850,35.5539384,129.108075,0.351676106,42.97669503,-8.149354985
corridor_0,4437,4437,84,34,1145850,1729850,35.5539237,129.109178,-0.331753612,42.29326531,-8.832784703
corridor_0,4438,4438,85,34,1145950,1729850,35.553909,129.1102809,-1.300839306,41.32417962,-9.801870397
corridor_0,4439,4439,86,34,1146050,1729850,35.5538942,129.1113838,-2.419739605,40.20527932,-10.9207707
corridor_0,4440,4440,87,34,1146150,1729850,35.5538795,129.1124867,-3.775002361,38.85001656,-12.27603345
corridor_0,4441,4441,88,34,1146250,1729850,35.5538647,129.1135896,-6.1875695,36.43744942,-14.68860059
corridor_0,4519,4519,89,35,1146350,1729950,35.5547513,129.1147106,-7.004366756,35.62065217,-15.50539785
corridor_0,4520,4520,88,35,1146250,1729950,35.554766,129.1136077,-4.2355088,38.38951012,-12.73653989
corridor_0,4521,4521,87,35,1146150,1729950,35.5547808,129.1125048,-2.446720959,40.17829797,-10.94775205
corridor_0,4522,4522,86,35,1146050,1729950,35.5547955,129.1114019,-1.320156933,41.30486199,-9.821188024
corridor_0,4523,4523,85,35,1145950,1729950,35.5548103,129.1102989,-0.354191662,42.27082726,-8.855222753
corridor_0,4524,4524,84,35,1145850,1729950,35.554825,129.109196,0.496062397,43.12108132,-8.004968694
corridor_0,4525,4525,83,35,1145750,1729950,35.5548397,129.1080931,1.1275779,43.75259682,-7.373453191
corridor_0,4526,4526,82,35,1145650,1729950,35.5548544,129.1069901,1.587741016,44.21275994,-6.913290074
corridor_0,4527,4527,81,35,1145550,1729950,35.5548691,129.1058872,2.256728291,44.88174722,-6.2443028
corridor_0,4528,4528,80,35,1145450,1729950,35.5548838,129.1047842,2.721022724,45.34604165,-5.780008367
corridor_0,4529,4529,79,35,1145350,1729950,35.5548985,129.1036813,3.249411701,45.87443063,-5.25161939
corridor_0,4530,4530,78,35,1145250,1729950,35.5549132,129.1025784,3.6589576,46.28397652,-4.842073491
corridor_0,4531,4531,77,35,1145150,1729950,35.5549278,129.1014754,4.064307331,46.68932626,-4.43672376
corridor_0,4532,4532,76,35,1145050,1729950,35.5549425,129.1003725,4.416773914,47.04179284,-4.084257176
corridor_0,4533,4533,75,35,1144950,1729950,35.5549571,129.0992696,4.741366505,47.36638543,-3.759664586
corridor_0,4534,4534,74,35,1144850,1729950,35.5549717,129.0981666,5.178507923,47.80352685,-3.322523168
corridor_0,4535,4535,73,35,1144750,1729950,35.5549864,129.0970637,5.488440632,48.11345956,-3.012590459
corridor_0,4536,4536,72,35,1144650,1729950,35.555001,129.0959607,5.840861439,48.46588036,-2.660169652
corridor_0,4537,4537,71,35,1144550,1729950,35.5550156,129.0948578,6.071166157,48.69618508,-2.429864934
corridor_0,4538,4538,70,35,1144450,1729950,35.5550301,129.0937548,6.422721027,49.04773995,-2.078310063
corridor_0,4539,4539,69,35,1144350,1729950,35.5550447,129.0926519,6.806010365,49.43102929,-1.695020726
corridor_0,4540,4540,68,35,1144250,1729950,35.5550593,129.0915489,7.087447285,49.71246621,-1.413583806
corridor_0,4541,4541,67,35,1144150,1729950,35.5550738,129.090446,7.288207172,49.9132261,-1.212823918
corridor_0,4542,4542,66,35,1144050,1729950,35.5550884,129.0893431,7.463297962,50.08831689,-1.037733129
corridor_0,4543,4543,65,35,1143950,1729950,35.5551029,129.0882401,7.582743763,50.20776269,-0.918287328
corridor_0,4544,4544,64,35,1143850,1729950,35.5551175,129.0871372,7.712790608,50.33780953,-0.788240483
corridor_0,4545,4545,63,35,1143750,1729950,35.555132,129.0860342,7.740309834,50.36532876,-0.760721257
corridor_0,4546,4546,62,35,1143650,1729950,35.5551465,129.0849313,7.680640339,50.30565926,-0.820390752
corridor_0,4547,4547,61,35,1143550,1729950,35.555161,129.0838283,7.560282826,50.18530175,-0.940748265
corridor_0,4548,4548,60,35,1143450,1729950,35.5551755,129.0827254,7.360537647,49.98555657,-1.140493443
corridor_0,4549,4549,59,35,1143350,1729950,35.5551899,129.0816224,7.081000446,49.70601937,-1.420030644
corridor_0,4550,4550,58,35,1143250,1729950,35.5552044,129.0805194,6.803000568,49.42801949,-1.698030522
corridor_0,4551,4551,57,35,1143150,1729950,35.5552189,129.0794165,6.459399342,49.08441827,-2.041631749
corridor_0,4552,4552,56,35,1143050,1729950,35.5552333,129.0783135,6.057166218,48.68218514,-2.443864873
corridor_0,4553,4553,55,35,1142950,1729950,35.5552477,129.0772106,5.657549976,48.2825689,-2.843481114
corridor_0,4554,4554,54,35,1142850,1729950,35.5552622,129.0761076,5.250113606,47.87513253,-3.250917485
corridor_0,4555,4555,53,35,1142750,1729950,35.5552766,129.0750047,4.757437824,47.38245675,-3.743593266
corridor_0,4556,4556,52,35,1142650,1729950,35.555291,129.0739017,4.304381489,46.92940041,-4.196649602
corridor_0,4557,4557,51,35,1142550,1729950,35.5553054,129.0727987,3.757281422,46.38230035,-4.743749669
corridor_0,4558,4558,50,35,1142450,1729950,35.5553198,129.0716958,3.28805077,45.91306969,-5.212980321
corridor_0,4559,4559,49,35,1142350,1729950,35.5553341,129.0705928,2.731654286,45.35667321,-5.769376805
corridor_0,4560,4560,48,35,1142250,1729950,35.5553485,129.0694899,2.147338032,44.77235696,-6.353693059
corridor_0,4561,4561,47,35,1142150,1729950,35.5553629,129.0683869,1.650340199,44.27535912,-6.850690892
corridor_0,4562,4562,46,35,1142050,1729950,35.5553772,129.0672839,1.009223103,43.63424203,-7.491807988
corridor_0,4563,4563,45,35,1141950,1729950,35.5553915,129.066181,0.157588123,42.78260705,-8.343442967
corridor_0,4564,4564,44,35,1141850,1729950,35.5554059,129.065078,-0.628895641,41.99612328,-9.129926732
corridor_0,4565,4565,43,35,1141750,1729950,35.5554202,129.063975,-1.223866344,41.40115258,-9.724897435
corridor_0,4566,4566,42,35,1141650,1729950,35.5554345,129.0628721,-2.371430279,40.25358865,-10.87246137
corridor_0,4567,4567,41,35,1141550,1729950,35.5554488,129.0617691,-4.678803326,37.9462156,-13.17983442
corridor_0,4649,4649,40,36,1141450,1730050,35.5563644,129.0606836,-5.970431209,36.65458772,-14.4714623
corridor_0,4650,4650,41,36,1141550,1730050,35.5563501,129.0617866,-3.130043865,39.49497506,-11.63107496
corridor_0,4651,4651,42,36,1141650,1730050,35.5563358,129.0628896,-1.572003246,41.05301568,-10.07303434
corridor_0,4652,4652,43,36,1141750,1730050,35.5563215,129.0639926,-0.740956188,41.88406274,-9.241987279
corridor_0,4653,4653,44,36,1141850,1730050,35.5563072,129.0650955,-0.000981213,42.62403771,-8.502012303
corridor_0,4654,4654,45,36,1141950,1730050,35.5562929,129.0661985,0.718218922,43.34323785,-7.782812169
corridor_0,4655,4655,46,36,1142050,1730050,35.5562785,129.0673015,1.408015369,44.03303429,-7.093015721
corridor_0,4656,4656,47,36,1142150,1730050,35.5562642,129.0684045,2.052065968,44.67708489,-6.448965123
corridor_0,4657,4657,48,36,1142250,1730050,35.5562498,129.0695074,2.575682758,45.20070168,-5.925348332
corridor_0,4658,4658,49,36,1142350,1730050,35.5562355,129.0706104,3.253783344,45.87880227,-5.247247746
corridor_0,4659,4659,50,36,1142450,1730050,35.5562211,129.0717134,3.810759663,46.43577859,-4.690271428
corridor_0,4660,4660,51,36,1142550,1730050,35.5562067,129.0728164,4.295592426,46.92061135,-4.205438664
corridor_0,4661,4661,52,36,1142650,1730050,35.5561923,129.0739193,4.83038628,47.4554052,-3.670644811
corridor_0,4662,4662,53,36,1142750,1730050,35.5561779,129.0750223,5.28055489,47.90557381,-3.220476201
corridor_0,4663,4663,54,36,1142850,1730050,35.5561635,129.0761253,5.788119434,48.41313836,-2.712911656
corridor_0,4664,4664,55,36,1142950,1730050,35.5561491,129.0772282,6.236662983,48.86168191,-2.264368108
corridor_0,4665,4665,56,36,1143050,1730050,35.5561346,129.0783312,6.717948078,49.342967,-1.783083013
corridor_0,4666,4666,57,36,1143150,1730050,35.5561202,129.0794342,7.140105366,49.76512429,-1.360925725
corridor_0,4667,4667,58,36,1143250,1730050,35.5561057,129.0805371,7.546187519,50.17120644,-0.954843572
corridor_0,4668,4668,59,36,1143350,1730050,35.5560913,129.0816401,7.89697945,50.52199837,-0.604051641
corridor_0,4669,4669,60,36,1143450,1730050,35.5560768,129.0827431,8.174357533,50.79937646,-0.326673558
corridor_0,4670,4670,61,36,1143550,1730050,35.5560623,129.083846,8.397299885,51.02231881,-0.103731206
corridor_0,4671,4671,62,36,1143650,1730050,35.5560478,129.084949,8.562964558,51.18798348,0.061933467
corridor_0,4672,4672,63,36,1143750,1730050,35.5560333,129.086052,8.587596058,51.21261498,0.086564967
corridor_0,4673,4673,64,36,1143850,1730050,35.5560188,129.0871549,8.557128071,51.182147,0.05609698
corridor_0,4674,4674,65,36,1143950,1730050,35.5560042,129.0882579,8.385207295,51.01022622,-0.115823796
corridor_0,4675,4675,66,36,1144050,1730050,35.5559897,129.0893608,8.235228657,50.86024758,-0.265802434
corridor_0,4676,4676,67,36,1144150,1730050,35.5559752,129.0904638,8.052401661,50.67742059,-0.44862943
corridor_0,4677,4677,68,36,1144250,1730050,35.5559606,129.0915668,7.887992024,50.51301095,-0.613039067
corridor_0,4678,4678,69,36,1144350,1730050,35.555946,129.0926697,7.583281635,50.20830056,-0.917749455
corridor_0,4679,4679,70,36,1144450,1730050,35.5559315,129.0937727,7.237471699,49.86249062,-1.263559392
corridor_0,4680,4680,71,36,1144550,1730050,35.5559169,129.0948756,6.920642017,49.54566094,-1.580389073
corridor_0,4681,4681,72,36,1144650,1730050,35.5559023,129.0959786,6.404536366,49.02955529,-2.096494725
corridor_0,4682,4682,73,36,1144750,1730050,35.5558877,129.0970816,6.096629261,48.72164819,-2.40440183
corridor_0,4683,4683,74,36,1144850,1730050,35.555873,129.0981845,5.795527577,48.4205465,-2.705503514
corridor_0,4684,4684,75,36,1144950,1730050,35.5558584,129.0992875,5.397502064,48.02252099,-3.103529027
corridor_0,4685,4685,76,36,1145050,1730050,35.5558438,129.1003904,5.01202309,47.63704201,-3.489008
corridor_0,4686,4686,77,36,1145150,1730050,35.5558291,129.1014934,4.660185932,47.28520486,-3.840845159
corridor_0,4687,4687,78,36,1145250,1730050,35.5558145,129.1025963,4.20191872,46.82693764,-4.29911237
corridor_0,4688,4688,79,36,1145350,1730050,35.5557998,129.1036993,3.743113636,46.36813256,-4.757917455
corridor_0,4689,4689,80,36,1145450,1730050,35.5557851,129.1048022,3.2903167,45.91533562,-5.210714391
corridor_0,4690,4690,81,36,1145550,1730050,35.5557704,129.1059052,2.738120197,45.36313912,-5.762910893
corridor_0,4691,4691,82,36,1145650,1730050,35.5557557,129.1070081,2.268000721,44.89301965,-6.23303037
corridor_0,4692,4692,83,36,1145750,1730050,35.555741,129.1081111,1.581313252,44.20633218,-6.919717839
corridor_0,4693,4693,84,36,1145850,1730050,35.5557263,129.109214,0.99451363,43.61953255,-7.506517461
corridor_0,4694,4694,85,36,1145950,1730050,35.5557116,129.1103169,0.486891865,43.11191079,-8.014139226
corridor_0,4695,4695,86,36,1146050,1730050,35.5556968,129.1114199,-0.37355888,42.25146004,-8.874589971
corridor_0,4696,4696,87,36,1146150,1730050,35.5556821,129.1125228,-1.362709881,41.26230904,-9.863740972
corridor_0,4697,4697,88,36,1146250,1730050,35.5556673,129.1136258,-2.491467358,40.13355157,-10.99249845
corridor_0,4698,4698,89,36,1146350,1730050,35.5556526,129.1147287,-4.299645306,38.32537362,-12.8006764
corridor_0,4699,4699,90,36,1146450,1730050,35.5556378,129.1158317,-9.276915432,33.34810349,-17.77794652
corridor_0,4774,4774,90,37,1146450,1730150,35.5565391,129.1158498,-4.873471142,37.75154778,-13.37450223
corridor_0,4775,4775,89,37,1146350,1730150,35.5565539,129.1147468,-2.879288555,39.74573037,-11.38031965
corridor_0,4776,4776,88,37,1146250,1730150,35.5565686,129.1136438,-1.422573925,41.202445,-9.923605016
corridor_0,4777,4777,87,37,1146150,1730150,35.5565834,129.1125409,-0.443219067,42.18179986,-8.944250157
corridor_0,4778,4778,86,37,1146050,1730150,35.5565981,129.1114379,0.280100941,42.90511987,-8.22093015
corridor_0,4779,4779,85,37,1145950,1730150,35.5566129,129.110335,0.93686211,43.56188103,-7.564168981
corridor_0,4780,4780,84,37,1145850,1730150,35.5566276,129.109232,1.551566242,44.17658517,-6.949464849
corridor_0,4781,4781,83,37,1145750,1730150,35.5566423,129.1081291,2.159567951,44.78458688,-6.34146314
corridor_0,4782,4782,82,37,1145650,1730150,35.556657,129.1070261,2.728495716,45.35351464,-5.772535375
corridor_0,4783,4783,81,37,1145550,1730150,35.5566717,129.1059231,3.291514515,45.91653344,-5.209516576
corridor_0,4784,4784,80,37,1145450,1730150,35.5566864,129.1048202,3.770388722,46.39540765,-4.730642369
corridor_0,4785,4785,79,37,1145350,1730150,35.5567011,129.1037172,4.32049477,46.94551369,-4.180536321
corridor_0,4786,4786,78,37,1145250,1730150,35.5567158,129.1026143,4.818404316,47.44342324,-3.682626775
corridor_0,4787,4787,77,37,1145150,1730150,35.5567304,129.1015113,5.220587849,47.84560677,-3.280443242
corridor_0,4788,4788,76,37,1145050,1730150,35.5567451,129.1004083,5.598006367,48.22302529,-2.903024724
corridor_0,4789,4789,75,37,1144950,1730150,35.5567597,129.0993054,6.027636646,48.65265557,-2.473394444
corridor_0,4790,4790,74,37,1144850,1730150,35.5567744,129.0982024,6.400157093,49.02517602,-2.100873998
corridor_0,4791,4791,73,37,1144750,1730150,35.556789,129.0970994,6.757746815,49.38276574,-1.743284276
corridor_0,4792,4792,72,37,1144650,1730150,35.5568036,129.0959965,7.245734333,49.87075326,-1.255296758
corridor_0,4793,4793,71,37,1144550,1730150,35.5568182,129.0948935,7.664874195,50.28989312,-0.836156896
corridor_0,4794,4794,70,37,1144450,1730150,35.5568328,129.0937905,7.945124744,50.57014367,-0.555906346
corridor_0,4795,4795,69,37,1144350,1730150,35.5568473,129.0926876,8.281188129,50.90620705,-0.219842961
corridor_0,4796,4796,68,37,1144250,1730150,35.5568619,129.0915846,8.590079426,51.21509835,0.089048335
corridor_0,4797,4797,67,37,1144150,1730150,35.5568765,129.0904816,8.813353657,51.43837258,0.312322566
corridor_0,4798,4798,66,37,1144050,1730150,35.556891,129.0893786,9.064654469,51.68967339,0.563623378
corridor_0,4799,4799,65,37,1143950,1730150,35.5569056,129.0882757,9.234976887,51.85999581,0.733945796
corridor_0,4800,4800,64,37,1143850,1730150,35.5569201,129.0871727,9.384257435,52.00927636,0.883226344
corridor_0,4801,4801,63,37,1143750,1730150,35.5569346,129.0860697,9.452906727,52.07792565,0.951875636
corridor_0,4802,4802,62,37,1143650,1730150,35.5569491,129.0849667,9.414588093,52.03960702,0.913557002
corridor_0,4803,4803,61,37,1143550,1730150,35.5569636,129.0838638,9.28584969,51.91086861,0.784818599
corridor_0,4804,4804,60,37,1143450,1730150,35.5569781,129.0827608,9.029093861,51.65411279,0.52806277
corridor_0,4805,4805,59,37,1143350,1730150,35.5569926,129.0816578,8.66834557,51.29336449,0.167314479
corridor_0,4806,4806,58,37,1143250,1730150,35.557007,129.0805548,8.295809864,50.92082879,-0.205221227
corridor_0,4807,4807,57,37,1143150,1730150,35.5570215,129.0794519,7.870303272,50.4953222,-0.630727818
corridor_0,4808,4808,56,37,1143050,1730150,35.5570359,129.0783489,7.385340809,50.01035973,-1.115690282
corridor_0,4809,4809,55,37,1142950,1730150,35.5570504,129.0772459,6.91273415,49.53775307,-1.588296941
corridor_0,4810,4810,54,37,1142850,1730150,35.5570648,129.0761429,6.39326775,49.01828667,-2.107763341
corridor_0,4811,4811,53,37,1142750,1730150,35.5570792,129.0750399,5.8516227,48.47664162,-2.649408391
corridor_0,4812,4812,52,37,1142650,1730150,35.5570936,129.073937,5.308154224,47.93317315,-3.192876866
corridor_0,4813,4813,51,37,1142550,1730150,35.557108,129.072834,4.728121876,47.3531408,-3.772909215
corridor_0,4814,4814,50,37,1142450,1730150,35.5571224,129.071731,4.218829273,46.8438482,-4.282201818
corridor_0,4815,4815,49,37,1142350,1730150,35.5571368,129.070628,3.667735218,46.29275414,-4.833295873
corridor_0,4816,4816,48,37,1142250,1730150,35.5571512,129.069525,3.065268635,45.69028756,-5.435762456
corridor_0,4817,4817,47,37,1142150,1730150,35.5571655,129.068422,2.545069813,45.17008874,-5.955961278
corridor_0,4818,4818,46,37,1142050,1730150,35.5571799,129.067319,1.78974831,44.41476723,-6.711282781
corridor_0,4819,4819,45,37,1141950,1730150,35.5571942,129.066216,1.111983418,43.73700234,-7.389047673
corridor_0,4820,4820,44,37,1141850,1730150,35.5572085,129.0651131,0.427718281,43.05273721,-8.07331281
corridor_0,4821,4821,43,37,1141750,1730150,35.5572228,129.0640101,-0.309407116,42.31561181,-8.810438207
corridor_0,4822,4822,42,37,1141650,1730150,35.5572371,129.0629071,-1.358944775,41.26607415,-9.859975865
corridor_0,4823,4823,41,37,1141550,1730150,35.5572514,129.0618041,-2.271359325,40.3536596,-10.77239042
corridor_0,4824,4824,40,37,1141450,1730150,35.5572657,129.0607011,-4.084664226,38.5403547,-12.58569532
corridor_0,4825,4825,39,37,1141350,1730150,35.55728,129.0595981,-7.813988567,34.81103036,-16.31501966
corridor_0,4904,4904,39,38,1141350,1730250,35.5581813,129.0596156,-6.674351574,35.95066735,-15.17538266
corridor_0,4905,4905,40,38,1141450,1730250,35.558167,129.0607186,-3.480225445,39.14479348,-11.98125654
corridor_0,4906,4906,41,38,1141550,1730250,35.5581528,129.0618216,-2.082226635,40.54279229,-10.58325773
corridor_0,4907,4907,42,38,1141650,1730250,35.5581385,129.0629246,-0.931870342,41.69314858,-9.432901433
corridor_0,4908,4908,43,38,1141750,1730250,35.5581242,129.0640276,0.055842518,42.68086144,-8.445188573
corridor_0,4909,4909,44,38,1141850,1730250,35.5581098,129.0651306,0.816374897,43.44139382,-7.684656194
corridor_0,4910,4910,45,38,1141950,1730250,35.5580955,129.0662336,1.499407887,44.12442681,-7.001623204
corridor_0,4911,4911,46,38,1142050,1730250,35.5580812,129.0673366,2.26233971,44.88735863,-6.238691381
corridor_0,4912,4912,47,38,1142150,1730250,35.5580668,129.0684396,2.911002277,45.5360212,-5.590028813
corridor_0,4913,4913,48,38,1142250,1730250,35.5580525,129.0695426,3.458018421,46.08303735,-5.04301267
corridor_0,4914,4914,49,38,1142350,1730250,35.5580381,129.0706456,4.051715015,46.67673394,-4.449316075
corridor_0,4915,4915,50,38,1142450,1730250,35.5580237,129.0717486,4.658167957,47.28318688,-3.842863133
corridor_0,4916,4916,51,38,1142550,1730250,35.5580093,129.0728516,5.317874073,47.942893,-3.183157018
corridor_0,4917,4917,52,38,1142650,1730250,35.5579949,129.0739546,5.907614826,48.53263375,-2.593416265
corridor_0,4918,4918,53,38,1142750,1730250,35.5579805,129.0750576,6.46760857,49.09262749,-2.033422521
corridor_0,4919,4919,54,38,1142850,1730250,35.5579661,129.0761606,6.949763416,49.57478234,-1.551267674
corridor_0,4920,4920,55,38,1142950,1730250,35.5579517,129.0772636,7.548167347,50.17318627,-0.952863744
corridor_0,4921,4921,56,38,1143050,1730250,35.5579373,129.0783666,8.11339867,50.73841759,-0.387632421
corridor_0,4922,4922,57,38,1143150,1730250,35.5579228,129.0794695,8.613703846,51.23872277,0.112672755
corridor_0,4923,4923,58,38,1143250,1730250,35.5579084,129.0805725,9.021456837,51.64647576,0.520425746
corridor_0,4924,4924,59,38,1143350,1730250,35.5578939,129.0816755,9.481654286,52.10667321,0.980623195
corridor_0,4925,4925,60,38,1143450,1730250,35.5578794,129.0827785,9.864783405,52.48980233,1.363752315
corridor_0,4926,4926,61,38,1143550,1730250,35.5578649,129.0838815,10.15676796,52.78178689,1.655736873
corridor_0,4927,4927,62,38,1143650,1730250,35.5578504,129.0849845,10.38845742,53.01347634,1.887426326
corridor_0,4928,4928,63,38,1143750,1730250,35.5578359,129.0860875,10.44689095,53.07190987,1.945859859
corridor_0,4929,4929,64,38,1143850,1730250,35.5578214,129.0871905,10.38486016,53.00987908,1.883829066
corridor_0,4930,4930,65,38,1143950,1730250,35.5578069,129.0882935,10.22585976,52.85087868,1.72482867
corridor_0,4931,4931,66,38,1144050,1730250,35.5577923,129.0893964,9.89849007,52.52350899,1.39745898
corridor_0,4932,4932,67,38,1144150,1730250,35.5577778,129.0904994,9.585742115,52.21076104,1.084711024
corridor_0,4933,4933,68,38,1144250,1730250,35.5577632,129.0916024,9.281867146,51.90688607,0.780836055
corridor_0,4934,4934,69,38,1144350,1730250,35.5577487,129.0927054,8.969210743,51.59422967,0.468179652
corridor_0,4935,4935,70,38,1144450,1730250,35.5577341,129.0938084,8.685866474,51.3108854,0.184835383
corridor_0,4936,4936,71,38,1144550,1730250,35.5577195,129.0949114,8.334231495,50.95925042,-0.166799596
corridor_0,4937,4937,72,38,1144650,1730250,35.5577049,129.0960143,8.01341164,50.63843056,-0.487619451
corridor_0,4938,4938,73,38,1144750,1730250,35.5576903,129.0971173,7.541506886,50.16652581,-0.959524205
corridor_0,4939,4939,74,38,1144850,1730250,35.5576757,129.0982203,6.944239735,49.56925866,-1.556791356
corridor_0,4940,4940,75,38,1144950,1730250,35.557661,129.0993233,6.582347035,49.20736596,-1.918684056
corridor_0,4941,4941,76,38,1145050,1730250,35.5576464,129.1004263,6.237975239,48.86299416,-2.263055852
corridor_0,4942,4942,77,38,1145150,1730250,35.5576317,129.1015292,5.86749947,48.49251839,-2.633531621
corridor_0,4943,4943,78,38,1145250,1730250,35.5576171,129.1026322,5.39572823,48.02074715,-3.105302861
corridor_0,4944,4944,79,38,1145350,1730250,35.5576024,129.1037352,4.907134174,47.5321531,-3.593896916
corridor_0,4945,4945,80,38,1145450,1730250,35.5575877,129.1048382,4.328513264,46.95353219,-4.172517827
corridor_0,4946,4946,81,38,1145550,1730250,35.557573,129.1059411,3.753775715,46.37879464,-4.747255376
corridor_0,4947,4947,82,38,1145650,1730250,35.5575583,129.1070441,3.205668568,45.83068749,-5.295362523
corridor_0,4948,4948,83,38,1145750,1730250,35.5575436,129.1081471,2.709429859,45.33444878,-5.791601232
corridor_0,4949,4949,84,38,1145850,1730250,35.5575289,129.10925,1.998847126,44.62386605,-6.502183965
corridor_0,4950,4950,85,38,1145950,1730250,35.5575142,129.110353,1.497374653,44.12239358,-7.003656438
corridor_0,4951,4951,86,38,1146050,1730250,35.5574994,129.111456,0.855372547,43.48039147,-7.645658544
corridor_0,4952,4952,87,38,1146150,1730250,35.5574847,129.1125589,0.02198708,42.647006,-8.479044011
corridor_0,4953,4953,88,38,1146250,1730250,35.5574699,129.1136619,-0.715393902,41.90962502,-9.216424993
corridor_0,4954,4954,89,38,1146350,1730250,35.5574552,129.1147649,-1.498944164,41.12607476,-9.999975255
corridor_0,4955,4955,90,38,1146450,1730250,35.5574404,129.1158679,-2.969857098,39.65516183,-11.47088819
corridor_0,4956,4956,91,38,1146550,1730250,35.5574256,129.1169708,-5.552391888,37.07262704,-14.05342298
corridor_0,5029,5029,91,39,1146550,1730350,35.5583269,129.1169889,-3.433087231,39.19193169,-11.93411832
corridor_0,5030,5030,90,39,1146450,1730350,35.5583417,129.1158859,-1.842736126,40.7822828,-10.34376722
corridor_0,5031,5031,89,39,1146350,1730350,35.5583565,129.114783,-0.802704693,41.82231423,-9.303735784
corridor_0,5032,5032,88,39,1146250,1730350,35.5583712,129.11368,-0.069592358,42.55542657,-8.570623448
corridor_0,5033,5033,87,39,1146150,1730350,35.558386,129.112577,0.628577351,43.25359628,-7.87245374
corridor_0,5034,5034,86,39,1146050,1730350,35.5584007,129.111474,1.320140003,43.94515893,-7.180891088
corridor_0,5035,5035,85,39,1145950,1730350,35.5584155,129.110371,1.956313252,44.58133218,-6.544717839
corridor_0,5036,5036,84,39,1145850,1730350,35.5584302,129.1092681,2.562613606,45.18763253,-5.938417485
corridor_0,5037,5037,83,39,1145750,1730350,35.5584449,129.1081651,3.155352711,45.78037164,-5.34567838
corridor_0,5038,5038,82,39,1145650,1730350,35.5584597,129.1070621,3.638110279,46.2631292,-4.862920812
corridor_0,5039,5039,81,39,1145550,1730350,35.5584744,129.1059591,4.269000172,46.8940191,-4.232030919
corridor_0,5040,5040,80,39,1145450,1730350,35.558489,129.1048561,4.830241322,47.45526025,-3.670789769
corridor_0,5041,5041,79,39,1145350,1730350,35.5585037,129.1037531,5.329520344,47.95453927,-3.171510747
corridor_0,5042,5042,78,39,1145250,1730350,35.5585184,129.1026502,5.885264515,48.51028344,-2.615766576
corridor_0,5043,5043,77,39,1145150,1730350,35.5585331,129.1015472,6.433165669,49.05818459,-2.067865422
corridor_0,5044,5044,76,39,1145050,1730350,35.5585477,129.1004442,6.829154133,49.45417306,-1.671876958
corridor_0,5045,5045,75,39,1144950,1730350,35.5585623,129.0993412,7.24482262,49.86984154,-1.25620847
corridor_0,5046,5046,74,39,1144850,1730350,35.558577,129.0982382,7.811019062,50.43603799,-0.690012029
corridor_0,5047,5047,73,39,1144750,1730350,35.5585916,129.0971352,8.361106037,50.98612496,-0.139925054
corridor_0,5048,5048,72,39,1144650,1730350,35.5586062,129.0960322,8.682498097,51.30751702,0.181467006
corridor_0,5049,5049,71,39,1144550,1730350,35.5586208,129.0949292,9.007998585,51.63301751,0.506967494
corridor_0,5050,5050,70,39,1144450,1730350,35.5586354,129.0938262,9.363612293,51.98863122,0.862581203
corridor_0,5051,5051,69,39,1144350,1730350,35.55865,129.0927232,9.684516071,52.309535,1.183484981
corridor_0,5052,5052,68,39,1144250,1730350,35.5586645,129.0916202,10.04119408,52.666213,1.54016299
corridor_0,5053,5053,67,39,1144150,1730350,35.5586791,129.0905172,10.46980584,53.09482476,1.968774745
corridor_0,5054,5054,66,39,1144050,1730350,35.5586936,129.0894142,10.90286171,53.52788064,2.401830623
corridor_0,5055,5055,65,39,1143950,1730350,35.5587082,129.0883112,11.34938347,53.9744024,2.848352382
corridor_0,5056,5056,64,39,1143850,1730350,35.5587227,129.0872082,11.61175072,54.23676965,3.11071963
corridor_0,5057,5057,63,39,1143750,1730350,35.5587372,129.0861052,11.8040725,54.42909142,3.303041408
corridor_0,5058,5058,62,39,1143650,1730350,35.5587517,129.0850022,11.43920433,54.06422326,2.938173244
corridor_0,5059,5059,61,39,1143550,1730350,35.5587662,129.0838992,11.05979073,53.68480965,2.558759639
corridor_0,5060,5060,60,39,1143450,1730350,35.5587807,129.0827962,10.66729271,53.29231164,2.166261622
corridor_0,5061,5061,59,39,1143350,1730350,35.5587952,129.0816932,10.27017128,52.89519021,1.769140193
corridor_0,5062,5062,58,39,1143250,1730350,35.5588097,129.0805902,9.901263355,52.52628228,1.400232265
corridor_0,5063,5063,57,39,1143150,1730350,35.5588241,129.0794872,9.487570881,52.11258981,0.98653979
corridor_0,5064,5064,56,39,1143050,1730350,35.5588386,129.0783842,9.001303791,51.62632272,0.5002727
corridor_0,5065,5065,55,39,1142950,1730350,35.558853,129.0772812,8.269137501,50.89415643,-0.23189359
corridor_0,5066,5066,54,39,1142850,1730350,35.5588674,129.0761782,7.560706257,50.18572518,-0.940324834
corridor_0,5067,5067,53,39,1142750,1730350,35.5588819,129.0750752,6.973738789,49.59875771,-1.527292302
corridor_0,5068,5068,52,39,1142650,1730350,35.5588963,129.0739722,6.455886005,49.08090493,-2.045145085
corridor_0,5069,5069,51,39,1142550,1730350,35.5589107,129.0728692,5.886305927,48.51132485,-2.614725163
corridor_0,5070,5070,50,39,1142450,1730350,35.5589251,129.0717662,5.165328144,47.79034707,-3.335702947
corridor_0,5071,5071,49,39,1142350,1730350,35.5589394,129.0706632,4.508017658,47.13303658,-3.993013433
corridor_0,5072,5072,48,39,1142250,1730350,35.5589538,129.0695602,3.811915516,46.43693444,-4.689115575
corridor_0,5073,5073,47,39,1142150,1730350,35.5589682,129.0684572,3.16538155,45.79040047,-5.335649541
corridor_0,5074,5074,46,39,1142050,1730350,35.5589825,129.0673541,2.600478291,45.22549722,-5.9005528
corridor_0,5075,5075,45,39,1141950,1730350,35.5589968,129.0662511,1.935744404,44.56076333,-6.565286687
corridor_0,5076,5076,44,39,1141850,1730350,35.5590112,129.0651481,1.128401875,43.7534208,-7.372629216
corridor_0,5077,5077,43,39,1141750,1730350,35.5590255,129.0640451,0.400355457,43.02537438,-8.100675633
corridor_0,5078,5078,42,39,1141650,1730350,35.5590398,129.0629421,-0.346169353,42.27884957,-8.847200444
corridor_0,5079,5079,41,39,1141550,1730350,35.5590541,129.0618391,-1.389813305,41.23520562,-9.890844396
corridor_0,5080,5080,40,39,1141450,1730350,35.5590684,129.060736,-2.926190258,39.69882867,-11.42722135
corridor_0,5081,5081,39,39,1141350,1730350,35.5590827,129.059633,-5.111081005,37.51393792,-13.6121121
corridor_0,5082,5082,38,39,1141250,1730350,35.5590969,129.05853,-9.041952969,33.58306596,-17.54298406
corridor_0,5159,5159,38,40,1141250,1730450,35.5599982,129.0585475,-7.666008831,34.95901009,-16.16703992
corridor_0,5160,5160,39,40,1141350,1730450,35.559984,129.0596505,-3.952744366,38.67227456,-12.45377546
corridor_0,5161,5161,40,40,1141450,1730450,35.5599697,129.0607535,-2.155289532,40.46972939,-10.65632062
corridor_0,5162,5162,41,40,1141550,1730450,35.5599554,129.0618566,-0.996922375,41.62809655,-9.497953465
corridor_0,5163,5163,42,40,1141650,1730450,35.5599411,129.0629596,-0.017983318,42.60703561,-8.519014409
corridor_0,5164,5164,43,40,1141750,1730450,35.5599268,129.0640626,0.741568684,43.36658761,-7.759462407
corridor_0,5165,5165,44,40,1141850,1730450,35.5599125,129.0651656,1.478053211,44.10307214,-7.02297788
corridor_0,5166,5166,45,40,1141950,1730450,35.5598982,129.0662687,2.29453957,44.91955849,-6.206491521
corridor_0,5167,5167,46,40,1142050,1730450,35.5598838,129.0673717,2.862364887,45.48738381,-5.638666204
corridor_0,5168,5168,47,40,1142150,1730450,35.5598695,129.0684747,3.520205616,46.14522454,-4.980825475
corridor_0,5169,5169,48,40,1142250,1730450,35.5598551,129.0695777,4.247244953,46.87226388,-4.253786138
corridor_0,5170,5170,49,40,1142350,1730450,35.5598408,129.0706808,4.904658436,47.52967736,-3.596372655
corridor_0,5171,5171,50,40,1142450,1730450,35.5598264,129.0717838,5.622756123,48.24777505,-2.878274968
corridor_0,5172,5172,51,40,1142550,1730450,35.559812,129.0728868,6.388804554,49.01382348,-2.112226537
corridor_0,5173,5173,52,40,1142650,1730450,35.5597976,129.0739898,6.985510944,49.61052987,-1.515520146
corridor_0,5174,5174,53,40,1142750,1730450,35.5597832,129.0750928,7.539839863,50.16485879,-0.961191228
corridor_0,5175,5175,54,40,1142850,1730450,35.5597688,129.0761959,8.153666615,50.77868554,-0.347364476
corridor_0,5176,5176,55,40,1142950,1730450,35.5597543,129.0772989,8.91500771,51.54002663,0.413976619
corridor_0,5177,5177,56,40,1143050,1730450,35.5597399,129.0784019,9.681754231,52.30677316,1.18072314
corridor_0,5178,5178,57,40,1143150,1730450,35.5597254,129.0795049,10.34115517,52.9661741,1.84012408
corridor_0,5179,5179,58,40,1143250,1730450,35.559711,129.0806079,10.77231514,53.39733407,2.271284053
corridor_0,5180,5180,59,40,1143350,1730450,35.5596965,129.081711,11.07994759,53.70496651,2.578916499
corridor_0,5181,5181,60,40,1143450,1730450,35.559682,129.082814,11.41514885,54.04016778,2.914117763
corridor_0,5182,5182,61,40,1143550,1730450,35.5596676,129.083917,12.006652,54.63167092,3.505620906
corridor_0,5183,5183,62,40,1143650,1730450,35.5596531,129.08502,12.3223983,54.94741723,3.821367213
corridor_0,5184,5184,63,40,1143750,1730450,35.5596385,129.086123,12.83909523,55.46411416,4.338064143
corridor_0,5185,5185,64,40,1143850,1730450,35.559624,129.087226,12.99642861,55.62144753,4.495397517
corridor_0,5186,5186,65,40,1143950,1730450,35.5596095,129.088329,12.76016915,55.38518807,4.259138057
corridor_0,5187,5187,66,40,1144050,1730450,35.559595,129.089432,12.10600579,54.73102471,3.604974696
corridor_0,5188,5188,67,40,1144150,1730450,35.5595804,129.090535,11.30030739,53.92532632,2.799276301
corridor_0,5189,5189,68,40,1144250,1730450,35.5595658,129.0916381,10.81975853,53.44477746,2.318727443
corridor_0,5190,5190,69,40,1144350,1730450,35.5595513,129.0927411,10.50313103,53.12814996,2.00209994
corridor_0,5191,5191,70,40,1144450,1730450,35.5595367,129.0938441,10.14092553,52.76594445,1.639894435
corridor_0,5192,5192,71,40,1144550,1730450,35.5595221,129.0949471,9.682952046,52.30797097,1.181920955
corridor_0,5193,5193,72,40,1144650,1730450,35.5595075,129.0960501,9.304335713,51.92935464,0.803304622
corridor_0,5194,5194,73,40,1144750,1730450,35.5594929,129.0971531,9.013796925,51.63881585,0.512765834
corridor_0,5195,5195,74,40,1144850,1730450,35.5594783,129.0982561,8.702921986,51.32794091,0.201890895
corridor_0,5196,5196,75,40,1144950,1730450,35.5594636,129.0993591,8.125784992,50.75080392,-0.375246099
corridor_0,5197,5197,76,40,1145050,1730450,35.559449,129.1004621,7.493178486,50.11819741,-1.007852605
corridor_0,5198,5198,77,40,1145150,1730450,35.5594344,129.1015651,7.05190575,49.67692467,-1.44912534
corridor_0,5199,5199,78,40,1145250,1730450,35.5594197,129.1026681,6.471266865,49.09628579,-2.029764226
corridor_0,5200,5200,79,40,1145350,1730450,35.559405,129.1037711,5.882517933,48.50753686,-2.618513158
corridor_0,5201,5201,80,40,1145450,1730450,35.5593903,129.1048741,5.267806171,47.8928251,-3.233224919
corridor_0,5202,5202,81,40,1145550,1730450,35.5593757,129.1059771,4.685309528,47.31032845,-3.815721562
corridor_0,5203,5203,82,40,1145650,1730450,35.559361,129.1070801,4.105666279,46.7306852,-4.395364812
corridor_0,5204,5204,83,40,1145750,1730450,35.5593462,129.1081831,3.543082356,46.16810128,-4.957948735
corridor_0,5205,5205,84,40,1145850,1730450,35.5593315,129.1092861,3.061286091,45.68630502,-5.439745
corridor_0,5206,5206,85,40,1145950,1730450,35.5593168,129.1103891,2.440894245,45.06591317,-6.060136846
corridor_0,5207,5207,86,40,1146050,1730450,35.5593021,129.1114921,1.816348194,44.44136712,-6.684682897
corridor_0,5208,5208,87,40,1146150,1730450,35.5592873,129.1125951,1.043810963,43.66882989,-7.457220128
corridor_0,5209,5209,88,40,1146250,1730450,35.5592725,129.1136981,0.360747456,42.98576638,-8.140283635
corridor_0,5210,5210,89,40,1146350,1730450,35.5592578,129.114801,-0.360039593,42.26497933,-8.861070683
corridor_0,5211,5211,90,40,1146450,1730450,35.559243,129.115904,-1.355599285,41.26941964,-9.856630376
corridor_0,5212,5212,91,40,1146550,1730450,35.5592282,129.117007,-2.230999828,40.3940191,-10.73203092
corridor_0,5213,5213,92,40,1146650,1730450,35.5592134,129.11811,-3.967568279,38.65745065,-12.46859937
corridor_0,5283,5283,93,41,1146750,1730550,35.5600999,129.1192311,-7.086556316,35.53846261,-15.58758741
corridor_0,5284,5284,92,41,1146650,1730550,35.5601147,129.1181281,-2.993073345,39.63194558,-11.49410444
corridor_0,5285,5285,91,41,1146550,1730550,35.5601295,129.1170251,-1.74124992,40.883769,-10.24228101
corridor_0,5286,5286,90,41,1146450,1730550,35.5601443,129.1159221,-0.690049053,41.93496987,-9.191080144
corridor_0,5287,5287,89,41,1146350,1730550,35.5601591,129.1148191,0.061778187,42.68679711,-8.439252904
corridor_0,5288,5288,88,41,1146250,1730550,35.5601738,129.1137161,0.91210854,43.53712746,-7.588922551
corridor_0,5289,5289,87,41,1146150,1730550,35.5601886,129.1126131,1.563761829,44.18878075,-6.937269261
corridor_0,5290,5290,86,41,1146050,1730550,35.5602034,129.1115101,2.19227898,44.8172979,-6.30875211
corridor_0,5291,5291,85,41,1145950,1730550,35.5602181,129.1104071,2.804137348,45.42915627,-5.696893743
corridor_0,5292,5292,84,41,1145850,1730550,35.5602328,129.1093041,3.409449696,46.03446862,-5.091581395
corridor_0,5293,5293,83,41,1145750,1730550,35.5602475,129.1082011,3.941260456,46.56627938,-4.559770635
corridor_0,5294,5294,82,41,1145650,1730550,35.5602623,129.1070981,4.560076832,47.18509576,-3.940954259
corridor_0,5295,5295,81,41,1145550,1730550,35.560277,129.1059951,5.146590351,47.77160928,-3.35444074
corridor_0,5296,5296,80,41,1145450,1730550,35.5602917,129.1048921,5.765723347,48.39074227,-2.735307744
corridor_0,5297,5297,79,41,1145350,1730550,35.5603063,129.1037891,6.407153248,49.03217217,-2.093877843
corridor_0,5298,5298,78,41,1145250,1730550,35.560321,129.102686,7.049872517,49.67489144,-1.451158574
corridor_0,5299,5299,77,41,1145150,1730550,35.5603357,129.101583,7.525550007,50.15056893,-0.975481084
corridor_0,5300,5300,76,41,1145050,1730550,35.5603503,129.10048,8.182952046,50.80797097,-0.318079045
corridor_0,5301,5301,75,41,1144950,1730550,35.560365,129.099377,8.839514851,51.46453378,0.33848376
corridor_0,5302,5302,74,41,1144850,1730550,35.5603796,129.098274,9.242850422,51.86786935,0.741819331
corridor_0,5303,5303,73,41,1144750,1730550,35.5603942,129.097171,9.595286488,52.22030541,1.094255397
corridor_0,5304,5304,72,41,1144650,1730550,35.5604088,129.096068,9.873210072,52.498229,1.372178981
corridor_0,5305,5305,71,41,1144550,1730550,35.5604234,129.0949649,10.24820626,52.87322518,1.747175166
corridor_0,5306,5306,70,41,1144450,1730550,35.560438,129.0938619,10.85097802,53.47599694,2.349946925
corridor_0,5307,5307,69,41,1144350,1730550,35.5604526,129.0927589,10.98193276,53.60695168,2.480901668
corridor_0,5308,5308,68,41,1144250,1730550,35.5604672,129.0916559,11.47479927,54.0998182,2.973768184
corridor_0,5309,5309,67,41,1144150,1730550,35.5604817,129.0905529,12.14002526,54.76504418,3.638994166
corridor_0,5310,5310,66,41,1144050,1730550,35.5604963,129.0894498,12.97296059,55.59797951,4.4719295
corridor_0,5311,5311,65,41,1143950,1730550,35.5605108,129.0883468,13.67164147,56.29666039,5.170610377
corridor_0,5312,5312,64,41,1143850,1730550,35.5605253,129.0872438,13.76233971,56.38735863,5.261308619
corridor_0,5313,5313,63,41,1143750,1730550,35.5605399,129.0861408,13.32417595,55.94919488,4.823144862
corridor_0,5314,5314,62,41,1143650,1730550,35.5605544,129.0850377,12.75184548,55.3768644,4.250814387
corridor_0,5315,5315,61,41,1143550,1730550,35.5605689,129.0839347,12.52752983,55.15254876,4.026498744
corridor_0,5316,5316,60,41,1143450,1730550,35.5605834,129.0828317,12.10600197,54.7310209,3.604970881
corridor_0,5317,5317,59,41,1143350,1730550,35.5605978,129.0817287,11.9331466,54.55816552,3.432115504
corridor_0,5318,5318,58,41,1143250,1730550,35.5606123,129.0806256,11.6764518,54.30147073,3.175420711
corridor_0,5319,5319,57,41,1143150,1730550,35.5606268,129.0795226,11.12181389,53.74683282,2.620782802
corridor_0,5320,5320,56,41,1143050,1730550,35.5606412,129.0784196,10.49721062,53.12222955,1.99617953
corridor_0,5321,5321,55,41,1142950,1730550,35.5606557,129.0773166,9.592173695,52.21719262,1.091142604
corridor_0,5322,5322,54,41,1142850,1730550,35.5606701,129.0762135,8.749579548,51.37459847,0.248548457
corridor_0,5323,5323,53,41,1142750,1730550,35.5606845,129.0751105,8.088259815,50.71327874,-0.412771276
corridor_0,5324,5324,52,41,1142650,1730550,35.5606989,129.0740075,7.480376362,50.10539529,-1.020654729
corridor_0,5325,5325,51,41,1142550,1730550,35.5607133,129.0729044,6.845175861,49.47019479,-1.655855229
corridor_0,5326,5326,50,41,1142450,1730550,35.5607277,129.0718014,6.045168995,48.67018792,-2.455862096
corridor_0,5327,5327,49,41,1142350,1730550,35.5607421,129.0706984,5.301509022,47.92652795,-3.199522069
corridor_0,5328,5328,48,41,1142250,1730550,35.5607564,129.0695953,4.604415058,47.22943398,-3.896616033
corridor_0,5329,5329,47,41,1142150,1730550,35.5607708,129.0684923,3.959761738,46.58478066,-4.541269353
corridor_0,5330,5330,46,41,1142050,1730550,35.5607851,129.0673892,3.202204823,45.82722375,-5.298826268
corridor_0,5331,5331,45,41,1141950,1730550,35.5607995,129.0662862,2.527693867,45.15271279,-5.973337224
corridor_0,5332,5332,44,41,1141850,1730550,35.5608138,129.0651832,1.698817371,44.3238363,-6.802213719
corridor_0,5333,5333,43,41,1141750,1730550,35.5608281,129.0640801,0.937911152,43.56293008,-7.563119939
corridor_0,5334,5334,42,41,1141650,1730550,35.5608424,129.0629771,0.135295033,42.76031396,-8.365736058
corridor_0,5335,5335,41,41,1141550,1730550,35.5608567,129.061874,-0.865010143,41.76000878,-9.366041234
corridor_0,5336,5336,40,41,1141450,1730550,35.560871,129.060771,-2.009095074,40.61592385,-10.51012616
corridor_0,5337,5337,39,41,1141350,1730550,35.5608853,129.059668,-3.41311729,39.21190163,-11.91414838
corridor_0,5338,5338,38,41,1141250,1730550,35.5608996,129.0585649,-5.862885357,36.76213357,-14.36391645
corridor_0,5339,5339,37,41,1141150,1730550,35.5609138,129.0574619,-10.83224571,31.79277322,-19.3332768
corridor_0,5414,5414,37,42,1141150,1730650,35.5618152,129.0574793,-8.973410488,33.65160844,-17.47444158
corridor_0,5415,5415,38,42,1141250,1730650,35.5618009,129.0585824,-4.570095898,38.05492303,-13.07112699
corridor_0,5416,5416,39,42,1141350,1730650,35.5617866,129.0596854,-2.95161903,39.67339989,-11.45265012
corridor_0,5417,5417,40,42,1141450,1730650,35.5617723,129.0607885,-1.629761578,40.99525735,-10.13079267
corridor_0,5418,5418,41,42,1141550,1730650,35.5617581,129.0618915,-0.539246441,42.08577248,-9.040277532
corridor_0,5419,5419,42,42,1141650,1730650,35.5617438,129.0629946,0.311671375,42.9366903,-8.189359715
corridor_0,5420,5420,43,42,1141750,1730650,35.5617295,129.0640976,1.266223072,43.891242,-7.234808019
corridor_0,5421,5421,44,42,1141850,1730650,35.5617151,129.0652007,2.005297779,44.6303167,-6.495733312
corridor_0,5422,5422,45,42,1141950,1730650,35.5617008,129.0663037,2.841086506,45.46610543,-5.659944585
corridor_0,5423,5423,46,42,1142050,1730650,35.5616865,129.0674068,3.523905872,46.1489248,-4.977125218
corridor_0,5424,5424,47,42,1142150,1730650,35.5616721,129.0685098,4.301604389,46.92662331,-4.199426702
corridor_0,5425,5425,48,42,1142250,1730650,35.5616578,129.0696129,4.95235741,47.57737634,-3.54867368
corridor_0,5426,5426,49,42,1142350,1730650,35.5616434,129.0707159,5.687396168,48.31241509,-2.813634923
corridor_0,5427,5427,50,42,1142450,1730650,35.561629,129.071819,6.474619984,49.09963891,-2.026411107
corridor_0,5428,5428,51,42,1142550,1730650,35.5616146,129.072922,7.222113728,49.84713265,-1.278917363
corridor_0,5429,5429,52,42,1142650,1730650,35.5616002,129.0740251,7.947981953,50.57300088,-0.553049138
corridor_0,5430,5430,53,42,1142750,1730650,35.5615858,129.0751281,8.669543385,51.29456231,0.168512294
corridor_0,5431,5431,54,42,1142850,1730650,35.5615714,129.0762312,9.371260761,51.99627969,0.870229671
corridor_0,5432,5432,55,42,1142950,1730650,35.561557,129.0773342,10.26209557,52.88711449,1.761064479
corridor_0,5433,5433,56,42,1143050,1730650,35.5615425,129.0784373,11.21348107,53.83849999,2.712449977
corridor_0,5434,5434,57,42,1143150,1730650,35.5615281,129.0795403,11.8198539,54.44487283,3.31882281
corridor_0,5435,5435,58,42,1143250,1730650,35.5615136,129.0806433,12.36066735,54.98568627,3.859636256
corridor_0,5436,5436,59,42,1143350,1730650,35.5614992,129.0817464,12.69629586,55.32131478,4.195264766
corridor_0,5437,5437,60,42,1143450,1730650,35.5614847,129.0828494,12.53742134,55.16244027,4.036390254
corridor_0,5438,5438,61,42,1143550,1730650,35.5614702,129.0839525,12.46188271,55.08690163,3.960851619
corridor_0,5439,5439,62,42,1143650,1730650,35.5614557,129.0850555,12.77403939,55.39905831,4.273008296
corridor_0,5440,5440,63,42,1143750,1730650,35.5614412,129.0861585,13.19540322,55.82042214,4.694372127
corridor_0,5441,5441,64,42,1143850,1730650,35.5614267,129.0872616,13.5662986,56.19131753,5.065267512
corridor_0,5442,5442,65,42,1143950,1730650,35.5614121,129.0883646,13.2323066,55.85732552,4.731275508
corridor_0,5443,5443,66,42,1144050,1730650,35.5613976,129.0894676,13.00941384,55.63443276,4.508382747
corridor_0,5444,5444,67,42,1144150,1730650,35.561383,129.0905707,12.4346534,55.05967233,3.93362231
corridor_0,5445,5445,68,42,1144250,1730650,35.5613685,129.0916737,11.83091652,54.45593545,3.329885432
corridor_0,5446,5446,69,42,1144350,1730650,35.5613539,129.0927767,11.39469445,54.01971337,2.893663356
corridor_0,5447,5447,70,42,1144450,1730650,35.5613393,129.0938798,11.32861626,53.95363519,2.82758517
corridor_0,5448,5448,71,42,1144550,1730650,35.5613247,129.0949828,10.84279931,53.46781823,2.341768214
corridor_0,5449,5449,72,42,1144650,1730650,35.5613101,129.0960858,10.42498314,53.05000207,1.923952052
corridor_0,5450,5450,73,42,1144750,1730650,35.5612955,129.0971889,10.14676201,52.77178094,1.645730922
corridor_0,5451,5451,74,42,1144850,1730650,35.5612809,129.0982919,9.791483997,52.41650292,1.290452907
corridor_0,5452,5452,75,42,1144950,1730650,35.5612663,129.0993949,9.3100425,51.93506142,0.809011409
corridor_0,5453,5453,76,42,1145050,1730650,35.5612516,129.1004979,8.889632343,51.51465127,0.388601253
corridor_0,5454,5454,77,42,1145150,1730650,35.561237,129.101601,8.296969532,50.92198846,-0.204061559
corridor_0,5455,5455,78,42,1145250,1730650,35.5612223,129.102704,7.527480244,50.15249917,-0.973550847
corridor_0,5456,5456,79,42,1145350,1730650,35.5612076,129.103807,6.944491505,49.56951043,-1.556539586
corridor_0,5457,5457,80,42,1145450,1730650,35.561193,129.10491,6.268458485,48.89347741,-2.232572606
corridor_0,5458,5458,81,42,1145550,1730650,35.5611783,129.1060131,5.634150623,48.25916955,-2.866880467
corridor_0,5459,5459,82,42,1145650,1730650,35.5611636,129.1071161,5.003680348,47.62869927,-3.497350743
corridor_0,5460,5460,83,42,1145750,1730650,35.5611489,129.1082191,4.455161213,47.08018014,-4.045869878
corridor_0,5461,5461,84,42,1145850,1730650,35.5611341,129.1093221,3.834456562,46.45947549,-4.666574529
corridor_0,5462,5462,85,42,1145950,1730650,35.5611194,129.1104251,3.22819817,45.85321709,-5.272832921
corridor_0,5463,5463,86,42,1146050,1730650,35.5611047,129.1115282,2.598990559,45.22400948,-5.902040532
corridor_0,5464,5464,87,42,1146150,1730650,35.5610899,129.1126312,1.946448444,44.57146737,-6.554582646
corridor_0,5465,5465,88,42,1146250,1730650,35.5610751,129.1137342,1.295909046,43.92092797,-7.205122045
corridor_0,5466,5466,89,42,1146350,1730650,35.5610604,129.1148372,0.467360615,43.09237954,-8.033670476
corridor_0,5467,5467,90,42,1146450,1730650,35.5610456,129.1159402,-0.092972637,42.53204629,-8.594003728
corridor_0,5468,5468,91,42,1146550,1730650,35.5610308,129.1170432,-1.057221294,41.56779763,-9.558252385
corridor_0,5469,5469,92,42,1146650,1730650,35.561016,129.1181463,-2.169770122,40.4552488,-10.67080121
corridor_0,5470,5470,93,42,1146750,1730650,35.5610012,129.1192493,-3.916863323,38.7081556,-12.41789441
corridor_0,5538,5538,94,43,1146850,1730750,35.5618877,129.1203704,-5.591557384,37.03346154,-14.09258848
corridor_0,5539,5539,93,43,1146750,1730750,35.5619025,129.1192674,-2.971489788,39.65352914,-11.47252088
corridor_0,5540,5540,92,43,1146650,1730750,35.5619173,129.1181644,-1.462109447,41.16290948,-9.963140538
corridor_0,5541,5541,91,43,1146550,1730750,35.5619321,129.1170614,-0.452420116,42.17259881,-8.953451207
corridor_0,5542,5542,90,43,1146450,1730750,35.5619469,129.1159583,0.286936878,42.9119558,-8.214094213
corridor_0,5543,5543,89,43,1146350,1730750,35.5619617,129.1148553,1.118178486,43.74319741,-7.382852605
corridor_0,5544,5544,88,43,1146250,1730750,35.5619764,129.1137523,1.661673664,44.28669259,-6.839357427
corridor_0,5545,5545,87,43,1146150,1730750,35.5619912,129.1126492,2.308856129,44.93387505,-6.192174962
corridor_0,5546,5546,86,43,1146050,1730750,35.562006,129.1115462,3.054843067,45.67986199,-5.446188024
corridor_0,5547,5547,85,43,1145950,1730750,35.5620207,129.1104432,3.598673939,46.22369286,-4.902357152
corridor_0,5548,5548,84,43,1145850,1730750,35.5620354,129.1093401,4.260050892,46.88506982,-4.240980199
corridor_0,5549,5549,83,43,1145750,1730750,35.5620502,129.1082371,4.901721119,47.52674004,-3.599309972
corridor_0,5550,5550,82,43,1145650,1730750,35.5620649,129.1071341,5.425345539,48.05036446,-3.075685552
corridor_0,5551,5551,81,43,1145550,1730750,35.5620796,129.106031,6.058314442,48.68333337,-2.442716649
corridor_0,5552,5552,80,43,1145450,1730750,35.5620943,129.104928,6.648768543,49.27378747,-1.852262547
corridor_0,5553,5553,79,43,1145350,1730750,35.5621089,129.103825,7.316161274,49.9411802,-1.184869817
corridor_0,5554,5554,78,43,1145250,1730750,35.5621236,129.1027219,8.162642597,50.78766152,-0.338388494
corridor_0,5555,5555,77,43,1145150,1730750,35.5621383,129.1016189,8.830607533,51.45562646,0.329576442
corridor_0,5556,5556,76,43,1145050,1730750,35.5621529,129.1005159,9.464636921,52.08965585,0.96360583
corridor_0,5557,5557,75,43,1144950,1730750,35.5621676,129.0994128,9.930426716,52.55544564,1.429395625
corridor_0,5558,5558,74,43,1144850,1730750,35.5621822,129.0983098,10.25427163,52.87929055,1.753240535
corridor_0,5559,5559,73,43,1144750,1730750,35.5621968,129.0972067,10.65981972,53.28483865,2.15878863
corridor_0,5560,5560,72,43,1144650,1730750,35.5622114,129.0961037,10.87919915,53.50421807,2.378168056
corridor_0,5561,5561,71,43,1144550,1730750,35.562226,129.0950007,11.47865593,54.10367486,2.977624843
corridor_0,5562,5562,70,43,1144450,1730750,35.5622406,129.0938976,11.52982628,54.15484521,3.028795192
corridor_0,5563,5563,69,43,1144350,1730750,35.5622552,129.0927946,11.72341454,54.34843346,3.222383449
corridor_0,5564,5564,68,43,1144250,1730750,35.5622698,129.0916915,12.15928566,54.78430459,3.658254573
corridor_0,5565,5565,67,43,1144150,1730750,35.5622843,129.0905885,12.55016243,55.17518136,4.049131343
corridor_0,5566,5566,66,43,1144050,1730750,35.5622989,129.0894854,12.68096077,55.3059797,4.179929683
corridor_0,5567,5567,65,43,1143950,1730750,35.5623134,129.0883824,12.75267327,55.37769219,4.251642177
corridor_0,5568,5568,64,43,1143850,1730750,35.562328,129.0872793,12.77751458,55.4025335,4.276483485
corridor_0,5569,5569,63,43,1143750,1730750,35.5623425,129.0861763,12.50108254,55.12610146,4.000051448
corridor_0,5570,5570,62,43,1143650,1730750,35.562357,129.0850732,12.3770591,55.00207803,3.87602801
corridor_0,5571,5571,61,43,1143550,1730750,35.5623715,129.0839702,12.34399331,54.96901223,3.842962214
corridor_0,5572,5572,60,43,1143450,1730750,35.562386,129.0828671,12.77520287,55.40022179,4.274171779
corridor_0,5573,5573,59,43,1143350,1730750,35.5624005,129.0817641,12.82707131,55.45209023,4.326040217
corridor_0,5574,5574,58,43,1143250,1730750,35.5624149,129.080661,12.76005471,55.38507363,4.259023616
corridor_0,5575,5575,57,43,1143150,1730750,35.5624294,129.079558,12.3388778,54.96389672,3.837846705
corridor_0,5576,5576,56,43,1143050,1730750,35.5624438,129.0784549,11.79711831,54.42213723,3.296087214
corridor_0,5577,5577,55,43,1142950,1730750,35.5624583,129.0773519,10.96128762,53.58630654,2.460256526
corridor_0,5578,5578,54,43,1142850,1730750,35.5624727,129.0762488,9.997965931,52.62298486,1.49693484
corridor_0,5579,5579,53,43,1142750,1730750,35.5624871,129.0751458,9.215079426,51.84009835,0.714048335
corridor_0,5580,5580,52,43,1142650,1730750,35.5625015,129.0740427,8.395167469,51.02018639,-0.105863622
corridor_0,5581,5581,51,43,1142550,1730750,35.5625159,129.0729397,7.640132069,50.26515099,-0.860899022
corridor_0,5582,5582,50,43,1142450,1730750,35.5625303,129.0718366,6.862193226,49.48721215,-1.638837865
corridor_0,5583,5583,49,43,1142350,1730750,35.5625447,129.0707335,6.056132435,48.68115136,-2.444898656
corridor_0,5584,5584,48,43,1142250,1730750,35.5625591,129.0696305,5.288725971,47.9137449,-3.21230512
corridor_0,5585,5585,47,43,1142150,1730750,35.5625734,129.0685274,4.59324181,47.21826073,-3.907789281
corridor_0,5586,5586,46,43,1142050,1730750,35.5625878,129.0674244,3.809359669,46.43437859,-4.691671422
corridor_0,5587,5587,45,43,1141950,1730750,35.5626021,129.0663213,3.124587177,45.7496061,-5.376443913
corridor_0,5588,5588,44,43,1141850,1730750,35.5626165,129.0652182,2.30014336,44.92516228,-6.200887731
corridor_0,5589,5589,43,43,1141750,1730750,35.5626308,129.0641152,1.533053516,44.15807244,-6.967977574
corridor_0,5590,5590,42,43,1141650,1730750,35.5626451,129.0630121,0.616740345,43.24175927,-7.884290746
corridor_0,5591,5591,41,43,1141550,1730750,35.5626594,129.061909,-0.226288677,42.39873025,-8.727319768
corridor_0,5592,5592,40,43,1141450,1730750,35.5626737,129.060806,-1.530609966,41.09440896,-10.03164106
corridor_0,5593,5593,39,43,1141350,1730750,35.562688,129.0597029,-2.830529095,39.79448983,-11.33156019
corridor_0,5594,5594,38,43,1141250,1730750,35.5627022,129.0585998,-4.456822277,38.16819665,-12.95785337
corridor_0,5595,5595,37,43,1141150,1730750,35.5627165,129.0574968,-6.740359188,35.88465974,-15.24139028
corridor_0,5669,5669,36,44,1141050,1730850,35.5636321,129.0564111,-10.87572372,31.7492952,-19.37675481
corridor_0,5670,5670,37,44,1141150,1730850,35.5636178,129.0575142,-6.650875927,35.974143,-15.15190702
corridor_0,5671,5671,38,44,1141250,1730850,35.5636035,129.0586173,-4.369290234,38.25572869,-12.87032132
corridor_0,5672,5672,39,44,1141350,1730850,35.5635893,129.0597204,-2.429062725,40.1959562,-10.93009382
corridor_0,5673,5673,40,44,1141450,1730850,35.563575,129.0608234,-1.188496471,41.43652245,-9.689527562
corridor_0,5674,5674,41,44,1141550,1730850,35.5635607,129.0619265,-0.284203411,42.34081551,-8.785234502
corridor_0,5675,5675,42,44,1141650,1730850,35.5635464,129.0630296,0.74703896,43.37205788,-7.753992131
corridor_0,5676,5676,43,44,1141750,1730850,35.5635321,129.0641327,1.686602711,44.31162164,-6.81442838
corridor_0,5677,5677,44,44,1141850,1730850,35.5635178,129.0652358,2.446307301,45.07132623,-6.05472379
corridor_0,5678,5678,45,44,1141950,1730850,35.5635035,129.0663388,3.276114582,45.90113351,-5.224916509
corridor_0,5679,5679,46,44,1142050,1730850,35.5634891,129.0674419,3.999907612,46.62492654,-4.501123479
corridor_0,5680,5680,47,44,1142150,1730850,35.5634748,129.068545,4.808234333,47.43325326,-3.692796758
corridor_0,5681,5681,48,44,1142250,1730850,35.5634604,129.0696481,5.554419636,48.17943856,-2.946611455
corridor_0,5682,5682,49,44,1142350,1730850,35.563446,129.0707511,6.371317982,48.99633691,-2.129713109
corridor_0,5683,5683,50,44,1142450,1730850,35.5634317,129.0718542,7.238062977,49.8630819,-1.262968114
corridor_0,5684,5684,51,44,1142550,1730850,35.5634173,129.0729573,8.049750446,50.67476937,-0.451280644
corridor_0,5685,5685,52,44,1142650,1730850,35.5634029,129.0740603,8.860789417,51.48580834,0.359758327
corridor_0,5686,5686,53,44,1142750,1730850,35.5633885,129.0751634,9.788970112,52.41398904,1.287939021
corridor_0,5687,5687,54,44,1142850,1730850,35.563374,129.0762665,10.63698876,53.26200768,2.135957667
corridor_0,5688,5688,55,44,1142950,1730850,35.5633596,129.0773695,11.61876213,54.24378106,3.117731044
corridor_0,5689,5689,56,44,1143050,1730850,35.5633452,129.0784726,12.31157601,54.93659493,3.810544917
corridor_0,5690,5690,57,44,1143150,1730850,35.5633307,129.0795757,12.64040673,55.26542565,4.139375636
corridor_0,5691,5691,58,44,1143250,1730850,35.5633163,129.0806787,12.9491874,55.57420632,4.448156306
corridor_0,5692,5692,59,44,1143350,1730850,35.5633018,129.0817818,12.80575097,55.43076989,4.304719874
corridor_0,5693,5693,60,44,1143450,1730850,35.5632873,129.0828849,12.58054268,55.20556161,4.079511592
corridor_0,5694,5694,61,44,1143550,1730850,35.5632728,129.0839879,12.26201546,54.88703439,3.76098437
corridor_0,5695,5695,62,44,1143650,1730850,35.5632583,129.085091,12.06621849,54.69123742,3.565187404
corridor_0,5696,5696,63,44,1143750,1730850,35.5632438,129.0861941,12.16376793,54.78878686,3.662736842
corridor_0,5697,5697,64,44,1143850,1730850,35.5632293,129.0872971,12.27419197,54.8992109,3.773160884
corridor_0,5698,5698,65,44,1143950,1730850,35.5632147,129.0884002,12.24452889,54.86954781,3.743497798
corridor_0,5699,5699,66,44,1144050,1730850,35.5632002,129.0895032,12.17378914,54.79880807,3.672758052
corridor_0,5700,5700,67,44,1144150,1730850,35.5631857,129.0906063,12.25982201,54.88484093,3.758790919
corridor_0,5701,5701,68,44,1144250,1730850,35.5631711,129.0917094,12.21589959,54.84091851,3.714868495
corridor_0,5702,5702,69,44,1144350,1730850,35.5631565,129.0928124,11.89927208,54.52429101,3.398240993
corridor_0,5703,5703,70,44,1144450,1730850,35.5631419,129.0939155,11.6167556,54.24177453,3.115724513
corridor_0,5704,5704,71,44,1144550,1730850,35.5631273,129.0950185,11.60343468,54.22845361,3.10240359
corridor_0,5705,5705,72,44,1144650,1730850,35.5631127,129.0961216,11.22917473,53.85419366,2.728143641
corridor_0,5706,5706,73,44,1144750,1730850,35.5630981,129.0972246,11.05456841,53.67958733,2.553537318
corridor_0,5707,5707,74,44,1144850,1730850,35.5630835,129.0983277,10.65066063,53.27567956,2.149629542
corridor_0,5708,5708,75,44,1144950,1730850,35.5630689,129.0994307,10.35742485,52.98244378,1.856393764
corridor_0,5709,5709,76,44,1145050,1730850,35.5630542,129.1005338,9.822604298,52.44762322,1.321573207
corridor_0,5710,5710,77,44,1145150,1730850,35.5630396,129.1016368,9.451102375,52.0761213,0.950071284
corridor_0,5711,5711,78,44,1145250,1730850,35.5630249,129.1027399,8.743350147,51.36836907,0.242319057
corridor_0,5712,5712,79,44,1145350,1730850,35.5630103,129.1038429,7.837409138,50.46242806,-0.663621953
corridor_0,5713,5713,80,44,1145450,1730850,35.5629956,129.104946,6.986594318,49.61161324,-1.514436772
corridor_0,5714,5714,81,44,1145550,1730850,35.5629809,129.106049,6.381960987,49.00697991,-2.119070104
corridor_0,5715,5715,82,44,1145650,1730850,35.5629662,129.1071521,5.799353718,48.42437264,-2.701677373
corridor_0,5716,5716,83,44,1145750,1730850,35.5629515,129.1082551,5.243949055,47.86896798,-3.257082036
corridor_0,5717,5717,84,44,1145850,1730850,35.5629367,129.1093582,4.549960255,47.17497918,-3.951070836
corridor_0,5718,5718,85,44,1145950,1730850,35.562922,129.1104612,4.002265095,46.62728402,-4.498765996
corridor_0,5719,5719,86,44,1146050,1730850,35.5629073,129.1115643,3.388022541,46.01304147,-5.11300855
corridor_0,5720,5720,87,44,1146150,1730850,35.5628925,129.1126673,2.667948841,45.29296777,-5.83308225
corridor_0,5721,5721,88,44,1146250,1730850,35.5628777,129.1137703,2.114611744,44.73963067,-6.386419347
corridor_0,5722,5722,89,44,1146350,1730850,35.562863,129.1148734,1.461642384,44.08666131,-7.039388707
corridor_0,5723,5723,90,44,1146450,1730850,35.5628482,129.1159764,0.653498768,43.27851769,-7.847532323
corridor_0,5724,5724,91,44,1146550,1730850,35.5628334,129.1170795,-0.072907329,42.5521116,-8.57393842
corridor_0,5725,5725,92,44,1146650,1730850,35.5628186,129.1181825,-1.047600628,41.5774183,-9.548631719
corridor_0,5726,5726,93,44,1146750,1730850,35.5628038,129.1192855,-1.911991955,40.71302697,-10.41302305
corridor_0,5727,5727,94,44,1146850,1730850,35.562789,129.1203886,-4.351868511,38.27315041,-12.8528996
corridor_0,5793,5793,95,45,1146950,1730950,35.5636754,129.1215098,-7.019327999,35.60569093,-15.52035909
corridor_0,5794,5794,94,45,1146850,1730950,35.5636903,129.1204067,-3.35780418,39.26721474,-11.85883527
corridor_0,5795,5795,93,45,1146750,1730950,35.5637051,129.1193037,-1.491845013,41.13317391,-9.992876103
corridor_0,5796,5796,92,45,1146650,1730950,35.5637199,129.1182006,-0.659439922,41.965579,-9.160471013
corridor_0,5797,5797,91,45,1146550,1730950,35.5637347,129.1170976,0.285910725,42.91092965,-8.215120366
corridor_0,5798,5798,90,45,1146450,1730950,35.5637495,129.1159945,0.995345234,43.62036416,-7.505685857
corridor_0,5799,5799,89,45,1146350,1730950,35.5637643,129.1148915,1.789664387,44.41468331,-6.711366704
corridor_0,5800,5800,88,45,1146250,1730950,35.563779,129.1137884,2.425643086,45.05066201,-6.075388005
corridor_0,5801,5801,87,45,1146150,1730950,35.5637938,129.1126854,3.042250752,45.66726968,-5.458780339
corridor_0,5802,5802,86,45,1146050,1730950,35.5638086,129.1115823,3.723708271,46.3487272,-4.77732282
corridor_0,5803,5803,85,45,1145950,1730950,35.5638233,129.1104793,4.341719746,46.96673867,-4.159311345
corridor_0,5804,5804,84,45,1145850,1730950,35.563838,129.1093762,4.911936878,47.5369558,-3.589094213
corridor_0,5805,5805,83,45,1145750,1730950,35.5638528,129.1082731,5.484030842,48.10904977,-3.017000249
corridor_0,5806,5806,82,45,1145650,1730950,35.5638675,129.1071701,6.115538715,48.74055764,-2.385492375
corridor_0,5807,5807,81,45,1145550,1730950,35.5638822,129.106067,6.731295704,49.35631463,-1.769735387
corridor_0,5808,5808,80,45,1145450,1730950,35.5638969,129.104964,7.655638813,50.28065774,-0.845392278
corridor_0,5809,5809,79,45,1145350,1730950,35.5639116,129.1038609,8.476298451,51.10131738,-0.02473264
corridor_0,5810,5810,78,45,1145250,1730950,35.5639262,129.1027578,9.09960091,51.72461983,0.598569819
corridor_0,5811,5811,77,45,1145150,1730950,35.5639409,129.1016548,9.741942524,52.36696145,1.240911433
corridor_0,5812,5812,76,45,1145050,1730950,35.5639555,129.1005517,10.3447181,52.96973702,1.843687007
corridor_0,5813,5813,75,45,1144950,1730950,35.5639702,129.0994487,10.64904702,53.27406594,2.148015925
corridor_0,5814,5814,74,45,1144850,1730950,35.5639848,129.0983456,10.99399102,53.61900994,2.492959926
corridor_0,5815,5815,73,45,1144750,1730950,35.5639994,129.0972425,11.31340706,53.93842599,2.812375972
corridor_0,5816,5816,72,45,1144650,1730950,35.5640141,129.0961395,11.40523446,54.03025338,2.904203364
corridor_0,5817,5817,71,45,1144550,1730950,35.5640287,129.0950364,11.54378426,54.16880318,3.042753169
corridor_0,5818,5818,70,45,1144450,1730950,35.5640432,129.0939333,11.68408883,54.30910775,3.183057734
corridor_0,5819,5819,69,45,1144350,1730950,35.5640578,129.0928303,11.7897445,54.41476342,3.288713405
corridor_0,5820,5820,68,45,1144250,1730950,35.5640724,129.0917272,11.80115807,54.42617699,3.300126979
corridor_0,5821,5821,67,45,1144150,1730950,35.564087,129.0906241,11.83645165,54.46147057,3.335420558
corridor_0,5822,5822,66,45,1144050,1730950,35.5641015,129.089521,11.85924828,54.4842672,3.358217189
corridor_0,5823,5823,65,45,1143950,1730950,35.5641161,129.088418,11.82612908,54.451148,3.325097987
corridor_0,5824,5824,64,45,1143850,1730950,35.5641306,129.0873149,11.83507073,54.46008965,3.334039638
corridor_0,5825,5825,63,45,1143750,1730950,35.5641451,129.0862118,11.81138146,54.43640038,3.310350368
corridor_0,5826,5826,62,45,1143650,1730950,35.5641596,129.0851088,11.82865059,54.45366952,3.327619502
corridor_0,5827,5827,61,45,1143550,1730950,35.5641741,129.0840057,12.20233071,54.82734963,3.701299617
corridor_0,5828,5828,60,45,1143450,1730950,35.5641886,129.0829026,12.6018821,55.22690102,4.100851008
corridor_0,5829,5829,59,45,1143350,1730950,35.5642031,129.0817995,12.7157203,55.34073922,4.214689204
corridor_0,5830,5830,58,45,1143250,1730950,35.5642176,129.0806964,12.97154152,55.59656045,4.470510432
corridor_0,5831,5831,57,45,1143150,1730950,35.564232,129.0795934,12.80015862,55.42517754,4.299127528
corridor_0,5832,5832,56,45,1143050,1730950,35.5642465,129.0784903,12.48623574,55.11125466,3.985204646
corridor_0,5833,5833,55,45,1142950,1730950,35.5642609,129.0773872,12.03563988,54.66065881,3.53460879
corridor_0,5834,5834,54,45,1142850,1730950,35.5642754,129.0762841,11.31578743,53.94080636,2.814756343
corridor_0,5835,5835,53,45,1142750,1730950,35.5642898,129.0751811,10.28026116,52.90528008,1.779230067
corridor_0,5836,5836,52,45,1142650,1730950,35.5643042,129.074078,9.361006855,51.98602578,0.859975764
corridor_0,5837,5837,51,45,1142550,1730950,35.5643186,129.0729749,8.416796803,51.04181573,-0.084234288
corridor_0,5838,5838,50,45,1142450,1730950,35.564333,129.0718718,7.560969471,50.1859884,-0.94006162
corridor_0,5839,5839,49,45,1142350,1730950,35.5643474,129.0707687,6.665778278,49.2907972,-1.835252812
corridor_0,5840,5840,48,45,1142250,1730950,35.5643617,129.0696656,5.834841847,48.45986077,-2.666189244
corridor_0,5841,5841,47,45,1142150,1730950,35.5643761,129.0685625,5.001807331,47.62682626,-3.49922376
corridor_0,5842,5842,46,45,1142050,1730950,35.5643904,129.0674595,4.239482044,46.86450097,-4.261549047
corridor_0,5843,5843,45,45,1141950,1730950,35.5644048,129.0663564,3.417117237,46.04213616,-5.083913854
corridor_0,5844,5844,44,45,1141850,1730950,35.5644191,129.0652533,2.682726978,45.3077459,-5.818304112
corridor_0,5845,5845,43,45,1141750,1730950,35.5644334,129.0641502,1.806498646,44.43151757,-6.694532445
corridor_0,5846,5846,42,45,1141650,1730950,35.5644477,129.0630471,0.998358845,43.62337777,-7.502672246
corridor_0,5847,5847,41,45,1141550,1730950,35.564462,129.061944,-0.001507641,42.62351128,-8.502538732
corridor_0,5848,5848,40,45,1141450,1730950,35.5644763,129.0608409,-1.098172069,41.52684686,-9.59920316
corridor_0,5849,5849,39,45,1141350,1730950,35.5644906,129.0597378,-2.351700664,40.27331826,-10.85273176
corridor_0,5850,5850,38,45,1141250,1730950,35.5645049,129.0586347,-3.855294109,38.76972482,-12.3563252
corridor_0,5851,5851,37,45,1141150,1730950,35.5645191,129.0575316,-6.585478664,36.03954026,-15.08650976
corridor_0,5852,5852,36,45,1141050,1730950,35.5645334,129.0564286,-10.80291069,31.82210824,-19.30394178
corridor_0,5925,5925,36,46,1141050,1731050,35.5654347,129.056446,-10.74936187,31.87565705,-19.25039296
corridor_0,5926,5926,37,46,1141150,1731050,35.5654205,129.0575491,-5.807232738,36.81778619,-14.30826383
corridor_0,5927,5927,38,46,1141250,1731050,35.5654062,129.0586522,-3.805386425,38.8196325,-12.30641752
corridor_0,5928,5928,39,46,1141350,1731050,35.5653919,129.0597553,-1.990223766,40.63479516,-10.49125486
corridor_0,5929,5929,40,46,1141450,1731050,35.5653776,129.0608584,-0.999028088,41.62599084,-9.500059178
corridor_0,5930,5930,41,46,1141550,1731050,35.5653634,129.0619615,0.097632526,42.72265145,-8.403398564
corridor_0,5931,5931,42,46,1141650,1731050,35.5653491,129.0630646,0.937098621,43.56211755,-7.563932469
corridor_0,5932,5932,43,46,1141750,1731050,35.5653347,129.0641677,1.884341358,44.50936028,-6.616689733
corridor_0,5933,5933,44,46,1141850,1731050,35.5653204,129.0652708,2.785433888,45.41045281,-5.715597203
corridor_0,5934,5934,45,46,1141950,1731050,35.5653061,129.0663739,3.624884724,46.24990365,-4.876146367
corridor_0,5935,5935,46,46,1142050,1731050,35.5652918,129.067477,4.451136707,47.07615563,-4.049894383
corridor_0,5936,5936,47,46,1142150,1731050,35.5652774,129.0685801,5.224520802,47.84953973,-3.276510289
corridor_0,5937,5937,48,46,1142250,1731050,35.565263,129.0696832,6.085284351,48.71030328,-2.415746739
corridor_0,5938,5938,49,46,1142350,1731050,35.5652487,129.0707863,6.925616383,49.55063531,-1.575414708
corridor_0,5939,5939,50,46,1142450,1731050,35.5652343,129.0718894,7.83283913,50.45785806,-0.66819196
corridor_0,5940,5940,51,46,1142550,1731050,35.5652199,129.0729925,8.757506489,51.38252541,0.256475398
corridor_0,5941,5941,52,46,1142650,1731050,35.5652055,129.0740956,9.753718494,52.37873742,1.252687404
corridor_0,5942,5942,53,46,1142750,1731050,35.5651911,129.0751987,10.82621682,53.45123574,2.325185725
corridor_0,5943,5943,54,46,1142850,1731050,35.5651767,129.0763018,11.7018882,54.32690713,3.200857112
corridor_0,5944,5944,55,46,1142950,1731050,35.5651622,129.0774049,12.330989,54.95600793,3.829957911
corridor_0,5945,5945,56,46,1143050,1731050,35.5651478,129.078508,12.70911705,55.33413598,4.208085963
corridor_0,5946,5946,57,46,1143150,1731050,35.5651333,129.0796111,12.76522362,55.39024255,4.264192531
corridor_0,5947,5947,58,46,1143250,1731050,35.5651189,129.0807142,12.74755013,55.37256905,4.246519038
corridor_0,5948,5948,59,46,1143350,1731050,35.5651044,129.0818172,12.55180657,55.17682549,4.050775477
corridor_0,5949,5949,60,46,1143450,1731050,35.5650899,129.0829203,12.36799538,54.99301431,3.86696429
corridor_0,5950,5950,61,46,1143550,1731050,35.5650754,129.0840234,12.12959587,54.7546148,3.628564784
corridor_0,5951,5951,62,46,1143650,1731050,35.5650609,129.0851265,11.74291909,54.36793801,3.241887996
corridor_0,5952,5952,63,46,1143750,1731050,35.5650464,129.0862296,11.55279839,54.17781731,3.051767299
corridor_0,5953,5953,64,46,1143850,1731050,35.5650319,129.0873327,11.62359536,54.24861428,3.122564265
corridor_0,5954,5954,65,46,1143950,1731050,35.5650174,129.0884358,11.69099343,54.31601235,3.189962337
corridor_0,5955,5955,66,46,1144050,1731050,35.5650028,129.0895388,11.68716347,54.3121824,3.18613238
corridor_0,5956,5956,67,46,1144150,1731050,35.5649883,129.0906419,11.83897316,54.46399209,3.337942073
corridor_0,5957,5957,68,46,1144250,1731050,35.5649737,129.091745,11.79741204,54.42243096,3.296380946
corridor_0,5958,5958,69,46,1144350,1731050,35.5649591,129.0928481,11.67139733,54.29641625,3.170366237
corridor_0,5959,5959,70,46,1144450,1731050,35.5649446,129.0939512,11.65728676,54.28230569,3.156255671
corridor_0,5960,5960,71,46,1144550,1731050,35.56493,129.0950543,11.59399331,54.21901223,3.092962214
corridor_0,5961,5961,72,46,1144650,1731050,35.5649154,129.0961573,11.489833,54.11485192,2.988801906
corridor_0,5962,5962,73,46,1144750,1731050,35.5649008,129.0972604,11.43154061,54.05655953,2.930509517
corridor_0,5963,5963,74,46,1144850,1731050,35.5648861,129.0983635,11.24423134,53.86925027,2.743200252
corridor_0,5964,5964,75,46,1144950,1731050,35.5648715,129.0994666,10.89525521,53.52027413,2.394224116
corridor_0,5965,5965,76,46,1145050,1731050,35.5648569,129.1005696,10.53043663,53.15545556,2.029405543
corridor_0,5966,5966,77,46,1145150,1731050,35.5648422,129.1016727,9.941249012,52.56626794,1.440217921
corridor_0,5967,5967,78,46,1145250,1731050,35.5648275,129.1027758,9.466574787,52.09159371,0.965543696
corridor_0,5968,5968,79,46,1145350,1731050,35.5648129,129.1038789,8.76492989,51.38994881,0.263898799
corridor_0,5969,5969,80,46,1145450,1731050,35.5647982,129.1049819,8.035361408,50.66038033,-0.465669683
corridor_0,5970,5970,81,46,1145550,1731050,35.5647835,129.106085,7.151682972,49.7767019,-1.349348119
corridor_0,5971,5971,82,46,1145650,1731050,35.5647688,129.1071881,6.407324909,49.03234383,-2.093706182
corridor_0,5972,5972,83,46,1145750,1731050,35.5647541,129.1082912,5.80720818,48.4322271,-2.693822911
corridor_0,5973,5973,84,46,1145850,1731050,35.5647393,129.1093942,5.232352375,47.8573713,-3.268678716
corridor_0,5974,5974,85,46,1145950,1731050,35.5647246,129.1104973,4.649195789,47.27421471,-3.851835301
corridor_0,5975,5975,86,46,1146050,1731050,35.5647099,129.1116004,4.040011524,46.66503045,-4.461019567
corridor_0,5976,5976,87,46,1146150,1731050,35.5646951,129.1127034,3.441397785,46.06641671,-5.059633306
corridor_0,5977,5977,88,46,1146250,1731050,35.5646803,129.1138065,2.830680012,45.45569894,-5.670351079
corridor_0,5978,5978,89,46,1146350,1731050,35.5646656,129.1149096,2.103339314,44.72835824,-6.397691777
corridor_0,5979,5979,90,46,1146450,1731050,35.5646508,129.1160126,1.325095295,43.95011422,-7.175935796
corridor_0,5980,5980,91,46,1146550,1731050,35.564636,129.1171157,0.619135975,43.2441549,-7.881895116
corridor_0,5981,5981,92,46,1146650,1731050,35.5646212,129.1182188,-0.292069317,42.33294961,-8.793100408
corridor_0,5982,5982,93,46,1146750,1731050,35.5646064,129.1193218,-1.100838543,41.52418038,-9.601869634
corridor_0,5983,5983,94,46,1146850,1731050,35.5645916,129.1204249,-2.237881542,40.38713738,-10.73891263
corridor_0,5984,5984,95,46,1146950,1731050,35.5645767,129.1215279,-4.879452587,37.74556634,-13.38048368
corridor_0,6048,6048,96,47,1147050,1731150,35.5654632,129.1226492,-8.025170208,34.59984872,-16.5262013
corridor_0,6049,6049,95,47,1146950,1731150,35.565478,129.1215461,-3.814934612,38.81008431,-12.3159657
corridor_0,6050,6050,94,47,1146850,1731150,35.5654929,129.120443,-1.821637035,40.80338189,-10.32266813
corridor_0,6051,6051,93,47,1146750,1731150,35.5655077,129.11934,-0.730217815,41.89480111,-9.231248906
corridor_0,6052,6052,92,47,1146650,1731150,35.5655225,129.1182369,0.22283852,42.84785744,-8.278192571
corridor_0,6053,6053,91,47,1146550,1731150,35.5655373,129.1171338,1.079234242,43.70425317,-7.421796849
corridor_0,6054,6054,90,47,1146450,1731150,35.5655521,129.1160307,1.86793816,44.49295708,-6.633092931
corridor_0,6055,6055,89,47,1146350,1731150,35.5655669,129.1149276,2.509871601,45.13489053,-5.99115949
corridor_0,6056,6056,88,47,1146250,1731150,35.5655817,129.1138246,3.220885395,45.84590432,-5.280145696
corridor_0,6057,6057,87,47,1146150,1731150,35.5655964,129.1127215,3.83007729,46.45509621,-4.670953801
corridor_0,6058,6058,86,47,1146050,1731150,35.5656112,129.1116184,4.424906849,47.04992577,-4.076124242
corridor_0,6059,6059,85,47,1145950,1731150,35.5656259,129.1105153,4.960829853,47.58584878,-3.540201238
corridor_0,6060,6060,84,47,1145850,1731150,35.5656406,129.1094123,5.552924275,48.1779432,-2.948106816
corridor_0,6061,6061,83,47,1145750,1731150,35.5656554,129.1083092,6.101477741,48.72649667,-2.399553349
corridor_0,6062,6062,82,47,1145650,1731150,35.5656701,129.1072061,6.75497353,49.37999245,-1.746057561
corridor_0,6063,6063,81,47,1145550,1731150,35.5656848,129.106103,7.486712574,50.1117315,-1.014318517
corridor_0,6064,6064,80,47,1145450,1731150,35.5656995,129.1049999,8.232752918,50.85777184,-0.268278172
corridor_0,6065,6065,79,47,1145350,1731150,35.5657142,129.1038968,8.896533131,51.52155206,0.39550204
corridor_0,6066,6066,78,47,1145250,1731150,35.5657288,129.1027937,9.575793385,52.20081231,1.074762294
corridor_0,6067,6067,77,47,1145150,1731150,35.5657435,129.1016907,10.15473854,52.77975747,1.653707454
corridor_0,6068,6068,76,47,1145050,1731150,35.5657582,129.1005876,10.66195977,53.28697869,2.160928676
corridor_0,6069,6069,75,47,1144950,1731150,35.5657728,129.0994845,11.07256234,53.69758126,2.571531245
corridor_0,6070,6070,74,47,1144850,1731150,35.5657874,129.0983814,11.38890755,54.01392648,2.88787646
corridor_0,6071,6071,73,47,1144750,1731150,35.5658021,129.0972783,11.51066506,54.13568398,3.009633967
corridor_0,6072,6072,72,47,1144650,1731150,35.5658167,129.0961752,11.51681816,54.14183709,3.015787074
corridor_0,6073,6073,71,47,1144550,1731150,35.5658313,129.0950721,11.63794625,54.26296517,3.136915156
corridor_0,6074,6074,70,47,1144450,1731150,35.5658459,129.093969,11.65857232,54.28359124,3.157541224
corridor_0,6075,6075,69,47,1144350,1731150,35.5658605,129.0928659,11.64916909,54.27418801,3.148137996
corridor_0,6076,6076,68,47,1144250,1731150,35.565875,129.0917628,11.6284858,54.25350472,3.127454707
corridor_0,6077,6077,67,47,1144150,1731150,35.5658896,129.0906597,11.72909844,54.35411736,3.228067348
corridor_0,6078,6078,66,47,1144050,1731150,35.5659041,129.0895567,11.63157952,54.25659844,3.130548427
corridor_0,6079,6079,65,47,1143950,1731150,35.5659187,129.0884536,11.47116387,54.09618279,2.970132777
corridor_0,6080,6080,64,47,1143850,1731150,35.5659332,129.0873505,11.39392769,54.01894662,2.892896602
corridor_0,6081,6081,63,47,1143750,1731150,35.5659477,129.0862474,11.43750298,54.0625219,2.936471889
corridor_0,6082,6082,62,47,1143650,1731150,35.5659623,129.0851443,11.58621895,54.21123788,3.085187861
corridor_0,6083,6083,61,47,1143550,1731150,35.5659768,129.0840412,11.8339988,54.45901772,3.332967708
corridor_0,6084,6084,60,47,1143450,1731150,35.5659912,129.0829381,12.09876931,54.72378823,3.597738215
corridor_0,6085,6085,59,47,1143350,1731150,35.5660057,129.081835,12.32329476,54.94831368,3.822263667
corridor_0,6086,6086,58,47,1143250,1731150,35.5660202,129.0807319,12.51381981,55.13883874,4.012788722
corridor_0,6087,6087,57,47,1143150,1731150,35.5660347,129.0796288,12.76629937,55.39131829,4.265268275
corridor_0,6088,6088,56,47,1143050,1731150,35.5660491,129.0785257,12.80221856,55.42723748,4.301187465
corridor_0,6089,6089,55,47,1142950,1731150,35.5660636,129.0774225,12.59263146,55.21765038,4.091600368
corridor_0,6090,6090,54,47,1142850,1731150,35.566078,129.0763194,11.9646827,54.58970162,3.463651607
corridor_0,6091,6091,53,47,1142750,1731150,35.5660924,129.0752163,11.01806557,53.6430845,2.51703448
corridor_0,6092,6092,52,47,1142650,1731150,35.5661068,129.0741132,10.02159035,52.64660928,1.52055926
corridor_0,6093,6093,51,47,1142550,1731150,35.5661212,129.0730101,9.009146809,51.63416573,0.508115718
corridor_0,6094,6094,50,47,1142450,1731150,35.5661356,129.071907,8.045836567,50.67085549,-0.455194524
corridor_0,6095,6095,49,47,1142350,1731150,35.56615,129.0708039,7.135001301,49.76002023,-1.36602979
corridor_0,6096,6096,48,47,1142250,1731150,35.5661644,129.0697008,6.268489002,48.89350793,-2.232542089
corridor_0,6097,6097,47,47,1142150,1731150,35.5661787,129.0685977,5.352114796,47.97713372,-3.148916295
corridor_0,6098,6098,46,47,1142050,1731150,35.5661931,129.0674946,4.496295094,47.12131402,-4.004735997
corridor_0,6099,6099,45,47,1141950,1731150,35.5662074,129.0663915,3.715140461,46.34015939,-4.78589063
corridor_0,6100,6100,44,47,1141850,1731150,35.5662217,129.0652884,2.854781269,45.47980019,-5.646249822
corridor_0,6101,6101,43,47,1141750,1731150,35.5662361,129.0641852,1.95563805,44.58065697,-6.545393041
corridor_0,6102,6102,42,47,1141650,1731150,35.5662504,129.0630821,1.153769611,43.77878854,-7.347261479
corridor_0,6103,6103,41,47,1141550,1731150,35.5662647,129.061979,0.166609882,42.79162881,-8.334421208
corridor_0,6104,6104,40,47,1141450,1731150,35.566279,129.0608759,-0.939106823,41.6859121,-9.440137914
corridor_0,6105,6105,39,47,1141350,1731150,35.5662933,129.0597728,-2.211373211,40.41364571,-10.7124043
corridor_0,6106,6106,38,47,1141250,1731150,35.5663075,129.0586697,-3.761837841,38.86318108,-12.26286893
corridor_0,6107,6107,37,47,1141150,1731150,35.5663218,129.0575665,-5.78497398,36.84004494,-14.28600507
corridor_0,6108,6108,36,47,1141050,1731150,35.566336,129.0564634,-10.72734535,31.89767358,-19.22837644
corridor_0,6181,6181,36,48,1141050,1731250,35.5672374,129.0564809,-9.032318951,33.59269997,-17.53335004
corridor_0,6182,6182,37,48,1141150,1731250,35.5672231,129.057584,-5.768097759,36.85692117,-14.26912885
corridor_0,6183,6183,38,48,1141250,1731250,35.5672088,129.0586871,-3.333779217,39.29123971,-11.83481031
corridor_0,6184,6184,39,48,1141350,1731250,35.5671946,129.0597902,-2.173786999,40.45123193,-10.67481809
corridor_0,6185,6185,40,48,1141450,1731250,35.5671803,129.0608934,-0.689541698,41.93547723,-9.190572789
corridor_0,6186,6186,41,48,1141550,1731250,35.567166,129.0619965,0.201869129,42.82688805,-8.299161962
corridor_0,6187,6187,42,48,1141650,1731250,35.5671517,129.0630996,1.057631611,43.68265054,-7.44339948
corridor_0,6188,6188,43,48,1141750,1731250,35.5671374,129.0642028,1.99703133,44.62205025,-6.503999761
corridor_0,6189,6189,44,48,1141850,1731250,35.5671231,129.0653059,2.884509205,45.50952813,-5.616521886
corridor_0,6190,6190,45,48,1141950,1731250,35.5671087,129.066409,3.749529957,46.37454888,-4.751501134
corridor_0,6191,6191,46,48,1142050,1731250,35.5670944,129.0675121,4.597579121,47.22259805,-3.90345197
corridor_0,6192,6192,47,48,1142150,1731250,35.56708,129.0686153,5.402075886,48.02709481,-3.098955205
corridor_0,6193,6193,48,48,1142250,1731250,35.5670657,129.0697184,6.295939564,48.92095849,-2.205091527
corridor_0,6194,6194,49,48,1142350,1731250,35.5670513,129.0708215,7.213626026,49.83864495,-1.287405065
corridor_0,6195,6195,50,48,1142450,1731250,35.5670369,129.0719246,8.131369709,50.75638863,-0.369661382
corridor_0,6196,6196,51,48,1142550,1731250,35.5670225,129.0730277,9.081545948,51.70656487,0.580514857
corridor_0,6197,6197,52,48,1142650,1731250,35.5670081,129.0741309,10.07320321,52.69822213,1.572172114
corridor_0,6198,6198,53,48,1142750,1731250,35.5669937,129.075234,11.10656273,53.73158166,2.605531642
corridor_0,6199,6199,54,48,1142850,1731250,35.5669793,129.0763371,11.89037239,54.51539132,3.389341304
corridor_0,6200,6200,55,48,1142950,1731250,35.5669649,129.0774402,12.41895211,55.04397103,3.917921016
corridor_0,6201,6201,56,48,1143050,1731250,35.5669504,129.0785433,12.78930199,55.41432092,4.2882709
corridor_0,6202,6202,57,48,1143150,1731250,35.566936,129.0796465,12.58185875,55.20687768,4.080827662
corridor_0,6203,6203,58,48,1143250,1731250,35.5669215,129.0807496,12.38774025,55.01275918,3.886709163
corridor_0,6204,6204,59,48,1143350,1731250,35.566907,129.0818527,12.18899453,54.81401345,3.687963435
corridor_0,6205,6205,60,48,1143450,1731250,35.5668926,129.0829558,11.93967354,54.56469247,3.438642451
corridor_0,6206,6206,61,48,1143550,1731250,35.5668781,129.0840589,11.71816933,54.34318826,3.21713824
corridor_0,6207,6207,62,48,1143650,1731250,35.5668636,129.085162,11.53640664,54.16142556,3.035375545
corridor_0,6208,6208,63,48,1143750,1731250,35.5668491,129.0862651,11.35858071,53.98359963,2.857549617
corridor_0,6209,6209,64,48,1143850,1731250,35.5668345,129.0873682,11.24523461,53.87025353,2.744203517
corridor_0,6210,6210,65,48,1143950,1731250,35.56682,129.0884713,11.31157601,53.93659493,2.810544917
corridor_0,6211,6211,66,48,1144050,1731250,35.5668055,129.0895745,11.42570031,54.05071923,2.924669215
corridor_0,6212,6212,67,48,1144150,1731250,35.5667909,129.0906776,11.55166161,54.17668053,3.050630519
corridor_0,6213,6213,68,48,1144250,1731250,35.5667763,129.0917807,11.61883843,54.24385735,3.117807338
corridor_0,6214,6214,69,48,1144350,1731250,35.5667618,129.0928838,11.63601983,54.26103875,3.134988734
corridor_0,6215,6215,70,48,1144450,1731250,35.5667472,129.0939869,11.6930877,54.31810662,3.192056605
corridor_0,6216,6216,71,48,1144550,1731250,35.5667326,129.09509,11.64181054,54.26682946,3.140779445
corridor_0,6217,6217,72,48,1144650,1731250,35.566718,129.0961931,11.60526192,54.23028085,3.10423083
corridor_0,6218,6218,73,48,1144750,1731250,35.5667034,129.0972962,11.52695763,54.15197655,3.025926539
corridor_0,6219,6219,74,48,1144850,1731250,35.5666887,129.0983993,11.45040047,54.0754194,2.94936938
corridor_0,6220,6220,75,48,1144950,1731250,35.5666741,129.0995024,11.22339547,53.84841439,2.722364375
corridor_0,6221,6221,76,48,1145050,1731250,35.5666595,129.1006055,10.88290322,53.50792214,2.381872127
corridor_0,6222,6222,77,48,1145150,1731250,35.5666448,129.1017086,10.43260491,53.05762383,1.931573817
corridor_0,6223,6223,78,48,1145250,1731250,35.5666301,129.1028117,9.881220936,52.50623986,1.380189845
corridor_0,6224,6224,79,48,1145350,1731250,35.5666155,129.1039148,9.23670113,51.86172005,0.735670039
corridor_0,6225,6225,80,48,1145450,1731250,35.5666008,129.1050179,8.567050098,51.19206902,0.066019008
corridor_0,6226,6226,81,48,1145550,1731250,35.5665861,129.106121,7.94600594,50.57102486,-0.555025151
corridor_0,6227,6227,82,48,1145650,1731250,35.5665714,129.1072241,7.188937306,49.81395623,-1.312093785
corridor_0,6228,6228,83,48,1145750,1731250,35.5665567,129.1083272,6.428023457,49.05304238,-2.073007634
corridor_0,6229,6229,84,48,1145850,1731250,35.566542,129.1094303,5.867896198,48.49291512,-2.633134892
corridor_0,6230,6230,85,48,1145950,1731250,35.5665272,129.1105334,5.318080067,47.94309899,-3.182951024
corridor_0,6231,6231,86,48,1146050,1731250,35.5665125,129.1116365,4.723078846,47.34809777,-3.777952245
corridor_0,6232,6232,87,48,1146150,1731250,35.5664977,129.1127396,4.188521504,46.81354043,-4.312509587
corridor_0,6233,6233,88,48,1146250,1731250,35.566483,129.1138426,3.518004536,46.14302346,-4.983026555
corridor_0,6234,6234,89,48,1146350,1731250,35.5664682,129.1149457,2.901938557,45.52695748,-5.599092534
corridor_0,6235,6235,90,48,1146450,1731250,35.5664534,129.1160488,2.271269917,44.89628884,-6.229761174
corridor_0,6236,6236,91,48,1146550,1731250,35.5664386,129.1171519,1.619898914,44.24491784,-6.881132176
corridor_0,6237,6237,92,48,1146650,1731250,35.5664238,129.118255,0.536112904,43.16113183,-7.964918187
corridor_0,6238,6238,93,48,1146750,1731250,35.566409,129.1193581,-0.209359051,42.41565987,-8.710390141
corridor_0,6239,6239,94,48,1146850,1731250,35.5663941,129.1204612,-1.431691051,41.19332787,-9.932722142
corridor_0,6240,6240,95,48,1146950,1731250,35.5663793,129.1215643,-3.292839886,39.33217904,-11.79387098
corridor_0,6241,6241,96,48,1147050,1731250,35.5663645,129.1226673,-6.17458427,36.45043465,-14.67561536
corridor_0,6303,6303,97,49,1147150,1731350,35.5672509,129.1237886,-14.10045707,28.52456185,-22.60148816
corridor_0,6304,6304,96,49,1147050,1731350,35.5672658,129.1226855,-4.85900581,37.76601311,-13.3600369
corridor_0,6305,6305,95,49,1146950,1731350,35.5672806,129.1215824,-2.814946056,39.81007287,-11.31597715
corridor_0,6306,6306,94,49,1146850,1731350,35.5672954,129.1204793,-1.07529533,41.54972359,-9.576326421
corridor_0,6307,6307,93,49,1146750,1731350,35.5673103,129.1193762,0.097190022,42.72220895,-8.403841069
corridor_0,6308,6308,92,49,1146650,1731350,35.5673251,129.1182731,1.112555622,43.73757455,-7.388475469
corridor_0,6309,6309,91,49,1146550,1731350,35.5673399,129.11717,1.910056233,44.53507516,-6.590974858
corridor_0,6310,6310,90,49,1146450,1731350,35.5673547,129.1160669,2.647276997,45.27229592,-5.853754094
corridor_0,6311,6311,89,49,1146350,1731350,35.5673695,129.1149638,3.264289021,45.88930795,-5.23674207
corridor_0,6312,6312,88,49,1146250,1731350,35.5673843,129.1138607,3.870219349,46.49523827,-4.630811742
corridor_0,6313,6313,87,49,1146150,1731350,35.567399,129.1127576,4.468310474,47.0933294,-4.032720616
corridor_0,6314,6314,86,49,1146050,1731350,35.5674138,129.1116545,5.00982964,47.63484856,-3.491201451
corridor_0,6315,6315,85,49,1145950,1731350,35.5674285,129.1105514,5.60987389,48.23489281,-2.891157201
corridor_0,6316,6316,84,49,1145850,1731350,35.5674433,129.1094483,6.169451832,48.79447076,-2.331579259
corridor_0,6317,6317,83,49,1145750,1731350,35.567458,129.1083452,6.882712483,49.50773141,-1.618318608
corridor_0,6318,6318,82,49,1145650,1731350,35.5674727,129.1072421,7.61139214,50.23641106,-0.889638951
corridor_0,6319,6319,81,49,1145550,1731350,35.5674874,129.106139,8.282267689,50.90728661,-0.218763402
corridor_0,6320,6320,80,49,1145450,1731350,35.5675021,129.1050359,8.912715077,51.537734,0.411683986
corridor_0,6321,6321,79,49,1145350,1731350,35.5675168,129.1039328,9.577353596,52.20237252,1.076322505
corridor_0,6322,6322,78,49,1145250,1731350,35.5675315,129.1028297,10.16979515,52.79481408,1.668764064
corridor_0,6323,6323,77,49,1145150,1731350,35.5675461,129.1017265,10.7149421,53.33996102,2.213911006
corridor_0,6324,6324,76,49,1145050,1731350,35.5675608,129.1006234,11.11230004,53.73731896,2.611268947
corridor_0,6325,6325,75,49,1144950,1731350,35.5675754,129.0995203,11.37737191,54.00239083,2.876340816
corridor_0,6326,6326,74,49,1144850,1731350,35.5675901,129.0984172,11.48736107,54.11238,2.986329982
corridor_0,6327,6327,73,49,1144750,1731350,35.5676047,129.0973141,11.58608925,54.21110818,3.085058162
corridor_0,6328,6328,72,49,1144650,1731350,35.5676193,129.096211,11.63005364,54.25507256,3.129022548
corridor_0,6329,6329,71,49,1144550,1731350,35.5676339,129.0951079,11.61202538,54.2370443,3.110994288
corridor_0,6330,6330,70,49,1144450,1731350,35.5676485,129.0940047,11.67439568,54.2994146,3.173364589
corridor_0,6331,6331,69,49,1144350,1731350,35.5676631,129.0929016,11.69226754,54.31728646,3.191236445
corridor_0,6332,6332,68,49,1144250,1731350,35.5676776,129.0917985,11.58465493,54.20967385,3.083623836
corridor_0,6333,6333,67,49,1144150,1731350,35.5676922,129.0906954,11.45880043,54.08381936,2.957769343
corridor_0,6334,6334,66,49,1144050,1731350,35.5677068,129.0895923,11.27234185,53.89736077,2.771310756
corridor_0,6335,6335,65,49,1143950,1731350,35.5677213,129.0884891,11.12511361,53.75013253,2.624082515
corridor_0,6336,6336,64,49,1143850,1731350,35.5677358,129.087386,11.22562325,53.85064217,2.724592158
corridor_0,6337,6337,63,49,1143750,1731350,35.5677504,129.0862829,11.38090813,54.00592706,2.87987704
corridor_0,6338,6338,62,49,1143650,1731350,35.5677649,129.0851798,11.53909981,54.16411874,3.038068721
corridor_0,6339,6339,61,49,1143550,1731350,35.5677794,129.0840767,11.76256478,54.3875837,3.261533687
corridor_0,6340,6340,60,49,1143450,1731350,35.5677939,129.0829735,11.98640358,54.61142251,3.485372493
corridor_0,6341,6341,59,49,1143350,1731350,35.5678084,129.0818704,12.21443474,54.83945367,3.713403651
corridor_0,6342,6342,58,49,1143250,1731350,35.5678228,129.0807673,12.44416344,55.06918237,3.94313235
corridor_0,6343,6343,57,49,1143150,1731350,35.5678373,129.0796641,12.56321251,55.18823144,4.062181422
corridor_0,6344,6344,56,49,1143050,1731350,35.5678517,129.078561,12.69092095,55.31593987,4.189889857
corridor_0,6345,6345,55,49,1142950,1731350,35.5678662,129.0774579,12.61661065,55.24162957,4.115579555
corridor_0,6346,6346,54,49,1142850,1731350,35.5678806,129.0763548,11.98935234,54.61437127,3.488321254
corridor_0,6347,6347,53,49,1142750,1731350,35.567895,129.0752516,11.07654488,53.7015638,2.575513789
corridor_0,6348,6348,52,49,1142650,1731350,35.5679095,129.0741485,10.06381524,52.68883416,1.562784144
corridor_0,6349,6349,51,49,1142550,1731350,35.5679239,129.0730454,9.045622944,51.67064187,0.544591853
corridor_0,6350,6350,50,49,1142450,1731350,35.5679383,129.0719422,8.131079792,50.75609872,-0.369951299
corridor_0,6351,6351,49,49,1142350,1731350,35.5679526,129.0708391,7.185820698,49.81083962,-1.315210393
corridor_0,6352,6352,48,49,1142250,1731350,35.567967,129.069736,6.276309132,48.90132806,-2.224721959
corridor_0,6353,6353,47,49,1142150,1731350,35.5679814,129.0686328,5.358386158,47.98340508,-3.142644933
corridor_0,6354,6354,46,49,1142050,1731350,35.5679957,129.0675297,4.528758167,47.15377709,-3.972272923
corridor_0,6355,6355,45,49,1141950,1731350,35.5680101,129.0664266,3.619124531,46.24414346,-4.88190656
corridor_0,6356,6356,44,49,1141850,1731350,35.5680244,129.0653234,2.747866749,45.37288567,-5.753164342
corridor_0,6357,6357,43,49,1141750,1731350,35.5680387,129.0642203,1.962458729,44.58747765,-6.538572362
corridor_0,6358,6358,42,49,1141650,1731350,35.568053,129.0631171,1.167491077,43.79251,-7.333540013
corridor_0,6359,6359,41,49,1141550,1731350,35.5680673,129.062014,0.200728535,42.82574746,-8.300302556
corridor_0,6360,6360,40,49,1141450,1731350,35.5680816,129.0609109,-0.894871593,41.73014733,-9.395902684
corridor_0,6361,6361,39,49,1141350,1731350,35.5680959,129.0598077,-2.173478008,40.45154092,-10.6745091
corridor_0,6362,6362,38,49,1141250,1731350,35.5681102,129.0587046,-3.718510509,38.90650842,-12.2195416
corridor_0,6363,6363,37,49,1141150,1731350,35.5681244,129.0576014,-5.762322308,36.86269662,-14.2633534
corridor_0,6364,6364,36,49,1141050,1731350,35.5681387,129.0564983,-9.038639904,33.58637902,-17.53967099
corridor_0,6437,6437,36,50,1141050,1731450,35.56904,129.0565157,-9.056841732,33.56817719,-17.55787282
corridor_0,6438,6438,37,50,1141150,1731450,35.5690258,129.0576189,-5.772736431,36.85228249,-14.27376752
corridor_0,6439,6439,38,50,1141250,1731450,35.5690115,129.058722,-3.724881054,38.90013787,-12.22591214
corridor_0,6440,6440,39,50,1141350,1731450,35.5689972,129.0598252,-2.190705181,40.43431374,-10.69173627
corridor_0,6441,6441,40,50,1141450,1731450,35.5689829,129.0609283,-0.934010387,41.69100854,-9.435041478
corridor_0,6442,6442,41,50,1141550,1731450,35.5689687,129.0620315,0.135020374,42.7600393,-8.366010716
corridor_0,6443,6443,42,50,1141650,1731450,35.5689543,129.0631347,0.950362324,43.57538125,-7.550668767
corridor_0,6444,6444,43,50,1141750,1731450,35.56894,129.0642378,1.87310326,44.49812218,-6.627927831
corridor_0,6445,6445,44,50,1141850,1731450,35.5689257,129.065341,2.741023182,45.36604211,-5.760007909
corridor_0,6446,6446,45,50,1141950,1731450,35.5689114,129.0664441,3.507582783,46.13260171,-4.993448308
corridor_0,6447,6447,46,50,1142050,1731450,35.568897,129.0675473,4.346858143,46.97187707,-4.154172948
corridor_0,6448,6448,47,50,1142150,1731450,35.5688827,129.0686504,5.18466103,47.80967995,-3.316370061
corridor_0,6449,6449,48,50,1142250,1731450,35.5688683,129.0697535,6.102122425,48.72714135,-2.398908666
corridor_0,6450,6450,49,50,1142350,1731450,35.568854,129.0708567,7.072104572,49.6971235,-1.428926518
corridor_0,6451,6451,50,50,1142450,1731450,35.5688396,129.0719598,8.024436115,50.64945504,-0.476594975
corridor_0,6452,6452,51,50,1142550,1731450,35.5688252,129.073063,8.926875233,51.55189416,0.425844142
corridor_0,6453,6453,52,50,1142650,1731450,35.5688108,129.0741661,9.940726399,52.56574532,1.439695308
corridor_0,6454,6454,53,50,1142750,1731450,35.5687964,129.0752693,10.92150795,53.54652688,2.420476863
corridor_0,6455,6455,54,50,1142850,1731450,35.5687819,129.0763724,11.79093087,54.41594979,3.289899776
corridor_0,6456,6456,55,50,1142950,1731450,35.5687675,129.0774756,12.26340783,54.88842675,3.762376735
corridor_0,6457,6457,56,50,1143050,1731450,35.5687531,129.0785787,12.44766152,55.07268044,3.946630427
corridor_0,6458,6458,57,50,1143150,1731450,35.5687386,129.0796818,12.43873131,55.06375024,3.937700221
corridor_0,6459,6459,58,50,1143250,1731450,35.5687241,129.080785,12.38054955,55.00556847,3.879518458
corridor_0,6460,6460,59,50,1143350,1731450,35.5687097,129.0818881,12.27011406,54.89513299,3.769082973
corridor_0,6461,6461,60,50,1143450,1731450,35.5686952,129.0829913,12.10612786,54.73114678,3.605096766
corridor_0,6462,6462,61,50,1143550,1731450,35.5686807,129.0840944,11.86991799,54.49493691,3.368886897
corridor_0,6463,6463,62,50,1143650,1731450,35.5686662,129.0851975,11.63914788,54.2641668,3.138116786
corridor_0,6464,6464,63,50,1143750,1731450,35.5686517,129.0863007,11.43194497,54.05696389,2.930913875
corridor_0,6465,6465,64,50,1143850,1731450,35.5686372,129.0874038,11.26216805,53.88718697,2.761136958
corridor_0,6466,6466,65,50,1143950,1731450,35.5686226,129.0885069,11.12259972,53.74761864,2.621568629
corridor_0,6467,6467,66,50,1144050,1731450,35.5686081,129.0896101,11.16520226,53.79022118,2.664171168
corridor_0,6468,6468,67,50,1144150,1731450,35.5685935,129.0907132,11.25927651,53.88429543,2.758245418
corridor_0,6469,6469,68,50,1144250,1731450,35.568579,129.0918163,11.35859597,53.98361489,2.857564876
corridor_0,6470,6470,69,50,1144350,1731450,35.5685644,129.0929195,11.55072701,54.17574593,3.049695918
corridor_0,6471,6471,70,50,1144450,1731450,35.5685498,129.0940226,11.52956307,54.15458199,3.028531978
corridor_0,6472,6472,71,50,1144550,1731450,35.5685352,129.0951257,11.53596413,54.16098306,3.03493304
corridor_0,6473,6473,72,50,1144650,1731450,35.5685206,129.0962289,11.54330742,54.16832635,3.042276332
corridor_0,6474,6474,73,50,1144750,1731450,35.568506,129.097332,11.53632271,54.16134164,3.035291621
corridor_0,6475,6475,74,50,1144850,1731450,35.5684914,129.0984351,11.54163659,54.16665551,3.040605494
corridor_0,6476,6476,75,50,1144950,1731450,35.5684767,129.0995382,11.46892464,54.09394357,2.96789355
corridor_0,6477,6477,76,50,1145050,1731450,35.5684621,129.1006414,11.27230751,53.89732644,2.771276423
corridor_0,6478,6478,77,50,1145150,1731450,35.5684474,129.1017445,10.95563424,53.58065316,2.454603145
corridor_0,6479,6479,78,50,1145250,1731450,35.5684328,129.1028476,10.45539391,53.08041283,1.954362819
corridor_0,6480,6480,79,50,1145350,1731450,35.5684181,129.1039507,9.857398151,52.48241708,1.356367061
corridor_0,6481,6481,80,50,1145450,1731450,35.5684034,129.1050539,9.283686756,51.90870568,0.782655665
corridor_0,6482,6482,81,50,1145550,1731450,35.5683887,129.106157,8.633486866,51.25850579,0.132455775
corridor_0,6483,6483,82,50,1145650,1731450,35.568374,129.1072601,7.934325337,50.55934426,-0.566705754
corridor_0,6484,6484,83,50,1145750,1731450,35.5683593,129.1083632,7.209025501,49.83404443,-1.292005589
corridor_0,6485,6485,84,50,1145850,1731450,35.5683446,129.1094663,6.464415669,49.08943459,-2.036615422
corridor_0,6486,6486,85,50,1145950,1731450,35.5683298,129.1105695,5.903308033,48.52832696,-2.597723058
corridor_0,6487,6487,86,50,1146050,1731450,35.5683151,129.1116726,5.346781849,47.97180077,-3.154249242
corridor_0,6488,6488,87,50,1146150,1731450,35.5683003,129.1127757,4.744532703,47.36955163,-3.756498387
corridor_0,6489,6489,88,50,1146250,1731450,35.5682856,129.1138788,4.216017841,46.84103677,-4.285013249
corridor_0,6490,6490,89,50,1146350,1731450,35.5682708,129.1149819,3.607585072,46.232604,-4.893446019
corridor_0,6491,6491,90,50,1146450,1731450,35.568256,129.116085,3.003008961,45.62802789,-5.49802213
corridor_0,6492,6492,91,50,1146550,1731450,35.5682412,129.1171881,2.387957691,45.01297662,-6.1130734
corridor_0,6493,6493,92,50,1146650,1731450,35.5682264,129.1182913,1.645320057,44.27033898,-6.855711034
corridor_0,6494,6494,93,50,1146750,1731450,35.5682116,129.1193944,0.844164967,43.46918389,-7.656866124
corridor_0,6495,6495,94,50,1146850,1731450,35.5681967,129.1204975,-0.745377422,41.8796415,-9.246408513
corridor_0,6496,6496,95,50,1146950,1731450,35.5681819,129.1216006,-2.100640179,40.52437875,-10.60167127
corridor_0,6497,6497,96,50,1147050,1731450,35.5681671,129.1227037,-4.260613323,38.3644056,-12.76164441
corridor_0,6498,6498,97,50,1147150,1731450,35.5681522,129.1238068,-9.272784115,33.35223481,-17.77381521
corridor_0,6559,6559,97,51,1147150,1731550,35.5690535,129.123825,-7.953585506,34.67143342,-16.4546166
corridor_0,6560,6560,96,51,1147050,1731550,35.5690684,129.1227219,-3.35226524,39.27275368,-11.85329633
corridor_0,6561,6561,95,51,1146950,1731550,35.5690832,129.1216188,-1.728764416,40.89625451,-10.22979551
corridor_0,6562,6562,94,51,1146850,1731550,35.569098,129.1205156,0.108073353,42.73309228,-8.392957738
corridor_0,6563,6563,93,51,1146750,1731550,35.5691129,129.1194125,1.255213856,43.88023278,-7.245817235
corridor_0,6564,6564,92,51,1146650,1731550,35.5691277,129.1183094,2.126780628,44.75179955,-6.374250463
corridor_0,6565,6565,91,51,1146550,1731550,35.5691425,129.1172063,2.740176319,45.36519524,-5.760854772
corridor_0,6566,6566,90,51,1146450,1731550,35.5691573,129.1161031,3.351264118,45.97628304,-5.149766973
corridor_0,6567,6567,89,51,1146350,1731550,35.5691721,129.115,3.87530434,46.50032326,-4.62572675
corridor_0,6568,6568,88,51,1146250,1731550,35.5691869,129.1138969,4.476359486,47.10137841,-4.024671605
corridor_0,6569,6569,87,51,1146150,1731550,35.5692016,129.1127938,5.064612507,47.68963143,-3.436418584
corridor_0,6570,6570,86,51,1146050,1731550,35.5692164,129.1116906,5.653277515,48.27829644,-2.847753575
corridor_0,6571,6571,85,51,1145950,1731550,35.5692311,129.1105875,6.209868549,48.83488747,-2.291162541
corridor_0,6572,6572,84,51,1145850,1731550,35.5692459,129.1094844,6.889567494,49.51458642,-1.611463597
corridor_0,6573,6573,83,51,1145750,1731550,35.5692606,129.1083812,7.595015644,50.22003457,-0.906015447
corridor_0,6574,6574,82,51,1145650,1731550,35.5692753,129.1072781,8.28735268,50.9123716,-0.213678411
corridor_0,6575,6575,81,51,1145550,1731550,35.56929,129.106175,8.964079975,51.5890989,0.463048884
corridor_0,6576,6576,80,51,1145450,1731550,35.5693047,129.1050718,9.568617939,52.19363686,1.067586848
corridor_0,6577,6577,79,51,1145350,1731550,35.5693194,129.1039687,10.12966072,52.75467965,1.628629634
corridor_0,6578,6578,78,51,1145250,1731550,35.5693341,129.1028656,10.70282662,53.32784554,2.201795527
corridor_0,6579,6579,77,51,1145150,1731550,35.5693487,129.1017624,11.13648522,53.76150414,2.635454127
corridor_0,6580,6580,76,51,1145050,1731550,35.5693634,129.1006593,11.40420067,54.0292196,2.903169581
corridor_0,6581,6581,75,51,1144950,1731550,35.569378,129.0995562,11.50897515,54.13399407,3.007944057
corridor_0,6582,6582,74,51,1144850,1731550,35.5693927,129.098453,11.52526009,54.15027901,3.024228999
corridor_0,6583,6583,73,51,1144750,1731550,35.5694073,129.0973499,11.49872124,54.12374017,2.99769015
corridor_0,6584,6584,72,51,1144650,1731550,35.5694219,129.0962467,11.45697701,54.08199593,2.955945918
corridor_0,6585,6585,71,51,1144550,1731550,35.5694365,129.0951436,11.56649697,54.19151589,3.065465877
corridor_0,6586,6586,70,51,1144450,1731550,35.5694511,129.0940405,11.5743171,54.19933602,3.073286006
corridor_0,6587,6587,69,51,1144350,1731550,35.5694657,129.0929373,11.45834649,54.08336541,2.957315394
corridor_0,6588,6588,68,51,1144250,1731550,35.5694803,129.0918342,11.2718879,53.89690682,2.770856807
corridor_0,6589,6589,67,51,1144150,1731550,35.5694948,129.090731,11.16881096,53.79382989,2.667779872
corridor_0,6590,6590,66,51,1144050,1731550,35.5695094,129.0896279,11.1530906,53.77810952,2.652059505
corridor_0,6591,6591,65,51,1143950,1731550,35.5695239,129.0885247,11.19629967,53.8213186,2.69526858
corridor_0,6592,6592,64,51,1143850,1731550,35.5695385,129.0874216,11.35433495,53.97935387,2.853303859
corridor_0,6593,6593,63,51,1143750,1731550,35.569553,129.0863184,11.54194176,54.16696069,3.04091067
corridor_0,6594,6594,62,51,1143650,1731550,35.5695675,129.0852153,11.75859749,54.38361642,3.257566401
corridor_0,6595,6595,61,51,1143550,1731550,35.569582,129.0841121,11.97502816,54.60004708,3.473997066
corridor_0,6596,6596,60,51,1143450,1731550,35.5695965,129.083009,12.12538445,54.75040337,3.624353358
corridor_0,6597,6597,59,51,1143350,1731550,35.569611,129.0819058,12.27453148,54.89955041,3.773500392
corridor_0,6598,6598,58,51,1143250,1731550,35.5696255,129.0808027,12.51463997,55.1396589,4.013608882
corridor_0,6599,6599,57,51,1143150,1731550,35.5696399,129.0796995,12.52716744,55.15218636,4.026136348
corridor_0,6600,6600,56,51,1143050,1731550,35.5696544,129.0785964,12.3936454,55.01866433,3.892614314
corridor_0,6601,6601,55,51,1142950,1731550,35.5696688,129.0774932,11.87842476,54.50344369,3.377393672
corridor_0,6602,6602,54,51,1142850,1731550,35.5696833,129.0763901,11.32971108,53.95473,2.828679988
corridor_0,6603,6603,53,51,1142750,1731550,35.5696977,129.0752869,10.52907479,53.15409371,2.028043696
corridor_0,6604,6604,52,51,1142650,1731550,35.5697121,129.0741838,9.614081501,52.23910043,1.11305041
corridor_0,6605,6605,51,51,1142550,1731550,35.5697265,129.0730806,8.699088215,51.32410714,0.198057124
corridor_0,6606,6606,50,51,1142450,1731550,35.5697409,129.0719775,7.790179371,50.4151983,-0.71085172
corridor_0,6607,6607,49,51,1142350,1731550,35.5697553,129.0708743,6.816065907,49.44108483,-1.684965184
corridor_0,6608,6608,48,51,1142250,1731550,35.5697696,129.0697711,5.891863941,48.51688287,-2.60916715
corridor_0,6609,6609,47,51,1142150,1731550,35.569784,129.068668,5.032126545,47.65714547,-3.468904546
corridor_0,6610,6610,46,51,1142050,1731550,35.5697984,129.0675648,4.120417713,46.74543664,-4.380613378
corridor_0,6611,6611,45,51,1141950,1731550,35.5698127,129.0664617,3.279784321,45.90480325,-5.22124677
corridor_0,6612,6612,44,51,1141850,1731550,35.569827,129.0653585,2.510111927,45.13513085,-5.990919164
corridor_0,6613,6613,43,51,1141750,1731550,35.5698414,129.0642553,1.748568653,44.37358758,-6.752462438
corridor_0,6614,6614,42,51,1141650,1731550,35.5698557,129.0631522,0.84840691,43.47342583,-7.652624181
corridor_0,6615,6615,41,51,1141550,1731550,35.56987,129.062049,0.034789204,42.65980813,-8.466241887
corridor_0,6616,6616,40,51,1141450,1731550,35.5698843,129.0609458,-1.242226482,41.38279244,-9.743257573
corridor_0,6617,6617,39,51,1141350,1731550,35.5698985,129.0598427,-2.233189464,40.39182946,-10.73422056
corridor_0,6618,6618,38,51,1141250,1731550,35.5699128,129.0587395,-3.760266186,38.86475274,-12.26129728
corridor_0,6619,6619,37,51,1141150,1731550,35.5699271,129.0576363,-6.520544887,36.10447404,-15.02157598
corridor_0,6620,6620,36,51,1141050,1731550,35.5699413,129.0565332,-10.78551757,31.83950135,-19.28654867
corridor_0,6693,6693,36,52,1141050,1731650,35.5708427,129.0565506,-13.76744545,28.85757348,-22.26847654
corridor_0,6694,6694,37,52,1141150,1731650,35.5708284,129.0576538,-6.576722027,36.0482969,-15.07775312
corridor_0,6695,6695,38,52,1141250,1731650,35.5708141,129.058757,-4.266369701,38.35864922,-12.76740079
corridor_0,6696,6696,39,52,1141350,1731650,35.5707999,129.0598601,-2.322483898,40.30253503,-10.82351499
corridor_0,6697,6697,40,52,1141450,1731650,35.5707856,129.0609633,-1.341030956,41.28398797,-9.842062047
corridor_0,6698,6698,41,52,1141550,1731650,35.5707713,129.0620665,-0.255684734,42.36933419,-8.756715825
corridor_0,6699,6699,42,52,1141650,1731650,35.570757,129.0631697,0.560057758,43.18507668,-7.940973332
corridor_0,6700,6700,43,52,1141750,1731650,35.5707427,129.0642729,1.490882038,44.11590096,-7.010149053
corridor_0,6701,6701,44,52,1141850,1731650,35.5707284,129.065376,2.362372517,44.98739144,-6.138658574
corridor_0,6702,6702,45,52,1141950,1731650,35.570714,129.0664792,3.205283283,45.83030221,-5.295747808
corridor_0,6703,6703,46,52,1142050,1731650,35.5706997,129.0675824,3.926745533,46.55176446,-4.574285558
corridor_0,6704,6704,47,52,1142150,1731650,35.5706853,129.0686855,4.827689289,47.45270821,-3.673341802
corridor_0,6705,6705,48,52,1142250,1731650,35.570671,129.0697887,5.80121529,48.42623421,-2.699815801
corridor_0,6706,6706,49,52,1142350,1731650,35.5706566,129.0708919,6.693408131,49.31842706,-1.80762296
corridor_0,6707,6707,50,52,1142450,1731650,35.5706422,129.0719951,7.610037922,50.23505685,-0.890993169
corridor_0,6708,6708,51,52,1142550,1731650,35.5706278,129.0730982,8.57094109,51.19596001,0.069909999
corridor_0,6709,6709,52,52,1142650,1731650,35.5706134,129.0742014,9.472689747,52.09770867,0.971658656
corridor_0,6710,6710,53,52,1142750,1731650,35.570599,129.0753046,10.35124504,52.97626397,1.850213954
corridor_0,6711,6711,54,52,1142850,1731650,35.5705846,129.0764077,11.09131157,53.7163305,2.590280482
corridor_0,6712,6712,55,52,1142950,1731650,35.5705701,129.0775109,11.76842415,54.39344308,3.267393062
corridor_0,6713,6713,56,52,1143050,1731650,35.5705557,129.0786141,12.31114495,54.93616387,3.810113856
corridor_0,6714,6714,57,52,1143150,1731650,35.5705412,129.0797172,12.60165703,55.22667596,4.100625941
corridor_0,6715,6715,58,52,1143250,1731650,35.5705268,129.0808204,12.51500618,55.14002511,4.013975093
corridor_0,6716,6716,59,52,1143350,1731650,35.5705123,129.0819236,12.32320321,54.94822213,3.822172114
corridor_0,6717,6717,60,52,1143450,1731650,35.5704978,129.0830267,12.16714013,54.79215905,3.666109035
corridor_0,6718,6718,61,52,1143550,1731650,35.5704833,129.0841299,12.06328881,54.68830773,3.562257716
corridor_0,6719,6719,62,52,1143650,1731650,35.5704688,129.085233,11.88595879,54.51097771,3.384927699
corridor_0,6720,6720,63,52,1143750,1731650,35.5704543,129.0863362,11.69922554,54.32424447,3.198194453
corridor_0,6721,6721,64,52,1143850,1731650,35.5704398,129.0874394,11.49216378,54.1171827,2.991132686
corridor_0,6722,6722,65,52,1143950,1731650,35.5704252,129.0885425,11.30400002,53.92901894,2.802968928
corridor_0,6723,6723,66,52,1144050,1731650,35.5704107,129.0896457,11.20507347,53.8300924,2.704042384
corridor_0,6724,6724,67,52,1144150,1731650,35.5703961,129.0907488,11.17011177,53.7951307,2.669080684
corridor_0,6725,6725,68,52,1144250,1731650,35.5703816,129.091852,11.18614113,53.81116006,2.685110042
corridor_0,6726,6726,69,52,1144350,1731650,35.570367,129.0929552,11.27583229,53.90085122,2.774801204
corridor_0,6727,6727,70,52,1144450,1731650,35.5703524,129.0940583,11.4636451,54.08866402,2.962614009
corridor_0,6728,6728,71,52,1144550,1731650,35.5703378,129.0951615,11.4796592,54.10467812,2.978628108
corridor_0,6729,6729,72,52,1144650,1731650,35.5703232,129.0962646,11.38578331,54.01080224,2.884752223
corridor_0,6730,6730,73,52,1144750,1731650,35.5703086,129.0973678,11.4065429,54.03156182,2.905511806
corridor_0,6731,6731,74,52,1144850,1731650,35.570294,129.0984709,11.46235192,54.08737084,2.961320827
corridor_0,6732,6732,75,52,1144950,1731650,35.5702793,129.0995741,11.55258095,54.17759988,3.051549861
corridor_0,6733,6733,76,52,1145050,1731650,35.5702647,129.1006772,11.46419442,54.08921334,2.963163325
corridor_0,6734,6734,77,52,1145150,1731650,35.57025,129.1017804,11.27154457,53.8965635,2.770513484
corridor_0,6735,6735,78,52,1145250,1731650,35.5702354,129.1028835,10.8758117,53.50083062,2.374780604
corridor_0,6736,6736,79,52,1145350,1731650,35.5702207,129.1039867,10.39085305,53.01587197,1.889821956
corridor_0,6737,6737,80,52,1145450,1731650,35.570206,129.1050898,9.860140919,52.48515984,1.359109828
corridor_0,6738,6738,81,52,1145550,1731650,35.5701913,129.106193,9.24791634,51.87293526,0.746885249
corridor_0,6739,6739,82,52,1145650,1731650,35.5701766,129.1072961,8.600470661,51.22548959,0.09943957
corridor_0,6740,6740,83,52,1145750,1731650,35.5701619,129.1083993,7.980589985,50.60560891,-0.520441106
corridor_0,6741,6741,84,52,1145850,1731650,35.5701472,129.1095024,7.280413746,49.90543267,-1.220617345
corridor_0,6742,6742,85,52,1145950,1731650,35.5701324,129.1106055,6.54119408,49.166213,-1.95983701
corridor_0,6743,6743,86,52,1146050,1731650,35.5701177,129.1117087,5.983321308,48.60834023,-2.517709783
corridor_0,6744,6744,87,52,1146150,1731650,35.5701029,129.1128118,5.456908344,48.08192727,-3.044122746
corridor_0,6745,6745,88,52,1146250,1731650,35.5700882,129.113915,4.927428364,47.55244729,-3.573602727
corridor_0,6746,6746,89,52,1146350,1731650,35.5700734,129.1150181,4.348830341,46.97384927,-4.152200749
corridor_0,6747,6747,90,52,1146450,1731650,35.5700586,129.1161212,3.828288197,46.45330712,-4.672742894
corridor_0,6748,6748,91,52,1146550,1731650,35.5700438,129.1172244,3.089129566,45.71414849,-5.411901525
corridor_0,6749,6749,92,52,1146650,1731650,35.570029,129.1183275,2.389868855,45.01488778,-6.111162236
corridor_0,6750,6750,93,52,1146750,1731650,35.5700142,129.1194307,1.7590667,44.38408562,-6.741964391
corridor_0,6751,6751,94,52,1146850,1731650,35.5699993,129.1205338,0.855170368,43.48018929,-7.645860723
corridor_0,6752,6752,95,52,1146950,1731650,35.5699845,129.1216369,-0.534497143,42.09052178,-9.035528234
corridor_0,6753,6753,96,52,1147050,1731650,35.5699697,129.1227401,-2.915814281,39.70920464,-11.41684537
corridor_0,6754,6754,97,52,1147150,1731650,35.5699548,129.1238432,-5.521618725,37.1034002,-14.02264982
corridor_0,6815,6815,97,53,1147150,1731750,35.5708561,129.1238614,-4.899029613,37.72598931,-13.4000607
corridor_0,6816,6816,96,53,1147050,1731750,35.570871,129.1227582,-2.515683056,40.10933587,-11.01671415
corridor_0,6817,6817,95,53,1146950,1731750,35.5708858,129.1216551,0.294276356,42.91929528,-8.206754735
corridor_0,6818,6818,94,53,1146850,1731750,35.5709006,129.1205519,1.262641071,43.88766,-7.238390019
corridor_0,6819,6819,93,53,1146750,1731750,35.5709155,129.1194488,2.431754231,45.05677316,-6.06927686
corridor_0,6820,6820,92,53,1146650,1731750,35.5709303,129.1183456,3.189459919,45.81447884,-5.311571172
corridor_0,6821,6821,91,53,1146550,1731750,35.5709451,129.1172425,3.676207661,46.30122659,-4.82482343
corridor_0,6822,6822,90,53,1146450,1731750,35.5709599,129.1161393,4.244376301,46.86939523,-4.25665479
corridor_0,6823,6823,89,53,1146350,1731750,35.5709747,129.1150362,4.745070576,47.3700895,-3.755960515
corridor_0,6824,6824,88,53,1146250,1731750,35.5709895,129.113933,5.270426869,47.89544579,-3.230604222
corridor_0,6825,6825,87,53,1146150,1731750,35.5710042,129.1128299,5.785895466,48.41091439,-2.715135625
corridor_0,6826,6826,86,53,1146050,1731750,35.571019,129.1117267,6.327010273,48.9520292,-2.174020818
corridor_0,6827,6827,85,53,1145950,1731750,35.5710337,129.1106236,7.00516045,49.63017937,-1.495870641
corridor_0,6828,6828,84,53,1145850,1731750,35.5710485,129.1095204,7.76700127,50.39202019,-0.73402982
corridor_0,6829,6829,83,53,1145750,1731750,35.5710632,129.1084173,8.367766499,50.99278542,-0.133264592
corridor_0,6830,6830,82,53,1145650,1731750,35.5710779,129.1073141,8.885382771,51.5104017,0.38435168
corridor_0,6831,6831,81,53,1145550,1731750,35.5710926,129.106211,9.504149555,52.12916848,1.003118464
corridor_0,6832,6832,80,53,1145450,1731750,35.5711073,129.1051078,10.14112389,52.76614281,1.640092799
corridor_0,6833,6833,79,53,1145350,1731750,35.571122,129.1040046,10.64651787,53.2715368,2.145486781
corridor_0,6834,6834,78,53,1145250,1731750,35.5711367,129.1029015,11.05041802,53.67543694,2.549386928
corridor_0,6835,6835,77,53,1145150,1731750,35.5711513,129.1017983,11.32760537,53.95262429,2.826574275
corridor_0,6836,6836,76,53,1145050,1731750,35.571166,129.1006952,11.49288094,54.11789986,2.991849849
corridor_0,6837,6837,75,53,1144950,1731750,35.5711806,129.099592,11.51286614,54.13788506,3.011835048
corridor_0,6838,6838,74,53,1144850,1731750,35.5711953,129.0984888,11.40958321,54.03460213,2.908552119
corridor_0,6839,6839,73,53,1144750,1731750,35.5712099,129.0973857,11.31623757,53.94125649,2.815206477
corridor_0,6840,6840,72,53,1144650,1731750,35.5712245,129.0962825,11.42904961,54.05406853,2.928018519
corridor_0,6841,6841,71,53,1144550,1731750,35.5712391,129.0951793,11.41265786,54.03767678,2.911626765
corridor_0,6842,6842,70,53,1144450,1731750,35.5712537,129.0940762,11.37979042,54.00480935,2.878759334
corridor_0,6843,6843,69,53,1144350,1731750,35.5712683,129.092973,11.20617974,53.83119866,2.705148646
corridor_0,6844,6844,68,53,1144250,1731750,35.5712829,129.0918698,11.18664467,53.8116636,2.685613582
corridor_0,6845,6845,67,53,1144150,1731750,35.5712975,129.0907667,11.18814766,53.81316659,2.687116572
corridor_0,6846,6846,66,53,1144050,1731750,35.571312,129.0896635,11.29461205,53.91963097,2.793580958
corridor_0,6847,6847,65,53,1143950,1731750,35.5713266,129.0885603,11.46877968,54.09379861,2.967748591
corridor_0,6848,6848,64,53,1143850,1731750,35.5713411,129.0874572,11.65917885,54.28419778,3.158147761
corridor_0,6849,6849,63,53,1143750,1731750,35.5713556,129.086354,11.86270821,54.48772713,3.361677119
corridor_0,6850,6850,62,53,1143650,1731750,35.5713701,129.0852508,12.03103936,54.65605828,3.530008265
corridor_0,6851,6851,61,53,1143550,1731750,35.5713846,129.0841476,12.13204873,54.75706765,3.631017634
corridor_0,6852,6852,60,53,1143450,1731750,35.5713991,129.0830445,12.21470559,54.83972451,3.713674495
corridor_0,6853,6853,59,53,1143350,1731750,35.5714136,129.0819413,12.24660408,54.87162301,3.745572993
corridor_0,6854,6854,58,53,1143250,1731750,35.5714281,129.0808381,12.17587578,54.80089471,3.674844691
corridor_0,6855,6855,57,53,1143150,1731750,35.5714426,129.0797349,12.11738884,54.74240777,3.616357753
corridor_0,6856,6856,56,53,1143050,1731750,35.571457,129.0786318,11.82136452,54.44638345,3.32033343
corridor_0,6857,6857,55,53,1142950,1731750,35.5714715,129.0775286,11.25007546,53.87509438,2.749044368
corridor_0,6858,6858,54,53,1142850,1731750,35.5714859,129.0764254,10.73317635,53.35819527,2.232145259
corridor_0,6859,6859,53,53,1142750,1731750,35.5715003,129.0753222,10.04243386,52.66745278,1.541402766
corridor_0,6860,6860,52,53,1142650,1731750,35.5715147,129.074219,9.437609791,52.06262872,0.9365787
corridor_0,6861,6861,51,53,1142550,1731750,35.5715291,129.0731159,8.647467732,51.27248666,0.146436641
corridor_0,6862,6862,50,53,1142450,1731750,35.5715435,129.0720127,7.56268227,50.18770119,-0.938348821
corridor_0,6863,6863,49,53,1142350,1731750,35.5715579,129.0709095,6.727324604,49.35234353,-1.773706487
corridor_0,6864,6864,48,53,1142250,1731750,35.5715723,129.0698063,5.890627979,48.5156469,-2.610403111
corridor_0,6865,6865,47,53,1142150,1731750,35.5715866,129.0687031,5.086581348,47.71160027,-3.414449742
corridor_0,6866,6866,46,53,1142050,1731750,35.571601,129.0675999,4.333949207,46.95896813,-4.167081883
corridor_0,6867,6867,45,53,1141950,1731750,35.5716153,129.0664968,3.462416767,46.08743569,-5.038614324
corridor_0,6868,6868,44,53,1141850,1731750,35.5716297,129.0653936,2.706252216,45.33127114,-5.794778874
corridor_0,6869,6869,43,53,1141750,1731750,35.571644,129.0642904,1.8504287,44.47544762,-6.650602391
corridor_0,6870,6870,42,53,1141650,1731750,35.5716583,129.0631872,0.91355431,43.53857323,-7.587476781
corridor_0,6871,6871,41,53,1141550,1731750,35.5716726,129.062084,-0.341412426,42.2836065,-8.842443517
corridor_0,6872,6872,40,53,1141450,1731750,35.5716869,129.0609808,-1.691555859,40.93346307,-10.19258695
corridor_0,6873,6873,39,53,1141350,1731750,35.5717012,129.0598776,-2.740261913,39.88475701,-11.241293
corridor_0,6874,6874,38,53,1141250,1731750,35.5717155,129.0587744,-4.361164928,38.263854,-12.86219602
corridor_0,6875,6875,37,53,1141150,1731750,35.5717297,129.0576712,-7.57210815,35.05291077,-16.07313924
corridor_0,6876,6876,36,53,1141050,1731750,35.571744,129.056568,-13.84351814,28.78150079,-22.34454923
corridor_0,6950,6950,37,54,1141150,1731850,35.5726311,129.0576887,-8.869589687,33.75542924,-17.37062078
corridor_0,6951,6951,38,54,1141250,1731850,35.5726168,129.0587919,-5.000618816,37.62440011,-13.50164991
corridor_0,6952,6952,39,54,1141350,1731850,35.5726025,129.0598951,-2.506337048,40.11868188,-11.00736814
corridor_0,6953,6953,40,54,1141450,1731850,35.5725882,129.0609983,-1.040284038,41.58473489,-9.541315129
corridor_0,6954,6954,41,54,1141550,1731850,35.5725739,129.0621015,0.304988026,42.93000695,-8.196043065
corridor_0,6955,6955,42,54,1141650,1731850,35.5725596,129.0632047,1.279933094,43.90495202,-7.221097997
corridor_0,6956,6956,43,54,1141750,1731850,35.5725453,129.0643079,2.246981739,44.87200066,-6.254049352
corridor_0,6957,6957,44,54,1141850,1731850,35.572531,129.0654111,3.002303242,45.62732217,-5.498727849
corridor_0,6958,6958,45,54,1141950,1731850,35.5725167,129.0665143,3.667410969,46.29242989,-4.833620122
corridor_0,6959,6959,46,54,1142050,1731850,35.5725023,129.0676175,4.475733875,47.1007528,-4.025297215
corridor_0,6960,6960,47,54,1142150,1731850,35.572488,129.0687207,5.109095692,47.73411462,-3.391935399
corridor_0,6961,6961,48,54,1142250,1731850,35.5724736,129.0698239,5.856463551,48.48148248,-2.64456754
corridor_0,6962,6962,49,54,1142350,1731850,35.5724592,129.0709271,6.770018696,49.39503762,-1.731012395
corridor_0,6963,6963,50,54,1142450,1731850,35.5724448,129.0720303,7.742072224,50.36709115,-0.758958867
corridor_0,6964,6964,51,54,1142550,1731850,35.5724304,129.0731335,8.365443348,50.99046227,-0.135587743
corridor_0,6965,6965,52,54,1142650,1731850,35.572416,129.0742367,9.034545063,51.65956399,0.533513972
corridor_0,6966,6966,53,54,1142750,1731850,35.5724016,129.0753399,9.549803852,52.17482278,1.048772761
corridor_0,6967,6967,54,54,1142850,1731850,35.5723872,129.0764431,10.16552269,52.79054162,1.664491603
corridor_0,6968,6968,55,54,1142950,1731850,35.5723728,129.0775463,10.71892846,53.34394738,2.217897365
corridor_0,6969,6969,56,54,1143050,1731850,35.5723583,129.0786494,11.16276467,53.78778359,2.661733577
corridor_0,6970,6970,57,54,1143150,1731850,35.5723439,129.0797526,11.59414589,54.21916482,3.093114802
corridor_0,6971,6971,58,54,1143250,1731850,35.5723294,129.0808558,11.77240288,54.39742181,3.271371791
corridor_0,6972,6972,59,54,1143350,1731850,35.5723149,129.081959,11.97365487,54.59867379,3.472623775
corridor_0,6973,6973,60,54,1143450,1731850,35.5723004,129.0830622,12.09997094,54.72498986,3.598939845
corridor_0,6974,6974,61,54,1143550,1731850,35.5722859,129.0841654,12.11487877,54.7398977,3.613847682
corridor_0,6975,6975,62,54,1143650,1731850,35.5722714,129.0852686,12.09104836,54.71606728,3.590017268
corridor_0,6976,6976,63,54,1143750,1731850,35.5722569,129.0863718,11.99276268,54.61778161,3.491731593
corridor_0,6977,6977,64,54,1143850,1731850,35.5722424,129.0874749,11.8250953,54.45011422,3.324064204
corridor_0,6978,6978,65,54,1143950,1731850,35.5722279,129.0885781,11.63467705,54.25969598,3.133645961
corridor_0,6979,6979,66,54,1144050,1731850,35.5722133,129.0896813,11.44435799,54.06937691,2.9433269
corridor_0,6980,6980,67,54,1144150,1731850,35.5721988,129.0907845,11.30078423,53.92580315,2.799753139
corridor_0,6981,6981,68,54,1144250,1731850,35.5721842,129.0918877,11.20822823,53.83324715,2.707197139
corridor_0,6982,6982,69,54,1144350,1731850,35.5721696,129.0929908,11.17050469,53.79552361,2.669473598
corridor_0,6983,6983,70,54,1144450,1731850,35.572155,129.094094,11.23046791,53.85548684,2.729436824
corridor_0,6984,6984,71,54,1144550,1731850,35.5721404,129.0951972,11.32580483,53.95082375,2.824773738
corridor_0,6985,6985,72,54,1144650,1731850,35.5721258,129.0963004,11.26031792,53.88533685,2.75928683
corridor_0,6986,6986,73,54,1144750,1731850,35.5721112,129.0974036,11.19898522,53.82400414,2.697954127
corridor_0,6987,6987,74,54,1144850,1731850,35.5720966,129.0985067,11.33497536,53.95999429,2.83394427
corridor_0,6988,6988,75,54,1144950,1731850,35.572082,129.0996099,11.46293938,54.08795831,2.96190829
corridor_0,6989,6989,76,54,1145050,1731850,35.5720673,129.1007131,11.47268593,54.09770486,2.971654841
corridor_0,6990,6990,77,54,1145150,1731850,35.5720526,129.1018163,11.36394799,53.98896691,2.862916896
corridor_0,6991,6991,78,54,1145250,1731850,35.572038,129.1029194,11.18424904,53.80926797,2.683217952
corridor_0,6992,6992,79,54,1145350,1731850,35.5720233,129.1040226,10.82732308,53.452342,2.326291987
corridor_0,6993,6993,80,54,1145450,1731850,35.5720086,129.1051258,10.33690178,52.96192071,1.835870692
corridor_0,6994,6994,81,54,1145550,1731850,35.5719939,129.106229,9.751341938,52.37636086,1.250310847
corridor_0,6995,6995,82,54,1145650,1731850,35.5719792,129.1073321,9.17608559,51.80110451,0.6750545
corridor_0,6996,6996,83,54,1145750,1731850,35.5719645,129.1084353,8.72454369,51.34956261,0.223512599
corridor_0,6997,6997,84,54,1145850,1731850,35.5719498,129.1095385,8.158343433,50.78336236,-0.342687657
corridor_0,6998,6998,85,54,1145950,1731850,35.571935,129.1106416,7.416865467,50.04188439,-1.084165624
corridor_0,6999,6999,86,54,1146050,1731850,35.5719203,129.1117448,6.65579903,49.28081795,-1.84523206
corridor_0,7000,7000,87,54,1146150,1731850,35.5719055,129.112848,6.129706501,48.75472543,-2.37132459
corridor_0,7001,7001,88,54,1146250,1731850,35.5718908,129.1139511,5.614028095,48.23904702,-2.887002995
corridor_0,7002,7002,89,54,1146350,1731850,35.571876,129.1150543,5.083953022,47.70897195,-3.417078069
corridor_0,7003,7003,90,54,1146450,1731850,35.5718612,129.1161575,4.610541462,47.23556039,-3.890489629
corridor_0,7004,7004,91,54,1146550,1731850,35.5718464,129.1172606,4.105765461,46.73078439,-4.39526563
corridor_0,7005,7005,92,54,1146650,1731850,35.5718316,129.1183638,3.559908985,46.18492791,-4.941122106
corridor_0,7006,7006,93,54,1146750,1731850,35.5718168,129.1194669,3.071757435,45.69677636,-5.429273656
corridor_0,7007,7007,94,54,1146850,1731850,35.5718019,129.1205701,2.432425617,45.05744454,-6.068605474
corridor_0,7008,7008,95,54,1146950,1731850,35.5717871,129.1216733,1.755309223,44.38032815,-6.745721868
corridor_0,7009,7009,96,54,1147050,1731850,35.5717722,129.1227764,-0.133244396,42.49177453,-8.634275487
corridor_0,7010,7010,97,54,1147150,1731850,35.5717574,129.1238796,-4.350281597,38.27473733,-12.85131269
corridor_0,7071,7071,97,55,1147150,1731950,35.5726587,129.1238978,-0.352040173,42.27297875,-8.853071263
corridor_0,7072,7072,96,55,1147050,1731950,35.5726735,129.1227946,1.835703968,44.46072289,-6.665327123
corridor_0,7073,7073,95,55,1146950,1731950,35.5726884,129.1216914,2.480841755,45.10586068,-6.020189336
corridor_0,7074,7074,94,55,1146850,1731950,35.5727032,129.1205883,3.00529015,45.63030907,-5.495740941
corridor_0,7075,7075,93,55,1146750,1731950,35.5727181,129.1194851,3.451247334,46.07626626,-5.049783757
corridor_0,7076,7076,92,55,1146650,1731950,35.5727329,129.1183819,3.998252033,46.62327096,-4.502779058
corridor_0,7077,7077,91,55,1146550,1731950,35.5727477,129.1172787,4.488516926,47.11353585,-4.012514165
corridor_0,7078,7078,90,55,1146450,1731950,35.5727625,129.1161756,4.974276661,47.59929559,-3.52675443
corridor_0,7079,7079,89,55,1146350,1731950,35.5727773,129.1150724,5.449900745,48.07491967,-3.051130345
corridor_0,7080,7080,88,55,1146250,1731950,35.5727921,129.1139692,5.950816273,48.5758352,-2.550214818
corridor_0,7081,7081,87,55,1146150,1731950,35.5728068,129.112866,6.46955788,49.09457681,-2.03147321
corridor_0,7082,7082,86,55,1146050,1731950,35.5728216,129.1117628,7.019358753,49.64437768,-1.481672338
corridor_0,7083,7083,85,55,1145950,1731950,35.5728363,129.1106597,7.866515278,50.4915342,-0.634515813
corridor_0,7084,7084,84,55,1145850,1731950,35.5728511,129.1095565,8.505171894,51.13019082,0.004140803
corridor_0,7085,7085,83,55,1145750,1731950,35.5728658,129.1084533,9.051138996,51.67615792,0.550107905
corridor_0,7086,7086,82,55,1145650,1731950,35.5728805,129.1073501,9.369452595,51.99447152,0.868421504
corridor_0,7087,7087,81,55,1145550,1731950,35.5728952,129.1062469,9.942694782,52.56771371,1.441663692
corridor_0,7088,7088,80,55,1145450,1731950,35.5729099,129.1051438,10.49663842,53.12165734,1.995607326
corridor_0,7089,7089,79,55,1145350,1731950,35.5729246,129.1040406,10.95713723,53.58215615,2.456106135
corridor_0,7090,7090,78,55,1145250,1731950,35.5729393,129.1029374,11.25826561,53.88328454,2.757234523
corridor_0,7091,7091,77,55,1145150,1731950,35.572954,129.1018342,11.41219628,54.0372152,2.911165187
corridor_0,7092,7092,76,55,1145050,1731950,35.5729686,129.100731,11.38744271,54.01246163,2.886411616
corridor_0,7093,7093,75,55,1144950,1731950,35.5729833,129.0996278,11.38811028,54.0131292,2.887079188
corridor_0,7094,7094,74,55,1144850,1731950,35.5729979,129.0985246,11.28257286,53.90759179,2.781541774
corridor_0,7095,7095,73,55,1144750,1731950,35.5730125,129.0974215,11.1169883,53.74200722,2.61595721
corridor_0,7096,7096,72,55,1144650,1731950,35.5730271,129.0963183,11.0472213,53.67224023,2.546190211
corridor_0,7097,7097,71,55,1144550,1731950,35.5730417,129.0952151,11.07591164,53.70093056,2.574880549
corridor_0,7098,7098,70,55,1144450,1731950,35.5730563,129.0941119,11.08282387,53.7078428,2.581792781
corridor_0,7099,7099,69,55,1144350,1731950,35.5730709,129.0930087,11.12110436,53.74612328,2.620073268
corridor_0,7100,7100,68,55,1144250,1731950,35.5730855,129.0919055,11.22591317,53.85093209,2.724882075
corridor_0,7101,7101,67,55,1144150,1731950,35.5731001,129.0908023,11.39662087,54.02163979,2.895589778
corridor_0,7102,7102,66,55,1144050,1731950,35.5731146,129.0896991,11.6189872,54.24400613,3.117956111
corridor_0,7103,7103,65,55,1143950,1731950,35.5731292,129.0885959,11.81721413,54.44223306,3.31618304
corridor_0,7104,7104,64,55,1143850,1731950,35.5731437,129.0874927,11.9914962,54.61651513,3.490465114
corridor_0,7105,7105,63,55,1143750,1731950,35.5731582,129.0863895,12.10454857,54.7295675,3.603517482
corridor_0,7106,7106,62,55,1143650,1731950,35.5731728,129.0852863,12.16882622,54.79384515,3.667795131
corridor_0,7107,7107,61,55,1143550,1731950,35.5731873,129.0841831,12.08898461,54.71400353,3.587953517
corridor_0,7108,7108,60,55,1143450,1731950,35.5732018,129.0830799,11.8908416,54.51586053,3.389810512
corridor_0,7109,7109,59,55,1143350,1731950,35.5732162,129.0819767,11.67346871,54.29848763,3.172437617
corridor_0,7110,7110,58,55,1143250,1731950,35.5732307,129.0808735,11.35900032,53.98401925,2.857969234
corridor_0,7111,7111,57,55,1143150,1731950,35.5732452,129.0797703,11.04276574,53.66778466,2.541734645
corridor_0,7112,7112,56,55,1143050,1731950,35.5732596,129.0786671,10.64434731,53.26936623,2.143316218
corridor_0,7113,7113,55,55,1142950,1731950,35.5732741,129.0775639,10.13116372,52.75618264,1.630132625
corridor_0,7114,7114,54,55,1142850,1731950,35.5732885,129.0764607,9.646361469,52.27138039,1.145330379
corridor_0,7115,7115,53,55,1142750,1731950,35.5733029,129.0753575,9.141673206,51.76669213,0.640642116
corridor_0,7116,7116,52,55,1142650,1731950,35.5733174,129.0742543,8.6523391,51.27735802,0.151308009
corridor_0,7117,7117,51,55,1142550,1731950,35.5733318,129.0731511,8.072684406,50.69770333,-0.428346684
corridor_0,7118,7118,50,55,1142450,1731950,35.5733462,129.0720479,7.540320515,50.16533944,-0.960710576
corridor_0,7119,7119,49,55,1142350,1731950,35.5733605,129.0709447,6.86673653,49.49175545,-1.63429456
corridor_0,7120,7120,48,55,1142250,1731950,35.5733749,129.0698415,6.027751087,48.65277001,-2.473280004
corridor_0,7121,7121,47,55,1142150,1731950,35.5733893,129.0687383,5.154219746,47.77923867,-3.346811345
corridor_0,7122,7122,46,55,1142050,1731950,35.5734036,129.0676351,4.515769123,47.14078805,-3.985261968
corridor_0,7123,7123,45,55,1141950,1731950,35.573418,129.0665319,3.825022816,46.45004174,-4.676008275
corridor_0,7124,7124,44,55,1141850,1731950,35.5734323,129.0654286,3.157714008,45.78273293,-5.343317082
corridor_0,7125,7125,43,55,1141750,1731950,35.5734466,129.0643254,2.450877308,45.07589623,-6.050153783
corridor_0,7126,7126,42,55,1141650,1731950,35.573461,129.0632222,1.783759235,44.40877816,-6.717271855
corridor_0,7127,7127,41,55,1141550,1731950,35.5734753,129.062119,0.638644337,43.26366326,-7.862386754
corridor_0,7128,7128,40,55,1141450,1731950,35.5734896,129.0610158,-0.40329826,42.22172066,-8.90432935
corridor_0,7129,7129,39,55,1141350,1731950,35.5735038,129.0599126,-1.919072033,40.70594689,-10.42010312
corridor_0,7130,7130,38,55,1141250,1731950,35.5735181,129.0588094,-3.611283184,39.01373574,-12.11231427
corridor_0,7131,7131,37,55,1141150,1731950,35.5735324,129.0577061,-7.773318172,34.85170075,-16.27434926
corridor_0,7205,7205,36,56,1141050,1732050,35.574448,129.0566204,-10.73382843,31.8911905,-19.23485952
corridor_0,7206,7206,37,56,1141150,1732050,35.5744337,129.0577236,-5.901635052,36.72338387,-14.40266614
corridor_0,7207,7207,38,56,1141250,1732050,35.5744194,129.0588268,-3.128727795,39.49629113,-11.62975889
corridor_0,7208,7208,39,56,1141350,1732050,35.5744052,129.0599301,-1.081463695,41.54355523,-9.582494786
corridor_0,7209,7209,40,56,1141450,1732050,35.5743909,129.0610333,0.386012196,43.01103112,-8.115018895
corridor_0,7210,7210,41,56,1141550,1732050,35.5743766,129.0621365,1.28413689,43.90915582,-7.2168942
corridor_0,7211,7211,42,56,1141650,1732050,35.5743623,129.0632397,2.074061512,44.69908044,-6.426969579
corridor_0,7212,7212,43,56,1141750,1732050,35.574348,129.064343,2.780600666,45.40561959,-5.720430425
corridor_0,7213,7213,44,56,1141850,1732050,35.5743336,129.0654462,3.502066731,46.12708566,-4.99896436
corridor_0,7214,7214,45,56,1141950,1732050,35.5743193,129.0665494,4.105387806,46.73040673,-4.395643285
corridor_0,7215,7215,46,56,1142050,1732050,35.574305,129.0676526,4.709078907,47.33409783,-3.791952184
corridor_0,7216,7216,47,56,1142150,1732050,35.5742906,129.0687559,5.402136921,48.02715585,-3.09889417
corridor_0,7217,7217,48,56,1142250,1732050,35.5742762,129.0698591,6.068221211,48.69324014,-2.43280988
corridor_0,7218,7218,49,56,1142350,1732050,35.5742619,129.0709623,6.83051598,49.4555349,-1.670515111
corridor_0,7219,7219,50,56,1142450,1732050,35.5742475,129.0720655,7.284369587,49.90938851,-1.216661504
corridor_0,7220,7220,51,56,1142550,1732050,35.5742331,129.0731687,7.854575275,50.4795942,-0.646455815
corridor_0,7221,7221,52,56,1142650,1732050,35.5742187,129.074272,8.319220661,50.94423959,-0.18181043
corridor_0,7222,7222,53,56,1142750,1732050,35.5742043,129.0753752,8.795344471,51.4203634,0.29431338
corridor_0,7223,7223,54,56,1142850,1732050,35.5741898,129.0764784,9.261374592,51.88639352,0.760343501
corridor_0,7224,7224,55,56,1142950,1732050,35.5741754,129.0775816,9.727477192,52.35249612,1.226446101
corridor_0,7225,7225,56,56,1143050,1732050,35.574161,129.0786848,10.19246209,52.81748101,1.691430995
corridor_0,7226,7226,57,56,1143150,1732050,35.5741465,129.079788,10.64044106,53.26545998,2.139409968
corridor_0,7227,7227,58,56,1143250,1732050,35.574132,129.0808912,11.03648293,53.66150185,2.535451838
corridor_0,7228,7228,59,56,1143350,1732050,35.5741176,129.0819945,11.4328376,54.05785653,2.931806514
corridor_0,7229,7229,60,56,1143450,1732050,35.5741031,129.0830977,11.73159325,54.35661217,3.23056216
corridor_0,7230,7230,61,56,1143550,1732050,35.5740886,129.0842009,12.00684655,54.63186547,3.505815455
corridor_0,7231,7231,62,56,1143650,1732050,35.5740741,129.0853041,12.17452538,54.7995443,3.673494288
corridor_0,7232,7232,63,56,1143750,1732050,35.5740596,129.0864073,12.19503319,54.82005212,3.694002101
corridor_0,7233,7233,64,56,1143850,1732050,35.574045,129.0875105,12.13866341,54.76368233,3.637632319
corridor_0,7234,7234,65,56,1143950,1732050,35.5740305,129.0886137,12.02025521,54.64527413,3.519224116
corridor_0,7235,7235,66,56,1144050,1732050,35.5740159,129.0897169,11.83068001,54.45569894,3.329648921
corridor_0,7236,7236,67,56,1144150,1732050,35.5740014,129.0908201,11.5951606,54.22017953,3.094129512
corridor_0,7237,7237,68,56,1144250,1732050,35.5739868,129.0919233,11.35477364,53.97979256,2.853742549
corridor_0,7238,7238,69,56,1144350,1732050,35.5739722,129.0930265,11.17996132,53.80498025,2.678930232
corridor_0,7239,7239,70,56,1144450,1732050,35.5739577,129.0941297,11.04006112,53.66508004,2.539030025
corridor_0,7240,7240,71,56,1144550,1732050,35.5739431,129.095233,11.0061332,53.63115212,2.505102107
corridor_0,7241,7241,72,56,1144650,1732050,35.5739284,129.0963362,11.03774559,53.66276452,2.536714503
corridor_0,7242,7242,73,56,1144750,1732050,35.5739138,129.0974394,11.09801018,53.72302911,2.596979091
corridor_0,7243,7243,74,56,1144850,1732050,35.5738992,129.0985426,11.19216072,53.81717965,2.691129634
corridor_0,7244,7244,75,56,1144950,1732050,35.5738846,129.0996458,11.24841607,53.87343499,2.747384974
corridor_0,7245,7245,76,56,1145050,1732050,35.5738699,129.100749,11.3969413,54.02196023,2.895910213
corridor_0,7246,7246,77,56,1145150,1732050,35.5738553,129.1018522,11.40923607,54.034255,2.908204982
corridor_0,7247,7247,78,56,1145250,1732050,35.5738406,129.1029554,11.34076607,53.965785,2.839734981
corridor_0,7248,7248,79,56,1145350,1732050,35.5738259,129.1040586,11.05689537,53.6819143,2.555864284
corridor_0,7249,7249,80,56,1145450,1732050,35.5738112,129.1051617,10.62661278,53.25163171,2.125581691
corridor_0,7250,7250,81,56,1145550,1732050,35.5737965,129.1062649,10.10859215,52.73361108,1.607561061
corridor_0,7251,7251,82,56,1145650,1732050,35.5737818,129.1073681,9.564620136,52.18963906,1.063589046
corridor_0,7252,7252,83,56,1145750,1732050,35.5737671,129.1084713,9.13028252,51.75530144,0.62925143
corridor_0,7253,7253,84,56,1145850,1732050,35.5737524,129.1095745,8.634364246,51.25938317,0.133333156
corridor_0,7254,7254,85,56,1145950,1732050,35.5737376,129.1106777,8.082713245,50.70773217,-0.418317845
corridor_0,7255,7255,86,56,1146050,1732050,35.5737229,129.1117809,7.372874378,49.9978933,-1.128156713
corridor_0,7256,7256,87,56,1146150,1732050,35.5737081,129.1128841,6.802443623,49.42746255,-1.698587468
corridor_0,7257,7257,88,56,1146250,1732050,35.5736934,129.1139873,6.307772755,48.93279168,-2.193258336
corridor_0,7258,7258,89,56,1146350,1732050,35.5736786,129.1150905,5.777228474,48.4022474,-2.723802617
corridor_0,7259,7259,90,56,1146450,1732050,35.5736638,129.1161937,5.333193897,47.95821282,-3.167837193
corridor_0,7260,7260,91,56,1146550,1732050,35.573649,129.1172969,4.776217579,47.4012365,-3.724813512
corridor_0,7261,7261,92,56,1146650,1732050,35.5736342,129.1184,4.334765553,46.95978448,-4.166265538
corridor_0,7262,7262,93,56,1146750,1732050,35.5736194,129.1195032,3.898047566,46.52306649,-4.602983525
corridor_0,7263,7263,94,56,1146850,1732050,35.5736045,129.1206064,3.390559315,46.01557824,-5.110471776
corridor_0,7264,7264,95,56,1146950,1732050,35.5735897,129.1217096,2.970736622,45.59575555,-5.530294469
corridor_0,7265,7265,96,56,1147050,1732050,35.5735748,129.1228128,2.475527882,45.10054681,-6.025503209
corridor_0,7266,7266,97,56,1147150,1732050,35.57356,129.123916,1.965067982,44.59008691,-6.535963109
corridor_0,7267,7267,98,56,1147250,1732050,35.5735451,129.1250191,-3.114281536,39.51073739,-11.61531263
corridor_0,7268,7268,99,56,1147350,1732050,35.5735302,129.1261223,-5.01467979,37.61033913,-13.51571088
corridor_0,7323,7323,101,57,1147550,1732150,35.5744017,129.1283469,-4.494225384,38.13079354,-12.99525647
corridor_0,7324,7324,100,57,1147450,1732150,35.5744166,129.1272437,-2.772965313,39.85205361,-11.2739964
corridor_0,7325,7325,99,57,1147350,1732150,35.5744315,129.1261405,-1.746674419,40.87834451,-10.24770551
corridor_0,7326,7326,98,57,1147250,1732150,35.5744464,129.1250374,0.409632801,43.03465173,-8.09139829
corridor_0,7327,7327,97,57,1147150,1732150,35.5744613,129.1239342,2.412577747,45.03759667,-6.088453343
corridor_0,7328,7328,96,57,1147050,1732150,35.5744761,129.122831,2.891734242,45.51675317,-5.609296849
corridor_0,7329,7329,95,57,1146950,1732150,35.574491,129.1217278,3.287253498,45.91227242,-5.213777593
corridor_0,7330,7330,94,57,1146850,1732150,35.5745058,129.1206246,3.763888477,46.3889074,-4.737142613
corridor_0,7331,7331,93,57,1146750,1732150,35.5745207,129.1195214,4.182685017,46.80770394,-4.318346074
corridor_0,7332,7332,92,57,1146650,1732150,35.5745355,129.1184182,4.684554218,47.30957314,-3.816476872
corridor_0,7333,7333,91,57,1146550,1732150,35.5745503,129.117315,5.126464008,47.75148293,-3.374567082
corridor_0,7334,7334,90,57,1146450,1732150,35.5745651,129.1162118,5.60167992,48.22669884,-2.899351171
corridor_0,7335,7335,89,57,1146350,1732150,35.5745799,129.1151086,6.034655689,48.65967461,-2.466375401
corridor_0,7336,7336,88,57,1146250,1732150,35.5745947,129.1140054,6.536624073,49.161643,-1.964407018
corridor_0,7337,7337,87,57,1146150,1732150,35.5746094,129.1129022,7.055171131,49.68019006,-1.44585996
corridor_0,7338,7338,86,57,1146050,1732150,35.5746242,129.111799,7.569438099,50.19445702,-0.931592992
corridor_0,7339,7339,85,57,1145950,1732150,35.5746389,129.1106958,8.275931477,50.9009504,-0.225099614
corridor_0,7340,7340,84,57,1145850,1732150,35.5746537,129.1095926,8.834624409,51.45964333,0.333593318
corridor_0,7341,7341,83,57,1145750,1732150,35.5746684,129.1084894,9.290244221,51.91526315,0.78921313
corridor_0,7342,7342,82,57,1145650,1732150,35.5746831,129.1073861,9.737284779,52.3623037,1.236253688
corridor_0,7343,7343,81,57,1145550,1732150,35.5746978,129.1062829,10.26203453,52.88705346,1.761003444
corridor_0,7344,7344,80,57,1145450,1732150,35.5747125,129.1051797,10.72004616,53.34506509,2.219015071
corridor_0,7345,7345,79,57,1145350,1732150,35.5747272,129.1040765,11.11891472,53.74393365,2.617883632
corridor_0,7346,7346,78,57,1145250,1732150,35.5747419,129.1029733,11.3852607,54.01027962,2.884229609
corridor_0,7347,7347,77,57,1145150,1732150,35.5747566,129.1018701,11.42718804,54.05220696,2.926156947
corridor_0,7348,7348,76,57,1145050,1732150,35.5747712,129.1007669,11.37702477,54.00204369,2.875993678
corridor_0,7349,7349,75,57,1144950,1732150,35.5747859,129.0996637,11.20580208,53.83082101,2.704770991
corridor_0,7350,7350,74,57,1144850,1732150,35.5748005,129.0985605,11.02410424,53.64912316,2.523073146
corridor_0,7351,7351,73,57,1144750,1732150,35.5748151,129.0974573,11.04506981,53.67008874,2.544038722
corridor_0,7352,7352,72,57,1144650,1732150,35.5748298,129.096354,11.0174514,53.64247033,2.516420314
corridor_0,7353,7353,71,57,1144550,1732150,35.5748444,129.0952508,11.0165168,53.64153573,2.515485713
corridor_0,7354,7354,70,57,1144450,1732150,35.574859,129.0941476,11.10019219,53.72521111,2.599161098
corridor_0,7355,7355,69,57,1144350,1732150,35.5748735,129.0930444,11.27136147,53.89638039,2.770330379
corridor_0,7356,7356,68,57,1144250,1732150,35.5748881,129.0919412,11.49742806,54.12244698,2.996396968
corridor_0,7357,7357,67,57,1144150,1732150,35.5749027,129.090838,11.77191079,54.39692971,3.270879695
corridor_0,7358,7358,66,57,1144050,1732150,35.5749173,129.0897347,12.01695168,54.6419706,3.515920588
corridor_0,7359,7359,65,57,1143950,1732150,35.5749318,129.0886315,12.15439904,54.77941796,3.653367946
corridor_0,7360,7360,64,57,1143850,1732150,35.5749463,129.0875283,12.23575509,54.86077401,3.734723994
corridor_0,7361,7361,63,57,1143750,1732150,35.5749609,129.0864251,12.17415154,54.79917046,3.673120448
corridor_0,7362,7362,62,57,1143650,1732150,35.5749754,129.0853219,12.0192405,54.64425942,3.518209407
corridor_0,7363,7363,61,57,1143550,1732150,35.5749899,129.0842186,11.80343544,54.42845437,3.302404353
corridor_0,7364,7364,60,57,1143450,1732150,35.5750044,129.0831154,11.50677407,54.13179299,3.005742976
corridor_0,7365,7365,59,57,1143350,1732150,35.5750189,129.0820122,11.16259301,53.78761193,2.661561915
corridor_0,7366,7366,58,57,1143250,1732150,35.5750333,129.080909,10.74845421,53.37347314,2.247423121
corridor_0,7367,7367,57,57,1143150,1732150,35.5750478,129.0798057,10.29442131,52.91944024,1.793390224
corridor_0,7368,7368,56,57,1143050,1732150,35.5750623,129.0787025,9.797072529,52.42209145,1.296041438
corridor_0,7369,7369,55,57,1142950,1732150,35.5750767,129.0775993,9.399386524,52.02440545,0.898355433
corridor_0,7370,7370,54,57,1142850,1732150,35.5750912,129.076496,8.952902912,51.57792184,0.451871821
corridor_0,7371,7371,53,57,1142750,1732150,35.5751056,129.0753928,8.504370808,51.12938973,0.003339717
corridor_0,7372,7372,52,57,1142650,1732150,35.57512,129.0742896,8.001818775,50.6268377,-0.499212316
corridor_0,7373,7373,51,57,1142550,1732150,35.5751344,129.0731864,7.542319416,50.16733834,-0.958711675
corridor_0,7374,7374,50,57,1142450,1732150,35.5751488,129.0720831,7.182490467,49.80750939,-1.318540624
corridor_0,7375,7375,49,57,1142350,1732150,35.5751632,129.0709799,6.777892231,49.40291116,-1.72313886
corridor_0,7376,7376,48,57,1142250,1732150,35.5751776,129.0698767,6.417555927,49.04257485,-2.083475163
corridor_0,7377,7377,47,57,1142150,1732150,35.5751919,129.0687734,5.593142628,48.21816155,-2.907888463
corridor_0,7378,7378,46,57,1142050,1732150,35.5752063,129.0676702,4.89092934,47.51594826,-3.61010175
corridor_0,7379,7379,45,57,1141950,1732150,35.5752206,129.066567,4.365084766,46.99010369,-4.135946324
corridor_0,7380,7380,44,57,1141850,1732150,35.575235,129.0654637,3.655512928,46.28053185,-4.845518163
corridor_0,7381,7381,43,57,1141750,1732150,35.5752493,129.0643605,3.045718311,45.67073724,-5.455312779
corridor_0,7382,7382,42,57,1141650,1732150,35.5752636,129.0632572,2.379893421,45.00491235,-6.12113767
corridor_0,7383,7383,41,57,1141550,1732150,35.5752779,129.062154,1.644934773,44.2699537,-6.856096318
corridor_0,7384,7384,40,57,1141450,1732150,35.5752922,129.0610508,0.516173481,43.14119241,-7.98485761
corridor_0,7385,7385,39,57,1141350,1732150,35.5753065,129.0599475,-0.491089703,42.13392922,-8.992120793
corridor_0,7386,7386,38,57,1141250,1732150,35.5753208,129.0588443,-1.950055004,40.67496392,-10.45108609
corridor_0,7387,7387,37,57,1141150,1732150,35.575335,129.057741,-4.396092297,38.22892663,-12.89712339
corridor_0,7388,7388,36,57,1141050,1732150,35.5753493,129.0566378,-6.549952389,36.07506654,-15.05098348
corridor_0,7389,7389,35,57,1140950,1732150,35.5753635,129.0555346,-8.926638485,33.69838044,-17.42766958
corridor_0,7390,7390,34,57,1140850,1732150,35.5753778,129.0544313,-13.87992179,28.74509713,-22.38095289
corridor_0,7458,7458,33,58,1140750,1732250,35.5762933,129.0533455,-13.86613548,28.75888345,-22.36716657
corridor_0,7459,7459,34,58,1140850,1732250,35.5762791,129.0544487,-7.685858608,34.93916032,-16.1868897
corridor_0,7460,7460,35,58,1140950,1732250,35.5762649,129.055552,-5.121765972,37.50325295,-13.62279706
corridor_0,7461,7461,36,58,1141050,1732250,35.5762506,129.0566552,-3.841217876,38.78380105,-12.34224897
corridor_0,7462,7462,37,58,1141150,1732250,35.5762364,129.0577585,-2.789234997,39.83578393,-11.29026609
corridor_0,7463,7463,38,58,1141250,1732250,35.5762221,129.0588618,-1.641358257,40.98366067,-10.14238935
corridor_0,7464,7464,39,58,1141350,1732250,35.5762078,129.059965,-0.256676556,42.36834237,-8.757707646
corridor_0,7465,7465,40,58,1141450,1732250,35.5761935,129.0610683,1.000090717,43.62510964,-7.500940373
corridor_0,7466,7466,41,58,1141550,1732250,35.5761792,129.0621715,1.912776112,44.53779504,-6.588254979
corridor_0,7467,7467,42,58,1141650,1732250,35.5761649,129.0632748,2.599513172,45.2245321,-5.901517919
corridor_0,7468,7468,43,58,1141750,1732250,35.5761506,129.064378,3.220896839,45.84591576,-5.280134252
corridor_0,7469,7469,44,58,1141850,1732250,35.5761363,129.0654813,3.88072884,46.50574776,-4.620302251
corridor_0,7470,7470,45,58,1141950,1732250,35.5761219,129.0665845,4.558608173,47.1836271,-3.942422917
corridor_0,7471,7471,46,58,1142050,1732250,35.5761076,129.0676878,5.095152973,47.7201719,-3.405878118
corridor_0,7472,7472,47,58,1142150,1732250,35.5760932,129.068791,5.796774983,48.42179391,-2.704256108
corridor_0,7473,7473,48,58,1142250,1732250,35.5760789,129.0698943,6.454669117,49.07968804,-2.046361974
corridor_0,7474,7474,49,58,1142350,1732250,35.5760645,129.0709975,6.821528553,49.44654748,-1.679502538
corridor_0,7475,7475,50,58,1142450,1732250,35.5760501,129.0721007,7.150904774,49.7759237,-1.350126317
corridor_0,7476,7476,51,58,1142550,1732250,35.5760357,129.073204,7.470412373,50.0954313,-1.030618718
corridor_0,7477,7477,52,58,1142650,1732250,35.5760213,129.0743072,7.796267628,50.42128655,-0.704763463
corridor_0,7478,7478,53,58,1142750,1732250,35.5760069,129.0754105,8.144065022,50.76908395,-0.356966069
corridor_0,7479,7479,54,58,1142850,1732250,35.5759925,129.0765137,8.71193993,51.33695885,0.210908839
corridor_0,7480,7480,55,58,1142950,1732250,35.575978,129.077617,9.11315453,51.73817345,0.612123439
corridor_0,7481,7481,56,58,1143050,1732250,35.5759636,129.0787202,9.503489613,52.12850854,1.002458522
corridor_0,7482,7482,57,58,1143150,1732250,35.5759491,129.0798234,9.990271687,52.61529061,1.489240596
corridor_0,7483,7483,58,58,1143250,1732250,35.5759347,129.0809267,10.47801888,53.1030378,1.976987788
corridor_0,7484,7484,59,58,1143350,1732250,35.5759202,129.0820299,10.91419136,53.53921029,2.413160274
corridor_0,7485,7485,60,58,1143450,1732250,35.5759057,129.0831331,11.26704705,53.89206597,2.766015956
corridor_0,7486,7486,61,58,1143550,1732250,35.5758912,129.0842364,11.60498345,54.23000237,3.103952357
corridor_0,7487,7487,62,58,1143650,1732250,35.5758767,129.0853396,11.86270058,54.48771951,3.36166949
corridor_0,7488,7488,63,58,1143750,1732250,35.5758622,129.0864429,12.10670006,54.73171899,3.605668971
corridor_0,7489,7489,64,58,1143850,1732250,35.5758476,129.0875461,12.21783364,54.84285256,3.716802546
corridor_0,7490,7490,65,58,1143950,1732250,35.5758331,129.0886493,12.22230446,54.84732339,3.721273372
corridor_0,7491,7491,66,58,1144050,1732250,35.5758186,129.0897526,12.13821328,54.7632322,3.637182185
corridor_0,7492,7492,67,58,1144150,1732250,35.575804,129.0908558,11.91255867,54.5375776,3.411527583
corridor_0,7493,7493,68,58,1144250,1732250,35.5757894,129.091959,11.63962471,54.26464364,3.138593623
corridor_0,7494,7494,69,58,1144350,1732250,35.5757749,129.0930622,11.36515725,53.99017617,2.864126155
corridor_0,7495,7495,70,58,1144450,1732250,35.5757603,129.0941655,11.1660949,53.79111382,2.665063807
corridor_0,7496,7496,71,58,1144550,1732250,35.5757457,129.0952687,11.03563225,53.66065118,2.534601161
corridor_0,7497,7497,72,58,1144650,1732250,35.5757311,129.0963719,10.96897805,53.59399697,2.467946956
corridor_0,7498,7498,73,58,1144750,1732250,35.5757164,129.0974752,10.88522637,53.51024529,2.384195277
corridor_0,7499,7499,74,58,1144850,1732250,35.5757018,129.0985784,10.98329842,53.60831734,2.482267329
corridor_0,7500,7500,75,58,1144950,1732250,35.5756872,129.0996816,11.16694558,53.7919645,2.665914485
corridor_0,7501,7501,76,58,1145050,1732250,35.5756725,129.1007848,11.36334145,53.98836037,2.862310359
corridor_0,7502,7502,77,58,1145150,1732250,35.5756579,129.1018881,11.47650826,54.10152718,2.975477168
corridor_0,7503,7503,78,58,1145250,1732250,35.5756432,129.1029913,11.43102562,54.05604455,2.929994533
corridor_0,7504,7504,79,58,1145350,1732250,35.5756285,129.1040945,11.23387062,53.85888955,2.732839534
corridor_0,7505,7505,80,58,1145450,1732250,35.5756138,129.1051977,10.85715401,53.48217294,2.35612292
corridor_0,7506,7506,81,58,1145550,1732250,35.5755991,129.1063009,10.37971032,53.00472924,1.878679225
corridor_0,7507,7507,82,58,1145650,1732250,35.5755844,129.1074042,9.897795796,52.52281472,1.396764705
corridor_0,7508,7508,83,58,1145750,1732250,35.5755697,129.1085074,9.450240254,52.07525918,0.949209163
corridor_0,7509,7509,84,58,1145850,1732250,35.575555,129.1096106,8.897505879,51.5225248,0.396474788
corridor_0,7510,7510,85,58,1145950,1732250,35.5755402,129.1107138,8.394003986,51.01902291,-0.107027104
corridor_0,7511,7511,86,58,1146050,1732250,35.5755255,129.111817,7.783583759,50.40860268,-0.717447331
corridor_0,7512,7512,87,58,1146150,1732250,35.5755107,129.1129202,7.279151081,49.90417001,-1.22188001
corridor_0,7513,7513,88,58,1146250,1732250,35.575496,129.1140235,6.738795399,49.36381432,-1.762235692
corridor_0,7514,7514,89,58,1146350,1732250,35.5754812,129.1151267,6.263407826,48.88842675,-2.237623265
corridor_0,7515,7515,90,58,1146450,1732250,35.5754664,129.1162299,5.793761372,48.4187803,-2.707269719
corridor_0,7516,7516,91,58,1146550,1732250,35.5754516,129.1173331,5.339114307,47.96413323,-3.161916783
corridor_0,7517,7517,92,58,1146650,1732250,35.5754368,129.1184363,4.926997303,47.55201623,-3.574033788
corridor_0,7518,7518,93,58,1146750,1732250,35.575422,129.1195395,4.522788166,47.14780709,-3.978242925
corridor_0,7519,7519,94,58,1146850,1732250,35.5754071,129.1206427,4.014029621,46.63904855,-4.48700147
corridor_0,7520,7520,95,58,1146950,1732250,35.5753923,129.1217459,3.610560536,46.23557946,-4.890470555
corridor_0,7521,7521,96,58,1147050,1732250,35.5753774,129.1228491,3.229571461,45.85459039,-5.27145963
corridor_0,7522,7522,97,58,1147150,1732250,35.5753626,129.1239524,2.84141457,45.46643349,-5.659616521
corridor_0,7523,7523,98,58,1147250,1732250,35.5753477,129.1250556,1.291682362,43.91670129,-7.209348729
corridor_0,7524,7524,99,58,1147350,1732250,35.5753328,129.1261588,0.194438099,42.81945702,-8.306592992
corridor_0,7525,7525,100,58,1147450,1732250,35.5753179,129.127262,-1.564667583,41.06035134,-10.06569867
corridor_0,7526,7526,101,58,1147550,1732250,35.575303,129.1283652,-2.292736889,40.33228204,-10.79376798
corridor_0,7527,7527,102,58,1147650,1732250,35.5752881,129.1294684,-3.476967693,39.14805123,-11.97799878
corridor_0,7528,7528,103,58,1147750,1732250,35.5752732,129.1305716,-5.553746105,37.07127282,-14.0547772
corridor_0,7575,7575,105,59,1147950,1732350,35.5761446,129.1327963,-7.015410305,35.60960862,-15.5164414
corridor_0,7576,7576,104,59,1147850,1732350,35.5761596,129.1316931,-4.343964458,38.28105447,-12.84499555
corridor_0,7577,7577,103,59,1147750,1732350,35.5761745,129.1305898,-2.962464214,39.66255471,-11.46349531
corridor_0,7578,7578,102,59,1147650,1732350,35.5761894,129.1294866,-1.868611217,40.75640771,-10.36964231
corridor_0,7579,7579,101,59,1147550,1732350,35.5762043,129.1283834,-1.171849132,41.45316979,-9.672880223
corridor_0,7580,7580,100,59,1147450,1732350,35.5762192,129.1272802,-0.348820568,42.27619836,-8.849851659
corridor_0,7581,7581,99,59,1147350,1732350,35.5762341,129.126177,1.120200275,43.7452192,-7.380830815
corridor_0,7582,7582,98,59,1147250,1732350,35.576249,129.1250738,1.854395985,44.47941491,-6.646635106
corridor_0,7583,7583,97,59,1147150,1732350,35.5762639,129.1239705,3.109065174,45.7340841,-5.391965917
corridor_0,7584,7584,96,59,1147050,1732350,35.5762787,129.1228673,3.576937794,46.20195672,-4.924093297
corridor_0,7585,7585,95,59,1146950,1732350,35.5762936,129.1217641,3.953459858,46.57847878,-4.547571233
corridor_0,7586,7586,94,59,1146850,1732350,35.5763084,129.1206609,4.415789723,47.04080865,-4.085241368
corridor_0,7587,7587,93,59,1146750,1732350,35.5763232,129.1195577,4.752349018,47.37736794,-3.748682073
corridor_0,7588,7588,92,59,1146650,1732350,35.5763381,129.1184544,5.168864369,47.79388329,-3.332166722
corridor_0,7589,7589,91,59,1146550,1732350,35.5763529,129.1173512,5.585936665,48.21095559,-2.915094426
corridor_0,7590,7590,90,59,1146450,1732350,35.5763677,129.116248,6.057112812,48.68213174,-2.443918279
corridor_0,7591,7591,89,59,1146350,1732350,35.5763825,129.1151448,6.538096546,49.16311547,-1.962934545
corridor_0,7592,7592,88,59,1146250,1732350,35.5763973,129.1140415,6.966036915,49.59105584,-1.534994176
corridor_0,7593,7593,87,59,1146150,1732350,35.576412,129.1129383,7.495150684,50.12016961,-1.005880406
corridor_0,7594,7594,86,59,1146050,1732350,35.5764268,129.1118351,8.020888447,50.64590737,-0.480142644
corridor_0,7595,7595,85,59,1145950,1732350,35.5764415,129.1107319,8.55606377,51.18108269,0.05503268
corridor_0,7596,7596,84,59,1145850,1732350,35.5764563,129.1096286,9.086272358,51.71129128,0.585241267
corridor_0,7597,7597,83,59,1145750,1732350,35.576471,129.1085254,9.570635914,52.19565484,1.069604823
corridor_0,7598,7598,82,59,1145650,1732350,35.5764857,129.1074222,10.04905999,52.67407891,1.548028895
corridor_0,7599,7599,81,59,1145550,1732350,35.5765004,129.1063189,10.56849968,53.19351861,2.067468593
corridor_0,7600,7600,80,59,1145450,1732350,35.5765151,129.1052157,10.95893776,53.58395669,2.457906672
corridor_0,7601,7601,79,59,1145350,1732350,35.5765298,129.1041125,11.29126274,53.91628167,2.790231654
corridor_0,7602,7602,78,59,1145250,1732350,35.5765445,129.1030092,11.46506035,54.09007928,2.964029262
corridor_0,7603,7603,77,59,1145150,1732350,35.5765592,129.101906,11.46553337,54.0905523,2.964502284
corridor_0,7604,7604,76,59,1145050,1732350,35.5765738,129.1008028,11.31952965,53.94454858,2.818498561
corridor_0,7605,7605,75,59,1144950,1732350,35.5765885,129.0996995,11.13756859,53.76258752,2.636537501
corridor_0,7606,7606,74,59,1144850,1732350,35.5766031,129.0985963,10.97074425,53.59576318,2.469713161
corridor_0,7607,7607,73,59,1144750,1732350,35.5766177,129.0974931,10.86961663,53.49463555,2.368585536
corridor_0,7608,7608,72,59,1144650,1732350,35.5766324,129.0963898,10.89366066,53.51867959,2.392629573
corridor_0,7609,7609,71,59,1144550,1732350,35.576647,129.0952866,11.01125252,53.63627145,2.510221431
corridor_0,7610,7610,70,59,1144450,1732350,35.5766616,129.0941833,11.17066109,53.79568002,2.66963
corridor_0,7611,7611,69,59,1144350,1732350,35.5766762,129.0930801,11.44137108,54.06639001,2.940339992
corridor_0,7612,7612,68,59,1144250,1732350,35.5766907,129.0919769,11.74897301,54.37399194,3.24794192
corridor_0,7613,7613,67,59,1144150,1732350,35.5767053,129.0908736,12.0055877,54.63060662,3.504556605
corridor_0,7614,7614,66,59,1144050,1732350,35.5767199,129.0897704,12.19902337,54.82404229,3.697992274
corridor_0,7615,7615,65,59,1143950,1732350,35.5767344,129.0886671,12.22904885,54.85406777,3.728017756
corridor_0,7616,7616,64,59,1143850,1732350,35.576749,129.0875639,12.16493523,54.78995415,3.66390414
corridor_0,7617,7617,63,59,1143750,1732350,35.5767635,129.0864606,11.98964608,54.614665,3.488614985
corridor_0,7618,7618,62,59,1143650,1732350,35.576778,129.0853574,11.71415245,54.33917138,3.213121364
corridor_0,7619,7619,61,59,1143550,1732350,35.5767925,129.0842541,11.39422905,54.01924798,2.893197963
corridor_0,7620,7620,60,59,1143450,1732350,35.576807,129.0831509,11.07096398,53.6959829,2.569932887
corridor_0,7621,7621,59,59,1143350,1732350,35.5768215,129.0820476,10.72214043,53.34715936,2.22110934
corridor_0,7622,7622,58,59,1143250,1732350,35.576836,129.0809444,10.25894463,52.88396355,1.757913539
corridor_0,7623,7623,57,59,1143150,1732350,35.5768504,129.0798411,9.687453388,52.31247231,1.186422297
corridor_0,7624,7624,56,59,1143050,1732350,35.5768649,129.0787379,9.301966786,51.92698571,0.800935695
corridor_0,7625,7625,55,59,1142950,1732350,35.5768793,129.0776346,8.779452442,51.40447137,0.278421351
corridor_0,7626,7626,54,59,1142850,1732350,35.5768938,129.0765314,8.420722126,51.04574105,-0.080308965
corridor_0,7627,7627,53,59,1142750,1732350,35.5769082,129.0754281,8.079054951,50.70407388,-0.42197614
corridor_0,7628,7628,52,59,1142650,1732350,35.5769226,129.0743249,7.839491963,50.46451089,-0.661539128
corridor_0,7629,7629,51,59,1142550,1732350,35.576937,129.0732216,7.518401264,50.14342019,-0.982629827
corridor_0,7630,7630,50,59,1142450,1732350,35.5769514,129.0721184,7.220698475,49.8457174,-1.280332616
corridor_0,7631,7631,49,59,1142350,1732350,35.5769658,129.0710151,6.912642597,49.53766152,-1.588388494
corridor_0,7632,7632,48,59,1142250,1732350,35.5769802,129.0699118,6.588908314,49.21392724,-1.912122777
corridor_0,7633,7633,47,59,1142150,1732350,35.5769946,129.0688086,6.143416523,48.76843545,-2.357614568
corridor_0,7634,7634,46,59,1142050,1732350,35.5770089,129.0677053,5.341418385,47.96643731,-3.159612706
corridor_0,7635,7635,45,59,1141950,1732350,35.5770233,129.0666021,4.85729134,47.48231026,-3.643739751
corridor_0,7636,7636,44,59,1141850,1732350,35.5770376,129.0654988,4.271113514,46.89613244,-4.229917577
corridor_0,7637,7637,43,59,1141750,1732350,35.5770519,129.0643955,3.66405785,46.28907677,-4.836973241
corridor_0,7638,7638,42,59,1141650,1732350,35.5770662,129.0632923,2.891127705,45.51614663,-5.609903386
corridor_0,7639,7639,41,59,1141550,1732350,35.5770806,129.062189,2.220210194,44.84522912,-6.280820897
corridor_0,7640,7640,40,59,1141450,1732350,35.5770948,129.0610858,1.372462391,43.99748132,-7.1285687
corridor_0,7641,7641,39,59,1141350,1732350,35.5771091,129.0599825,0.223227619,42.84824654,-8.277803472
corridor_0,7642,7642,38,59,1141250,1732350,35.5771234,129.0588792,-1.010926128,41.6140928,-9.511957219
corridor_0,7643,7643,37,59,1141150,1732350,35.5771377,129.057776,-1.794884563,40.83013436,-10.29591565
corridor_0,7644,7644,36,59,1141050,1732350,35.5771519,129.0566727,-2.392788769,40.23223016,-10.89381986
corridor_0,7645,7645,35,59,1140950,1732350,35.5771662,129.0555694,-3.360531689,39.26448724,-11.86156278
corridor_0,7646,7646,34,59,1140850,1732350,35.5771804,129.0544662,-5.053219677,37.57179925,-13.55425077
corridor_0,7647,7647,33,59,1140750,1732350,35.5771946,129.0533629,-7.648575664,34.97644326,-16.14960676
corridor_0,7648,7648,32,59,1140650,1732350,35.5772089,129.0522596,-13.86537445,28.75964448,-22.36640554
corridor_0,7713,7713,32,60,1140650,1732450,35.5781102,129.052277,-7.670695187,34.95432374,-16.17172628
corridor_0,7714,7714,33,60,1140750,1732450,35.578096,129.0533803,-5.035527111,37.58949181,-13.5365582
corridor_0,7715,7715,34,60,1140850,1732450,35.5780817,129.0544836,-3.310944439,39.31407449,-11.81197553
corridor_0,7716,7716,35,60,1140950,1732450,35.5780675,129.0555869,-2.319054485,40.30596444,-10.82008558
corridor_0,7717,7717,36,60,1141050,1732450,35.5780533,129.0566901,-1.460766674,41.16425225,-9.961797765
corridor_0,7718,7718,37,60,1141150,1732450,35.578039,129.0577934,-0.701485516,41.92353341,-9.202516606
corridor_0,7719,7719,38,60,1141250,1732450,35.5780247,129.0588967,-0.191113354,42.43390557,-8.692144444
corridor_0,7720,7720,39,60,1141350,1732450,35.5780105,129.06,0.604384541,43.22940347,-7.89664655
corridor_0,7721,7721,40,60,1141450,1732450,35.5779962,129.0611032,1.698756336,44.32377526,-6.802274755
corridor_0,7722,7722,41,60,1141550,1732450,35.5779819,129.0622065,2.629904865,45.25492379,-5.871126225
corridor_0,7723,7723,42,60,1141650,1732450,35.5779676,129.0633098,3.335784077,45.960803,-5.165247014
corridor_0,7724,7724,43,60,1141750,1732450,35.5779533,129.0644131,4.054316639,46.67933556,-4.446714452
corridor_0,7725,7725,44,60,1141850,1732450,35.5779389,129.0655163,4.650431751,47.27545068,-3.850599339
corridor_0,7726,7726,45,60,1141950,1732450,35.5779246,129.0666196,5.140345692,47.76536462,-3.360685399
corridor_0,7727,7727,46,60,1142050,1732450,35.5779102,129.0677229,5.658461689,48.28348061,-2.842569402
corridor_0,7728,7728,47,60,1142150,1732450,35.5778959,129.0688262,6.441626667,49.06664559,-2.059404424
corridor_0,7729,7729,48,60,1142250,1732450,35.5778815,129.0699294,6.747637867,49.37265679,-1.753393224
corridor_0,7730,7730,49,60,1142350,1732450,35.5778671,129.0710327,7.042040943,49.66705987,-1.458990148
corridor_0,7731,7731,50,60,1142450,1732450,35.5778528,129.072136,7.33618462,49.96120354,-1.164846471
corridor_0,7732,7732,51,60,1142550,1732450,35.5778384,129.0732392,7.660239338,50.28525826,-0.840791753
corridor_0,7733,7733,52,60,1142650,1732450,35.5778239,129.0743425,7.92507851,50.55009743,-0.57595258
corridor_0,7734,7734,53,60,1142750,1732450,35.5778095,129.0754458,8.178588032,50.80360696,-0.322443059
corridor_0,7735,7735,54,60,1142850,1732450,35.5777951,129.076549,8.418368458,51.04338738,-0.082662633
corridor_0,7736,7736,55,60,1142950,1732450,35.5777807,129.0776523,8.658793568,51.28381249,0.157762477
corridor_0,7737,7737,56,60,1143050,1732450,35.5777662,129.0787556,8.951045155,51.57606408,0.450014064
corridor_0,7738,7738,57,60,1143150,1732450,35.5777518,129.0798588,9.425334095,52.05035302,0.924303004
corridor_0,7739,7739,58,60,1143250,1732450,35.5777373,129.0809621,9.935633778,52.5606527,1.434602687
corridor_0,7740,7740,59,60,1143350,1732450,35.5777228,129.0820654,10.53763115,53.16265008,2.036600062
corridor_0,7741,7741,60,60,1143450,1732450,35.5777083,129.0831686,10.8950187,53.52003762,2.393987605
corridor_0,7742,7742,61,60,1143550,1732450,35.5776938,129.0842719,11.21890175,53.84392068,2.717870662
corridor_0,7743,7743,62,60,1143650,1732450,35.5776793,129.0853751,11.55134499,54.17636391,3.050313899
corridor_0,7744,7744,63,60,1143750,1732450,35.5776648,129.0864784,11.85405648,54.4790754,3.353025386
corridor_0,7745,7745,64,60,1143850,1732450,35.5776503,129.0875817,12.08435738,54.7093763,3.583326289
corridor_0,7746,7746,65,60,1143950,1732450,35.5776357,129.0886849,12.20074379,54.82576272,3.699712703
corridor_0,7747,7747,66,60,1144050,1732450,35.5776212,129.0897882,12.2506057,54.87562463,3.749574611
corridor_0,7748,7748,67,60,1144150,1732450,35.5776066,129.0908914,12.07995903,54.70497796,3.578927943
corridor_0,7749,7749,68,60,1144250,1732450,35.5775921,129.0919947,11.83559716,54.46061608,3.334566066
corridor_0,7750,7750,69,60,1144350,1732450,35.5775775,129.0930979,11.54707253,54.17209145,3.046041438
corridor_0,7751,7751,70,60,1144450,1732450,35.5775629,129.0942012,11.28763115,53.91265008,2.786600062
corridor_0,7752,7752,71,60,1144550,1732450,35.5775483,129.0953045,11.04968178,53.67470071,2.548650691
corridor_0,7753,7753,72,60,1144650,1732450,35.5775337,129.0964077,10.88840783,53.51342675,2.387376735
corridor_0,7754,7754,73,60,1144750,1732450,35.5775191,129.097511,10.91569817,53.54071709,2.414667079
corridor_0,7755,7755,74,60,1144850,1732450,35.5775044,129.0986142,11.01329338,53.63831231,2.512262294
corridor_0,7756,7756,75,60,1144950,1732450,35.5774898,129.0997175,11.16714013,53.79215905,2.666109035
corridor_0,7757,7757,76,60,1145050,1732450,35.5774751,129.1008207,11.38214791,54.00716683,2.881116817
corridor_0,7758,7758,77,60,1145150,1732450,35.5774605,129.101924,11.4930259,54.11804482,2.991994807
corridor_0,7759,7759,78,60,1145250,1732450,35.5774458,129.1030272,11.49620736,54.12122628,2.995176265
corridor_0,7760,7760,79,60,1145350,1732450,35.5774311,129.1041304,11.3438369,53.96885583,2.842805812
corridor_0,7761,7761,80,60,1145450,1732450,35.5774164,129.1052337,11.01814186,53.64316079,2.517110774
corridor_0,7762,7762,81,60,1145550,1732450,35.5774017,129.1063369,10.67519295,53.30021188,2.17416186
corridor_0,7763,7763,82,60,1145650,1732450,35.577387,129.1074402,10.2964431,52.92146203,1.795412013
corridor_0,7764,7764,83,60,1145750,1732450,35.5773723,129.1085434,9.771819233,52.39683816,1.270788142
corridor_0,7765,7765,84,60,1145850,1732450,35.5773576,129.1096467,9.301787495,51.92680642,0.800756404
corridor_0,7766,7766,85,60,1145950,1732450,35.5773428,129.1107499,8.794177174,51.4191961,0.293146083
corridor_0,7767,7767,86,60,1146050,1732450,35.5773281,129.1118531,8.247927784,50.87294671,-0.253103307
corridor_0,7768,7768,87,60,1146150,1732450,35.5773133,129.1129564,7.695208668,50.32022759,-0.805822423
corridor_0,7769,7769,88,60,1146250,1732450,35.5772986,129.1140596,7.231280445,49.85629937,-1.269750646
corridor_0,7770,7770,89,60,1146350,1732450,35.5772838,129.1151629,6.771960377,49.3969793,-1.729070714
corridor_0,7771,7771,90,60,1146450,1732450,35.577269,129.1162661,6.297423481,48.92244241,-2.20360761
corridor_0,7772,7772,91,60,1146550,1732450,35.5772542,129.1173693,5.89483559,48.51985451,-2.6061955
corridor_0,7773,7773,92,60,1146650,1732450,35.5772394,129.1184726,5.501032948,48.12605187,-2.999998143
corridor_0,7774,7774,93,60,1146750,1732450,35.5772245,129.1195758,4.995577931,47.62059686,-3.50545316
corridor_0,7775,7775,94,60,1146850,1732450,35.5772097,129.120679,4.6614753,47.28649422,-3.839555791
corridor_0,7776,7776,95,60,1146950,1732450,35.5771949,129.1217823,4.285182118,46.91020104,-4.215848973
corridor_0,7777,7777,96,60,1147050,1732450,35.57718,129.1228855,3.839255451,46.46427438,-4.66177564
corridor_0,7778,7778,97,60,1147150,1732450,35.5771652,129.1239887,3.465865254,46.09088418,-5.035165837
corridor_0,7779,7779,98,60,1147250,1732450,35.5771503,129.125092,2.295333027,44.92035195,-6.205698064
corridor_0,7780,7780,99,60,1147350,1732450,35.5771354,129.1261952,1.7082206,44.33323952,-6.792810491
corridor_0,7781,7781,100,60,1147450,1732450,35.5771205,129.1272984,0.959101795,43.58412072,-7.541929296
corridor_0,7782,7782,101,60,1147550,1732450,35.5771056,129.1284017,-0.199963451,42.42505547,-8.700994542
corridor_0,7783,7783,102,60,1147650,1732450,35.5770907,129.1295049,-0.814679027,41.8103399,-9.315710118
corridor_0,7784,7784,103,60,1147750,1732450,35.5770758,129.1306081,-1.727814556,40.89720437,-10.22884565
corridor_0,7785,7785,104,60,1147850,1732450,35.5770608,129.1317113,-2.510411144,40.11460778,-11.01144223
corridor_0,7786,7786,105,60,1147950,1732450,35.5770459,129.1328146,-3.780964733,38.84405419,-12.28199582
corridor_0,7787,7787,106,60,1148050,1732450,35.5770309,129.1339178,-6.113776089,36.51124284,-14.61480718
corridor_0,7788,7788,107,60,1148150,1732450,35.577016,129.135021,-11.00073707,31.62428185,-19.50176816
corridor_0,7828,7828,108,61,1148250,1732550,35.5779023,129.1361426,-7.976784588,34.64823434,-16.47781568
corridor_0,7829,7829,107,61,1148150,1732550,35.5779173,129.1350393,-5.371773601,37.25324532,-13.87280469
corridor_0,7830,7830,106,61,1148050,1732550,35.5779322,129.1339361,-3.293297649,39.33172128,-11.79432874
corridor_0,7831,7831,105,61,1147950,1732550,35.5779472,129.1328329,-2.10118568,40.52383324,-10.60221677
corridor_0,7832,7832,104,61,1147850,1732550,35.5779621,129.1317296,-1.363846661,41.26117226,-9.864877751
corridor_0,7833,7833,103,61,1147750,1732550,35.5779771,129.1306264,-0.493603588,42.13141534,-8.994634679
corridor_0,7834,7834,102,61,1147650,1732550,35.577992,129.1295232,0.102889179,42.7279081,-8.398141912
corridor_0,7835,7835,101,61,1147550,1732550,35.5780069,129.1284199,0.798724293,43.42374322,-7.702306798
corridor_0,7836,7836,100,61,1147450,1732550,35.5780218,129.1273167,1.688841938,44.31386086,-6.812189153
corridor_0,7837,7837,99,61,1147350,1732550,35.5780367,129.1262134,2.371035694,44.99605462,-6.129995397
corridor_0,7838,7838,98,61,1147250,1732550,35.5780516,129.1251102,3.000010609,45.62502953,-5.501020482
corridor_0,7839,7839,97,61,1147150,1732550,35.5780665,129.1240069,3.829856037,46.45487496,-4.671175054
corridor_0,7840,7840,96,61,1147050,1732550,35.5780813,129.1229037,4.196368336,46.82138726,-4.304662755
corridor_0,7841,7841,95,61,1146950,1732550,35.5780962,129.1218005,4.564974903,47.18999383,-3.936056188
corridor_0,7842,7842,94,61,1146850,1732550,35.578111,129.1206972,4.935900806,47.56091973,-3.565130284
corridor_0,7843,7843,93,61,1146750,1732550,35.5781258,129.119594,5.376826405,48.00184533,-3.124204686
corridor_0,7844,7844,92,61,1146650,1732550,35.5781407,129.1184907,5.76883614,48.39385506,-2.732194951
corridor_0,7845,7845,91,61,1146550,1732550,35.5781555,129.1173875,6.187239765,48.81225869,-2.313791326
corridor_0,7846,7846,90,61,1146450,1732550,35.5781703,129.1162842,6.611907124,49.23692605,-1.889123967
corridor_0,7847,7847,89,61,1146350,1732550,35.5781851,129.115181,7.046771168,49.67179009,-1.454259923
corridor_0,7848,7848,88,61,1146250,1732550,35.5781999,129.1140777,7.477702259,50.10272118,-1.023328832
corridor_0,7849,7849,87,61,1146150,1732550,35.5782146,129.1129745,7.943896412,50.56891534,-0.557134679
corridor_0,7850,7850,86,61,1146050,1732550,35.5782294,129.1118712,8.614771961,51.23979089,0.11374087
corridor_0,7851,7851,85,61,1145950,1732550,35.5782441,129.110768,9.18881905,51.81383797,0.687787959
corridor_0,7852,7852,84,61,1145850,1732550,35.5782589,129.1096647,9.602931141,52.22795007,1.10190005
corridor_0,7853,7853,83,61,1145750,1732550,35.5782736,129.1085614,10.06046212,52.68548104,1.559431026
corridor_0,7854,7854,82,61,1145650,1732550,35.5782883,129.1074582,10.56002724,53.18504617,2.05899615
corridor_0,7855,7855,81,61,1145550,1732550,35.578303,129.1063549,10.86970436,53.49472329,2.368673274
corridor_0,7856,7856,80,61,1145450,1732550,35.5783177,129.1052517,11.21912682,53.84414574,2.718095729
corridor_0,7857,7857,79,61,1145350,1732550,35.5783324,129.1041484,11.47503197,54.1000509,2.97400088
corridor_0,7858,7858,78,61,1145250,1732550,35.5783471,129.1030452,11.6137687,54.23878762,3.112737605
corridor_0,7859,7859,77,61,1145150,1732550,35.5783618,129.1019419,11.56403649,54.18905541,3.063005397
corridor_0,7860,7860,76,61,1145050,1732550,35.5783764,129.1008386,11.42578041,54.05079934,2.924749324
corridor_0,7861,7861,75,61,1144950,1732550,35.5783911,129.0997354,11.20859063,53.83360955,2.707559535
corridor_0,7862,7862,74,61,1144850,1732550,35.5784057,129.0986321,10.98900902,53.61402795,2.487977931
corridor_0,7863,7863,73,61,1144750,1732550,35.5784204,129.0975289,10.92542946,53.55044839,2.424398372
corridor_0,7864,7864,72,61,1144650,1732550,35.578435,129.0964256,10.92893135,53.55395028,2.427900264
corridor_0,7865,7865,71,61,1144550,1732550,35.5784496,129.0953223,11.04068291,53.66570184,2.53965182
corridor_0,7866,7866,70,61,1144450,1732550,35.5784642,129.0942191,11.31364357,53.9386625,2.812612483
corridor_0,7867,7867,69,61,1144350,1732550,35.5784788,129.0931158,11.6399833,54.26500222,3.138952205
corridor_0,7868,7868,68,61,1144250,1732550,35.5784934,129.0920125,11.9079467,54.53296563,3.406915614
corridor_0,7869,7869,67,61,1144150,1732550,35.5785079,129.0909093,12.18587792,54.81089684,3.684846828
corridor_0,7870,7870,66,61,1144050,1732550,35.5785225,129.089806,12.35816872,54.98318764,3.85713763
corridor_0,7871,7871,65,61,1143950,1732550,35.578537,129.0887027,12.31544411,54.94046304,3.81441302
corridor_0,7872,7872,64,61,1143850,1732550,35.5785516,129.0875995,12.16867363,54.79369256,3.667642543
corridor_0,7873,7873,63,61,1143750,1732550,35.5785661,129.0864962,11.91231835,54.53733727,3.411287257
corridor_0,7874,7874,62,61,1143650,1732550,35.5785806,129.0853929,11.57005989,54.19507882,3.069028804
corridor_0,7875,7875,61,61,1143550,1732550,35.5785951,129.0842896,11.18868554,53.81370446,2.687654445
corridor_0,7876,7876,60,61,1143450,1732550,35.5786096,129.0831864,10.70989907,53.33491799,2.208867976
corridor_0,7877,7877,59,61,1143350,1732550,35.5786241,129.0820831,10.30816185,52.93318078,1.807130763
corridor_0,7878,7878,58,61,1143250,1732550,35.5786386,129.0809798,9.531802296,52.15682122,1.030771205
corridor_0,7879,7879,57,61,1143150,1732550,35.5786531,129.0798765,9.203009724,51.82802865,0.701978633
corridor_0,7880,7880,56,61,1143050,1732550,35.5786675,129.0787733,8.940280079,51.565299,0.439248988
corridor_0,7881,7881,55,61,1142950,1732550,35.578682,129.07767,8.713019489,51.33803841,0.211988399
corridor_0,7882,7882,54,61,1142850,1732550,35.5786964,129.0765667,8.464289784,51.08930871,-0.036741307
corridor_0,7883,7883,53,61,1142750,1732550,35.5787108,129.0754634,8.237509846,50.86252877,-0.263521245
corridor_0,7884,7884,52,61,1142650,1732550,35.5787253,129.0743602,8.019007801,50.64402673,-0.48202329
corridor_0,7885,7885,51,61,1142550,1732550,35.5787397,129.0732569,7.808890461,50.43390939,-0.69214063
corridor_0,7886,7886,50,61,1142450,1732550,35.5787541,129.0721536,7.543807148,50.16882607,-0.957223943
corridor_0,7887,7887,49,61,1142350,1732550,35.5787685,129.0710503,7.264788746,49.88980767,-1.236242345
corridor_0,7888,7888,48,61,1142250,1732550,35.5787828,129.069947,6.989577412,49.61459634,-1.511453679
corridor_0,7889,7889,47,61,1142150,1732550,35.5787972,129.0688437,6.742877125,49.36789605,-1.758153966
corridor_0,7890,7890,46,61,1142050,1732550,35.5788116,129.0677405,6.015280842,48.64029977,-2.485750249
corridor_0,7891,7891,45,61,1141950,1732550,35.5788259,129.0666372,5.478301167,48.10332009,-3.022729924
corridor_0,7892,7892,44,61,1141850,1732550,35.5788402,129.0655339,4.957205891,47.58222482,-3.5438252
corridor_0,7893,7893,43,61,1141750,1732550,35.5788546,129.0644306,4.433016895,47.05803582,-4.068014195
corridor_0,7894,7894,42,61,1141650,1732550,35.5788689,129.0633273,3.742259144,46.36727807,-4.758771947
corridor_0,7895,7895,41,61,1141550,1732550,35.5788832,129.062224,2.968115925,45.59313485,-5.532915166
corridor_0,7896,7896,40,61,1141450,1732550,35.5788975,129.0611207,1.973925709,44.59894463,-6.527105382
corridor_0,7897,7897,39,61,1141350,1732550,35.5789118,129.0600175,1.175044178,43.8000631,-7.325986913
corridor_0,7898,7898,38,61,1141250,1732550,35.5789261,129.0589142,0.558268665,43.18328759,-7.942762425
corridor_0,7899,7899,37,61,1141150,1732550,35.5789403,129.0578109,0.063918232,42.68893716,-8.437112859
corridor_0,7900,7900,36,61,1141050,1732550,35.5789546,129.0567076,-0.633446575,41.99157235,-9.134477666
corridor_0,7901,7901,35,61,1140950,1732550,35.5789688,129.0556043,-1.671681286,40.95333764,-10.17271238
corridor_0,7902,7902,34,61,1140850,1732550,35.5789831,129.054501,-2.298657299,40.32636163,-10.79968839
corridor_0,7903,7903,33,61,1140750,1732550,35.5789973,129.0533977,-3.31823814,39.30678078,-11.81926923
corridor_0,7904,7904,32,61,1140650,1732550,35.5790115,129.0522944,-4.537987591,38.08703133,-13.03901868
corridor_0,7905,7905,31,61,1140550,1732550,35.5790257,129.0511911,-7.741930843,34.88308808,-16.24296193
corridor_0,7967,7967,30,62,1140450,1732650,35.5799412,129.0501052,-10.80095756,31.82406136,-19.30198865
corridor_0,7968,7968,31,62,1140550,1732650,35.579927,129.0512085,-5.142006756,37.48301217,-13.64303785
corridor_0,7969,7969,32,62,1140650,1732650,35.5799128,129.0523118,-3.378071667,39.24694726,-11.87910276
corridor_0,7970,7970,33,62,1140750,1732650,35.5798986,129.0534151,-2.344990612,40.28002831,-10.8460217
corridor_0,7971,7971,34,62,1140850,1732650,35.5798844,129.0545184,-1.431416393,41.19360253,-9.932447484
corridor_0,7972,7972,35,62,1140950,1732650,35.5798702,129.0556217,-0.835934521,41.7890844,-9.336965611
corridor_0,7973,7973,36,62,1141050,1732650,35.5798559,129.056725,-0.069195629,42.5558233,-8.57022672
corridor_0,7974,7974,37,62,1141150,1732650,35.5798416,129.0578283,0.776385426,43.40140435,-7.724645665
corridor_0,7975,7975,38,62,1141250,1732650,35.5798274,129.0589316,1.264659046,43.88967797,-7.236372045
corridor_0,7976,7976,39,62,1141350,1732650,35.5798131,129.0600349,1.858901142,44.48392007,-6.642129949
corridor_0,7977,7977,40,62,1141450,1732650,35.5797988,129.0611382,2.310607075,44.935626,-6.190424016
corridor_0,7978,7978,41,62,1141550,1732650,35.5797845,129.0622415,3.200167774,45.8251867,-5.300863317
corridor_0,7979,7979,42,62,1141650,1732650,35.5797702,129.0633448,4.119288563,46.74430749,-4.381742528
corridor_0,7980,7980,43,62,1141750,1732650,35.5797559,129.0644481,4.806944965,47.43196389,-3.694086125
corridor_0,7981,7981,44,62,1141850,1732650,35.5797416,129.0655514,5.373145222,47.99816415,-3.127885869
corridor_0,7982,7982,45,62,1141950,1732650,35.5797272,129.0666547,5.871985554,48.49700448,-2.629045537
corridor_0,7983,7983,46,62,1142050,1732650,35.5797129,129.067758,6.376143574,49.0011625,-2.124887517
corridor_0,7984,7984,47,62,1142150,1732650,35.5796985,129.0688613,7.020285725,49.64530465,-1.480745366
corridor_0,7985,7985,48,62,1142250,1732650,35.5796842,129.0699646,7.244177937,49.86919686,-1.256853154
corridor_0,7986,7986,49,62,1142350,1732650,35.5796698,129.0710679,7.524180531,50.14919946,-0.97685056
corridor_0,7987,7987,50,62,1142450,1732650,35.5796554,129.0721712,7.758502125,50.38352105,-0.742528966
corridor_0,7988,7988,51,62,1142550,1732650,35.579641,129.0732745,7.968630909,50.59364983,-0.532400182
corridor_0,7989,7989,52,62,1142650,1732650,35.5796266,129.0743778,8.168814777,50.7938337,-0.332216313
corridor_0,7990,7990,53,62,1142750,1732650,35.5796122,129.0754811,8.379214405,51.00423333,-0.121816686
corridor_0,7991,7991,54,62,1142850,1732650,35.5795977,129.0765844,8.623564838,51.24858376,0.122533748
corridor_0,7992,7992,55,62,1142950,1732650,35.5795833,129.0776877,8.80871117,51.43373009,0.307680079
corridor_0,7993,7993,56,62,1143050,1732650,35.5795688,129.078791,9.049460529,51.67447945,0.548429439
corridor_0,7994,7994,57,62,1143150,1732650,35.5795544,129.0798942,10.27813637,52.9031553,1.777105281
corridor_0,7995,7995,58,62,1143250,1732650,35.5795399,129.0809975,10.56221306,53.18723199,2.061181972
corridor_0,7996,7996,59,62,1143350,1732650,35.5795254,129.0821008,11.01753533,53.64255425,2.516504237
corridor_0,7997,7997,60,62,1143450,1732650,35.5795109,129.0832041,11.45754158,54.08256051,2.956510493
corridor_0,7998,7998,61,62,1143550,1732650,35.5794964,129.0843074,11.85903084,54.48404977,3.357999751
corridor_0,7999,7999,62,62,1143650,1732650,35.5794819,129.0854107,12.18212807,54.807147,3.68109698
corridor_0,8000,8000,63,62,1143750,1732650,35.5794674,129.086514,12.44954598,55.0745649,3.948514888
corridor_0,8001,8001,64,62,1143850,1732650,35.5794529,129.0876172,12.68748772,55.31250665,4.18645663
corridor_0,8002,8002,65,62,1143950,1732650,35.5794383,129.0887205,12.81407845,55.43909737,4.313047359
corridor_0,8003,8003,66,62,1144050,1732650,35.5794238,129.0898238,12.82960045,55.45461938,4.328569362
corridor_0,8004,8004,67,62,1144150,1732650,35.5794092,129.0909271,12.72740853,55.35242745,4.226377437
corridor_0,8005,8005,68,62,1144250,1732650,35.5793947,129.0920304,12.46358788,55.0886068,3.962556788
corridor_0,8006,8006,69,62,1144350,1732650,35.5793801,129.0931337,11.66541588,54.29043481,3.164384791
corridor_0,8007,8007,70,62,1144450,1732650,35.5793655,129.0942369,11.34266198,53.9676809,2.841630885
corridor_0,8008,8008,71,62,1144550,1732650,35.5793509,129.0953402,11.08166802,53.70668694,2.580636928
corridor_0,8009,8009,72,62,1144650,1732650,35.5793363,129.0964435,10.95581353,53.58083245,2.454782435
corridor_0,8010,8010,73,62,1144750,1732650,35.5793217,129.0975468,10.90873635,53.53375527,2.407705256
corridor_0,8011,8011,74,62,1144850,1732650,35.579307,129.09865,11.00768196,53.63270089,2.506650874
corridor_0,8012,8012,75,62,1144950,1732650,35.5792924,129.0997533,11.19365227,53.8186712,2.692621181
corridor_0,8013,8013,76,62,1145050,1732650,35.5792777,129.1008566,11.52696526,54.15198418,3.025934169
corridor_0,8014,8014,77,62,1145150,1732650,35.5792631,129.1019599,11.65093148,54.2759504,3.149900386
corridor_0,8015,8015,78,62,1145250,1732650,35.5792484,129.1030631,11.64483178,54.2698507,3.143800685
corridor_0,8016,8016,79,62,1145350,1732650,35.5792337,129.1041664,11.57266152,54.19768044,3.071630427
corridor_0,8017,8017,80,62,1145450,1732650,35.579219,129.1052697,11.39967263,54.02469155,2.898641536
corridor_0,8018,8018,81,62,1145550,1732650,35.5792043,129.1063729,11.12642205,53.75144097,2.625390956
corridor_0,8019,8019,82,62,1145650,1732650,35.5791896,129.1074762,10.89483941,53.51985833,2.393808314
corridor_0,8020,8020,83,62,1145750,1732650,35.5791749,129.1085795,10.59096444,53.21598336,2.089933345
corridor_0,8021,8021,84,62,1145850,1732650,35.5791602,129.1096827,9.939170002,52.56418893,1.438138911
corridor_0,8022,8022,85,62,1145950,1732650,35.5791454,129.110786,9.427996754,52.05301568,0.926965663
corridor_0,8023,8023,86,62,1146050,1732650,35.5791307,129.1118893,8.840262531,51.46528146,0.339231441
corridor_0,8024,8024,87,62,1146150,1732650,35.5791159,129.1129925,8.213435291,50.83845422,-0.287595799
corridor_0,8025,8025,88,62,1146250,1732650,35.5791011,129.1140958,7.790442585,50.41546151,-0.710588506
corridor_0,8026,8026,89,62,1146350,1732650,35.5790864,129.1151991,7.359469532,49.98448846,-1.141561559
corridor_0,8027,8027,90,62,1146450,1732650,35.5790716,129.1163023,6.923548817,49.54856774,-1.577482274
corridor_0,8028,8028,91,62,1146550,1732650,35.5790568,129.1174056,6.491271137,49.11629006,-2.009759954
corridor_0,8029,8029,92,62,1146650,1732650,35.579042,129.1185089,6.117533802,48.74255273,-2.383497289
corridor_0,8030,8030,93,62,1146750,1732650,35.5790271,129.1196121,5.688300251,48.31331918,-2.81273084
corridor_0,8031,8031,94,62,1146850,1732650,35.5790123,129.1207154,5.290896534,47.91591546,-3.210134557
corridor_0,8032,8032,95,62,1146950,1732650,35.5789975,129.1218186,4.864424824,47.48944375,-3.636606267
corridor_0,8033,8033,96,62,1147050,1732650,35.5789826,129.1229219,4.556494831,47.18151376,-3.94453626
corridor_0,8034,8034,97,62,1147150,1732650,35.5789677,129.1240251,4.131907581,46.75692651,-4.369123509
corridor_0,8035,8035,98,62,1147250,1732650,35.5789529,129.1251284,3.339182972,45.9642019,-5.161848119
corridor_0,8036,8036,99,62,1147350,1732650,35.578938,129.1262317,2.81779015,45.44280907,-5.683240941
corridor_0,8037,8037,100,62,1147450,1732650,35.5789231,129.1273349,2.264262318,44.88928124,-6.236768773
corridor_0,8038,8038,101,62,1147550,1732650,35.5789082,129.1284382,1.676406025,44.30142495,-6.824625066
corridor_0,8039,8039,102,62,1147650,1732650,35.5788933,129.1295414,0.924910664,43.54992959,-7.576120427
corridor_0,8040,8040,103,62,1147750,1732650,35.5788784,129.1306447,0.223815083,42.84883401,-8.277216008
corridor_0,8041,8041,104,62,1147850,1732650,35.5788634,129.1317479,-0.383843304,42.24117562,-8.884874394
corridor_0,8042,8042,105,62,1147950,1732650,35.5788485,129.1328512,-1.038739086,41.58627984,-9.539770177
corridor_0,8043,8043,106,62,1148050,1732650,35.5788335,129.1339544,-2.014572979,40.61044595,-10.51560407
corridor_0,8044,8044,107,62,1148150,1732650,35.5788186,129.1350577,-3.220559002,39.40445992,-11.72159009
corridor_0,8045,8045,108,62,1148250,1732650,35.5788036,129.1361609,-4.778283001,37.84673592,-13.27931409
corridor_0,8046,8046,109,62,1148350,1732650,35.5787886,129.1372642,-6.991551281,35.63346764,-15.49258237
corridor_0,8082,8082,110,63,1148450,1732750,35.5796749,129.1383858,-6.976700664,35.64831826,-15.47773176
corridor_0,8083,8083,109,63,1148350,1732750,35.5796899,129.1372825,-4.273362041,38.35165688,-12.77439313
corridor_0,8084,8084,108,63,1148250,1732750,35.5797049,129.1361792,-2.845196606,39.77982232,-11.3462277
corridor_0,8085,8085,107,63,1148150,1732750,35.5797199,129.135076,-1.705574871,40.91944405,-10.20660596
corridor_0,8086,8086,106,63,1148050,1732750,35.5797348,129.1339727,-0.968575359,41.65644357,-9.46960645
corridor_0,8087,8087,105,63,1147950,1732750,35.5797498,129.1328695,-0.295857311,42.32916161,-8.796888402
corridor_0,8088,8088,104,63,1147850,1732750,35.5797647,129.1317662,0.476058125,43.10107705,-8.024972966
corridor_0,8089,8089,103,63,1147750,1732750,35.5797797,129.1306629,1.029738545,43.65475747,-7.471292546
corridor_0,8090,8090,102,63,1147650,1732750,35.5797946,129.1295597,1.43049538,44.05551431,-7.07053571
corridor_0,8091,8091,101,63,1147550,1732750,35.5798095,129.1284564,2.25780785,44.88282677,-6.243223241
corridor_0,8092,8092,100,63,1147450,1732750,35.5798244,129.1273531,2.818045734,45.44306466,-5.682985356
corridor_0,8093,8093,99,63,1147350,1732750,35.5798393,129.1262499,3.270659565,45.89567849,-5.230371526
corridor_0,8094,8094,98,63,1147250,1732750,35.5798542,129.1251466,3.778578877,46.4035978,-4.722452214
corridor_0,8095,8095,97,63,1147150,1732750,35.579869,129.1240433,4.458827137,47.08384606,-4.042203954
corridor_0,8096,8096,96,63,1147050,1732750,35.5798839,129.1229401,4.879897236,47.50491616,-3.621133855
corridor_0,8097,8097,95,63,1146950,1732750,35.5798988,129.1218368,5.292723774,47.9177427,-3.208307317
corridor_0,8098,8098,94,63,1146850,1732750,35.5799136,129.1207335,5.620371937,48.24539086,-2.880659154
corridor_0,8099,8099,93,63,1146750,1732750,35.5799284,129.1196303,6.050181507,48.67520043,-2.450849584
corridor_0,8100,8100,92,63,1146650,1732750,35.5799433,129.118527,6.473013996,49.09803292,-2.028017095
corridor_0,8101,8101,91,63,1146550,1732750,35.5799581,129.1174237,6.889975666,49.51499459,-1.611055425
corridor_0,8102,8102,90,63,1146450,1732750,35.5799729,129.1163204,7.28099358,49.9060125,-1.220037511
corridor_0,8103,8103,89,63,1146350,1732750,35.5799877,129.1152172,7.691779255,50.31679818,-0.809251836
corridor_0,8104,8104,88,63,1146250,1732750,35.5800024,129.1141139,8.12367165,50.74869057,-0.377359441
corridor_0,8105,8105,87,63,1146150,1732750,35.5800172,129.1130106,8.55223,51.17724892,0.051198909
corridor_0,8106,8106,86,63,1146050,1732750,35.580032,129.1119073,9.111437916,51.73645684,0.610406825
corridor_0,8107,8107,85,63,1145950,1732750,35.5800467,129.1108041,9.730765461,52.35578439,1.22973437
corridor_0,8108,8108,84,63,1145850,1732750,35.5800615,129.1097008,10.33088982,52.95590874,1.829858729
corridor_0,8109,8109,83,63,1145750,1732750,35.5800762,129.1085975,10.8563987,53.48141763,2.35536761
corridor_0,8110,8110,82,63,1145650,1732750,35.5800909,129.1074942,11.09725487,53.7222738,2.596223781
corridor_0,8111,8111,81,63,1145550,1732750,35.5801056,129.1063909,11.34399331,53.96901223,2.842962214
corridor_0,8112,8112,80,63,1145450,1732750,35.5801203,129.1052877,11.54391777,54.1689367,3.042886683
corridor_0,8113,8113,79,63,1145350,1732750,35.580135,129.1041844,11.64828026,54.27329919,3.147249171
corridor_0,8114,8114,78,63,1145250,1732750,35.5801497,129.1030811,11.65642083,54.28143975,3.155389735
corridor_0,8115,8115,77,63,1145150,1732750,35.5801644,129.1019778,11.70694268,54.3319616,3.205911586
corridor_0,8116,8116,76,63,1145050,1732750,35.5801791,129.1008745,11.42871392,54.05373284,2.927682826
corridor_0,8117,8117,75,63,1144950,1732750,35.5801937,129.0997712,11.1569854,53.78200433,2.65595431
corridor_0,8118,8118,74,63,1144850,1732750,35.5802083,129.098668,10.94782936,53.57284829,2.446798274
corridor_0,8119,8119,73,63,1144750,1732750,35.580223,129.0975647,10.9056617,53.53068063,2.40463061
corridor_0,8120,8120,72,63,1144650,1732750,35.5802376,129.0964614,10.95941842,53.58443734,2.458387324
corridor_0,8121,8121,71,63,1144550,1732750,35.5802522,129.0953581,11.13049614,53.75551507,2.629465053
corridor_0,8122,8122,70,63,1144450,1732750,35.5802668,129.0942548,11.95199883,54.57701775,3.450967738
corridor_0,8123,8123,69,63,1144350,1732750,35.5802814,129.0931515,12.22018349,54.84520242,3.7191524
corridor_0,8124,8124,68,63,1144250,1732750,35.580296,129.0920482,12.54278099,55.16779992,4.041749904
corridor_0,8125,8125,67,63,1144150,1732750,35.5803105,129.0909449,12.78837502,55.41339394,4.287343928
corridor_0,8126,8126,66,63,1144050,1732750,35.5803251,129.0898416,12.88630974,55.51132867,4.385278651
corridor_0,8127,8127,65,63,1143950,1732750,35.5803397,129.0887383,12.88559639,55.51061532,4.384565303
corridor_0,8128,8128,64,63,1143850,1732750,35.5803542,129.087635,12.71478951,55.33980843,4.213758418
corridor_0,8129,8129,63,63,1143750,1732750,35.5803687,129.0865317,12.51077187,55.13579079,4.009740779
corridor_0,8130,8130,62,63,1143650,1732750,35.5803832,129.0854284,12.2563163,54.88133523,3.755285213
corridor_0,8131,8131,61,63,1143550,1732750,35.5803978,129.0843252,11.92112648,54.54614541,3.420095393
corridor_0,8132,8132,60,63,1143450,1732750,35.5804123,129.0832219,11.61444008,54.23945901,3.113408992
corridor_0,8133,8133,59,63,1143350,1732750,35.5804267,129.0821186,11.2172004,53.84221932,2.716169307
corridor_0,8134,8134,58,63,1143250,1732750,35.5804412,129.0810153,10.88339531,53.50841424,2.382364223
corridor_0,8135,8135,57,63,1143150,1732750,35.5804557,129.079912,10.69309151,53.31811044,2.19206042
corridor_0,8136,8136,56,63,1143050,1732750,35.5804702,129.0788087,10.43626702,53.06128594,1.935235927
corridor_0,8137,8137,55,63,1142950,1732750,35.5804846,129.0777054,10.17593682,52.80095574,1.674905726
corridor_0,8138,8138,54,63,1142850,1732750,35.580499,129.076602,9.825568317,52.45058724,1.324537227
corridor_0,8139,8139,53,63,1142750,1732750,35.5805135,129.0754987,8.557398914,51.18241784,0.056367824
corridor_0,8140,8140,52,63,1142650,1732750,35.5805279,129.0743954,8.377398609,51.00241753,-0.123632482
corridor_0,8141,8141,51,63,1142550,1732750,35.5805423,129.0732921,8.217425465,50.84244439,-0.283605626
corridor_0,8142,8142,50,63,1142450,1732750,35.5805567,129.0721888,8.021357655,50.64637658,-0.479673436
corridor_0,8143,8143,49,63,1142350,1732750,35.5805711,129.0710855,7.845427631,50.47044656,-0.655603459
corridor_0,8144,8144,48,63,1142250,1732750,35.5805855,129.0699822,7.630972981,50.25599191,-0.87005811
corridor_0,8145,8145,47,63,1142150,1732750,35.5805998,129.0688789,7.378123402,50.00314233,-1.122907689
corridor_0,8146,8146,46,63,1142050,1732750,35.5806142,129.0677756,6.854479908,49.47949883,-1.646551183
corridor_0,8147,8147,45,63,1141950,1732750,35.5806285,129.0666723,6.28452599,48.90954491,-2.216505101
corridor_0,8148,8148,44,63,1141850,1732750,35.5806429,129.065569,5.783179401,48.40819833,-2.717851689
corridor_0,8149,8149,43,63,1141750,1732750,35.5806572,129.0644657,5.223605274,47.8486242,-3.277425817
corridor_0,8150,8150,42,63,1141650,1732750,35.5806715,129.0633624,4.35905373,46.98407265,-4.141977361
corridor_0,8151,8151,41,63,1141550,1732750,35.5806858,129.062259,3.585612415,46.21063134,-4.915418675
corridor_0,8152,8152,40,63,1141450,1732750,35.5807001,129.0611557,2.976412891,45.60143182,-5.524618199
corridor_0,8153,8153,39,63,1141350,1732750,35.5807144,129.0600524,2.511736988,45.13675591,-5.989294103
corridor_0,8154,8154,38,63,1141250,1732750,35.5807287,129.0589491,1.922606587,44.54762551,-6.578424504
corridor_0,8155,8155,37,63,1141150,1732750,35.580743,129.0578458,1.30222237,43.92724129,-7.198808721
corridor_0,8156,8156,36,63,1141050,1732750,35.5807572,129.0567425,0.626204609,43.25122353,-7.874826482
corridor_0,8157,8157,35,63,1140950,1732750,35.5807715,129.0556392,-0.099911571,42.52510735,-8.600942662
corridor_0,8158,8158,34,63,1140850,1732750,35.5807857,129.0545358,-0.680645824,41.9443731,-9.181676915
corridor_0,8159,8159,33,63,1140750,1732750,35.5807999,129.0534325,-1.769131542,40.85588738,-10.27016263
corridor_0,8160,8160,32,63,1140650,1732750,35.5808142,129.0523292,-2.734448315,39.89057061,-11.23547941
corridor_0,8161,8161,31,63,1140550,1732750,35.5808284,129.0512259,-3.862484814,38.76253411,-12.3635159
corridor_0,8162,8162,30,63,1140450,1732750,35.5808426,129.0501226,-5.246376873,37.37864205,-13.74740796
corridor_0,8222,8222,29,64,1140350,1732850,35.5817581,129.0490366,-6.825047375,35.79997155,-15.32607847
corridor_0,8223,8223,30,64,1140450,1732850,35.5817439,129.0501399,-4.463383556,38.16163537,-12.96441465
corridor_0,8224,8224,31,64,1140550,1732850,35.5817297,129.0512433,-2.840420605,39.78459832,-11.3414517
corridor_0,8225,8225,32,64,1140650,1732850,35.5817155,129.0523466,-1.867813946,40.75720498,-10.36884504
corridor_0,8226,8226,33,64,1140750,1732850,35.5817013,129.0534499,-1.00586021,41.61915871,-9.506891301
corridor_0,8227,8227,34,64,1140850,1732850,35.581687,129.0545533,-0.18416679,42.44085213,-8.685197881
corridor_0,8228,8228,35,64,1140950,1732850,35.5816728,129.0556566,0.381785511,43.00680444,-8.11924558
corridor_0,8229,8229,36,64,1141050,1732850,35.5816586,129.0567599,1.260096668,43.88511559,-7.240934422
corridor_0,8230,8230,37,64,1141150,1732850,35.5816443,129.0578632,1.91242516,44.53744408,-6.588605931
corridor_0,8231,8231,38,64,1141250,1732850,35.58163,129.0589666,2.417685627,45.04270455,-6.083345464
corridor_0,8232,8232,39,64,1141350,1732850,35.5816157,129.0600699,3.030455708,45.65547463,-5.470575383
corridor_0,8233,8233,40,64,1141450,1732850,35.5816015,129.0611732,3.673659443,46.29867837,-4.827371648
corridor_0,8234,8234,41,64,1141550,1732850,35.5815872,129.0622766,4.137576222,46.76259515,-4.363454869
corridor_0,8235,8235,42,64,1141650,1732850,35.5815729,129.0633799,4.674975514,47.29999444,-3.826055577
corridor_0,8236,8236,43,64,1141750,1732850,35.5815585,129.0644832,5.569232105,48.19425103,-2.931798985
corridor_0,8237,8237,44,64,1141850,1732850,35.5815442,129.0655865,6.16279137,48.78781029,-2.33823972
corridor_0,8238,8238,45,64,1141950,1732850,35.5815299,129.0666898,6.806124806,49.43114373,-1.694906285
corridor_0,8239,8239,46,64,1142050,1732850,35.5815155,129.0677932,7.289034962,49.91405389,-1.211996129
corridor_0,8240,8240,47,64,1142150,1732850,35.5815012,129.0688965,7.831603169,50.45662209,-0.669427922
corridor_0,8241,8241,48,64,1142250,1732850,35.5814868,129.0699998,8.047968983,50.67298791,-0.453062108
corridor_0,8242,8242,49,64,1142350,1732850,35.5814724,129.0711031,8.215159535,50.84017846,-0.285871556
corridor_0,8243,8243,50,64,1142450,1732850,35.581458,129.0722065,8.376288532,51.00130746,-0.124742558
corridor_0,8244,8244,51,64,1142550,1732850,35.5814436,129.0733098,8.53320229,51.15822121,0.032171199
corridor_0,8245,8245,52,64,1142650,1732850,35.5814292,129.0744131,9.736296772,52.3613157,1.235265681
corridor_0,8246,8246,53,64,1142750,1732850,35.5814148,129.0755164,10.05190957,52.67692849,1.550878474
corridor_0,8247,8247,54,64,1142850,1732850,35.5814004,129.0766197,10.32081902,52.94583794,1.819787929
corridor_0,8248,8248,55,64,1142950,1732850,35.5813859,129.077723,10.53599846,53.16101739,2.034967372
corridor_0,8249,8249,56,64,1143050,1732850,35.5813715,129.0788263,10.75549614,53.38051507,2.254465053
corridor_0,8250,8250,57,64,1143150,1732850,35.581357,129.0799297,10.97150338,53.5965223,2.470472285
corridor_0,8251,8251,58,64,1143250,1732850,35.5813425,129.081033,11.22424996,53.84926888,2.723218867
corridor_0,8252,8252,59,64,1143350,1732850,35.5813281,129.0821363,11.50171578,54.1267347,3.000684688
corridor_0,8253,8253,60,64,1143450,1732850,35.5813136,129.0832396,11.74871361,54.37373254,3.247682521
corridor_0,8254,8254,61,64,1143550,1732850,35.5812991,129.0843429,12.08069527,54.7057142,3.57966418
corridor_0,8255,8255,62,64,1143650,1732850,35.5812846,129.0854462,12.36689293,54.99191186,3.865861842
corridor_0,8256,8256,63,64,1143750,1732850,35.58127,129.0865495,12.59133828,55.2163572,4.090307185
corridor_0,8257,8257,64,64,1143850,1732850,35.5812555,129.0876528,12.81147301,55.43649194,4.31044192
corridor_0,8258,8258,65,64,1143950,1732850,35.581241,129.0887561,12.9465934,55.57161233,4.445562312
corridor_0,8259,8259,66,64,1144050,1732850,35.5812264,129.0898594,12.92402947,55.54904839,4.422998378
corridor_0,8260,8260,67,64,1144150,1732850,35.5812119,129.0909628,12.80741036,55.43242928,4.306379268
corridor_0,8261,8261,68,64,1144250,1732850,35.5811973,129.0920661,12.57009041,55.19510934,4.069059321
corridor_0,8262,8262,69,64,1144350,1732850,35.5811827,129.0931694,12.29252922,54.91754815,3.791498134
corridor_0,8263,8263,70,64,1144450,1732850,35.5811681,129.0942727,12.00967705,54.63469598,3.508645961
corridor_0,8264,8264,71,64,1144550,1732850,35.5811535,129.095376,11.76040184,54.38542077,3.259370753
corridor_0,8265,8265,72,64,1144650,1732850,35.5811389,129.0964793,11.58865273,54.21367165,3.087621638
corridor_0,8266,8266,73,64,1144750,1732850,35.5811243,129.0975826,10.8805877,53.50560662,2.379556605
corridor_0,8267,8267,74,64,1144850,1732850,35.5811096,129.0986859,10.92348015,53.54849908,2.422449061
corridor_0,8268,8268,75,64,1144950,1732850,35.581095,129.0997892,11.0423156,53.66733453,2.541284511
corridor_0,8269,8269,76,64,1145050,1732850,35.5810804,129.1008925,11.28370201,53.90872094,2.782670924
corridor_0,8270,8270,77,64,1145150,1732850,35.5810657,129.1019958,11.6122123,54.23723122,3.111181209
corridor_0,8271,8271,78,64,1145250,1732850,35.581051,129.1030991,11.64931786,54.27433678,3.148286769
corridor_0,8272,8272,79,64,1145350,1732850,35.5810363,129.1042024,11.65943444,54.28445336,3.158403346
corridor_0,8273,8273,80,64,1145450,1732850,35.5810216,129.1053056,11.62977135,54.25479028,3.12874026
corridor_0,8274,8274,81,64,1145550,1732850,35.5810069,129.1064089,11.48556816,54.11058709,2.984537074
corridor_0,8275,8275,82,64,1145650,1732850,35.5809922,129.1075122,11.25775444,53.88277337,2.756723353
corridor_0,8276,8276,83,64,1145750,1732850,35.5809775,129.1086155,10.9704467,53.59546563,2.469415614
corridor_0,8277,8277,84,64,1145850,1732850,35.5809628,129.1097188,10.56468117,53.1897001,2.063650081
corridor_0,8278,8278,85,64,1145950,1732850,35.580948,129.1108221,10.09638131,52.72140023,1.595350215
corridor_0,8279,8279,86,64,1146050,1732850,35.5809333,129.1119254,9.613932728,52.23895165,1.112901637
corridor_0,8280,8280,87,64,1146150,1732850,35.5809185,129.1130287,9.01732552,51.64234444,0.516294429
corridor_0,8281,8281,88,64,1146250,1732850,35.5809037,129.114132,8.513774036,51.13879296,0.012742946
corridor_0,8282,8282,89,64,1146350,1732850,35.580889,129.1152353,8.11372292,50.73874184,-0.387308171
corridor_0,8283,8283,90,64,1146450,1732850,35.5808742,129.1163386,7.69914925,50.32416817,-0.801881841
corridor_0,8284,8284,91,64,1146550,1732850,35.5808594,129.1174418,7.256571888,49.88159081,-1.244459203
corridor_0,8285,8285,92,64,1146650,1732850,35.5808446,129.1185451,6.833140492,49.45815942,-1.667890599
corridor_0,8286,8286,93,64,1146750,1732850,35.5808297,129.1196484,6.379828571,49.0048475,-2.121202519
corridor_0,8287,8287,94,64,1146850,1732850,35.5808149,129.1207517,6.001769184,48.62678811,-2.499261907
corridor_0,8288,8288,95,64,1146950,1732850,35.5808001,129.121855,5.637240528,48.26225945,-2.863790563
corridor_0,8289,8289,96,64,1147050,1732850,35.5807852,129.1229583,5.227969288,47.85298821,-3.273061803
corridor_0,8290,8290,97,64,1147150,1732850,35.5807703,129.1240615,4.811514973,47.4365339,-3.689516118
corridor_0,8291,8291,98,64,1147250,1732850,35.5807555,129.1251648,4.218676685,46.84369561,-4.282354405
corridor_0,8292,8292,99,64,1147350,1732850,35.5807406,129.1262681,3.792677998,46.41769692,-4.708353093
corridor_0,8293,8293,100,64,1147450,1732850,35.5807257,129.1273714,3.356700062,45.98171899,-5.144331029
corridor_0,8294,8294,101,64,1147550,1732850,35.5807108,129.1284747,2.820128559,45.44514748,-5.680902532
corridor_0,8295,8295,102,64,1147650,1732850,35.5806959,129.1295779,2.251265644,44.87628457,-6.249765447
corridor_0,8296,8296,103,64,1147750,1732850,35.5806809,129.1306812,1.645888447,44.27090737,-6.855142644
corridor_0,8297,8297,104,64,1147850,1732850,35.580666,129.1317845,1.112544178,43.7375631,-7.388486913
corridor_0,8298,8298,105,64,1147950,1732850,35.5806511,129.1328878,0.547583698,43.17260262,-7.953447392
corridor_0,8299,8299,106,64,1148050,1732850,35.5806361,129.133991,-0.064663769,42.56035516,-8.56569486
corridor_0,8300,8300,107,64,1148150,1732850,35.5806211,129.1350943,-0.72360313,41.90141579,-9.224634221
corridor_0,8301,8301,108,64,1148250,1732850,35.5806062,129.1361976,-1.679242016,40.94577691,-10.18027311
corridor_0,8302,8302,109,64,1148350,1732850,35.5805912,129.1373009,-2.827797771,39.79722115,-11.32882886
corridor_0,8303,8303,110,64,1148450,1732850,35.5805762,129.1384041,-4.26739967,38.35761925,-12.76843076
corridor_0,8304,8304,111,64,1148550,1732850,35.5805612,129.1395074,-7.928767086,34.69625184,-16.42979818
corridor_0,8336,8336,112,65,1148650,1732950,35.5814475,129.1406291,-7.97634399,34.64867493,-16.47737508
corridor_0,8337,8337,111,65,1148550,1732950,35.5814625,129.1395258,-4.766751171,37.85826775,-13.26778226
corridor_0,8338,8338,110,65,1148450,1732950,35.5814775,129.1384225,-2.828022839,39.79699609,-11.32905393
corridor_0,8339,8339,109,65,1148350,1732950,35.5814925,129.1373192,-1.6678437,40.95717522,-10.16887479
corridor_0,8340,8340,108,65,1148250,1732950,35.5815075,129.1362159,-0.700661541,41.92435738,-9.201692632
corridor_0,8341,8341,107,65,1148150,1732950,35.5815224,129.1351126,-0.030548931,42.59446999,-8.531580022
corridor_0,8342,8342,106,65,1148050,1732950,35.5815374,129.1340094,0.602194904,43.22721383,-7.898836186
corridor_0,8343,8343,105,65,1147950,1732950,35.5815524,129.1329061,1.304076313,43.92909524,-7.196954778
corridor_0,8344,8344,104,65,1147850,1732950,35.5815673,129.1318028,1.720397114,44.34541604,-6.780633977
corridor_0,8345,8345,103,65,1147750,1732950,35.5815822,129.1306995,2.236544727,44.86156365,-6.264486363
corridor_0,8346,8346,102,65,1147650,1732950,35.5815972,129.1295962,2.816748737,45.44176766,-5.684282353
corridor_0,8347,8347,101,65,1147550,1732950,35.5816121,129.1284929,3.364451527,45.98947045,-5.136579564
corridor_0,8348,8348,100,65,1147450,1732950,35.581627,129.1273896,3.812586903,46.43760583,-4.688444188
corridor_0,8349,8349,99,65,1147350,1732950,35.5816419,129.1262863,4.24615395,46.87117287,-4.254877141
corridor_0,8350,8350,98,65,1147250,1732950,35.5816568,129.125183,4.669013142,47.29403207,-3.832017949
corridor_0,8351,8351,97,65,1147150,1732950,35.5816716,129.1240797,5.187911152,47.81293008,-3.313119939
corridor_0,8352,8352,96,65,1147050,1732950,35.5816865,129.1229765,5.600661396,48.22568032,-2.900369695
corridor_0,8353,8353,95,65,1146950,1732950,35.5817013,129.1218732,6.019488453,48.64450738,-2.481542638
corridor_0,8354,8354,94,65,1146850,1732950,35.5817162,129.1207699,6.422515034,49.04753396,-2.078516057
corridor_0,8355,8355,93,65,1146750,1732950,35.581731,129.1196666,6.788581013,49.41359994,-1.712450078
corridor_0,8356,8356,92,65,1146650,1732950,35.5817459,129.1185633,7.227595448,49.85261437,-1.273435643
corridor_0,8357,8357,91,65,1146550,1732950,35.5817607,129.11746,7.668875813,50.29389474,-0.832155278
corridor_0,8358,8358,90,65,1146450,1732950,35.5817755,129.1163567,8.174155354,50.79917428,-0.326875737
corridor_0,8359,8359,89,65,1146350,1732950,35.5817903,129.1152534,8.487734913,51.11275384,-0.013296178
corridor_0,8360,8360,88,65,1146250,1732950,35.581805,129.1141501,9.10338509,51.72840401,0.602353999
corridor_0,8361,8361,87,65,1146150,1732950,35.5818198,129.1130468,9.424536823,52.04955575,0.923505733
corridor_0,8362,8362,86,65,1146050,1732950,35.5818346,129.1119435,9.962908863,52.58792779,1.461877772
corridor_0,8363,8363,85,65,1145950,1732950,35.5818493,129.1108402,10.53715813,53.16217706,2.03612704
corridor_0,8364,8364,84,65,1145850,1732950,35.5818641,129.1097369,10.99966729,53.62468621,2.498636195
corridor_0,8365,8365,83,65,1145750,1732950,35.5818788,129.1086336,11.52750695,54.15252587,3.026475856
corridor_0,8366,8366,82,65,1145650,1732950,35.5818935,129.1075303,11.54995644,54.17497536,3.048925349
corridor_0,8367,8367,81,65,1145550,1732950,35.5819082,129.1064269,11.60785973,54.23287865,3.106828639
corridor_0,8368,8368,80,65,1145450,1732950,35.5819229,129.1053236,11.68138802,54.30640694,3.180356929
corridor_0,8369,8369,79,65,1145350,1732950,35.5819376,129.1042203,11.68896782,54.31398675,3.187936732
corridor_0,8370,8370,78,65,1145250,1732950,35.5819523,129.103117,11.5585624,54.18358132,3.057531306
corridor_0,8371,8371,77,65,1145150,1732950,35.581967,129.1020137,11.50864327,54.13366219,3.007612178
corridor_0,8372,8372,76,65,1145050,1732950,35.5819817,129.1009104,11.1961776,53.82119653,2.69514651
corridor_0,8373,8373,75,65,1144950,1732950,35.5819963,129.0998071,10.97224343,53.59726235,2.471212337
corridor_0,8374,8374,74,65,1144850,1732950,35.582011,129.0987038,11.49443734,54.11945626,2.993406245
corridor_0,8375,8375,73,65,1144750,1732950,35.5820256,129.0976005,11.51033318,54.1353521,3.009302089
corridor_0,8376,8376,72,65,1144650,1732950,35.5820402,129.0964972,11.59858239,54.22360131,3.097551295
corridor_0,8377,8377,71,65,1144550,1732950,35.5820548,129.0953938,11.76787484,54.39289376,3.266843745
corridor_0,8378,8378,70,65,1144450,1732950,35.5820694,129.0942905,12.00075829,54.62577721,3.499727199
corridor_0,8379,8379,69,65,1144350,1732950,35.582084,129.0931872,12.29718316,54.92220208,3.796152064
corridor_0,8380,8380,68,65,1144250,1732950,35.5820986,129.0920839,12.59769738,55.2227163,4.096666286
corridor_0,8381,8381,67,65,1144150,1732950,35.5821132,129.0909806,12.83370507,55.45872399,4.332673976
corridor_0,8382,8382,66,65,1144050,1732950,35.5821277,129.0898773,12.96355736,55.58857629,4.462526271
corridor_0,8383,8383,65,65,1143950,1732950,35.5821423,129.0887739,13.00741494,55.63243386,4.506383845
corridor_0,8384,8384,64,65,1143850,1732950,35.5821568,129.0876706,12.92294609,55.54796502,4.421915004
corridor_0,8385,8385,63,65,1143750,1732950,35.5821714,129.0865673,12.76607811,55.39109704,4.265047023
corridor_0,8386,8386,62,65,1143650,1732950,35.5821859,129.085464,12.54003823,55.16505715,4.039007136
corridor_0,8387,8387,61,65,1143550,1732950,35.5822004,129.0843607,12.28586113,54.91088006,3.784830043
corridor_0,8388,8388,60,65,1143450,1732950,35.5822149,129.0832573,12.04237282,54.66739175,3.541341731
corridor_0,8389,8389,59,65,1143350,1732950,35.5822294,129.082154,11.81025231,54.43527123,3.309221217
corridor_0,8390,8390,58,65,1143250,1732950,35.5822439,129.0810507,11.56543267,54.19045159,3.064401576
corridor_0,8391,8391,57,65,1143150,1732950,35.5822583,129.0799474,11.35171425,53.97673318,2.850683162
corridor_0,8392,8392,56,65,1143050,1732950,35.5822728,129.078844,11.12207711,53.74709603,2.621046016
corridor_0,8393,8393,55,65,1142950,1732950,35.5822872,129.0777407,10.93578255,53.56080148,2.43475146
corridor_0,8394,8394,54,65,1142850,1732950,35.5823017,129.0766374,10.73463356,53.35965249,2.233602473
corridor_0,8395,8395,53,65,1142750,1732950,35.5823161,129.0755341,10.54115975,53.16617867,2.040128657
corridor_0,8396,8396,52,65,1142650,1732950,35.5823305,129.0744307,10.31261742,52.93763634,1.811586329
corridor_0,8397,8397,51,65,1142550,1732950,35.5823449,129.0733274,10.06006539,52.68508431,1.559034297
corridor_0,8398,8398,50,65,1142450,1732950,35.5823593,129.0722241,8.837111591,51.46213052,0.336080501
corridor_0,8399,8399,49,65,1142350,1732950,35.5823737,129.0711207,8.69095528,51.3159742,0.18992419
corridor_0,8400,8400,48,65,1142250,1732950,35.5823881,129.0700174,8.517188191,51.14220712,0.0161571
corridor_0,8401,8401,47,65,1142150,1732950,35.5824025,129.0689141,8.333411335,50.95843026,-0.167619756
corridor_0,8402,8402,46,65,1142050,1732950,35.5824168,129.0678107,7.808104633,50.43312356,-0.692926457
corridor_0,8403,8403,45,65,1141950,1732950,35.5824312,129.0667074,7.29623711,49.92125603,-1.204793981
corridor_0,8404,8404,44,65,1141850,1732950,35.5824455,129.0656041,6.569434284,49.19445321,-1.931596807
corridor_0,8405,8405,43,65,1141750,1732950,35.5824599,129.0645007,5.792864918,48.41788384,-2.708166173
corridor_0,8406,8406,42,65,1141650,1732950,35.5824742,129.0633974,5.355742573,47.9807615,-3.145288518
corridor_0,8407,8407,41,65,1141550,1732950,35.5824885,129.0622941,4.737704395,47.36272332,-3.763326695
corridor_0,8408,8408,40,65,1141450,1732950,35.5825028,129.0611907,4.186118244,46.81113717,-4.314912847
corridor_0,8409,8409,39,65,1141350,1732950,35.5825171,129.0600874,3.600085377,46.2251043,-4.900945714
corridor_0,8410,8410,38,65,1141250,1732950,35.5825313,129.058984,3.001929401,45.62694833,-5.499101689
corridor_0,8411,8411,37,65,1141150,1732950,35.5825456,129.0578807,2.356867909,44.98188683,-6.144163182
corridor_0,8412,8412,36,65,1141050,1732950,35.5825599,129.0567774,1.71955788,44.34457681,-6.78147321
corridor_0,8413,8413,35,65,1140950,1732950,35.5825741,129.055674,1.004668354,43.62968728,-7.496362737
corridor_0,8414,8414,34,65,1140850,1732950,35.5825884,129.0545707,0.437022327,43.06204125,-8.064008763
corridor_0,8415,8415,33,65,1140750,1732950,35.5826026,129.0534673,-0.521351696,42.10366723,-9.022382787
corridor_0,8416,8416,32,65,1140650,1732950,35.5826168,129.052364,-1.342175365,41.28284356,-9.843206456
corridor_0,8417,8417,31,65,1140550,1732950,35.582631,129.0512606,-2.28660667,40.33841225,-10.78763776
corridor_0,8418,8418,30,65,1140450,1732950,35.5826452,129.0501573,-3.366547466,39.25847146,-11.86757856
corridor_0,8419,8419,29,65,1140350,1732950,35.5826594,129.049054,-4.648503185,37.97651574,-13.14953428
corridor_0,8477,8477,28,66,1140250,1733050,35.5835749,129.047968,-5.399842144,37.22517678,-13.90087323
corridor_0,8478,8478,29,66,1140350,1733050,35.5835607,129.0490713,-3.993145824,38.6318731,-12.49417692
corridor_0,8479,8479,30,66,1140450,1733050,35.5835465,129.0501747,-2.806687237,39.81833169,-11.30771833
corridor_0,8480,8480,31,66,1140550,1733050,35.5835323,129.051278,-1.79744804,40.82757088,-10.29847913
corridor_0,8481,8481,32,66,1140650,1733050,35.5835181,129.0523814,-0.672409893,41.95260903,-9.173440984
corridor_0,8482,8482,33,66,1140750,1733050,35.5835039,129.0534847,0.122614979,42.7476339,-8.378416112
corridor_0,8483,8483,34,66,1140850,1733050,35.5834897,129.0545881,0.841059803,43.46607873,-7.659971288
corridor_0,8484,8484,35,66,1140950,1733050,35.5834754,129.0556915,1.438582539,44.06360146,-7.062448552
corridor_0,8485,8485,36,66,1141050,1733050,35.5834612,129.0567948,2.141265034,44.76628396,-6.359766057
corridor_0,8486,8486,37,66,1141150,1733050,35.5834469,129.0578982,2.877982258,45.50300118,-5.623048833
corridor_0,8487,8487,38,66,1141250,1733050,35.5834327,129.0590015,3.452162861,46.07718179,-5.04886823
corridor_0,8488,8488,39,66,1141350,1733050,35.5834184,129.0601049,4.046538471,46.6715574,-4.45449262
corridor_0,8489,8489,40,66,1141450,1733050,35.5834041,129.0612082,4.737193226,47.36221215,-3.763837865
corridor_0,8490,8490,41,66,1141550,1733050,35.5833898,129.0623116,5.263110279,47.8881292,-3.237920812
corridor_0,8491,8491,42,66,1141650,1733050,35.5833755,129.0634149,5.90561974,48.53063866,-2.595411351
corridor_0,8492,8492,43,66,1141750,1733050,35.5833612,129.0645183,6.386569141,49.01158807,-2.114461949
corridor_0,8493,8493,44,66,1141850,1733050,35.5833468,129.0656216,7.01838982,49.64340874,-1.482641271
corridor_0,8494,8494,45,66,1141950,1733050,35.5833325,129.066725,7.698660969,50.32367989,-0.802370122
corridor_0,8495,8495,46,66,1142050,1733050,35.5833182,129.0678283,8.303832172,50.9288511,-0.197198918
corridor_0,8496,8496,47,66,1142150,1733050,35.5833038,129.0689317,8.813269733,51.43828866,0.312238643
corridor_0,8497,8497,48,66,1142250,1733050,35.5832894,129.070035,9.083403706,51.70842263,0.582372615
corridor_0,8498,8498,49,66,1142350,1733050,35.583275,129.0711384,9.18919289,51.81421181,0.688161799
corridor_0,8499,8499,50,66,1142450,1733050,35.5832607,129.0722417,10.44717705,53.07219598,1.946145961
corridor_0,8500,8500,51,66,1142550,1733050,35.5832463,129.073345,10.661605,53.28662392,2.160573909
corridor_0,8501,8501,52,66,1142650,1733050,35.5832318,129.0744484,10.85824501,53.48326394,2.357213923
corridor_0,8502,8502,53,66,1142750,1733050,35.5832174,129.0755517,11.02658379,53.65160271,2.525552699
corridor_0,8503,8503,54,66,1142850,1733050,35.583203,129.0766551,11.18733132,53.81235024,2.686300227
corridor_0,8504,8504,55,66,1142950,1733050,35.5831886,129.0777584,11.35047448,53.9754934,2.849443385
corridor_0,8505,8505,56,66,1143050,1733050,35.5831741,129.0788617,11.53601754,54.16103646,3.034986445
corridor_0,8506,8506,57,66,1143150,1733050,35.5831596,129.0799651,11.71840966,54.34342858,3.217378566
corridor_0,8507,8507,58,66,1143250,1733050,35.5831452,129.0810684,11.89986718,54.5248861,3.398836085
corridor_0,8508,8508,59,66,1143350,1733050,35.5831307,129.0821717,12.14075386,54.76577279,3.639722774
corridor_0,8509,8509,60,66,1143450,1733050,35.5831162,129.0832751,12.36605751,54.99107644,3.865026423
corridor_0,8510,8510,61,66,1143550,1733050,35.5831017,129.0843784,12.56276238,55.1877813,4.061731288
corridor_0,8511,8511,62,66,1143650,1733050,35.5830872,129.0854818,12.75642693,55.38144585,4.255395839
corridor_0,8512,8512,63,66,1143750,1733050,35.5830727,129.0865851,12.93282616,55.55784509,4.43179507
corridor_0,8513,8513,64,66,1143850,1733050,35.5830581,129.0876884,13.07004845,55.69506738,4.56901736
corridor_0,8514,8514,65,66,1143950,1733050,35.5830436,129.0887918,13.08338463,55.70840356,4.582353541
corridor_0,8515,8515,66,66,1144050,1733050,35.583029,129.0898951,13.00344765,55.62846658,4.50241656
corridor_0,8516,8516,67,66,1144150,1733050,35.5830145,129.0909984,12.82920372,55.45422265,4.328172633
corridor_0,8517,8517,68,66,1144250,1733050,35.5829999,129.0921017,12.57308113,55.19810006,4.072050044
corridor_0,8518,8518,69,66,1144350,1733050,35.5829853,129.0932051,12.28880608,54.913825,3.787774989
corridor_0,8519,8519,70,66,1144450,1733050,35.5829707,129.0943084,12.0192672,54.64428613,3.51823611
corridor_0,8520,8520,71,66,1144550,1733050,35.5829561,129.0954117,11.77497017,54.3999891,3.273939082
corridor_0,8521,8521,72,66,1144650,1733050,35.5829415,129.0965151,11.61101448,54.23603341,3.109983394
corridor_0,8522,8522,73,66,1144750,1733050,35.5829269,129.0976184,11.52139199,54.14641091,3.020360896
corridor_0,8523,8523,74,66,1144850,1733050,35.5829123,129.0987217,11.49899971,54.12401864,2.997968623
corridor_0,8524,8524,75,66,1144950,1733050,35.5828976,129.099825,11.54081643,54.16583535,3.039785335
corridor_0,8525,8525,76,66,1145050,1733050,35.582883,129.1009283,11.08231652,53.70733544,2.581285426
corridor_0,8526,8526,77,66,1145150,1733050,35.5828683,129.1020317,11.28157341,53.90659234,2.780542323
corridor_0,8527,8527,78,66,1145250,1733050,35.5828536,129.103135,11.46208107,54.0871,2.961049983
corridor_0,8528,8528,79,66,1145350,1733050,35.5828389,129.1042383,11.62060463,54.24562356,3.119573543
corridor_0,8529,8529,80,66,1145450,1733050,35.5828243,129.1053416,11.69931328,54.32433221,3.198282191
corridor_0,8530,8530,81,66,1145550,1733050,35.5828095,129.106445,11.77223885,54.39725777,3.271207759
corridor_0,8531,8531,82,66,1145650,1733050,35.5827948,129.1075483,11.75362694,54.37864587,3.252595851
corridor_0,8532,8532,83,66,1145750,1733050,35.5827801,129.1086516,11.79998314,54.42500207,3.298952052
corridor_0,8533,8533,84,66,1145850,1733050,35.5827654,129.1097549,11.44766915,54.07268807,2.946638057
corridor_0,8534,8534,85,66,1145950,1733050,35.5827506,129.1108582,10.77128136,53.39630029,2.27025027
corridor_0,8535,8535,86,66,1146050,1733050,35.5827359,129.1119615,10.27603066,52.90104958,1.774999568
corridor_0,8536,8536,87,66,1146150,1733050,35.5827211,129.1130648,9.766539692,52.39155862,1.265508601
corridor_0,8537,8537,88,66,1146250,1733050,35.5827063,129.1141682,9.459185719,52.08420464,0.958154628
corridor_0,8538,8538,89,66,1146350,1733050,35.5826916,129.1152715,9.118453144,51.74347207,0.617422053
corridor_0,8539,8539,90,66,1146450,1733050,35.5826768,129.1163748,8.681353687,51.30637261,0.180322597
corridor_0,8540,8540,91,66,1146550,1733050,35.582662,129.1174781,8.153010487,50.77802941,-0.348020604
corridor_0,8541,8541,92,66,1146650,1733050,35.5826471,129.1185814,7.655371784,50.28039071,-0.845659307
corridor_0,8542,8542,93,66,1146750,1733050,35.5826323,129.1196847,7.226084827,49.85110375,-1.274946263
corridor_0,8543,8543,94,66,1146850,1733050,35.5826175,129.120788,6.818560719,49.44357964,-1.682470372
corridor_0,8544,8544,95,66,1146950,1733050,35.5826026,129.1218913,6.410452961,49.03547189,-2.09057813
corridor_0,8545,8545,96,66,1147050,1733050,35.5825878,129.1229946,6.033991932,48.65901086,-2.467039159
corridor_0,8546,8546,97,66,1147150,1733050,35.5825729,129.1240979,5.582308888,48.20732781,-2.918722203
corridor_0,8547,8547,98,66,1147250,1733050,35.582558,129.1252013,5.128806233,47.75382516,-3.372224858
corridor_0,8548,8548,99,66,1147350,1733050,35.5825432,129.1263046,4.712851643,47.33787057,-3.788179448
corridor_0,8549,8549,100,66,1147450,1733050,35.5825283,129.1274079,4.272795796,46.89781472,-4.228235295
corridor_0,8550,8550,101,66,1147550,1733050,35.5825134,129.1285112,3.824732899,46.44975182,-4.676298192
corridor_0,8551,8551,102,66,1147650,1733050,35.5824984,129.1296145,3.284373402,45.90939233,-5.216657689
corridor_0,8552,8552,103,66,1147750,1733050,35.5824835,129.1307178,2.711825489,45.33684441,-5.789205602
corridor_0,8553,8553,104,66,1147850,1733050,35.5824686,129.1318211,2.29920113,44.92422005,-6.201829961
corridor_0,8554,8554,105,66,1147950,1733050,35.5824536,129.1329244,1.774859547,44.39987847,-6.726171544
corridor_0,8555,8555,106,66,1148050,1733050,35.5824387,129.1340277,1.345210194,43.97022912,-7.155820897
corridor_0,8556,8556,107,66,1148150,1733050,35.5824237,129.135131,0.637267231,43.26228616,-7.86376386
corridor_0,8557,8557,108,66,1148250,1733050,35.5824087,129.1362343,0.148665546,42.77368447,-8.352365544
corridor_0,8558,8558,109,66,1148350,1733050,35.5823938,129.1373376,-0.703480602,41.92153832,-9.204511693
corridor_0,8559,8559,110,66,1148450,1733050,35.5823788,129.1384409,-1.687096477,40.93792245,-10.18812757
corridor_0,8560,8560,111,66,1148550,1733050,35.5823638,129.1395441,-2.862046123,39.7629728,-11.36307721
corridor_0,8561,8561,112,66,1148650,1733050,35.5823487,129.1406474,-4.331482769,38.29353616,-12.83251386
corridor_0,8562,8562,113,66,1148750,1733050,35.5823337,129.1417507,-11.03769958,31.58731934,-19.53873067
corridor_0,8591,8591,113,67,1148750,1733150,35.583235,129.1417691,-4.887669445,37.73734948,-13.38870054
corridor_0,8592,8592,112,67,1148650,1733150,35.58325,129.1406658,-2.912148357,39.71287057,-11.41317945
corridor_0,8593,8593,111,67,1148550,1733150,35.583265,129.1395625,-1.731728435,40.89329049,-10.23275953
corridor_0,8594,8594,110,67,1148450,1733150,35.5832801,129.1384592,-0.728104473,41.89691445,-9.229135564
corridor_0,8595,8595,109,67,1148350,1733150,35.583295,129.1373559,0.131449818,42.75646874,-8.369581273
corridor_0,8596,8596,108,67,1148250,1733150,35.58331,129.1362526,0.621653675,43.2466726,-7.879377416
corridor_0,8597,8597,107,67,1148150,1733150,35.583325,129.1351493,1.245883106,43.87090203,-7.255147985
corridor_0,8598,8598,106,67,1148050,1733150,35.58334,129.134046,1.798449635,44.42346856,-6.702581456
corridor_0,8599,8599,105,67,1147950,1733150,35.5833549,129.1329427,2.339884876,44.9649038,-6.161146214
corridor_0,8600,8600,104,67,1147850,1733150,35.5833699,129.1318394,2.770251392,45.39527032,-5.730779698
corridor_0,8601,8601,103,67,1147750,1733150,35.5833848,129.130736,3.27197945,45.89699837,-5.229051641
corridor_0,8602,8602,102,67,1147650,1733150,35.5833997,129.1296327,3.822238087,46.44725701,-4.678793004
corridor_0,8603,8603,101,67,1147550,1733150,35.5834147,129.1285294,4.350028156,46.97504708,-4.151002934
corridor_0,8604,8604,100,67,1147450,1733150,35.5834296,129.1274261,4.794333576,47.4193525,-3.706697515
corridor_0,8605,8605,99,67,1147350,1733150,35.5834445,129.1263228,5.236510395,47.86152932,-3.264520696
corridor_0,8606,8606,98,67,1147250,1733150,35.5834593,129.1252195,5.557391285,48.18241021,-2.943639806
corridor_0,8607,8607,97,67,1147150,1733150,35.5834742,129.1241161,6.004523396,48.62954232,-2.496507695
corridor_0,8608,8608,96,67,1147050,1733150,35.5834891,129.1230128,6.447913288,49.07293221,-2.053117803
corridor_0,8609,8609,95,67,1146950,1733150,35.5835039,129.1219095,6.851157307,49.47617623,-1.649873784
corridor_0,8610,8610,94,67,1146850,1733150,35.5835188,129.1208062,7.227053761,49.85207269,-1.27397733
corridor_0,8611,8611,93,67,1146750,1733150,35.5835336,129.1197029,7.643477558,50.26849648,-0.857553533
corridor_0,8612,8612,92,67,1146650,1733150,35.5835484,129.1185995,8.19108498,50.8161039,-0.309946111
corridor_0,8613,8613,91,67,1146550,1733150,35.5835633,129.1174962,8.803519367,51.42853829,0.302488276
corridor_0,8614,8614,90,67,1146450,1733150,35.5835781,129.1163929,9.159133076,51.784152,0.658101985
corridor_0,8615,8615,89,67,1146350,1733150,35.5835929,129.1152896,9.558806538,52.18382546,1.057775447
corridor_0,8616,8616,88,67,1146250,1733150,35.5836076,129.1141863,9.79914391,52.42416283,1.298112819
corridor_0,8617,8617,87,67,1146150,1733150,35.5836224,129.1130829,10.07801354,52.70303246,1.576982448
corridor_0,8618,8618,86,67,1146050,1733150,35.5836372,129.1119796,10.5198127,53.14483163,2.018781611
corridor_0,8619,8619,85,67,1145950,1733150,35.5836519,129.1108763,11.07239449,53.69741341,2.571363399
corridor_0,8620,8620,84,67,1145850,1733150,35.5836667,129.1097729,11.67995751,54.30497643,3.178926417
corridor_0,8621,8621,83,67,1145750,1733150,35.5836814,129.1086696,11.9445411,54.56956002,3.443510005
corridor_0,8622,8622,82,67,1145650,1733150,35.5836961,129.1075663,11.86579049,54.49080941,3.364759395
corridor_0,8623,8623,81,67,1145550,1733150,35.5837109,129.106463,11.76712716,54.39214608,3.266096065
corridor_0,8624,8624,80,67,1145450,1733150,35.5837256,129.1053596,11.69045174,54.31547066,3.18942065
corridor_0,8625,8625,79,67,1145350,1733150,35.5837402,129.1042563,11.53600609,54.16102502,3.034975001
corridor_0,8626,8626,78,67,1145250,1733150,35.5837549,129.103153,11.35184395,53.97686288,2.850812861
corridor_0,8627,8627,77,67,1145150,1733150,35.5837696,129.1020496,11.24006188,53.8650808,2.739030787
corridor_0,8628,8628,76,67,1145050,1733150,35.5837843,129.1009463,11.6692878,54.29430672,3.168256709
corridor_0,8629,8629,75,67,1144950,1733150,35.5837989,129.099843,11.5218879,54.14690682,3.020856807
corridor_0,8630,8630,74,67,1144850,1733150,35.5838136,129.0987396,11.48930275,54.11432168,2.988271663
corridor_0,8631,8631,73,67,1144750,1733150,35.5838282,129.0976363,11.5094825,54.13450143,3.008451411
corridor_0,8632,8632,72,67,1144650,1733150,35.5838428,129.0965329,11.633937,54.25895592,3.13290591
corridor_0,8633,8633,71,67,1144550,1733150,35.5838574,129.0954296,11.79136574,54.41638467,3.290334651
corridor_0,8634,8634,70,67,1144450,1733150,35.583872,129.0943263,12.01244271,54.63746163,3.511411616
corridor_0,8635,8635,69,67,1144350,1733150,35.5838866,129.0932229,12.28100121,54.90602013,3.779970119
corridor_0,8636,8636,68,67,1144250,1733150,35.5839012,129.0921196,12.594329,55.21934792,4.093297908
corridor_0,8637,8637,67,67,1144150,1733150,35.5839158,129.0910162,12.86492073,55.48993966,4.363889644
corridor_0,8638,8638,66,67,1144050,1733150,35.5839303,129.0899129,13.06285393,55.68787286,4.561822841
corridor_0,8639,8639,65,67,1143950,1733150,35.5839449,129.0888096,13.18798363,55.81300256,4.68695254
corridor_0,8640,8640,64,67,1143850,1733150,35.5839594,129.0877062,13.22259056,55.84760949,4.721559474
corridor_0,8641,8641,63,67,1143750,1733150,35.583974,129.0866029,13.15944207,55.78446099,4.658410975
corridor_0,8642,8642,62,67,1143650,1733150,35.5839885,129.0854995,13.06028664,55.68530556,4.559255549
corridor_0,8643,8643,61,67,1143550,1733150,35.584003,129.0843962,12.92669594,55.55171487,4.425664851
corridor_0,8644,8644,60,67,1143450,1733150,35.5840175,129.0832928,12.73644936,55.36146828,4.235418269
corridor_0,8645,8645,59,67,1143350,1733150,35.584032,129.0821895,12.51522744,55.14024636,4.014196345
corridor_0,8646,8646,58,67,1143250,1733150,35.5840465,129.0810861,12.3054992,54.93051812,3.804468104
corridor_0,8647,8647,57,67,1143150,1733150,35.584061,129.0799828,12.14838326,54.77340218,3.647352168
corridor_0,8648,8648,56,67,1143050,1733150,35.5840754,129.0788794,11.97523796,54.60025689,3.474206874
corridor_0,8649,8649,55,67,1142950,1733150,35.5840899,129.0777761,11.80358422,54.42860314,3.302553126
corridor_0,8650,8650,54,67,1142850,1733150,35.5841043,129.0766727,11.63735497,54.26237389,3.136323878
corridor_0,8651,8651,53,67,1142750,1733150,35.5841187,129.0755694,11.51633751,54.14135644,3.015306422
corridor_0,8652,8652,52,67,1142650,1733150,35.5841332,129.074466,11.3719703,53.99698922,2.870939204
corridor_0,8653,8653,51,67,1142550,1733150,35.5841476,129.0733627,11.21617806,53.84119698,2.715146968
corridor_0,8654,8654,50,67,1142450,1733150,35.584162,129.0722593,10.99542534,53.62044427,2.494394252
corridor_0,8655,8655,49,67,1142350,1733150,35.5841764,129.071156,10.83313668,53.4581556,2.332105586
corridor_0,8656,8656,48,67,1142250,1733150,35.5841907,129.0700526,9.652419209,52.27743813,1.151388118
corridor_0,8657,8657,47,67,1142150,1733150,35.5842051,129.0689492,9.37569344,52.00071236,0.874662349
corridor_0,8658,8658,46,67,1142050,1733150,35.5842195,129.0678459,8.743712544,51.36873147,0.242681453
corridor_0,8659,8659,45,67,1141950,1733150,35.5842338,129.0667425,8.170062183,50.79508111,-0.330968907
corridor_0,8660,8660,44,67,1141850,1733150,35.5842482,129.0656392,7.680441975,50.3054609,-0.820589116
corridor_0,8661,8661,43,67,1141750,1733150,35.5842625,129.0645358,7.018214344,49.64323327,-1.482816747
corridor_0,8662,8662,42,67,1141650,1733150,35.5842768,129.0634324,6.448241352,49.07326028,-2.052789739
corridor_0,8663,8663,41,67,1141550,1733150,35.5842911,129.0623291,5.808310627,48.43332955,-2.692720464
corridor_0,8664,8664,40,67,1141450,1733150,35.5843054,129.0612257,5.18932259,47.81434151,-3.311708501
corridor_0,8665,8665,39,67,1141350,1733150,35.5843197,129.0601224,4.53874123,47.16376015,-3.962289861
corridor_0,8666,8666,38,67,1141250,1733150,35.584334,129.059019,3.854582905,46.47960183,-4.646448186
corridor_0,8667,8667,37,67,1141150,1733150,35.5843483,129.0579156,3.280196308,45.90521523,-5.220834783
corridor_0,8668,8668,36,67,1141050,1733150,35.5843625,129.0568123,2.638705372,45.2637243,-5.862325719
corridor_0,8669,8669,35,67,1140950,1733150,35.5843768,129.0557089,1.949004292,44.57402322,-6.552026799
corridor_0,8670,8670,34,67,1140850,1733150,35.584391,129.0546055,1.120539784,43.74555871,-7.380491307
corridor_0,8671,8671,33,67,1140750,1733150,35.5844052,129.0535022,0.539149403,43.16416833,-7.961881688
corridor_0,8672,8672,32,67,1140650,1733150,35.5844195,129.0523988,-0.27816856,42.34685036,-8.779199651
corridor_0,8673,8673,31,67,1140550,1733150,35.5844337,129.0512954,-1.12708366,41.49793526,-9.628114751
corridor_0,8674,8674,30,67,1140450,1733150,35.5844479,129.0501921,-2.019631267,40.60538766,-10.52066236
corridor_0,8675,8675,29,67,1140350,1733150,35.5844621,129.0490887,-3.384976269,39.24004266,-11.88600736
corridor_0,8676,8676,28,67,1140250,1733150,35.5844762,129.0479853,-4.657490612,37.96752831,-13.1585217
corridor_0,8732,8732,27,68,1140150,1733250,35.5853917,129.0468993,-7.81716621,34.80785271,-16.3181973
corridor_0,8733,8733,28,68,1140250,1733250,35.5853776,129.0480027,-4.495808483,38.12921044,-12.99683957
corridor_0,8734,8734,29,68,1140350,1733250,35.5853634,129.049106,-2.852181316,39.77283761,-11.35321241
corridor_0,8735,8735,30,68,1140450,1733250,35.5853492,129.0502094,-1.819897533,40.80512139,-10.32092862
corridor_0,8736,8736,31,68,1140550,1733250,35.585335,129.0513128,-0.681214214,41.94380471,-9.182245305
corridor_0,8737,8737,32,68,1140650,1733250,35.5853208,129.0524162,-0.079449535,42.54556939,-8.580480626
corridor_0,8738,8738,33,68,1140750,1733250,35.5853066,129.0535196,0.735472797,43.36049172,-7.765558293
corridor_0,8739,8739,34,68,1140850,1733250,35.5852923,129.054623,1.607630848,44.23264977,-6.893400243
corridor_0,8740,8740,35,68,1140950,1733250,35.5852781,129.0557263,2.311057209,44.93607613,-6.189973882
corridor_0,8741,8741,36,68,1141050,1733250,35.5852638,129.0568297,3.004561543,45.62958047,-5.496469548
corridor_0,8742,8742,37,68,1141150,1733250,35.5852496,129.0579331,3.648112415,46.27313134,-4.852918675
corridor_0,8743,8743,38,68,1141250,1733250,35.5852353,129.0590365,4.24734795,46.87236687,-4.253683141
corridor_0,8744,8744,39,68,1141350,1733250,35.585221,129.0601398,4.959128498,47.58414742,-3.541902593
corridor_0,8745,8745,40,68,1141450,1733250,35.5852067,129.0612432,5.647746204,48.27276513,-2.853284886
corridor_0,8746,8746,41,68,1141550,1733250,35.5851924,129.0623466,6.302874683,48.92789361,-2.198156407
corridor_0,8747,8747,42,68,1141650,1733250,35.5851781,129.06345,6.9545089,49.57952782,-1.546522191
corridor_0,8748,8748,43,68,1141750,1733250,35.5851638,129.0645533,7.61334145,50.23836037,-0.887689641
corridor_0,8749,8749,44,68,1141850,1733250,35.5851495,129.0656567,8.268061756,50.89308068,-0.232969335
corridor_0,8750,8750,45,68,1141950,1733250,35.5851351,129.0667601,8.877814411,51.50283334,0.37678332
corridor_0,8751,8751,46,68,1142050,1733250,35.5851208,129.0678635,9.339747547,51.96476647,0.838716456
corridor_0,8752,8752,47,68,1142150,1733250,35.5851064,129.0689668,9.901934742,52.52695367,1.400903651
corridor_0,8753,8753,48,68,1142250,1733250,35.5850921,129.0700702,11.20881951,53.83383843,2.707788417
corridor_0,8754,8754,49,68,1142350,1733250,35.5850777,129.0711736,11.42420113,54.04922005,2.923170039
corridor_0,8755,8755,50,68,1142450,1733250,35.5850633,129.0722769,11.57236397,54.1973829,3.071332881
corridor_0,8756,8756,51,68,1142550,1733250,35.5850489,129.0733803,11.70371163,54.32873055,3.202680537
corridor_0,8757,8757,52,68,1142650,1733250,35.5850345,129.0744837,11.8457557,54.47077462,3.344724605
corridor_0,8758,8758,53,68,1142750,1733250,35.5850201,129.075587,11.99608529,54.62110421,3.495054194
corridor_0,8759,8759,54,68,1142850,1733250,35.5850056,129.0766904,12.129058,54.75407693,3.628026912
corridor_0,8760,8760,55,68,1142950,1733250,35.5849912,129.0777938,12.26241219,54.88743111,3.761381099
corridor_0,8761,8761,56,68,1143050,1733250,35.5849767,129.0788971,12.43098748,55.0560064,3.929956386
corridor_0,8762,8762,57,68,1143150,1733250,35.5849623,129.0800005,12.60076058,55.2257795,4.099729487
corridor_0,8763,8763,58,68,1143250,1733250,35.5849478,129.0811039,12.7412864,55.36630532,4.240255305
corridor_0,8764,8764,59,68,1143350,1733250,35.5849333,129.0822072,12.90486824,55.52988717,4.403837153
corridor_0,8765,8765,60,68,1143450,1733250,35.5849188,129.0833106,13.0890609,55.71407983,4.588029811
corridor_0,8766,8766,61,68,1143550,1733250,35.5849043,129.0844139,13.26185143,55.88687035,4.760820338
corridor_0,8767,8767,62,68,1143650,1733250,35.5848898,129.0855173,13.35610497,55.98112389,4.855073878
corridor_0,8768,8768,63,68,1143750,1733250,35.5848753,129.0866207,13.30592644,55.93094537,4.80489535
corridor_0,8769,8769,64,68,1143850,1733250,35.5848607,129.087724,13.33613121,55.96115014,4.835100123
corridor_0,8770,8770,65,68,1143950,1733250,35.5848462,129.0888274,13.25223839,55.87725732,4.751207301
corridor_0,8771,8771,66,68,1144050,1733250,35.5848317,129.0899307,13.08586037,55.7108793,4.58482928
corridor_0,8772,8772,67,68,1144150,1733250,35.5848171,129.0910341,12.85631096,55.48132989,4.355279872
corridor_0,8773,8773,68,68,1144250,1733250,35.5848025,129.0921374,12.58353341,55.20855233,4.082502315
corridor_0,8774,8774,69,68,1144350,1733250,35.5847879,129.0932408,12.30000985,54.92502877,3.798978755
corridor_0,8775,8775,70,68,1144450,1733250,35.5847733,129.0943441,12.0305587,54.65557763,3.529527614
corridor_0,8776,8776,71,68,1144550,1733250,35.5847587,129.0954475,11.82052529,54.44554421,3.319494197
corridor_0,8777,8777,72,68,1144650,1733250,35.5847441,129.0965508,11.66110909,54.28612801,3.160077998
corridor_0,8778,8778,73,68,1144750,1733250,35.5847295,129.0976542,11.55744851,54.18246743,3.056417415
corridor_0,8779,8779,74,68,1144850,1733250,35.5847149,129.0987575,11.50805199,54.13307092,3.0070209
corridor_0,8780,8780,75,68,1144950,1733250,35.5847002,129.0998609,11.5303756,54.15539452,3.029344508
corridor_0,8781,8781,76,68,1145050,1733250,35.5846856,129.1009642,11.69576943,54.32078835,3.194738338
corridor_0,8782,8782,77,68,1145150,1733250,35.5846709,129.1020676,11.73008644,54.35510537,3.229055354
corridor_0,8783,8783,78,68,1145250,1733250,35.5846562,129.1031709,11.29798806,53.92300698,2.796956965
corridor_0,8784,8784,79,68,1145350,1733250,35.5846415,129.1042743,11.49495995,54.11997887,2.993928859
corridor_0,8785,8785,80,68,1145450,1733250,35.5846269,129.1053776,11.66530526,54.29032418,3.164274165
corridor_0,8786,8786,81,68,1145550,1733250,35.5846122,129.106481,11.75566018,54.3806791,3.254629085
corridor_0,8787,8787,82,68,1145650,1733250,35.5845974,129.1075843,11.89319909,54.51821801,3.392167994
corridor_0,8788,8788,83,68,1145750,1733250,35.5845827,129.1086876,12.042472,54.66749093,3.541440913
corridor_0,8789,8789,84,68,1145850,1733250,35.584568,129.109791,11.74721825,54.37223717,3.24618716
corridor_0,8790,8790,85,68,1145950,1733250,35.5845532,129.1108943,11.28731453,53.91233346,2.786283442
corridor_0,8791,8791,86,68,1146050,1733250,35.5845385,129.1119977,10.81384575,53.43886468,2.312814662
corridor_0,8792,8792,87,68,1146150,1733250,35.5845237,129.113101,10.41907418,53.0440931,1.918043086
corridor_0,8793,8793,88,68,1146250,1733250,35.5845089,129.1142043,10.16160118,52.78662011,1.660570094
corridor_0,8794,8794,89,68,1146350,1733250,35.5844942,129.1153077,9.896948933,52.52196786,1.395917842
corridor_0,8795,8795,90,68,1146450,1733250,35.5844794,129.116411,9.65838158,52.2834005,1.15735049
corridor_0,8796,8796,91,68,1146550,1733250,35.5844646,129.1175144,9.243331074,51.86835,0.742299983
corridor_0,8797,8797,92,68,1146650,1733250,35.5844497,129.1186177,8.793208241,51.41822717,0.29217715
corridor_0,8798,8798,93,68,1146750,1733250,35.5844349,129.119721,8.188262104,50.81328103,-0.312768987
corridor_0,8799,8799,94,68,1146850,1733250,35.5844201,129.1208244,7.666426777,50.2914457,-0.834604314
corridor_0,8800,8800,95,68,1146950,1733250,35.5844052,129.1219277,7.266833424,49.89185235,-1.234197667
corridor_0,8801,8801,96,68,1147050,1733250,35.5843904,129.123031,6.883570789,49.50858971,-1.617460301
corridor_0,8802,8802,97,68,1147150,1733250,35.5843755,129.1241344,6.464438557,49.08945748,-2.036592534
corridor_0,8803,8803,98,68,1147250,1733250,35.5843606,129.1252377,6.098719715,48.72373864,-2.402311376
corridor_0,8804,8804,99,68,1147350,1733250,35.5843458,129.126341,5.662657856,48.28767678,-2.838373235
corridor_0,8805,8805,100,68,1147450,1733250,35.5843309,129.1274443,5.265296101,47.89031503,-3.23573499
corridor_0,8806,8806,101,68,1147550,1733250,35.5843159,129.1285477,4.809836506,47.43485543,-3.691194585
corridor_0,8807,8807,102,68,1147650,1733250,35.584301,129.129651,4.346812367,46.97183129,-4.154218724
corridor_0,8808,8808,103,68,1147750,1733250,35.5842861,129.1307543,3.80897057,46.43398949,-4.692060521
corridor_0,8809,8809,104,68,1147850,1733250,35.5842712,129.1318576,3.229331135,45.85435006,-5.271699956
corridor_0,8810,8810,105,68,1147950,1733250,35.5842562,129.132961,2.788439869,45.41345879,-5.712591222
corridor_0,8811,8811,106,68,1148050,1733250,35.5842413,129.1340643,2.349841236,44.97486016,-6.151189855
corridor_0,8812,8812,107,68,1148150,1733250,35.5842263,129.1351676,1.801623463,44.42664239,-6.699407628
corridor_0,8813,8813,108,68,1148250,1733250,35.5842113,129.1362709,1.223689198,43.84870812,-7.277341893
corridor_0,8814,8814,109,68,1148350,1733250,35.5841963,129.1373743,0.589160084,43.21417901,-7.911871007
corridor_0,8815,8815,110,68,1148450,1733250,35.5841813,129.1384776,-0.24306953,42.38194939,-8.744100621
corridor_0,8816,8816,111,68,1148550,1733250,35.5841663,129.1395809,-0.979348064,41.64567086,-9.480379155
corridor_0,8817,8817,112,68,1148650,1733250,35.5841513,129.1406842,-1.788357616,40.83666131,-10.28938871
corridor_0,8818,8818,113,68,1148750,1733250,35.5841363,129.1417875,-2.992142559,39.63287637,-11.49317365
corridor_0,8819,8819,114,68,1148850,1733250,35.5841213,129.1428909,-6.198487163,36.42653176,-14.69951825
corridor_0,8846,8846,114,69,1148850,1733350,35.5850225,129.1429093,-3.443306805,39.18171212,-11.9443379
corridor_0,8847,8847,113,69,1148750,1733350,35.5850376,129.1418059,-2.134865642,40.49015328,-10.63589673
corridor_0,8848,8848,112,69,1148650,1733350,35.5850526,129.1407026,-1.042809368,41.58220956,-9.543840459
corridor_0,8849,8849,111,69,1148550,1733350,35.5850676,129.1395993,-0.299103619,42.32591531,-8.800134709
corridor_0,8850,8850,110,69,1148450,1733350,35.5850826,129.1384959,0.378829121,43.00384805,-8.12220197
corridor_0,8851,8851,109,69,1148350,1733350,35.5850976,129.1373926,1.026301502,43.65132043,-7.474729589
corridor_0,8852,8852,108,69,1148250,1733350,35.5851126,129.1362893,1.657233357,44.28225228,-6.843797734
corridor_0,8853,8853,107,69,1148150,1733350,35.5851276,129.1351859,2.237372517,44.86239144,-6.263658574
corridor_0,8854,8854,106,69,1148050,1733350,35.5851426,129.1340826,2.782069325,45.40708825,-5.718961766
corridor_0,8855,8855,105,69,1147950,1733350,35.5851575,129.1329793,3.234999775,45.8600187,-5.266031316
corridor_0,8856,8856,104,69,1147850,1733350,35.5851725,129.1318759,3.826586842,46.45160577,-4.674444249
corridor_0,8857,8857,103,69,1147750,1733350,35.5851874,129.1307726,4.263510822,46.88852975,-4.237520268
corridor_0,8858,8858,102,69,1147650,1733350,35.5852023,129.1296693,4.812419056,47.43743798,-3.688612035
corridor_0,8859,8859,101,69,1147550,1733350,35.5852172,129.1285659,5.275675892,47.90069482,-3.225355199
corridor_0,8860,8860,100,69,1147450,1733350,35.5852321,129.1274626,5.695223927,48.32024285,-2.805807164
corridor_0,8861,8861,99,69,1147350,1733350,35.585247,129.1263592,6.160960316,48.78597924,-2.340070775
corridor_0,8862,8862,98,69,1147250,1733350,35.5852619,129.1252559,6.609641193,49.23466012,-1.891389897
corridor_0,8863,8863,97,69,1147150,1733350,35.5852768,129.1241526,7.024588703,49.64960763,-1.476442388
corridor_0,8864,8864,96,69,1147050,1733350,35.5852917,129.1230492,7.390772938,50.01579186,-1.110258153
corridor_0,8865,8865,95,69,1146950,1733350,35.5853065,129.1219459,7.730525135,50.35554406,-0.770505956
corridor_0,8866,8866,94,69,1146850,1733350,35.5853214,129.1208425,8.240237354,50.86525628,-0.260793736
corridor_0,8867,8867,93,69,1146750,1733350,35.5853362,129.1197392,8.761981129,51.38700005,0.260950038
corridor_0,8868,8868,92,69,1146650,1733350,35.585351,129.1186358,9.332858204,51.95787713,0.831827113
corridor_0,8869,8869,91,69,1146550,1733350,35.5853659,129.1175325,9.655898213,52.28091714,1.154867122
corridor_0,8870,8870,90,69,1146450,1733350,35.5853807,129.1164291,10.12251961,52.74753854,1.621488521
corridor_0,8871,8871,89,69,1146350,1733350,35.5853955,129.1153258,10.38059914,53.00561806,1.879568049
corridor_0,8872,8872,88,69,1146250,1733350,35.5854102,129.1142224,10.53373635,53.15875527,2.032705256
corridor_0,8873,8873,87,69,1146150,1733350,35.585425,129.1131191,10.7413665,53.36638543,2.240335414
corridor_0,8874,8874,86,69,1146050,1733350,35.5854398,129.1120157,11.07715142,53.70217034,2.576120326
corridor_0,8875,8875,85,69,1145950,1733350,35.5854545,129.1109124,11.4845916,54.10961053,2.983560512
corridor_0,8876,8876,84,69,1145850,1733350,35.5854693,129.109809,11.80160057,54.4266195,3.300569484
corridor_0,8877,8877,83,69,1145750,1733350,35.585484,129.1087057,11.86627877,54.49129769,3.365247676
corridor_0,8878,8878,82,69,1145650,1733350,35.5854987,129.1076023,11.87473977,54.49975869,3.373708674
corridor_0,8879,8879,81,69,1145550,1733350,35.5855135,129.106499,11.77695382,54.40197274,3.275922725
corridor_0,8880,8880,80,69,1145450,1733350,35.5855282,129.1053956,11.65405571,54.27907464,3.153024623
corridor_0,8881,8881,79,69,1145350,1733350,35.5855429,129.1042923,11.4956466,54.12066552,2.994615504
corridor_0,8882,8882,78,69,1145250,1733350,35.5855575,129.1031889,11.87891304,54.50393197,3.377881953
corridor_0,8883,8883,77,69,1145150,1733350,35.5855722,129.1020855,11.74883568,54.37385461,3.247804591
corridor_0,8884,8884,76,69,1145050,1733350,35.5855869,129.1009822,11.71710503,54.34212395,3.216073939
corridor_0,8885,8885,75,69,1144950,1733350,35.5856015,129.0998788,11.58967888,54.21469781,3.088647792
corridor_0,8886,8886,74,69,1144850,1733350,35.5856162,129.0987755,11.53195107,54.15696999,3.030919978
corridor_0,8887,8887,73,69,1144750,1733350,35.5856308,129.0976721,11.57593834,54.20095727,3.074907252
corridor_0,8888,8888,72,69,1144650,1733350,35.5856454,129.0965687,11.71103585,54.33605477,3.210004756
corridor_0,8889,8889,71,69,1144550,1733350,35.58566,129.0954654,11.86380684,54.48882577,3.362775752
corridor_0,8890,8890,70,69,1144450,1733350,35.5856746,129.094362,12.06875527,54.69377419,3.567724177
corridor_0,8891,8891,69,69,1144350,1733350,35.5856892,129.0932586,12.32722008,54.95223901,3.826188991
corridor_0,8892,8892,68,69,1144250,1733350,35.5857038,129.0921553,12.5691787,55.19419762,4.068147609
corridor_0,8893,8893,67,69,1144150,1733350,35.5857184,129.0910519,12.85360634,55.47862527,4.352575252
corridor_0,8894,8894,66,69,1144050,1733350,35.585733,129.0899485,13.11355889,55.73857781,4.612527797
corridor_0,8895,8895,65,69,1143950,1733350,35.5857475,129.0888452,13.3386184,55.96363732,4.837587306
corridor_0,8896,8896,64,69,1143850,1733350,35.5857621,129.0877418,13.44222939,56.06724831,4.941198298
corridor_0,8897,8897,63,69,1143750,1733350,35.5857766,129.0866384,13.57043373,56.19545266,5.069402644
corridor_0,8898,8898,62,69,1143650,1733350,35.5857911,129.0855351,13.58631813,56.21133706,5.085287044
corridor_0,8899,8899,61,69,1143550,1733350,35.5858056,129.0844317,13.54439461,56.16941354,5.043363521
corridor_0,8900,8900,60,69,1143450,1733350,35.5858201,129.0833283,13.46305382,56.08807275,4.962022731
corridor_0,8901,8901,59,69,1143350,1733350,35.5858346,129.082225,13.29408944,55.91910836,4.793058345
corridor_0,8902,8902,58,69,1143250,1733350,35.5858491,129.0811216,13.18346321,55.80848214,4.682432124
corridor_0,8903,8903,57,69,1143150,1733350,35.5858636,129.0800182,13.02516472,55.65018365,4.524133632
corridor_0,8904,8904,56,69,1143050,1733350,35.585878,129.0789148,12.89671624,55.52173516,4.395685145
corridor_0,8905,8905,55,69,1142950,1733350,35.5858925,129.0778115,12.76218712,55.38720605,4.261156032
corridor_0,8906,8906,54,69,1142850,1733350,35.5859069,129.0767081,12.6179229,55.24294183,4.11689181
corridor_0,8907,8907,53,69,1142750,1733350,35.5859214,129.0756047,12.48133004,55.10634896,3.980298945
corridor_0,8908,8908,52,69,1142650,1733350,35.5859358,129.0745013,12.35326302,54.97828194,3.852231929
corridor_0,8909,8909,51,69,1142550,1733350,35.5859502,129.0733979,12.32184136,54.94686028,3.820810267
corridor_0,8910,8910,50,69,1142450,1733350,35.5859646,129.0722946,12.2000457,54.82506463,3.699014613
corridor_0,8911,8911,49,69,1142350,1733350,35.585979,129.0711912,11.95180809,54.57682702,3.450777003
corridor_0,8912,8912,48,69,1142250,1733350,35.5859934,129.0700878,11.73360741,54.35862634,3.23257632
corridor_0,8913,8913,47,69,1142150,1733350,35.5860077,129.0689844,11.2709533,53.89597222,2.769922206
corridor_0,8914,8914,46,69,1142050,1733350,35.5860221,129.067881,10.02976143,52.65478036,1.528730342
corridor_0,8915,8915,45,69,1141950,1733350,35.5860365,129.0667777,9.478640675,52.1036596,0.977609584
corridor_0,8916,8916,44,69,1141850,1733350,35.5860508,129.0656743,8.812396168,51.43741509,0.311365077
corridor_0,8917,8917,43,69,1141750,1733350,35.5860651,129.0645709,8.180590748,50.80560967,-0.320440343
corridor_0,8918,8918,42,69,1141650,1733350,35.5860795,129.0634675,7.45966637,50.08468529,-1.04136472
corridor_0,8919,8919,41,69,1141550,1733350,35.5860938,129.0623641,6.769271015,49.39428994,-1.731760076
corridor_0,8920,8920,40,69,1141450,1733350,35.5861081,129.0612607,6.073619007,48.69863793,-2.427412084
corridor_0,8921,8921,39,69,1141350,1733350,35.5861224,129.0601573,5.381762623,48.00678155,-3.119268468
corridor_0,8922,8922,38,69,1141250,1733350,35.5861366,129.0590539,4.74772942,47.37274834,-3.753301671
corridor_0,8923,8923,37,69,1141150,1733350,35.5861509,129.0579506,4.005355,46.63037392,-4.495676091
corridor_0,8924,8924,36,69,1141050,1733350,35.5861652,129.0568472,3.321059345,45.94607827,-5.179971745
corridor_0,8925,8925,35,69,1140950,1733350,35.5861794,129.0557438,2.618266224,45.24328515,-5.882764867
corridor_0,8926,8926,34,69,1140850,1733350,35.5861937,129.0546404,1.922335743,44.54735467,-6.578695348
corridor_0,8927,8927,33,69,1140750,1733350,35.5862079,129.053537,1.210963368,43.83598229,-7.290067723
corridor_0,8928,8928,32,69,1140650,1733350,35.5862221,129.0524336,0.325774311,42.95079324,-8.17525678
corridor_0,8929,8929,31,69,1140550,1733350,35.5862363,129.0513302,-0.466458202,42.15856072,-8.967489293
corridor_0,8930,8930,30,69,1140450,1733350,35.5862505,129.0502268,-1.349907757,41.27511117,-9.850938848
corridor_0,8931,8931,29,69,1140350,1733350,35.5862647,129.0491234,-2.339787365,40.28523156,-10.84081846
corridor_0,8932,8932,28,69,1140250,1733350,35.5862789,129.04802,-3.446411968,39.17860696,-11.94744306
corridor_0,8933,8933,27,69,1140150,1733350,35.5862931,129.0469166,-5.29833305,37.32668587,-13.79936414
corridor_0,8987,8987,26,70,1140050,1733450,35.5872085,129.0458305,-13.8562001,28.76881882,-22.35723119
corridor_0,8988,8988,27,70,1140150,1733450,35.5871944,129.046934,-5.150143505,37.47487542,-13.6511746
corridor_0,8989,8989,28,70,1140250,1733450,35.5871802,129.0480374,-2.932579876,39.69243905,-11.43361097
corridor_0,8990,8990,29,70,1140350,1733450,35.587166,129.0491408,-1.897850872,40.72716805,-10.39888196
corridor_0,8991,8991,30,70,1140450,1733450,35.5871518,129.0502442,-0.944725872,41.68029305,-9.445756963
corridor_0,8992,8992,31,70,1140550,1733450,35.5871376,129.0513476,-0.099175335,42.52584359,-8.600206426
corridor_0,8993,8993,32,70,1140650,1733450,35.5871234,129.052451,0.829135059,43.45415398,-7.671896031
corridor_0,8994,8994,33,70,1140750,1733450,35.5871092,129.0535544,1.563059925,44.18807885,-6.937971166
corridor_0,8995,8995,34,70,1140850,1733450,35.587095,129.0546578,2.280135273,44.9051542,-6.220895818
corridor_0,8996,8996,35,70,1140950,1733450,35.5870807,129.0557612,2.973414539,45.59843346,-5.527616551
corridor_0,8997,8997,36,70,1141050,1733450,35.5870665,129.0568646,3.650492786,46.27551171,-4.850538304
corridor_0,8998,8998,37,70,1141150,1733450,35.5870522,129.057968,4.396964192,47.02198312,-4.104066899
corridor_0,8999,8999,38,70,1141250,1733450,35.587038,129.0590714,5.090071796,47.71509072,-3.410959294
corridor_0,9000,9000,39,70,1141350,1733450,35.5870237,129.0601748,5.784365772,48.4093847,-2.716665318
corridor_0,9001,9001,40,70,1141450,1733450,35.5870094,129.0612782,6.50598061,49.13099953,-1.995050481
corridor_0,9002,9002,41,70,1141550,1733450,35.5869951,129.0623816,7.220149159,49.84516808,-1.280881932
corridor_0,9003,9003,42,70,1141650,1733450,35.5869808,129.063485,7.954512714,50.57953164,-0.546518376
corridor_0,9004,9004,43,70,1141750,1733450,35.5869665,129.0645884,8.721476673,51.3464956,0.220445582
corridor_0,9005,9005,44,70,1141850,1733450,35.5869521,129.0656918,9.405432819,52.03045174,0.904401729
corridor_0,9006,9006,45,70,1141950,1733450,35.5869378,129.0667952,10.06564248,52.6906614,1.564611384
corridor_0,9007,9007,46,70,1142050,1733450,35.5869234,129.0678986,11.4692527,54.09427163,2.968221614
corridor_0,9008,9008,47,70,1142150,1733450,35.5869091,129.069002,11.96272194,54.58774087,3.461690852
corridor_0,9009,9009,48,70,1142250,1733450,35.5868947,129.0701054,12.1388694,54.76388833,3.637838313
corridor_0,9010,9010,49,70,1142350,1733450,35.5868803,129.0712088,12.47305977,55.0980787,3.972028682
corridor_0,9011,9011,50,70,1142450,1733450,35.5868659,129.0723122,12.59641182,55.22143075,4.095380733
corridor_0,9012,9012,51,70,1142550,1733450,35.5868515,129.0734156,12.70185387,55.32687279,4.20082278
corridor_0,9013,9013,52,70,1142650,1733450,35.5868371,129.074519,12.81059182,55.43561074,4.309560725
corridor_0,9014,9014,53,70,1142750,1733450,35.5868227,129.0756224,12.95115197,55.57617089,4.450120875
corridor_0,9015,9015,54,70,1142850,1733450,35.5868082,129.0767258,13.0638572,55.68887612,4.562826106
corridor_0,9016,9016,55,70,1142950,1733450,35.5867938,129.0778291,13.22199166,55.84701058,4.720960567
corridor_0,9017,9017,56,70,1143050,1733450,35.5867794,129.0789325,13.35766899,55.98268792,4.856637904
corridor_0,9018,9018,57,70,1143150,1733450,35.5867649,129.0800359,13.47422707,56.09924599,4.973195979
corridor_0,9019,9019,58,70,1143250,1733450,35.5867504,129.0811393,13.55906212,56.18408105,5.058031032
corridor_0,9020,9020,59,70,1143350,1733450,35.5867359,129.0822427,13.64427102,56.26928994,5.143239924
corridor_0,9021,9021,60,70,1143450,1733450,35.5867214,129.0833461,13.72709572,56.35211465,5.226064631
corridor_0,9022,9022,61,70,1143550,1733450,35.5867069,129.0844495,13.78864205,56.41366097,5.287610957
corridor_0,9023,9023,62,70,1143650,1733450,35.5866924,129.0855528,13.77747261,56.40249154,5.276441524
corridor_0,9024,9024,63,70,1143750,1733450,35.5866779,129.0866562,13.73043358,56.35545251,5.229402492
corridor_0,9025,9025,64,70,1143850,1733450,35.5866634,129.0877596,13.59444344,56.21946236,5.093412349
corridor_0,9026,9026,65,70,1143950,1733450,35.5866488,129.088863,13.37191689,55.99693581,4.870885798
corridor_0,9027,9027,66,70,1144050,1733450,35.5866343,129.0899664,13.14813149,55.77315041,4.647100398
corridor_0,9028,9028,67,70,1144150,1733450,35.5866197,129.0910697,12.88489067,55.5099096,4.383859584
corridor_0,9029,9029,68,70,1144250,1733450,35.5866051,129.0921731,12.63193428,55.25695321,4.130903193
corridor_0,9030,9030,69,70,1144350,1733450,35.5865905,129.0932765,12.4008857,55.02590462,3.899854609
corridor_0,9031,9031,70,70,1144450,1733450,35.586576,129.0943799,12.16974175,54.79476067,3.668710658
corridor_0,9032,9032,71,70,1144550,1733450,35.5865614,129.0954833,11.94463646,54.56965539,3.443605372
corridor_0,9033,9033,72,70,1144650,1733450,35.5865467,129.0965866,11.79819405,54.42321297,3.297162959
corridor_0,9034,9034,73,70,1144750,1733450,35.5865321,129.09769,11.66434014,54.28935906,3.163309047
corridor_0,9035,9035,74,70,1144850,1733450,35.5865175,129.0987934,11.60574257,54.2307615,3.104711482
corridor_0,9036,9036,75,70,1144950,1733450,35.5865028,129.0998968,11.61958992,54.24460885,3.118558833
corridor_0,9037,9037,76,70,1145050,1733450,35.5864882,129.1010001,11.74499047,54.37000939,3.243959376
corridor_0,9038,9038,77,70,1145150,1733450,35.5864735,129.1021035,11.7883445,54.41336343,3.287313411
corridor_0,9039,9039,78,70,1145250,1733450,35.5864588,129.1032069,11.91026986,54.53528878,3.409238765
corridor_0,9040,9040,79,70,1145350,1733450,35.5864442,129.1043102,11.50055993,54.12557885,2.999528834
corridor_0,9041,9041,80,70,1145450,1733450,35.5864295,129.1054136,11.69066536,54.31568429,3.189634273
corridor_0,9042,9042,81,70,1145550,1733450,35.5864148,129.106517,11.74609291,54.37111184,3.245061824
corridor_0,9043,9043,82,70,1145650,1733450,35.5864,129.1076203,11.69654381,54.32156274,3.195512721
corridor_0,9044,9044,83,70,1145750,1733450,35.5863853,129.1087237,11.6524421,54.27746102,3.151411006
corridor_0,9045,9045,84,70,1145850,1733450,35.5863706,129.1098271,11.72533333,54.35035226,3.224302241
corridor_0,9046,9046,85,70,1145950,1733450,35.5863558,129.1109304,11.61945259,54.24447152,3.118421504
corridor_0,9047,9047,86,70,1146050,1733450,35.5863411,129.1120338,11.24988854,53.87490746,2.748857448
corridor_0,9048,9048,87,70,1146150,1733450,35.5863263,129.1131372,11.04305565,53.66807458,2.542024562
corridor_0,9049,9049,88,70,1146250,1733450,35.5863115,129.1142405,10.986045,53.61106393,2.485013911
corridor_0,9050,9050,89,70,1146350,1733450,35.5862967,129.1153439,10.73279869,53.35781762,2.231767604
corridor_0,9051,9051,90,70,1146450,1733450,35.586282,129.1164473,10.36384499,52.98886391,1.862813899
corridor_0,9052,9052,91,70,1146550,1733450,35.5862671,129.1175506,10.07557595,52.70059487,1.574544856
corridor_0,9053,9053,92,70,1146650,1733450,35.5862523,129.118654,9.707617878,52.3326368,1.206586787
corridor_0,9054,9054,93,70,1146750,1733450,35.5862375,129.1197573,9.309443592,51.93446252,0.808412501
corridor_0,9055,9055,94,70,1146850,1733450,35.5862227,129.1208607,8.818713306,51.44373223,0.317682216
corridor_0,9056,9056,95,70,1146950,1733450,35.5862078,129.1219641,8.405451893,51.03047082,-0.095579198
corridor_0,9057,9057,96,70,1147050,1733450,35.586193,129.1230674,7.994475483,50.61949441,-0.506555608
corridor_0,9058,9058,97,70,1147150,1733450,35.5861781,129.1241708,7.65643227,50.28145119,-0.844598821
corridor_0,9059,9059,98,70,1147250,1733450,35.5861632,129.1252741,7.159728169,49.78474709,-1.341302922
corridor_0,9060,9060,99,70,1147350,1733450,35.5861483,129.1263775,6.674067616,49.29908654,-1.826963475
corridor_0,9061,9061,100,70,1147450,1733450,35.5861334,129.1274808,6.181788563,48.80680749,-2.319242528
corridor_0,9062,9062,101,70,1147550,1733450,35.5861185,129.1285842,5.707476734,48.33249566,-2.793554357
corridor_0,9063,9063,102,70,1147650,1733450,35.5861036,129.1296875,5.218039631,47.84305856,-3.28299146
corridor_0,9064,9064,103,70,1147750,1733450,35.5860887,129.1307909,4.715056538,47.34007546,-3.785974553
corridor_0,9065,9065,104,70,1147850,1733450,35.5860737,129.1318942,4.266291737,46.89131066,-4.234739354
corridor_0,9066,9066,105,70,1147950,1733450,35.5860588,129.1329976,3.748076557,46.37309548,-4.752954534
corridor_0,9067,9067,106,70,1148050,1733450,35.5860438,129.1341009,3.206278919,45.83129784,-5.294752172
corridor_0,9068,9068,107,70,1148150,1733450,35.5860289,129.1352043,2.744063496,45.36908242,-5.756967595
corridor_0,9069,9069,108,70,1148250,1733450,35.5860139,129.1363076,2.07944405,44.70446297,-6.421587041
corridor_0,9070,9070,109,70,1148350,1733450,35.5859989,129.137411,1.589312672,44.2143316,-6.911718419
corridor_0,9071,9071,110,70,1148450,1733450,35.5859839,129.1385143,0.811789631,43.43680856,-7.68924146
corridor_0,9072,9072,111,70,1148550,1733450,35.5859689,129.1396177,0.299319386,42.92433831,-8.201711705
corridor_0,9073,9073,112,70,1148650,1733450,35.5859539,129.140721,-0.577607037,42.04741189,-9.078638127
corridor_0,9074,9074,113,70,1148750,1733450,35.5859389,129.1418243,-1.367512585,41.25750634,-9.868543675
corridor_0,9075,9075,114,70,1148850,1733450,35.5859238,129.1429277,-2.534268261,40.09075066,-11.03529935
corridor_0,9076,9076,115,70,1148950,1733450,35.5859088,129.144031,-3.946167828,38.6788511,-12.44719892
corridor_0,9100,9100,116,71,1149050,1733550,35.586795,129.1451528,-11.01739013,31.60762879,-19.51842122
corridor_0,9101,9101,115,71,1148950,1733550,35.5868101,129.1440495,-2.989388348,39.63563058,-11.49041944
corridor_0,9102,9102,114,71,1148850,1733550,35.5868251,129.1429461,-1.751881481,40.87313744,-10.25291257
corridor_0,9103,9103,113,71,1148750,1733550,35.5868401,129.1418427,-0.908600689,41.71641824,-9.40963178
corridor_0,9104,9104,112,71,1148650,1733550,35.5868552,129.1407394,0.029723286,42.65474221,-8.471307805
corridor_0,9105,9105,111,71,1148550,1733550,35.5868702,129.139636,0.711768269,43.33678719,-7.789262822
corridor_0,9106,9106,110,71,1148450,1733550,35.5868852,129.1385327,1.351878285,43.97689721,-7.149152806
corridor_0,9107,9107,109,71,1148350,1733550,35.5869002,129.1374293,1.984355091,44.60937402,-6.516676
corridor_0,9108,9108,108,71,1148250,1733550,35.5869152,129.136326,2.576365589,45.20138451,-5.924665502
corridor_0,9109,9109,107,71,1148150,1733550,35.5869302,129.1352226,3.149241566,45.77426049,-5.351789525
corridor_0,9110,9110,106,71,1148050,1733550,35.5869451,129.1341192,3.621070026,46.24608895,-4.879961064
corridor_0,9111,9111,105,71,1147950,1733550,35.5869601,129.1330159,4.170333027,46.79535195,-4.330698064
corridor_0,9112,9112,104,71,1147850,1733550,35.586975,129.1319125,4.704783558,47.32980248,-3.796247533
corridor_0,9113,9113,103,71,1147750,1733550,35.58699,129.1308092,5.162593006,47.78761193,-3.338438085
corridor_0,9114,9114,102,71,1147650,1733550,35.5870049,129.1297058,5.67766106,48.30267998,-2.82337003
corridor_0,9115,9115,101,71,1147550,1733550,35.5870198,129.1286024,6.179885029,48.80490395,-2.321146062
corridor_0,9116,9116,100,71,1147450,1733550,35.5870347,129.1274991,6.66707909,49.29209801,-1.833952001
corridor_0,9117,9117,99,71,1147350,1733550,35.5870496,129.1263957,7.143496632,49.76851556,-1.357534459
corridor_0,9118,9118,98,71,1147250,1733550,35.5870645,129.1252923,7.735251545,50.36027047,-0.765779546
corridor_0,9119,9119,97,71,1147150,1733550,35.5870794,129.124189,8.250250935,50.87526986,-0.250780156
corridor_0,9120,9120,96,71,1147050,1733550,35.5870943,129.1230856,8.740023731,51.36504266,0.23899264
corridor_0,9121,9121,95,71,1146950,1733550,35.5871091,129.1219822,9.166133045,51.79115197,0.665101954
corridor_0,9122,9122,94,71,1146850,1733550,35.587124,129.1208789,9.413508534,52.03852746,0.912477443
corridor_0,9123,9123,93,71,1146750,1733550,35.5871388,129.1197755,9.779700398,52.40471932,1.278669307
corridor_0,9124,9124,92,71,1146650,1733550,35.5871536,129.1186721,10.15367806,52.77869698,1.652646968
corridor_0,9125,9125,91,71,1146550,1733550,35.5871684,129.1175688,10.48318398,53.1082029,1.982152888
corridor_0,9126,9126,90,71,1146450,1733550,35.5871833,129.1164654,10.74018776,53.36520669,2.239156672
corridor_0,9127,9127,89,71,1146350,1733550,35.587198,129.115362,10.97587883,53.60089776,2.474847743
corridor_0,9128,9128,88,71,1146250,1733550,35.5872128,129.1142586,11.25918114,53.88420007,2.75815005
corridor_0,9129,9129,87,71,1146150,1733550,35.5872276,129.1131553,11.31361306,53.93863198,2.812581965
corridor_0,9130,9130,86,71,1146050,1733550,35.5872424,129.1120519,11.41082299,54.03584191,2.909791896
corridor_0,9131,9131,85,71,1145950,1733550,35.5872571,129.1109485,11.52848732,54.15350625,3.027456233
corridor_0,9132,9132,84,71,1145850,1733550,35.5872719,129.1098451,11.58052361,54.20554253,3.079492518
corridor_0,9133,9133,83,71,1145750,1733550,35.5872866,129.1087417,11.55063164,54.17565057,3.049600551
corridor_0,9134,9134,82,71,1145650,1733550,35.5873013,129.1076384,11.5332061,54.15822503,3.032175014
corridor_0,9135,9135,81,71,1145550,1733550,35.5873161,129.106535,11.5917083,54.21672723,3.090677211
corridor_0,9136,9136,80,71,1145450,1733550,35.5873308,129.1054316,11.49317086,54.11818978,2.992139766
corridor_0,9137,9137,79,71,1145350,1733550,35.5873455,129.1043282,11.99577629,54.62079522,3.494745204
corridor_0,9138,9138,78,71,1145250,1733550,35.5873601,129.1032248,11.86176217,54.48678109,3.360731074
corridor_0,9139,9139,77,71,1145150,1733550,35.5873748,129.1021215,11.83639061,54.46140954,3.335359523
corridor_0,9140,9140,76,71,1145050,1733550,35.5873895,129.1010181,11.74859536,54.37361428,3.247564265
corridor_0,9141,9141,75,71,1144950,1733550,35.5874041,129.0999147,11.66831505,54.29333398,3.167283961
corridor_0,9142,9142,74,71,1144850,1733550,35.5874188,129.0988113,11.68538201,54.31040093,3.184350917
corridor_0,9143,9143,73,71,1144750,1733550,35.5874334,129.0977079,11.8063041,54.43132302,3.305273005
corridor_0,9144,9144,72,71,1144650,1733550,35.587448,129.0966045,11.96014321,54.58516213,3.459112117
corridor_0,9145,9145,71,71,1144550,1733550,35.5874627,129.0955011,12.06938469,54.69440362,3.568353602
corridor_0,9146,9146,70,71,1144450,1733550,35.5874773,129.0943978,12.28447258,54.90949151,3.783441493
corridor_0,9147,9147,69,71,1144350,1733550,35.5874919,129.0932944,12.50250924,55.12752816,4.001478145
corridor_0,9148,9148,68,71,1144250,1733550,35.5875064,129.092191,12.7448684,55.36988732,4.243837306
corridor_0,9149,9149,67,71,1144150,1733550,35.587521,129.0910876,12.97440636,55.59942529,4.47337527
corridor_0,9150,9150,66,71,1144050,1733550,35.5875356,129.0899842,13.23532784,55.86034676,4.734296748
corridor_0,9151,9151,65,71,1143950,1733550,35.5875501,129.0888808,13.49389565,56.11891457,4.992864558
corridor_0,9152,9152,64,71,1143850,1733550,35.5875647,129.0877774,13.72656548,56.3515844,5.225534389
corridor_0,9153,9153,63,71,1143750,1733550,35.5875792,129.086674,13.87383568,56.49885461,5.372804591
corridor_0,9154,9154,62,71,1143650,1733550,35.5875937,129.0855706,13.94985878,56.57487771,5.448827693
corridor_0,9155,9155,61,71,1143550,1733550,35.5876082,129.0844672,13.9479171,56.57293603,5.446886012
corridor_0,9156,9156,60,71,1143450,1733550,35.5876228,129.0833638,13.919963,56.54498193,5.418931911
corridor_0,9157,9157,59,71,1143350,1733550,35.5876372,129.0822604,13.92083275,56.54585168,5.419801661
corridor_0,9158,9158,58,71,1143250,1733550,35.5876517,129.081157,13.87088311,56.49590203,5.369852015
corridor_0,9159,9159,57,71,1143150,1733550,35.5876662,129.0800536,13.75427544,56.37929436,5.253244349
corridor_0,9160,9160,56,71,1143050,1733550,35.5876807,129.0789502,13.66767037,56.29268929,5.166639277
corridor_0,9161,9161,55,71,1142950,1733550,35.5876951,129.0778468,13.55484307,56.17986199,5.053811976
corridor_0,9162,9162,54,71,1142850,1733550,35.5877096,129.0767434,13.41982567,56.0448446,4.918794581
corridor_0,9163,9163,53,71,1142750,1733550,35.587724,129.07564,13.32569802,55.95071694,4.824666926
corridor_0,9164,9164,52,71,1142650,1733550,35.5877384,129.0745366,13.21458733,55.83960625,4.713556239
corridor_0,9165,9165,51,71,1142550,1733550,35.5877528,129.0734332,13.07384789,55.69886681,4.572816798
corridor_0,9166,9166,50,71,1142450,1733550,35.5877672,129.0723298,12.94457543,55.56959435,4.443544337
corridor_0,9167,9167,49,71,1142350,1733550,35.5877816,129.0712264,12.79097664,55.41599557,4.289945552
corridor_0,9168,9168,48,71,1142250,1733550,35.587796,129.070123,12.60232079,55.22733971,4.101289699
corridor_0,9169,9169,47,71,1142150,1733550,35.5878104,129.0690196,12.35265648,54.97767541,3.851625392
corridor_0,9170,9170,46,71,1142050,1733550,35.5878247,129.0679162,11.934291,54.55930993,3.433259913
corridor_0,9171,9171,45,71,1141950,1733550,35.5878391,129.0668128,11.31614983,53.94116875,2.815118739
corridor_0,9172,9172,44,71,1141850,1733550,35.5878534,129.0657094,9.877368092,52.50238702,1.376337001
corridor_0,9173,9173,43,71,1141750,1733550,35.5878678,129.064606,9.185801624,51.81082055,0.684770534
corridor_0,9174,9174,42,71,1141650,1733550,35.5878821,129.0635025,8.397997974,51.0230169,-0.103033116
corridor_0,9175,9175,41,71,1141550,1733550,35.5878964,129.0623991,7.660452961,50.28547189,-0.84057813
corridor_0,9176,9176,40,71,1141450,1733550,35.5879107,129.0612957,6.909564137,49.53458306,-1.591466954
corridor_0,9177,9177,39,71,1141350,1733550,35.587925,129.0601923,6.140372395,48.76539132,-2.360658696
corridor_0,9178,9178,38,71,1141250,1733550,35.5879393,129.0590889,5.432219624,48.05723855,-3.068811467
corridor_0,9179,9179,37,71,1141150,1733550,35.5879536,129.0579855,4.752650379,47.3776693,-3.748380712
corridor_0,9180,9180,36,71,1141050,1733550,35.5879678,129.0568821,4.010760426,46.63577935,-4.490270665
corridor_0,9181,9181,35,71,1140950,1733550,35.5879821,129.0557787,3.318015217,45.94303414,-5.183015874
corridor_0,9182,9182,34,71,1140850,1733550,35.5879963,129.0546752,2.598544239,45.22356316,-5.902486852
corridor_0,9183,9183,33,71,1140750,1733550,35.5880105,129.0535718,1.88841927,44.51343819,-6.612611821
corridor_0,9184,9184,32,71,1140650,1733550,35.5880248,129.0524684,1.142233967,43.76725289,-7.358797124
corridor_0,9185,9185,31,71,1140550,1733550,35.588039,129.051365,0.219473957,42.84449288,-8.281557134
corridor_0,9186,9186,30,71,1140450,1733550,35.5880532,129.0502616,-0.597142101,42.02787682,-9.098173192
corridor_0,9187,9187,29,71,1140350,1733550,35.5880674,129.0491581,-1.749619366,40.87539956,-10.25065046
corridor_0,9188,9188,28,71,1140250,1733550,35.5880815,129.0480547,-2.811783672,39.81323525,-11.31281476
corridor_0,9189,9189,27,71,1140150,1733550,35.5880957,129.0469513,-4.49143684,38.13358208,-12.99246793
corridor_0,9190,9190,26,71,1140050,1733550,35.5881099,129.0458479,-9.013678432,33.61134049,-17.51470952
corridor_0,9243,9243,26,72,1140050,1733650,35.5890112,129.0458652,-7.685175777,34.93984315,-16.18620687
corridor_0,9244,9244,27,72,1140150,1733650,35.588997,129.0469686,-3.927964092,38.69705483,-12.42899518
corridor_0,9245,9245,28,72,1140250,1733650,35.5889829,129.0480721,-2.380535961,40.24448296,-10.88156705
corridor_0,9246,9246,29,72,1140350,1733650,35.5889687,129.0491755,-1.376564861,41.24845406,-9.877595952
corridor_0,9247,9247,30,72,1140450,1733650,35.5889545,129.0502789,-0.470009685,42.15500924,-8.971040776
corridor_0,9248,9248,31,72,1140550,1733650,35.5889403,129.0513824,0.519343494,43.14436242,-7.981687596
corridor_0,9249,9249,32,72,1140650,1733650,35.5889261,129.0524858,1.321841358,43.94686028,-7.179189733
corridor_0,9250,9250,33,72,1140750,1733650,35.5889119,129.0535892,2.068942188,44.69396111,-6.432088902
corridor_0,9251,9251,34,72,1140850,1733650,35.5888976,129.0546927,2.89654839,45.52156731,-5.604482701
corridor_0,9252,9252,35,72,1140950,1733650,35.5888834,129.0557961,3.614016651,46.23903558,-4.88701444
corridor_0,9253,9253,36,72,1141050,1733650,35.5888691,129.0568995,4.315642475,46.9406614,-4.185388616
corridor_0,9254,9254,37,72,1141150,1733650,35.5888549,129.0580029,5.070239185,47.69525811,-3.430791905
corridor_0,9255,9255,38,72,1141250,1733650,35.5888406,129.0591064,5.820208668,48.44522759,-2.680822423
corridor_0,9256,9256,39,72,1141350,1733650,35.5888263,129.0602098,6.512328266,49.13734719,-1.988702825
corridor_0,9257,9257,40,72,1141450,1733650,35.588812,129.0613132,7.288233875,49.9132528,-1.212797215
corridor_0,9258,9258,41,72,1141550,1733650,35.5887977,129.0624167,8.074893116,50.69991204,-0.426137975
corridor_0,9259,9259,42,72,1141650,1733650,35.5887834,129.0635201,8.838202595,51.46322152,0.337171504
corridor_0,9260,9260,43,72,1141750,1733650,35.5887691,129.0646235,9.596778034,52.22179696,1.095746943
corridor_0,9261,9261,44,72,1141850,1733650,35.5887548,129.0657269,10.31077492,52.93579385,1.809743831
corridor_0,9262,9262,45,72,1141950,1733650,35.5887404,129.0668303,11.81736672,54.44238564,3.316335628
corridor_0,9263,9263,46,72,1142050,1733650,35.5887261,129.0679338,12.33367455,54.95869347,3.832643458
corridor_0,9264,9264,47,72,1142150,1733650,35.5887117,129.0690372,12.67466271,55.29968163,4.173631618
corridor_0,9265,9265,48,72,1142250,1733650,35.5886973,129.0701406,12.89991295,55.52493188,4.398881862
corridor_0,9266,9266,49,72,1142350,1733650,35.5886829,129.071244,13.09905922,55.72407815,4.598028132
corridor_0,9267,9267,50,72,1142450,1733650,35.5886686,129.0723474,13.20053399,55.82555291,4.699502894
corridor_0,9268,9268,51,72,1142550,1733650,35.5886541,129.0734509,13.32178032,55.94679925,4.820749232
corridor_0,9269,9269,52,72,1142650,1733650,35.5886397,129.0745543,13.41761315,56.04263207,4.916582057
corridor_0,9270,9270,53,72,1142750,1733650,35.5886253,129.0756577,13.542472,56.16749093,5.041440913
corridor_0,9271,9271,54,72,1142850,1733650,35.5886109,129.0767611,13.64566719,56.27068612,5.144636104
corridor_0,9272,9272,55,72,1142950,1733650,35.5885964,129.0778645,13.76879799,56.39381692,5.267766902
corridor_0,9273,9273,56,72,1143050,1733650,35.588582,129.0789679,13.87570488,56.50072381,5.374673793
corridor_0,9274,9274,57,72,1143150,1733650,35.5885675,129.0800713,13.96179116,56.58681008,5.460760066
corridor_0,9275,9275,58,72,1143250,1733650,35.588553,129.0811748,14.06461251,56.68963143,5.563581416
corridor_0,9276,9276,59,72,1143350,1733650,35.5885386,129.0822782,14.11878121,56.74380013,5.617750117
corridor_0,9277,9277,60,72,1143450,1733650,35.5885241,129.0833816,14.12156212,56.74658105,5.620531032
corridor_0,9278,9278,61,72,1143550,1733650,35.5885096,129.084485,14.145877,56.77089593,5.644845912
corridor_0,9279,9279,62,72,1143650,1733650,35.588495,129.0855884,14.13611901,56.76113793,5.635087916
corridor_0,9280,9280,63,72,1143750,1733650,35.5884805,129.0866918,14.05698311,56.68200204,5.555952022
corridor_0,9281,9281,64,72,1143850,1733650,35.588466,129.0877952,13.89361107,56.51863,5.392579982
corridor_0,9282,9282,65,72,1143950,1733650,35.5884514,129.0888986,13.67888558,56.3039045,5.177854487
corridor_0,9283,9283,66,72,1144050,1733650,35.5884369,129.090002,13.41391289,56.03893182,4.912881801
corridor_0,9284,9284,67,72,1144150,1733650,35.5884223,129.0911054,13.1607734,55.78579232,4.659742305
corridor_0,9285,9285,68,72,1144250,1733650,35.5884077,129.0922088,12.92168724,55.54670617,4.420656154
corridor_0,9286,9286,69,72,1144350,1733650,35.5883932,129.0933122,12.68675911,55.31177804,4.185728023
corridor_0,9287,9287,70,72,1144450,1733650,35.5883786,129.0944156,12.45591271,55.08093163,3.954881618
corridor_0,9288,9288,71,72,1144550,1733650,35.588364,129.095519,12.25617897,54.8811979,3.755147883
corridor_0,9289,9289,72,72,1144650,1733650,35.5883493,129.0966224,12.12294686,54.74796578,3.621915767
corridor_0,9290,9290,73,72,1144750,1733650,35.5883347,129.0977258,11.9791671,54.60418603,3.478136012
corridor_0,9291,9291,74,72,1144850,1733650,35.5883201,129.0988292,11.83002388,54.45504281,3.328992793
corridor_0,9292,9292,75,72,1144950,1733650,35.5883054,129.0999326,11.77708733,54.40210625,3.276056239
corridor_0,9293,9293,76,72,1145050,1733650,35.5882908,129.101036,11.79574883,54.42076775,3.294717738
corridor_0,9294,9294,77,72,1145150,1733650,35.5882761,129.1021394,11.80137551,54.42639443,3.300344417
corridor_0,9295,9295,78,72,1145250,1733650,35.5882614,129.1032428,11.76457512,54.38959405,3.263544032
corridor_0,9296,9296,79,72,1145350,1733650,35.5882468,129.1043462,11.77338326,54.39840218,3.272352168
corridor_0,9297,9297,80,72,1145450,1733650,35.5882321,129.1054496,11.85320961,54.47822854,3.352178523
corridor_0,9298,9298,81,72,1145550,1733650,35.5882174,129.106553,11.33553231,53.96055123,2.834501216
corridor_0,9299,9299,82,72,1145650,1733650,35.5882026,129.1076564,11.35155785,53.97657677,2.850526759
corridor_0,9300,9300,83,72,1145750,1733650,35.5881879,129.1087598,11.37787545,54.00289437,2.876844356
corridor_0,9301,9301,84,72,1145850,1733650,35.5881732,129.1098632,11.40076744,54.02578637,2.899736354
corridor_0,9302,9302,85,72,1145950,1733650,35.5881584,129.1109666,11.41170037,54.03671929,2.910669276
corridor_0,9303,9303,86,72,1146050,1733650,35.5881437,129.1120699,11.42264092,54.04765984,2.921609828
corridor_0,9304,9304,87,72,1146150,1733650,35.5881289,129.1131733,11.39523232,54.02025124,2.894201228
corridor_0,9305,9305,88,72,1146250,1733650,35.5881141,129.1142767,11.32545388,53.9504728,2.824422786
corridor_0,9306,9306,89,72,1146350,1733650,35.5880993,129.1153801,11.23240578,53.85742471,2.73137469
corridor_0,9307,9307,90,72,1146450,1733650,35.5880845,129.1164835,11.06635964,53.69137856,2.565328547
corridor_0,9308,9308,91,72,1146550,1733650,35.5880697,129.1175869,10.86002648,53.4850454,2.358995387
corridor_0,9309,9309,92,72,1146650,1733650,35.5880549,129.1186903,10.60272515,53.22774407,2.101694057
corridor_0,9310,9310,93,72,1146750,1733650,35.5880401,129.1197937,10.29229653,52.91731545,1.791265437
corridor_0,9311,9311,94,72,1146850,1733650,35.5880253,129.120897,10.07059777,52.69561669,1.569566676
corridor_0,9312,9312,95,72,1146950,1733650,35.5880104,129.1220004,9.972437977,52.5974569,1.471406886
corridor_0,9313,9313,96,72,1147050,1733650,35.5879956,129.1231038,9.616229176,52.2412481,1.115198085
corridor_0,9314,9314,97,72,1147150,1733650,35.5879807,129.1242072,8.917182087,51.54220101,0.416150996
corridor_0,9315,9315,98,72,1147250,1733650,35.5879658,129.1253106,8.16512215,50.79014108,-0.33590894
corridor_0,9316,9316,99,72,1147350,1733650,35.5879509,129.1264139,7.660323261,50.28534219,-0.840707829
corridor_0,9317,9317,100,72,1147450,1733650,35.587936,129.1275173,7.152537464,49.77755639,-1.348493627
corridor_0,9318,9318,101,72,1147550,1733650,35.5879211,129.1286207,6.694663166,49.31968209,-1.806367925
corridor_0,9319,9319,102,72,1147650,1733650,35.5879062,129.1297241,6.182055592,48.80707452,-2.318975499
corridor_0,9320,9320,103,72,1147750,1733650,35.5878913,129.1308274,5.619216084,48.24423501,-2.881815007
corridor_0,9321,9321,104,72,1147850,1733650,35.5878763,129.1319308,5.130389332,47.75540826,-3.370641759
corridor_0,9322,9322,105,72,1147950,1733650,35.5878614,129.1330342,4.584620594,47.20963952,-3.916410497
corridor_0,9323,9323,106,72,1148050,1733650,35.5878464,129.1341376,4.10211861,46.72713753,-4.39891248
corridor_0,9324,9324,107,72,1148150,1733650,35.5878315,129.1352409,3.538313984,46.16333291,-4.962717107
corridor_0,9325,9325,108,72,1148250,1733650,35.5878165,129.1363443,2.964236378,45.5892553,-5.536794713
corridor_0,9326,9326,109,72,1148350,1733650,35.5878015,129.1374477,2.373919605,44.99893853,-6.127111485
corridor_0,9327,9327,110,72,1148450,1733650,35.5877865,129.138551,1.859767078,44.484786,-6.641264012
corridor_0,9328,9328,111,72,1148550,1733650,35.5877715,129.1396544,1.102980732,43.72799966,-7.398050359
corridor_0,9329,9329,112,72,1148650,1733650,35.5877565,129.1407578,0.433707356,43.05872628,-8.067323735
corridor_0,9330,9330,113,72,1148750,1733650,35.5877414,129.1418612,-0.473118664,42.15190026,-8.974149755
corridor_0,9331,9331,114,72,1148850,1733650,35.5877264,129.1429645,-1.070393444,41.55462548,-9.571424535
corridor_0,9332,9332,115,72,1148950,1733650,35.5877113,129.1440679,-2.458310009,40.16670892,-10.9593411
corridor_0,9333,9333,116,72,1149050,1733650,35.5876963,129.1451712,-3.913399578,38.71161935,-12.41443067
corridor_0,9355,9355,117,73,1149150,1733750,35.5885825,129.1462931,-6.252095104,36.37292382,-14.75312619
corridor_0,9356,9356,116,73,1149050,1733750,35.5885976,129.1451897,-2.980740429,39.6442785,-11.48177152
corridor_0,9357,9357,115,73,1148950,1733750,35.5886126,129.1440863,-1.461487652,41.16353127,-9.962518743
corridor_0,9358,9358,114,73,1148850,1733750,35.5886277,129.1429829,-0.650853039,41.97416589,-9.15188413
corridor_0,9359,9359,113,73,1148750,1733750,35.5886427,129.1418796,0.263602375,42.8886213,-8.237428716
corridor_0,9360,9360,112,73,1148650,1733750,35.5886577,129.1407762,0.821406483,43.44642541,-7.679624608
corridor_0,9361,9361,111,73,1148550,1733750,35.5886728,129.1396728,1.501921772,44.1269407,-6.999109319
corridor_0,9362,9362,110,73,1148450,1733750,35.5886878,129.1385694,2.236991047,44.86200997,-6.264040044
corridor_0,9363,9363,109,73,1148350,1733750,35.5887028,129.137466,2.753996967,45.37901589,-5.747034123
corridor_0,9364,9364,108,73,1148250,1733750,35.5887178,129.1363627,3.341445088,45.96646401,-5.159586003
corridor_0,9365,9365,107,73,1148150,1733750,35.5887327,129.1352593,3.923586964,46.54860589,-4.577444127
corridor_0,9366,9366,106,73,1148050,1733750,35.5887477,129.1341559,4.49154961,47.11656853,-4.009481481
corridor_0,9367,9367,105,73,1147950,1733750,35.5887627,129.1330525,4.998240589,47.62325951,-3.502790502
corridor_0,9368,9368,104,73,1147850,1733750,35.5887776,129.1319491,5.499232411,48.12425134,-3.00179868
corridor_0,9369,9369,103,73,1147750,1733750,35.5887926,129.1308457,6.096064686,48.72108361,-2.404966405
corridor_0,9370,9370,102,73,1147650,1733750,35.5888075,129.1297423,6.637248158,49.26226708,-1.863782933
corridor_0,9371,9371,101,73,1147550,1733750,35.5888224,129.1286389,7.123210072,49.748229,-1.377821019
corridor_0,9372,9372,100,73,1147450,1733750,35.5888373,129.1275356,7.646075367,50.27109429,-0.854955724
corridor_0,9373,9373,99,73,1147350,1733750,35.5888522,129.1264322,8.157771229,50.78279015,-0.343259862
corridor_0,9374,9374,98,73,1147250,1733750,35.5888671,129.1253288,8.817137837,51.44215676,0.316106746
corridor_0,9375,9375,97,73,1147150,1733750,35.588882,129.1242254,9.573863148,52.19888207,1.072832057
corridor_0,9376,9376,96,73,1147050,1733750,35.5888968,129.123122,10.13160622,52.75662514,1.63057513
corridor_0,9377,9377,95,73,1146950,1733750,35.5889117,129.1220186,10.60034478,53.2253637,2.099313685
corridor_0,9378,9378,94,73,1146850,1733750,35.5889266,129.1209152,10.67101204,53.29603097,2.169980952
corridor_0,9379,9379,93,73,1146750,1733750,35.5889414,129.1198118,10.76992714,53.39494607,2.268896052
corridor_0,9380,9380,92,73,1146650,1733750,35.5889562,129.1187084,10.99350274,53.61852166,2.492471644
corridor_0,9381,9381,91,73,1146550,1733750,35.588971,129.117605,11.17691338,53.8019323,2.675882289
corridor_0,9382,9382,90,73,1146450,1733750,35.5889858,129.1165016,11.29878151,53.92380044,2.797750422
corridor_0,9383,9383,89,73,1146350,1733750,35.5890006,129.1153982,11.38452446,54.00954339,2.883493373
corridor_0,9384,9384,88,73,1146250,1733750,35.5890154,129.1142948,11.42911827,54.0541372,2.928087184
corridor_0,9385,9385,87,73,1146150,1733750,35.5890302,129.1131914,11.40690911,54.03192803,2.905878016
corridor_0,9386,9386,86,73,1146050,1733750,35.589045,129.112088,11.35196602,53.97698495,2.850934932
corridor_0,9387,9387,85,73,1145950,1733750,35.5890597,129.1109846,11.28438103,53.90939996,2.78334994
corridor_0,9388,9388,84,73,1145850,1733750,35.5890745,129.1098812,11.21271431,53.83773324,2.711683223
corridor_0,9389,9389,83,73,1145750,1733750,35.5890892,129.1087778,11.1643554,53.78937432,2.663324306
corridor_0,9390,9390,82,73,1145650,1733750,35.5891039,129.1076744,11.06923592,53.69425484,2.568204829
corridor_0,9391,9391,81,73,1145550,1733750,35.5891187,129.106571,11.04202568,53.66704461,2.540994594
corridor_0,9392,9392,80,73,1145450,1733750,35.5891334,129.1054676,11.59443581,54.21945473,3.093404719
corridor_0,9393,9393,79,73,1145350,1733750,35.5891481,129.1043642,11.63993752,54.26495644,3.138906428
corridor_0,9394,9394,78,73,1145250,1733750,35.5891627,129.1032608,11.69115746,54.31617638,3.190126369
corridor_0,9395,9395,77,73,1145150,1733750,35.5891774,129.1021574,11.78390419,54.40892312,3.282873103
corridor_0,9396,9396,76,73,1145050,1733750,35.5891921,129.101054,11.88794625,54.51296517,3.386915156
corridor_0,9397,9397,75,73,1144950,1733750,35.5892067,129.0999506,11.94468987,54.56970879,3.443658778
corridor_0,9398,9398,74,73,1144850,1733750,35.5892214,129.0988472,12.00578606,54.63080498,3.50475497
corridor_0,9399,9399,73,73,1144750,1733750,35.589236,129.0977437,12.16059029,54.78560921,3.659559199
corridor_0,9400,9400,72,73,1144650,1733750,35.5892507,129.0966403,12.29409325,54.91911217,3.79306216
corridor_0,9401,9401,71,73,1144550,1733750,35.5892653,129.0955369,12.47829354,55.10331246,3.977262446
corridor_0,9402,9402,70,73,1144450,1733750,35.5892799,129.0944335,12.70088112,55.32590005,4.199850032
corridor_0,9403,9403,69,73,1144350,1733750,35.5892945,129.0933301,12.94354165,55.56856057,4.442510554
corridor_0,9404,9404,68,73,1144250,1733750,35.5893091,129.0922267,13.18773568,55.8127546,4.686704585
corridor_0,9405,9405,67,73,1144150,1733750,35.5893236,129.0911233,13.43414223,56.05916116,4.93311114
corridor_0,9406,9406,66,73,1144050,1733750,35.5893382,129.0900198,13.72309792,56.34811684,5.222066829
corridor_0,9407,9407,65,73,1143950,1733750,35.5893528,129.0889164,13.98800957,56.6130285,5.48697848
corridor_0,9408,9408,64,73,1143850,1733750,35.5893673,129.087813,14.19211113,56.81713006,5.691080043
corridor_0,9409,9409,63,73,1143750,1733750,35.5893818,129.0867096,14.32499611,56.95001504,5.823965022
corridor_0,9410,9410,62,73,1143650,1733750,35.5893964,129.0856062,14.38796151,57.01298043,5.886930415
corridor_0,9411,9411,61,73,1143550,1733750,35.5894109,129.0845027,14.37731469,57.00233361,5.876283595
corridor_0,9412,9412,60,73,1143450,1733750,35.5894254,129.0833993,14.3723098,56.99732873,5.871278712
corridor_0,9413,9413,59,73,1143350,1733750,35.5894399,129.0822959,14.31582177,56.94084069,5.814790675
corridor_0,9414,9414,58,73,1143250,1733750,35.5894544,129.0811925,14.24098885,56.86600777,5.739957759
corridor_0,9415,9415,57,73,1143150,1733750,35.5894688,129.0800891,14.13701165,56.76203057,5.635980556
corridor_0,9416,9416,56,73,1143050,1733750,35.5894833,129.0789856,13.99025261,56.61527154,5.489221522
corridor_0,9417,9417,55,73,1142950,1733750,35.5894977,129.0778822,13.86616051,56.49117944,5.36512942
corridor_0,9418,9418,54,73,1142850,1733750,35.5895122,129.0767788,13.72301018,56.34802911,5.221979091
corridor_0,9419,9419,53,73,1142750,1733750,35.5895266,129.0756754,13.61178887,56.23680779,5.110757777
corridor_0,9420,9420,52,73,1142650,1733750,35.589541,129.0745719,13.48691094,56.11192986,4.985879848
corridor_0,9421,9421,51,73,1142550,1733750,35.5895555,129.0734685,13.38279259,56.00781152,4.8817615
corridor_0,9422,9422,50,73,1142450,1733750,35.5895699,129.0723651,13.32327568,55.94829461,4.822244594
corridor_0,9423,9423,49,73,1142350,1733750,35.5895843,129.0712616,13.21958458,55.84460351,4.718553493
corridor_0,9424,9424,48,73,1142250,1733750,35.5895986,129.0701582,13.12904274,55.75406167,4.628011653
corridor_0,9425,9425,47,73,1142150,1733750,35.589613,129.0690548,12.99311745,55.61813638,4.49208636
corridor_0,9426,9426,46,73,1142050,1733750,35.5896274,129.0679513,12.71903145,55.34405038,4.218000361
corridor_0,9427,9427,45,73,1141950,1733750,35.5896417,129.0668479,12.21243966,54.83745858,3.711408565
corridor_0,9428,9428,44,73,1141850,1733750,35.5896561,129.0657445,11.5621978,54.18721673,3.061166713
corridor_0,9429,9429,43,73,1141750,1733750,35.5896704,129.064641,9.995196461,52.62021539,1.49416537
corridor_0,9430,9430,42,73,1141650,1733750,35.5896847,129.0635376,9.204978108,51.82999703,0.703947017
corridor_0,9431,9431,41,73,1141550,1733750,35.589699,129.0624342,8.428027271,51.0530462,-0.073003819
corridor_0,9432,9432,40,73,1141450,1733750,35.5897133,129.0613307,7.667693256,50.29271218,-0.833337834
corridor_0,9433,9433,39,73,1141350,1733750,35.5897276,129.0602273,6.963851093,49.58887002,-1.537179997
corridor_0,9434,9434,38,73,1141250,1733750,35.5897419,129.0591239,6.19297707,48.81799599,-2.308054021
corridor_0,9435,9435,37,73,1141150,1733750,35.5897562,129.0580204,5.421622395,48.04664132,-3.079408696
corridor_0,9436,9436,36,73,1141050,1733750,35.5897705,129.056917,4.589686512,47.21470544,-3.911344579
corridor_0,9437,9437,35,73,1140950,1733750,35.5897847,129.0558135,3.87367165,46.49869057,-4.627359441
corridor_0,9438,9438,34,73,1140850,1733750,35.589799,129.0547101,3.159674763,45.78469369,-5.341356328
corridor_0,9439,9439,33,73,1140750,1733750,35.5898132,129.0536067,2.361456989,44.98647591,-6.139574101
corridor_0,9440,9440,32,73,1140650,1733750,35.5898274,129.0525032,1.609336018,44.23435494,-6.891695073
corridor_0,9441,9441,31,73,1140550,1733750,35.5898416,129.0513998,0.652983784,43.27800271,-7.848047307
corridor_0,9442,9442,30,73,1140450,1733750,35.5898558,129.0502963,-0.179520489,42.44549844,-8.680551579
corridor_0,9443,9443,29,73,1140350,1733750,35.58987,129.0491929,-1.287033916,41.33798501,-9.788065007
corridor_0,9444,9444,28,73,1140250,1733750,35.5898842,129.0480894,-2.299363018,40.32565591,-10.80039411
corridor_0,9445,9445,27,73,1140150,1733750,35.5898984,129.046986,-3.443154217,39.18186471,-11.94418531
corridor_0,9446,9446,26,73,1140050,1733750,35.5899125,129.0458825,-6.676697613,35.94832131,-15.1777287
corridor_0,9498,9498,25,74,1139950,1733850,35.590828,129.0447964,-13.88395774,28.74106118,-22.38498884
corridor_0,9499,9499,26,74,1140050,1733850,35.5908139,129.0458999,-5.875120998,36.74989793,-14.37615209
corridor_0,9500,9500,27,74,1140150,1733850,35.5907997,129.0470033,-3.79927528,38.82574364,-12.30030637
corridor_0,9501,9501,28,74,1140250,1733850,35.5907855,129.0481068,-1.950970531,40.67404839,-10.45200162
corridor_0,9502,9502,29,74,1140350,1733850,35.5907713,129.0492102,-0.986576916,41.63844201,-9.487608006
corridor_0,9503,9503,30,74,1140450,1733850,35.5907571,129.0503137,-0.09759605,42.52742287,-8.598627141
corridor_0,9504,9504,31,74,1140550,1733850,35.5907429,129.0514172,0.915099262,43.54011819,-7.585931829
corridor_0,9505,9505,32,74,1140650,1733850,35.5907287,129.0525206,1.836485981,44.46150491,-6.66454511
corridor_0,9506,9506,33,74,1140750,1733850,35.5907145,129.0536241,2.571086048,45.19610497,-5.929945043
corridor_0,9507,9507,34,74,1140850,1733850,35.5907003,129.0547275,3.406336903,46.03135583,-5.094694188
corridor_0,9508,9508,35,74,1140950,1733850,35.590686,129.055831,4.123293995,46.74831292,-4.377737096
corridor_0,9509,9509,36,74,1141050,1733850,35.5906718,129.0569344,4.959338306,47.58435723,-3.541692784
corridor_0,9510,9510,37,74,1141150,1733850,35.5906575,129.0580379,5.802256702,48.42727563,-2.698774388
corridor_0,9511,9511,38,74,1141250,1733850,35.5906432,129.0591413,6.556735157,49.18175408,-1.944295934
corridor_0,9512,9512,39,74,1141350,1733850,35.590629,129.0602448,7.297629475,49.9226484,-1.203401616
corridor_0,9513,9513,40,74,1141450,1733850,35.5906147,129.0613482,8.079180836,50.70419976,-0.421850255
corridor_0,9514,9514,41,74,1141550,1733850,35.5906004,129.0624517,8.77828896,51.40330788,0.277257869
corridor_0,9515,9515,42,74,1141650,1733850,35.5905861,129.0635551,9.540915608,52.16593453,1.039884517
corridor_0,9516,9516,43,74,1141750,1733850,35.5905717,129.0646586,10.45965874,53.08467767,1.95862765
corridor_0,9517,9517,44,74,1141850,1733850,35.5905574,129.065762,11.94675362,54.57177254,3.445722529
corridor_0,9518,9518,45,74,1141950,1733850,35.5905431,129.0668655,12.55719292,55.18221185,4.05616183
corridor_0,9519,9519,46,74,1142050,1733850,35.5905287,129.0679689,12.94180977,55.5668287,4.440778682
corridor_0,9520,9520,47,74,1142150,1733850,35.5905143,129.0690724,13.16733849,55.79235741,4.666307399
corridor_0,9521,9521,48,74,1142250,1733850,35.5905,129.0701758,13.23825753,55.86327645,4.737226436
corridor_0,9522,9522,49,74,1142350,1733850,35.5904856,129.0712793,13.28534996,55.91036889,4.784318873
corridor_0,9523,9523,50,74,1142450,1733850,35.5904712,129.0723827,13.3174392,55.94245812,4.816408107
corridor_0,9524,9524,51,74,1142550,1733850,35.5904568,129.0734861,13.38055718,56.0055761,4.879526088
corridor_0,9525,9525,52,74,1142650,1733850,35.5904424,129.0745896,13.48024666,56.10526559,4.979215571
corridor_0,9526,9526,53,74,1142750,1733850,35.5904279,129.075693,13.57746041,56.20247933,5.076429317
corridor_0,9527,9527,54,74,1142850,1733850,35.5904135,129.0767965,13.73451912,56.35953805,5.233488032
corridor_0,9528,9528,55,74,1142950,1733850,35.5903991,129.0778999,13.90172493,56.52674386,5.400693843
corridor_0,9529,9529,56,74,1143050,1733850,35.5903846,129.0790033,14.06199181,56.68701073,5.560960719
corridor_0,9530,9530,57,74,1143150,1733850,35.5903701,129.0801068,14.25290215,56.87792107,5.751871058
corridor_0,9531,9531,58,74,1143250,1733850,35.5903557,129.0812102,14.41620171,57.04122063,5.915170619
corridor_0,9532,9532,59,74,1143350,1733850,35.5903412,129.0823136,14.56190789,57.18692681,6.060876796
corridor_0,9533,9533,60,74,1143450,1733850,35.5903267,129.0834171,14.68372261,57.30874154,6.182691524
corridor_0,9534,9534,61,74,1143550,1733850,35.5903122,129.0845205,14.76424706,57.38926598,6.263215968
corridor_0,9535,9535,62,74,1143650,1733850,35.5902977,129.0856239,14.77706826,57.40208718,6.276037166
corridor_0,9536,9536,63,74,1143750,1733850,35.5902831,129.0867274,14.7437011,57.36872002,6.242670009
corridor_0,9537,9537,64,74,1143850,1733850,35.5902686,129.0878308,14.60276711,57.22778603,6.101736018
corridor_0,9538,9538,65,74,1143950,1733850,35.5902541,129.0889342,14.38994133,57.01496026,5.888910243
corridor_0,9539,9539,66,74,1144050,1733850,35.5902395,129.0900377,14.12666619,56.75168511,5.625635097
corridor_0,9540,9540,67,74,1144150,1733850,35.5902249,129.0911411,13.80317223,56.42819115,5.302141139
corridor_0,9541,9541,68,74,1144250,1733850,35.5902104,129.0922445,13.51859963,56.14361855,5.017568538
corridor_0,9542,9542,69,74,1144350,1733850,35.5901958,129.093348,13.26812661,55.89314553,4.767095515
corridor_0,9543,9543,70,74,1144450,1733850,35.5901812,129.0944514,12.99148095,55.61649987,4.490449855
corridor_0,9544,9544,71,74,1144550,1733850,35.5901666,129.0955548,12.75662911,55.38164803,4.255598018
corridor_0,9545,9545,72,74,1144650,1733850,35.590152,129.0966582,12.5252639,55.15028283,4.024232814
corridor_0,9546,9546,73,74,1144750,1733850,35.5901373,129.0977617,12.38343346,55.00845238,3.882402369
corridor_0,9547,9547,74,74,1144850,1733850,35.5901227,129.0988651,12.28709328,54.91211221,3.78606219
corridor_0,9548,9548,75,74,1144950,1733850,35.590108,129.0999685,12.12683403,54.75185296,3.625802943
corridor_0,9549,9549,76,74,1145050,1733850,35.5900934,129.1010719,11.95067894,54.57569787,3.449647853
corridor_0,9550,9550,77,74,1145150,1733850,35.5900787,129.1021753,11.79856026,54.42357919,3.29752917
corridor_0,9551,9551,78,74,1145250,1733850,35.590064,129.1032788,11.67132103,54.29633996,3.170289943
corridor_0,9552,9552,79,74,1145350,1733850,35.5900494,129.1043822,11.57469094,54.19970986,3.073659846
corridor_0,9553,9553,80,74,1145450,1733850,35.5900347,129.1054856,11.50157082,54.12658974,3.000539729
corridor_0,9554,9554,81,74,1145550,1733850,35.59002,129.106589,10.8409034,53.46592233,2.33987231
corridor_0,9555,9555,82,74,1145650,1733850,35.5900052,129.1076924,10.85321724,53.47823617,2.352186152
corridor_0,9556,9556,83,74,1145750,1733850,35.5899905,129.1087959,10.90412438,53.5291433,2.403093287
corridor_0,9557,9557,84,74,1145850,1733850,35.5899758,129.1098993,10.9769851,53.60200402,2.475954005
corridor_0,9558,9558,85,74,1145950,1733850,35.589961,129.1110027,11.07656395,53.70158288,2.575532863
corridor_0,9559,9559,86,74,1146050,1733850,35.5899463,129.1121061,11.18584359,53.81086251,2.684812495
corridor_0,9560,9560,87,74,1146150,1733850,35.5899315,129.1132095,11.29244912,53.91746804,2.791418025
corridor_0,9561,9561,88,74,1146250,1733850,35.5899167,129.1143129,11.36810982,53.99312875,2.867078731
corridor_0,9562,9562,89,74,1146350,1733850,35.5899019,129.1154163,11.40798867,54.03300759,2.906957576
corridor_0,9563,9563,90,74,1146450,1733850,35.5898871,129.1165197,11.38556588,54.0105848,2.884534785
corridor_0,9564,9564,91,74,1146550,1733850,35.5898723,129.1176232,11.36677849,53.99179742,2.865747401
corridor_0,9565,9565,92,74,1146650,1733850,35.5898575,129.1187266,11.2636863,53.88870522,2.762655208
corridor_0,9566,9566,93,74,1146750,1733850,35.5898427,129.11983,11.18204415,53.80706307,2.681013057
corridor_0,9567,9567,94,74,1146850,1733850,35.5898278,129.1209334,11.18123162,53.80625054,2.680200526
corridor_0,9568,9568,95,74,1146950,1733850,35.589813,129.1220368,11.07083809,53.69585702,2.569807002
corridor_0,9569,9569,96,74,1147050,1733850,35.5897981,129.1231402,10.47652352,53.10154244,1.975492427
corridor_0,9570,9570,97,74,1147150,1733850,35.5897833,129.1242436,9.939002155,52.56402108,1.437971065
corridor_0,9571,9571,98,74,1147250,1733850,35.5897684,129.125347,9.405673145,52.03069207,0.904642055
corridor_0,9572,9572,99,74,1147350,1733850,35.5897535,129.1264504,8.671691059,51.29670998,0.170659968
corridor_0,9573,9573,100,74,1147450,1733850,35.5897386,129.1275538,8.100371479,50.7253904,-0.400659612
corridor_0,9574,9574,101,74,1147550,1733850,35.5897237,129.1286572,7.591662525,50.21668145,-0.909368566
corridor_0,9575,9575,102,74,1147650,1733850,35.5897088,129.1297606,7.040785908,49.66580483,-1.460245183
corridor_0,9576,9576,103,74,1147750,1733850,35.5896938,129.130864,6.516982197,49.14200112,-1.984048894
corridor_0,9577,9577,104,74,1147850,1733850,35.5896789,129.1319674,5.952597736,48.57761666,-2.548433354
corridor_0,9578,9578,105,74,1147950,1733850,35.589664,129.1330708,5.395323872,48.0203428,-3.105707219
corridor_0,9579,9579,106,74,1148050,1733850,35.589649,129.1341742,4.869483112,47.49450204,-3.631547978
corridor_0,9580,9580,107,74,1148150,1733850,35.589634,129.1352776,4.372798084,46.99781701,-4.128233006
corridor_0,9581,9581,108,74,1148250,1733850,35.589619,129.136381,3.714152454,46.33917138,-4.786878636
corridor_0,9582,9582,109,74,1148350,1733850,35.5896041,129.1374844,3.186209797,45.81122872,-5.314821294
corridor_0,9583,9583,110,74,1148450,1733850,35.5895891,129.1385878,2.582945942,45.20796487,-5.918085149
corridor_0,9584,9584,111,74,1148550,1733850,35.589574,129.1396912,1.847224354,44.47224328,-6.653806737
corridor_0,9585,9585,112,74,1148650,1733850,35.589559,129.1407946,1.304213642,43.92923257,-7.196817449
corridor_0,9586,9586,113,74,1148750,1733850,35.589544,129.141898,0.621894001,43.24691293,-7.87913709
corridor_0,9587,9587,114,74,1148850,1733850,35.589529,129.1430014,-0.274174572,42.35084435,-8.775205663
corridor_0,9588,9588,115,74,1148950,1733850,35.5895139,129.1441047,-1.062546612,41.56247231,-9.563577703
corridor_0,9589,9589,116,74,1149050,1733850,35.5894988,129.1452081,-2.481606365,40.14341256,-10.98263746
corridor_0,9590,9590,117,74,1149150,1733850,35.5894838,129.1463115,-4.33090675,38.29411217,-12.83193784
corridor_0,9610,9610,118,75,1149250,1733950,35.59037,129.1474334,-8.005108715,34.61991021,-16.50613981
corridor_0,9611,9611,117,75,1149150,1733950,35.5903851,129.14633,-3.368187786,39.25683114,-11.86921888
corridor_0,9612,9612,116,75,1149050,1733950,35.5904001,129.1452266,-1.512101055,41.11291787,-10.01313215
corridor_0,9613,9613,115,75,1148950,1733950,35.5904152,129.1441232,-0.682267071,41.94275185,-9.183298162
corridor_0,9614,9614,114,75,1148850,1733950,35.5904302,129.1430198,0.094744801,42.71976373,-8.40628629
corridor_0,9615,9615,113,75,1148750,1733950,35.5904453,129.1419164,0.967970966,43.59298989,-7.533060124
corridor_0,9616,9616,112,75,1148650,1733950,35.5904603,129.140813,1.642142414,44.26716134,-6.858888677
corridor_0,9617,9617,111,75,1148550,1733950,35.5904753,129.1397096,2.19914925,44.82416817,-6.301881841
corridor_0,9618,9618,110,75,1148450,1733950,35.5904903,129.1386062,2.910353779,45.5353727,-5.590677312
corridor_0,9619,9619,109,75,1148350,1733950,35.5905053,129.1375027,3.514514088,46.13953301,-4.986517003
corridor_0,9620,9620,108,75,1148250,1733950,35.5905203,129.1363993,4.091399311,46.71641824,-4.40963178
corridor_0,9621,9621,107,75,1148150,1733950,35.5905353,129.1352959,4.670329212,47.29534814,-3.830701879
corridor_0,9622,9622,106,75,1148050,1733950,35.5905503,129.1341925,5.243300556,47.86831948,-3.257730535
corridor_0,9623,9623,105,75,1147950,1733950,35.5905652,129.1330891,5.776442646,48.40146157,-2.724588445
corridor_0,9624,9624,104,75,1147850,1733950,35.5905802,129.1319857,6.355239033,48.98025796,-2.145792058
corridor_0,9625,9625,103,75,1147750,1733950,35.5905951,129.1308823,6.900527119,49.52554604,-1.600503972
corridor_0,9626,9626,102,75,1147650,1733950,35.5906101,129.1297789,7.48663628,50.1116552,-1.014394811
corridor_0,9627,9627,101,75,1147550,1733950,35.590625,129.1286755,8.009890675,50.6349096,-0.491140416
corridor_0,9628,9628,100,75,1147450,1733950,35.5906399,129.1275721,8.553767323,51.17878625,0.052736232
corridor_0,9629,9629,99,75,1147350,1733950,35.5906548,129.1264686,9.194060444,51.81907937,0.693029353
corridor_0,9630,9630,98,75,1147250,1733950,35.5906697,129.1253652,9.783309101,52.40832803,1.28227801
corridor_0,9631,9631,97,75,1147150,1733950,35.5906846,129.1242618,10.28814232,52.91316125,1.787111232
corridor_0,9632,9632,96,75,1147050,1733950,35.5906994,129.1231584,10.82430565,53.44932458,2.323274562
corridor_0,9633,9633,95,75,1146950,1733950,35.5907143,129.122055,11.28484261,53.90986153,2.783811519
corridor_0,9634,9634,94,75,1146850,1733950,35.5907291,129.1209515,11.39314568,54.0181646,2.892114589
corridor_0,9635,9635,93,75,1146750,1733950,35.590744,129.1198481,11.27637398,53.90139291,2.775342891
corridor_0,9636,9636,92,75,1146650,1733950,35.5907588,129.1187447,11.33316719,53.95818612,2.832136104
corridor_0,9637,9637,91,75,1146550,1733950,35.5907736,129.1176413,11.3472892,53.97230813,2.846258113
corridor_0,9638,9638,90,75,1146450,1733950,35.5907884,129.1165379,11.39635384,54.02137276,2.895322749
corridor_0,9639,9639,89,75,1146350,1733950,35.5908032,129.1154344,11.37711251,54.00213143,2.876081416
corridor_0,9640,9640,88,75,1146250,1733950,35.590818,129.114331,11.2563163,53.88133523,2.755285213
corridor_0,9641,9641,87,75,1146150,1733950,35.5908328,129.1132276,11.11594689,53.74096581,2.614915797
corridor_0,9642,9642,86,75,1146050,1733950,35.5908476,129.1121242,10.97644722,53.60146615,2.475416133
corridor_0,9643,9643,85,75,1145950,1733950,35.5908623,129.1110207,10.85251152,53.47753045,2.351480433
corridor_0,9644,9644,84,75,1145850,1733950,35.5908771,129.1099173,10.72867882,53.35369775,2.227647731
corridor_0,9645,9645,83,75,1145750,1733950,35.5908918,129.1088139,10.69776451,53.32278344,2.196733424
corridor_0,9646,9646,82,75,1145650,1733950,35.5909065,129.1077105,10.67871773,53.30373666,2.177686641
corridor_0,9647,9647,81,75,1145550,1733950,35.5909213,129.106607,11.39176476,54.01678368,2.890733668
corridor_0,9648,9648,80,75,1145450,1733950,35.590936,129.1055036,11.50862801,54.13364693,3.007596919
corridor_0,9649,9649,79,75,1145350,1733950,35.5909507,129.1044002,11.62068093,54.24569985,3.119649837
corridor_0,9650,9650,78,75,1145250,1733950,35.5909654,129.1032967,11.77835762,54.40337655,3.277326533
corridor_0,9651,9651,77,75,1145150,1733950,35.59098,129.1021933,11.9215194,54.54653832,3.420488307
corridor_0,9652,9652,76,75,1145050,1733950,35.5909947,129.1010899,12.10927498,54.73429391,3.608243892
corridor_0,9653,9653,75,75,1144950,1733950,35.5910094,129.0999864,12.30084908,54.925868,3.799817988
corridor_0,9654,9654,74,75,1144850,1733950,35.591024,129.098883,12.49753487,55.12255379,3.996503779
corridor_0,9655,9655,73,75,1144750,1733950,35.5910386,129.0977796,12.63581765,55.26083657,4.134786555
corridor_0,9656,9656,72,75,1144650,1733950,35.5910533,129.0966761,12.83117592,55.45619485,4.330144832
corridor_0,9657,9657,71,75,1144550,1733950,35.5910679,129.0955727,13.10045922,55.72547814,4.599428126
corridor_0,9658,9658,70,75,1144450,1733950,35.5910825,129.0944693,13.34928429,55.97430321,4.8482532
corridor_0,9659,9659,69,75,1144350,1733950,35.5910971,129.0933658,13.64432824,56.26934716,5.143297145
corridor_0,9660,9660,68,75,1144250,1733950,35.5911117,129.0922624,13.98707116,56.61209008,5.486040065
corridor_0,9661,9661,67,75,1144150,1733950,35.5911262,129.0911589,14.28968346,56.91470238,5.788652369
corridor_0,9662,9662,66,75,1144050,1733950,35.5911408,129.0900555,14.62102806,57.24604699,6.119996974
corridor_0,9663,9663,65,75,1143950,1733950,35.5911554,129.088952,14.9470588,57.57207772,6.446027705
corridor_0,9664,9664,64,75,1143850,1733950,35.5911699,129.0878486,15.17939293,57.80441186,6.678361842
corridor_0,9665,9665,63,75,1143750,1733950,35.5911844,129.0867452,15.30521691,57.93023583,6.804185817
corridor_0,9666,9666,62,75,1143650,1733950,35.591199,129.0856417,15.33555519,57.96057412,6.834524104
corridor_0,9667,9667,61,75,1143550,1733950,35.5912135,129.0845383,15.29040062,57.91541955,6.789369533
corridor_0,9668,9668,60,75,1143450,1733950,35.591228,129.0834348,15.13181984,57.75683877,6.630788753
corridor_0,9669,9669,59,75,1143350,1733950,35.5912425,129.0823314,14.91806328,57.54308221,6.417032191
corridor_0,9670,9670,58,75,1143250,1733950,35.591257,129.0812279,14.67732537,57.30234429,6.176294276
corridor_0,9671,9671,57,75,1143150,1733950,35.5912715,129.0801245,14.40883171,57.03385064,5.907800624
corridor_0,9672,9672,56,75,1143050,1733950,35.5912859,129.079021,14.16519082,56.79020974,5.664159724
corridor_0,9673,9673,55,75,1142950,1733950,35.5913004,129.0779176,13.93287194,56.55789086,5.431840846
corridor_0,9674,9674,54,75,1142850,1733950,35.5913148,129.0768141,13.70893395,56.33395287,5.207902858
corridor_0,9675,9675,53,75,1142750,1733950,35.5913293,129.0757107,13.5504905,56.17550942,5.049459407
corridor_0,9676,9676,52,75,1142650,1733950,35.5913437,129.0746072,13.43103707,56.05605599,4.930005977
corridor_0,9677,9677,51,75,1142550,1733950,35.5913581,129.0735038,13.33131707,55.95633599,4.830285975
corridor_0,9678,9678,50,75,1142450,1733950,35.5913725,129.0724003,13.28963768,55.91465661,4.788606593
corridor_0,9679,9679,49,75,1142350,1733950,35.5913869,129.0712969,13.23424446,55.85926339,4.733213374
corridor_0,9680,9680,48,75,1142250,1733950,35.5914013,129.0701934,13.21888268,55.8439016,4.717851588
corridor_0,9681,9681,47,75,1142150,1733950,35.5914157,129.06909,13.19926369,55.82428262,4.6982326
corridor_0,9682,9682,46,75,1142050,1733950,35.59143,129.0679865,13.03588402,55.66090295,4.534852931
corridor_0,9683,9683,45,75,1141950,1733950,35.5914444,129.066883,12.76873696,55.39375588,4.267705867
corridor_0,9684,9684,44,75,1141850,1733950,35.5914587,129.0657796,12.24900353,54.87402245,3.747972438
corridor_0,9685,9685,43,75,1141750,1733950,35.591473,129.0646761,10.98797905,53.61299798,2.486947963
corridor_0,9686,9686,42,75,1141650,1733950,35.5914874,129.0635727,9.982466816,52.60748574,1.481435725
corridor_0,9687,9687,41,75,1141550,1733950,35.5915017,129.0624692,9.200362324,51.82538125,0.699331233
corridor_0,9688,9688,40,75,1141450,1733950,35.591516,129.0613657,8.366072773,50.9910917,-0.134958318
corridor_0,9689,9689,39,75,1141350,1733950,35.5915303,129.0602623,7.599433064,50.22445199,-0.901598027
corridor_0,9690,9690,38,75,1141250,1733950,35.5915446,129.0591588,6.829394459,49.45441338,-1.671636632
corridor_0,9691,9691,37,75,1141150,1733950,35.5915588,129.0580554,6.052378773,48.6773977,-2.448652318
corridor_0,9692,9692,36,75,1141050,1733950,35.5915731,129.0569519,5.3048774,47.92989632,-3.196153691
corridor_0,9693,9693,35,75,1140950,1733950,35.5915874,129.0558484,4.459101795,47.08412072,-4.041929296
corridor_0,9694,9694,34,75,1140850,1733950,35.5916016,129.054745,3.612109303,46.23712823,-4.888921788
corridor_0,9695,9695,33,75,1140750,1733950,35.5916158,129.0536415,2.748862385,45.37388131,-5.752168706
corridor_0,9696,9696,32,75,1140650,1733950,35.5916301,129.052538,1.784628986,44.40964791,-6.716402104
corridor_0,9697,9697,31,75,1140550,1733950,35.5916443,129.0514346,0.988612293,43.61363122,-7.512418797
corridor_0,9698,9698,30,75,1140450,1733950,35.5916585,129.0503311,0.151633381,42.77665231,-8.34939771
corridor_0,9699,9699,29,75,1140350,1733950,35.5916727,129.0492276,-0.938523174,41.68649575,-9.439554265
corridor_0,9700,9700,28,75,1140250,1733950,35.5916868,129.0481241,-1.912564159,40.71245477,-10.41359525
corridor_0,9701,9701,27,75,1140150,1733950,35.591701,129.0470207,-3.35453117,39.27048775,-11.85556226
corridor_0,9702,9702,26,75,1140050,1733950,35.5917152,129.0459172,-5.837975384,36.78704354,-14.33900647
corridor_0,9703,9703,25,75,1139950,1733950,35.5917293,129.0448137,-13.85346496,28.77155396,-22.35449605
corridor_0,9754,9754,25,76,1139950,1734050,35.5926307,129.044831,-13.82726181,28.79775712,-22.3282929
corridor_0,9755,9755,26,76,1140050,1734050,35.5926165,129.0459345,-5.818718792,36.80630013,-14.31974988
corridor_0,9756,9756,27,76,1140150,1734050,35.5926023,129.047038,-3.336460949,39.28855798,-11.83749204
corridor_0,9757,9757,28,76,1140250,1734050,35.5925882,129.0481415,-2.181736828,40.4432821,-10.68276792
corridor_0,9758,9758,29,76,1140350,1734050,35.592574,129.049245,-0.697487713,41.92753121,-9.198518804
corridor_0,9759,9759,30,76,1140450,1734050,35.5925598,129.0503485,0.179518818,42.80453774,-8.321512273
corridor_0,9760,9760,31,76,1140550,1734050,35.5925456,129.0514519,1.160498737,43.78551766,-7.340532353
corridor_0,9761,9761,32,76,1140650,1734050,35.5925314,129.0525554,2.060458302,44.68547723,-6.440572789
corridor_0,9762,9762,33,76,1140750,1734050,35.5925172,129.0536589,2.91966927,45.54468819,-5.581361821
corridor_0,9763,9763,34,76,1140850,1734050,35.5925029,129.0547624,3.911852955,46.53687188,-4.589178136
corridor_0,9764,9764,35,76,1140950,1734050,35.5924887,129.0558659,4.8071357,47.43215462,-3.693895391
corridor_0,9765,9765,36,76,1141050,1734050,35.5924744,129.0569693,5.559962391,48.18498132,-2.9410687
corridor_0,9766,9766,37,76,1141150,1734050,35.5924602,129.0580728,6.274920582,48.89993951,-2.226110509
corridor_0,9767,9767,38,76,1141250,1734050,35.5924459,129.0591763,7.029570698,49.65458962,-1.471460393
corridor_0,9768,9768,39,76,1141350,1734050,35.5924316,129.0602798,7.830145954,50.45516488,-0.670885137
corridor_0,9769,9769,40,76,1141450,1734050,35.5924173,129.0613832,8.624274372,51.2492933,0.123243281
corridor_0,9770,9770,41,76,1141550,1734050,35.592403,129.0624867,9.400756001,52.02577493,0.89972491
corridor_0,9771,9771,42,76,1141650,1734050,35.5923887,129.0635902,10.35788643,52.98290536,1.856855342
corridor_0,9772,9772,43,76,1141750,1734050,35.5923744,129.0646937,11.91233742,54.53735635,3.411306331
corridor_0,9773,9773,44,76,1141850,1734050,35.59236,129.0657971,12.51840889,55.14342782,4.017377803
corridor_0,9774,9774,45,76,1141950,1734050,35.5923457,129.0669006,12.97302544,55.59804436,4.471994349
corridor_0,9775,9775,46,76,1142050,1734050,35.5923313,129.0680041,13.19725335,55.82227227,4.696222255
corridor_0,9776,9776,47,76,1142150,1734050,35.592317,129.0691075,13.294963,55.91998193,4.793931911
corridor_0,9777,9777,48,76,1142250,1734050,35.5923026,129.070211,13.25847161,55.88349053,4.757440516
corridor_0,9778,9778,49,76,1142350,1734050,35.5922882,129.0713145,13.225299,55.85031792,4.724267909
corridor_0,9779,9779,50,76,1142450,1734050,35.5922738,129.072418,13.22156823,55.84658715,4.720537135
corridor_0,9780,9780,51,76,1142550,1734050,35.5922594,129.0735214,13.28232109,55.90734002,4.781290004
corridor_0,9781,9781,52,76,1142650,1734050,35.592245,129.0746249,13.38672936,56.01174828,4.885698268
corridor_0,9782,9782,53,76,1142750,1734050,35.5922306,129.0757283,13.54954064,56.17455956,5.048509547
corridor_0,9783,9783,54,76,1142850,1734050,35.5922161,129.0768318,13.74998391,56.37500283,5.248952815
corridor_0,9784,9784,55,76,1142950,1734050,35.5922017,129.0779353,14.00444329,56.62946221,5.503412196
corridor_0,9785,9785,56,76,1143050,1734050,35.5921872,129.0790387,14.31713021,56.94214913,5.816099116
corridor_0,9786,9786,57,76,1143150,1734050,35.5921728,129.0801422,14.66665184,57.29167077,6.165620753
corridor_0,9787,9787,58,76,1143250,1734050,35.5921583,129.0812457,15.03722298,57.66224191,6.53619189
corridor_0,9788,9788,59,76,1143350,1734050,35.5921438,129.0823491,15.40512383,58.03014275,6.904092738
corridor_0,9789,9789,60,76,1143450,1734050,35.5921293,129.0834526,15.74231636,58.36733529,7.241285274
corridor_0,9790,9790,61,76,1143550,1734050,35.5921148,129.084556,16.00638115,58.63140008,7.505350062
corridor_0,9791,9791,62,76,1143650,1734050,35.5921003,129.0856595,16.12408364,58.74910256,7.623052546
corridor_0,9792,9792,63,76,1143750,1734050,35.5920858,129.086763,16.0645591,58.68957803,7.56352801
corridor_0,9793,9793,64,76,1143850,1734050,35.5920712,129.0878664,15.91375649,58.53877541,7.412725398
corridor_0,9794,9794,65,76,1143950,1734050,35.5920567,129.0889699,15.6094619,58.23448083,7.108430812
corridor_0,9795,9795,66,76,1144050,1734050,35.5920421,129.0900733,15.22484505,57.84986398,6.72381396
corridor_0,9796,9796,67,76,1144150,1734050,35.5920276,129.0911768,14.8207618,57.44578072,6.319730708
corridor_0,9797,9797,68,76,1144250,1734050,35.592013,129.0922802,14.44299233,57.06801125,5.941961238
corridor_0,9798,9798,69,76,1144350,1734050,35.5919984,129.0933837,14.05802452,56.68304345,5.556993434
corridor_0,9799,9799,70,76,1144450,1734050,35.5919838,129.0944871,13.73868096,56.36369988,5.237649867
corridor_0,9800,9800,71,76,1144550,1734050,35.5919692,129.0955906,13.44553673,56.07055566,4.944505641
corridor_0,9801,9801,72,76,1144650,1734050,35.5919546,129.096694,13.18135369,55.80637261,4.680322597
corridor_0,9802,9802,73,76,1144750,1734050,35.5919399,129.0977975,12.94831002,55.57332894,4.447278926
corridor_0,9803,9803,74,76,1144850,1734050,35.5919253,129.0989009,12.71884072,55.34385964,4.217809627
corridor_0,9804,9804,75,76,1144950,1734050,35.5919107,129.1000044,12.53507912,55.16009805,4.03404803
corridor_0,9805,9805,76,76,1145050,1734050,35.591896,129.1011078,12.35836708,54.98338601,3.857335994
corridor_0,9806,9806,77,76,1145150,1734050,35.5918813,129.1022113,12.23499215,54.86001107,3.733961055
corridor_0,9807,9807,78,76,1145250,1734050,35.5918667,129.1033147,11.97418892,54.59920785,3.473157832
corridor_0,9808,9808,79,76,1145350,1734050,35.591852,129.1044182,11.75204766,54.37706658,3.251016566
corridor_0,9809,9809,80,76,1145450,1734050,35.5918373,129.1055216,11.55637276,54.18139169,3.05534167
corridor_0,9810,9810,81,76,1145550,1734050,35.5918226,129.106625,11.40435707,54.029376,2.903325984
corridor_0,9811,9811,82,76,1145650,1734050,35.5918078,129.1077285,10.62588417,53.2509031,2.124853084
corridor_0,9812,9812,83,76,1145750,1734050,35.5917931,129.1088319,10.55017006,53.17518899,2.049138972
corridor_0,9813,9813,84,76,1145850,1734050,35.5917784,129.1099354,10.60597908,53.23099801,2.104947993
corridor_0,9814,9814,85,76,1145950,1734050,35.5917636,129.1110388,10.67348015,53.29849908,2.172449061
corridor_0,9815,9815,86,76,1146050,1734050,35.5917489,129.1121422,10.78039086,53.40540978,2.279359767
corridor_0,9816,9816,87,76,1146150,1734050,35.5917341,129.1132457,11.00793373,53.63295266,2.506902644
corridor_0,9817,9817,88,76,1146250,1734050,35.5917193,129.1143491,11.13779366,53.76281258,2.636762568
corridor_0,9818,9818,89,76,1146350,1734050,35.5917045,129.1154526,11.29474175,53.91976067,2.793710658
corridor_0,9819,9819,90,76,1146450,1734050,35.5916897,129.116556,11.17566216,53.80068108,2.674631068
corridor_0,9820,9820,91,76,1146550,1734050,35.5916749,129.1176594,11.21715462,53.84217355,2.71612353
corridor_0,9821,9821,92,76,1146650,1734050,35.5916601,129.1187629,11.267398,53.89241692,2.766366908
corridor_0,9822,9822,93,76,1146750,1734050,35.5916453,129.1198663,11.33535683,53.96037576,2.83432574
corridor_0,9823,9823,94,76,1146850,1734050,35.5916304,129.1209697,11.27366173,53.89868066,2.772630641
corridor_0,9824,9824,95,76,1146950,1734050,35.5916156,129.1220732,11.14470589,53.76972482,2.6436748
corridor_0,9825,9825,96,76,1147050,1734050,35.5916007,129.1231766,10.93220436,53.55722329,2.431173274
corridor_0,9826,9826,97,76,1147150,1734050,35.5915859,129.12428,10.59686577,53.2218847,2.095834682
corridor_0,9827,9827,98,76,1147250,1734050,35.591571,129.1253834,10.22545159,52.85047051,1.724420497
corridor_0,9828,9828,99,76,1147350,1734050,35.5915561,129.1264869,9.775157093,52.40017602,1.274126002
corridor_0,9829,9829,100,76,1147450,1734050,35.5915412,129.1275903,8.984381794,51.60940072,0.483350703
corridor_0,9830,9830,101,76,1147550,1734050,35.5915263,129.1286937,8.450850605,51.07586953,-0.050180486
corridor_0,9831,9831,102,76,1147650,1734050,35.5915114,129.1297971,7.871188282,50.49620721,-0.629842809
corridor_0,9832,9832,103,76,1147750,1734050,35.5914964,129.1309006,7.308268665,49.93328759,-1.192762425
corridor_0,9833,9833,104,76,1147850,1734050,35.5914815,129.132004,6.744547962,49.36956689,-1.756483129
corridor_0,9834,9834,105,76,1147950,1734050,35.5914665,129.1331074,6.184462666,48.80948159,-2.316568425
corridor_0,9835,9835,106,76,1148050,1734050,35.5914516,129.1342108,5.553496479,48.1785154,-2.947534612
corridor_0,9836,9836,107,76,1148150,1734050,35.5914366,129.1353143,5.018763661,47.64378259,-3.48226743
corridor_0,9837,9837,108,76,1148250,1734050,35.5914216,129.1364177,4.458544849,47.08356377,-4.042486241
corridor_0,9838,9838,109,76,1148350,1734050,35.5914066,129.1375211,3.848494648,46.47351357,-4.652536443
corridor_0,9839,9839,110,76,1148450,1734050,35.5913916,129.1386245,3.144732594,45.76975152,-5.356298497
corridor_0,9840,9840,111,76,1148550,1734050,35.5913766,129.1397279,2.624949574,45.2499685,-5.876081517
corridor_0,9841,9841,112,76,1148650,1734050,35.5913616,129.1408314,1.982695698,44.60771462,-6.518335393
corridor_0,9842,9842,113,76,1148750,1734050,35.5913466,129.1419348,1.308230518,43.93324944,-7.192800572
corridor_0,9843,9843,114,76,1148850,1734050,35.5913315,129.1430382,0.450110554,43.07512948,-8.050920537
corridor_0,9844,9844,115,76,1148950,1734050,35.5913165,129.1441416,-0.310700298,42.31431863,-8.811731389
corridor_0,9845,9845,116,76,1149050,1734050,35.5913014,129.145245,-1.13350761,41.49151131,-9.634538701
corridor_0,9846,9846,117,76,1149150,1734050,35.5912863,129.1463484,-2.869309307,39.75570962,-11.3703404
corridor_0,9847,9847,118,76,1149250,1734050,35.5912713,129.1474518,-5.450692058,37.17432687,-13.95172315
corridor_0,9865,9865,119,77,1149350,1734150,35.5921575,129.1485737,-9.226010204,33.39900872,-17.7270413
corridor_0,9866,9866,118,77,1149250,1734150,35.5921725,129.1474703,-4.255379558,38.36963937,-12.75641065
corridor_0,9867,9867,117,77,1149150,1734150,35.5921876,129.1463669,-2.396878124,40.2281408,-10.89790921
corridor_0,9868,9868,116,77,1149050,1734150,35.5922027,129.1452635,-0.765347362,41.85967156,-9.266378453
corridor_0,9869,9869,115,77,1148950,1734150,35.5922178,129.14416,0.018477558,42.64349648,-8.482553533
corridor_0,9870,9870,114,77,1148850,1734150,35.5922328,129.1430566,0.781344532,43.40636346,-7.719686559
corridor_0,9871,9871,113,77,1148750,1734150,35.5922479,129.1419532,1.622237324,44.24725625,-6.878793767
corridor_0,9872,9872,112,77,1148650,1734150,35.5922629,129.1408498,2.293685078,44.918704,-6.207346013
corridor_0,9873,9873,111,77,1148550,1734150,35.5922779,129.1397463,2.926676869,45.55169579,-5.574354222
corridor_0,9874,9874,110,77,1148450,1734150,35.5922929,129.1386429,3.460547566,46.08556649,-5.040483525
corridor_0,9875,9875,109,77,1148350,1734150,35.5923079,129.1375395,4.157202839,46.78222176,-4.343828252
corridor_0,9876,9876,108,77,1148250,1734150,35.5923229,129.136436,4.812991261,47.43801019,-3.68803983
corridor_0,9877,9877,107,77,1148150,1734150,35.5923379,129.1353326,5.35552895,47.98054787,-3.145502141
corridor_0,9878,9878,106,77,1148050,1734150,35.5923529,129.1342292,5.894423603,48.51944253,-2.606607488
corridor_0,9879,9879,105,77,1147950,1734150,35.5923678,129.1331257,6.496516346,49.12153527,-2.004514745
corridor_0,9880,9880,104,77,1147850,1734150,35.5923828,129.1320223,7.075881123,49.70090005,-1.425149968
corridor_0,9881,9881,103,77,1147750,1734150,35.5923977,129.1309189,7.700938343,50.32595727,-0.800092748
corridor_0,9882,9882,102,77,1147650,1734150,35.5924126,129.1298154,8.302649616,50.92766854,-0.198381474
corridor_0,9883,9883,101,77,1147550,1734150,35.5924276,129.128712,8.84916222,51.47418114,0.348131129
corridor_0,9884,9884,100,77,1147450,1734150,35.5924425,129.1276085,9.649451374,52.2744703,1.148420283
corridor_0,9885,9885,99,77,1147350,1734150,35.5924574,129.1265051,10.36159432,52.98661324,1.860563228
corridor_0,9886,9886,98,77,1147250,1734150,35.5924723,129.1254017,10.85429299,53.47931191,2.353261897
corridor_0,9887,9887,97,77,1147150,1734150,35.5924871,129.1242982,11.10686791,53.73188683,2.605836818
corridor_0,9888,9888,96,77,1147050,1734150,35.592502,129.1231948,11.20849144,53.83351037,2.707460353
corridor_0,9889,9889,95,77,1146950,1734150,35.5925169,129.1220913,11.26793206,53.89295098,2.766900966
corridor_0,9890,9890,94,77,1146850,1734150,35.5925317,129.1209879,11.25972283,53.88474175,2.758691737
corridor_0,9891,9891,93,77,1146750,1734150,35.5925466,129.1198845,11.20833886,53.83335778,2.707307765
corridor_0,9892,9892,92,77,1146650,1734150,35.5925614,129.118781,11.12330162,53.74832055,2.622270534
corridor_0,9893,9893,91,77,1146550,1734150,35.5925762,129.1176776,11.01795876,53.64297768,2.516927669
corridor_0,9894,9894,90,77,1146450,1734150,35.592591,129.1165741,10.94772637,53.57274529,2.446695277
corridor_0,9895,9895,89,77,1146350,1734150,35.5926058,129.1154707,10.89069283,53.51571175,2.389661738
corridor_0,9896,9896,88,77,1146250,1734150,35.5926206,129.1143672,10.80606759,53.43108651,2.305036494
corridor_0,9897,9897,87,77,1146150,1734150,35.5926354,129.1132638,10.78402626,53.40904519,2.282995173
corridor_0,9898,9898,86,77,1146050,1734150,35.5926502,129.1121603,10.63885415,53.26387307,2.137823054
corridor_0,9899,9899,85,77,1145950,1734150,35.5926649,129.1110569,10.55564034,53.18065926,2.054609248
corridor_0,9900,9900,84,77,1145850,1734150,35.5926797,129.1099534,10.49675286,53.12177178,1.995721766
corridor_0,9901,9901,83,77,1145750,1734150,35.5926944,129.10885,10.50546181,53.13048074,2.00443072
corridor_0,9902,9902,82,77,1145650,1734150,35.5927091,129.1077465,10.62487328,53.2498922,2.123842189
corridor_0,9903,9903,81,77,1145550,1734150,35.5927239,129.1066431,11.4706794,54.09569833,2.969648311
corridor_0,9904,9904,80,77,1145450,1734150,35.5927386,129.1055396,11.66091072,54.28592965,3.159879634
corridor_0,9905,9905,79,77,1145350,1734150,35.5927533,129.1044361,11.88716423,54.51218316,3.386133143
corridor_0,9906,9906,78,77,1145250,1734150,35.592768,129.1033327,12.19094002,54.81595895,3.689908931
corridor_0,9907,9907,77,77,1145150,1734150,35.5927826,129.1022292,12.53662789,55.16164681,4.035596797
corridor_0,9908,9908,76,77,1145050,1734150,35.5927973,129.1011258,12.67705834,55.30207726,4.176027247
corridor_0,9909,9909,75,77,1144950,1734150,35.592812,129.1000223,12.81994927,55.44496819,4.318918178
corridor_0,9910,9910,74,77,1144850,1734150,35.5928266,129.0989189,13.0524894,55.67750832,4.551458308
corridor_0,9911,9911,73,77,1144750,1734150,35.5928412,129.0978154,13.2487365,55.87375542,4.747705409
corridor_0,9912,9912,72,77,1144650,1734150,35.5928559,129.0967119,13.51317513,56.13819405,5.012144038
corridor_0,9913,9913,71,77,1144550,1734150,35.5928705,129.0956085,13.81280053,56.43781945,5.311769435
corridor_0,9914,9914,70,77,1144450,1734150,35.5928851,129.094505,14.13203728,56.75705621,5.63100619
corridor_0,9915,9915,69,77,1144350,1734150,35.5928997,129.0934015,14.48467171,57.10969064,5.98364062
corridor_0,9916,9916,68,77,1144250,1734150,35.5929143,129.0922981,14.96805489,57.59307381,6.467023799
corridor_0,9917,9917,67,77,1144150,1734150,35.5929289,129.0911946,15.36928856,57.99430749,6.868257472
corridor_0,9918,9918,66,77,1144050,1734150,35.5929434,129.0900911,15.87496865,58.49998757,7.373937556
corridor_0,9919,9919,65,77,1143950,1734150,35.592958,129.0889877,16.38849938,59.0135183,7.887468287
corridor_0,9920,9920,64,77,1143850,1734150,35.5929725,129.0878842,16.81067192,59.43569085,8.309640834
corridor_0,9921,9921,63,77,1143750,1734150,35.5929871,129.0867807,17.08456337,59.7095823,8.583532283
corridor_0,9922,9922,62,77,1143650,1734150,35.5930016,129.0856773,17.15024483,59.77526376,8.64921374
corridor_0,9923,9923,61,77,1143550,1734150,35.5930161,129.0845738,16.94994652,59.57496545,8.448915431
corridor_0,9924,9924,60,77,1143450,1734150,35.5930306,129.0834703,16.53775704,59.16277596,8.036725947
corridor_0,9925,9925,59,77,1143350,1734150,35.5930451,129.0823669,16.01110756,58.63612649,7.510076472
corridor_0,9926,9926,58,77,1143250,1734150,35.5930596,129.0812634,15.49270546,58.11772439,6.991674373
corridor_0,9927,9927,57,77,1143150,1734150,35.5930741,129.0801599,14.97412407,57.599143,6.473092982
corridor_0,9928,9928,56,77,1143050,1734150,35.5930885,129.0790564,14.52695382,57.15197274,6.025922725
corridor_0,9929,9929,55,77,1142950,1734150,35.593103,129.077953,14.15834343,56.78336236,5.657312343
corridor_0,9930,9930,54,77,1142850,1734150,35.5931174,129.0768495,13.83809578,56.46311471,5.337064692
corridor_0,9931,9931,53,77,1142750,1734150,35.5931319,129.075746,13.59998238,56.2250013,5.098951289
corridor_0,9932,9932,52,77,1142650,1734150,35.5931463,129.0746425,13.42784417,56.05286309,4.926813075
corridor_0,9933,9933,51,77,1142550,1734150,35.5931607,129.0735391,13.31597817,55.94099709,4.814947078
corridor_0,9934,9934,50,77,1142450,1734150,35.5931751,129.0724356,13.28193581,55.90695473,4.780904719
corridor_0,9935,9935,49,77,1142350,1734150,35.5931895,129.0713321,13.31605828,55.9410772,4.815027186
corridor_0,9936,9936,48,77,1142250,1734150,35.5932039,129.0702286,13.39720452,56.02222344,4.896173427
corridor_0,9937,9937,47,77,1142150,1734150,35.5932183,129.0691251,13.45885384,56.08387276,4.957822749
corridor_0,9938,9938,46,77,1142050,1734150,35.5932326,129.0680217,13.33767998,55.96269891,4.83664889
corridor_0,9939,9939,45,77,1141950,1734150,35.593247,129.0669182,13.0902282,55.71524712,4.589197108
corridor_0,9940,9940,44,77,1141850,1734150,35.5932613,129.0658147,12.6891967,55.31421563,4.188165614
corridor_0,9941,9941,43,77,1141750,1734150,35.5932757,129.0647112,12.05411065,54.67912957,3.553079555
corridor_0,9942,9942,42,77,1141650,1734150,35.59329,129.0636077,10.63162529,53.25664422,2.130594203
corridor_0,9943,9943,41,77,1141550,1734150,35.5933043,129.0625042,9.713927387,52.33894631,1.212896296
corridor_0,9944,9944,40,77,1141450,1734150,35.5933186,129.0614008,8.730536579,51.3555555,0.229505488
corridor_0,9945,9945,39,77,1141350,1734150,35.5933329,129.0602973,7.996237873,50.6212568,-0.504793218
corridor_0,9946,9946,38,77,1141250,1734150,35.5933472,129.0591938,7.235907673,49.8609266,-1.265123418
corridor_0,9947,9947,37,77,1141150,1734150,35.5933615,129.0580903,6.508921742,49.13394067,-1.992109349
corridor_0,9948,9948,36,77,1141050,1734150,35.5933757,129.0569868,5.769240498,48.39425942,-2.731790593
corridor_0,9949,9949,35,77,1140950,1734150,35.59339,129.0558833,5.005149006,47.63016793,-3.495882085
corridor_0,9950,9950,34,77,1140850,1734150,35.5934042,129.0547798,4.242400288,46.86741921,-4.258630803
corridor_0,9951,9951,33,77,1140750,1734150,35.5934185,129.0536763,3.045794605,45.67081353,-5.455236485
corridor_0,9952,9952,32,77,1140650,1734150,35.5934327,129.0525728,2.191012501,44.81603143,-6.31001859
corridor_0,9953,9953,31,77,1140550,1734150,35.5934469,129.0514693,1.166911244,43.79193017,-7.334119847
corridor_0,9954,9954,30,77,1140450,1734150,35.5934611,129.0503658,0.345679401,42.97069833,-8.155351689
corridor_0,9955,9955,29,77,1140350,1734150,35.5934753,129.0492624,-0.917809368,41.70720956,-9.418840459
corridor_0,9956,9956,28,77,1140250,1734150,35.5934895,129.0481589,-1.90404594,40.72097298,-10.40507703
corridor_0,9957,9957,27,77,1140150,1734150,35.5935037,129.0470554,-3.752396465,38.87262246,-12.25342756
corridor_0,9958,9958,26,77,1140050,1734150,35.5935178,129.0459519,-6.569146038,36.05587289,-15.07017713
corridor_0,9959,9959,25,77,1139950,1734150,35.593532,129.0448484,-10.85522735,31.76979157,-19.35625844
corridor_0,10010,10010,25,78,1139950,1734250,35.5944333,129.0448657,-13.82258499,28.80243394,-22.32361608
corridor_0,10011,10011,26,78,1140050,1734250,35.5944192,129.0459692,-6.59120071,36.03381821,-15.0922318
corridor_0,10012,10012,27,78,1140150,1734250,35.594405,129.0470727,-3.794381023,38.8306379,-12.29541211
corridor_0,10013,10013,28,78,1140250,1734250,35.5943908,129.0481762,-1.944470287,40.68054864,-10.44550138
corridor_0,10014,10014,29,78,1140350,1734250,35.5943766,129.0492797,-0.742802502,41.88221642,-9.243833592
corridor_0,10015,10015,30,78,1140450,1734250,35.5943624,129.0503832,0.150267719,42.77528664,-8.350763371
corridor_0,10016,10016,31,78,1140550,1734250,35.5943482,129.0514867,1.1404258,43.76544472,-7.36060529
corridor_0,10017,10017,32,78,1140650,1734250,35.594334,129.0525902,2.282294392,44.90731332,-6.218736699
corridor_0,10018,10018,33,78,1140750,1734250,35.5943198,129.0536937,3.637568592,46.26258752,-4.863462499
corridor_0,10019,10019,34,78,1140850,1734250,35.5943056,129.0547973,4.474074482,47.09909341,-4.026956609
corridor_0,10020,10020,35,78,1140950,1734250,35.5942913,129.0559008,5.170348286,47.79536721,-3.330682805
corridor_0,10021,10021,36,78,1141050,1734250,35.5942771,129.0570043,5.929186939,48.55420586,-2.571844151
corridor_0,10022,10022,37,78,1141150,1734250,35.5942628,129.0581078,6.589614033,49.21463296,-1.911417058
corridor_0,10023,10023,38,78,1141250,1734250,35.5942485,129.0592113,7.340640186,49.96565911,-1.160390904
corridor_0,10024,10024,39,78,1141350,1734250,35.5942342,129.0603148,8.042559742,50.66757867,-0.458471349
corridor_0,10025,10025,40,78,1141450,1734250,35.5942199,129.0614183,8.90611565,51.53113457,0.405084559
corridor_0,10026,10026,41,78,1141550,1734250,35.5942056,129.0625218,9.840544819,52.46556374,1.339513728
corridor_0,10027,10027,42,78,1141650,1734250,35.5941913,129.0636253,10.72233117,53.34735009,2.221300075
corridor_0,10028,10028,43,78,1141750,1734250,35.594177,129.0647288,12.10064995,54.72566888,3.599618861
corridor_0,10029,10029,44,78,1141850,1734250,35.5941627,129.0658323,12.74804985,55.37306878,4.247018764
corridor_0,10030,10030,45,78,1141950,1734250,35.5941483,129.0669357,13.19261086,55.81762978,4.691579768
corridor_0,10031,10031,46,78,1142050,1734250,35.594134,129.0680392,13.61989129,56.24491021,5.118860194
corridor_0,10032,10032,47,78,1142150,1734250,35.5941196,129.0691427,13.53395379,56.15897271,5.032922694
corridor_0,10033,10033,48,78,1142250,1734250,35.5941052,129.0702462,13.48229134,56.10731026,4.981260249
corridor_0,10034,10034,49,78,1142350,1734250,35.5940908,129.0713497,13.46512902,56.09014794,4.964097926
corridor_0,10035,10035,50,78,1142450,1734250,35.5940764,129.0724532,13.38610756,56.01112649,4.885076472
corridor_0,10036,10036,51,78,1142550,1734250,35.594062,129.0735567,13.4166671,56.04168603,4.915636012
corridor_0,10037,10037,52,78,1142650,1734250,35.5940476,129.0746602,13.49820244,56.12322137,4.997171351
corridor_0,10038,10038,53,78,1142750,1734250,35.5940332,129.0757637,13.68357003,56.30858895,5.182538936
corridor_0,10039,10039,54,78,1142850,1734250,35.5940188,129.0768672,13.95941842,56.58443734,5.458387324
corridor_0,10040,10040,55,78,1142950,1734250,35.5940043,129.0779707,14.32821953,56.95323846,5.827188441
corridor_0,10041,10041,56,78,1143050,1734250,35.5939899,129.0790741,14.79625618,57.42127511,6.295225093
corridor_0,10042,10042,57,78,1143150,1734250,35.5939754,129.0801776,15.34096062,57.96597955,6.83992953
corridor_0,10043,10043,58,78,1143250,1734250,35.5939609,129.0812811,16.00542366,58.63044259,7.504392573
corridor_0,10044,10044,59,78,1143350,1734250,35.5939464,129.0823846,16.72564232,59.35066125,8.224611232
corridor_0,10045,10045,60,78,1143450,1734250,35.5939319,129.0834881,17.49197304,60.11699197,8.990941951
corridor_0,10046,10046,61,78,1143550,1734250,35.5939174,129.0845916,18.16346276,60.78848168,9.662431666
corridor_0,10047,10047,62,78,1143650,1734250,35.5939029,129.0856951,18.53233254,61.15735146,10.03130145
corridor_0,10048,10048,63,78,1143750,1734250,35.5938884,129.0867985,18.42880165,61.05382058,9.927770564
corridor_0,10049,10049,64,78,1143850,1734250,35.5938738,129.087902,17.92843544,60.55345437,9.427404353
corridor_0,10050,10050,65,78,1143950,1734250,35.5938593,129.0890055,17.27506173,59.90008065,8.774030635
corridor_0,10051,10051,66,78,1144050,1734250,35.5938447,129.090109,16.57318795,59.19820687,8.072156856
corridor_0,10052,10052,67,78,1144150,1734250,35.5938302,129.0912125,15.99753487,58.62255379,7.496503779
corridor_0,10053,10053,68,78,1144250,1734250,35.5938156,129.0923159,15.4368087,58.06182763,6.935777614
corridor_0,10054,10054,69,78,1144350,1734250,35.593801,129.0934194,14.88027489,57.50529382,6.3792438
corridor_0,10055,10055,70,78,1144450,1734250,35.5937864,129.0945229,14.48369896,57.10871789,5.982667872
corridor_0,10056,10056,71,78,1144550,1734250,35.5937718,129.0956264,14.13173211,56.75675103,5.630701015
corridor_0,10057,10057,72,78,1144650,1734250,35.5937572,129.0967298,13.81938088,56.4443998,5.318349788
corridor_0,10058,10058,73,78,1144750,1734250,35.5937425,129.0978333,13.55794442,56.18296334,5.056913325
corridor_0,10059,10059,74,78,1144850,1734250,35.5937279,129.0989368,13.30615532,55.93117425,4.805124232
corridor_0,10060,10060,75,78,1144950,1734250,35.5937133,129.1000403,13.08401406,55.70903298,4.582982966
corridor_0,10061,10061,76,78,1145050,1734250,35.5936986,129.1011437,12.91655266,55.54157159,4.415521571
corridor_0,10062,10062,77,78,1145150,1734250,35.5936839,129.1022472,12.7539016,55.37892052,4.252870509
corridor_0,10063,10063,78,78,1145250,1734250,35.5936693,129.1033507,12.46306908,55.088088,3.96203799
corridor_0,10064,10064,79,78,1145350,1734250,35.5936546,129.1044541,12.15114891,54.77616784,3.650117824
corridor_0,10065,10065,80,78,1145450,1734250,35.5936399,129.1055576,11.8296653,54.45468423,3.328634212
corridor_0,10066,10066,81,78,1145550,1734250,35.5936252,129.1066611,11.55470192,54.17972085,3.053670833
corridor_0,10067,10067,82,78,1145650,1734250,35.5936104,129.1077645,10.7811805,53.40619942,2.280149409
corridor_0,10068,10068,83,78,1145750,1734250,35.5935957,129.108868,10.54890358,53.17392251,2.047872493
corridor_0,10069,10069,84,78,1145850,1734250,35.593581,129.1099715,10.53104317,53.1560621,2.03001208
corridor_0,10070,10070,85,78,1145950,1734250,35.5935662,129.1110749,10.55293572,53.17795464,2.051904628
corridor_0,10071,10071,86,78,1146050,1734250,35.5935515,129.1121784,10.56011116,53.18513009,2.059080073
corridor_0,10072,10072,87,78,1146150,1734250,35.5935367,129.1132819,10.57154763,53.19656655,2.070516536
corridor_0,10073,10073,88,78,1146250,1734250,35.5935219,129.1143853,10.60060036,53.22561929,2.09956927
corridor_0,10074,10074,89,78,1146350,1734250,35.5935071,129.1154888,10.64077294,53.26579186,2.139741847
corridor_0,10075,10075,90,78,1146450,1734250,35.5934923,129.1165922,10.72251427,53.3475332,2.22148318
corridor_0,10076,10076,91,78,1146550,1734250,35.5934775,129.1176957,10.80678093,53.43179986,2.305749843
corridor_0,10077,10077,92,78,1146650,1734250,35.5934627,129.1187992,10.92091668,53.5459356,2.419885585
corridor_0,10078,10078,93,78,1146750,1734250,35.5934479,129.1199026,11.08494484,53.70996377,2.583913753
corridor_0,10079,10079,94,78,1146850,1734250,35.593433,129.1210061,11.40447152,54.02949044,2.903440425
corridor_0,10080,10080,95,78,1146950,1734250,35.5934182,129.1221095,11.61641228,54.24143121,3.11538119
corridor_0,10081,10081,96,78,1147050,1734250,35.5934033,129.123213,11.58645928,54.2114782,3.085428187
corridor_0,10082,10082,97,78,1147150,1734250,35.5933884,129.1243164,11.64887535,54.27389428,3.147844264
corridor_0,10083,10083,98,78,1147250,1734250,35.5933736,129.1254199,11.24225914,53.86727807,2.741228053
corridor_0,10084,10084,99,78,1147350,1734250,35.5933587,129.1265233,10.68012917,53.30514809,2.179098079
corridor_0,10085,10085,100,78,1147450,1734250,35.5933438,129.1276268,10.0100013,52.63502023,1.50897021
corridor_0,10086,10086,101,78,1147550,1734250,35.5933289,129.1287302,9.358336567,51.98335549,0.857305476
corridor_0,10087,10087,102,78,1147650,1734250,35.5933139,129.1298337,8.657576679,51.2825956,0.156545588
corridor_0,10088,10088,103,78,1147750,1734250,35.593299,129.1309371,8.072623371,50.6976423,-0.42840772
corridor_0,10089,10089,104,78,1147850,1734250,35.5932841,129.1320406,7.448332905,50.07335183,-1.052698186
corridor_0,10090,10090,105,78,1147950,1734250,35.5932691,129.133144,6.850501179,49.4755201,-1.650529912
corridor_0,10091,10091,106,78,1148050,1734250,35.5932542,129.1342475,6.259596943,48.88461587,-2.241434148
corridor_0,10092,10092,107,78,1148150,1734250,35.5932392,129.1353509,5.701254963,48.32627389,-2.799776128
corridor_0,10093,10093,108,78,1148250,1734250,35.5932242,129.1364544,5.049739002,47.67475793,-3.451292089
corridor_0,10094,10094,109,78,1148350,1734250,35.5932092,129.1375578,4.418624043,47.04364297,-4.082407048
corridor_0,10095,10095,110,78,1148450,1734250,35.5931942,129.1386613,3.821417927,46.44643685,-4.679613164
corridor_0,10096,10096,111,78,1148550,1734250,35.5931792,129.1397647,3.216128468,45.84114739,-5.284902623
corridor_0,10097,10097,112,78,1148650,1734250,35.5931642,129.1408682,2.589972614,45.21499154,-5.911058476
corridor_0,10098,10098,113,78,1148750,1734250,35.5931491,129.1419716,1.814776539,44.43979546,-6.686254552
corridor_0,10099,10099,114,78,1148850,1734250,35.5931341,129.143075,1.074145435,43.69916436,-7.426885655
corridor_0,10100,10100,115,78,1148950,1734250,35.593119,129.1441785,0.330908894,42.95592782,-8.170122197
corridor_0,10101,10101,116,78,1149050,1734250,35.593104,129.1452819,-0.420761944,42.20425698,-8.921793035
corridor_0,10102,10102,117,78,1149150,1734250,35.5930889,129.1463854,-1.970719219,40.65429971,-10.47175031
corridor_0,10103,10103,118,78,1149250,1734250,35.5930738,129.1474888,-3.314530254,39.31048867,-11.81556135
corridor_0,10104,10104,119,78,1149350,1734250,35.5930587,129.1485922,-6.924401165,35.70061776,-15.42543226
corridor_0,10121,10121,119,79,1149350,1734350,35.59396,129.1486107,-5.384365917,37.24065301,-13.88539701
corridor_0,10122,10122,118,79,1149250,1734350,35.5939751,129.1475073,-2.844097973,39.78092095,-11.34512906
corridor_0,10123,10123,117,79,1149150,1734350,35.5939902,129.1464038,-1.563160778,41.06185815,-10.06419187
corridor_0,10124,10124,116,79,1149050,1734350,35.5940053,129.1453004,-0.293602825,42.3314161,-8.794633916
corridor_0,10125,10125,115,79,1148950,1734350,35.5940203,129.1441969,0.626994251,43.25201318,-7.874036839
corridor_0,10126,10126,114,79,1148850,1734350,35.5940354,129.1430935,1.356093525,43.98111245,-7.144937566
corridor_0,10127,10127,113,79,1148750,1734350,35.5940504,129.14199,2.081339954,44.70635888,-6.419691136
corridor_0,10128,10128,112,79,1148650,1734350,35.5940655,129.1408866,2.756491779,45.3815107,-5.744539311
corridor_0,10129,10129,111,79,1148550,1734350,35.5940805,129.1397831,3.464102863,46.08912179,-5.036928227
corridor_0,10130,10130,110,79,1148450,1734350,35.5940955,129.1386796,4.091269611,46.71628854,-4.409761479
corridor_0,10131,10131,109,79,1148350,1734350,35.5941105,129.1375762,4.692275166,47.31729409,-3.808755925
corridor_0,10132,10132,108,79,1148250,1734350,35.5941255,129.1364727,5.377928852,48.00294778,-3.123102239
corridor_0,10133,10133,107,79,1148150,1734350,35.5941405,129.1353693,5.94991219,48.57493111,-2.551118901
corridor_0,10134,10134,106,79,1148050,1734350,35.5941554,129.1342658,6.541842579,49.1668615,-1.959188512
corridor_0,10135,10135,105,79,1147950,1734350,35.5941704,129.1331624,7.168563007,49.79358193,-1.332468083
corridor_0,10136,10136,104,79,1147850,1734350,35.5941854,129.1320589,7.78017342,50.40519234,-0.720857671
corridor_0,10137,10137,103,79,1147750,1734350,35.5942003,129.1309554,8.422240376,51.0472593,-0.078790715
corridor_0,10138,10138,102,79,1147650,1734350,35.5942152,129.129852,9.014281391,51.63930032,0.5132503
corridor_0,10139,10139,101,79,1147550,1734350,35.5942301,129.1287485,9.803450703,52.42846963,1.302419612
corridor_0,10140,10140,100,79,1147450,1734350,35.5942451,129.127645,10.37898552,53.00400445,1.877954432
corridor_0,10141,10141,99,79,1147350,1734350,35.59426,129.1265416,10.82706368,53.4520826,2.326032588
corridor_0,10142,10142,98,79,1147250,1734350,35.5942749,129.1254381,11.33314049,53.95815942,2.832109401
corridor_0,10143,10143,97,79,1147150,1734350,35.5942897,129.1243346,11.86471856,54.48973748,3.363687465
corridor_0,10144,10144,96,79,1147050,1734350,35.5943046,129.1232312,12.00188363,54.62690255,3.500852534
corridor_0,10145,10145,95,79,1146950,1734350,35.5943195,129.1221277,11.77099907,54.396018,3.269967982
corridor_0,10146,10146,94,79,1146850,1734350,35.5943343,129.1210242,11.27303994,53.89805886,2.772008845
corridor_0,10147,10147,93,79,1146750,1734350,35.5943492,129.1199208,10.92004311,53.54506203,2.419012019
corridor_0,10148,10148,92,79,1146650,1734350,35.594364,129.1188173,10.75253594,53.37755486,2.251504848
corridor_0,10149,10149,91,79,1146550,1734350,35.5943788,129.1177138,10.62434685,53.24936578,2.123315761
corridor_0,10150,10150,90,79,1146450,1734350,35.5943936,129.1166104,10.52110588,53.14612481,2.020074794
corridor_0,10151,10151,89,79,1146350,1734350,35.5944084,129.1155069,10.46515191,53.09017083,1.964120814
corridor_0,10152,10152,88,79,1146250,1734350,35.5944232,129.1144034,10.4979583,53.12297723,1.996927211
corridor_0,10153,10153,87,79,1146150,1734350,35.594438,129.1132999,10.45735466,53.08237359,1.956323573
corridor_0,10154,10154,86,79,1146050,1734350,35.5944528,129.1121965,10.49386513,53.11888406,1.992834041
corridor_0,10155,10155,85,79,1145950,1734350,35.5944675,129.111093,10.53542626,53.16044518,2.034395167
corridor_0,10156,10156,84,79,1145850,1734350,35.5944823,129.1099895,10.58624947,53.21126839,2.085218379
corridor_0,10157,10157,83,79,1145750,1734350,35.594497,129.108886,10.67800438,53.30302331,2.176973292
corridor_0,10158,10158,82,79,1145650,1734350,35.5945117,129.1077826,11.45919716,54.08421609,2.958166072
corridor_0,10159,10159,81,79,1145550,1734350,35.5945265,129.1066791,11.70791924,54.33293816,3.206888148
corridor_0,10160,10160,80,79,1145450,1734350,35.5945412,129.1055756,12.04091179,54.66593072,3.539880702
corridor_0,10161,10161,79,79,1145350,1734350,35.5945559,129.1044721,12.45227349,55.07729241,3.951242396
corridor_0,10162,10162,78,79,1145250,1734350,35.5945706,129.1033686,12.80650246,55.43152139,4.30547137
corridor_0,10163,10163,77,79,1145150,1734350,35.5945852,129.1022652,12.95918953,55.58420846,4.458158442
corridor_0,10164,10164,76,79,1145050,1734350,35.5945999,129.1011617,13.15930092,55.78431985,4.658269832
corridor_0,10165,10165,75,79,1144950,1734350,35.5946146,129.1000582,13.42023384,56.04525277,4.919202754
corridor_0,10166,10166,74,79,1144850,1734350,35.5946292,129.0989547,13.5020858,56.12710473,5.001054713
corridor_0,10167,10167,73,79,1144750,1734350,35.5946439,129.0978512,13.73795998,56.3629789,5.236928889
corridor_0,10168,10168,72,79,1144650,1734350,35.5946585,129.0967477,14.02840722,56.65342614,5.527376124
corridor_0,10169,10169,71,79,1144550,1734350,35.5946731,129.0956443,14.36986458,56.99488351,5.868833491
corridor_0,10170,10170,70,79,1144450,1734350,35.5946877,129.0945408,14.74013436,57.36515328,6.239103267
corridor_0,10171,10171,69,79,1144350,1734350,35.5947023,129.0934373,15.18826973,57.81328866,6.687238643
corridor_0,10172,10172,68,79,1144250,1734350,35.5947169,129.0923338,15.78304207,58.408061,7.282010982
corridor_0,10173,10173,67,79,1144150,1734350,35.5947315,129.0912303,16.48108971,59.10610863,7.980058619
corridor_0,10174,10174,66,79,1144050,1734350,35.594746,129.0901268,17.22193062,59.84694955,8.720899531
corridor_0,10175,10175,65,79,1143950,1734350,35.5947606,129.0890233,18.13396752,60.75898644,9.632936427
corridor_0,10176,10176,64,79,1143850,1734350,35.5947751,129.0879198,19.22729027,61.8523092,10.72625918
corridor_0,10177,10177,63,79,1143750,1734350,35.5947897,129.0868163,20.21013939,62.83515832,11.7091083
corridor_0,10178,10178,62,79,1143650,1734350,35.5948042,129.0857128,20.47461998,63.09963891,11.97358889
corridor_0,10179,10179,61,79,1143550,1734350,35.5948187,129.0846093,19.73474038,62.3597593,11.23370928
corridor_0,10180,10180,60,79,1143450,1734350,35.5948332,129.0835058,18.58027565,61.20529458,10.07924456
corridor_0,10181,10181,59,79,1143350,1734350,35.5948477,129.0824023,17.4840194,60.10903832,8.982988307
corridor_0,10182,10182,58,79,1143250,1734350,35.5948622,129.0812989,16.51642525,59.14144418,8.01539416
corridor_0,10183,10183,57,79,1143150,1734350,35.5948767,129.0801954,15.69722664,58.32224557,7.196195552
corridor_0,10184,10184,56,79,1143050,1734350,35.5948912,129.0790919,15.04781639,57.67283532,6.546785304
corridor_0,10185,10185,55,79,1142950,1734350,35.5949056,129.0779884,14.50968087,57.13469979,6.008649776
corridor_0,10186,10186,54,79,1142850,1734350,35.5949201,129.0768849,14.09607613,56.72109505,5.595045039
corridor_0,10187,10187,53,79,1142750,1734350,35.5949345,129.0757814,13.80714714,56.43216607,5.306116054
corridor_0,10188,10188,52,79,1142650,1734350,35.5949489,129.0746779,13.61365807,56.23867699,5.112626979
corridor_0,10189,10189,51,79,1142550,1734350,35.5949634,129.0735743,13.52923119,56.15425011,5.028200099
corridor_0,10190,10190,50,79,1142450,1734350,35.5949778,129.0724708,13.52037728,56.1453962,5.019346187
corridor_0,10191,10191,49,79,1142350,1734350,35.5949922,129.0713673,13.52947533,56.15449425,5.02844424
corridor_0,10192,10192,48,79,1142250,1734350,35.5950065,129.0702638,13.61158287,56.2366018,5.110551784
corridor_0,10193,10193,47,79,1142150,1734350,35.5950209,129.0691603,13.72229302,56.34731194,5.221261928
corridor_0,10194,10194,46,79,1142050,1734350,35.5950353,129.0680568,13.67007363,56.29509255,5.169042537
corridor_0,10195,10195,45,79,1141950,1734350,35.5950496,129.0669533,13.37574685,56.00076577,4.874715755
corridor_0,10196,10196,44,79,1141850,1734350,35.595064,129.0658498,12.74191201,55.36693093,4.240880916
corridor_0,10197,10197,43,79,1141750,1734350,35.5950783,129.0647463,12.12923729,54.75425622,3.628206203
corridor_0,10198,10198,42,79,1141650,1734350,35.5950926,129.0636428,10.70368874,53.32870766,2.202657649
corridor_0,10199,10199,41,79,1141550,1734350,35.595107,129.0625393,9.899802326,52.52482125,1.398771235
corridor_0,10200,10200,40,79,1141450,1734350,35.5951213,129.0614358,9.084967732,51.70998666,0.583936641
corridor_0,10201,10201,39,79,1141350,1734350,35.5951356,129.0603323,8.017478108,50.64249703,-0.483552983
corridor_0,10202,10202,38,79,1141250,1734350,35.5951498,129.0592287,7.329672932,49.95469186,-1.171358159
corridor_0,10203,10203,37,79,1141150,1734350,35.5951641,129.0581252,6.647795796,49.27281472,-1.853235295
corridor_0,10204,10204,36,79,1141050,1734350,35.5951784,129.0570217,6.021990894,48.64700982,-2.479040196
corridor_0,10205,10205,35,79,1140950,1734350,35.5951926,129.0559182,5.351012348,47.97603127,-3.150018743
corridor_0,10206,10206,34,79,1140850,1734350,35.5952069,129.0548147,4.617144703,47.24216363,-3.883886388
corridor_0,10207,10207,33,79,1140750,1734350,35.5952211,129.0537112,3.87782967,46.50284859,-4.623201421
corridor_0,10208,10208,32,79,1140650,1734350,35.5952353,129.0526077,3.037112354,45.66213128,-5.463918736
corridor_0,10209,10209,31,79,1140550,1734350,35.5952496,129.0515041,1.240508198,43.86552712,-7.260522893
corridor_0,10210,10210,30,79,1140450,1734350,35.5952638,129.0504006,0.281100391,42.90611932,-8.219930699
corridor_0,10211,10211,29,79,1140350,1734350,35.595278,129.0492971,-0.783299328,41.8417196,-9.284330419
corridor_0,10212,10212,28,79,1140250,1734350,35.5952921,129.0481936,-2.285286785,40.33973214,-10.78631788
corridor_0,10213,10213,27,79,1140150,1734350,35.5953063,129.0470901,-3.419567944,39.20545098,-11.92059903
corridor_0,10214,10214,26,79,1140050,1734350,35.5953205,129.0459865,-5.868182064,36.75683686,-14.36921315
corridor_0,10215,10215,25,79,1139950,1734350,35.5953346,129.044883,-13.8520478,28.77297112,-22.35307889
corridor_0,10267,10267,26,80,1140050,1734450,35.5962218,129.0460039,-7.574362636,35.05065629,-16.07539373
corridor_0,10268,10268,27,80,1140150,1734450,35.5962076,129.0471074,-3.87022102,38.7547979,-12.37125211
corridor_0,10269,10269,28,80,1140250,1734450,35.5961935,129.0482109,-2.034890057,40.59012887,-10.53592115
corridor_0,10270,10270,29,80,1140350,1734450,35.5961793,129.0493145,-1.055954815,41.56906411,-9.556985906
corridor_0,10271,10271,30,80,1140450,1734450,35.5961651,129.050418,0.043814777,42.6688337,-8.457216313
corridor_0,10272,10272,31,80,1140550,1734450,35.5961509,129.0515215,1.567088245,44.19210717,-6.933942845
corridor_0,10273,10273,32,80,1140650,1734450,35.5961367,129.0526251,3.374583363,45.99960229,-5.126447728
corridor_0,10274,10274,33,80,1140750,1734450,35.5961224,129.0537286,4.095336079,46.720355,-4.405695012
corridor_0,10275,10275,34,80,1140850,1734450,35.5961082,129.0548321,4.740275501,47.36529443,-3.760755589
corridor_0,10276,10276,35,80,1140950,1734450,35.596094,129.0559356,5.390856861,48.01587579,-3.11017423
corridor_0,10277,10277,36,80,1141050,1734450,35.5960797,129.0570392,6.037799,48.66281792,-2.463232091
corridor_0,10278,10278,37,80,1141150,1734450,35.5960654,129.0581427,6.688246845,49.31326577,-1.812784245
corridor_0,10279,10279,38,80,1141250,1734450,35.5960512,129.0592462,7.306540608,49.93155953,-1.194490483
corridor_0,10280,10280,39,80,1141350,1734450,35.5960369,129.0603498,8.291361927,50.91638085,-0.209669164
corridor_0,10281,10281,40,80,1141450,1734450,35.5960226,129.0614533,9.110423206,51.73544213,0.609392116
corridor_0,10282,10282,41,80,1141550,1734450,35.5960083,129.0625568,9.896788715,52.52180764,1.395757625
corridor_0,10283,10283,42,80,1141650,1734450,35.595994,129.0636603,10.72333825,53.34835717,2.222307155
corridor_0,10284,10284,43,80,1141750,1734450,35.5959796,129.0647638,12.10764992,54.73266885,3.606618831
corridor_0,10285,10285,44,80,1141850,1734450,35.5959653,129.0658674,12.81047356,55.43549248,4.30944247
corridor_0,10286,10286,45,80,1141950,1734450,35.595951,129.0669709,13.36781609,55.99283501,4.866784999
corridor_0,10287,10287,46,80,1142050,1734450,35.5959366,129.0680744,13.99446022,56.61947915,5.493429133
corridor_0,10288,10288,47,80,1142150,1734450,35.5959222,129.0691779,13.95868218,56.5837011,5.457651088
corridor_0,10289,10289,48,80,1142250,1734450,35.5959079,129.0702814,13.86208641,56.48710534,5.361055324
corridor_0,10290,10290,49,80,1142350,1734450,35.5958935,129.071385,13.66831887,56.29333779,5.167287776
corridor_0,10291,10291,50,80,1142450,1734450,35.5958791,129.0724885,13.65316307,56.278182,5.152131984
corridor_0,10292,10292,51,80,1142550,1734450,35.5958647,129.073592,13.6388427,56.26386163,5.13781161
corridor_0,10293,10293,52,80,1142650,1734450,35.5958502,129.0746955,13.73270714,56.35772607,5.231676051
corridor_0,10294,10294,53,80,1142750,1734450,35.5958358,129.075799,13.92038262,56.54540154,5.419351527
corridor_0,10295,10295,54,80,1142850,1734450,35.5958214,129.0769025,14.23371422,56.85873315,5.732683131
corridor_0,10296,10296,55,80,1142950,1734450,35.5958069,129.078006,14.6690017,57.29402062,6.167970607
corridor_0,10297,10297,56,80,1143050,1734450,35.5957925,129.0791096,15.25624382,57.88126275,6.755212733
corridor_0,10298,10298,57,80,1143150,1734450,35.595778,129.0802131,15.99532998,58.6203489,7.494298884
corridor_0,10299,10299,58,80,1143250,1734450,35.5957635,129.0813166,16.91871941,59.54373833,8.417688319
corridor_0,10300,10300,59,80,1143350,1734450,35.595749,129.0824201,18.10444558,60.7294645,9.603414485
corridor_0,10301,10301,60,80,1143450,1734450,35.5957345,129.0835236,19.62375939,62.24877831,11.1227283
corridor_0,10302,10302,61,80,1143550,1734450,35.59572,129.0846271,21.7099334,64.33495232,13.20890231
corridor_0,10303,10303,62,80,1143650,1734450,35.5957055,129.0857306,23.76067269,66.38569161,15.2596416
corridor_0,10304,10304,63,80,1143750,1734450,35.595691,129.0868341,22.83332741,65.45834634,14.33229632
corridor_0,10305,10305,64,80,1143850,1734450,35.5956765,129.0879376,20.62860024,63.25361916,12.12756915
corridor_0,10306,10306,65,80,1143950,1734450,35.5956619,129.0890411,18.95457375,61.57959267,10.45354266
corridor_0,10307,10307,66,80,1144050,1734450,35.5956473,129.0901446,17.71551049,60.34052941,9.214479396
corridor_0,10308,10308,67,80,1144150,1734450,35.5956328,129.0912481,16.84884179,59.47386071,8.347810695
corridor_0,10309,10309,68,80,1144250,1734450,35.5956182,129.0923516,16.06747353,58.69249245,7.566442439
corridor_0,10310,10310,69,80,1144350,1734450,35.5956036,129.0934551,15.37908471,58.00410363,6.878053615
corridor_0,10311,10311,70,80,1144450,1734450,35.595589,129.0945586,14.83976662,57.46478555,6.33873553
corridor_0,10312,10312,71,80,1144550,1734450,35.5955744,129.0956621,14.41455376,57.03957269,5.91352267
corridor_0,10313,10313,72,80,1144650,1734450,35.5955598,129.0967656,14.11025536,56.73527428,5.609224269
corridor_0,10314,10314,73,80,1144750,1734450,35.5955452,129.0978691,13.77247155,56.39749047,5.271440455
corridor_0,10315,10315,74,80,1144850,1734450,35.5955305,129.0989726,13.60637963,56.23139855,5.105348536
corridor_0,10316,10316,75,80,1144950,1734450,35.5955159,129.1000761,13.49827492,56.12329385,4.997243831
corridor_0,10317,10317,76,80,1145050,1734450,35.5955012,129.1011796,13.49829781,56.12331673,4.997266719
corridor_0,10318,10318,77,80,1145150,1734450,35.5954865,129.1022831,13.23134148,55.8563604,4.73031039
corridor_0,10319,10319,78,80,1145250,1734450,35.5954719,129.1033866,13.09177315,55.71679208,4.590742061
corridor_0,10320,10320,79,80,1145350,1734450,35.5954572,129.1044901,12.62958062,55.25459954,4.128549525
corridor_0,10321,10321,80,80,1145450,1734450,35.5954425,129.1055936,12.24988472,54.87490365,3.748853633
corridor_0,10322,10322,81,80,1145550,1734450,35.5954278,129.1066971,11.9771949,54.60221383,3.476163814
corridor_0,10323,10323,82,80,1145650,1734450,35.595413,129.1078006,11.66112435,54.28614327,3.160093257
corridor_0,10324,10324,83,80,1145750,1734450,35.5953983,129.1089041,10.91341317,53.53843209,2.412382075
corridor_0,10325,10325,84,80,1145850,1734450,35.5953836,129.1100076,10.74943077,53.3744497,2.248399684
corridor_0,10326,10326,85,80,1145950,1734450,35.5953688,129.1111111,10.53893578,53.1639547,2.037904689
corridor_0,10327,10327,86,80,1146050,1734450,35.5953541,129.1122145,10.42178261,53.04680154,1.920751521
corridor_0,10328,10328,87,80,1146150,1734450,35.5953393,129.113318,10.35021126,52.97523019,1.849180171
corridor_0,10329,10329,88,80,1146250,1734450,35.5953245,129.1144215,10.32044518,52.9454641,1.819414088
corridor_0,10330,10330,89,80,1146350,1734450,35.5953097,129.115525,10.32999718,52.95501611,1.82896609
corridor_0,10331,10331,90,80,1146450,1734450,35.5952949,129.1166285,10.37808907,53.00310799,1.877057979
corridor_0,10332,10332,91,80,1146550,1734450,35.5952801,129.117732,10.44868004,53.07369897,1.947648952
corridor_0,10333,10333,92,80,1146650,1734450,35.5952653,129.1188355,10.58204567,53.2070646,2.081014583
corridor_0,10334,10334,93,80,1146750,1734450,35.5952505,129.1199389,10.82557213,53.45059106,2.324541041
corridor_0,10335,10335,94,80,1146850,1734450,35.5952356,129.1210424,11.09703743,53.72205636,2.596006343
corridor_0,10336,10336,95,80,1146950,1734450,35.5952208,129.1221459,11.47391808,54.098937,2.972886989
corridor_0,10337,10337,96,80,1147050,1734450,35.5952059,129.1232494,11.85892022,54.48393914,3.357889125
corridor_0,10338,10338,97,80,1147150,1734450,35.595191,129.1243529,11.67307579,54.29809472,3.172044703
corridor_0,10339,10339,98,80,1147250,1734450,35.5951761,129.1254563,11.40381539,54.02883431,2.902784297
corridor_0,10340,10340,99,80,1147350,1734450,35.5951613,129.1265598,11.0992347,53.72425362,2.598203609
corridor_0,10341,10341,100,80,1147450,1734450,35.5951463,129.1276633,10.64992821,53.27494714,2.14889712
corridor_0,10342,10342,101,80,1147550,1734450,35.5951314,129.1287668,10.16143715,52.78645608,1.660406062
corridor_0,10343,10343,102,80,1147650,1734450,35.5951165,129.1298702,9.507922291,52.13294122,1.0068912
corridor_0,10344,10344,103,80,1147750,1734450,35.5951016,129.1309737,8.737094044,51.36211297,0.236062953
corridor_0,10345,10345,104,80,1147850,1734450,35.5950866,129.1320772,8.09211266,50.71713158,-0.408918431
corridor_0,10346,10346,105,80,1147950,1734450,35.5950717,129.1331807,7.436183094,50.06120202,-1.064847997
corridor_0,10347,10347,106,80,1148050,1734450,35.5950567,129.1342841,6.831034779,49.4560537,-1.669996312
corridor_0,10348,10348,107,80,1148150,1734450,35.5950418,129.1353876,6.254325031,48.87934396,-2.246706059
corridor_0,10349,10349,108,80,1148250,1734450,35.5950268,129.1364911,5.674620747,48.29963967,-2.826410344
corridor_0,10350,10350,109,80,1148350,1734450,35.5950118,129.1375945,5.003638386,47.62865731,-3.497392705
corridor_0,10351,10351,110,80,1148450,1734450,35.5949968,129.138698,4.285960316,46.91097924,-4.215070775
corridor_0,10352,10352,111,80,1148550,1734450,35.5949818,129.1398015,3.662161945,46.28718087,-4.838869145
corridor_0,10353,10353,112,80,1148650,1734450,35.5949667,129.140905,3.023795246,45.64881417,-5.477235845
corridor_0,10354,10354,113,80,1148750,1734450,35.5949517,129.1420084,2.323836445,44.94885537,-6.177194646
corridor_0,10355,10355,114,80,1148850,1734450,35.5949367,129.1431119,1.612601399,44.23762032,-6.888429692
corridor_0,10356,10356,115,80,1148950,1734450,35.5949216,129.1442153,0.914389729,43.53940865,-7.586641362
corridor_0,10357,10357,116,80,1149050,1734450,35.5949065,129.1453188,0.004157185,42.62917611,-8.496873906
corridor_0,10358,10358,117,80,1149150,1734450,35.5948915,129.1464223,-1.205277325,41.4197416,-9.706308415
corridor_0,10359,10359,118,80,1149250,1734450,35.5948764,129.1475257,-2.405213238,40.21980569,-10.90624433
corridor_0,10360,10360,119,80,1149350,1734450,35.5948613,129.1486292,-4.74981773,37.87520119,-13.25084882
corridor_0,10361,10361,120,80,1149450,1734450,35.5948462,129.1497327,-10.98662841,31.63839051,-19.4876595
corridor_0,10376,10376,120,81,1149450,1734550,35.5957475,129.1497512,-7.931197048,34.69382188,-16.43222814
corridor_0,10377,10377,119,81,1149350,1734550,35.5957626,129.1486477,-3.740940929,38.884078,-12.24197202
corridor_0,10378,10378,118,81,1149250,1734550,35.5957777,129.1475442,-2.021542431,40.60347649,-10.52257352
corridor_0,10379,10379,117,81,1149150,1734550,35.5957928,129.1464407,-0.880532146,41.74448678,-9.381563237
corridor_0,10380,10380,116,81,1149050,1734550,35.5958078,129.1453373,0.2928344,42.91785332,-8.208196691
corridor_0,10381,10381,115,81,1148950,1734550,35.5958229,129.1442338,1.034278034,43.65929696,-7.466753057
corridor_0,10382,10382,114,81,1148850,1734550,35.5958379,129.1431303,1.733088612,44.35810754,-6.767942479
corridor_0,10383,10383,113,81,1148750,1734550,35.595853,129.1420268,2.543898701,45.16891763,-5.95713239
corridor_0,10384,10384,112,81,1148650,1734550,35.595868,129.1409234,3.24836266,45.87338158,-5.252668431
corridor_0,10385,10385,111,81,1148550,1734550,35.595883,129.1398199,3.889517902,46.51453683,-4.611513188
corridor_0,10386,10386,110,81,1148450,1734550,35.5958981,129.1387164,4.530852436,47.15587136,-3.970178655
corridor_0,10387,10387,109,81,1148350,1734550,35.5959131,129.1376129,5.19392693,47.81894585,-3.307104161
corridor_0,10388,10388,108,81,1148250,1734550,35.5959281,129.1365094,5.825640797,48.45065972,-2.675390294
corridor_0,10389,10389,107,81,1148150,1734550,35.595943,129.1354059,6.475375294,49.10039422,-2.025655797
corridor_0,10390,10390,106,81,1148050,1734550,35.595958,129.1343025,7.093901753,49.71892068,-1.407129338
corridor_0,10391,10391,105,81,1147950,1734550,35.595973,129.133199,7.736724018,50.36174294,-0.764307073
corridor_0,10392,10392,104,81,1147850,1734550,35.5959879,129.1320955,8.405383228,51.03040215,-0.095647862
corridor_0,10393,10393,103,81,1147750,1734550,35.5960029,129.130992,9.063578724,51.68859765,0.562547633
corridor_0,10394,10394,102,81,1147650,1734550,35.5960178,129.1298885,9.900115131,52.52513406,1.399084041
corridor_0,10395,10395,101,81,1147550,1734550,35.5960327,129.128785,10.48660576,53.11162469,1.985574672
corridor_0,10396,10396,100,81,1147450,1734550,35.5960476,129.1276815,10.90795433,53.53297326,2.406923244
corridor_0,10397,10397,99,81,1147350,1734550,35.5960625,129.1265781,11.41681588,54.0418348,2.915784785
corridor_0,10398,10398,98,81,1147250,1734550,35.5960774,129.1254746,11.43409645,54.05911538,2.933065364
corridor_0,10399,10399,97,81,1147150,1734550,35.5960923,129.1243711,11.44237816,54.06739709,2.941347072
corridor_0,10400,10400,96,81,1147050,1734550,35.5961072,129.1232676,11.44789421,54.07291314,2.946863124
corridor_0,10401,10401,95,81,1146950,1734550,35.5961221,129.1221641,11.26913369,53.89415261,2.768102595
corridor_0,10402,10402,94,81,1146850,1734550,35.5961369,129.1210606,10.9640342,53.58905312,2.463003108
corridor_0,10403,10403,93,81,1146750,1734550,35.5961517,129.1199571,10.61842263,53.24344155,2.117391536
corridor_0,10404,10404,92,81,1146650,1734550,35.5961666,129.1188536,10.43519509,53.06021401,1.934163997
corridor_0,10405,10405,91,81,1146550,1734550,35.5961814,129.1177501,10.32591545,52.95093438,1.824884364
corridor_0,10406,10406,90,81,1146450,1734550,35.5961962,129.1166466,10.28209221,52.90711114,1.781061122
corridor_0,10407,10407,89,81,1146350,1734550,35.596211,129.1155431,10.26304924,52.88806817,1.762018153
corridor_0,10408,10408,88,81,1146250,1734550,35.5962258,129.1144396,10.29262078,52.9176397,1.791589686
corridor_0,10409,10409,87,81,1146150,1734550,35.5962406,129.1133361,10.36608803,52.99110696,1.865056941
corridor_0,10410,10410,86,81,1146050,1734550,35.5962554,129.1122326,10.48595345,53.11097237,1.984922359
corridor_0,10411,10411,85,81,1145950,1734550,35.5962701,129.1111291,10.63471901,53.25973794,2.133687922
corridor_0,10412,10412,84,81,1145850,1734550,35.5962849,129.1100256,10.85487282,53.47989175,2.353841731
corridor_0,10413,10413,83,81,1145750,1734550,35.5962996,129.1089221,11.0924598,53.71747872,2.591428706
corridor_0,10414,10414,82,81,1145650,1734550,35.5963143,129.1078186,11.95251381,54.57753274,3.451482722
corridor_0,10415,10415,81,81,1145550,1734550,35.5963291,129.1067151,12.18896782,54.81398675,3.687936732
corridor_0,10416,10416,80,81,1145450,1734550,35.5963438,129.1056116,12.52940285,55.15442178,4.02837176
corridor_0,10417,10417,79,81,1145350,1734550,35.5963585,129.1045081,12.87854683,55.50356576,4.377515742
corridor_0,10418,10418,78,81,1145250,1734550,35.5963732,129.1034046,13.16213143,55.78715035,4.661100337
corridor_0,10419,10419,77,81,1145150,1734550,35.5963878,129.1023011,13.41851342,56.04353234,4.917482326
corridor_0,10420,10420,76,81,1145050,1734550,35.5964025,129.1011976,13.49093926,56.11595818,4.989908168
corridor_0,10421,10421,75,81,1144950,1734550,35.5964172,129.1000941,13.41814339,56.04316232,4.9171123
corridor_0,10422,10422,74,81,1144850,1734550,35.5964318,129.0989906,13.53295052,56.15796944,5.031919429
corridor_0,10423,10423,73,81,1144750,1734550,35.5964465,129.0978871,13.71626198,56.34128091,5.215230891
corridor_0,10424,10424,72,81,1144650,1734550,35.5964611,129.0967835,14.00627434,56.63129327,5.505243251
corridor_0,10425,10425,71,81,1144550,1734550,35.5964757,129.09568,14.31708062,56.94209954,5.816049525
corridor_0,10426,10426,70,81,1144450,1734550,35.5964903,129.0945765,14.76639092,57.39140984,6.265359828
corridor_0,10427,10427,69,81,1144350,1734550,35.5965049,129.093473,15.41545784,58.04047677,6.914426753
corridor_0,10428,10428,68,81,1144250,1734550,35.5965195,129.0923695,16.1392318,58.76425072,7.638200709
corridor_0,10429,10429,67,81,1144150,1734550,35.5965341,129.091266,17.09966576,59.72468468,8.598634669
corridor_0,10430,10430,66,81,1144050,1734550,35.5965487,129.0901625,18.0170089,60.64202782,9.515977809
corridor_0,10431,10431,65,81,1143950,1734550,35.5965632,129.089059,19.38899529,62.01401421,10.8879642
corridor_0,10432,10432,64,81,1143850,1734550,35.5965778,129.0879554,21.43199837,64.0570173,12.93096728
corridor_0,10433,10433,63,81,1143750,1734550,35.5965923,129.0868519,25.49588692,68.12090585,16.99485583
corridor_0,10434,10434,62,81,1143650,1734550,35.5966068,129.0857484,30.5701133,73.19513222,22.06908221
corridor_0,10435,10435,61,81,1143550,1734550,35.5966213,129.0846449,23.16185295,65.78687188,14.66082186
corridor_0,10436,10436,60,81,1143450,1734550,35.5966359,129.0835414,20.20010674,62.82512566,11.69907565
corridor_0,10437,10437,59,81,1143350,1734550,35.5966504,129.0824378,18.41474068,61.03975961,9.91370959
corridor_0,10438,10438,58,81,1143250,1734550,35.5966648,129.0813343,17.1322242,59.75724313,8.63119311
corridor_0,10439,10439,57,81,1143150,1734550,35.5966793,129.0802308,16.17059243,58.79561135,7.669561336
corridor_0,10440,10440,56,81,1143050,1734550,35.5966938,129.0791273,15.38587868,58.01089761,6.88484759
corridor_0,10441,10441,55,81,1142950,1734550,35.5967082,129.0780237,14.78623879,57.41125771,6.285207698
corridor_0,10442,10442,54,81,1142850,1734550,35.5967227,129.0769202,14.34282601,56.96784493,5.841794917
corridor_0,10443,10443,53,81,1142750,1734550,35.5967371,129.0758167,14.02789986,56.65291878,5.52686877
corridor_0,10444,10444,52,81,1142650,1734550,35.5967516,129.0747132,13.85433495,56.47935387,5.353303859
corridor_0,10445,10445,51,81,1142550,1734550,35.596766,129.0736096,13.79117119,56.41619012,5.290140101
corridor_0,10446,10446,50,81,1142450,1734550,35.5967804,129.0725061,13.80959999,56.43461892,5.308568904
corridor_0,10447,10447,49,81,1142350,1734550,35.5967948,129.0714026,13.90632164,56.53134057,5.405290553
corridor_0,10448,10448,48,81,1142250,1734550,35.5968092,129.0702991,14.07718956,56.70220849,5.576158473
corridor_0,10449,10449,47,81,1142150,1734550,35.5968235,129.0691955,14.1107322,56.73575112,5.609701106
corridor_0,10450,10450,46,81,1142050,1734550,35.5968379,129.068092,14.08932793,56.71434686,5.58829684
corridor_0,10451,10451,45,81,1141950,1734550,35.5968523,129.0669885,13.38456643,56.00958535,4.883535335
corridor_0,10452,10452,44,81,1141850,1734550,35.5968666,129.0658849,12.66801751,55.29303643,4.166986415
corridor_0,10453,10453,43,81,1141750,1734550,35.596881,129.0647814,12.14176857,54.7667875,3.640737483
corridor_0,10454,10454,42,81,1141650,1734550,35.5968953,129.0636779,10.71347725,53.33849618,2.212446162
corridor_0,10455,10455,41,81,1141550,1734550,35.5969096,129.0625743,9.910552143,52.53557107,1.409521052
corridor_0,10456,10456,40,81,1141450,1734550,35.5969239,129.0614708,9.131373524,51.75639245,0.630342433
corridor_0,10457,10457,39,81,1141350,1734550,35.5969382,129.0603673,8.394633411,51.01965234,-0.106397679
corridor_0,10458,10458,38,81,1141250,1734550,35.5969525,129.0592637,7.58763039,50.21264931,-0.913400701
corridor_0,10459,10459,37,81,1141150,1734550,35.5969668,129.0581602,6.655829548,49.28084847,-1.845201543
corridor_0,10460,10460,36,81,1141050,1734550,35.596981,129.0570566,6.076239704,48.70125863,-2.424791387
corridor_0,10461,10461,35,81,1140950,1734550,35.5969953,129.0559531,5.462103962,48.08712289,-3.038927129
corridor_0,10462,10462,34,81,1140850,1734550,35.5970095,129.0548496,4.783595203,47.40861413,-3.717435887
corridor_0,10463,10463,33,81,1140750,1734550,35.5970238,129.053746,4.158789753,46.78380868,-4.342241338
corridor_0,10464,10464,32,81,1140650,1734550,35.597038,129.0526425,3.550299763,46.17531869,-4.950731328
corridor_0,10465,10465,31,81,1140550,1734550,35.5970522,129.0515389,2.650271534,45.27529046,-5.850759557
corridor_0,10466,10466,30,81,1140450,1734550,35.5970664,129.0504354,-0.043175579,42.58184335,-8.54420667
corridor_0,10467,10467,29,81,1140350,1734550,35.5970806,129.0493318,-1.136937023,41.4880819,-9.637968114
corridor_0,10468,10468,28,81,1140250,1734550,35.5970948,129.0482283,-2.399769665,40.22524926,-10.90080076
corridor_0,10469,10469,27,81,1140150,1734550,35.597109,129.0471247,-3.942963482,38.68205544,-12.44399457
corridor_0,10470,10470,26,81,1140050,1734550,35.5971231,129.0460212,-7.651659847,34.97335908,-16.15269094
corridor_0,10523,10523,26,82,1140050,1734650,35.5980245,129.0460385,-8.954352261,33.67066666,-17.45538335
corridor_0,10524,10524,27,82,1140150,1734650,35.5980103,129.0471421,-5.027630688,37.59738824,-13.52866178
corridor_0,10525,10525,28,82,1140250,1734650,35.5979961,129.0482457,-2.826126934,39.79889199,-11.32715802
corridor_0,10526,10526,29,82,1140350,1734650,35.5979819,129.0493492,-1.240647198,41.38437173,-9.741678288
corridor_0,10527,10527,30,82,1140450,1734650,35.5979677,129.0504528,1.287680744,43.91269967,-7.213350347
corridor_0,10528,10528,31,82,1140550,1734650,35.5979535,129.0515563,3.038405537,45.66342446,-5.462625554
corridor_0,10529,10529,32,82,1140650,1734650,35.5979393,129.0526599,3.654112934,46.27913186,-4.846918157
corridor_0,10530,10530,33,82,1140750,1734650,35.5979251,129.0537634,4.382014393,47.00703332,-4.119016698
corridor_0,10531,10531,34,82,1140850,1734650,35.5979109,129.054867,5.004344105,47.62936303,-3.496686986
corridor_0,10532,10532,35,82,1140950,1734650,35.5978966,129.0559705,5.535472035,48.16049096,-2.965559056
corridor_0,10533,10533,36,82,1141050,1734650,35.5978824,129.0570741,6.126734852,48.75175378,-2.374296239
corridor_0,10534,10534,37,82,1141150,1734650,35.5978681,129.0581776,6.822203754,49.44722268,-1.678827336
corridor_0,10535,10535,38,82,1141250,1734650,35.5978538,129.0592812,7.707884907,50.33290383,-0.793146184
corridor_0,10536,10536,39,82,1141350,1734650,35.5978395,129.0603847,8.424098133,51.04911706,-0.076932958
corridor_0,10537,10537,40,82,1141450,1734650,35.5978252,129.0614883,9.113772511,51.73879144,0.61274142
corridor_0,10538,10538,41,82,1141550,1734650,35.5978109,129.0625918,9.788447498,52.41346642,1.287416408
corridor_0,10539,10539,42,82,1141650,1734650,35.5977966,129.0636954,10.4801017,53.10512063,1.979070613
corridor_0,10540,10540,43,82,1141750,1734650,35.5977823,129.0647989,11.9047004,54.52971932,3.403669307
corridor_0,10541,10541,44,82,1141850,1734650,35.5977679,129.0659025,12.61472237,55.23974129,4.113691279
corridor_0,10542,10542,45,82,1141950,1734650,35.5977536,129.067006,13.16003716,55.78505608,4.659006068
corridor_0,10543,10543,46,82,1142050,1734650,35.5977392,129.0681096,13.65046608,56.27548501,5.149434993
corridor_0,10544,10544,47,82,1142150,1734650,35.5977249,129.0692131,13.99422753,56.61924645,5.493196437
corridor_0,10545,10545,48,82,1142250,1734650,35.5977105,129.0703167,13.96098244,56.58600137,5.45995135
corridor_0,10546,10546,49,82,1142350,1734650,35.5976961,129.0714202,14.04290306,56.66792199,5.541871974
corridor_0,10547,10547,50,82,1142450,1734650,35.5976817,129.0725237,13.96484673,56.58986565,5.463815639
corridor_0,10548,10548,51,82,1142550,1734650,35.5976673,129.0736273,13.94203865,56.56705758,5.441007564
corridor_0,10549,10549,52,82,1142650,1734650,35.5976529,129.0747308,13.9846946,56.60971352,5.483663508
corridor_0,10550,10550,53,82,1142750,1734650,35.5976384,129.0758344,14.1227752,56.74779412,5.621744105
corridor_0,10551,10551,54,82,1142850,1734650,35.597624,129.0769379,14.42029869,57.04531762,5.919267604
corridor_0,10552,10552,55,82,1142950,1734650,35.5976096,129.0780414,14.86336815,57.48838708,6.362337062
corridor_0,10553,10553,56,82,1143050,1734650,35.5975951,129.079145,15.4340049,58.05902383,6.932973811
corridor_0,10554,10554,57,82,1143150,1734650,35.5975806,129.0802485,16.19381249,58.81883141,7.692781398
corridor_0,10555,10555,58,82,1143250,1734650,35.5975662,129.081352,17.12475884,59.74977776,8.623727748
corridor_0,10556,10556,59,82,1143350,1734650,35.5975517,129.0824556,18.29947579,60.92449471,9.798444697
corridor_0,10557,10557,60,82,1143450,1734650,35.5975372,129.0835591,19.86770546,62.49272439,11.36667437
corridor_0,10558,10558,61,82,1143550,1734650,35.5975227,129.0846626,22.0652343,64.69025323,13.56420321
corridor_0,10559,10559,62,82,1143650,1734650,35.5975081,129.0857662,24.4383117,67.06333062,15.9372806
corridor_0,10560,10560,63,82,1143750,1734650,35.5974936,129.0868697,23.30188286,65.92690179,14.80085177
corridor_0,10561,10561,64,82,1143850,1734650,35.5974791,129.0879732,20.84666741,63.47168633,12.34563632
corridor_0,10562,10562,65,82,1143950,1734650,35.5974645,129.0890768,19.05777275,61.68279168,10.55674166
corridor_0,10563,10563,66,82,1144050,1734650,35.59745,129.0901803,17.88341057,60.5084295,9.382379481
corridor_0,10564,10564,67,82,1144150,1734650,35.5974354,129.0912838,16.91192162,59.53694054,8.410890529
corridor_0,10565,10565,68,82,1144250,1734650,35.5974208,129.0923874,16.17309105,58.79810998,7.672059962
corridor_0,10566,10566,69,82,1144350,1734650,35.5974062,129.0934909,15.31093514,57.93595406,6.809904048
corridor_0,10567,10567,70,82,1144450,1734650,35.5973916,129.0945944,14.56547844,57.19049737,6.064447352
corridor_0,10568,10568,71,82,1144550,1734650,35.597377,129.0956979,14.10058129,56.72560021,5.599550197
corridor_0,10569,10569,72,82,1144650,1734650,35.5973624,129.0968015,13.78546059,56.41047951,5.2844295
corridor_0,10570,10570,73,82,1144750,1734650,35.5973478,129.097905,13.50964653,56.13466546,5.008615443
corridor_0,10571,10571,74,82,1144850,1734650,35.5973331,129.0990085,13.31558144,55.94060036,4.814550349
corridor_0,10572,10572,75,82,1144950,1734650,35.5973185,129.100112,13.24156868,55.86658761,4.740537593
corridor_0,10573,10573,76,82,1145050,1734650,35.5973038,129.1012155,13.17959511,55.80461404,4.678564021
corridor_0,10574,10574,77,82,1145150,1734650,35.5972891,129.1023191,13.2696563,55.89467522,4.768625209
corridor_0,10575,10575,78,82,1145250,1734650,35.5972745,129.1034226,13.05251229,55.67753121,4.551481196
corridor_0,10576,10576,79,82,1145350,1734650,35.5972598,129.1045261,12.77736199,55.40238091,4.276330897
corridor_0,10577,10577,80,82,1145450,1734650,35.5972451,129.1056296,12.59996331,55.22498223,4.098932216
corridor_0,10578,10578,81,82,1145550,1734650,35.5972304,129.1067331,12.32892907,54.95394799,3.827897975
corridor_0,10579,10579,82,82,1145650,1734650,35.5972156,129.1078366,12.13464272,54.75966164,3.633611629
corridor_0,10580,10580,83,82,1145750,1734650,35.5972009,129.1089402,11.31061089,53.93562981,2.809579799
corridor_0,10581,10581,84,82,1145850,1734650,35.5971862,129.1100437,11.02675164,53.65177056,2.525720546
corridor_0,10582,10582,85,82,1145950,1734650,35.5971714,129.1111472,10.80989754,53.43491647,2.30886645
corridor_0,10583,10583,86,82,1146050,1734650,35.5971567,129.1122507,10.59944069,53.22445962,2.098409602
corridor_0,10584,10584,87,82,1146150,1734650,35.5971419,129.1133542,10.42068398,53.0457029,1.919652888
corridor_0,10585,10585,88,82,1146250,1734650,35.5971271,129.1144577,10.31734764,52.94236657,1.816316554
corridor_0,10586,10586,89,82,1146350,1734650,35.5971123,129.1155612,10.24720681,52.87222573,1.746175715
corridor_0,10587,10587,90,82,1146450,1734650,35.5970975,129.1166647,10.22822869,52.85324761,1.727197597
corridor_0,10588,10588,91,82,1146550,1734650,35.5970827,129.1177683,10.24943077,52.8744497,1.748399684
corridor_0,10589,10589,92,82,1146650,1734650,35.5970679,129.1188718,10.31761849,52.94263741,1.816587398
corridor_0,10590,10590,93,82,1146750,1734650,35.597053,129.1199753,10.46852028,53.09353921,1.967489192
corridor_0,10591,10591,94,82,1146850,1734650,35.5970382,129.1210788,10.70538247,53.33040139,2.204351375
corridor_0,10592,10592,95,82,1146950,1734650,35.5970233,129.1221823,11.03029931,53.65531823,2.529268214
corridor_0,10593,10593,96,82,1147050,1734650,35.5970085,129.1232858,11.15999138,53.78501031,2.658960292
corridor_0,10594,10594,97,82,1147150,1734650,35.5969936,129.1243893,11.2825309,53.90754983,2.781499812
corridor_0,10595,10595,98,82,1147250,1734650,35.5969787,129.1254928,11.42448342,54.04950234,2.923452327
corridor_0,10596,10596,99,82,1147350,1734650,35.5969638,129.1265963,11.35870659,53.98372552,2.857675502
corridor_0,10597,10597,100,82,1147450,1734650,35.5969489,129.1276998,11.18865883,53.81367776,2.687627742
corridor_0,10598,10598,101,82,1147550,1734650,35.596934,129.1288033,10.81567681,53.44069573,2.314645717
corridor_0,10599,10599,102,82,1147650,1734650,35.5969191,129.1299068,10.16767418,52.79269311,1.666643092
corridor_0,10600,10600,103,82,1147750,1734650,35.5969042,129.1310103,9.50918877,52.13420769,1.00815768
corridor_0,10601,10601,104,82,1147850,1734650,35.5968892,129.1321138,8.641131519,51.26615044,0.140100429
corridor_0,10602,10602,105,82,1147950,1734650,35.5968743,129.1332173,7.987605213,50.61262414,-0.513425878
corridor_0,10603,10603,106,82,1148050,1734650,35.5968593,129.1343208,7.302405476,49.9274244,-1.198625615
corridor_0,10604,10604,107,82,1148150,1734650,35.5968443,129.1354243,6.674040913,49.29905984,-1.826990178
corridor_0,10605,10605,108,82,1148250,1734650,35.5968293,129.1365278,6.027369618,48.65238854,-2.473661473
corridor_0,10606,10606,109,82,1148350,1734650,35.5968143,129.1376313,5.461657642,48.08667657,-3.039373448
corridor_0,10607,10607,110,82,1148450,1734650,35.5967993,129.1387348,4.760153889,47.38517281,-3.740877202
corridor_0,10608,10608,111,82,1148550,1734650,35.5967843,129.1398383,4.077822804,46.70284173,-4.423208287
corridor_0,10609,10609,112,82,1148650,1734650,35.5967693,129.1409418,3.414847492,46.03986642,-5.086183599
corridor_0,10610,10610,113,82,1148750,1734650,35.5967543,129.1420452,2.75559914,45.38061806,-5.745431951
corridor_0,10611,10611,114,82,1148850,1734650,35.5967392,129.1431487,2.067893147,44.69291207,-6.433137944
corridor_0,10612,10612,115,82,1148950,1734650,35.5967242,129.1442522,1.26997292,43.89499184,-7.231058171
corridor_0,10613,10613,116,82,1149050,1734650,35.5967091,129.1453557,0.398032307,43.02305123,-8.102998784
corridor_0,10614,10614,117,82,1149150,1734650,35.596694,129.1464592,-0.411984325,42.2130346,-8.913015416
corridor_0,10615,10615,118,82,1149250,1734650,35.596679,129.1475627,-1.685658337,40.93936059,-10.18668943
corridor_0,10616,10616,119,82,1149350,1734650,35.5966639,129.1486662,-3.289154888,39.33586404,-11.79018598
corridor_0,10617,10617,120,82,1149450,1734650,35.5966488,129.1497697,-6.89232719,35.73269173,-15.39335828
corridor_0,10632,10632,120,83,1149450,1734750,35.59755,129.1497882,-6.086069942,36.53894898,-14.58710103
corridor_0,10633,10633,119,83,1149350,1734750,35.5975651,129.1486847,-3.227597118,39.39742181,-11.72862821
corridor_0,10634,10634,118,83,1149250,1734750,35.5975802,129.1475812,-1.399109722,41.2259092,-9.900140813
corridor_0,10635,10635,117,83,1149150,1734750,35.5975953,129.1464777,-0.335713268,42.28930566,-8.836744359
corridor_0,10636,10636,116,83,1149050,1734750,35.5976104,129.1453742,0.603465199,43.22848412,-7.897565892
corridor_0,10637,10637,115,83,1148950,1734750,35.5976255,129.1442707,1.461749195,44.08676812,-7.039281896
corridor_0,10638,10638,114,83,1148850,1734750,35.5976405,129.1431672,2.258704304,44.88372323,-6.242326787
corridor_0,10639,10639,113,83,1148750,1734750,35.5976556,129.1420637,2.933802723,45.55882165,-5.567228368
corridor_0,10640,10640,112,83,1148650,1734750,35.5976706,129.1409602,3.595446705,46.22046563,-4.905584386
corridor_0,10641,10641,111,83,1148550,1734750,35.5976856,129.1398566,4.263880848,46.88889977,-4.237150243
corridor_0,10642,10642,110,83,1148450,1734750,35.5977006,129.1387531,4.902537464,47.52755639,-3.598493627
corridor_0,10643,10643,109,83,1148350,1734750,35.5977156,129.1376496,5.5664016,48.19142052,-2.934629491
corridor_0,10644,10644,108,83,1148250,1734750,35.5977306,129.1365461,6.180640339,48.80565926,-2.320390752
corridor_0,10645,10645,107,83,1148150,1734750,35.5977456,129.1354426,6.838336109,49.46335503,-1.662694982
corridor_0,10646,10646,106,83,1148050,1734750,35.5977606,129.1343391,7.50485146,50.12987038,-0.996179631
corridor_0,10647,10647,105,83,1147950,1734750,35.5977756,129.1332356,8.22127068,50.8462896,-0.279760411
corridor_0,10648,10648,104,83,1147850,1734750,35.5977905,129.1321321,8.955813526,51.58083245,0.454782435
corridor_0,10649,10649,103,83,1147750,1734750,35.5978054,129.1310286,9.770262837,52.39528176,1.269231746
corridor_0,10650,10650,102,83,1147650,1734750,35.5978204,129.1299251,10.433303,53.05832192,1.932271907
corridor_0,10651,10651,101,83,1147550,1734750,35.5978353,129.1288216,11.02842629,53.65344521,2.527395198
corridor_0,10652,10652,100,83,1147450,1734750,35.5978502,129.1277181,11.53599083,54.16100976,3.034959743
corridor_0,10653,10653,99,83,1147350,1734750,35.5978651,129.1266145,11.70969307,54.334712,3.208661983
corridor_0,10654,10654,98,83,1147250,1734750,35.59788,129.125511,11.59373009,54.21874902,3.092699
corridor_0,10655,10655,97,83,1147150,1734750,35.5978949,129.1244075,11.27821267,53.90323159,2.777181575
corridor_0,10656,10656,96,83,1147050,1734750,35.5979098,129.123304,11.03479683,53.65981576,2.533765742
corridor_0,10657,10657,95,83,1146950,1734750,35.5979246,129.1222005,10.91727364,53.54229256,2.416242549
corridor_0,10658,10658,94,83,1146850,1734750,35.5979395,129.121097,10.58684838,53.2118673,2.085817286
corridor_0,10659,10659,93,83,1146750,1734750,35.5979543,129.1199934,10.4015075,53.02652642,1.900476405
corridor_0,10660,10660,92,83,1146650,1734750,35.5979692,129.1188899,10.27075493,52.89577386,1.769723842
corridor_0,10661,10661,91,83,1146550,1734750,35.597984,129.1177864,10.22103417,52.84605309,1.720003078
corridor_0,10662,10662,90,83,1146450,1734750,35.5979988,129.1166829,10.19903862,52.82405755,1.698007533
corridor_0,10663,10663,89,83,1146350,1734750,35.5980136,129.1155794,10.27109444,52.89611337,1.77006335
corridor_0,10664,10664,88,83,1146250,1734750,35.5980284,129.1144758,10.3983413,53.02336022,1.897310206
corridor_0,10665,10665,87,83,1146150,1734750,35.5980432,129.1133723,10.55003655,53.17505547,2.049005458
corridor_0,10666,10666,86,83,1146050,1734750,35.5980579,129.1122688,10.75712502,53.38214394,2.256093928
corridor_0,10667,10667,85,83,1145950,1734750,35.5980727,129.1111653,10.9976455,53.62266442,2.496614406
corridor_0,10668,10668,84,83,1145850,1734750,35.5980875,129.1100617,11.25950539,53.88452431,2.758474299
corridor_0,10669,10669,83,83,1145750,1734750,35.5981022,129.1089582,11.52160561,54.14662453,3.020574519
corridor_0,10670,10670,82,83,1145650,1734750,35.5981169,129.1078547,12.29910195,54.92412087,3.798070857
corridor_0,10671,10671,81,83,1145550,1734750,35.5981317,129.1067512,12.49898827,55.12400719,3.997957179
corridor_0,10672,10672,80,83,1145450,1734750,35.5981464,129.1056476,12.62639153,55.25141045,4.125360438
corridor_0,10673,10673,79,83,1145350,1734750,35.5981611,129.1045441,12.73845208,55.363471,4.237420985
corridor_0,10674,10674,78,83,1145250,1734750,35.5981758,129.1034406,12.82737648,55.45239541,4.326345393
corridor_0,10675,10675,77,83,1145150,1734750,35.5981904,129.102337,12.91333687,55.5383558,4.412305781
corridor_0,10676,10676,76,83,1145050,1734750,35.5982051,129.1012335,12.90984642,55.53486535,4.408815333
corridor_0,10677,10677,75,83,1144950,1734750,35.5982198,129.10013,12.95716011,55.58217904,4.456129024
corridor_0,10678,10678,74,83,1144850,1734750,35.5982344,129.0990264,13.01944649,55.64446542,4.518415401
corridor_0,10679,10679,73,83,1144750,1734750,35.5982491,129.0979229,13.21118081,55.83619973,4.710149714
corridor_0,10680,10680,72,83,1144650,1734750,35.5982637,129.0968194,13.47654641,56.10156533,4.975515315
corridor_0,10681,10681,71,83,1144550,1734750,35.5982783,129.0957158,13.80057061,56.42558953,5.299539515
corridor_0,10682,10682,70,83,1144450,1734750,35.5982929,129.0946123,14.2603637,56.88538262,5.759332606
corridor_0,10683,10683,69,83,1144350,1734750,35.5983075,129.0935087,14.91094506,57.53596398,6.409913966
corridor_0,10684,10684,68,83,1144250,1734750,35.5983221,129.0924052,15.72852623,58.35354516,7.227495143
corridor_0,10685,10685,67,83,1144150,1734750,35.5983367,129.0913017,16.41463768,59.03965661,7.913606593
corridor_0,10686,10686,66,83,1144050,1734750,35.5983513,129.0901981,17.28765023,59.91266915,8.786619136
corridor_0,10687,10687,65,83,1143950,1734750,35.5983658,129.0890946,18.30949318,60.93451211,9.808462092
corridor_0,10688,10688,64,83,1143850,1734750,35.5983804,129.087991,19.54700005,62.17201897,11.04596896
corridor_0,10689,10689,63,83,1143750,1734750,35.5983949,129.0868875,20.68295205,63.30797097,12.18192095
corridor_0,10690,10690,62,83,1143650,1734750,35.5984094,129.085784,20.96416008,63.58917901,12.46312899
corridor_0,10691,10691,61,83,1143550,1734750,35.598424,129.0846804,20.20954049,62.83455941,11.70850939
corridor_0,10692,10692,60,83,1143450,1734750,35.5984385,129.0835769,18.98905098,61.61406991,10.48801989
corridor_0,10693,10693,59,83,1143350,1734750,35.598453,129.0824733,17.86365044,60.48866936,9.362619349
corridor_0,10694,10694,58,83,1143250,1734750,35.5984675,129.0813698,16.88474953,59.50976846,8.38371844
corridor_0,10695,10695,57,83,1143150,1734750,35.5984819,129.0802662,16.08560479,58.71062371,7.584573695
corridor_0,10696,10696,56,83,1143050,1734750,35.5984964,129.0791627,15.4095298,58.03454873,6.908498713
corridor_0,10697,10697,55,83,1142950,1734750,35.5985109,129.0780591,14.87087929,57.49589822,6.369848201
corridor_0,10698,10698,54,83,1142850,1734750,35.5985253,129.0769556,14.46351921,57.08853814,5.962488124
corridor_0,10699,10699,53,83,1142750,1734750,35.5985398,129.075852,14.19885552,56.82387444,5.697824428
corridor_0,10700,10700,52,83,1142650,1734750,35.5985542,129.0747485,14.06468499,56.68970391,5.563653895
corridor_0,10701,10701,51,83,1142550,1734750,35.5985686,129.0736449,14.05778801,56.68280694,5.556756923
corridor_0,10702,10702,50,83,1142450,1734750,35.598583,129.0725414,14.08308709,56.70810601,5.582055995
corridor_0,10703,10703,49,83,1142350,1734750,35.5985974,129.0714378,14.03942025,56.66443917,5.538389155
corridor_0,10704,10704,48,83,1142250,1734750,35.5986118,129.0703343,13.86649239,56.49151131,5.365461299
corridor_0,10705,10705,47,83,1142150,1734750,35.5986262,129.0692307,13.66269982,56.28771874,5.161668727
corridor_0,10706,10706,46,83,1142050,1734750,35.5986405,129.0681272,13.29715264,55.92217156,4.796121547
corridor_0,10707,10707,45,83,1141950,1734750,35.5986549,129.0670236,12.85651314,55.48153207,4.355482051
corridor_0,10708,10708,44,83,1141850,1734750,35.5986693,129.06592,12.30347741,54.92849633,3.802446315
corridor_0,10709,10709,43,83,1141750,1734750,35.5986836,129.0648165,11.69028771,54.31530663,3.189256618
corridor_0,10710,10710,42,83,1141650,1734750,35.5986979,129.0637129,10.31087792,52.93589684,1.809846828
corridor_0,10711,10711,41,83,1141550,1734750,35.5987122,129.0626094,9.667872547,52.29289147,1.166841456
corridor_0,10712,10712,40,83,1141450,1734750,35.5987265,129.0615058,9.099002003,51.72402093,0.597970912
corridor_0,10713,10713,39,83,1141350,1734750,35.5987408,129.0604022,8.492118,51.11713692,-0.008913091
corridor_0,10714,10714,38,83,1141250,1734750,35.5987551,129.0592987,7.84480965,50.46982858,-0.65622144
corridor_0,10715,10715,37,83,1141150,1734750,35.5987694,129.0581951,7.146437763,49.77145669,-1.354593328
corridor_0,10716,10716,36,83,1141050,1734750,35.5987837,129.0570916,6.140597462,48.76561639,-2.360433629
corridor_0,10717,10717,35,83,1140950,1734750,35.5987979,129.055988,5.643672108,48.26869103,-2.857358983
corridor_0,10718,10718,34,83,1140850,1734750,35.5988122,129.0548844,5.163943409,47.78896233,-3.337087682
corridor_0,10719,10719,33,83,1140750,1734750,35.5988264,129.0537809,4.612292408,47.23731133,-3.888738683
corridor_0,10720,10720,32,83,1140650,1734750,35.5988406,129.0526773,4.056494831,46.68151376,-4.44453626
corridor_0,10721,10721,31,83,1140550,1734750,35.5988549,129.0515737,3.408530354,46.03354928,-5.092500737
corridor_0,10722,10722,30,83,1140450,1734750,35.5988691,129.0504702,2.024809956,44.64982888,-6.476221135
corridor_0,10723,10723,29,83,1140350,1734750,35.5988833,129.0493666,-0.280171276,42.34484765,-8.781202367
corridor_0,10724,10724,28,83,1140250,1734750,35.5988974,129.048263,-3.310105205,39.31491372,-11.8111363
corridor_0,10725,10725,27,83,1140150,1734750,35.5989116,129.0471595,-5.771447063,36.85357186,-14.27247815
corridor_0,10726,10726,26,83,1140050,1734750,35.5989258,129.0460559,-10.78740203,31.83761689,-19.28843313
corridor_0,10780,10780,27,84,1140150,1734850,35.5998129,129.0471768,-5.912236095,36.71278283,-14.41326719
corridor_0,10781,10781,28,84,1140250,1734850,35.5997988,129.0482804,-3.863129497,38.76188943,-12.36416059
corridor_0,10782,10782,29,84,1140350,1734850,35.5997846,129.049384,0.735625385,43.36064431,-7.765405705
corridor_0,10783,10783,30,84,1140450,1734850,35.5997704,129.0504875,2.875651478,45.5006704,-5.625379613
corridor_0,10784,10784,31,84,1140550,1734850,35.5997562,129.0515911,3.919200062,46.54421899,-4.581831029
corridor_0,10785,10785,32,84,1140650,1734850,35.599742,129.0526947,4.442549824,47.06756875,-4.058481267
corridor_0,10786,10786,33,84,1140750,1734850,35.5997277,129.0537983,4.958388447,47.58340737,-3.542642644
corridor_0,10787,10787,34,84,1140850,1734850,35.5997135,129.0549019,5.41739571,48.04241463,-3.083635381
corridor_0,10788,10788,35,84,1140950,1734850,35.5996993,129.0560054,5.823290943,48.44830987,-2.677740148
corridor_0,10789,10789,36,84,1141050,1734850,35.599685,129.057109,6.731558918,49.35657784,-1.769472173
corridor_0,10790,10790,37,84,1141150,1734850,35.5996707,129.0582126,7.408541798,50.03356072,-1.092489293
corridor_0,10791,10791,38,84,1141250,1734850,35.5996564,129.0593162,7.966509937,50.59152886,-0.534521153
corridor_0,10792,10792,39,84,1141350,1734850,35.5996422,129.0604197,8.581069111,51.20608804,0.08003802
corridor_0,10793,10793,40,84,1141450,1734850,35.5996279,129.0615233,9.133937,51.75895592,0.63290591
corridor_0,10794,10794,41,84,1141550,1734850,35.5996136,129.0626269,9.686728596,52.31174752,1.185697505
corridor_0,10795,10795,42,84,1141650,1734850,35.5995992,129.0637305,10.27023613,52.89525506,1.769205043
corridor_0,10796,10796,43,84,1141750,1734850,35.5995849,129.064834,11.4914161,54.11643502,2.990385005
corridor_0,10797,10797,44,84,1141850,1734850,35.5995706,129.0659376,12.05797112,54.68299004,3.556940028
corridor_0,10798,10798,45,84,1141950,1734850,35.5995562,129.0670412,12.6155349,55.24055383,4.11450381
corridor_0,10799,10799,46,84,1142050,1734850,35.5995419,129.0681447,13.07526314,55.70028207,4.574232051
corridor_0,10800,10800,47,84,1142150,1734850,35.5995275,129.0692483,13.4532882,56.07830712,4.952257106
corridor_0,10801,10801,48,84,1142250,1734850,35.5995131,129.0703519,13.76797783,56.39299676,5.266946742
corridor_0,10802,10802,49,84,1142350,1734850,35.5994987,129.0714555,14.00270379,56.62772271,5.501672694
corridor_0,10803,10803,50,84,1142450,1734850,35.5994843,129.072559,14.11254799,56.73756692,5.611516902
corridor_0,10804,10804,51,84,1142550,1734850,35.5994699,129.0736626,14.11952507,56.744544,5.618493983
corridor_0,10805,10805,52,84,1142650,1734850,35.5994555,129.0747661,14.13576424,56.76078316,5.63473315
corridor_0,10806,10806,53,84,1142750,1734850,35.5994411,129.0758697,14.25991738,56.8849363,5.758886287
corridor_0,10807,10807,54,84,1142850,1734850,35.5994266,129.0769733,14.47584069,57.10085961,5.974809596
corridor_0,10808,10808,55,84,1142950,1734850,35.5994122,129.0780768,14.83860695,57.46362588,6.337575862
corridor_0,10809,10809,56,84,1143050,1734850,35.5993977,129.0791804,15.3038398,57.92885873,6.802808711
corridor_0,10810,10810,57,84,1143150,1734850,35.5993833,129.080284,15.89332497,58.51834389,7.39229388
corridor_0,10811,10811,58,84,1143250,1734850,35.5993688,129.0813875,16.56966698,59.19468591,8.06863589
corridor_0,10812,10812,59,84,1143350,1734850,35.5993543,129.0824911,17.30860054,59.93361947,8.807569453
corridor_0,10813,10813,60,84,1143450,1734850,35.5993398,129.0835946,18.04970086,60.67471978,9.548669765
corridor_0,10814,10814,61,84,1143550,1734850,35.5993253,129.0846982,18.6999923,61.32501122,10.19896121
corridor_0,10815,10815,62,84,1143650,1734850,35.5993108,129.0858017,19.05465996,61.67967889,10.55362887
corridor_0,10816,10816,63,84,1143750,1734850,35.5992962,129.0869053,18.89903557,61.5240545,10.39800448
corridor_0,10817,10817,64,84,1143850,1734850,35.5992817,129.0880089,18.21087944,60.83589837,9.709848353
corridor_0,10818,10818,65,84,1143950,1734850,35.5992671,129.0891124,17.3876754,60.01269433,8.886644313
corridor_0,10819,10819,66,84,1144050,1734850,35.5992526,129.090216,16.6521064,59.27712533,8.151075313
corridor_0,10820,10820,67,84,1144150,1734850,35.599238,129.0913195,15.9268142,58.55183312,7.425783107
corridor_0,10821,10821,68,84,1144250,1734850,35.5992234,129.0924231,15.2300216,57.85504052,6.728990504
corridor_0,10822,10822,69,84,1144350,1734850,35.5992088,129.0935266,14.46812355,57.09314248,5.967092463
corridor_0,10823,10823,70,84,1144450,1734850,35.5991942,129.0946302,13.85702431,56.48204324,5.35599322
corridor_0,10824,10824,71,84,1144550,1734850,35.5991796,129.0957337,13.42684853,56.05186745,4.925817439
corridor_0,10825,10825,72,84,1144650,1734850,35.599165,129.0968373,13.12076867,55.74578759,4.619737575
corridor_0,10826,10826,73,84,1144750,1734850,35.5991504,129.0979408,12.86168587,55.4867048,4.36065478
corridor_0,10827,10827,74,84,1144850,1734850,35.5991357,129.0990444,12.71971047,55.34472939,4.218679378
corridor_0,10828,10828,75,84,1144950,1734850,35.5991211,129.1001479,12.61412728,55.2391462,4.113096187
corridor_0,10829,10829,76,84,1145050,1734850,35.5991064,129.1012515,12.55103218,55.17605111,4.050001094
corridor_0,10830,10830,77,84,1145150,1734850,35.5990917,129.102355,12.59102166,55.21604058,4.089990565
corridor_0,10831,10831,78,84,1145250,1734850,35.5990771,129.1034585,12.60664284,55.23166177,4.105611751
corridor_0,10832,10832,79,84,1145350,1734850,35.5990624,129.1045621,12.6435653,55.26858422,4.142534205
corridor_0,10833,10833,80,84,1145450,1734850,35.5990477,129.1056656,12.73928749,55.36430642,4.238256404
corridor_0,10834,10834,81,84,1145550,1734850,35.599033,129.1067692,12.57977593,55.20479485,4.078744838
corridor_0,10835,10835,82,84,1145650,1734850,35.5990182,129.1078727,12.38022149,55.00524041,3.879190394
corridor_0,10836,10836,83,84,1145750,1734850,35.5990035,129.1089763,11.77933419,54.40435311,3.278303096
corridor_0,10837,10837,84,84,1145850,1734850,35.5989888,129.1100798,11.50314629,54.12816521,3.002115199
corridor_0,10838,10838,85,84,1145950,1734850,35.598974,129.1111833,11.20008004,53.82509896,2.699048945
corridor_0,10839,10839,86,84,1146050,1734850,35.5989592,129.1122869,10.94271004,53.56772897,2.44167895
corridor_0,10840,10840,87,84,1146150,1734850,35.5989445,129.1133904,10.68313515,53.30815408,2.18210406
corridor_0,10841,10841,88,84,1146250,1734850,35.5989297,129.1144939,10.48538124,53.11040017,1.984350154
corridor_0,10842,10842,89,84,1146350,1734850,35.5989149,129.1155975,10.34539711,52.97041604,1.844366023
corridor_0,10843,10843,90,84,1146450,1734850,35.5989001,129.116701,10.23842156,52.86344048,1.737390468
corridor_0,10844,10844,91,84,1146550,1734850,35.5988853,129.1178045,10.23298561,52.85800454,1.731954524
corridor_0,10845,10845,92,84,1146650,1734850,35.5988705,129.1189081,10.24101174,52.86603066,1.739980647
corridor_0,10846,10846,93,84,1146750,1734850,35.5988556,129.1200116,10.42987358,53.05489251,1.928842494
corridor_0,10847,10847,94,84,1146850,1734850,35.5988408,129.1211151,10.61307442,53.23809335,2.11204333
corridor_0,10848,10848,95,84,1146950,1734850,35.5988259,129.1222187,10.83852303,53.46354195,2.337491939
corridor_0,10849,10849,96,84,1147050,1734850,35.5988111,129.1233222,10.98058617,53.60560509,2.479555079
corridor_0,10850,10850,97,84,1147150,1734850,35.5987962,129.1244257,11.2656852,53.89070412,2.764654109
corridor_0,10851,10851,98,84,1147250,1734850,35.5987813,129.1255293,11.85413659,54.47915551,3.353105494
corridor_0,10852,10852,99,84,1147350,1734850,35.5987664,129.1266328,12.12751305,54.75253197,3.626481959
corridor_0,10853,10853,100,84,1147450,1734850,35.5987515,129.1277363,11.80311882,54.42813775,3.302087733
corridor_0,10854,10854,101,84,1147550,1734850,35.5987366,129.1288398,11.17135537,53.79637429,2.670324275
corridor_0,10855,10855,102,84,1147650,1734850,35.5987217,129.1299434,10.58161843,53.20663735,2.080587337
corridor_0,10856,10856,103,84,1147750,1734850,35.5987067,129.1310469,9.99388039,52.61889931,1.492849299
corridor_0,10857,10857,104,84,1147850,1734850,35.5986918,129.1321504,9.292559742,51.91757867,0.791528651
corridor_0,10858,10858,105,84,1147950,1734850,35.5986768,129.1332539,8.433497547,51.05851647,-0.067533544
corridor_0,10859,10859,106,84,1148050,1734850,35.5986619,129.1343574,7.73625481,50.36127373,-0.76477628
corridor_0,10860,10860,107,84,1148150,1734850,35.5986469,129.135461,7.017813801,49.64283273,-1.48321729
corridor_0,10861,10861,108,84,1148250,1734850,35.5986319,129.1365645,6.385546803,49.01056573,-2.115484288
corridor_0,10862,10862,109,84,1148350,1734850,35.5986169,129.137668,5.715994953,48.34101388,-2.785036138
corridor_0,10863,10863,110,84,1148450,1734850,35.5986019,129.1387715,5.053099751,47.67811868,-3.44793134
corridor_0,10864,10864,111,84,1148550,1734850,35.5985869,129.139875,4.446555256,47.07157418,-4.054475835
corridor_0,10865,10865,112,84,1148650,1734850,35.5985719,129.1409786,3.693232655,46.31825158,-4.807798436
corridor_0,10866,10866,113,84,1148750,1734850,35.5985568,129.1420821,3.016280293,45.64129922,-5.484750798
corridor_0,10867,10867,114,84,1148850,1734850,35.5985418,129.1431856,2.339987873,44.9650068,-6.161043218
corridor_0,10868,10868,115,84,1148950,1734850,35.5985267,129.1442891,1.648585438,44.27360436,-6.852445653
corridor_0,10869,10869,116,84,1149050,1734850,35.5985117,129.1453926,0.80399239,43.42901131,-7.697038701
corridor_0,10870,10870,117,84,1149150,1734850,35.5984966,129.1464961,-0.109738232,42.51528069,-8.610769322
corridor_0,10871,10871,118,84,1149250,1734850,35.5984815,129.1475996,-1.343850017,41.28116891,-9.844881108
corridor_0,10872,10872,119,84,1149350,1734850,35.5984664,129.1487031,-3.201119305,39.42389962,-11.7021504
corridor_0,10873,10873,120,84,1149450,1734850,35.5984513,129.1498067,-6.08534515,36.53967377,-14.58637624
corridor_0,10888,10888,120,85,1149450,1734950,35.5993526,129.1498252,-5.436631084,37.18838784,-13.93766218
corridor_0,10889,10889,119,85,1149350,1734950,35.5993677,129.1487216,-2.831055523,39.7939634,-11.33208661
corridor_0,10890,10890,118,85,1149250,1734950,35.5993828,129.1476181,-1.076817394,41.54820153,-9.577848485
corridor_0,10891,10891,117,85,1149150,1734950,35.5993979,129.1465146,-0.061177135,42.56384179,-8.562208226
corridor_0,10892,10892,116,85,1149050,1734950,35.599413,129.1454111,0.858546375,43.4835653,-7.642484715
corridor_0,10893,10893,115,85,1148950,1734950,35.599428,129.1443075,1.709250568,44.33426949,-6.791780522
corridor_0,10894,10894,114,85,1148850,1734950,35.5994431,129.143204,2.500079273,45.1250982,-6.000951818
corridor_0,10895,10895,113,85,1148750,1734950,35.5994581,129.1421005,3.175170063,45.80018899,-5.325861028
corridor_0,10896,10896,112,85,1148650,1734950,35.5994732,129.140997,3.838374256,46.46339318,-4.662656835
corridor_0,10897,10897,111,85,1148550,1734950,35.5994882,129.1398934,4.497416615,47.12243554,-4.003614476
corridor_0,10898,10898,110,85,1148450,1734950,35.5995032,129.1387899,5.159350514,47.78436944,-3.341680577
corridor_0,10899,10899,109,85,1148350,1734950,35.5995182,129.1376864,5.798537373,48.4235563,-2.702493718
corridor_0,10900,10900,108,85,1148250,1734950,35.5995332,129.1365828,6.481215595,49.10623452,-2.019815495
corridor_0,10901,10901,107,85,1148150,1734950,35.5995482,129.1354793,7.14496529,49.76998421,-1.356065801
corridor_0,10902,10902,106,85,1148050,1734950,35.5995632,129.1343758,7.856074452,50.48109338,-0.644956639
corridor_0,10903,10903,105,85,1147950,1734950,35.5995781,129.1332722,8.715380787,51.34039971,0.214349696
corridor_0,10904,10904,104,85,1147850,1734950,35.5995931,129.1321687,9.533354878,52.1583738,1.032323787
corridor_0,10905,10905,103,85,1147750,1734950,35.599608,129.1310652,10.24410546,52.86912438,1.743074367
corridor_0,10906,10906,102,85,1147650,1734950,35.599623,129.1299616,10.74776757,53.37278649,2.246736476
corridor_0,10907,10907,101,85,1147550,1734950,35.5996379,129.1288581,11.18006432,53.80508324,2.679033229
corridor_0,10908,10908,100,85,1147450,1734950,35.5996528,129.1277546,11.54724419,54.17226311,3.046213099
corridor_0,10909,10909,99,85,1147350,1734950,35.5996677,129.126651,11.74552834,54.37054726,3.244497249
corridor_0,10910,10910,98,85,1147250,1734950,35.5996826,129.1255475,11.6473037,54.27232262,3.146272609
corridor_0,10911,10911,97,85,1147150,1734950,35.5996975,129.1244439,11.31601632,53.94103524,2.814985225
corridor_0,10912,10912,96,85,1147050,1734950,35.5997124,129.1233404,10.99056542,53.61558434,2.489534328
corridor_0,10913,10913,95,85,1146950,1734950,35.5997272,129.1222369,10.8190757,53.44409463,2.318044612
corridor_0,10914,10914,94,85,1146850,1734950,35.5997421,129.1211333,10.56455147,53.1895704,2.063520381
corridor_0,10915,10915,93,85,1146750,1734950,35.5997569,129.1200298,10.35925209,52.98427102,1.858221004
corridor_0,10916,10916,92,85,1146650,1734950,35.5997718,129.1189262,10.26019967,52.88521859,1.759168574
corridor_0,10917,10917,91,85,1146550,1734950,35.5997866,129.1178227,10.28139412,52.90641305,1.780363032
corridor_0,10918,10918,90,85,1146450,1734950,35.5998014,129.1167191,10.37237847,52.99739739,1.871347377
corridor_0,10919,10919,89,85,1146350,1734950,35.5998162,129.1156156,10.4614898,53.08650872,1.960458705
corridor_0,10920,10920,88,85,1146250,1734950,35.599831,129.114512,10.6174804,53.24249932,2.116449306
corridor_0,10921,10921,87,85,1146150,1734950,35.5998458,129.1134085,10.86248696,53.48750588,2.361455867
corridor_0,10922,10922,86,85,1146050,1734950,35.5998605,129.1123049,11.13228524,53.75730416,2.631254146
corridor_0,10923,10923,85,85,1145950,1734950,35.5998753,129.1112014,11.41989815,54.04491708,2.918867061
corridor_0,10924,10924,84,85,1145850,1734950,35.5998901,129.1100978,11.67507088,54.30008981,3.17403979
corridor_0,10925,10925,83,85,1145750,1734950,35.5999048,129.1089943,11.89232552,54.51734444,3.391294429
corridor_0,10926,10926,82,85,1145650,1734950,35.5999195,129.1078907,12.1350013,54.76002023,3.63397021
corridor_0,10927,10927,81,85,1145550,1734950,35.5999343,129.1067872,12.52556908,55.150588,4.02453799
corridor_0,10928,10928,80,85,1145450,1734950,35.599949,129.1056836,12.46808922,55.09310815,3.967058131
corridor_0,10929,10929,79,85,1145350,1734950,35.5999637,129.1045801,12.46163094,55.08664986,3.960599849
corridor_0,10930,10930,78,85,1145250,1734950,35.5999784,129.1034765,12.4133178,55.03833672,3.912286708
corridor_0,10931,10931,77,85,1145150,1734950,35.599993,129.102373,12.28898537,54.9140043,3.78795428
corridor_0,10932,10932,76,85,1145050,1734950,35.6000077,129.1012694,12.25369942,54.87871835,3.75266833
corridor_0,10933,10933,75,85,1144950,1734950,35.6000224,129.1001659,12.23752892,54.86254784,3.736497828
corridor_0,10934,10934,74,85,1144850,1734950,35.600037,129.0990623,12.2985717,54.92359063,3.797540614
corridor_0,10935,10935,73,85,1144750,1734950,35.6000517,129.0979587,12.46906197,55.09408089,3.968030879
corridor_0,10936,10936,72,85,1144650,1734950,35.6000663,129.0968552,12.71695626,55.34197518,4.215925166
corridor_0,10937,10937,71,85,1144550,1734950,35.6000809,129.0957516,12.99143898,55.61645791,4.490407893
corridor_0,10938,10938,70,85,1144450,1734950,35.6000955,129.0946481,13.40507424,56.03009316,4.904043147
corridor_0,10939,10939,69,85,1144350,1734950,35.6001101,129.0935445,14.01726448,56.64228341,5.516233394
corridor_0,10940,10940,68,85,1144250,1734950,35.6001247,129.0924409,14.6574012,57.28242013,6.156370112
corridor_0,10941,10941,67,85,1144150,1734950,35.6001393,129.0913374,15.23125374,57.85627267,6.730222651
corridor_0,10942,10942,66,85,1144050,1734950,35.6001539,129.0902338,15.84390938,58.46892831,7.342878291
corridor_0,10943,10943,65,85,1143950,1734950,35.6001684,129.0891302,16.4420234,59.06704232,7.940992305
corridor_0,10944,10944,64,85,1143850,1734950,35.600183,129.0880267,17.07032311,59.69534203,8.569292018
corridor_0,10945,10945,63,85,1143750,1734950,35.6001975,129.0869231,17.53686058,60.16187951,9.035829494
corridor_0,10946,10946,62,85,1143650,1734950,35.6002121,129.0858195,17.69182503,60.31684396,9.190793941
corridor_0,10947,10947,61,85,1143550,1734950,35.6002266,129.084716,17.56072152,60.18574044,9.059690425
corridor_0,10948,10948,60,85,1143450,1734950,35.6002411,129.0836124,17.19564354,59.82066247,8.694612453
corridor_0,10949,10949,59,85,1143350,1734950,35.6002556,129.0825088,16.7283355,59.35335442,8.227304408
corridor_0,10950,10950,58,85,1143250,1734950,35.6002701,129.0814053,16.17668831,58.80170724,7.675657222
corridor_0,10951,10951,57,85,1143150,1734950,35.6002846,129.0803017,15.64947426,58.27449319,7.148443171
corridor_0,10952,10952,56,85,1143050,1734950,35.600299,129.0791981,15.16850579,57.79352471,6.667474696
corridor_0,10953,10953,55,85,1142950,1734950,35.6003135,129.0780945,14.77101433,57.39603326,6.269983241
corridor_0,10954,10954,54,85,1142850,1734950,35.6003279,129.076991,14.464347,57.08936593,5.963315913
corridor_0,10955,10955,53,85,1142750,1734950,35.6003424,129.0758874,14.28230584,56.90732476,5.781274745
corridor_0,10956,10956,52,85,1142650,1734950,35.6003568,129.0747838,14.18118584,56.80620477,5.68015475
corridor_0,10957,10957,51,85,1142550,1734950,35.6003712,129.0736802,14.18001091,56.80502984,5.678979823
corridor_0,10958,10958,50,85,1142450,1734950,35.6003856,129.0725767,14.12348473,56.74850365,5.622453639
corridor_0,10959,10959,49,85,1142350,1734950,35.6004,129.0714731,14.01051629,56.63553521,5.509485194
corridor_0,10960,10960,48,85,1142250,1734950,35.6004144,129.0703695,13.73842919,56.36344811,5.237398097
corridor_0,10961,10961,47,85,1142150,1734950,35.6004288,129.0692659,13.38217842,56.00719735,4.881147334
corridor_0,10962,10962,46,85,1142050,1734950,35.6004432,129.0681623,12.9518615,55.57688042,4.450830409
corridor_0,10963,10963,45,85,1141950,1734950,35.6004575,129.0670588,12.47273552,55.09775445,3.971704432
corridor_0,10964,10964,44,85,1141850,1734950,35.6004719,129.0659552,11.96418297,54.5892019,3.463151881
corridor_0,10965,10965,43,85,1141750,1734950,35.6004862,129.0648516,11.47350609,54.09852502,2.972475001
corridor_0,10966,10966,42,85,1141650,1734950,35.6005006,129.063748,10.28109658,52.9061155,1.780065486
corridor_0,10967,10967,41,85,1141550,1734950,35.6005149,129.0626444,9.718852161,52.34387109,1.217821071
corridor_0,10968,10968,40,85,1141450,1734950,35.6005292,129.0615408,9.195532917,51.82055184,0.694501826
corridor_0,10969,10969,39,85,1141350,1734950,35.6005435,129.0604372,8.669203877,51.2942228,0.168172786
corridor_0,10970,10970,38,85,1141250,1734950,35.6005578,129.0593337,8.147608875,50.7726278,-0.353422215
corridor_0,10971,10971,37,85,1141150,1734950,35.600572,129.0582301,7.605208515,50.23022744,-0.895822576
corridor_0,10972,10972,36,85,1141050,1734950,35.6005863,129.0571265,7.044459461,49.66947839,-1.45657163
corridor_0,10973,10973,35,85,1140950,1734950,35.6006006,129.0560229,6.261614918,48.88663384,-2.239416173
corridor_0,10974,10974,34,85,1140850,1734950,35.6006148,129.0549193,5.573065876,48.1980848,-2.927965215
corridor_0,10975,10975,33,85,1140750,1734950,35.6006291,129.0538157,5.150721668,47.77574059,-3.350309422
corridor_0,10976,10976,32,85,1140650,1734950,35.6006433,129.0527121,4.779902577,47.4049215,-3.721128514
corridor_0,10977,10977,31,85,1140550,1734950,35.6006575,129.0516085,4.361277699,46.98629662,-4.139753392
corridor_0,10978,10978,30,85,1140450,1734950,35.6006717,129.0505049,3.883586048,46.50860497,-4.617445043
corridor_0,10979,10979,29,85,1140350,1734950,35.6006859,129.0494013,2.744040608,45.36905953,-5.756990483
corridor_0,10980,10980,28,85,1140250,1734950,35.6007001,129.0482977,1.19443047,43.81944939,-7.306600621
corridor_0,10981,10981,27,85,1140150,1734950,35.6007143,129.0471942,-7.755102993,34.86991593,-16.25613408
corridor_0,11033,11033,24,86,1139850,1735050,35.6016581,129.0439007,-10.84827888,31.77674004,-19.34930997
corridor_0,11034,11034,25,86,1139950,1735050,35.6016439,129.0450043,-6.767609478,35.85740945,-15.26864057
corridor_0,11035,11035,26,86,1140050,1735050,35.6016298,129.0461079,-4.647606731,37.97741219,-13.14863782
corridor_0,11036,11036,27,86,1140150,1735050,35.6016156,129.0472115,0.099486469,42.72450539,-8.401544621
corridor_0,11037,11037,28,86,1140250,1735050,35.6016014,129.0483151,1.911208271,44.5362272,-6.58982282
corridor_0,11038,11038,29,86,1140350,1735050,35.6015872,129.0494187,2.924033283,45.54905221,-5.576997808
corridor_0,11039,11039,30,86,1140450,1735050,35.601573,129.0505223,4.093688129,46.71870705,-4.407342961
corridor_0,11040,11040,31,86,1140550,1735050,35.6015588,129.0516259,4.490531086,47.11555001,-4.010500005
corridor_0,11041,11041,32,86,1140650,1735050,35.6015446,129.0527295,4.893618702,47.51863763,-3.607412389
corridor_0,11042,11042,33,86,1140750,1735050,35.6015304,129.0538331,5.308463215,47.93348214,-3.192567876
corridor_0,11043,11043,34,86,1140850,1735050,35.6015161,129.0549367,5.665270924,48.29028985,-2.835760167
corridor_0,11044,11044,35,86,1140950,1735050,35.6015019,129.0560403,6.639784931,49.26480386,-1.86124616
corridor_0,11045,11045,36,86,1141050,1735050,35.6014876,129.0571439,7.264205097,49.88922402,-1.236825994
corridor_0,11046,11046,37,86,1141150,1735050,35.6014734,129.0582475,7.838492512,50.46351144,-0.662538579
corridor_0,11047,11047,38,86,1141250,1735050,35.6014591,129.0593511,8.308417439,50.93343636,-0.192613652
corridor_0,11048,11048,39,86,1141350,1735050,35.6014448,129.0604547,8.765074848,51.39009377,0.264043757
corridor_0,11049,11049,40,86,1141450,1735050,35.6014305,129.0615583,9.280276417,51.90529534,0.779245326
corridor_0,11050,11050,41,86,1141550,1735050,35.6014162,129.0626619,9.78950417,52.41452309,1.288473079
corridor_0,11051,11051,42,86,1141650,1735050,35.6014019,129.0637655,10.29499733,52.92001626,1.793966243
corridor_0,11052,11052,43,86,1141750,1735050,35.6013875,129.0648691,11.48282921,54.10784814,2.981798121
corridor_0,11053,11053,44,86,1141850,1735050,35.6013732,129.0659727,11.97761071,54.60262963,3.476579616
corridor_0,11054,11054,45,86,1141950,1735050,35.6013589,129.0670763,12.45745003,55.08246896,3.956418941
corridor_0,11055,11055,46,86,1142050,1735050,35.6013445,129.0681799,12.89368737,55.51870629,4.392656276
corridor_0,11056,11056,47,86,1142150,1735050,35.6013301,129.0692835,13.32675469,55.95177361,4.825723598
corridor_0,11057,11057,48,86,1142250,1735050,35.6013157,129.0703871,13.72922432,56.35424325,5.228193233
corridor_0,11058,11058,49,86,1142350,1735050,35.6013014,129.0714907,14.00333702,56.62835595,5.502305934
corridor_0,11059,11059,50,86,1142450,1735050,35.601287,129.0725943,14.13630211,56.76132104,5.635271022
corridor_0,11060,11060,51,86,1142550,1735050,35.6012725,129.0736979,14.20353615,56.82855508,5.702505061
corridor_0,11061,11061,52,86,1142650,1735050,35.6012581,129.0748015,14.20242989,56.82744881,5.701398799
corridor_0,11062,11062,53,86,1142750,1735050,35.6012437,129.0759051,14.28008187,56.90510079,5.779050776
corridor_0,11063,11063,54,86,1142850,1735050,35.6012293,129.0770086,14.43675911,57.06177804,5.935728023
corridor_0,11064,11064,55,86,1142950,1735050,35.6012148,129.0781122,14.69078743,57.31580636,6.189756343
corridor_0,11065,11065,56,86,1143050,1735050,35.6012003,129.0792158,15.04012597,57.66514489,6.539094874
corridor_0,11066,11066,57,86,1143150,1735050,35.6011859,129.0803194,15.39544976,58.02046868,6.894418666
corridor_0,11067,11067,58,86,1143250,1735050,35.6011714,129.081423,15.80118477,58.4262037,7.300153682
corridor_0,11068,11068,59,86,1143350,1735050,35.6011569,129.0825266,16.20450509,58.82952401,7.703473994
corridor_0,11069,11069,60,86,1143450,1735050,35.6011424,129.0836302,16.43427193,59.05929086,7.93324084
corridor_0,11070,11070,61,86,1143550,1735050,35.6011279,129.0847337,16.57268822,59.19770715,8.07165713
corridor_0,11071,11071,62,86,1143650,1735050,35.6011134,129.0858373,16.5981971,59.22321603,8.097166011
corridor_0,11072,11072,63,86,1143750,1735050,35.6010988,129.0869409,16.42513955,59.05015847,7.924108455
corridor_0,11073,11073,64,86,1143850,1735050,35.6010843,129.0880445,16.04506218,58.67008111,7.544031093
corridor_0,11074,11074,65,86,1143950,1735050,35.6010697,129.0891481,15.59924614,58.22426507,7.098215053
corridor_0,11075,11075,66,86,1144050,1735050,35.6010552,129.0902516,15.13464272,57.75966164,6.633611629
corridor_0,11076,11076,67,86,1144150,1735050,35.6010406,129.0913552,14.59488976,57.21990868,6.093858668
corridor_0,11077,11077,68,86,1144250,1735050,35.601026,129.0924588,14.11146462,56.73648354,5.610433528
corridor_0,11078,11078,69,86,1144350,1735050,35.6010114,129.0935624,13.5226661,56.14768502,5.021635005
corridor_0,11079,11079,70,86,1144450,1735050,35.6009968,129.0946659,12.95324242,55.57826134,4.452211329
corridor_0,11080,11080,71,86,1144550,1735050,35.6009822,129.0957695,12.53693688,55.1619558,4.035905787
corridor_0,11081,11081,72,86,1144650,1735050,35.6009676,129.0968731,12.29268944,54.91770837,3.791658351
corridor_0,11082,11082,73,86,1144750,1735050,35.600953,129.0979767,12.02410042,54.64911935,3.523069331
corridor_0,11083,11083,74,86,1144850,1735050,35.6009383,129.0990802,11.87322533,54.49824425,3.37219424
corridor_0,11084,11084,75,86,1144950,1735050,35.6009237,129.1001838,11.89200509,54.51702401,3.390973994
corridor_0,11085,11085,76,86,1145050,1735050,35.600909,129.1012874,11.95574486,54.58076379,3.454713771
corridor_0,11086,11086,77,86,1145150,1735050,35.6008943,129.1023909,11.96095574,54.58597466,3.459924647
corridor_0,11087,11087,78,86,1145250,1735050,35.6008797,129.1034945,12.00204003,54.62705895,3.501008937
corridor_0,11088,11088,79,86,1145350,1735050,35.600865,129.1045981,12.13656151,54.76158044,3.635530421
corridor_0,11089,11089,80,86,1145450,1735050,35.6008503,129.1057016,12.27063668,54.8956556,3.769605586
corridor_0,11090,11090,81,86,1145550,1735050,35.6008356,129.1068052,12.47758019,55.10259911,3.976549098
corridor_0,11091,11091,82,86,1145650,1735050,35.6008208,129.1079088,12.04168236,54.66670129,3.540651271
corridor_0,11092,11092,83,86,1145750,1735050,35.6008061,129.1090123,12.00672066,54.63173959,3.50568957
corridor_0,11093,11093,84,86,1145850,1735050,35.6007914,129.1101159,11.83909142,54.46411034,3.338060328
corridor_0,11094,11094,85,86,1145950,1735050,35.6007766,129.1112195,11.62685692,54.25187585,3.125825831
corridor_0,11095,11095,86,86,1146050,1735050,35.6007618,129.112323,11.35509407,53.980113,2.854062984
corridor_0,11096,11096,87,86,1146150,1735050,35.6007471,129.1134266,11.066764,53.69178292,2.565732905
corridor_0,11097,11097,88,86,1146250,1735050,35.6007323,129.1145302,10.85938942,53.48440835,2.358358333
corridor_0,11098,11098,89,86,1146350,1735050,35.6007175,129.1156337,10.65560067,53.28061959,2.154569575
corridor_0,11099,11099,90,86,1146450,1735050,35.6007027,129.1167373,10.49589074,53.12090966,1.994859645
corridor_0,11100,11100,91,86,1146550,1735050,35.6006879,129.1178408,10.42090142,53.04592034,1.919870326
corridor_0,11101,11101,92,86,1146650,1735050,35.600673,129.1189444,10.31803048,52.9430494,1.816999385
corridor_0,11102,11102,93,86,1146750,1735050,35.6006582,129.1200479,10.35186303,52.97688195,1.850831935
corridor_0,11103,11103,94,86,1146850,1735050,35.6006434,129.1211515,10.51954186,53.14456078,2.018510768
corridor_0,11104,11104,95,86,1146950,1735050,35.6006285,129.1222551,10.78889763,53.41391656,2.287866542
corridor_0,11105,11105,96,86,1147050,1735050,35.6006136,129.1233586,10.98475945,53.60977837,2.483728358
corridor_0,11106,11106,97,86,1147150,1735050,35.6005988,129.1244622,11.15359414,53.77861306,2.652563045
corridor_0,11107,11107,98,86,1147250,1735050,35.6005839,129.1255657,11.37404168,53.9990606,2.873010585
corridor_0,11108,11108,99,86,1147350,1735050,35.600569,129.1266693,11.51304543,54.13806435,3.012014338
corridor_0,11109,11109,100,86,1147450,1735050,35.6005541,129.1277728,11.42414772,54.04916665,2.923116633
corridor_0,11110,11110,101,86,1147550,1735050,35.6005392,129.1288764,11.20991051,53.83492944,2.70887942
corridor_0,11111,11111,102,86,1147650,1735050,35.6005242,129.1299799,10.90048134,53.52550027,2.399450252
corridor_0,11112,11112,103,86,1147750,1735050,35.6005093,129.1310835,10.53019631,53.15521523,2.029165217
corridor_0,11113,11113,104,86,1147850,1735050,35.6004944,129.132187,9.810717701,52.43573663,1.30968661
corridor_0,11114,11114,105,86,1147950,1735050,35.6004794,129.1332906,8.830989002,51.45600793,0.329957911
corridor_0,11115,11115,106,86,1148050,1735050,35.6004644,129.1343941,7.949908375,50.5749273,-0.551122716
corridor_0,11116,11116,107,86,1148150,1735050,35.6004495,129.1354976,7.260237812,49.88525674,-1.240793279
corridor_0,11117,11117,108,86,1148250,1735050,35.6004345,129.1366012,6.561625599,49.18664452,-1.939405492
corridor_0,11118,11118,109,86,1148350,1735050,35.6004195,129.1377047,5.872683643,48.49770257,-2.628347447
corridor_0,11119,11119,110,86,1148450,1735050,35.6004045,129.1388083,5.230776905,47.85579583,-3.270254186
corridor_0,11120,11120,111,86,1148550,1735050,35.6003895,129.1399118,4.565966724,47.19098565,-3.935064366
corridor_0,11121,11121,112,86,1148650,1735050,35.6003744,129.1410154,3.900878071,46.525897,-4.60015302
corridor_0,11122,11122,113,86,1148750,1735050,35.6003594,129.1421189,3.229796528,45.85481545,-5.271234563
corridor_0,11123,11123,114,86,1148850,1735050,35.6003444,129.1432224,2.55335915,45.17837807,-5.947671941
corridor_0,11124,11124,115,86,1148950,1735050,35.6003293,129.144326,1.868617176,44.4936361,-6.632413915
corridor_0,11125,11125,116,86,1149050,1735050,35.6003142,129.1454295,0.911482929,43.53650185,-7.589548162
corridor_0,11126,11126,117,86,1149150,1735050,35.6002992,129.1465331,0.157397389,42.78241631,-8.343633702
corridor_0,11127,11127,118,86,1149250,1735050,35.6002841,129.1476366,-1.038689495,41.58632943,-9.539720586
corridor_0,11128,11128,119,86,1149350,1735050,35.600269,129.1487401,-2.492665173,40.13235375,-10.99369626
corridor_0,11129,11129,120,86,1149450,1735050,35.6002539,129.1498437,-4.873715282,37.75130364,-13.37474637
corridor_0,11144,11144,120,87,1149450,1735150,35.6011552,129.1498622,-4.869355083,37.75566384,-13.37038617
corridor_0,11145,11145,119,87,1149350,1735150,35.6011703,129.1487586,-2.47171104,40.15330788,-10.97274213
corridor_0,11146,11146,118,87,1149250,1735150,35.6011854,129.1476551,-0.805680157,41.81933877,-9.306711247
corridor_0,11147,11147,117,87,1149150,1735150,35.6012004,129.1465515,0.340251087,42.96527001,-8.160780004
corridor_0,11148,11148,116,87,1149050,1735150,35.6012155,129.145448,1.082747578,43.7077665,-7.418283513
corridor_0,11149,11149,115,87,1148950,1735150,35.6012306,129.1443444,1.910510181,44.53552911,-6.590520909
corridor_0,11150,11150,114,87,1148850,1735150,35.6012456,129.1432409,2.602572559,45.22759148,-5.898458531
corridor_0,11151,11151,113,87,1148750,1735150,35.6012607,129.1421373,3.360407948,45.98542687,-5.140623143
corridor_0,11152,11152,112,87,1148650,1735150,35.6012757,129.1410338,4.021010517,46.64602944,-4.480020574
corridor_0,11153,11153,111,87,1148550,1735150,35.6012908,129.1399302,4.677550434,47.30256936,-3.823480657
corridor_0,11154,11154,110,87,1148450,1735150,35.6013058,129.1388267,5.336917042,47.96193597,-3.164114049
corridor_0,11155,11155,109,87,1148350,1735150,35.6013208,129.1377231,6.01517403,48.64019295,-2.48585706
corridor_0,11156,11156,108,87,1148250,1735150,35.6013358,129.1366195,6.655440449,49.28045937,-1.845590642
corridor_0,11157,11157,107,87,1148150,1735150,35.6013508,129.135516,7.361033558,49.98605248,-1.139997533
corridor_0,11158,11158,106,87,1148050,1735150,35.6013657,129.1344124,8.127322315,50.75234124,-0.373708776
corridor_0,11159,11159,105,87,1147950,1735150,35.6013807,129.1333089,8.998133778,51.6231527,0.497102687
corridor_0,11160,11160,104,87,1147850,1735150,35.6013957,129.1322053,9.826560139,52.45157906,1.325529048
corridor_0,11161,11161,103,87,1147750,1735150,35.6014106,129.1311018,10.50723946,53.13225838,2.006208369
corridor_0,11162,11162,102,87,1147650,1735150,35.6014255,129.1299982,11.02311242,53.64813134,2.522081325
corridor_0,11163,11163,101,87,1147550,1735150,35.6014405,129.1288946,11.43569863,54.06071755,2.934667537
corridor_0,11164,11164,100,87,1147450,1735150,35.6014554,129.1277911,11.47832024,54.10333916,2.977289149
corridor_0,11165,11165,99,87,1147350,1735150,35.6014703,129.1266875,11.48471749,54.10973641,2.983686397
corridor_0,11166,11166,98,87,1147250,1735150,35.6014852,129.1255839,11.32091057,53.9459295,2.819879481
corridor_0,11167,11167,97,87,1147150,1735150,35.6015001,129.1244804,11.17132866,53.79634759,2.670297572
corridor_0,11168,11168,96,87,1147050,1735150,35.6015149,129.1233768,10.9843055,53.60932442,2.483274409
corridor_0,11169,11169,95,87,1146950,1735150,35.6015298,129.1222732,10.78610146,53.41112038,2.285070369
corridor_0,11170,11170,94,87,1146850,1735150,35.6015447,129.1211697,10.58646309,53.21148202,2.085432002
corridor_0,11171,11171,93,87,1146750,1735150,35.6015595,129.1200661,10.44623482,53.07125375,1.945203731
corridor_0,11172,11172,92,87,1146650,1735150,35.6015743,129.1189625,10.45656121,53.08158013,1.955530116
corridor_0,11173,11173,91,87,1146550,1735150,35.6015892,129.117859,10.57721245,53.20223138,2.076181361
corridor_0,11174,11174,90,87,1146450,1735150,35.601604,129.1167554,10.71694863,53.34196755,2.215917537
corridor_0,11175,11175,89,87,1146350,1735150,35.6016188,129.1156518,10.90105736,53.52607629,2.400026271
corridor_0,11176,11176,88,87,1146250,1735150,35.6016336,129.1145483,11.13461983,53.75963876,2.63358874
corridor_0,11177,11177,87,87,1146150,1735150,35.6016484,129.1134447,11.29960549,53.92462441,2.798574397
corridor_0,11178,11178,86,87,1146050,1735150,35.6016631,129.1123411,11.58476937,54.20978829,3.083738276
corridor_0,11179,11179,85,87,1145950,1735150,35.6016779,129.1112375,11.85531533,54.48033425,3.354284236
corridor_0,11180,11180,84,87,1145850,1735150,35.6016927,129.110134,12.00430977,54.6293287,3.503278682
corridor_0,11181,11181,83,87,1145750,1735150,35.6017074,129.1090304,12.05133355,54.67635247,3.550302455
corridor_0,11182,11182,82,87,1145650,1735150,35.6017221,129.1079268,11.97997963,54.60499856,3.478948543
corridor_0,11183,11183,81,87,1145550,1735150,35.6017369,129.1068232,12.31843102,54.94344994,3.817399928
corridor_0,11184,11184,80,87,1145450,1735150,35.6017516,129.1057197,11.99417794,54.61919686,3.493146846
corridor_0,11185,11185,79,87,1145350,1735150,35.6017663,129.1046161,11.89219582,54.51721474,3.391164729
corridor_0,11186,11186,78,87,1145250,1735150,35.601781,129.1035125,11.69894707,54.323966,3.19791598
corridor_0,11187,11187,77,87,1145150,1735150,35.6017956,129.1024089,11.62326729,54.24828622,3.122236201
corridor_0,11188,11188,76,87,1145050,1735150,35.6018103,129.1013053,11.60648262,54.23150155,3.105451533
corridor_0,11189,11189,75,87,1144950,1735150,35.601825,129.1002017,11.49976265,54.12478158,2.998731563
corridor_0,11190,11190,74,87,1144850,1735150,35.6018396,129.0990982,11.46334755,54.08836648,2.962316463
corridor_0,11191,11191,73,87,1144750,1735150,35.6018543,129.0979946,11.58307183,54.20809075,3.082040736
corridor_0,11192,11192,72,87,1144650,1735150,35.6018689,129.096891,11.74579918,54.37081811,3.244768092
corridor_0,11193,11193,71,87,1144550,1735150,35.6018835,129.0957874,12.10245812,54.72747704,3.601427028
corridor_0,11194,11194,70,87,1144450,1735150,35.6018981,129.0946838,12.48605263,55.11107156,3.985021541
corridor_0,11195,11195,69,87,1144350,1735150,35.6019127,129.0935802,12.98564446,55.61066338,4.484613368
corridor_0,11196,11196,68,87,1144250,1735150,35.6019273,129.0924766,13.53930962,56.16432854,5.038278529
corridor_0,11197,11197,67,87,1144150,1735150,35.6019419,129.0913731,13.96428978,56.58930871,5.463258693
corridor_0,11198,11198,66,87,1144050,1735150,35.6019565,129.0902695,14.38184655,57.00686547,5.880815455
corridor_0,11199,11199,65,87,1143950,1735150,35.6019711,129.0891659,14.79516137,57.42018029,6.294130275
corridor_0,11200,11200,64,87,1143850,1735150,35.6019856,129.0880623,15.1799804,57.80499932,6.678949306
corridor_0,11201,11201,63,87,1143750,1735150,35.6020001,129.0869587,15.48800194,58.11302087,6.986970851
corridor_0,11202,11202,62,87,1143650,1735150,35.6020147,129.0858551,15.63566506,58.26068398,7.134633967
corridor_0,11203,11203,61,87,1143550,1735150,35.6020292,129.0847515,15.76786339,58.39288232,7.266832301
corridor_0,11204,11204,60,87,1143450,1735150,35.6020437,129.0836479,15.7690841,58.39410302,7.268053004
corridor_0,11205,11205,59,87,1143350,1735150,35.6020582,129.0825443,15.72214806,58.34716698,7.221116969
corridor_0,11206,11206,58,87,1143250,1735150,35.6020727,129.0814407,15.39072716,58.01574609,6.889696071
corridor_0,11207,11207,57,87,1143150,1735150,35.6020872,129.0803371,15.14843666,57.77345559,6.647405574
corridor_0,11208,11208,56,87,1143050,1735150,35.6021017,129.0792335,14.87900078,57.50401971,6.377969691
corridor_0,11209,11209,55,87,1142950,1735150,35.6021161,129.0781299,14.61046517,57.23548409,6.109434077
corridor_0,11210,11210,54,87,1142850,1735150,35.6021306,129.0770263,14.387416,57.01243493,5.886384913
corridor_0,11211,11211,53,87,1142750,1735150,35.602145,129.0759227,14.25293648,56.87795541,5.751905391
corridor_0,11212,11212,52,87,1142650,1735150,35.6021594,129.0748191,14.19686425,56.82188317,5.695833156
corridor_0,11213,11213,51,87,1142550,1735150,35.6021739,129.0737155,14.19837868,56.82339761,5.69734759
corridor_0,11214,11214,50,87,1142450,1735150,35.6021883,129.0726119,14.18965828,56.81467721,5.688627192
corridor_0,11215,11215,49,87,1142350,1735150,35.6022027,129.0715083,14.04514229,56.67016122,5.544111201
corridor_0,11216,11216,48,87,1142250,1735150,35.6022171,129.0704047,13.82823479,56.45325372,5.3272037
corridor_0,11217,11217,47,87,1142150,1735150,35.6022314,129.0693011,13.44923699,56.07425591,4.948205897
corridor_0,11218,11218,46,87,1142050,1735150,35.6022458,129.0681975,12.99865639,55.62367532,4.4976253
corridor_0,11219,11219,45,87,1141950,1735150,35.6022602,129.0670939,12.51057732,55.13559624,4.009546229
corridor_0,11220,11220,44,87,1141850,1735150,35.6022745,129.0659903,12.03317177,54.6581907,3.532140681
corridor_0,11221,11221,43,87,1141750,1735150,35.6022889,129.0648867,10.92359459,53.54861352,2.422563502
corridor_0,11222,11222,42,87,1141650,1735150,35.6023032,129.0637831,10.4052459,53.03026482,1.904214808
corridor_0,11223,11223,41,87,1141550,1735150,35.6023175,129.0626795,9.902773975,52.5277929,1.401742885
corridor_0,11224,11224,40,87,1141450,1735150,35.6023318,129.0615759,9.412692188,52.03771111,0.911661098
corridor_0,11225,11225,39,87,1141350,1735150,35.6023461,129.0604723,8.953189015,51.57820794,0.452157924
corridor_0,11226,11226,38,87,1141250,1735150,35.6023604,129.0593686,8.452380299,51.07739922,-0.048650792
corridor_0,11227,11227,37,87,1141150,1735150,35.6023747,129.058265,8.003367542,50.62838647,-0.497663548
corridor_0,11228,11228,36,87,1141050,1735150,35.602389,129.0571614,7.488391041,50.11340997,-1.01264005
corridor_0,11229,11229,35,87,1140950,1735150,35.6024032,129.0560578,6.992095112,49.61711404,-1.508935979
corridor_0,11230,11230,34,87,1140850,1735150,35.6024175,129.0549542,6.329276203,48.95429513,-2.171754888
corridor_0,11231,11231,33,87,1140750,1735150,35.6024317,129.0538506,5.438029408,48.06304833,-3.063001683
corridor_0,11232,11232,32,87,1140650,1735150,35.6024459,129.052747,5.042727589,47.66774651,-3.458303502
corridor_0,11233,11233,31,87,1140550,1735150,35.6024601,129.0516433,4.654456257,47.27947518,-3.846574834
corridor_0,11234,11234,30,87,1140450,1735150,35.6024744,129.0505397,4.198351978,46.8233709,-4.302679112
corridor_0,11235,11235,29,87,1140350,1735150,35.6024886,129.0494361,3.125708698,45.75072762,-5.375322392
corridor_0,11236,11236,28,87,1140250,1735150,35.6025027,129.0483325,2.159358143,44.78437707,-6.341672948
corridor_0,11237,11237,27,87,1140150,1735150,35.6025169,129.0472289,0.905161976,43.5301809,-7.595869115
corridor_0,11238,11238,26,87,1140050,1735150,35.6025311,129.0461252,-0.537133099,42.08788583,-9.038164189
corridor_0,11239,11239,25,87,1139950,1735150,35.6025452,129.0450216,-3.124115826,39.5009031,-11.62514692
corridor_0,11240,11240,24,87,1139850,1735150,35.6025594,129.043918,-4.59545219,38.02956673,-13.09648328
corridor_0,11241,11241,23,87,1139750,1735150,35.6025735,129.0428144,-6.738226772,35.88679215,-15.23925786
corridor_0,11242,11242,22,87,1139650,1735150,35.6025877,129.0417107,-10.80809677,31.81692216,-19.30912786
corridor_0,11285,11285,20,88,1139450,1735250,35.6035172,129.0395208,-10.87625778,31.74876115,-19.37728887
corridor_0,11286,11286,21,88,1139550,1735250,35.6035031,129.0406244,-7.743594051,34.88142487,-16.24462514
corridor_0,11287,11287,22,88,1139650,1735250,35.603489,129.041728,-5.195858837,37.42916009,-13.69688993
corridor_0,11288,11288,23,88,1139750,1735250,35.6034749,129.0428317,-4.428528667,38.19649026,-12.92955976
corridor_0,11289,11289,24,88,1139850,1735250,35.6034607,129.0439353,-2.289357067,40.33566186,-10.79038816
corridor_0,11290,11290,25,88,1139950,1735250,35.6034466,129.0450389,-1.249634624,41.3753843,-9.750665715
corridor_0,11291,11291,26,88,1140050,1735250,35.6034324,129.0461426,0.695853352,43.32087228,-7.805177739
corridor_0,11292,11292,27,88,1140150,1735250,35.6034182,129.0472462,1.506610035,44.13162896,-6.994421056
corridor_0,11293,11293,28,88,1140250,1735250,35.6034041,129.0483498,2.130107044,44.75512597,-6.370924047
corridor_0,11294,11294,29,88,1140350,1735250,35.6033899,129.0494535,3.280409931,45.90542886,-5.22062116
corridor_0,11295,11295,30,88,1140450,1735250,35.6033757,129.0505571,4.319537281,46.94455621,-4.18149381
corridor_0,11296,11296,31,88,1140550,1735250,35.6033615,129.0516607,4.835314869,47.46033379,-3.665716222
corridor_0,11297,11297,32,88,1140650,1735250,35.6033473,129.0527644,5.215067982,47.84008691,-3.285963109
corridor_0,11298,11298,33,88,1140750,1735250,35.603333,129.053868,6.028372883,48.65339181,-2.472658208
corridor_0,11299,11299,34,88,1140850,1735250,35.6033188,129.0549716,6.696562885,49.32158181,-1.804468205
corridor_0,11300,11300,35,88,1140950,1735250,35.6033045,129.0560753,7.257922291,49.88294122,-1.2431088
corridor_0,11301,11301,36,88,1141050,1735250,35.6032903,129.0571789,7.768401264,50.39342019,-0.732629827
corridor_0,11302,11302,37,88,1141150,1735250,35.603276,129.0582825,8.215380787,50.84039971,-0.285650304
corridor_0,11303,11303,38,88,1141250,1735250,35.6032617,129.0593861,8.703520893,51.32853982,0.202489802
corridor_0,11304,11304,39,88,1141350,1735250,35.6032474,129.0604898,9.148047566,51.77306649,0.647016475
corridor_0,11305,11305,40,88,1141450,1735250,35.6032331,129.0615934,9.621615528,52.24663445,1.120584437
corridor_0,11306,11306,41,88,1141550,1735250,35.6032188,129.062697,10.11657631,52.74159524,1.615545222
corridor_0,11307,11307,42,88,1141650,1735250,35.6032045,129.0638006,10.5947181,53.21973702,2.093687007
corridor_0,11308,11308,43,88,1141750,1735250,35.6031902,129.0649042,11.07281029,53.69782922,2.571779201
corridor_0,11309,11309,44,88,1141850,1735250,35.6031758,129.0660079,12.17407524,54.79909417,3.673044154
corridor_0,11310,11310,45,88,1141950,1735250,35.6031615,129.0671115,12.73844445,55.36346337,4.237413356
corridor_0,11311,11311,46,88,1142050,1735250,35.6031471,129.0682151,13.13943398,55.7644529,4.638402888
corridor_0,11312,11312,47,88,1142150,1735250,35.6031328,129.0693187,13.63518822,56.26020715,5.13415713
corridor_0,11313,11313,48,88,1142250,1735250,35.6031184,129.0704223,14.06502449,56.69004342,5.563993403
corridor_0,11314,11314,49,88,1142350,1735250,35.603104,129.071526,14.13109505,56.75611398,5.63006396
corridor_0,11315,11315,50,88,1142450,1735250,35.6030896,129.0726296,14.178527,56.80354592,5.677495906
corridor_0,11316,11316,51,88,1142550,1735250,35.6030752,129.0737332,14.1753875,56.80040643,5.67435641
corridor_0,11317,11317,52,88,1142650,1735250,35.6030608,129.0748368,14.17859948,56.8036184,5.677568385
corridor_0,11318,11318,53,88,1142750,1735250,35.6030463,129.0759404,14.23728096,56.86229989,5.736249873
corridor_0,11319,11319,54,88,1142850,1735250,35.6030319,129.077044,14.34747612,56.97249505,5.846445033
corridor_0,11320,11320,55,88,1142950,1735250,35.6030174,129.0781476,14.51696312,57.14198205,6.015932033
corridor_0,11321,11321,56,88,1143050,1735250,35.603003,129.0792512,14.70372307,57.328742,6.202691981
corridor_0,11322,11322,57,88,1143150,1735250,35.6029885,129.0803549,14.87091744,57.49593636,6.369886348
corridor_0,11323,11323,58,88,1143250,1735250,35.602974,129.0814585,15.00272286,57.62774178,6.501691768
corridor_0,11324,11324,59,88,1143350,1735250,35.6029595,129.0825621,15.32421791,57.94923684,6.823186824
corridor_0,11325,11325,60,88,1143450,1735250,35.602945,129.0836657,15.2739402,57.89895913,6.772909114
corridor_0,11326,11326,61,88,1143550,1735250,35.6029305,129.0847693,15.01365578,57.63867471,6.51262469
corridor_0,11327,11327,62,88,1143650,1735250,35.602916,129.0858729,14.83146202,57.45648095,6.330430934
corridor_0,11328,11328,63,88,1143750,1735250,35.6029015,129.0869765,14.68814385,57.31316277,6.187112758
corridor_0,11329,11329,64,88,1143850,1735250,35.6028869,129.0880801,14.38243019,57.00744912,5.881399104
corridor_0,11330,11330,65,88,1143950,1735250,35.6028724,129.0891837,14.06681359,56.69183251,5.565782496
corridor_0,11331,11331,66,88,1144050,1735250,35.6028578,129.0902873,13.70857155,56.33359048,5.207540462
corridor_0,11332,11332,67,88,1144150,1735250,35.6028432,129.0913909,13.33011544,55.95513436,4.829084346
corridor_0,11333,11333,68,88,1144250,1735250,35.6028286,129.0924945,12.96675789,55.59177682,4.465726802
corridor_0,11334,11334,69,88,1144350,1735250,35.6028141,129.0935981,12.47957909,55.10459801,3.978547999
corridor_0,11335,11335,70,88,1144450,1735250,35.6027994,129.0947017,11.95305169,54.57807061,3.452020595
corridor_0,11336,11336,71,88,1144550,1735250,35.6027848,129.0958053,11.60994637,54.23496529,3.108915278
corridor_0,11337,11337,72,88,1144650,1735250,35.6027702,129.0969089,11.38861382,54.01363274,2.887582728
corridor_0,11338,11338,73,88,1144750,1735250,35.6027556,129.0980125,11.18046868,53.8054876,2.679437587
corridor_0,11339,11339,74,88,1144850,1735250,35.6027409,129.0991161,11.05904686,53.68406579,2.558015773
corridor_0,11340,11340,75,88,1144950,1735250,35.6027263,129.1002197,11.0880729,53.71309182,2.587041804
corridor_0,11341,11341,76,88,1145050,1735250,35.6027116,129.1013233,11.21934426,53.84436318,2.718313167
corridor_0,11342,11342,77,88,1145150,1735250,35.6026969,129.1024269,11.36687386,53.99189278,2.865842769
corridor_0,11343,11343,78,88,1145250,1735250,35.6026823,129.1035305,11.40471566,54.02973458,2.903684566
corridor_0,11344,11344,79,88,1145350,1735250,35.6026676,129.1046341,11.4608947,54.08591363,2.959863612
corridor_0,11345,11345,80,88,1145450,1735250,35.6026529,129.1057377,11.74655068,54.3715696,3.245519588
corridor_0,11346,11346,81,88,1145550,1735250,35.6026382,129.1068413,11.67362511,54.29864404,3.17259402
corridor_0,11347,11347,82,88,1145650,1735250,35.6026234,129.1079448,12.00488198,54.6299009,3.503850886
corridor_0,11348,11348,83,88,1145750,1735250,35.6026087,129.1090484,12.15314782,54.77816674,3.652116725
corridor_0,11349,11349,84,88,1145850,1735250,35.6025939,129.110152,12.17615044,54.80116936,3.675119349
corridor_0,11350,11350,85,88,1145950,1735250,35.6025792,129.1112556,12.1841079,54.80912682,3.683076808
corridor_0,11351,11351,86,88,1146050,1735250,35.6025644,129.1123592,11.88130104,54.50631997,3.380269954
corridor_0,11352,11352,87,88,1146150,1735250,35.6025497,129.1134628,11.56351769,54.18853661,3.062486598
corridor_0,11353,11353,88,88,1146250,1735250,35.6025349,129.1145664,11.40399468,54.0290136,2.902963588
corridor_0,11354,11354,89,88,1146350,1735250,35.6025201,129.11567,11.22566521,53.85068414,2.72463412
corridor_0,11355,11355,90,88,1146450,1735250,35.6025053,129.1167735,11.03588784,53.66090676,2.534856746
corridor_0,11356,11356,91,88,1146550,1735250,35.6024905,129.1178771,10.83777153,53.46279046,2.336740443
corridor_0,11357,11357,92,88,1146650,1735250,35.6024756,129.1189807,10.70226204,53.32728097,2.201230952
corridor_0,11358,11358,93,88,1146750,1735250,35.6024608,129.1200843,10.64854729,53.27356622,2.1475162
corridor_0,11359,11359,94,88,1146850,1735250,35.602446,129.1211879,10.73340142,53.35842034,2.232370326
corridor_0,11360,11360,95,88,1146950,1735250,35.6024311,129.1222914,10.8115989,53.43661782,2.310567805
corridor_0,11361,11361,96,88,1147050,1735250,35.6024162,129.123395,10.94077217,53.5657911,2.439741084
corridor_0,11362,11362,97,88,1147150,1735250,35.6024014,129.1244986,11.11189949,53.73691842,2.610868403
corridor_0,11363,11363,98,88,1147250,1735250,35.6023865,129.1256022,11.32824623,53.95326516,2.827215144
corridor_0,11364,11364,99,88,1147350,1735250,35.6023716,129.1267058,11.51068413,54.13570306,3.009653041
corridor_0,11365,11365,100,88,1147450,1735250,35.6023567,129.1278093,11.54878151,54.17380044,3.047750422
corridor_0,11366,11366,101,88,1147550,1735250,35.6023418,129.1289129,11.43359673,54.05861565,2.932565639
corridor_0,11367,11367,102,88,1147650,1735250,35.6023268,129.1300165,11.05081093,53.67582986,2.549779841
corridor_0,11368,11368,103,88,1147750,1735250,35.6023119,129.1311201,10.49228203,53.11730096,1.991250941
corridor_0,11369,11369,104,88,1147850,1735250,35.6022969,129.1322236,9.846491932,52.47151086,1.345460841
corridor_0,11370,11370,105,88,1147950,1735250,35.602282,129.1333272,9.093413471,51.7184324,0.59238238
corridor_0,11371,11371,106,88,1148050,1735250,35.602267,129.1344308,8.239634632,50.86465356,-0.261396459
corridor_0,11372,11372,107,88,1148150,1735250,35.602252,129.1355343,7.400870442,50.02588937,-1.100160649
corridor_0,11373,11373,108,88,1148250,1735250,35.6022371,129.1366379,6.690932392,49.31595132,-1.810098699
corridor_0,11374,11374,109,88,1148350,1735250,35.6022221,129.1377415,6.052508473,48.6775274,-2.448522618
corridor_0,11375,11375,110,88,1148450,1735250,35.6022071,129.138845,5.376940846,48.00195977,-3.124090245
corridor_0,11376,11376,111,88,1148550,1735250,35.602192,129.1399486,4.715411305,47.34043023,-3.785619786
corridor_0,11377,11377,112,88,1148650,1735250,35.602177,129.1410522,4.058566212,46.68358514,-4.442464879
corridor_0,11378,11378,113,88,1148750,1735250,35.602162,129.1421557,3.399203419,46.02422234,-5.101827672
corridor_0,11379,11379,114,88,1148850,1735250,35.6021469,129.1432593,2.727908253,45.35292718,-5.773122838
corridor_0,11380,11380,115,88,1148950,1735250,35.6021319,129.1443629,2.048056721,44.67307565,-6.45297437
corridor_0,11381,11381,116,88,1149050,1735250,35.6021168,129.1454664,1.110774159,43.73579308,-7.390256932
corridor_0,11382,11382,117,88,1149150,1735250,35.6021017,129.14657,0.368464588,42.99348351,-8.132566503
corridor_0,11383,11383,118,88,1149250,1735250,35.6020866,129.1476736,-0.789517284,41.83550164,-9.290548375
corridor_0,11384,11384,119,88,1149350,1735250,35.6020715,129.1487771,-2.173004986,40.45201394,-10.67403608
corridor_0,11385,11385,120,88,1149450,1735250,35.6020564,129.1498807,-4.380116344,38.24490258,-12.88114744
corridor_0,11400,11400,120,89,1149450,1735350,35.6029577,129.1498992,-4.398201824,38.2268171,-12.89923291
corridor_0,11401,11401,119,89,1149350,1735350,35.6029728,129.1487956,-2.158032299,40.46698663,-10.65906339
corridor_0,11402,11402,118,89,1149250,1735350,35.6029879,129.147692,-0.57341087,42.05160806,-9.07444196
corridor_0,11403,11403,117,89,1149150,1735350,35.603003,129.1465885,0.382594227,43.00761315,-8.118436864
corridor_0,11404,11404,116,89,1149050,1735350,35.6030181,129.1454849,1.257311939,43.88233086,-7.243719151
corridor_0,11405,11405,115,89,1148950,1735350,35.6030332,129.1443813,2.073245167,44.69826409,-6.427785924
corridor_0,11406,11406,114,89,1148850,1735350,35.6030482,129.1432777,2.751025318,45.37604424,-5.750005773
corridor_0,11407,11407,113,89,1148750,1735350,35.6030633,129.1421742,3.418646931,46.04366586,-5.08238416
corridor_0,11408,11408,112,89,1148650,1735350,35.6030783,129.1410706,4.082228779,46.7072477,-4.418802312
corridor_0,11409,11409,111,89,1148550,1735350,35.6030933,129.139967,4.739001392,47.36402032,-3.762029698
corridor_0,11410,11410,110,89,1148450,1735350,35.6031083,129.1388634,5.409361958,48.03438088,-3.091669133
corridor_0,11411,11411,109,89,1148350,1735350,35.6031233,129.1377598,6.073111652,48.69813058,-2.427919438
corridor_0,11412,11412,108,89,1148250,1735350,35.6031383,129.1366563,6.709406971,49.3344259,-1.79162412
corridor_0,11413,11413,107,89,1148150,1735350,35.6031533,129.1355527,7.443843006,50.06886193,-1.057188085
corridor_0,11414,11414,106,89,1148050,1735350,35.6031683,129.1344491,8.320845722,50.94586465,-0.180185369
corridor_0,11415,11415,105,89,1147950,1735350,35.6031833,129.1333455,9.118250965,51.74326989,0.617219874
corridor_0,11416,11416,104,89,1147850,1735350,35.6031982,129.1322419,9.836943745,52.46196267,1.335912654
corridor_0,11417,11417,103,89,1147750,1735350,35.6032132,129.1311383,10.5163871,53.14140603,2.015356013
corridor_0,11418,11418,102,89,1147650,1735350,35.6032281,129.1300348,11.07437432,53.69939324,2.573343226
corridor_0,11419,11419,101,89,1147550,1735350,35.603243,129.1289312,11.44609749,54.07111642,2.945066401
corridor_0,11420,11420,100,89,1147450,1735350,35.603258,129.1278276,11.58101952,54.20603844,3.079988429
corridor_0,11421,11421,99,89,1147350,1735350,35.6032729,129.126724,11.51781762,54.14283654,3.016786525
corridor_0,11422,11422,98,89,1147250,1735350,35.6032878,129.1256204,11.43421853,54.05923745,2.933187434
corridor_0,11423,11423,97,89,1147150,1735350,35.6033026,129.1245168,11.26606285,53.89108178,2.765031764
corridor_0,11424,11424,96,89,1147050,1735350,35.6033175,129.1234132,11.09580529,53.72082421,2.594774196
corridor_0,11425,11425,95,89,1146950,1735350,35.6033324,129.1223096,10.97769082,53.60270974,2.476659724
corridor_0,11426,11426,94,89,1146850,1735350,35.6033472,129.121206,10.88046563,53.50548455,2.379434535
corridor_0,11427,11427,93,89,1146750,1735350,35.6033621,129.1201025,10.88055718,53.5055761,2.379526088
corridor_0,11428,11428,92,89,1146650,1735350,35.6033769,129.1189989,10.90697014,53.53198907,2.405939052
corridor_0,11429,11429,91,89,1146550,1735350,35.6033918,129.1178953,11.06229317,53.6873121,2.56126208
corridor_0,11430,11430,90,89,1146450,1735350,35.6034066,129.1167917,11.32540429,53.95042321,2.824373195
corridor_0,11431,11431,89,89,1146350,1735350,35.6034214,129.1156881,11.49703514,54.12205407,2.996004054
corridor_0,11432,11432,88,89,1146250,1735350,35.6034362,129.1145845,11.64723885,54.27225777,3.146207759
corridor_0,11433,11433,87,89,1146150,1735350,35.603451,129.1134809,11.90751564,54.53253457,3.406484553
corridor_0,11434,11434,86,89,1146050,1735350,35.6034657,129.1123773,12.35624611,54.98126504,3.855215022
corridor_0,11435,11435,85,89,1145950,1735350,35.6034805,129.1112737,12.52015984,55.14517876,4.019128749
corridor_0,11436,11436,84,89,1145850,1735350,35.6034952,129.1101701,12.3899833,55.01500222,3.888952205
corridor_0,11437,11437,83,89,1145750,1735350,35.60351,129.1090665,12.2114135,54.83643243,3.710382411
corridor_0,11438,11438,82,89,1145650,1735350,35.6035247,129.1079629,11.89163506,54.51665398,3.390603969
corridor_0,11439,11439,81,89,1145550,1735350,35.6035394,129.1068593,11.43189919,54.05691811,2.930868098
corridor_0,11440,11440,80,89,1145450,1735350,35.6035542,129.1057557,11.46264183,54.08766076,2.961610744
corridor_0,11441,11441,79,89,1145350,1735350,35.6035689,129.1046521,11.15212929,53.77714822,2.651098201
corridor_0,11442,11442,78,89,1145250,1735350,35.6035836,129.1035485,10.96270668,53.58772561,2.461675593
corridor_0,11443,11443,77,89,1145150,1735350,35.6035982,129.1024449,10.889907,53.51492593,2.388875911
corridor_0,11444,11444,76,89,1145050,1735350,35.6036129,129.1013413,10.76510155,53.39012048,2.26407046
corridor_0,11445,11445,75,89,1144950,1735350,35.6036276,129.1002376,10.6649543,53.28997323,2.163923213
corridor_0,11446,11446,74,89,1144850,1735350,35.6036422,129.099134,10.72254097,53.3475599,2.221509883
corridor_0,11447,11447,73,89,1144750,1735350,35.6036569,129.0980304,10.85449517,53.47951409,2.353464076
corridor_0,11448,11448,72,89,1144650,1735350,35.6036715,129.0969268,11.01688301,53.64190194,2.515851924
corridor_0,11449,11449,71,89,1144550,1735350,35.6036861,129.0958232,11.24862969,53.87364861,2.747598598
corridor_0,11450,11450,70,89,1144450,1735350,35.6037008,129.0947196,11.49862969,54.12364861,2.997598598
corridor_0,11451,11451,69,89,1144350,1735350,35.6037154,129.093616,11.92757714,54.55259606,3.426546046
corridor_0,11452,11452,68,89,1144250,1735350,35.6037299,129.0925124,12.33728325,54.96230218,3.836252162
corridor_0,11453,11453,67,89,1144150,1735350,35.6037445,129.0914088,12.71527398,55.3402929,4.214242885
corridor_0,11454,11454,66,89,1144050,1735350,35.6037591,129.0903051,13.04157555,55.66659447,4.540544459
corridor_0,11455,11455,65,89,1143950,1735350,35.6037737,129.0892015,13.37516701,56.00018594,4.874135921
corridor_0,11456,11456,64,89,1143850,1735350,35.6037882,129.0880979,13.70529473,56.33031365,5.204263637
corridor_0,11457,11457,63,89,1143750,1735350,35.6038028,129.0869943,13.95859063,56.58360955,5.457559535
corridor_0,11458,11458,62,89,1143650,1735350,35.6038173,129.0858907,14.11505425,56.74007317,5.614023158
corridor_0,11459,11459,61,89,1143550,1735350,35.6038318,129.0847871,14.34439003,56.96940896,5.843358943
corridor_0,11460,11460,60,89,1143450,1735350,35.6038463,129.0836834,14.65371621,57.27873513,6.152685115
corridor_0,11461,11461,59,89,1143350,1735350,35.6038608,129.0825798,14.69868386,57.32370278,6.197652766
corridor_0,11462,11462,58,89,1143250,1735350,35.6038753,129.0814762,14.63021004,57.25522897,6.12917895
corridor_0,11463,11463,57,89,1143150,1735350,35.6038898,129.0803726,14.63708413,57.26210305,6.136053035
corridor_0,11464,11464,56,89,1143050,1735350,35.6039043,129.079269,14.54191887,57.1669378,6.040887782
corridor_0,11465,11465,55,89,1142950,1735350,35.6039187,129.0781653,14.40998375,57.03500268,5.908952662
corridor_0,11466,11466,54,89,1142850,1735350,35.6039332,129.0770617,14.3015548,56.92657372,5.800523707
corridor_0,11467,11467,53,89,1142750,1735350,35.6039476,129.0759581,14.21474755,56.83976647,5.713716456
corridor_0,11468,11468,52,89,1142650,1735350,35.6039621,129.0748545,14.13983071,56.76484963,5.638799617
corridor_0,11469,11469,51,89,1142550,1735350,35.6039765,129.0737508,14.12579644,56.75081536,5.624765346
corridor_0,11470,11470,50,89,1142450,1735350,35.6039909,129.0726472,14.11778939,56.74280831,5.616758296
corridor_0,11471,11471,49,89,1142350,1735350,35.6040053,129.0715436,14.09886086,56.72387978,5.597829768
corridor_0,11472,11472,48,89,1142250,1735350,35.6040197,129.0704399,13.98873436,56.61375329,5.487703273
corridor_0,11473,11473,47,89,1142150,1735350,35.6040341,129.0693363,13.83415139,56.45917031,5.333120296
corridor_0,11474,11474,46,89,1142050,1735350,35.6040484,129.0682327,13.44118035,56.06619927,4.940149257
corridor_0,11475,11475,45,89,1141950,1735350,35.6040628,129.0671291,13.01113808,55.63615701,4.51010699
corridor_0,11476,11476,44,89,1141850,1735350,35.6040772,129.0660254,12.41283333,55.03785226,3.911802241
corridor_0,11477,11477,43,89,1141750,1735350,35.6040915,129.0649218,11.37958443,54.00460336,2.87855334
corridor_0,11478,11478,42,89,1141650,1735350,35.6041058,129.0638182,10.90306008,53.528079,2.402028987
corridor_0,11479,11479,41,89,1141550,1735350,35.6041201,129.0627145,10.38961327,53.01463219,1.888582179
corridor_0,11480,11480,40,89,1141450,1735350,35.6041345,129.0616109,9.913577198,52.53859612,1.412546107
corridor_0,11481,11481,39,89,1141350,1735350,35.6041488,129.0605073,9.453433155,52.07845208,0.952402064
corridor_0,11482,11482,38,89,1141250,1735350,35.604163,129.0594036,8.97454369,51.59956261,0.473512599
corridor_0,11483,11483,37,89,1141150,1735350,35.6041773,129.0583,8.518672108,51.14369103,0.017641017
corridor_0,11484,11484,36,89,1141050,1735350,35.6041916,129.0571963,8.036269306,50.66128823,-0.464761785
corridor_0,11485,11485,35,89,1140950,1735350,35.6042059,129.0560927,7.552470326,50.17748925,-0.948560765
corridor_0,11486,11486,34,89,1140850,1735350,35.6042201,129.0549891,7.041064381,49.66608331,-1.45996671
corridor_0,11487,11487,33,89,1140750,1735350,35.6042343,129.0538854,6.474967121,49.09998605,-2.02606397
corridor_0,11488,11488,32,89,1140650,1735350,35.6042486,129.0527818,5.710097431,48.33511636,-2.79093366
corridor_0,11489,11489,31,89,1140550,1735350,35.6042628,129.0516781,5.087920307,47.71293923,-3.413110784
corridor_0,11490,11490,30,89,1140450,1735350,35.604277,129.0505745,4.414668202,47.03968713,-4.086362889
corridor_0,11491,11491,29,89,1140350,1735350,35.6042912,129.0494709,3.3906852,46.01570412,-5.110345891
corridor_0,11492,11492,28,89,1140250,1735350,35.6043054,129.0483672,2.580851673,45.2058706,-5.920179418
corridor_0,11493,11493,27,89,1140150,1735350,35.6043196,129.0472636,1.984179615,44.60919854,-6.516851476
corridor_0,11494,11494,26,89,1140050,1735350,35.6043337,129.0461599,1.338774799,43.96379372,-7.162256291
corridor_0,11495,11495,25,89,1139950,1735350,35.6043479,129.0450563,0.316660999,42.94167992,-8.184370091
corridor_0,11496,11496,24,89,1139850,1735350,35.604362,129.0439526,-0.9012841,41.72373483,-9.40231519
corridor_0,11497,11497,23,89,1139750,1735350,35.6043762,129.042849,-2.47309959,40.15191933,-10.97413068
corridor_0,11498,11498,22,89,1139650,1735350,35.6043903,129.0417453,-3.432576061,39.19244286,-11.93360715
corridor_0,11499,11499,21,89,1139550,1735350,35.6044044,129.0406417,-5.087426067,37.53759286,-13.58845716
corridor_0,11500,11500,20,89,1139450,1735350,35.6044185,129.039538,-6.692025066,35.93299386,-15.19305616
corridor_0,11501,11501,19,89,1139350,1735350,35.6044326,129.0384344,-10.75739372,31.86762521,-19.25842481
corridor_0,11539,11539,18,90,1139250,1735450,35.6053481,129.037348,-8.975006939,33.65001199,-17.47603803
corridor_0,11540,11540,19,90,1139350,1735450,35.605334,129.0384516,-6.596707226,36.0283117,-15.09773832
corridor_0,11541,11541,20,90,1139450,1735450,35.6053199,129.0395553,-4.46780479,38.15721413,-12.96883588
corridor_0,11542,11542,21,90,1139550,1735450,35.6053058,129.040659,-3.340512157,39.28450677,-11.84154325
corridor_0,11543,11543,22,90,1139650,1735450,35.6052916,129.0417626,-2.086617351,40.53840157,-10.58764844
corridor_0,11544,11544,23,90,1139750,1735450,35.6052775,129.0428663,-0.811997295,41.81302163,-9.313028386
corridor_0,11545,11545,24,90,1139850,1735450,35.6052634,129.0439699,0.056529163,42.68154809,-8.444501927
corridor_0,11546,11546,25,90,1139950,1735450,35.6052492,129.0450736,1.12380135,43.74882027,-7.377229741
corridor_0,11547,11547,26,90,1140050,1735450,35.6052351,129.0461773,1.940539478,44.5655584,-6.560491612
corridor_0,11548,11548,27,90,1140150,1735450,35.6052209,129.0472809,2.553759693,45.17877862,-5.947271398
corridor_0,11549,11549,28,90,1140250,1735450,35.6052067,129.0483846,3.038355946,45.66337487,-5.462675145
corridor_0,11550,11550,29,90,1140350,1735450,35.6051925,129.0494882,3.583590626,46.20860955,-4.917440465
corridor_0,11551,11551,30,90,1140450,1735450,35.6051783,129.0505919,4.567191242,47.19221017,-3.933839849
corridor_0,11552,11552,31,90,1140550,1735450,35.6051641,129.0516956,5.390284657,48.01530358,-3.110746434
corridor_0,11553,11553,32,90,1140650,1735450,35.6051499,129.0527992,6.313483357,48.93850228,-2.187547734
corridor_0,11554,11554,33,90,1140750,1735450,35.6051357,129.0539029,6.88954842,49.51456734,-1.611482671
corridor_0,11555,11555,34,90,1140850,1735450,35.6051214,129.0550065,7.467829823,50.09284875,-1.033201268
corridor_0,11556,11556,35,90,1140950,1735450,35.6051072,129.0561102,7.986487507,50.61150643,-0.514543584
corridor_0,11557,11557,36,90,1141050,1735450,35.6050929,129.0572138,8.397696613,51.02271554,-0.103334477
corridor_0,11558,11558,37,90,1141150,1735450,35.6050786,129.0583175,8.871203541,51.49622247,0.37017245
corridor_0,11559,11559,38,90,1141250,1735450,35.6050644,129.0594211,9.317744373,51.9427633,0.816713283
corridor_0,11560,11560,39,90,1141350,1735450,35.6050501,129.0605248,9.762847065,52.38786599,1.261815974
corridor_0,11561,11561,40,90,1141450,1735450,35.6050358,129.0616284,10.21353447,52.8385534,1.712503383
corridor_0,11562,11562,41,90,1141550,1735450,35.6050215,129.0627321,10.77870858,53.4037275,2.277677485
corridor_0,11563,11563,42,90,1141650,1735450,35.6050071,129.0638357,11.25351632,53.87853524,2.752485225
corridor_0,11564,11564,43,90,1141750,1735450,35.6049928,129.0649393,11.85707772,54.48209664,3.356046626
corridor_0,11565,11565,44,90,1141850,1735450,35.6049785,129.066043,12.33323586,54.95825478,3.832204768
corridor_0,11566,11566,45,90,1141950,1735450,35.6049641,129.0671466,13.41503441,56.04005334,4.914003322
corridor_0,11567,11567,46,90,1142050,1735450,35.6049498,129.0682503,13.72955239,56.35457131,5.228521296
corridor_0,11568,11568,47,90,1142150,1735450,35.6049354,129.0693539,13.96844399,56.59346291,5.467412898
corridor_0,11569,11569,48,90,1142250,1735450,35.604921,129.0704576,14.20699608,56.83201501,5.705964992
corridor_0,11570,11570,49,90,1142350,1735450,35.6049066,129.0715612,14.1066848,56.73170373,5.605653712
corridor_0,11571,11571,50,90,1142450,1735450,35.6048922,129.0726648,14.06456292,56.68958184,5.563531825
corridor_0,11572,11572,51,90,1142550,1735450,35.6048778,129.0737685,14.0776397,56.70265862,5.576608607
corridor_0,11573,11573,52,90,1142650,1735450,35.6048634,129.0748721,14.10216439,56.72718331,5.601133296
corridor_0,11574,11574,53,90,1142750,1735450,35.6048489,129.0759758,14.16810906,56.79312798,5.667077968
corridor_0,11575,11575,54,90,1142850,1735450,35.6048345,129.0770794,14.24392998,56.86894891,5.74289889
corridor_0,11576,11576,55,90,1142950,1735450,35.6048201,129.078183,14.30472481,56.92974374,5.803693721
corridor_0,11577,11577,56,90,1143050,1735450,35.6048056,129.0792867,14.33344567,56.95846459,5.832414577
corridor_0,11578,11578,57,90,1143150,1735450,35.6047911,129.0803903,14.2953254,56.92034432,5.794294307
corridor_0,11579,11579,58,90,1143250,1735450,35.6047766,129.0814939,14.30827248,56.9332914,5.807241389
corridor_0,11580,11580,59,90,1143350,1735450,35.6047621,129.0825976,14.26545632,56.89047524,5.764425227
corridor_0,11581,11581,60,90,1143450,1735450,35.6047476,129.0837012,14.12908089,56.75409982,5.6280498
corridor_0,11582,11582,61,90,1143550,1735450,35.6047331,129.0848048,13.7430259,56.36804482,5.241994807
corridor_0,11583,11583,62,90,1143650,1735450,35.6047186,129.0859085,13.45058358,56.0756025,4.949552485
corridor_0,11584,11584,63,90,1143750,1735450,35.6047041,129.0870121,13.27459252,55.89961144,4.773561427
corridor_0,11585,11585,64,90,1143850,1735450,35.6046895,129.0881157,13.06428063,55.68929955,4.563249537
corridor_0,11586,11586,65,90,1143950,1735450,35.604675,129.0892194,12.73335946,55.35837838,4.232328364
corridor_0,11587,11587,66,90,1144050,1735450,35.6046604,129.090323,12.40292656,55.02794549,3.901895473
corridor_0,11588,11588,67,90,1144150,1735450,35.6046458,129.0914266,12.11781228,54.7428312,3.616781184
corridor_0,11589,11589,68,90,1144250,1735450,35.6046313,129.0925302,11.8260566,54.45107552,3.325025508
corridor_0,11590,11590,69,90,1144350,1735450,35.6046167,129.0936339,11.46023095,54.08524987,2.959199855
corridor_0,11591,11591,70,90,1144450,1735450,35.6046021,129.0947375,11.08378136,53.70880029,2.58275027
corridor_0,11592,11592,71,90,1144550,1735450,35.6045874,129.0958411,10.8475486,53.47256753,2.346517512
corridor_0,11593,11593,72,90,1144650,1735450,35.6045728,129.0969447,10.65543663,53.28045556,2.154405543
corridor_0,11594,11594,73,90,1144750,1735450,35.6045582,129.0980484,10.52561486,53.15063378,2.024583766
corridor_0,11595,11595,74,90,1144850,1735450,35.6045435,129.099152,10.4191848,53.04420373,1.918153712
corridor_0,11596,11596,75,90,1144950,1735450,35.6045289,129.1002556,10.36235344,52.98737237,1.861322352
corridor_0,11597,11597,76,90,1145050,1735450,35.6045142,129.1013592,10.38877022,53.01378915,1.887739131
corridor_0,11598,11598,77,90,1145150,1735450,35.6044995,129.1024628,10.40204918,53.02706811,1.901018092
corridor_0,11599,11599,78,90,1145250,1735450,35.6044849,129.1035665,10.53356087,53.1585798,2.03252978
corridor_0,11600,11600,79,90,1145350,1735450,35.6044702,129.1046701,10.89279854,53.51781747,2.391767451
corridor_0,11601,11601,80,90,1145450,1735450,35.6044555,129.1057737,11.17991936,53.80493829,2.67888827
corridor_0,11602,11602,81,90,1145550,1735450,35.6044407,129.1068773,11.18414986,53.80916878,2.68311877
corridor_0,11603,11603,82,90,1145650,1735450,35.604426,129.1079809,11.7882415,54.41326043,3.287210414
corridor_0,11604,11604,83,90,1145750,1735450,35.6044113,129.1090845,12.34280312,54.96782204,3.841772029
corridor_0,11605,11605,84,90,1145850,1735450,35.6043965,129.1101881,12.69923699,55.32425591,4.198205897
corridor_0,11606,11606,85,90,1145950,1735450,35.6043818,129.1112918,12.89640725,55.52142617,4.395376155
corridor_0,11607,11607,86,90,1146050,1735450,35.604367,129.1123954,12.7728492,55.39786813,4.27181811
corridor_0,11608,11608,87,90,1146150,1735450,35.6043522,129.113499,12.34765541,54.97267434,3.846624324
corridor_0,11609,11609,88,90,1146250,1735450,35.6043375,129.1146026,11.9079963,54.53301522,3.406965205
corridor_0,11610,11610,89,90,1146350,1735450,35.6043227,129.1157062,11.72592842,54.35094735,3.224897334
corridor_0,11611,11611,90,90,1146450,1735450,35.6043079,129.1168098,11.56301033,54.18802926,3.061979243
corridor_0,11612,11612,91,90,1146550,1735450,35.604293,129.1179134,11.34180367,53.96682259,2.840772578
corridor_0,11613,11613,92,90,1146650,1735450,35.6042782,129.119017,11.10700905,53.73202798,2.605977962
corridor_0,11614,11614,93,90,1146750,1735450,35.6042634,129.1201206,10.99829781,53.62331673,2.497266719
corridor_0,11615,11615,94,90,1146850,1735450,35.6042485,129.1212242,10.96937859,53.59439751,2.468347499
corridor_0,11616,11616,95,90,1146950,1735450,35.6042337,129.1223278,11.06955254,53.69457146,2.568521449
corridor_0,11617,11617,96,90,1147050,1735450,35.6042188,129.1234314,11.19547188,53.82049081,2.694440791
corridor_0,11618,11618,97,90,1147150,1735450,35.6042039,129.124535,11.3509742,53.97599313,2.84994311
corridor_0,11619,11619,98,90,1147250,1735450,35.604189,129.1256386,11.50418389,54.12920281,3.003152797
corridor_0,11620,11620,99,90,1147350,1735450,35.6041742,129.1267422,11.70268547,54.3277044,3.201654384
corridor_0,11621,11621,100,90,1147450,1735450,35.6041592,129.1278458,11.75303948,54.3780584,3.252008388
corridor_0,11622,11622,101,90,1147550,1735450,35.6041443,129.1289494,11.58636773,54.21138665,3.085336635
corridor_0,11623,11623,102,90,1147650,1735450,35.6041294,129.130053,11.15136635,53.77638528,2.650335261
corridor_0,11624,11624,103,90,1147750,1735450,35.6041145,129.1311566,10.53710854,53.16212746,2.036077449
corridor_0,11625,11625,104,90,1147850,1735450,35.6040995,129.1322602,9.875796436,52.50081536,1.374765346
corridor_0,11626,11626,105,90,1147950,1735450,35.6040846,129.1333638,9.159758686,51.78477761,0.658727595
corridor_0,11627,11627,106,90,1148050,1735450,35.6040696,129.1344674,8.366580128,50.99159905,-0.134450963
corridor_0,11628,11628,107,90,1148150,1735450,35.6040546,129.135571,7.502463459,50.12748238,-0.998567632
corridor_0,11629,11629,108,90,1148250,1735450,35.6040396,129.1366746,6.757147907,49.38216683,-1.743883183
corridor_0,11630,11630,109,90,1148350,1735450,35.6040246,129.1377782,6.079363941,48.70438287,-2.42166715
corridor_0,11631,11631,110,90,1148450,1735450,35.6040096,129.1388818,5.418574452,48.04359338,-3.082456639
corridor_0,11632,11632,111,90,1148550,1735450,35.6039946,129.1399854,4.753394245,47.37841317,-3.747636846
corridor_0,11633,11633,112,90,1148650,1735450,35.6039796,129.141089,4.160147785,46.78516671,-4.340883306
corridor_0,11634,11634,113,90,1148750,1735450,35.6039645,129.1421926,3.509230732,46.13424966,-4.991800359
corridor_0,11635,11635,114,90,1148850,1735450,35.6039495,129.1432962,2.76990807,45.39492699,-5.731123021
corridor_0,11636,11636,115,90,1148950,1735450,35.6039344,129.1443998,2.0871917,44.71221062,-6.413839391
corridor_0,11637,11637,116,90,1149050,1735450,35.6039194,129.1455033,1.396861195,44.02188012,-7.104169896
corridor_0,11638,11638,117,90,1149150,1735450,35.6039043,129.1466069,0.539679646,43.16469857,-7.961351445
corridor_0,11639,11639,118,90,1149250,1735450,35.6038892,129.1477105,-0.56087196,42.06414696,-9.06190305
corridor_0,11640,11640,119,90,1149350,1735450,35.6038741,129.1488141,-1.893864513,40.73115441,-10.3948956
corridor_0,11641,11641,120,90,1149450,1735450,35.603859,129.1499177,-4.426556469,38.19846246,-12.92758756
corridor_0,11656,11656,120,91,1149450,1735550,35.6047603,129.1499362,-4.455788494,38.16923043,-12.95681958
corridor_0,11657,11657,119,91,1149350,1735550,35.6047754,129.1488326,-1.908970714,40.71604821,-10.41000181
corridor_0,11658,11658,118,91,1149250,1735550,35.6047905,129.147729,-0.380288006,42.24473092,-8.881319097
corridor_0,11659,11659,117,91,1149150,1735550,35.6048056,129.1466254,0.55223,43.17724892,-7.948801091
corridor_0,11660,11660,116,91,1149050,1735550,35.6048206,129.1455218,1.396762013,44.02178094,-7.104269078
corridor_0,11661,11661,115,91,1148950,1735550,35.6048357,129.1444182,2.193343281,44.81836221,-6.30768781
corridor_0,11662,11662,114,91,1148850,1735550,35.6048508,129.1433146,2.86170113,45.48672005,-5.639329961
corridor_0,11663,11663,113,91,1148750,1735550,35.6048658,129.142211,3.590304493,46.21532342,-4.910726598
corridor_0,11664,11664,112,91,1148650,1735550,35.6048809,129.1411074,4.227530598,46.85254952,-4.273500493
corridor_0,11665,11665,111,91,1148550,1735550,35.6048959,129.1400038,4.8632766,47.48829552,-3.637754491
corridor_0,11666,11666,110,91,1148450,1735550,35.6049109,129.1389002,5.416430592,48.04144952,-3.084600499
corridor_0,11667,11667,109,91,1148350,1735550,35.6049259,129.1377966,6.084689259,48.70970818,-2.416341832
corridor_0,11668,11668,108,91,1148250,1735550,35.6049409,129.136693,6.752665638,49.37768456,-1.748365453
corridor_0,11669,11669,107,91,1148150,1735550,35.6049559,129.1355894,7.549552082,50.17457101,-0.951479009
corridor_0,11670,11670,106,91,1148050,1735550,35.6049709,129.1344858,8.371634602,50.99665353,-0.129396489
corridor_0,11671,11671,105,91,1147950,1735550,35.6049858,129.1333822,9.250010609,51.87502953,0.748979518
corridor_0,11672,11672,104,91,1147850,1735550,35.6050008,129.1322785,9.979167103,52.60418603,1.478136012
corridor_0,11673,11673,103,91,1147750,1735550,35.6050158,129.1311749,10.78826058,53.4132795,2.287229487
corridor_0,11674,11674,102,91,1147650,1735550,35.6050307,129.1300713,11.23766243,53.86268136,2.736631343
corridor_0,11675,11675,101,91,1147550,1735550,35.6050456,129.1289677,11.6296531,54.25467202,3.128622005
corridor_0,11676,11676,100,91,1147450,1735550,35.6050605,129.1278641,11.82911599,54.45413491,3.328084895
corridor_0,11677,11677,99,91,1147350,1735550,35.6050754,129.1267605,11.76706993,54.39208886,3.266038844
corridor_0,11678,11678,98,91,1147250,1735550,35.6050903,129.1256569,11.573928,54.19894692,3.072896907
corridor_0,11679,11679,97,91,1147150,1735550,35.6051052,129.1245533,11.36016762,53.98518655,2.859136531
corridor_0,11680,11680,96,91,1147050,1735550,35.6051201,129.1234496,11.1599952,53.78501412,2.658964107
corridor_0,11681,11681,95,91,1146950,1735550,35.605135,129.122346,11.01728356,53.64230248,2.516252467
corridor_0,11682,11682,94,91,1146850,1735550,35.6051498,129.1212424,10.95196068,53.57697961,2.450929591
corridor_0,11683,11683,93,91,1146750,1735550,35.6051647,129.1201388,11.00590432,53.63092324,2.504873225
corridor_0,11684,11684,92,91,1146650,1735550,35.6051795,129.1190352,11.14243615,53.76745507,2.641405055
corridor_0,11685,11685,91,91,1146550,1735550,35.6051943,129.1179316,11.45138466,54.07640359,2.950353572
corridor_0,11686,11686,90,91,1146450,1735550,35.6052092,129.1168279,11.82689202,54.45191094,3.325860927
corridor_0,11687,11687,89,91,1146350,1735550,35.605224,129.1157243,12.0321418,54.65716073,3.531110713
corridor_0,11688,11688,88,91,1146250,1735550,35.6052388,129.1146207,12.36715233,54.99217126,3.866121242
corridor_0,11689,11689,87,91,1146150,1735550,35.6052535,129.1135171,12.73706734,55.36208627,4.23603625
corridor_0,11690,11690,86,91,1146050,1735550,35.6052683,129.1124135,13.24861061,55.87362954,4.747579524
corridor_0,11691,11691,85,91,1145950,1735550,35.6052831,129.1113098,13.25388634,55.87890527,4.75285525
corridor_0,11692,11692,84,91,1145850,1735550,35.6052978,129.1102062,12.95048439,55.57550332,4.449453303
corridor_0,11693,11693,83,91,1145750,1735550,35.6053126,129.1091026,12.54117882,55.16619775,4.040147731
corridor_0,11694,11694,82,91,1145650,1735550,35.6053273,129.107999,11.80940545,54.43442437,3.308374354
corridor_0,11695,11695,81,91,1145550,1735550,35.605342,129.1068953,10.85216439,53.47718331,2.351133296
corridor_0,11696,11696,80,91,1145450,1735550,35.6053568,129.1057917,10.01206124,52.63708016,1.511030147
corridor_0,11697,11697,79,91,1145350,1735550,35.6053715,129.1046881,10.5071212,53.13214013,2.006090114
corridor_0,11698,11698,78,91,1145250,1735550,35.6053862,129.1035844,10.29640114,52.92142007,1.795370051
corridor_0,11699,11699,77,91,1145150,1735550,35.6054008,129.1024808,10.15565407,52.780673,1.654622981
corridor_0,11700,11700,76,91,1145050,1735550,35.6054155,129.1013772,10.07798684,52.70300576,1.576955745
corridor_0,11701,11701,75,91,1144950,1735550,35.6054302,129.1002735,10.06808007,52.69309899,1.567048976
corridor_0,11702,11702,74,91,1144850,1735550,35.6054448,129.0991699,10.11839974,52.74341866,1.617368648
corridor_0,11703,11703,73,91,1144750,1735550,35.6054595,129.0980663,10.20415795,52.82917687,1.703126857
corridor_0,11704,11704,72,91,1144650,1735550,35.6054741,129.0969626,10.3328315,52.95785043,1.83180041
corridor_0,11705,11705,71,91,1144550,1735550,35.6054887,129.095859,10.47020638,53.0952253,1.969175288
corridor_0,11706,11706,70,91,1144450,1735550,35.6055034,129.0947554,10.6833564,53.30837533,2.182325313
corridor_0,11707,11707,69,91,1144350,1735550,35.605518,129.0936517,10.99586403,53.62088296,2.494832942
corridor_0,11708,11708,68,91,1144250,1735550,35.6055326,129.0925481,11.34522545,53.97024438,2.844194362
corridor_0,11709,11709,67,91,1144150,1735550,35.6055471,129.0914445,11.63473427,54.2597532,3.133703181
corridor_0,11710,11710,66,91,1144050,1735550,35.6055617,129.0903408,11.8856498,54.51066872,3.384618709
corridor_0,11711,11711,65,91,1143950,1735550,35.6055763,129.0892372,12.15595925,54.78097817,3.654928157
corridor_0,11712,11712,64,91,1143850,1735550,35.6055908,129.0881335,12.38270867,55.00772759,3.881677577
corridor_0,11713,11713,63,91,1143750,1735550,35.6056054,129.0870299,12.58841622,55.21343514,4.087385127
corridor_0,11714,11714,62,91,1143650,1735550,35.6056199,129.0859263,12.82436287,55.4493818,4.323331782
corridor_0,11715,11715,61,91,1143550,1735550,35.6056344,129.0848226,13.07894051,55.70395943,4.577909419
corridor_0,11716,11716,60,91,1143450,1735550,35.6056489,129.083719,13.43046105,56.05547997,4.929429957
corridor_0,11717,11717,59,91,1143350,1735550,35.6056634,129.0826153,13.83116448,56.4561834,5.330133388
corridor_0,11718,11718,58,91,1143250,1735550,35.6056779,129.0815117,13.83426201,56.45928094,5.333230922
corridor_0,11719,11719,57,91,1143150,1735550,35.6056924,129.080408,13.87408364,56.49910256,5.373052546
corridor_0,11720,11720,56,91,1143050,1735550,35.6057069,129.0793044,14.04516518,56.6701841,5.544134089
corridor_0,11721,11721,55,91,1142950,1735550,35.6057214,129.0782007,14.13437951,56.75939843,5.633348414
corridor_0,11722,11722,54,91,1142850,1735550,35.6057358,129.0770971,14.14445412,56.76947305,5.64342303
corridor_0,11723,11723,53,91,1142750,1735550,35.6057503,129.0759934,14.11851036,56.74352929,5.617479274
corridor_0,11724,11724,52,91,1142650,1735550,35.6057647,129.0748898,14.07379067,56.69880959,5.572759578
corridor_0,11725,11725,51,91,1142550,1735550,35.6057791,129.0737861,14.03503716,56.66005608,5.534006068
corridor_0,11726,11726,50,91,1142450,1735550,35.6057935,129.0726825,14.01524651,56.64026543,5.514215419
corridor_0,11727,11727,49,91,1142350,1735550,35.6058079,129.0715788,14.07240212,56.69742104,5.571371028
corridor_0,11728,11728,48,91,1142250,1735550,35.6058223,129.0704752,14.07732308,56.702342,5.576291987
corridor_0,11729,11729,47,91,1142150,1735550,35.6058367,129.0693715,13.94023049,56.56524941,5.439199397
corridor_0,11730,11730,46,91,1142050,1735550,35.6058511,129.0682679,13.77064431,56.39566323,5.269613215
corridor_0,11731,11731,45,91,1141950,1735550,35.6058654,129.0671642,13.3700248,55.99504372,4.868993709
corridor_0,11732,11732,44,91,1141850,1735550,35.6058798,129.0660606,12.58998787,55.2150068,4.088956782
corridor_0,11733,11733,43,91,1141750,1735550,35.6058941,129.0649569,12.19971001,54.82472894,3.69867892
corridor_0,11734,11734,42,91,1141650,1735550,35.6059085,129.0638532,11.70955193,54.33457085,3.208520839
corridor_0,11735,11735,41,91,1141550,1735550,35.6059228,129.0627496,11.21797097,53.84298989,2.716939876
corridor_0,11736,11736,40,91,1141450,1735550,35.6059371,129.0616459,10.62238991,53.24740884,2.121358821
corridor_0,11737,11737,39,91,1141350,1735550,35.6059514,129.0605423,10.18207848,52.8070974,1.681047389
corridor_0,11738,11738,38,91,1141250,1735550,35.6059657,129.0594386,9.722273945,52.34729287,1.221242854
corridor_0,11739,11739,37,91,1141150,1735550,35.60598,129.0583349,9.276229023,51.90124795,0.775197932
corridor_0,11740,11740,36,91,1141050,1735550,35.6059942,129.0572313,8.843234181,51.46825311,0.34220309
corridor_0,11741,11741,35,91,1140950,1735550,35.6060085,129.0561276,8.418196796,51.04321572,-0.082834294
corridor_0,11742,11742,34,91,1140850,1735550,35.6060227,129.055024,7.957347035,50.58236596,-0.543684056
corridor_0,11743,11743,33,91,1140750,1735550,35.606037,129.0539203,7.417708515,50.04272744,-1.083322576
corridor_0,11744,11744,32,91,1140650,1735550,35.6060512,129.0528166,6.865592121,49.49061105,-1.63543897
corridor_0,11745,11745,31,91,1140550,1735550,35.6060654,129.051713,6.102336048,48.72735497,-2.398695043
corridor_0,11746,11746,30,91,1140450,1735550,35.6060796,129.0506093,4.479788899,47.10480782,-4.021242192
corridor_0,11747,11747,29,91,1140350,1735550,35.6060938,129.0495056,4.040267109,46.66528603,-4.460763982
corridor_0,11748,11748,28,91,1140250,1735550,35.606108,129.048402,3.587847828,46.21286675,-4.913183263
corridor_0,11749,11749,27,91,1140150,1735550,35.6061222,129.0472983,3.023196339,45.64821526,-5.477834752
corridor_0,11750,11750,26,91,1140050,1735550,35.6061364,129.0461946,2.501502155,45.12652108,-5.999528935
corridor_0,11751,11751,25,91,1139950,1735550,35.6061505,129.0450909,1.852656483,44.47767541,-6.648374608
corridor_0,11752,11752,24,91,1139850,1735550,35.6061647,129.0439873,1.025656818,43.65067574,-7.475374272
corridor_0,11753,11753,23,91,1139750,1735550,35.6061788,129.0428836,-0.068230511,42.55678841,-8.569261601
corridor_0,11754,11754,22,91,1139650,1735550,35.606193,129.0417799,-0.98198402,41.6430349,-9.483015111
corridor_0,11755,11755,21,91,1139550,1735550,35.6062071,129.0406762,-2.303875805,40.32114312,-10.8049069
corridor_0,11756,11756,20,91,1139450,1735550,35.6062212,129.0395726,-3.258957745,39.36606118,-11.75998884
corridor_0,11757,11757,19,91,1139350,1735550,35.6062353,129.0384689,-4.399517895,38.22550103,-12.90054899
corridor_0,11758,11758,18,91,1139250,1735550,35.6062494,129.0373652,-6.558731914,36.06628701,-15.05976301
corridor_0,11759,11759,17,91,1139150,1735550,35.6062635,129.0362615,-10.64363372,31.9813852,-19.14466481
corridor_0,11760,11760,16,91,1139050,1735550,35.6062775,129.0351579,-13.88715446,28.73786446,-22.38818555
corridor_0,11793,11793,16,92,1139050,1735650,35.6071789,129.0351751,-10.65026939,31.97474953,-19.15130048
corridor_0,11794,11794,17,92,1139150,1735650,35.6071648,129.0362788,-6.540356518,36.08466241,-15.04138761
corridor_0,11795,11795,18,92,1139250,1735650,35.6071507,129.0373825,-4.884171368,37.74084756,-13.38520246
corridor_0,11796,11796,19,92,1139350,1735650,35.6071366,129.0384862,-3.213299633,39.41171929,-11.71433072
corridor_0,11797,11797,20,92,1139450,1735650,35.6071225,129.0395898,-2.246849895,40.37816903,-10.74788099
corridor_0,11798,11798,21,92,1139550,1735650,35.6071084,129.0406935,-0.928921581,41.69609734,-9.429952672
corridor_0,11799,11799,22,92,1139650,1735650,35.6070943,129.0417972,-0.227280498,42.39773843,-8.728311589
corridor_0,11800,11800,23,92,1139750,1735650,35.6070802,129.0429009,0.758677601,43.38369653,-7.74235349
corridor_0,11801,11801,24,92,1139850,1735650,35.607066,129.0440046,1.642779469,44.26779839,-6.858251622
corridor_0,11802,11802,25,92,1139950,1735650,35.6070519,129.0451083,2.318640827,44.94365975,-6.182390264
corridor_0,11803,11803,26,92,1140050,1735650,35.6070377,129.046212,2.954852223,45.57987115,-5.546178868
corridor_0,11804,11804,27,92,1140150,1735650,35.6070235,129.0473156,3.47542107,46.10043999,-5.025610021
corridor_0,11805,11805,28,92,1140250,1735650,35.6070094,129.0484193,4.05298531,46.67800423,-4.448045781
corridor_0,11806,11806,29,92,1140350,1735650,35.6069952,129.049523,4.506827473,47.1318464,-3.994203618
corridor_0,11807,11807,30,92,1140450,1735650,35.606981,129.0506267,5.537493824,48.16251275,-2.963537267
corridor_0,11808,11808,31,92,1140550,1735650,35.6069668,129.0517304,6.90851128,49.5335302,-1.592519811
corridor_0,11809,11809,32,92,1140650,1735650,35.6069525,129.052834,7.635630726,50.26064965,-0.865400365
corridor_0,11810,11810,33,92,1140750,1735650,35.6069383,129.0539377,8.004992603,50.63001153,-0.496038487
corridor_0,11811,11811,34,92,1140850,1735650,35.6069241,129.0550414,8.444644093,51.06966302,-0.056386998
corridor_0,11812,11812,35,92,1140950,1735650,35.6069098,129.0561451,8.852934956,51.47795388,0.351903865
corridor_0,11813,11813,36,92,1141050,1735650,35.6068956,129.0572487,9.28489983,51.90991875,0.783868739
corridor_0,11814,11814,37,92,1141150,1735650,35.6068813,129.0583524,9.727713703,52.35273263,1.226682612
corridor_0,11815,11815,38,92,1141250,1735650,35.606867,129.0594561,10.1689254,52.79394433,1.667894313
corridor_0,11816,11816,39,92,1141350,1735650,35.6068527,129.0605598,10.63381493,53.25883385,2.132783839
corridor_0,11817,11817,40,92,1141450,1735650,35.6068384,129.0616634,11.11501992,53.74003884,2.613988826
corridor_0,11818,11818,41,92,1141550,1735650,35.6068241,129.0627671,11.73626244,54.36128136,3.235231349
corridor_0,11819,11819,42,92,1141650,1735650,35.6068098,129.0638708,12.18129647,54.80631539,3.680265376
corridor_0,11820,11820,43,92,1141750,1735650,35.6067954,129.0649745,12.59105599,55.21607491,4.090024898
corridor_0,11821,11821,44,92,1141850,1735650,35.6067811,129.0660781,12.93228066,55.55729958,4.431249568
corridor_0,11822,11822,45,92,1141950,1735650,35.6067667,129.0671818,13.19966805,55.82468697,4.698636958
corridor_0,11823,11823,46,92,1142050,1735650,35.6067524,129.0682855,13.78202736,56.40704629,5.280996272
corridor_0,11824,11824,47,92,1142150,1735650,35.606738,129.0693891,13.88420403,56.50922295,5.383172938
corridor_0,11825,11825,48,92,1142250,1735650,35.6067236,129.0704928,13.99006569,56.61508462,5.489034602
corridor_0,11826,11826,49,92,1142350,1735650,35.6067092,129.0715965,13.9424392,56.56745812,5.441408107
corridor_0,11827,11827,50,92,1142450,1735650,35.6066948,129.0727001,13.90716088,56.5321798,5.406129786
corridor_0,11828,11828,51,92,1142550,1735650,35.6066804,129.0738038,13.91952813,56.54454705,5.418497035
corridor_0,11829,11829,52,92,1142650,1735650,35.606666,129.0749075,13.97011101,56.59512994,5.469079921
corridor_0,11830,11830,53,92,1142750,1735650,35.6066516,129.0760111,13.99699318,56.62201211,5.495962092
corridor_0,11831,11831,54,92,1142850,1735650,35.6066371,129.0771148,13.98427498,56.60929391,5.483243892
corridor_0,11832,11832,55,92,1142950,1735650,35.6066227,129.0782184,13.88479531,56.50981423,5.383764216
corridor_0,11833,11833,56,92,1143050,1735650,35.6066082,129.0793221,13.7162925,56.34131142,5.215261409
corridor_0,11834,11834,57,92,1143150,1735650,35.6065937,129.0804258,13.53216088,56.1571798,5.031129786
corridor_0,11835,11835,58,92,1143250,1735650,35.6065793,129.0815294,13.36760628,55.99262521,4.866575191
corridor_0,11836,11836,59,92,1143350,1735650,35.6065648,129.0826331,13.19935524,55.82437417,4.698324153
corridor_0,11837,11837,60,92,1143450,1735650,35.6065503,129.0837367,12.81989205,55.44491097,4.318860957
corridor_0,11838,11838,61,92,1143550,1735650,35.6065357,129.0848404,12.50595009,55.13096902,4.004919002
corridor_0,11839,11839,62,92,1143650,1735650,35.6065212,129.085944,12.28560936,54.91062829,3.784578273
corridor_0,11840,11840,63,92,1143750,1735650,35.6065067,129.0870477,12.03180993,54.65682885,3.530778834
corridor_0,11841,11841,64,92,1143850,1735650,35.6064921,129.0881514,11.8353225,54.46034142,3.334291408
corridor_0,11842,11842,65,92,1143950,1735650,35.6064776,129.089255,11.61950219,54.24452111,3.118471095
corridor_0,11843,11843,66,92,1144050,1735650,35.606463,129.0903587,11.39885628,54.02387521,2.897825191
corridor_0,11844,11844,67,92,1144150,1735650,35.6064484,129.0914623,11.14652932,53.77154824,2.645498225
corridor_0,11845,11845,68,92,1144250,1735650,35.6064339,129.092566,10.8737632,53.49878213,2.372732112
corridor_0,11846,11846,69,92,1144350,1735650,35.6064193,129.0936696,10.55884468,53.18386361,2.057813594
corridor_0,11847,11847,70,92,1144450,1735650,35.6064047,129.0947733,10.30097496,52.92599389,1.799943873
corridor_0,11848,11848,71,92,1144550,1735650,35.60639,129.0958769,10.1220504,52.74706933,1.621019313
corridor_0,11849,11849,72,92,1144650,1735650,35.6063754,129.0969806,9.996939777,52.6219587,1.495908687
corridor_0,11850,11850,73,92,1144750,1735650,35.6063608,129.0980842,9.890441059,52.51545998,1.389409968
corridor_0,11851,11851,74,92,1144850,1735650,35.6063461,129.0991879,9.821993946,52.44701287,1.320962855
corridor_0,11852,11852,75,92,1144950,1735650,35.6063315,129.1002915,9.817385792,52.44240472,1.316354701
corridor_0,11853,11853,76,92,1145050,1735650,35.6063168,129.1013951,9.840952992,52.46597192,1.339921901
corridor_0,11854,11854,77,92,1145150,1735650,35.6063021,129.1024988,9.89874184,52.52376076,1.39771075
corridor_0,11855,11855,78,92,1145250,1735650,35.6062875,129.1036024,10.07005989,52.69507882,1.569028804
corridor_0,11856,11856,79,92,1145350,1735650,35.6062728,129.1047061,9.293952107,51.91897103,0.792921016
corridor_0,11857,11857,80,92,1145450,1735650,35.6062581,129.1058097,9.832163929,52.45718285,1.331132838
corridor_0,11858,11858,81,92,1145550,1735650,35.6062433,129.1069134,10.62203514,53.24705407,2.121004054
corridor_0,11859,11859,82,92,1145650,1735650,35.6062286,129.108017,11.51958764,54.14460656,3.018556544
corridor_0,11860,11860,83,92,1145750,1735650,35.6062139,129.1091206,12.41478646,55.03980538,3.913755366
corridor_0,11861,11861,84,92,1145850,1735650,35.6061991,129.1102243,12.89551461,55.52053353,4.394483516
corridor_0,11862,11862,85,92,1145950,1735650,35.6061844,129.1113279,13.53196633,56.15698525,5.030935237
corridor_0,11863,11863,86,92,1146050,1735650,35.6061696,129.1124315,13.56743157,56.19245049,5.066400477
corridor_0,11864,11864,87,92,1146150,1735650,35.6061548,129.1135352,13.39311135,56.01813027,4.892080256
corridor_0,11865,11865,88,92,1146250,1735650,35.6061401,129.1146388,12.87454903,55.49956795,4.37351794
corridor_0,11866,11866,89,92,1146350,1735650,35.6061253,129.1157424,12.27912819,54.90414712,3.778097102
corridor_0,11867,11867,90,92,1146450,1735650,35.6061104,129.1168461,11.992221,54.61723992,3.491189906
corridor_0,11868,11868,91,92,1146550,1735650,35.6060956,129.1179497,11.52627861,54.15129754,3.025247523
corridor_0,11869,11869,92,92,1146650,1735650,35.6060808,129.1190533,11.21251976,53.83753869,2.711488673
corridor_0,11870,11870,93,92,1146750,1735650,35.606066,129.120157,11.00988305,53.63490197,2.508851954
corridor_0,11871,11871,94,92,1146850,1735650,35.6060511,129.1212606,10.94608986,53.57110879,2.445058772
corridor_0,11872,11872,95,92,1146950,1735650,35.6060363,129.1223642,11.00753701,53.63255593,2.506505916
corridor_0,11873,11873,96,92,1147050,1735650,35.6060214,129.1234679,11.15664971,53.78166863,2.655618617
corridor_0,11874,11874,97,92,1147150,1735650,35.6060065,129.1245715,11.36333382,53.98835274,2.86230273
corridor_0,11875,11875,98,92,1147250,1735650,35.6059916,129.1256751,11.65387642,54.27889535,3.152845332
corridor_0,11876,11876,99,92,1147350,1735650,35.6059767,129.1267787,11.8272773,54.45229623,3.326246211
corridor_0,11877,11877,100,92,1147450,1735650,35.6059618,129.1278824,11.86024773,54.48526665,3.35921664
corridor_0,11878,11878,101,92,1147550,1735650,35.6059469,129.128986,11.68722451,54.31224343,3.186193416
corridor_0,11879,11879,102,92,1147650,1735650,35.605932,129.1300896,11.31053841,53.93555733,2.809507319
corridor_0,11880,11880,103,92,1147750,1735650,35.605917,129.1311932,10.75092995,53.37594888,2.24989886
corridor_0,11881,11881,104,92,1147850,1735650,35.6059021,129.1322969,10.01750863,52.64252755,1.516477534
corridor_0,11882,11882,105,92,1147950,1735650,35.6058871,129.1334005,9.276591419,51.90161034,0.775560328
corridor_0,11883,11883,106,92,1148050,1735650,35.6058722,129.1345041,8.480830311,51.10584924,-0.02020078
corridor_0,11884,11884,107,92,1148150,1735650,35.6058572,129.1356077,7.651576161,50.27659509,-0.84945493
corridor_0,11885,11885,108,92,1148250,1735650,35.6058422,129.1367113,6.732913136,49.35793206,-1.768117955
corridor_0,11886,11886,109,92,1148350,1735650,35.6058272,129.137815,6.069068073,48.694087,-2.431963017
corridor_0,11887,11887,110,92,1148450,1735650,35.6058122,129.1389186,5.501631855,48.12665078,-2.999399236
corridor_0,11888,11888,111,92,1148550,1735650,35.6057972,129.1400222,4.86604607,47.49106499,-3.634985021
corridor_0,11889,11889,112,92,1148650,1735650,35.6057821,129.1411258,4.230940937,46.85595986,-4.270090154
corridor_0,11890,11890,113,92,1148750,1735650,35.6057671,129.1422294,3.586230396,46.21124932,-4.914800694
corridor_0,11891,11891,114,92,1148850,1735650,35.6057521,129.143333,2.944049,45.56906792,-5.556982091
corridor_0,11892,11892,115,92,1148950,1735650,35.605737,129.1444366,2.193629383,44.81864831,-6.307401708
corridor_0,11893,11893,116,92,1149050,1735650,35.6057219,129.1455403,1.510031818,44.13505074,-6.990999272
corridor_0,11894,11894,117,92,1149150,1735650,35.6057068,129.1466439,0.557604908,43.18262383,-7.943426183
corridor_0,11895,11895,118,92,1149250,1735650,35.6056918,129.1477475,-0.382729412,42.24228951,-8.883760503
corridor_0,11896,11896,119,92,1149350,1735650,35.6056767,129.1488511,-1.676770092,40.94824883,-10.17780118
corridor_0,11897,11897,120,92,1149450,1735650,35.6056615,129.1499547,-5.564682842,37.06033608,-14.06571393
corridor_0,11912,11912,120,93,1149450,1735750,35.6065628,129.1499732,-6.26957214,36.35544678,-14.77060323
corridor_0,11913,11913,119,93,1149350,1735750,35.6065779,129.1488696,-1.710118175,40.91490075,-10.21114927
corridor_0,11914,11914,118,93,1149250,1735750,35.606593,129.147766,-0.418526531,42.20649239,-8.919557622
corridor_0,11915,11915,117,93,1149150,1735750,35.6066081,129.1466623,0.682803272,43.3078222,-7.818227818
corridor_0,11916,11916,116,93,1149050,1735750,35.6066232,129.1455587,1.515956043,44.14097497,-6.985075047
corridor_0,11917,11917,115,93,1148950,1735750,35.6066383,129.1444551,2.181178211,44.80619714,-6.31985288
corridor_0,11918,11918,114,93,1148850,1735750,35.6066533,129.1433515,2.938273548,45.56329247,-5.562757543
corridor_0,11919,11919,113,93,1148750,1735750,35.6066684,129.1422478,3.589572071,46.214591,-4.91145902
corridor_0,11920,11920,112,93,1148650,1735750,35.6066834,129.1411442,4.21830666,46.84332558,-4.282724431
corridor_0,11921,11921,111,93,1148550,1735750,35.6066985,129.1400406,4.858962177,47.4839811,-3.642068913
corridor_0,11922,11922,110,93,1148450,1735750,35.6067135,129.138937,5.502909779,48.1279287,-2.998121312
corridor_0,11923,11923,109,93,1148350,1735750,35.6067285,129.1378333,6.097170948,48.72218987,-2.403860143
corridor_0,11924,11924,108,93,1148250,1735750,35.6067435,129.1367297,6.786440968,49.41145989,-1.714590123
corridor_0,11925,11925,107,93,1148150,1735750,35.6067585,129.1356261,7.728835224,50.35385415,-0.772195867
corridor_0,11926,11926,106,93,1148050,1735750,35.6067735,129.1345224,8.534422993,51.15944192,0.033391902
corridor_0,11927,11927,105,93,1147950,1735750,35.6067884,129.1334188,9.265299915,51.89031884,0.764268825
corridor_0,11928,11928,104,93,1147850,1735750,35.6068034,129.1323152,9.999774098,52.62479302,1.498743007
corridor_0,11929,11929,103,93,1147750,1735750,35.6068183,129.1312115,10.72741234,53.35243127,2.226381251
corridor_0,11930,11930,102,93,1147650,1735750,35.6068333,129.1301079,11.30224144,53.92726037,2.801210353
corridor_0,11931,11931,101,93,1147550,1735750,35.6068482,129.1290043,11.66577446,54.29079339,3.164743373
corridor_0,11932,11932,100,93,1147450,1735750,35.6068631,129.1279006,11.87516701,54.50018594,3.374135921
corridor_0,11933,11933,99,93,1147350,1735750,35.606878,129.126797,11.88304818,54.5080671,3.382017085
corridor_0,11934,11934,98,93,1147250,1735750,35.6068929,129.1256934,11.71867669,54.34369561,3.217645595
corridor_0,11935,11935,97,93,1147150,1735750,35.6069078,129.1245897,11.47792733,54.10294625,2.976896235
corridor_0,11936,11936,96,93,1147050,1735750,35.6069227,129.1234861,11.21089089,53.83590981,2.709859797
corridor_0,11937,11937,95,93,1146950,1735750,35.6069376,129.1223824,11.06782448,53.69284341,2.566793391
corridor_0,11938,11938,94,93,1146850,1735750,35.6069524,129.1212788,11.00940621,53.63442513,2.508375117
corridor_0,11939,11939,93,93,1146750,1735750,35.6069673,129.1201751,11.14278328,53.76780221,2.641752192
corridor_0,11940,11940,92,93,1146650,1735750,35.6069821,129.1190715,11.37224495,53.99726388,2.871213862
corridor_0,11941,11941,91,93,1146550,1735750,35.6069969,129.1179679,11.6715461,54.29656503,3.17051501
corridor_0,11942,11942,90,93,1146450,1735750,35.6070117,129.1168642,11.99916375,54.62418267,3.498132655
corridor_0,11943,11943,89,93,1146350,1735750,35.6070265,129.1157606,12.37856591,55.00358483,3.877534816
corridor_0,11944,11944,88,93,1146250,1735750,35.6070413,129.1146569,13.01536477,55.64038369,4.514333674
corridor_0,11945,11945,87,93,1146150,1735750,35.6070561,129.1135533,13.80126488,56.42628381,5.30023379
corridor_0,11946,11946,86,93,1146050,1735750,35.6070709,129.1124496,14.05319893,56.67821786,5.552167842
corridor_0,11947,11947,85,93,1145950,1735750,35.6070857,129.111346,13.42200768,56.0470266,4.920976588
corridor_0,11948,11948,84,93,1145850,1735750,35.6071004,129.1102423,12.69255364,55.31757256,4.191522548
corridor_0,11949,11949,83,93,1145750,1735750,35.6071152,129.1091387,11.97579491,54.60081384,3.47476382
corridor_0,11950,11950,82,93,1145650,1735750,35.6071299,129.108035,11.25181115,53.87683007,2.750780055
corridor_0,11951,11951,81,93,1145550,1735750,35.6071446,129.1069314,10.46536553,53.09038445,1.964334437
corridor_0,11952,11952,80,93,1145450,1735750,35.6071594,129.1058277,9.594626545,52.21964547,1.093595454
corridor_0,11953,11953,79,93,1145350,1735750,35.6071741,129.1047241,9.021193623,51.64621255,0.520162532
corridor_0,11954,11954,78,93,1145250,1735750,35.6071888,129.1036204,9.811541676,52.4365606,1.310510585
corridor_0,11955,11955,77,93,1145150,1735750,35.6072034,129.1025168,9.672305225,52.29732415,1.171274135
corridor_0,11956,11956,76,93,1145050,1735750,35.6072181,129.1014131,9.587645649,52.21266457,1.086614558
corridor_0,11957,11957,75,93,1144950,1735750,35.6072328,129.1003094,9.553568958,52.17858788,1.052537868
corridor_0,11958,11958,74,93,1144850,1735750,35.6072474,129.0992058,9.556895374,52.1819143,1.055864284
corridor_0,11959,11959,73,93,1144750,1735750,35.6072621,129.0981021,9.583964466,52.20898339,1.082933375
corridor_0,11960,11960,72,93,1144650,1735750,35.6072767,129.0969985,9.670287251,52.29530618,1.16925616
corridor_0,11961,11961,71,93,1144550,1735750,35.6072914,129.0958948,9.776099323,52.40111825,1.275068233
corridor_0,11962,11962,70,93,1144450,1735750,35.607306,129.0947912,9.945799946,52.57081887,1.444768855
corridor_0,11963,11963,69,93,1144350,1735750,35.6073206,129.0936875,10.13900673,52.76402566,1.637975642
corridor_0,11964,11964,68,93,1144250,1735750,35.6073352,129.0925838,10.42251122,53.04753014,1.921480128
corridor_0,11965,11965,67,93,1144150,1735750,35.6073498,129.0914802,10.66407692,53.28909585,2.163045833
corridor_0,11966,11966,66,93,1144050,1735750,35.6073643,129.0903765,10.88447869,53.50949761,2.383447597
corridor_0,11967,11967,65,93,1143950,1735750,35.6073789,129.0892728,11.12259209,53.74761102,2.621561
corridor_0,11968,11968,64,93,1143850,1735750,35.6073934,129.0881692,11.33154976,53.95656869,2.830518672
corridor_0,11969,11969,63,93,1143750,1735750,35.607408,129.0870655,11.55020821,54.17522713,3.049177119
corridor_0,11970,11970,62,93,1143650,1735750,35.6074225,129.0859618,11.79530251,54.42032143,3.294271419
corridor_0,11971,11971,61,93,1143550,1735750,35.607437,129.0848582,12.03204262,54.65706155,3.531011531
corridor_0,11972,11972,60,93,1143450,1735750,35.6074516,129.0837545,12.3393203,54.96433923,3.83828921
corridor_0,11973,11973,59,93,1143350,1735750,35.6074661,129.0826508,12.7394973,55.36451623,4.238466212
corridor_0,11974,11974,58,93,1143250,1735750,35.6074806,129.0815472,13.07092583,55.69594476,4.56989474
corridor_0,11975,11975,57,93,1143150,1735750,35.607495,129.0804435,13.28024208,55.90526101,4.779210994
corridor_0,11976,11976,56,93,1143050,1735750,35.6075095,129.0793398,13.38129723,56.00631615,4.880266139
corridor_0,11977,11977,55,93,1142950,1735750,35.607524,129.0782361,13.61843789,56.24345681,5.117406795
corridor_0,11978,11978,54,93,1142850,1735750,35.6075384,129.0771325,13.80287087,56.42788979,5.301839778
corridor_0,11979,11979,53,93,1142750,1735750,35.6075529,129.0760288,13.8949691,56.51998803,5.393938014
corridor_0,11980,11980,52,93,1142650,1735750,35.6075673,129.0749251,13.91135323,56.53637215,5.410322139
corridor_0,11981,11981,51,93,1142550,1735750,35.6075817,129.0738214,13.88352501,56.50854394,5.382493922
corridor_0,11982,11982,50,93,1142450,1735750,35.6075961,129.0727178,13.84806359,56.47308251,5.347032496
corridor_0,11983,11983,49,93,1142350,1735750,35.6076106,129.0716141,13.8637687,56.48878762,5.362737605
corridor_0,11984,11984,48,93,1142250,1735750,35.6076249,129.0705104,13.91191399,56.53693291,5.410882899
corridor_0,11985,11985,47,93,1142150,1735750,35.6076393,129.0694067,13.88210976,56.50712868,5.38107867
corridor_0,11986,11986,46,93,1142050,1735750,35.6076537,129.0683031,13.48773491,56.11275384,4.986703822
corridor_0,11987,11987,45,93,1141950,1735750,35.6076681,129.0671994,13.39466774,56.01968667,4.893636653
corridor_0,11988,11988,44,93,1141850,1735750,35.6076824,129.0660957,13.2663337,55.89135262,4.765302608
corridor_0,11989,11989,43,93,1141750,1735750,35.6076968,129.064992,13.07228005,55.69729897,4.571248958
corridor_0,11990,11990,42,93,1141650,1735750,35.6077111,129.0638883,12.72339928,55.34841821,4.22236819
corridor_0,11991,11991,41,93,1141550,1735750,35.6077254,129.0627846,12.18565285,54.81067178,3.68462176
corridor_0,11992,11992,40,93,1141450,1735750,35.6077397,129.061681,11.66636956,54.29138848,3.165338466
corridor_0,11993,11993,39,93,1141350,1735750,35.607754,129.0605773,11.14467919,53.76969811,2.643648097
corridor_0,11994,11994,38,93,1141250,1735750,35.6077683,129.0594736,10.64563668,53.2706556,2.144605586
corridor_0,11995,11995,37,93,1141150,1735750,35.6077826,129.0583699,10.13614571,52.76116463,1.635114619
corridor_0,11996,11996,36,93,1141050,1735750,35.6077969,129.0572662,9.667002796,52.29202172,1.165971705
corridor_0,11997,11997,35,93,1140950,1735750,35.6078111,129.0561625,9.232676624,51.85769555,0.731645534
corridor_0,11998,11998,34,93,1140850,1735750,35.6078254,129.0550588,8.784823536,51.40984246,0.283792445
corridor_0,11999,11999,33,93,1140750,1735750,35.6078396,129.0539552,8.337771534,50.96279046,-0.163259557
corridor_0,12000,12000,32,93,1140650,1735750,35.6078539,129.0528515,7.897372364,50.52239129,-0.603658727
corridor_0,12001,12001,31,93,1140550,1735750,35.6078681,129.0517478,7.133895039,49.75891396,-1.367136052
corridor_0,12002,12002,30,93,1140450,1735750,35.6078823,129.0506441,6.582564472,49.2075834,-1.918466619
corridor_0,12003,12003,29,93,1140350,1735750,35.6078965,129.0495404,5.693488239,48.31850716,-2.807542851
corridor_0,12004,12004,28,93,1140250,1735750,35.6079107,129.0484367,4.889216541,47.51423547,-3.611814549
corridor_0,12005,12005,27,93,1140150,1735750,35.6079249,129.047333,4.217166065,46.84218499,-4.283865026
corridor_0,12006,12006,26,93,1140050,1735750,35.607939,129.0462293,3.409262775,46.0342817,-5.091768315
corridor_0,12007,12007,25,93,1139950,1735750,35.6079532,129.0451256,2.870326161,45.49534509,-5.63070493
corridor_0,12008,12008,24,93,1139850,1735750,35.6079673,129.0440219,2.109408497,44.73442742,-6.391622594
corridor_0,12009,12009,23,93,1139750,1735750,35.6079815,129.0429182,1.378852009,44.00387093,-7.122179082
corridor_0,12010,12010,22,93,1139650,1735750,35.6079956,129.0418145,0.486487507,43.11150643,-8.014543584
corridor_0,12011,12011,21,93,1139550,1735750,35.6080097,129.0407108,-0.191983105,42.43303582,-8.693014195
corridor_0,12012,12012,20,93,1139450,1735750,35.6080238,129.0396071,-1.134884716,41.49013421,-9.635915807
corridor_0,12013,12013,19,93,1139350,1735750,35.6080379,129.0385034,-2.231263042,40.39375588,-10.73229413
corridor_0,12014,12014,18,93,1139250,1735750,35.608052,129.0373997,-3.609139324,39.0158796,-12.11017041
corridor_0,12015,12015,17,93,1139150,1735750,35.6080661,129.036296,-4.923954845,37.70106408,-13.42498594
corridor_0,12016,12016,16,93,1139050,1735750,35.6080802,129.0351923,-7.488734127,35.1362848,-15.98976522
corridor_0,12017,12017,15,93,1138950,1735750,35.6080942,129.0340886,-10.71215713,31.91286179,-19.21318822
corridor_0,12047,12047,14,94,1138850,1735850,35.6090096,129.0330021,-13.7407254,28.88429353,-22.24175649
corridor_0,12048,12048,15,94,1138950,1735850,35.6089956,129.0341058,-7.583525539,35.04149339,-16.08455663
corridor_0,12049,12049,16,94,1139050,1735850,35.6089815,129.0352095,-5.597966076,37.02705285,-14.09899717
corridor_0,12050,12050,17,94,1139150,1735850,35.6089674,129.0363132,-3.673737408,38.95128152,-12.1747685
corridor_0,12051,12051,18,94,1139250,1735850,35.6089534,129.037417,-2.581097485,40.04392144,-11.08212858
corridor_0,12052,12052,19,94,1139350,1735850,35.6089393,129.0385207,-1.380471111,41.24454781,-9.881502202
corridor_0,12053,12053,20,94,1139450,1735850,35.6089252,129.0396244,-0.384682537,42.24033639,-8.885713628
corridor_0,12054,12054,21,94,1139550,1735850,35.6089111,129.0407281,0.480567097,43.10558602,-8.020463994
corridor_0,12055,12055,22,94,1139650,1735850,35.6088969,129.0418318,1.137408375,43.7624273,-7.363622716
corridor_0,12056,12056,23,94,1139750,1735850,35.6088828,129.0429355,1.965453266,44.59047219,-6.535577825
corridor_0,12057,12057,24,94,1139850,1735850,35.6088687,129.0440392,2.760085224,45.38510415,-5.740945867
corridor_0,12058,12058,25,94,1139950,1735850,35.6088545,129.0451429,3.574706196,46.19972512,-4.926324895
corridor_0,12059,12059,26,94,1140050,1735850,35.6088404,129.0462466,4.252875446,46.87789437,-4.248155644
corridor_0,12060,12060,27,94,1140150,1735850,35.6088262,129.0473504,4.871386646,47.49640557,-3.629644444
corridor_0,12061,12061,28,94,1140250,1735850,35.608812,129.0484541,5.613783955,48.23880288,-2.887247136
corridor_0,12062,12062,29,94,1140350,1735850,35.6087978,129.0495578,6.460497974,49.0855169,-2.040533116
corridor_0,12063,12063,30,94,1140450,1735850,35.6087836,129.0506615,7.063777088,49.68879601,-1.437254003
corridor_0,12064,12064,31,94,1140550,1735850,35.6087694,129.0517652,7.537371754,50.16239068,-0.963659337
corridor_0,12065,12065,32,94,1140650,1735850,35.6087552,129.0528689,8.034640431,50.65965936,-0.46639066
corridor_0,12066,12066,33,94,1140750,1735850,35.6087409,129.0539726,8.667239307,51.29225823,0.166208217
corridor_0,12067,12067,34,94,1140850,1735850,35.6087267,129.0550763,9.153235554,51.77825448,0.652204463
corridor_0,12068,12068,35,94,1140950,1735850,35.6087125,129.05618,9.611125111,52.23614404,1.11009402
corridor_0,12069,12069,36,94,1141050,1735850,35.6086982,129.0572837,10.07552636,52.70054528,1.574495265
corridor_0,12070,12070,37,94,1141150,1735850,35.6086839,129.0583874,10.55969536,53.18471429,2.058664271
corridor_0,12071,12071,38,94,1141250,1735850,35.6086696,129.0594911,11.02932274,53.65434167,2.528291652
corridor_0,12072,12072,39,94,1141350,1735850,35.6086553,129.0605948,11.52026284,54.14528176,3.019231746
corridor_0,12073,12073,40,94,1141450,1735850,35.608641,129.0616985,12.01991188,54.64493081,3.518880794
corridor_0,12074,12074,41,94,1141550,1735850,35.6086267,129.0628022,12.63240349,55.25742242,4.131372401
corridor_0,12075,12075,42,94,1141650,1735850,35.6086124,129.0639059,13.12525093,55.75026986,4.624219844
corridor_0,12076,12076,43,94,1141750,1735850,35.6085981,129.0650096,13.46506035,56.09007928,4.964029262
corridor_0,12077,12077,44,94,1141850,1735850,35.6085837,129.0661133,13.57432473,56.19934365,5.073293635
corridor_0,12078,12078,45,94,1141950,1735850,35.6085694,129.067217,13.5267936,56.15181252,5.025762507
corridor_0,12079,12079,46,94,1142050,1735850,35.608555,129.0683207,13.50990975,56.13492867,5.008878657
corridor_0,12080,12080,47,94,1142150,1735850,35.6085406,129.0694243,13.82355797,56.4485769,5.322526881
corridor_0,12081,12081,48,94,1142250,1735850,35.6085263,129.070528,13.85121071,56.47622964,5.350179622
corridor_0,12082,12082,49,94,1142350,1735850,35.6085119,129.0716317,13.82845986,56.45347878,5.327428767
corridor_0,12083,12083,50,94,1142450,1735850,35.6084975,129.0727354,13.82625496,56.45127389,5.325223872
corridor_0,12084,12084,51,94,1142550,1735850,35.608483,129.0738391,13.84965813,56.47467706,5.34862704
corridor_0,12085,12085,52,94,1142650,1735850,35.6084686,129.0749428,13.86158669,56.48660561,5.360555598
corridor_0,12086,12086,53,94,1142750,1735850,35.6084542,129.0760465,13.80168831,56.42670724,5.300657222
corridor_0,12087,12087,54,94,1142850,1735850,35.6084397,129.0771502,13.61863625,56.24365517,5.117605159
corridor_0,12088,12088,55,94,1142950,1735850,35.6084253,129.0782539,13.34611809,55.97113702,4.845087001
corridor_0,12089,12089,56,94,1143050,1735850,35.6084108,129.0793575,13.06567681,55.69069573,4.564645717
corridor_0,12090,12090,57,94,1143150,1735850,35.6083964,129.0804612,12.86961663,55.49463555,4.368585536
corridor_0,12091,12091,58,94,1143250,1735850,35.6083819,129.0815649,12.66934884,55.29436776,4.168317744
corridor_0,12092,12092,59,94,1143350,1735850,35.6083674,129.0826686,12.28942025,54.91443917,3.788389155
corridor_0,12093,12093,60,94,1143450,1735850,35.6083529,129.0837723,11.84873879,54.47375771,3.347707698
corridor_0,12094,12094,61,94,1143550,1735850,35.6083384,129.084876,11.57905877,54.20407769,3.078027675
corridor_0,12095,12095,62,94,1143650,1735850,35.6083238,129.0859796,11.34058297,53.96560189,2.839551875
corridor_0,12096,12096,63,94,1143750,1735850,35.6083093,129.0870833,11.0899688,53.71498772,2.588937709
corridor_0,12097,12097,64,94,1143850,1735850,35.6082948,129.088187,10.81958306,53.44460198,2.318551967
corridor_0,12098,12098,65,94,1143950,1735850,35.6082802,129.0892907,10.63973153,53.26475045,2.138700435
corridor_0,12099,12099,66,94,1144050,1735850,35.6082656,129.0903943,10.43071282,53.05573174,1.929681727
corridor_0,12100,12100,67,94,1144150,1735850,35.6082511,129.091498,10.21486199,52.83988091,1.713830897
corridor_0,12101,12101,68,94,1144250,1735850,35.6082365,129.0926017,9.9700042,52.59502312,1.468973109
corridor_0,12102,12102,69,94,1144350,1735850,35.6082219,129.0937054,9.73733437,52.36235329,1.236303279
corridor_0,12103,12103,70,94,1144450,1735850,35.6082073,129.094809,9.585784077,52.210803,1.084752986
corridor_0,12104,12104,71,94,1144550,1735850,35.6081927,129.0959127,9.440936207,52.06595513,0.939905116
corridor_0,12105,12105,72,94,1144650,1735850,35.608178,129.0970164,9.356555103,51.98157403,0.855524013
corridor_0,12106,12106,73,94,1144750,1735850,35.6081634,129.0981201,9.31419289,51.93921181,0.813161799
corridor_0,12107,12107,74,94,1144850,1735850,35.6081487,129.0992237,9.286986469,51.91200539,0.785955379
corridor_0,12108,12108,75,94,1144950,1735850,35.6081341,129.1003274,9.3007766,51.92579552,0.799745509
corridor_0,12109,12109,76,94,1145050,1735850,35.6081194,129.1014311,9.372374653,51.99739358,0.871343562
corridor_0,12110,12110,77,94,1145150,1735850,35.6081047,129.1025347,9.448241352,52.07326028,0.947210261
corridor_0,12111,12111,78,94,1145250,1735850,35.6080901,129.1036384,8.35621941,50.98123833,-0.144811681
corridor_0,12112,12112,79,94,1145350,1735850,35.6080754,129.1047421,8.794566273,51.4195852,0.293535182
corridor_0,12113,12113,80,94,1145450,1735850,35.6080607,129.1058457,9.348666309,51.97368523,0.847635219
corridor_0,12114,12114,81,94,1145550,1735850,35.6080459,129.1069494,10.10509026,52.73010918,1.604059169
corridor_0,12115,12115,82,94,1145650,1735850,35.6080312,129.1080531,10.77394783,53.39896676,2.272916743
corridor_0,12116,12116,83,94,1145750,1735850,35.6080165,129.1091567,11.39306939,54.01808831,2.892038295
corridor_0,12117,12117,84,94,1145850,1735850,35.6080017,129.1102604,12.06324303,54.68826196,3.56221194
corridor_0,12118,12118,85,94,1145950,1735850,35.607987,129.1113641,12.70253289,55.32755181,4.201501796
corridor_0,12119,12119,86,94,1146050,1735850,35.6079722,129.1124677,13.21664345,55.84166238,4.715612361
corridor_0,12120,12120,87,94,1146150,1735850,35.6079574,129.1135714,13.22860634,55.85362527,4.727575252
corridor_0,12121,12121,88,94,1146250,1735850,35.6079426,129.114675,12.99545205,55.62047097,4.494420955
corridor_0,12122,12122,89,94,1146350,1735850,35.6079278,129.1157787,12.41050637,55.03552529,3.909475276
corridor_0,12123,12123,90,94,1146450,1735850,35.607913,129.1168824,11.98917687,54.61419579,3.488145778
corridor_0,12124,12124,91,94,1146550,1735850,35.6078982,129.117986,11.75816643,54.38318536,3.257135341
corridor_0,12125,12125,92,94,1146650,1735850,35.6078834,129.1190897,11.35392296,53.97894189,2.852891871
corridor_0,12126,12126,93,94,1146750,1735850,35.6078685,129.1201933,11.16683876,53.79185769,2.665807673
corridor_0,12127,12127,94,94,1146850,1735850,35.6078537,129.121297,11.05297768,53.6779966,2.551946589
corridor_0,12128,12128,95,94,1146950,1735850,35.6078388,129.1224006,11.11738884,53.74240777,2.616357753
corridor_0,12129,12129,96,94,1147050,1735850,35.607824,129.1235043,11.28571618,53.9107351,2.784685084
corridor_0,12130,12130,97,94,1147150,1735850,35.6078091,129.1246079,11.54438698,54.16940591,3.043355891
corridor_0,12131,12131,98,94,1147250,1735850,35.6077942,129.1257116,11.7814666,54.40648553,3.280435512
corridor_0,12132,12132,99,94,1147350,1735850,35.6077793,129.1268152,11.92077553,54.54579446,3.419744441
corridor_0,12133,12133,100,94,1147450,1735850,35.6077644,129.1279189,11.91345513,54.53847405,3.412424037
corridor_0,12134,12134,101,94,1147550,1735850,35.6077495,129.1290225,11.6738807,54.29889962,3.172849605
corridor_0,12135,12135,102,94,1147650,1735850,35.6077346,129.1301262,11.25962365,53.88464257,2.758592555
corridor_0,12136,12136,103,94,1147750,1735850,35.6077196,129.1312298,10.67817223,53.30319115,2.177141139
corridor_0,12137,12137,104,94,1147850,1735850,35.6077047,129.1323335,10.02269661,52.64771554,1.521665523
corridor_0,12138,12138,105,94,1147950,1735850,35.6076897,129.1334371,9.28761208,51.912631,0.786580989
corridor_0,12139,12139,106,94,1148050,1735850,35.6076747,129.1345408,8.539950489,51.16496941,0.038919398
corridor_0,12140,12140,107,94,1148150,1735850,35.6076598,129.1356444,7.777369618,50.40238854,-0.723661473
corridor_0,12141,12141,108,94,1148250,1735850,35.6076448,129.1367481,6.846411823,49.47143075,-1.654619267
corridor_0,12142,12142,109,94,1148350,1735850,35.6076298,129.1378517,6.2123214,48.83734032,-2.288709691
corridor_0,12143,12143,110,94,1148450,1735850,35.6076148,129.1389553,5.577765583,48.20278451,-2.923265508
corridor_0,12144,12144,111,94,1148550,1735850,35.6075997,129.140059,4.850638508,47.47565743,-3.650392583
corridor_0,12145,12145,112,94,1148650,1735850,35.6075847,129.1411626,4.222499012,46.84751794,-4.278532079
corridor_0,12146,12146,113,94,1148750,1735850,35.6075697,129.1422663,3.599063038,46.22408196,-4.901968053
corridor_0,12147,12147,114,94,1148850,1735850,35.6075546,129.1433699,2.934485554,45.55950448,-5.566545537
corridor_0,12148,12148,115,94,1148950,1735850,35.6075396,129.1444735,2.161238789,44.78625771,-6.339792302
corridor_0,12149,12149,116,94,1149050,1735850,35.6075245,129.1455772,1.503039478,44.1280584,-6.997991612
corridor_0,12150,12150,117,94,1149150,1735850,35.6075094,129.1466808,0.657866596,43.28288552,-7.843164495
corridor_0,12151,12151,118,94,1149250,1735850,35.6074943,129.1477844,-0.266041637,42.35897729,-8.767072728
corridor_0,12152,12152,119,94,1149350,1735850,35.6074792,129.1488881,-1.76103294,40.86398598,-10.26206403
corridor_0,12153,12153,120,94,1149450,1735850,35.6074641,129.1499917,-8.050341488,34.57467744,-16.55137258
corridor_0,12169,12169,119,95,1149350,1735950,35.6083805,129.1489066,-2.050133587,40.57488534,-10.55116468
corridor_0,12170,12170,118,95,1149250,1735950,35.6083956,129.1478029,-0.312111736,42.31290719,-8.813142827
corridor_0,12171,12171,117,95,1149150,1735950,35.6084107,129.1466993,0.622668385,43.24768731,-7.878362706
corridor_0,12172,12172,116,95,1149050,1735950,35.6084258,129.1455956,1.464320301,44.08933923,-7.03671079
corridor_0,12173,12173,115,95,1148950,1735950,35.6084408,129.144492,2.13569939,44.76071832,-6.3653317
corridor_0,12174,12174,114,95,1148850,1735950,35.6084559,129.1433883,2.899157642,45.52417657,-5.601873448
corridor_0,12175,12175,113,95,1148750,1735950,35.6084709,129.1422847,3.578883289,46.20390221,-4.922147801
corridor_0,12176,12176,112,95,1148650,1735950,35.608486,129.141181,4.185588001,46.81060693,-4.315443089
corridor_0,12177,12177,111,95,1148550,1735950,35.608501,129.1400774,4.890719532,47.51573846,-3.610311559
corridor_0,12178,12178,110,95,1148450,1735950,35.608516,129.1389737,5.642397999,48.26741692,-2.858633092
corridor_0,12179,12179,109,95,1148350,1735950,35.6085311,129.1378701,6.230273365,48.85529229,-2.270757726
corridor_0,12180,12180,108,95,1148250,1735950,35.6085461,129.1367664,6.881068348,49.50608727,-1.619962743
corridor_0,12181,12181,107,95,1148150,1735950,35.608561,129.1356628,7.857203602,50.48222253,-0.643827489
corridor_0,12182,12182,106,95,1148050,1735950,35.608576,129.1345591,8.607180714,51.23219964,0.106149623
corridor_0,12183,12183,105,95,1147950,1735950,35.608591,129.1334554,9.326541065,51.95155999,0.825509974
corridor_0,12184,12184,104,95,1147850,1735950,35.608606,129.1323518,9.957282185,52.58230111,1.456251094
corridor_0,12185,12185,103,95,1147750,1735950,35.6086209,129.1312481,10.63275444,53.25777337,2.131723353
corridor_0,12186,12186,102,95,1147650,1735950,35.6086358,129.1301445,11.1961776,53.82119653,2.69514651
corridor_0,12187,12187,101,95,1147550,1735950,35.6086508,129.1290408,11.6712867,54.29630563,3.17025561
corridor_0,12188,12188,100,95,1147450,1735950,35.6086657,129.1279372,11.91358864,54.53860757,3.412557551
corridor_0,12189,12189,99,95,1147350,1735950,35.6086806,129.1268335,11.96511757,54.5901365,3.464086482
corridor_0,12190,12190,98,95,1147250,1735950,35.6086955,129.1257298,11.81534874,54.44036767,3.314317653
corridor_0,12191,12191,97,95,1147150,1735950,35.6087104,129.1246262,11.59922326,54.22424218,3.098192164
corridor_0,12192,12192,96,95,1147050,1735950,35.6087253,129.1235225,11.3686744,53.99369332,2.867643306
corridor_0,12193,12193,95,95,1146950,1735950,35.6087401,129.1224188,11.19715416,53.82217309,2.696123073
corridor_0,12194,12194,94,95,1146850,1735950,35.608755,129.1213152,11.13111794,53.75613686,2.630086848
corridor_0,12195,12195,93,95,1146750,1735950,35.6087698,129.1202115,11.15139687,53.77641579,2.650365779
corridor_0,12196,12196,92,95,1146650,1735950,35.6087847,129.1191078,11.33246148,53.9574804,2.831430385
corridor_0,12197,12197,91,95,1146550,1735950,35.6087995,129.1180042,11.64215386,54.26717278,3.141122767
corridor_0,12198,12198,90,95,1146450,1735950,35.6088143,129.1169005,11.98536217,54.6103811,3.48433108
corridor_0,12199,12199,89,95,1146350,1735950,35.6088291,129.1157968,12.49222481,55.11724374,3.991193721
corridor_0,12200,12200,88,95,1146250,1735950,35.6088439,129.1146932,12.77514946,55.40016839,4.274118373
corridor_0,12201,12201,87,95,1146150,1735950,35.6088587,129.1135895,12.88741982,55.51243874,4.386388728
corridor_0,12202,12202,86,95,1146050,1735950,35.6088735,129.1124858,12.67936242,55.30438134,4.178331325
corridor_0,12203,12203,85,95,1145950,1735950,35.6088883,129.1113821,12.17617333,54.80119225,3.675142238
corridor_0,12204,12204,84,95,1145850,1735950,35.608903,129.1102785,11.61171257,54.2367315,3.110681483
corridor_0,12205,12205,83,95,1145750,1735950,35.6089178,129.1091748,10.98441231,53.60943124,2.483381221
corridor_0,12206,12206,82,95,1145650,1735950,35.6089325,129.1080711,10.3827163,53.00773522,1.881685206
corridor_0,12207,12207,81,95,1145550,1735950,35.6089472,129.1069674,9.720065235,52.34508416,1.219034144
corridor_0,12208,12208,80,95,1145450,1735950,35.608962,129.1058638,9.023036121,51.64805505,0.522005031
corridor_0,12209,12209,79,95,1145350,1735950,35.6089767,129.1047601,8.416468739,51.04148766,-0.084562352
corridor_0,12210,12210,78,95,1145250,1735950,35.6089914,129.1036564,8.02947533,50.65449425,-0.47155576
corridor_0,12211,12211,77,95,1145150,1735950,35.609006,129.1025527,7.693553089,50.31857201,-0.807478002
corridor_0,12212,12212,76,95,1145050,1735950,35.6090207,129.101449,9.081694721,51.70671365,0.58066363
corridor_0,12213,12213,75,95,1144950,1735950,35.6090354,129.1003454,9.022391438,51.64741036,0.521360347
corridor_0,12214,12214,74,95,1144850,1735950,35.60905,129.0992417,9.00592339,51.63094231,0.504892299
corridor_0,12215,12215,73,95,1144750,1735950,35.6090647,129.098138,9.011729359,51.63674828,0.510698268
corridor_0,12216,12216,72,95,1144650,1735950,35.6090793,129.0970343,9.076941608,51.70196053,0.575910518
corridor_0,12217,12217,71,95,1144550,1735950,35.609094,129.0959306,9.126288532,51.75130746,0.625257442
corridor_0,12218,12218,70,95,1144450,1735950,35.6091086,129.0948269,9.241667866,51.86668679,0.740636775
corridor_0,12219,12219,69,95,1144350,1735950,35.6091232,129.0937232,9.371451496,51.99647042,0.870420405
corridor_0,12220,12220,68,95,1144250,1735950,35.6091378,129.0926196,9.525736927,52.15075585,1.024705836
corridor_0,12221,12221,67,95,1144150,1735950,35.6091524,129.0915159,9.768244862,52.39326379,1.267213771
corridor_0,12222,12222,66,95,1144050,1735950,35.6091669,129.0904122,9.992545246,52.61756417,1.491514155
corridor_0,12223,12223,65,95,1143950,1735950,35.6091815,129.0893085,10.19336617,52.81838509,1.692335078
corridor_0,12224,12224,64,95,1143850,1735950,35.6091961,129.0882048,10.37213814,52.99715707,1.871107051
corridor_0,12225,12225,63,95,1143750,1735950,35.6092106,129.0871011,10.63564598,53.26066491,2.134614894
corridor_0,12226,12226,62,95,1143650,1735950,35.6092251,129.0859974,10.89614403,53.52116296,2.395112941
corridor_0,12227,12227,61,95,1143550,1735950,35.6092397,129.0848937,11.08443749,53.70945641,2.583406398
corridor_0,12228,12228,60,95,1143450,1735950,35.6092542,129.08379,11.40912163,54.03414056,2.908090541
corridor_0,12229,12229,59,95,1143350,1735950,35.6092687,129.0826863,11.90108406,54.52610299,3.400052974
corridor_0,12230,12230,58,95,1143250,1735950,35.6092832,129.0815826,12.25297081,54.87798974,3.751939723
corridor_0,12231,12231,57,95,1143150,1735950,35.6092977,129.080479,12.47531426,55.10033318,3.974283168
corridor_0,12232,12232,56,95,1143050,1735950,35.6093121,129.0793753,12.75001442,55.37503335,4.248983333
corridor_0,12233,12233,55,95,1142950,1735950,35.6093266,129.0782716,13.00356972,55.62858865,4.50253863
corridor_0,12234,12234,54,95,1142850,1735950,35.6093411,129.0771679,13.3327285,55.95774743,4.831697413
corridor_0,12235,12235,53,95,1142750,1735950,35.6093555,129.0760642,13.59889138,56.2239103,5.097860286
corridor_0,12236,12236,52,95,1142650,1735950,35.6093699,129.0749605,13.73557961,56.36059853,5.234548518
corridor_0,12237,12237,51,95,1142550,1735950,35.6093844,129.0738568,13.79757988,56.42259881,5.296548793
corridor_0,12238,12238,50,95,1142450,1735950,35.6093988,129.0727531,13.78544533,56.41046426,5.284414241
corridor_0,12239,12239,49,95,1142350,1735950,35.6094132,129.0716494,13.76941597,56.3944349,5.268384883
corridor_0,12240,12240,48,95,1142250,1735950,35.6094276,129.0705457,13.7884742,56.41349313,5.28744311
corridor_0,12241,12241,47,95,1142150,1735950,35.609442,129.069442,13.46453774,56.08955666,4.963506648
corridor_0,12242,12242,46,95,1142050,1735950,35.6094563,129.0683382,13.53660118,56.16162011,5.035570094
corridor_0,12243,12243,45,95,1141950,1735950,35.6094707,129.0672345,13.6332885,56.25830743,5.132257411
corridor_0,12244,12244,44,95,1141850,1735950,35.609485,129.0661308,13.65652001,56.28153893,5.155488917
corridor_0,12245,12245,43,95,1141750,1735950,35.6094994,129.0650271,13.71051705,56.33553597,5.209485957
corridor_0,12246,12246,42,95,1141650,1735950,35.6095137,129.0639234,13.55592644,56.18094537,5.05489535
corridor_0,12247,12247,41,95,1141550,1735950,35.609528,129.0628197,12.97827828,55.6032972,4.477247188
corridor_0,12248,12248,40,95,1141450,1735950,35.6095424,129.061716,12.40860283,55.03362176,3.907571742
corridor_0,12249,12249,39,95,1141350,1735950,35.6095567,129.0606123,11.90631401,54.53133294,3.405282924
corridor_0,12250,12250,38,95,1141250,1735950,35.609571,129.0595086,11.43602288,54.0610418,2.934991786
corridor_0,12251,12251,37,95,1141150,1735950,35.6095852,129.0584049,10.94524681,53.57026574,2.444215724
corridor_0,12252,12252,36,95,1141050,1735950,35.6095995,129.0573012,10.46757042,53.09258935,1.966539332
corridor_0,12253,12253,35,95,1140950,1735950,35.6096138,129.0561974,10.00973809,52.63475701,1.508706996
corridor_0,12254,12254,34,95,1140850,1735950,35.609628,129.0550937,9.485961079,52.11098,0.984929988
corridor_0,12255,12255,33,95,1140750,1735950,35.6096423,129.05399,8.875476002,51.50049493,0.374444911
corridor_0,12256,12256,32,95,1140650,1735950,35.6096565,129.0528863,8.395083546,51.02010247,-0.105947545
corridor_0,12257,12257,31,95,1140550,1735950,35.6096707,129.0517826,7.931376576,50.5563955,-0.569654515
corridor_0,12258,12258,30,95,1140450,1735950,35.6096849,129.0506789,7.494177937,50.11919686,-1.006853154
corridor_0,12259,12259,29,95,1140350,1735950,35.6096991,129.0495752,6.967303394,49.59232232,-1.533727696
corridor_0,12260,12260,28,95,1140250,1735950,35.6097133,129.0484714,6.337115406,48.96213433,-2.163915685
corridor_0,12261,12261,27,95,1140150,1735950,35.6097275,129.0473677,5.521842121,48.14686105,-2.97918897
corridor_0,12262,12262,26,95,1140050,1735950,35.6097417,129.046264,4.73865044,47.36366936,-3.762380651
corridor_0,12263,12263,25,95,1139950,1735950,35.6097558,129.0451603,4.153258442,46.77827737,-4.347772649
corridor_0,12264,12264,24,95,1139850,1735950,35.60977,129.0440566,3.441123127,46.06614205,-5.059907964
corridor_0,12265,12265,23,95,1139750,1735950,35.6097841,129.0429528,2.646006702,45.27102563,-5.855024388
corridor_0,12266,12266,22,95,1139650,1735950,35.6097983,129.0418491,1.845065235,44.47008416,-6.655965856
corridor_0,12267,12267,21,95,1139550,1735950,35.6098124,129.0407454,1.100432514,43.72545144,-7.400598577
corridor_0,12268,12268,20,95,1139450,1735950,35.6098265,129.0396417,0.276175617,42.90119454,-8.224855474
corridor_0,12269,12269,19,95,1139350,1735950,35.6098406,129.0385379,-0.643750072,41.98126885,-9.144781163
corridor_0,12270,12270,18,95,1139250,1735950,35.6098547,129.0374342,-1.71345985,40.91155907,-10.21449094
corridor_0,12271,12271,17,95,1139150,1735950,35.6098688,129.0363305,-2.680592419,39.94442651,-11.18162351
corridor_0,12272,12272,16,95,1139050,1735950,35.6098828,129.0352268,-4.225048901,38.39997002,-12.72607999
corridor_0,12273,12273,15,95,1138950,1735950,35.6098969,129.034123,-5.71308601,36.91193291,-14.2141171
corridor_0,12274,12274,14,95,1138850,1735950,35.609911,129.0330193,-8.898304821,33.7267141,-17.39933591
corridor_0,12275,12275,13,95,1138750,1735950,35.609925,129.0319156,-13.88106811,28.74395081,-22.3820992
corridor_0,12302,12302,13,96,1138750,1736050,35.6108263,129.0319328,-10.77783287,31.84718606,-19.27886396
corridor_0,12303,12303,14,96,1138850,1736050,35.6108123,129.0330365,-6.600605846,36.02441308,-15.10163694
corridor_0,12304,12304,15,96,1138950,1736050,35.6107982,129.0341402,-4.883175732,37.74184319,-13.38420682
corridor_0,12305,12305,16,96,1139050,1736050,35.6107842,129.035244,-3.149468304,39.47555062,-11.65049939
corridor_0,12306,12306,17,96,1139150,1736050,35.6107701,129.0363477,-2.101586224,40.5234327,-10.60261731
corridor_0,12307,12307,18,96,1139250,1736050,35.610756,129.0374515,-0.948506237,41.67651269,-9.449537328
corridor_0,12308,12308,19,96,1139350,1736050,35.6107419,129.0385552,-0.134926678,42.49009225,-8.635957768
corridor_0,12309,12309,20,96,1139450,1736050,35.6107278,129.0396589,0.750254749,43.37527367,-7.750776341
corridor_0,12310,12310,21,96,1139550,1736050,35.6107137,129.0407627,1.556536793,44.18155572,-6.944494298
corridor_0,12311,12311,22,96,1139650,1736050,35.6106996,129.0418664,2.408660053,45.03367898,-6.092371037
corridor_0,12312,12312,23,96,1139750,1736050,35.6106855,129.0429701,3.277445911,45.90246484,-5.223585179
corridor_0,12313,12313,24,96,1139850,1736050,35.6106713,129.0440739,3.955630421,46.58064935,-4.54540067
corridor_0,12314,12314,25,96,1139950,1736050,35.6106572,129.0451776,4.638423084,47.26344201,-3.862608006
corridor_0,12315,12315,26,96,1140050,1736050,35.610643,129.0462813,5.348158955,47.97317788,-3.152872136
corridor_0,12316,12316,27,96,1140150,1736050,35.6106288,129.0473851,6.071967243,48.69698617,-2.429063848
corridor_0,12317,12317,28,96,1140250,1736050,35.6106147,129.0484888,6.76649773,49.39151665,-1.73453336
corridor_0,12318,12318,29,96,1140350,1736050,35.6106005,129.0495925,7.362460255,49.98747918,-1.138570836
corridor_0,12319,12319,30,96,1140450,1736050,35.6105863,129.0506963,7.920394062,50.54541299,-0.580637029
corridor_0,12320,12320,31,96,1140550,1736050,35.610572,129.0518,8.352984547,50.97800347,-0.148046544
corridor_0,12321,12321,32,96,1140650,1736050,35.6105578,129.0529037,8.795207142,51.42022607,0.294176051
corridor_0,12322,12322,33,96,1140750,1736050,35.6105436,129.0540075,9.271086811,51.89610574,0.77005572
corridor_0,12323,12323,34,96,1140850,1736050,35.6105293,129.0551112,9.825396656,52.45041558,1.324365565
corridor_0,12324,12324,35,96,1140950,1736050,35.6105151,129.0562149,10.39858544,53.02360436,1.897554347
corridor_0,12325,12325,36,96,1141050,1736050,35.6105008,129.0573186,10.8410331,53.46605202,2.340002009
corridor_0,12326,12326,37,96,1141150,1736050,35.6104866,129.0584224,11.3571769,53.98219582,2.856145808
corridor_0,12327,12327,38,96,1141250,1736050,35.6104723,129.0595261,11.86558068,54.4905996,3.364549586
corridor_0,12328,12328,39,96,1141350,1736050,35.610458,129.0606298,12.36014855,54.98516747,3.859117457
corridor_0,12329,12329,40,96,1141450,1736050,35.6104437,129.0617335,12.774665,55.39968392,4.273633906
corridor_0,12330,12330,41,96,1141550,1736050,35.6104294,129.0628372,13.2180587,55.84307763,4.717027614
corridor_0,12331,12331,42,96,1141650,1736050,35.610415,129.063941,13.71598351,56.34100243,5.214952418
corridor_0,12332,12332,43,96,1141750,1736050,35.6104007,129.0650447,13.82739174,56.45241067,5.326360652
corridor_0,12333,12333,44,96,1141850,1736050,35.6103864,129.0661484,13.70213234,56.32715127,5.201101253
corridor_0,12334,12334,45,96,1141950,1736050,35.610372,129.0672521,13.65033638,56.27535531,5.149305293
corridor_0,12335,12335,46,96,1142050,1736050,35.6103576,129.0683558,13.51307976,56.13809869,5.012048671
corridor_0,12336,12336,47,96,1142150,1736050,35.6103433,129.0694596,13.46804345,56.09306237,4.967012355
corridor_0,12337,12337,48,96,1142250,1736050,35.6103289,129.0705633,13.40361702,56.02863595,4.902585933
corridor_0,12338,12338,49,96,1142350,1736050,35.6103145,129.071667,13.73313439,56.35815331,5.232103297
corridor_0,12339,12339,50,96,1142450,1736050,35.6103001,129.0727707,13.75103676,56.37605569,5.250005671
corridor_0,12340,12340,51,96,1142550,1736050,35.6102857,129.0738744,13.68783867,56.3128576,5.186807582
corridor_0,12341,12341,52,96,1142650,1736050,35.6102712,129.0749781,13.5883857,56.21340462,5.087354609
corridor_0,12342,12342,53,96,1142750,1736050,35.6102568,129.0760818,13.31499016,55.94000909,4.813959071
corridor_0,12343,12343,54,96,1142850,1736050,35.6102424,129.0771856,13.02820122,55.65322015,4.527170131
corridor_0,12344,12344,55,96,1142950,1736050,35.6102279,129.0782893,12.68712151,55.31214043,4.186090419
corridor_0,12345,12345,56,96,1143050,1736050,35.6102134,129.079393,12.39630043,55.02131936,3.895269343
corridor_0,12346,12346,57,96,1143150,1736050,35.610199,129.0804967,12.15896904,54.78398797,3.657937953
corridor_0,12347,12347,58,96,1143250,1736050,35.6101845,129.0816004,11.82520974,54.45022866,3.324178645
corridor_0,12348,12348,59,96,1143350,1736050,35.61017,129.0827041,11.42775261,54.05277154,2.926721522
corridor_0,12349,12349,60,96,1143450,1736050,35.6101555,129.0838078,10.98771202,53.61273095,2.486680934
corridor_0,12350,12350,61,96,1143550,1736050,35.610141,129.0849115,10.64358818,53.26860711,2.142557094
corridor_0,12351,12351,62,96,1143650,1736050,35.6101264,129.0860152,10.39692604,53.02194497,1.895894954
corridor_0,12352,12352,63,96,1143750,1736050,35.6101119,129.0871189,10.17328942,52.79830834,1.672258327
corridor_0,12353,12353,64,96,1143850,1736050,35.6100974,129.0882226,9.921046375,52.5460653,1.420015285
corridor_0,12354,12354,65,96,1143950,1736050,35.6100828,129.0893263,9.642436146,52.26745507,1.141405055
corridor_0,12355,12355,66,96,1144050,1736050,35.6100682,129.09043,9.551581501,52.17660043,1.05055041
corridor_0,12356,12356,67,96,1144150,1736050,35.6100537,129.0915337,9.328906178,51.9539251,0.827875087
corridor_0,12357,12357,68,96,1144250,1736050,35.6100391,129.0926374,9.107527851,51.73254678,0.60649676
corridor_0,12358,12358,69,96,1144350,1736050,35.6100245,129.0937411,9.024973988,51.64999291,0.523942897
corridor_0,12359,12359,70,96,1144450,1736050,35.6100099,129.0948448,8.916693806,51.54171273,0.415662715
corridor_0,12360,12360,71,96,1144550,1736050,35.6099953,129.0959485,8.839678883,51.46469781,0.338647792
corridor_0,12361,12361,72,96,1144650,1736050,35.6099806,129.0970522,8.800662159,51.42568108,0.299631068
corridor_0,12362,12362,73,96,1144750,1736050,35.609966,129.0981559,8.749186634,51.37420556,0.248155543
corridor_0,12363,12363,74,96,1144850,1736050,35.6099513,129.0992596,8.735602497,51.36062142,0.234571406
corridor_0,12364,12364,75,96,1144950,1736050,35.6099367,129.1003633,8.765410542,51.39042947,0.264379451
corridor_0,12365,12365,76,96,1145050,1736050,35.609922,129.101467,7.314150929,49.93916985,-1.186880162
corridor_0,12366,12366,77,96,1145150,1736050,35.6099073,129.1025707,7.327857136,49.95287606,-1.173173955
corridor_0,12367,12367,78,96,1145250,1736050,35.6098927,129.1036744,7.672972797,50.29799172,-0.828058293
corridor_0,12368,12368,79,96,1145350,1736050,35.609878,129.1047781,8.07868111,50.70370003,-0.42234998
corridor_0,12369,12369,80,96,1145450,1736050,35.6098633,129.1058818,8.712184071,51.337203,0.21115298
corridor_0,12370,12370,81,96,1145550,1736050,35.6098485,129.1069855,9.412989735,52.03800866,0.911958644
corridor_0,12371,12371,82,96,1145650,1736050,35.6098338,129.1080891,10.054721,52.67973992,1.553689906
corridor_0,12372,12372,83,96,1145750,1736050,35.6098191,129.1091928,10.638816,53.26383492,2.137784907
corridor_0,12373,12373,84,96,1145850,1736050,35.6098043,129.1102965,11.23486626,53.85988519,2.73383517
corridor_0,12374,12374,85,96,1145950,1736050,35.6097896,129.1114002,11.80218422,54.42720315,3.301153132
corridor_0,12375,12375,86,96,1146050,1736050,35.6097748,129.1125039,12.21832192,54.84334084,3.717290828
corridor_0,12376,12376,87,96,1146150,1736050,35.60976,129.1136076,12.52926171,55.15428063,4.028230617
corridor_0,12377,12377,88,96,1146250,1736050,35.6097452,129.1147113,12.56724083,55.19225976,4.066209743
corridor_0,12378,12378,89,96,1146350,1736050,35.6097304,129.1158149,12.30186379,54.92688271,3.800832698
corridor_0,12379,12379,90,96,1146450,1736050,35.6097156,129.1169186,11.92623055,54.55124947,3.425199458
corridor_0,12380,12380,91,96,1146550,1736050,35.6097008,129.1180223,11.62647545,54.25149438,3.125444362
corridor_0,12381,12381,92,96,1146650,1736050,35.609686,129.119126,11.3935653,54.01858422,2.892534205
corridor_0,12382,12382,93,96,1146750,1736050,35.6096711,129.1202297,11.25245201,53.87747094,2.751420924
corridor_0,12383,12383,94,96,1146850,1736050,35.6096563,129.1213334,11.19859612,53.82361504,2.697565028
corridor_0,12384,12384,95,96,1146950,1736050,35.6096414,129.122437,11.27000725,53.89502618,2.768976161
corridor_0,12385,12385,96,96,1147050,1736050,35.6096266,129.1235407,11.43180382,54.05682275,2.930772731
corridor_0,12386,12386,97,96,1147150,1736050,35.6096117,129.1246444,11.66653359,54.29155251,3.165502498
corridor_0,12387,12387,98,96,1147250,1736050,35.6095968,129.1257481,11.87821114,54.50323006,3.377180049
corridor_0,12388,12388,99,96,1147350,1736050,35.6095819,129.1268517,11.98569405,54.61071297,3.484662959
corridor_0,12389,12389,100,96,1147450,1736050,35.609567,129.1279554,11.90027535,54.52529427,3.399244258
corridor_0,12390,12390,101,96,1147550,1736050,35.6095521,129.1290591,11.61675942,54.24177834,3.115728328
corridor_0,12391,12391,102,96,1147650,1736050,35.6095371,129.1301628,11.14737236,53.77239129,2.646341273
corridor_0,12392,12392,103,96,1147750,1736050,35.6095222,129.1312664,10.5590316,53.18405053,2.058000514
corridor_0,12393,12393,104,96,1147850,1736050,35.6095072,129.1323701,9.929289936,52.55430886,1.428258845
corridor_0,12394,12394,105,96,1147950,1736050,35.6094923,129.1334738,9.288882374,51.9139013,0.787851283
corridor_0,12395,12395,106,96,1148050,1736050,35.6094773,129.1345774,8.687609791,51.31262872,0.1865787
corridor_0,12396,12396,107,96,1148150,1736050,35.6094623,129.1356811,7.928279041,50.55329797,-0.572752049
corridor_0,12397,12397,108,96,1148250,1736050,35.6094473,129.1367848,6.939871906,49.56489083,-1.561159184
corridor_0,12398,12398,109,96,1148350,1736050,35.6094323,129.1378884,6.316714405,48.94173333,-2.184316686
corridor_0,12399,12399,110,96,1148450,1736050,35.6094173,129.1389921,5.619353413,48.24437234,-2.881677678
corridor_0,12400,12400,111,96,1148550,1736050,35.6094023,129.1400958,4.883593678,47.5086126,-3.617437413
corridor_0,12401,12401,112,96,1148650,1736050,35.6093873,129.1411994,4.218730091,46.84374902,-4.282301
corridor_0,12402,12402,113,96,1148750,1736050,35.6093722,129.1423031,3.509192585,46.13421151,-4.991838506
corridor_0,12403,12403,114,96,1148850,1736050,35.6093572,129.1434068,2.956847309,45.58186623,-5.544183782
corridor_0,12404,12404,115,96,1148950,1736050,35.6093421,129.1445104,2.221266865,44.84628579,-6.279764226
corridor_0,12405,12405,116,96,1149050,1736050,35.609327,129.1456141,1.550059437,44.17507836,-6.950971654
corridor_0,12406,12406,117,96,1149150,1736050,35.609312,129.1467178,0.724204182,43.34922311,-7.776826909
corridor_0,12407,12407,118,96,1149250,1736050,35.6092969,129.1478214,-0.343682171,42.28133675,-8.844713262
corridor_0,12408,12408,119,96,1149350,1736050,35.6092818,129.1489251,-2.373791576,40.25122735,-10.87482267
corridor_0,12425,12425,119,97,1149350,1736150,35.6101831,129.1489436,-2.71308601,39.91193291,-11.2141171
corridor_0,12426,12426,118,97,1149250,1736150,35.6101982,129.1478399,-0.56023872,42.0647802,-9.061269811
corridor_0,12427,12427,117,97,1149150,1736150,35.6102132,129.1467362,0.542365192,43.16738412,-7.958665898
corridor_0,12428,12428,116,97,1149050,1736150,35.6102283,129.1456326,1.515353321,44.14037225,-6.98567777
corridor_0,12429,12429,115,97,1148950,1736150,35.6102434,129.1445289,2.290221333,44.91524026,-6.210809758
corridor_0,12430,12430,114,97,1148850,1736150,35.6102585,129.1434252,2.926184773,45.5512037,-5.574846318
corridor_0,12431,12431,113,97,1148750,1736150,35.6102735,129.1423215,3.627322315,46.25234124,-4.873708776
corridor_0,12432,12432,112,97,1148650,1736150,35.6102886,129.1412179,4.197901844,46.82292077,-4.303129247
corridor_0,12433,12433,111,97,1148550,1736150,35.6103036,129.1401142,4.91575539,47.54077431,-3.585275701
corridor_0,12434,12434,110,97,1148450,1736150,35.6103186,129.1390105,5.604491352,48.22951028,-2.896539739
corridor_0,12435,12435,109,97,1148350,1736150,35.6103336,129.1379068,6.273253559,48.89827248,-2.227777532
corridor_0,12436,12436,108,97,1148250,1736150,35.6103486,129.1368031,6.960742115,49.58576104,-1.540288976
corridor_0,12437,12437,107,97,1148150,1736150,35.6103636,129.1356995,7.961142658,50.58616158,-0.539888433
corridor_0,12438,12438,106,97,1148050,1736150,35.6103786,129.1345958,8.620242237,51.24526116,0.119211146
corridor_0,12439,12439,105,97,1147950,1736150,35.6103936,129.1334921,9.262297749,51.88731667,0.761266658
corridor_0,12440,12440,104,97,1147850,1736150,35.6104085,129.1323884,9.881129383,52.50614831,1.380098292
corridor_0,12441,12441,103,97,1147750,1736150,35.6104235,129.1312847,10.52787697,53.1528959,2.026845881
corridor_0,12442,12442,102,97,1147650,1736150,35.6104384,129.130181,11.11135781,53.73637673,2.610326716
corridor_0,12443,12443,101,97,1147550,1736150,35.6104533,129.1290774,11.60604012,54.23105904,3.105009028
corridor_0,12444,12444,100,97,1147450,1736150,35.6104683,129.1279737,11.89415276,54.51917168,3.393121669
corridor_0,12445,12445,99,97,1147350,1736150,35.6104832,129.12687,12.01569283,54.64071175,3.514661738
corridor_0,12446,12446,98,97,1147250,1736150,35.6104981,129.1257663,11.93073189,54.55575082,3.429700801
corridor_0,12447,12447,97,97,1147150,1736150,35.610513,129.1246626,11.71397698,54.3389959,3.212945888
corridor_0,12448,12448,96,97,1147050,1736150,35.6105278,129.1235589,11.50239098,54.1274099,3.001359889
corridor_0,12449,12449,95,97,1146950,1736150,35.6105427,129.1224552,11.3508445,53.97586343,2.849813411
corridor_0,12450,12450,94,97,1146850,1736150,35.6105576,129.1213515,11.27377999,53.89879891,2.772748897
corridor_0,12451,12451,93,97,1146750,1736150,35.6105724,129.1202479,11.31367791,53.93869683,2.812646815
corridor_0,12452,12452,92,97,1146650,1736150,35.6105873,129.1191442,11.50183403,54.12685296,3.000802943
corridor_0,12453,12453,91,97,1146550,1736150,35.6106021,129.1180405,11.75877297,54.38379189,3.257741878
corridor_0,12454,12454,90,97,1146450,1736150,35.6106169,129.1169368,12.01140892,54.63642785,3.510377833
corridor_0,12455,12455,89,97,1146350,1736150,35.6106317,129.1158331,12.29659188,54.9216108,3.795560786
corridor_0,12456,12456,88,97,1146250,1736150,35.6106465,129.1147294,12.34573662,54.97075555,3.844705531
corridor_0,12457,12457,87,97,1146150,1736150,35.6106613,129.1136257,12.26845848,54.89347741,3.767427394
corridor_0,12458,12458,86,97,1146050,1736150,35.6106761,129.112522,12.02680504,54.65182397,3.525773952
corridor_0,12459,12459,85,97,1145950,1736150,35.6106909,129.1114183,11.5170089,54.14202782,3.015977809
corridor_0,12460,12460,84,97,1145850,1736150,35.6107056,129.1103146,10.97128212,53.59630105,2.470251033
corridor_0,12461,12461,83,97,1145750,1736150,35.6107204,129.1092109,10.40369332,53.02871224,1.902662227
corridor_0,12462,12462,82,97,1145650,1736150,35.6107351,129.1081072,9.803332447,52.42835137,1.302301356
corridor_0,12463,12463,81,97,1145550,1736150,35.6107498,129.1070035,9.197459339,51.82247826,0.696428248
corridor_0,12464,12464,80,97,1145450,1736150,35.6107646,129.1058998,8.54214394,51.16716286,0.041112849
corridor_0,12465,12465,79,97,1145350,1736150,35.6107793,129.1047961,7.827498554,50.45251748,-0.673532537
corridor_0,12466,12466,78,97,1145250,1736150,35.610794,129.1036924,7.392024159,50.01704308,-1.109006932
corridor_0,12467,12467,77,97,1145150,1736150,35.6108086,129.1025887,7.002387165,49.62740609,-1.498643926
corridor_0,12468,12468,76,97,1145050,1736150,35.6108233,129.101485,6.701396107,49.32641503,-1.799634984
corridor_0,12469,12469,75,97,1144950,1736150,35.610838,129.1003813,6.805667042,49.43068597,-1.695364049
corridor_0,12470,12470,74,97,1144850,1736150,35.6108526,129.0992776,8.496672749,51.12169167,-0.004358342
corridor_0,12471,12471,73,97,1144750,1736150,35.6108673,129.0981738,8.497351765,51.12237069,-0.003679326
corridor_0,12472,12472,72,97,1144650,1736150,35.6108819,129.0970701,8.503436207,51.12845513,0.002405116
corridor_0,12473,12473,71,97,1144550,1736150,35.6108966,129.0959664,8.577349781,51.20236871,0.07631869
corridor_0,12474,12474,70,97,1144450,1736150,35.6109112,129.0948627,8.631957172,51.2569761,0.130926082
corridor_0,12475,12475,69,97,1144350,1736150,35.6109258,129.093759,8.686843037,51.31186196,0.185811946
corridor_0,12476,12476,68,97,1144250,1736150,35.6109404,129.0926553,8.649916767,51.27493569,0.148885676
corridor_0,12477,12477,67,97,1144150,1736150,35.610955,129.0915516,8.919955372,51.5449743,0.418924281
corridor_0,12478,12478,66,97,1144050,1736150,35.6109695,129.0904479,8.964999317,51.59001824,0.463968226
corridor_0,12479,12479,65,97,1143950,1736150,35.6109841,129.0893442,9.207392811,51.83241174,0.70636172
corridor_0,12480,12480,64,97,1143850,1736150,35.6109987,129.0882404,9.354445576,51.9794645,0.853414485
corridor_0,12481,12481,63,97,1143750,1736150,35.6110132,129.0871367,9.640402912,52.26542184,1.139371821
corridor_0,12482,12482,62,97,1143650,1736150,35.6110278,129.086033,9.937434315,52.56245324,1.436403224
corridor_0,12483,12483,61,97,1143550,1736150,35.6110423,129.0849293,10.22055352,52.84557244,1.719522426
corridor_0,12484,12484,60,97,1143450,1736150,35.6110568,129.0838256,10.61652672,53.24154565,2.115495631
corridor_0,12485,12485,59,97,1143350,1736150,35.6110713,129.0827219,11.06608498,53.6911039,2.565053889
corridor_0,12486,12486,58,97,1143250,1736150,35.6110858,129.0816181,11.42353737,54.0485563,2.922506282
corridor_0,12487,12487,57,97,1143150,1736150,35.6111003,129.0805144,11.71812355,54.34314248,3.217092463
corridor_0,12488,12488,56,97,1143050,1736150,35.6111148,129.0794107,11.9800216,54.60504052,3.478990504
corridor_0,12489,12489,55,97,1142950,1736150,35.6111292,129.078307,12.36341393,54.98843285,3.862382838
corridor_0,12490,12490,54,97,1142850,1736150,35.6111437,129.0772033,12.69067681,55.31569573,4.189645717
corridor_0,12491,12491,53,97,1142750,1736150,35.6111581,129.0760995,13.0724746,55.69749352,4.571443507
corridor_0,12492,12492,52,97,1142650,1736150,35.6111726,129.0749958,13.34805977,55.9730787,4.847028682
corridor_0,12493,12493,51,97,1142550,1736150,35.611187,129.0738921,13.57582009,56.20083901,5.074788997
corridor_0,12494,12494,50,97,1142450,1736150,35.6112014,129.0727884,13.31128228,55.9363012,4.810251185
corridor_0,12495,12495,49,97,1142350,1736150,35.6112158,129.0716846,13.33761132,55.96263024,4.836580226
corridor_0,12496,12496,48,97,1142250,1736150,35.6112302,129.0705809,13.41277993,56.03779885,4.911748836
corridor_0,12497,12497,47,97,1142150,1736150,35.6112446,129.0694772,13.46712029,56.09213921,4.966089198
corridor_0,12498,12498,46,97,1142050,1736150,35.611259,129.0683734,13.50304329,56.12806222,5.002012202
corridor_0,12499,12499,45,97,1141950,1736150,35.6112733,129.0672697,13.56671059,56.19172951,5.0656795
corridor_0,12500,12500,44,97,1141850,1736150,35.6112877,129.066166,13.68405831,56.30907723,5.183027217
corridor_0,12501,12501,43,97,1141750,1736150,35.611302,129.0650622,13.76354134,56.38856026,5.262510249
corridor_0,12502,12502,42,97,1141650,1736150,35.6113164,129.0639585,13.68448555,56.30950448,5.183454463
corridor_0,12503,12503,41,97,1141550,1736150,35.6113307,129.0628548,13.41572487,56.0407438,4.914693782
corridor_0,12504,12504,40,97,1141450,1736150,35.611345,129.061751,13.12490761,55.74992654,4.623876521
corridor_0,12505,12505,39,97,1141350,1736150,35.6113593,129.0606473,12.70458138,55.3296003,4.203550288
corridor_0,12506,12506,38,97,1141250,1736150,35.6113736,129.0595436,12.29561913,54.92063805,3.794588038
corridor_0,12507,12507,37,97,1141150,1736150,35.6113879,129.0584398,11.75271141,54.37773034,3.251680324
corridor_0,12508,12508,36,97,1141050,1736150,35.6114022,129.0573361,11.27462685,53.89964577,2.773595759
corridor_0,12509,12509,35,97,1140950,1736150,35.6114164,129.0562324,10.74520028,53.3702192,2.244169185
corridor_0,12510,12510,34,97,1140850,1736150,35.6114307,129.0551286,10.25543892,52.88045785,1.754407832
corridor_0,12511,12511,33,97,1140750,1736150,35.6114449,129.0540249,9.70916283,52.33418175,1.20813174
corridor_0,12512,12512,32,97,1140650,1736150,35.6114591,129.0529212,9.243159412,51.86817834,0.742128322
corridor_0,12513,12513,31,97,1140550,1736150,35.6114734,129.0518174,8.81199181,51.43701073,0.310960719
corridor_0,12514,12514,30,97,1140450,1736150,35.6114876,129.0507137,8.320826649,50.94584557,-0.180204442
corridor_0,12515,12515,29,97,1140350,1736150,35.6115018,129.0496099,7.819892048,50.44491097,-0.681139043
corridor_0,12516,12516,28,97,1140250,1736150,35.611516,129.0485062,7.239436268,49.86445519,-1.261594823
corridor_0,12517,12517,27,97,1140150,1736150,35.6115302,129.0474024,6.584742664,49.20976159,-1.916288426
corridor_0,12518,12518,26,97,1140050,1736150,35.6115443,129.0462987,5.805655598,48.43067452,-2.695375493
corridor_0,12519,12519,25,97,1139950,1736150,35.6115585,129.0451949,5.171443104,47.79646203,-3.329587987
corridor_0,12520,12520,24,97,1139850,1736150,35.6115726,129.0440912,4.412394642,47.03741357,-4.088636449
corridor_0,12521,12521,23,97,1139750,1736150,35.6115868,129.0429875,3.778071522,46.40309045,-4.722959569
corridor_0,12522,12522,22,97,1139650,1736150,35.6116009,129.0418837,3.03471291,45.65973183,-5.466318181
corridor_0,12523,12523,21,97,1139550,1736150,35.611615,129.04078,2.228522419,44.85354134,-6.272508672
corridor_0,12524,12524,20,97,1139450,1736150,35.6116292,129.0396762,1.46672356,44.09174248,-7.03430753
corridor_0,12525,12525,19,97,1139350,1736150,35.6116433,129.0385725,0.481524586,43.10654351,-8.019506505
corridor_0,12526,12526,18,97,1139250,1736150,35.6116573,129.0374687,-0.470806957,42.15421197,-8.971838048
corridor_0,12527,12527,17,97,1139150,1736150,35.6116714,129.036365,-1.33027351,41.29474541,-9.831304601
corridor_0,12528,12528,16,97,1139050,1736150,35.6116855,129.0352612,-2.574704052,40.05031487,-11.07573514
corridor_0,12529,12529,15,97,1138950,1736150,35.6116996,129.0341575,-3.718464733,38.90655419,-12.21949582
corridor_0,12530,12530,14,97,1138850,1736150,35.6117136,129.0330537,-5.074074627,37.5509443,-13.57510572
corridor_0,12531,12531,13,97,1138750,1736150,35.6117277,129.0319499,-8.874077679,33.75094125,-17.37510877
corridor_0,12532,12532,12,97,1138650,1736150,35.6117417,129.0308462,-13.87632072,28.7486982,-22.37735181
corridor_0,12557,12557,12,98,1138650,1736250,35.612643,129.0308634,-13.7212075,28.90381142,-22.22223859
corridor_0,12558,12558,13,98,1138750,1736250,35.612629,129.0319671,-6.615157009,36.00986192,-15.1161881
corridor_0,12559,12559,14,98,1138850,1736250,35.6126149,129.0330709,-4.876904369,37.74811456,-13.37793546
corridor_0,12560,12560,15,98,1138950,1736250,35.6126009,129.0341747,-3.125462414,39.49955651,-11.6264935
corridor_0,12561,12561,16,98,1139050,1736250,35.6125868,129.0352784,-1.777783276,40.84723565,-10.27881437
corridor_0,12562,12562,17,98,1139150,1736250,35.6125728,129.0363822,-0.863953472,41.76106545,-9.364984563
corridor_0,12563,12563,18,98,1139250,1736250,35.6125587,129.037486,0.141390919,42.76640984,-8.359640172
corridor_0,12564,12564,19,98,1139350,1736250,35.6125446,129.0385897,1.048091053,43.67310998,-7.452940038
corridor_0,12565,12565,20,98,1139450,1736250,35.6125305,129.0396935,1.874068379,44.4990873,-6.626962712
corridor_0,12566,12566,21,98,1139550,1736250,35.6125164,129.0407972,2.742121815,45.36714074,-5.758909276
corridor_0,12567,12567,22,98,1139650,1736250,35.6125022,129.041901,3.532294392,46.15731332,-4.968736699
corridor_0,12568,12568,23,98,1139750,1736250,35.6124881,129.0430048,4.200327992,46.82534692,-4.300703099
corridor_0,12569,12569,24,98,1139850,1736250,35.612474,129.0441085,4.975596546,47.60061547,-3.525434545
corridor_0,12570,12570,25,98,1139950,1736250,35.6124598,129.0452123,5.563796162,48.18881509,-2.937234929
corridor_0,12571,12571,26,98,1140050,1736250,35.6124457,129.046316,6.311946034,48.93696496,-2.189085057
corridor_0,12572,12572,27,98,1140150,1736250,35.6124315,129.0474198,7.03855431,49.66357323,-1.462476781
corridor_0,12573,12573,28,98,1140250,1736250,35.6124173,129.0485236,7.652281879,50.2773008,-0.848749211
corridor_0,12574,12574,29,98,1140350,1736250,35.6124031,129.0496273,8.216189503,50.84120843,-0.284841588
corridor_0,12575,12575,30,98,1140450,1736250,35.6123889,129.0507311,8.75534737,51.38036629,0.254316279
corridor_0,12576,12576,31,98,1140550,1736250,35.6123747,129.0518348,9.262335896,51.88735482,0.761304805
corridor_0,12577,12577,32,98,1140650,1736250,35.6123605,129.0529386,9.737063526,52.36208245,1.236032435
corridor_0,12578,12578,33,98,1140750,1736250,35.6123462,129.0540423,10.19945824,52.82447717,1.69842715
corridor_0,12579,12579,34,98,1140850,1736250,35.612332,129.0551461,10.66946328,53.2944822,2.168432185
corridor_0,12580,12580,35,98,1140950,1736250,35.6123177,129.0562498,11.14118493,53.76620385,2.640153834
corridor_0,12581,12581,36,98,1141050,1736250,35.6123035,129.0573536,11.71204293,54.33706185,3.211011836
corridor_0,12582,12582,37,98,1141150,1736250,35.6122892,129.0584573,12.13223946,54.75725838,3.631208369
corridor_0,12583,12583,38,98,1141250,1736250,35.6122749,129.0595611,12.64763939,55.27265832,4.146608302
corridor_0,12584,12584,39,98,1141350,1736250,35.6122606,129.0606648,13.1393882,55.76440713,4.638357112
corridor_0,12585,12585,40,98,1141450,1736250,35.6122463,129.0617686,13.45300591,56.07802483,4.951974818
corridor_0,12586,12586,41,98,1141550,1736250,35.612232,129.0628723,13.63540184,56.26042077,5.134370753
corridor_0,12587,12587,42,98,1141650,1736250,35.6122177,129.0639761,13.70897972,56.33399865,5.207948634
corridor_0,12588,12588,43,98,1141750,1736250,35.6122033,129.0650798,13.66652596,56.29154488,5.165494868
corridor_0,12589,12589,44,98,1141850,1736250,35.612189,129.0661836,13.62022316,56.24524209,5.119192073
corridor_0,12590,12590,45,98,1141950,1736250,35.6121746,129.0672873,13.53241265,56.15743157,5.031381557
corridor_0,12591,12591,46,98,1142050,1736250,35.6121603,129.068391,13.46916497,56.09418389,4.968133876
corridor_0,12592,12592,47,98,1142150,1736250,35.6121459,129.0694948,13.4278518,56.05287072,4.926820704
corridor_0,12593,12593,48,98,1142250,1736250,35.6121315,129.0705985,13.4133178,56.03833672,4.912286708
corridor_0,12594,12594,49,98,1142350,1736250,35.6121171,129.0717023,13.34747994,55.97249886,4.846448848
corridor_0,12595,12595,50,98,1142450,1736250,35.6121027,129.072806,13.22236168,55.84738061,4.721330592
corridor_0,12596,12596,51,98,1142550,1736250,35.6120883,129.0739097,12.990821,55.61583993,4.489789912
corridor_0,12597,12597,52,98,1142650,1736250,35.6120739,129.0750135,13.07363427,55.69865319,4.572603175
corridor_0,12598,12598,53,98,1142750,1736250,35.6120594,129.0761172,12.73728096,55.36229989,4.236249873
corridor_0,12599,12599,54,98,1142850,1736250,35.612045,129.0772209,12.32908928,54.95410821,3.828058192
corridor_0,12600,12600,55,98,1142950,1736250,35.6120305,129.0783247,11.94888985,54.57390878,3.44785876
corridor_0,12601,12601,56,98,1143050,1736250,35.6120161,129.0794284,11.62771141,54.25273034,3.126680324
corridor_0,12602,12602,57,98,1143150,1736250,35.6120016,129.0805321,11.29513848,53.9201574,2.794107387
corridor_0,12603,12603,58,98,1143250,1736250,35.6119871,129.0816359,10.91293633,53.53795525,2.411905238
corridor_0,12604,12604,59,98,1143350,1736250,35.6119726,129.0827396,10.62258828,53.2476072,2.121557185
corridor_0,12605,12605,60,98,1143450,1736250,35.6119581,129.0838433,10.23328698,52.8583059,1.732255885
corridor_0,12606,12606,61,98,1143550,1736250,35.6119436,129.0849471,9.84456551,52.46958443,1.343534419
corridor_0,12607,12607,62,98,1143650,1736250,35.6119291,129.0860508,9.461093067,52.08611199,0.960061976
corridor_0,12608,12608,63,98,1143750,1736250,35.6119145,129.0871545,9.199038624,51.82405755,0.698007533
corridor_0,12609,12609,64,98,1143850,1736250,35.6119,129.0882583,8.889918446,51.51493737,0.388887355
corridor_0,12610,12610,65,98,1143950,1736250,35.6118854,129.089362,8.537909626,51.16292855,0.036878535
corridor_0,12611,12611,66,98,1144050,1736250,35.6118708,129.0904657,8.178618549,50.80363747,-0.322412541
corridor_0,12612,12612,67,98,1144150,1736250,35.6118563,129.0915694,8.248389362,50.87340829,-0.252641728
corridor_0,12613,12613,68,98,1144250,1736250,35.6118417,129.0926732,8.240576862,50.86559579,-0.260454228
corridor_0,12614,12614,69,98,1144350,1736250,35.6118271,129.0937769,8.394354939,51.01937386,-0.106676152
corridor_0,12615,12615,70,98,1144450,1736250,35.6118125,129.0948806,8.338587879,50.9636068,-0.162443212
corridor_0,12616,12616,71,98,1144550,1736250,35.6117979,129.0959843,8.278853535,50.90387246,-0.222177556
corridor_0,12617,12617,72,98,1144650,1736250,35.6117832,129.0970881,8.206008076,50.831027,-0.295023015
corridor_0,12618,12618,73,98,1144750,1736250,35.6117686,129.0981918,6.711180805,49.33619973,-1.789850286
corridor_0,12619,12619,74,98,1144850,1736250,35.6117539,129.0992955,6.299254536,48.92427346,-2.201776555
corridor_0,12620,12620,75,98,1144950,1736250,35.6117393,129.1003992,6.02923119,48.65425011,-2.471799901
corridor_0,12621,12621,76,98,1145050,1736250,35.6117246,129.1015029,6.331229328,48.95624825,-2.169801763
corridor_0,12622,12622,77,98,1145150,1736250,35.6117099,129.1026067,6.711295246,49.33631417,-1.789735845
corridor_0,12623,12623,78,98,1145250,1736250,35.6116953,129.1037104,7.108180164,49.73319909,-1.392850926
corridor_0,12624,12624,79,98,1145350,1736250,35.6116806,129.1048141,7.564211964,50.18923089,-0.936819127
corridor_0,12625,12625,80,98,1145450,1736250,35.6116658,129.1059178,8.369521259,50.99454018,-0.131509831
corridor_0,12626,12626,81,98,1145550,1736250,35.6116511,129.1070215,9.080241322,51.70526025,0.579210231
corridor_0,12627,12627,82,98,1145650,1736250,35.6116364,129.1081252,9.681021809,52.30604073,1.179990718
corridor_0,12628,12628,83,98,1145750,1736250,35.6116217,129.1092289,10.33590996,52.96092889,1.834878871
corridor_0,12629,12629,84,98,1145850,1736250,35.6116069,129.1103327,10.95125496,53.57627389,2.450223872
corridor_0,12630,12630,85,98,1145950,1736250,35.6115922,129.1114364,11.56217873,54.18719765,3.061147639
corridor_0,12631,12631,86,98,1146050,1736250,35.6115774,129.1125401,12.08439171,54.70941064,3.583360621
corridor_0,12632,12632,87,98,1146150,1736250,35.6115626,129.1136438,12.36633217,54.9913511,3.865301082
corridor_0,12633,12633,88,98,1146250,1736250,35.6115478,129.1147475,12.46547234,55.09049126,3.964441249
corridor_0,12634,12634,89,98,1146350,1736250,35.611533,129.1158512,12.37839425,55.00341317,3.877363154
corridor_0,12635,12635,90,98,1146450,1736250,35.6115182,129.1169549,12.12073433,54.74575326,3.619703242
corridor_0,12636,12636,91,98,1146550,1736250,35.6115034,129.1180586,11.83999932,54.46501824,3.338968226
corridor_0,12637,12637,92,98,1146650,1736250,35.6114886,129.1191623,11.5560981,54.18111703,3.055067012
corridor_0,12638,12638,93,98,1146750,1736250,35.6114737,129.120266,11.39826882,54.02328774,2.897237727
corridor_0,12639,12639,94,98,1146850,1736250,35.6114589,129.1213697,11.3507911,53.97581002,2.849760005
corridor_0,12640,12640,95,98,1146950,1736250,35.611444,129.1224734,11.40518105,54.03019997,2.904149959
corridor_0,12641,12641,96,98,1147050,1736250,35.6114291,129.1235771,11.55631936,54.18133828,3.055288264
corridor_0,12642,12642,97,98,1147150,1736250,35.6114143,129.1246808,11.77291024,54.39792916,3.271879146
corridor_0,12643,12643,98,98,1147250,1736250,35.6113994,129.1257845,11.95767891,54.58269784,3.456647822
corridor_0,12644,12644,99,98,1147350,1736250,35.6113845,129.1268882,12.02603829,54.65105721,3.525007197
corridor_0,12645,12645,100,98,1147450,1736250,35.6113696,129.1279919,11.89131081,54.51632973,3.390279719
corridor_0,12646,12646,101,98,1147550,1736250,35.6113546,129.1290956,11.58452141,54.20954034,3.083490321
corridor_0,12647,12647,102,98,1147650,1736250,35.6113397,129.1301993,11.06796944,53.69298837,2.56693835
corridor_0,12648,12648,103,98,1147750,1736250,35.6113248,129.131303,10.4545089,53.07952782,1.953477809
corridor_0,12649,12649,104,98,1147850,1736250,35.6113098,129.1324067,9.876978993,52.50199792,1.375947902
corridor_0,12650,12650,105,98,1147950,1736250,35.6112948,129.1335104,9.309168934,51.93418786,0.808137843
corridor_0,12651,12651,106,98,1148050,1736250,35.6112799,129.1346141,8.639960407,51.26497933,0.138929317
corridor_0,12652,12652,107,98,1148150,1736250,35.6112649,129.1357178,7.927363514,50.55238244,-0.573667577
corridor_0,12653,12653,108,98,1148250,1736250,35.6112499,129.1368215,6.952883839,49.57790276,-1.548147252
corridor_0,12654,12654,109,98,1148350,1736250,35.6112349,129.1379252,6.191668629,48.81668755,-2.309362462
corridor_0,12655,12655,110,98,1148450,1736250,35.6112199,129.1390289,5.546088337,48.17110726,-2.954942754
corridor_0,12656,12656,111,98,1148550,1736250,35.6112049,129.1401326,4.860976338,47.48599526,-3.640054753
corridor_0,12657,12657,112,98,1148650,1736250,35.6111898,129.1412363,4.154536366,46.77955529,-4.346494725
corridor_0,12658,12658,113,98,1148750,1736250,35.6111748,129.14234,3.596053242,46.22107217,-4.904977849
corridor_0,12659,12659,114,98,1148850,1736250,35.6111597,129.1434436,2.895823597,45.52084252,-5.605207494
corridor_0,12660,12660,115,98,1148950,1736250,35.6111447,129.1445473,2.259802937,44.88482186,-6.241228154
corridor_0,12661,12661,116,98,1149050,1736250,35.6111296,129.145651,1.478812336,44.10383126,-7.022218755
corridor_0,12662,12662,117,98,1149150,1736250,35.6111145,129.1467547,0.505908131,43.13092706,-7.99512296
corridor_0,12663,12663,118,98,1149250,1736250,35.6110994,129.1478584,-0.597485424,42.0275335,-9.098516515
corridor_0,12664,12664,119,98,1149350,1736250,35.6110843,129.1489621,-2.748864056,39.87615487,-11.24989515
corridor_0,12681,12681,119,99,1149350,1736350,35.6119856,129.1489806,-3.114086986,39.51093194,-11.61511808
corridor_0,12682,12682,118,99,1149250,1736350,35.6120007,129.1478769,-1.048481823,41.5765371,-9.549512914
corridor_0,12683,12683,117,99,1149150,1736350,35.6120158,129.1467732,0.469229817,43.09424874,-8.031801274
corridor_0,12684,12684,116,99,1149050,1736350,35.6120309,129.1456695,1.315959095,43.94097802,-7.185071996
corridor_0,12685,12685,115,99,1148950,1736350,35.612046,129.1445658,2.215121388,44.84014031,-6.285909703
corridor_0,12686,12686,114,99,1148850,1736350,35.612061,129.1434621,2.869498371,45.4945173,-5.63153272
corridor_0,12687,12687,113,99,1148750,1736350,35.6120761,129.1423584,3.561881184,46.18690011,-4.939149907
corridor_0,12688,12688,112,99,1148650,1736350,35.6120911,129.1412547,4.124968647,46.74998757,-4.376062444
corridor_0,12689,12689,111,99,1148550,1736350,35.6121062,129.140151,4.746840595,47.37185952,-3.754190495
corridor_0,12690,12690,110,99,1148450,1736350,35.6121212,129.1390473,5.4361068,48.06112572,-3.064924291
corridor_0,12691,12691,109,99,1148350,1736350,35.6121362,129.1379436,6.027793049,48.65281197,-2.473238042
corridor_0,12692,12692,108,99,1148250,1736350,35.6121512,129.1368399,6.961260914,49.58627984,-1.539770177
corridor_0,12693,12693,107,99,1148150,1736350,35.6121662,129.1357362,7.907759785,50.53277871,-0.593271306
corridor_0,12694,12694,106,99,1148050,1736350,35.6121812,129.1346325,8.570597767,51.19561669,0.069566676
corridor_0,12695,12695,105,99,1147950,1736350,35.6121961,129.1335288,9.236559986,51.86157891,0.735528895
corridor_0,12696,12696,104,99,1147850,1736350,35.6122111,129.132425,9.807608723,52.43262765,1.306577632
corridor_0,12697,12697,103,99,1147750,1736350,35.612226,129.1313213,10.43935692,53.06437585,1.938325831
corridor_0,12698,12698,102,99,1147650,1736350,35.612241,129.1302176,11.01015389,53.63517281,2.509122798
corridor_0,12699,12699,101,99,1147550,1736350,35.6122559,129.1291139,11.54734337,54.1723623,3.046312282
corridor_0,12700,12700,100,99,1147450,1736350,35.6122708,129.1280102,11.91997445,54.54499337,3.418943355
corridor_0,12701,12701,99,99,1147350,1736350,35.6122858,129.1269065,12.05704415,54.68206307,3.556013057
corridor_0,12702,12702,98,99,1147250,1736350,35.6123007,129.1258028,11.9923774,54.61739632,3.491346309
corridor_0,12703,12703,97,99,1147150,1736350,35.6123155,129.1246991,11.82773888,54.4527578,3.326707789
corridor_0,12704,12704,96,99,1147050,1736350,35.6123304,129.1235954,11.62842476,54.25344369,3.127393672
corridor_0,12705,12705,95,99,1146950,1736350,35.6123453,129.1224916,11.48050606,54.10552499,2.979474971
corridor_0,12706,12706,94,99,1146850,1736350,35.6123602,129.1213879,11.42399514,54.04901406,2.922964046
corridor_0,12707,12707,93,99,1146750,1736350,35.612375,129.1202842,11.47133934,54.09635827,2.970308253
corridor_0,12708,12708,92,99,1146650,1736350,35.6123898,129.1191805,11.6371032,54.26212212,3.136072108
corridor_0,12709,12709,91,99,1146550,1736350,35.6124047,129.1180768,11.90336907,54.52838799,3.402337977
corridor_0,12710,12710,90,99,1146450,1736350,35.6124195,129.1169731,12.18751061,54.81252953,3.686479518
corridor_0,12711,12711,89,99,1146350,1736350,35.6124343,129.1158693,12.42645562,55.05147454,3.925424525
corridor_0,12712,12712,88,99,1146250,1736350,35.6124491,129.1147656,12.55702126,55.18204018,4.055990169
corridor_0,12713,12713,87,99,1146150,1736350,35.6124639,129.1136619,12.5013572,55.12637612,4.000326106
corridor_0,12714,12714,86,99,1146050,1736350,35.6124787,129.1125582,12.19374001,54.81875893,3.692708919
corridor_0,12715,12715,85,99,1145950,1736350,35.6124934,129.1114545,11.64123833,54.26625726,3.14020724
corridor_0,12716,12716,84,99,1145850,1736350,35.6125082,129.1103507,11.01426232,53.63928124,2.513231227
corridor_0,12717,12717,83,99,1145750,1736350,35.612523,129.109247,10.31620324,52.94122216,1.815172145
corridor_0,12718,12718,82,99,1145650,1736350,35.6125377,129.1081433,9.608302235,52.23332116,1.107271144
corridor_0,12719,12719,81,99,1145550,1736350,35.6125524,129.1070396,8.916239857,51.54125878,0.415208766
corridor_0,12720,12720,80,99,1145450,1736350,35.6125671,129.1059358,8.238989948,50.86400887,-0.262041142
corridor_0,12721,12721,79,99,1145350,1736350,35.6125819,129.1048321,7.355197071,49.980216,-1.14583402
corridor_0,12722,12722,78,99,1145250,1736350,35.6125966,129.1037284,6.851168751,49.47618768,-1.64986234
corridor_0,12723,12723,77,99,1145150,1736350,35.6126112,129.1026246,6.316634296,48.94165322,-2.184396794
corridor_0,12724,12724,76,99,1145050,1736350,35.6126259,129.1015209,5.79624474,48.42126366,-2.704786351
corridor_0,12725,12725,75,99,1144950,1736350,35.6126406,129.1004172,5.294837116,47.91985604,-3.206193974
corridor_0,12726,12726,74,99,1144850,1736350,35.6126552,129.0993134,4.961913227,47.58693215,-3.539117864
corridor_0,12727,12727,73,99,1144750,1736350,35.6126699,129.0982097,5.680430531,48.30544946,-2.82060056
corridor_0,12728,12728,72,99,1144650,1736350,35.6126845,129.097106,5.93907082,48.56408974,-2.561960271
corridor_0,12729,12729,71,99,1144550,1736350,35.6126992,129.0960022,7.934645771,50.5596647,-0.56638532
corridor_0,12730,12730,70,99,1144450,1736350,35.6127138,129.0948985,7.997511982,50.62253091,-0.503519109
corridor_0,12731,12731,69,99,1144350,1736350,35.6127284,129.0937948,7.980391621,50.60541055,-0.52063947
corridor_0,12732,12732,68,99,1144250,1736350,35.612743,129.092691,7.54498589,50.17000481,-0.956045201
corridor_0,12733,12733,67,99,1144150,1736350,35.6127576,129.0915873,7.209097981,49.83411691,-1.29193311
corridor_0,12734,12734,66,99,1144050,1736350,35.6127722,129.0904836,7.649844288,50.27486321,-0.851186803
corridor_0,12735,12735,65,99,1143950,1736350,35.6127867,129.0893798,8.072417378,50.6974363,-0.428613713
corridor_0,12736,12736,64,99,1143850,1736350,35.6128013,129.0882761,8.421595692,51.04661462,-0.079435399
corridor_0,12737,12737,63,99,1143750,1736350,35.6128158,129.0871723,8.755358814,51.38037774,0.254327724
corridor_0,12738,12738,62,99,1143650,1736350,35.6128304,129.0860686,9.053454517,51.67847344,0.552423427
corridor_0,12739,12739,61,99,1143550,1736350,35.6128449,129.0849649,9.432139515,52.05715844,0.931108424
corridor_0,12740,12740,60,99,1143450,1736350,35.6128594,129.0838611,9.831229328,52.45624825,1.330198237
corridor_0,12741,12741,59,99,1143350,1736350,35.6128739,129.0827574,10.197528,52.82254693,1.696496913
corridor_0,12742,12742,58,99,1143250,1736350,35.6128884,129.0816536,10.53443444,53.15945336,2.033403346
corridor_0,12743,12743,57,99,1143150,1736350,35.6129029,129.0805499,10.8852874,53.51030633,2.384256312
corridor_0,12744,12744,56,99,1143050,1736350,35.6129174,129.0794461,11.22507012,53.85008904,2.724039027
corridor_0,12745,12745,55,99,1142950,1736350,35.6129318,129.0783424,11.51808083,54.14309975,3.017049739
corridor_0,12746,12746,54,99,1142850,1736350,35.6129463,129.0772386,11.91218102,54.53719994,3.411149928
corridor_0,12747,12747,53,99,1142750,1736350,35.6129607,129.0761349,11.85223687,54.47725579,3.351205775
corridor_0,12748,12748,52,99,1142650,1736350,35.6129752,129.0750311,12.30860054,54.93361947,3.807569453
corridor_0,12749,12749,51,99,1142550,1736350,35.6129896,129.0739274,12.71572411,55.34074303,4.214693019
corridor_0,12750,12750,50,99,1142450,1736350,35.613004,129.0728236,13.04604256,55.67106149,4.54501147
corridor_0,12751,12751,49,99,1142350,1736350,35.6130184,129.0717199,13.28436959,55.90938851,4.783338496
corridor_0,12752,12752,48,99,1142250,1736350,35.6130328,129.0706161,13.39126122,56.01628014,4.890230128
corridor_0,12753,12753,47,99,1142150,1736350,35.6130472,129.0695124,13.42389977,56.04891869,4.922868678
corridor_0,12754,12754,46,99,1142050,1736350,35.6130616,129.0684086,13.42138207,56.04640099,4.920350978
corridor_0,12755,12755,45,99,1141950,1736350,35.613076,129.0673049,13.46290505,56.08792397,4.961873958
corridor_0,12756,12756,44,99,1141850,1736350,35.6130903,129.0662011,13.51219094,56.13720986,5.011159846
corridor_0,12757,12757,43,99,1141750,1736350,35.6131047,129.0650974,13.61073601,56.23575494,5.109704921
corridor_0,12758,12758,42,99,1141650,1736350,35.613119,129.0639936,13.65457833,56.27959725,5.153547236
corridor_0,12759,12759,41,99,1141550,1736350,35.6131333,129.0628899,13.74835884,56.37337777,5.247327754
corridor_0,12760,12760,40,99,1141450,1736350,35.6131476,129.0617861,13.80421364,56.42923257,5.303182551
corridor_0,12761,12761,39,99,1141350,1736350,35.6131619,129.0606823,13.33211815,55.95713708,4.831087062
corridor_0,12762,12762,38,99,1141250,1736350,35.6131762,129.0595786,13.03818428,55.66320321,4.537153193
corridor_0,12763,12763,37,99,1141150,1736350,35.6131905,129.0584748,12.43103707,55.05605599,3.930005977
corridor_0,12764,12764,36,99,1141050,1736350,35.6132048,129.0573711,12.11713707,54.742156,3.616105983
corridor_0,12765,12765,35,99,1140950,1736350,35.6132191,129.0562673,11.60822213,54.23324105,3.107191035
corridor_0,12766,12766,34,99,1140850,1736350,35.6132333,129.0551635,11.21243966,53.83745858,2.711408565
corridor_0,12767,12767,33,99,1140750,1736350,35.6132476,129.0540598,10.70439064,53.32940957,2.203359553
corridor_0,12768,12768,32,99,1140650,1736350,35.6132618,129.052956,10.29275811,52.91777703,1.791727015
corridor_0,12769,12769,31,99,1140550,1736350,35.613276,129.0518522,9.845542072,52.470561,1.344510982
corridor_0,12770,12770,30,99,1140450,1736350,35.6132902,129.0507485,9.240733265,51.86575219,0.739702174
corridor_0,12771,12771,29,99,1140350,1736350,35.6133044,129.0496447,8.704283833,51.32930276,0.203252742
corridor_0,12772,12772,28,99,1140250,1736350,35.6133186,129.0485409,8.082175373,50.7071943,-0.418855718
corridor_0,12773,12773,27,99,1140150,1736350,35.6133328,129.0474372,7.400813221,50.02583215,-1.10021787
corridor_0,12774,12774,26,99,1140050,1736350,35.613347,129.0463334,6.757834553,49.38285348,-1.743196538
corridor_0,12775,12775,25,99,1139950,1736350,35.6133611,129.0452296,6.033183216,48.65820214,-2.467847875
corridor_0,12776,12776,24,99,1139850,1736350,35.6133753,129.0441259,5.378745197,48.00376412,-3.122285893
corridor_0,12777,12777,23,99,1139750,1736350,35.6133894,129.0430221,4.664820789,47.28983971,-3.836210301
corridor_0,12778,12778,22,99,1139650,1736350,35.6134036,129.0419183,3.916449665,46.54146859,-4.584581426
corridor_0,12779,12779,21,99,1139550,1736350,35.6134177,129.0408145,3.117804646,45.74282357,-5.383226445
corridor_0,12780,12780,20,99,1139450,1736350,35.6134318,129.0397108,2.357886433,44.98290536,-6.143144658
corridor_0,12781,12781,19,99,1139350,1736350,35.6134459,129.038607,1.55291283,44.17793175,-6.94811826
corridor_0,12782,12782,18,99,1139250,1736350,35.61346,129.0375032,0.693053364,43.31807229,-7.807977727
corridor_0,12783,12783,17,99,1139150,1736350,35.6134741,129.0363994,-0.438164593,42.18685433,-8.939195683
corridor_0,12784,12784,16,99,1139050,1736350,35.6134882,129.0352957,-1.316700817,41.30831811,-9.817731908
corridor_0,12785,12785,15,99,1138950,1736350,35.6135022,129.0341919,-2.283001781,40.34201714,-10.78403287
corridor_0,12786,12786,14,99,1138850,1736350,35.6135163,129.0330881,-4.194317699,38.43070123,-12.69534879
corridor_0,12787,12787,13,99,1138750,1736350,35.6135303,129.0319843,-5.729634167,36.89538476,-14.23066526
corridor_0,12788,12788,12,99,1138650,1736350,35.6135443,129.0308805,-8.956284405,33.66873452,-17.4573155
corridor_0,12812,12812,11,100,1138550,1736450,35.6144597,129.0297939,-13.86900413,28.75601479,-22.37003522
corridor_0,12813,12813,12,100,1138650,1736450,35.6144457,129.0308977,-7.648091198,34.97692773,-16.14912229
corridor_0,12814,12814,13,100,1138750,1736450,35.6144316,129.0320015,-5.584629894,37.04038903,-14.08566098
corridor_0,12815,12815,14,100,1138850,1736450,35.6144176,129.0331053,-3.203671337,39.42134759,-11.70470243
corridor_0,12816,12816,15,100,1138950,1736450,35.6144035,129.0342091,-2.114079357,40.51093957,-10.61511045
corridor_0,12817,12817,16,100,1139050,1736450,35.6143895,129.0353129,-0.905030132,41.71998879,-9.406061223
corridor_0,12818,12818,17,100,1139150,1736450,35.6143754,129.0364167,0.126563191,42.75158212,-8.3744679
corridor_0,12819,12819,18,100,1139250,1736450,35.6143613,129.0375205,1.055796742,43.68081567,-7.445234349
corridor_0,12820,12820,19,100,1139350,1736450,35.6143472,129.0386243,1.904822468,44.52984139,-6.596208623
corridor_0,12821,12821,20,100,1139450,1736450,35.6143331,129.039728,2.710532307,45.33555123,-5.790498784
corridor_0,12822,12822,21,100,1139550,1736450,35.614319,129.0408318,3.473437428,46.09845635,-5.027593663
corridor_0,12823,12823,22,100,1139650,1736450,35.6143049,129.0419356,4.276961445,46.90198037,-4.224069646
corridor_0,12824,12824,23,100,1139750,1736450,35.6142908,129.0430394,5.044245838,47.66926476,-3.456785253
corridor_0,12825,12825,24,100,1139850,1736450,35.6142766,129.0441432,5.737971424,48.36299035,-2.763059667
corridor_0,12826,12826,25,100,1139950,1736450,35.6142625,129.045247,6.500746845,49.12576577,-2.000284245
corridor_0,12827,12827,26,100,1140050,1736450,35.6142483,129.0463507,7.19725716,49.82227608,-1.303773931
corridor_0,12828,12828,27,100,1140150,1736450,35.6142341,129.0474545,7.882266163,50.50728509,-0.618764928
corridor_0,12829,12829,28,100,1140250,1736450,35.6142199,129.0485583,8.508589863,51.13360879,0.007558772
corridor_0,12830,12830,29,100,1140350,1736450,35.6142057,129.0496621,9.141783833,51.76680276,0.640752742
corridor_0,12831,12831,30,100,1140450,1736450,35.6141915,129.0507659,9.787451862,52.41247079,1.286420772
corridor_0,12832,12832,31,100,1140550,1736450,35.6141773,129.0518696,10.33822548,52.96324441,1.837194392
corridor_0,12833,12833,32,100,1140650,1736450,35.6141631,129.0529734,10.89796746,53.52298638,2.396936366
corridor_0,12834,12834,33,100,1140750,1736450,35.6141489,129.0540772,11.27865899,53.90367791,2.777627894
corridor_0,12835,12835,34,100,1140850,1736450,35.6141346,129.055181,11.70995247,54.3349714,3.208921382
corridor_0,12836,12836,35,100,1140950,1736450,35.6141204,129.0562848,12.09590447,54.72092339,3.594873378
corridor_0,12837,12837,36,100,1141050,1736450,35.6141061,129.0573885,12.48427117,55.10929009,3.983240077
corridor_0,12838,12838,37,100,1141150,1736450,35.6140918,129.0584923,12.8277961,55.45281503,4.32676501
corridor_0,12839,12839,38,100,1141250,1736450,35.6140775,129.0595961,13.17240822,55.79742715,4.671377131
corridor_0,12840,12840,39,100,1141350,1736450,35.6140633,129.0606998,13.57717049,56.20218941,5.0761394
corridor_0,12841,12841,40,100,1141450,1736450,35.6140489,129.0618036,13.85239327,56.47741219,5.351362178
corridor_0,12842,12842,41,100,1141550,1736450,35.6140346,129.0629074,13.81409371,56.43911263,5.313062617
corridor_0,12843,12843,42,100,1141650,1736450,35.6140203,129.0640112,13.55754006,56.18255898,5.056508967
corridor_0,12844,12844,43,100,1141750,1736450,35.614006,129.0651149,13.47153008,56.096549,4.970498988
corridor_0,12845,12845,44,100,1141850,1736450,35.6139916,129.0662187,13.43894493,56.06396386,4.937913844
corridor_0,12846,12846,45,100,1141950,1736450,35.6139773,129.0673225,13.39436257,56.01938149,4.893331477
corridor_0,12847,12847,46,100,1142050,1736450,35.6139629,129.0684262,13.41867363,56.04369256,4.917642543
corridor_0,12848,12848,47,100,1142150,1736450,35.6139485,129.06953,13.41058266,56.03560159,4.90955157
corridor_0,12849,12849,48,100,1142250,1736450,35.6139341,129.0706338,13.33211052,55.95712945,4.831079432
corridor_0,12850,12850,49,100,1142350,1736450,35.6139197,129.0717375,13.18785393,55.81287286,4.686822841
corridor_0,12851,12851,50,100,1142450,1736450,35.6139053,129.0728413,12.83870232,55.46372124,4.337671229
corridor_0,12852,12852,51,100,1142550,1736450,35.6138909,129.0739451,12.4734832,55.09850213,3.972452113
corridor_0,12853,12853,52,100,1142650,1736450,35.6138765,129.0750488,11.99333107,54.61835,3.492299983
corridor_0,12854,12854,53,100,1142750,1736450,35.6138621,129.0761526,11.43406212,54.05908105,2.933031032
corridor_0,12855,12855,54,100,1142850,1736450,35.6138476,129.0772563,10.90569985,53.53071877,2.404668757
corridor_0,12856,12856,55,100,1142950,1736450,35.6138332,129.0783601,10.42014992,53.04516885,1.919118831
corridor_0,12857,12857,56,100,1143050,1736450,35.6138187,129.0794639,10.7140075,53.33902642,2.212976405
corridor_0,12858,12858,57,100,1143150,1736450,35.6138042,129.0805676,10.36821663,52.99323556,1.867185542
corridor_0,12859,12859,58,100,1143250,1736450,35.6137897,129.0816714,10.03908837,52.66410729,1.538057277
corridor_0,12860,12860,59,100,1143350,1736450,35.6137752,129.0827751,9.717440723,52.34245965,1.216409633
corridor_0,12861,12861,60,100,1143450,1736450,35.6137607,129.0838789,9.389872669,52.01489159,0.888841578
corridor_0,12862,12862,61,100,1143550,1736450,35.6137462,129.0849826,8.9633857,51.58840462,0.462354609
corridor_0,12863,12863,62,100,1143650,1736450,35.6137317,129.0860864,8.608611225,51.23363015,0.107580134
corridor_0,12864,12864,63,100,1143750,1736450,35.6137171,129.0871902,8.286513447,50.91153237,-0.214517644
corridor_0,12865,12865,64,100,1143850,1736450,35.6137026,129.0882939,7.917765736,50.54278466,-0.583265355
corridor_0,12866,12866,65,100,1143950,1736450,35.613688,129.0893977,7.482329487,50.10734841,-1.018701604
corridor_0,12867,12867,66,100,1144050,1736450,35.6136735,129.0905014,6.966971516,49.59199044,-1.534059575
corridor_0,12868,12868,67,100,1144150,1736450,35.6136589,129.0916052,6.724688648,49.34970757,-1.776342443
corridor_0,12869,12869,68,100,1144250,1736450,35.6136443,129.0927089,6.709365009,49.33438393,-1.791666081
corridor_0,12870,12870,69,100,1144350,1736450,35.6136297,129.0938127,4.995257496,47.62027642,-3.505773595
corridor_0,12871,12871,70,100,1144450,1736450,35.6136151,129.0949164,4.772276997,47.39729592,-3.728754094
corridor_0,12872,12872,71,100,1144550,1736450,35.6136005,129.0960202,4.675967335,47.30098626,-3.825063756
corridor_0,12873,12873,72,100,1144650,1736450,35.6135858,129.0971239,4.596583485,47.22160241,-3.904447606
corridor_0,12874,12874,73,100,1144750,1736450,35.6135712,129.0982276,4.392558216,47.01757714,-4.108472875
corridor_0,12875,12875,74,100,1144850,1736450,35.6135565,129.0993314,4.552714466,47.17773339,-3.948316625
corridor_0,12876,12876,75,100,1144950,1736450,35.6135419,129.1004351,5.057921528,47.68294045,-3.443109563
corridor_0,12877,12877,76,100,1145050,1736450,35.6135272,129.1015389,5.56753838,48.1925573,-2.933492711
corridor_0,12878,12878,77,100,1145150,1736450,35.6135125,129.1026426,6.087966084,48.71298501,-2.413065007
corridor_0,12879,12879,78,100,1145250,1736450,35.6134979,129.1037464,6.623843311,49.24886224,-1.877187779
corridor_0,12880,12880,79,100,1145350,1736450,35.6134832,129.1048501,7.142626881,49.76764581,-1.35840421
corridor_0,12881,12881,80,100,1145450,1736450,35.6134684,129.1059538,8.097460865,50.72247979,-0.403570226
corridor_0,12882,12882,81,100,1145550,1736450,35.6134537,129.1070576,8.846411823,51.47143075,0.345380733
corridor_0,12883,12883,82,100,1145650,1736450,35.613439,129.1081613,9.550574421,52.17559335,1.04954333
corridor_0,12884,12884,83,100,1145750,1736450,35.6134243,129.1092651,10.34379494,52.96881387,1.84276385
corridor_0,12885,12885,84,100,1145850,1736450,35.6134095,129.1103688,11.09161293,53.71663186,2.590581843
corridor_0,12886,12886,85,100,1145950,1736450,35.6133947,129.1114725,11.83724511,54.46226403,3.336214015
corridor_0,12887,12887,86,100,1146050,1736450,35.61338,129.1125763,12.45886528,55.08388421,3.957834193
corridor_0,12888,12888,87,100,1146150,1736450,35.6133652,129.11368,12.6814338,55.30645272,4.180402705
corridor_0,12889,12889,88,100,1146250,1736450,35.6133504,129.1147837,12.69132149,55.31634042,4.190290401
corridor_0,12890,12890,89,100,1146350,1736450,35.6133356,129.1158875,12.50080025,55.12581918,3.99976916
corridor_0,12891,12891,90,100,1146450,1736450,35.6133208,129.1169912,12.26277077,54.8877897,3.76173968
corridor_0,12892,12892,91,100,1146550,1736450,35.613306,129.1180949,11.94919884,54.57421777,3.44816775
corridor_0,12893,12893,92,100,1146650,1736450,35.6132911,129.1191987,11.70809472,54.33311364,3.207063624
corridor_0,12894,12894,93,100,1146750,1736450,35.6132763,129.1203024,11.53794396,54.16296288,3.036912868
corridor_0,12895,12895,94,100,1146850,1736450,35.6132614,129.1214061,11.47963631,54.10465524,2.97860522
corridor_0,12896,12896,95,100,1146950,1736450,35.6132466,129.1225098,11.52743065,54.15244958,3.026399562
corridor_0,12897,12897,96,100,1147050,1736450,35.6132317,129.1236136,11.69743645,54.32245538,3.19640536
corridor_0,12898,12898,97,100,1147150,1736450,35.6132168,129.1247173,11.87957299,54.50459191,3.378541896
corridor_0,12899,12899,98,100,1147250,1736450,35.6132019,129.125821,12.0311538,54.65617272,3.530122706
corridor_0,12900,12900,99,100,1147350,1736450,35.613187,129.1269248,12.09190667,54.71692559,3.590875575
corridor_0,12901,12901,100,100,1147450,1736450,35.6131721,129.1280285,11.90522301,54.53024194,3.40419192
corridor_0,12902,12902,101,100,1147550,1736450,35.6131572,129.1291322,11.50202858,54.12704751,3.000997493
corridor_0,12903,12903,102,100,1147650,1736450,35.6131423,129.1302359,11.00954735,53.63456628,2.508516261
corridor_0,12904,12904,103,100,1147750,1736450,35.6131273,129.1313396,10.4786483,53.10366723,1.977617213
corridor_0,12905,12905,104,100,1147850,1736450,35.6131124,129.1324434,9.803431629,52.42845055,1.302400538
corridor_0,12906,12906,105,100,1147950,1736450,35.6130974,129.1335471,9.194884419,51.81990334,0.693853328
corridor_0,12907,12907,106,100,1148050,1736450,35.6130824,129.1346508,8.555640339,51.18065926,0.054609248
corridor_0,12908,12908,107,100,1148150,1736450,35.6130675,129.1357545,7.874755024,50.49977395,-0.626276067
corridor_0,12909,12909,108,100,1148250,1736450,35.6130525,129.1368582,6.916155933,49.54117486,-1.584875157
corridor_0,12910,12910,109,100,1148350,1736450,35.6130375,129.137962,5.997344135,48.62236306,-2.503686955
corridor_0,12911,12911,110,100,1148450,1736450,35.6130225,129.1390657,5.355822681,47.98084161,-3.145208409
corridor_0,12912,12912,111,100,1148550,1736450,35.6130074,129.1401694,4.735278248,47.36029717,-3.765752843
corridor_0,12913,12913,112,100,1148650,1736450,35.6129924,129.1412731,4.076808094,46.70182702,-4.424222997
corridor_0,12914,12914,113,100,1148750,1736450,35.6129774,129.1423768,3.450217365,46.07523629,-5.050813725
corridor_0,12915,12915,114,100,1148850,1736450,35.6129623,129.1434805,2.819239735,45.44425866,-5.681791356
corridor_0,12916,12916,115,100,1148950,1736450,35.6129472,129.1445842,2.068129658,44.69314858,-6.432901433
corridor_0,12917,12917,116,100,1149050,1736450,35.6129322,129.145688,1.285502552,43.91052148,-7.215528539
corridor_0,12918,12918,117,100,1149150,1736450,35.6129171,129.1467917,0.276984333,42.90200326,-8.224046758
corridor_0,12919,12919,118,100,1149250,1736450,35.612902,129.1478954,-1.0857476,41.53927132,-9.586778691
corridor_0,12920,12920,119,100,1149350,1736450,35.6128869,129.1489991,-3.519394756,39.10562417,-12.02042585
corridor_0,12937,12937,119,101,1149350,1736550,35.6137882,129.1490176,-3.970829845,38.65418908,-12.47186094
corridor_0,12938,12938,118,101,1149250,1736550,35.6138033,129.1479139,-1.359440685,41.26557824,-9.860471776
corridor_0,12939,12939,117,101,1149150,1736550,35.6138184,129.1468101,0.234839558,42.85985848,-8.266191533
corridor_0,12940,12940,116,101,1149050,1736550,35.6138334,129.1457064,1.247653126,43.87267205,-7.253377965
corridor_0,12941,12941,115,101,1148950,1736550,35.6138485,129.1446027,1.925730824,44.55074975,-6.575300267
corridor_0,12942,12942,114,101,1148850,1736550,35.6138636,129.143499,2.769366383,45.39438531,-5.731664708
corridor_0,12943,12943,113,101,1148750,1736550,35.6138786,129.1423952,3.411898731,46.03691766,-5.08913236
corridor_0,12944,12944,112,101,1148650,1736550,35.6138937,129.1412915,3.966059803,46.59107873,-4.534971288
corridor_0,12945,12945,111,101,1148550,1736550,35.6139087,129.1401878,4.656981587,47.28200051,-3.844049504
corridor_0,12946,12946,110,101,1148450,1736550,35.6139237,129.1390841,5.283003925,47.90802285,-3.218027165
corridor_0,12947,12947,109,101,1148350,1736550,35.6139388,129.1379803,5.890097736,48.51511666,-2.610933354
corridor_0,12948,12948,108,101,1148250,1736550,35.6139538,129.1368766,6.859309315,49.48432824,-1.641721776
corridor_0,12949,12949,107,101,1148150,1736550,35.6139687,129.1357729,7.740130543,50.36514947,-0.760900548
corridor_0,12950,12950,106,101,1148050,1736550,35.6139837,129.1346691,8.417449116,51.04246804,-0.083581975
corridor_0,12951,12951,105,101,1147950,1736550,35.6139987,129.1335654,9.160037159,51.78505608,0.659006068
corridor_0,12952,12952,104,101,1147850,1736550,35.6140137,129.1324617,9.819392323,52.44441125,1.318361232
corridor_0,12953,12953,103,101,1147750,1736550,35.6140286,129.1313579,10.56355202,53.18857095,2.06252093
corridor_0,12954,12954,102,101,1147650,1736550,35.6140436,129.1302542,11.13100731,53.75602624,2.629976222
corridor_0,12955,12955,101,101,1147550,1736550,35.6140585,129.1291505,11.5038749,54.12889382,3.002843806
corridor_0,12956,12956,100,101,1147450,1736550,35.6140734,129.1280467,11.88518822,54.51020715,3.38415713
corridor_0,12957,12957,99,101,1147350,1736550,35.6140883,129.126943,12.06005776,54.68507668,3.559026668
corridor_0,12958,12958,98,101,1147250,1736550,35.6141032,129.1258393,12.05247795,54.67749688,3.551446864
corridor_0,12959,12959,97,101,1147150,1736550,35.6141181,129.1247355,11.90904152,54.53406045,3.408010432
corridor_0,12960,12960,96,101,1147050,1736550,35.614133,129.1236318,11.72636712,54.35138604,3.225336024
corridor_0,12961,12961,95,101,1146950,1736550,35.6141479,129.1225281,11.59656823,54.22158715,3.095537135
corridor_0,12962,12962,94,101,1146850,1736550,35.6141627,129.1214243,11.54448616,54.16950509,3.043455073
corridor_0,12963,12963,93,101,1146750,1736550,35.6141776,129.1203206,11.58696663,54.21198556,3.085935542
corridor_0,12964,12964,92,101,1146650,1736550,35.6141924,129.1192168,11.74412072,54.36913964,3.243089625
corridor_0,12965,12965,91,101,1146550,1736550,35.6142073,129.1181131,12.02413094,54.64914986,3.523099849
corridor_0,12966,12966,90,101,1146450,1736550,35.6142221,129.1170093,12.30780709,54.93282601,3.806775996
corridor_0,12967,12967,89,101,1146350,1736550,35.6142369,129.1159056,12.50797951,55.13299844,4.006948421
corridor_0,12968,12968,88,101,1146250,1736550,35.6142517,129.1148019,12.77606118,55.4010801,4.275030086
corridor_0,12969,12969,87,101,1146150,1736550,35.6142665,129.1136981,12.95969307,55.584712,4.458661983
corridor_0,12970,12970,86,101,1146050,1736550,35.6142813,129.1125944,12.62846672,55.25348565,4.127435634
corridor_0,12971,12971,85,101,1145950,1736550,35.614296,129.1114906,11.91524804,54.54026696,3.414216945
corridor_0,12972,12972,84,101,1145850,1736550,35.6143108,129.1103869,11.02286065,53.64787957,2.521829555
corridor_0,12973,12973,83,101,1145750,1736550,35.6143255,129.1092831,10.18875801,52.81377694,1.687726924
corridor_0,12974,12974,82,101,1145650,1736550,35.6143403,129.1081794,9.522143482,52.14716241,1.021112391
corridor_0,12975,12975,81,101,1145550,1736550,35.614355,129.1070756,8.762515186,51.38753411,0.261484096
corridor_0,12976,12976,80,101,1145450,1736550,35.6143697,129.1059719,8.000983357,50.62600228,-0.500047734
corridor_0,12977,12977,79,101,1145350,1736550,35.6143845,129.1048681,7.018496632,49.64351556,-1.482534459
corridor_0,12978,12978,78,101,1145250,1736550,35.6143992,129.1037644,6.398863911,49.02388284,-2.10216718
corridor_0,12979,12979,77,101,1145150,1736550,35.6144138,129.1026606,5.842101215,48.46712014,-2.658929875
corridor_0,12980,12980,76,101,1145050,1736550,35.6144285,129.1015568,5.299567341,47.92458627,-3.20146375
corridor_0,12981,12981,75,101,1144950,1736550,35.6144432,129.1004531,4.77279961,47.39781853,-3.728231481
corridor_0,12982,12982,74,101,1144850,1736550,35.6144578,129.0993493,4.190798878,46.8158178,-4.310232213
corridor_0,12983,12983,73,101,1144750,1736550,35.6144725,129.0982456,3.673644184,46.29866311,-4.827386907
corridor_0,12984,12984,72,101,1144650,1736550,35.6144871,129.0971418,3.829959034,46.45497796,-4.671072057
corridor_0,12985,12985,71,101,1144550,1736550,35.6145018,129.0960381,3.760272144,46.38529107,-4.740758946
corridor_0,12986,12986,70,101,1144450,1736550,35.6145164,129.0949343,3.711058735,46.33607766,-4.789972356
corridor_0,12987,12987,69,101,1144350,1736550,35.614531,129.0938305,3.748190998,46.37320992,-4.752840093
corridor_0,12988,12988,68,101,1144250,1736550,35.6145456,129.0927268,2.097655415,44.72267434,-6.403375676
corridor_0,12989,12989,67,101,1144150,1736550,35.6145602,129.091623,2.749907612,45.37492654,-5.751123479
corridor_0,12990,12990,66,101,1144050,1736550,35.6145748,129.0905193,3.462737202,46.08775613,-5.038293889
corridor_0,12991,12991,65,101,1143950,1736550,35.6145893,129.0894155,4.380496143,47.00551507,-4.120534947
corridor_0,12992,12992,64,101,1143850,1736550,35.6146039,129.0883117,5.341338276,47.9663572,-3.159692815
corridor_0,12993,12993,63,101,1143750,1736550,35.6146184,129.087208,7.589381336,50.21440026,-0.911649755
corridor_0,12994,12994,62,101,1143650,1736550,35.614633,129.0861042,8.048514484,50.67353341,-0.452516606
corridor_0,12995,12995,61,101,1143550,1736550,35.6146475,129.0850004,8.412158131,51.03717706,-0.08887296
corridor_0,12996,12996,60,101,1143450,1736550,35.614662,129.0838967,7.67319405,50.29821297,-0.827837041
corridor_0,12997,12997,59,101,1143350,1736550,35.6146765,129.0827929,8.112288593,50.73730752,-0.388742497
corridor_0,12998,12998,58,101,1143250,1736550,35.614691,129.0816891,8.550318836,51.17533776,0.049287745
corridor_0,12999,12999,57,101,1143150,1736550,35.6147055,129.0805854,9.055159687,51.68017861,0.554128596
corridor_0,13000,13000,56,101,1143050,1736550,35.61472,129.0794816,9.506152271,52.1311712,1.005121181
corridor_0,13001,13001,55,101,1142950,1736550,35.6147345,129.0783778,9.999255299,52.62427422,1.498224208
corridor_0,13002,13002,54,101,1142850,1736550,35.6147489,129.077274,10.51268685,53.13770577,2.011655757
corridor_0,13003,13003,53,101,1142750,1736550,35.6147634,129.0761703,11.0255996,53.65061852,2.524568507
corridor_0,13004,13004,52,101,1142650,1736550,35.6147778,129.0750665,11.6144706,54.23948952,3.113439509
corridor_0,13005,13005,51,101,1142550,1736550,35.6147922,129.0739627,12.1420356,54.76705453,3.641004512
corridor_0,13006,13006,50,101,1142450,1736550,35.6148066,129.0728589,12.58024514,55.20526406,4.079214046
corridor_0,13007,13007,49,101,1142350,1736550,35.6148211,129.0717552,12.99970543,55.62472436,4.498674342
corridor_0,13008,13008,48,101,1142250,1736550,35.6148355,129.0706514,13.24851143,55.87353036,4.747480342
corridor_0,13009,13009,47,101,1142150,1736550,35.6148498,129.0695476,13.36537087,55.99038979,4.864339778
corridor_0,13010,13010,46,101,1142050,1736550,35.6148642,129.0684438,13.38350212,56.00852105,4.882471034
corridor_0,13011,13011,45,101,1141950,1736550,35.6148786,129.0673401,13.38839638,56.01341531,4.887365291
corridor_0,13012,13012,44,101,1141850,1736550,35.6148929,129.0662363,13.38683617,56.01185509,4.885805079
corridor_0,13013,13013,43,101,1141750,1736550,35.6149073,129.0651325,13.42713463,56.05215356,4.926103541
corridor_0,13014,13014,42,101,1141650,1736550,35.6149216,129.0640287,13.42233193,56.04735085,4.921300838
corridor_0,13015,13015,41,101,1141550,1736550,35.6149359,129.0629249,13.49524987,56.12026879,4.994218776
corridor_0,13016,13016,40,101,1141450,1736550,35.6149503,129.0618211,13.5987426,56.22376153,5.097711513
corridor_0,13017,13017,39,101,1141350,1736550,35.6149646,129.0607174,13.56213677,56.18715569,5.061105678
corridor_0,13018,13018,38,101,1141250,1736550,35.6149789,129.0596136,13.32657921,55.95159814,4.825548121
corridor_0,13019,13019,37,101,1141150,1736550,35.6149931,129.0585098,13.06901085,55.69402978,4.567979762
corridor_0,13020,13020,36,101,1141050,1736550,35.6150074,129.057406,12.76726448,55.39228341,4.266233394
corridor_0,13021,13021,35,101,1140950,1736550,35.6150217,129.0563022,12.46848595,55.09350488,3.96745486
corridor_0,13022,13022,34,101,1140850,1736550,35.6150359,129.0551984,12.19075692,54.81577584,3.689725825
corridor_0,13023,13023,33,101,1140750,1736550,35.6150502,129.0540946,11.81740105,54.44241998,3.31636996
corridor_0,13024,13024,32,101,1140650,1736550,35.6150644,129.0529909,11.4953376,54.12035653,2.994306514
corridor_0,13025,13025,31,101,1140550,1736550,35.6150787,129.0518871,10.87097084,53.49598977,2.369939754
corridor_0,13026,13026,30,101,1140450,1736550,35.6150929,129.0507833,10.28995049,52.91496941,1.788919398
corridor_0,13027,13027,29,101,1140350,1736550,35.6151071,129.0496795,9.67099297,52.29601189,1.169961879
corridor_0,13028,13028,28,101,1140250,1736550,35.6151213,129.0485757,9.049002766,51.67402169,0.547971675
corridor_0,13029,13029,27,101,1140150,1736550,35.6151354,129.0474719,8.341426014,50.96644494,-0.159605077
corridor_0,13030,13030,26,101,1140050,1736550,35.6151496,129.0463681,7.657588123,50.28260705,-0.843442967
corridor_0,13031,13031,25,101,1139950,1736550,35.6151638,129.0452643,6.858374714,49.48339364,-1.642656377
corridor_0,13032,13032,24,101,1139850,1736550,35.6151779,129.0441605,6.107504963,48.73252389,-2.393526128
corridor_0,13033,13033,23,101,1139750,1736550,35.6151921,129.0430567,5.336615681,47.96163461,-3.16441541
corridor_0,13034,13034,22,101,1139650,1736550,35.6152062,129.0419529,4.602770924,47.22778985,-3.898260167
corridor_0,13035,13035,21,101,1139550,1736550,35.6152203,129.0408491,3.799662708,46.42468163,-4.701368382
corridor_0,13036,13036,20,101,1139450,1736550,35.6152345,129.0397453,3.037451862,45.66247079,-5.463579228
corridor_0,13037,13037,19,101,1139350,1736550,35.6152486,129.0386415,2.244063496,44.86908242,-6.256967595
corridor_0,13038,13038,18,101,1139250,1736550,35.6152627,129.0375377,1.393328785,44.01834771,-7.107702306
corridor_0,13039,13039,17,101,1139150,1736550,35.6152767,129.0364339,0.498644947,43.12366387,-8.002386144
corridor_0,13040,13040,16,101,1139050,1736550,35.6152908,129.0353301,-0.516793133,42.10822579,-9.017824224
corridor_0,13041,13041,15,101,1138950,1736550,35.6153049,129.0342263,-1.668763042,40.95625588,-10.16979413
corridor_0,13042,13042,14,101,1138850,1736550,35.6153189,129.0331225,-2.718171001,39.90684792,-11.21920209
corridor_0,13043,13043,13,101,1138750,1736550,35.615333,129.0320187,-4.34697044,38.27804848,-12.84800153
corridor_0,13044,13044,12,101,1138650,1736550,35.615347,129.0309149,-7.530239941,35.09477898,-16.03127103
corridor_0,13045,13045,11,101,1138550,1736550,35.615361,129.0298111,-13.77538383,28.84963509,-22.27641492
corridor_0,13068,13068,11,102,1138550,1736650,35.6162624,129.0298283,-10.77104843,31.8539705,-19.27207952
corridor_0,13069,13069,12,102,1138650,1736650,35.6162483,129.0309321,-5.805645824,36.8193731,-14.30667692
corridor_0,13070,13070,13,102,1138750,1736650,35.6162343,129.0320359,-3.78736961,38.83764931,-12.2884007
corridor_0,13071,13071,14,102,1138850,1736650,35.6162203,129.0331397,-2.298249126,40.3267698,-10.79928022
corridor_0,13072,13072,15,102,1138950,1736650,35.6162062,129.0342435,-1.28642738,41.33859154,-9.78745847
corridor_0,13073,13073,16,102,1139050,1736650,35.6161921,129.0353473,0.008051991,42.63307092,-8.4929791
corridor_0,13074,13074,17,102,1139150,1736650,35.6161781,129.0364512,0.805781483,43.43080041,-7.695249608
corridor_0,13075,13075,18,102,1139250,1736650,35.616164,129.037555,1.693625568,44.31864449,-6.807405522
corridor_0,13076,13076,19,102,1139350,1736650,35.6161499,129.0386588,2.50926125,45.13428017,-5.991769841
corridor_0,13077,13077,20,102,1139450,1736650,35.6161358,129.0397626,3.23279488,45.8578138,-5.268236211
corridor_0,13078,13078,21,102,1139550,1736650,35.6161217,129.0408664,4.095404743,46.72042367,-4.405626348
corridor_0,13079,13079,22,102,1139650,1736650,35.6161075,129.0419702,4.853186726,47.47820565,-3.647844365
corridor_0,13080,13080,23,102,1139750,1736650,35.6160934,129.043074,5.65278542,48.27780434,-2.848245671
corridor_0,13081,13081,24,102,1139850,1736650,35.6160793,129.0441778,6.442587971,49.0676069,-2.05844312
corridor_0,13082,13082,25,102,1139950,1736650,35.6160651,129.0452816,7.191599964,49.81661889,-1.309431127
corridor_0,13083,13083,26,102,1140050,1736650,35.6160509,129.0463855,7.995024799,50.62004372,-0.506006291
corridor_0,13084,13084,27,102,1140150,1736650,35.6160368,129.0474893,8.816886067,51.44190499,0.315854976
corridor_0,13085,13085,28,102,1140250,1736650,35.6160226,129.0485931,9.555583119,52.18060204,1.054552028
corridor_0,13086,13086,29,102,1140350,1736650,35.6160084,129.0496969,10.24167168,52.86669061,1.74064059
corridor_0,13087,13087,30,102,1140450,1736650,35.6159942,129.0508007,10.90042031,53.52543923,2.399389216
corridor_0,13088,13088,31,102,1140550,1736650,35.61598,129.0519045,11.43894112,54.06396004,2.937910029
corridor_0,13089,13089,32,102,1140650,1736650,35.6159657,129.0530083,12.01255715,54.63757607,3.511526057
corridor_0,13090,13090,33,102,1140750,1736650,35.6159515,129.0541121,12.37698281,55.00200173,3.875951716
corridor_0,13091,13091,34,102,1140850,1736650,35.6159373,129.0552159,12.56667626,55.19169518,4.065645167
corridor_0,13092,13092,35,102,1140950,1736650,35.615923,129.0563197,12.79326165,55.41828057,4.292230556
corridor_0,13093,13093,36,102,1141050,1736650,35.6159087,129.0574235,13.04279244,55.66781136,4.541761348
corridor_0,13094,13094,37,102,1141150,1736650,35.6158945,129.0585273,13.22773659,55.85275552,4.726705501
corridor_0,13095,13095,38,102,1141250,1736650,35.6158802,129.0596311,13.36081612,55.98583504,4.859785029
corridor_0,13096,13096,39,102,1141350,1736650,35.6158659,129.0607349,13.41248619,56.03750512,4.911455104
corridor_0,13097,13097,40,102,1141450,1736650,35.6158516,129.0618387,13.37292015,55.99793908,4.871889064
corridor_0,13098,13098,41,102,1141550,1736650,35.6158373,129.0629425,13.3728286,55.99784753,4.871797511
corridor_0,13099,13099,42,102,1141650,1736650,35.6158229,129.0640463,13.36116707,55.986186,4.860135982
corridor_0,13100,13100,43,102,1141750,1736650,35.6158086,129.0651501,13.34931862,55.97433755,4.848287532
corridor_0,13101,13101,44,102,1141850,1736650,35.6157943,129.0662538,13.32927239,55.95429131,4.828241298
corridor_0,13102,13102,45,102,1141950,1736650,35.6157799,129.0673576,13.36646187,55.9914808,4.865430781
corridor_0,13103,13103,46,102,1142050,1736650,35.6157655,129.0684614,13.37722313,56.00224206,4.876192042
corridor_0,13104,13104,47,102,1142150,1736650,35.6157512,129.0695652,13.25757515,55.88259408,4.756544063
corridor_0,13105,13105,48,102,1142250,1736650,35.6157368,129.070669,13.04157174,55.66659066,4.540540645
corridor_0,13106,13106,49,102,1142350,1736650,35.6157224,129.0717728,12.76760781,55.39262673,4.266576716
corridor_0,13107,13107,50,102,1142450,1736650,35.615708,129.0728766,12.30469811,54.92971703,3.803667018
corridor_0,13108,13108,51,102,1142550,1736650,35.6156935,129.0739804,11.71277535,54.33779427,3.211744258
corridor_0,13109,13109,52,102,1142650,1736650,35.6156791,129.0750842,11.19415581,53.81917474,2.693124721
corridor_0,13110,13110,53,102,1142750,1736650,35.6156647,129.076188,10.60645211,53.23147103,2.105421016
corridor_0,13111,13111,54,102,1142850,1736650,35.6156502,129.0772917,10.09786904,52.72288796,1.596837947
corridor_0,13112,13112,55,102,1142950,1736650,35.6156358,129.0783955,9.550719379,52.1757383,1.049688289
corridor_0,13113,13113,56,102,1143050,1736650,35.6156213,129.0794993,9.071848988,51.69686791,0.570817897
corridor_0,13114,13114,57,102,1143150,1736650,35.6156068,129.0806031,8.597441792,51.22246072,0.096410701
corridor_0,13115,13115,58,102,1143250,1736650,35.6155923,129.0817069,8.133349537,50.75836846,-0.367681554
corridor_0,13116,13116,59,102,1143350,1736650,35.6155778,129.0828107,7.640231251,50.26525018,-0.86079984
corridor_0,13117,13117,60,102,1143450,1736650,35.6155633,129.0839144,7.173354267,49.79837319,-1.327676824
corridor_0,13118,13118,61,102,1143550,1736650,35.6155488,129.0850182,6.545336842,49.17035577,-1.955694249
corridor_0,13119,13119,62,102,1143650,1736650,35.6155343,129.086122,5.935523151,48.56054208,-2.565507939
corridor_0,13120,13120,63,102,1143750,1736650,35.6155197,129.0872258,5.259120106,47.88413903,-3.241910985
corridor_0,13121,13121,64,102,1143850,1736650,35.6155052,129.0883296,4.411963581,47.03698251,-4.08906751
corridor_0,13122,13122,65,102,1143950,1736650,35.6154906,129.0894333,3.35351479,45.97853371,-5.147516301
corridor_0,13123,13123,66,102,1144050,1736650,35.6154761,129.0905371,2.741858601,45.36687753,-5.75917249
corridor_0,13124,13124,67,102,1144150,1736650,35.6154615,129.0916409,2.079680561,44.70469949,-6.42135053
corridor_0,13125,13125,68,102,1144250,1736650,35.6154469,129.0927447,1.35734856,43.98236748,-7.14368253
corridor_0,13126,13126,69,102,1144350,1736650,35.6154323,129.0938484,2.615862965,45.24088189,-5.885168126
corridor_0,13127,13127,70,102,1144450,1736650,35.6154177,129.0949522,3.210978626,45.83599755,-5.290052464
corridor_0,13128,13128,71,102,1144550,1736650,35.6154031,129.096056,3.113600849,45.73861977,-5.387430242
corridor_0,13129,13129,72,102,1144650,1736650,35.6153884,129.0971597,2.394755482,45.01977441,-6.106275609
corridor_0,13130,13130,73,102,1144750,1736650,35.6153738,129.0982635,3.036830067,45.66184899,-5.464201024
corridor_0,13131,13131,74,102,1144850,1736650,35.6153591,129.0993673,3.743331074,46.36835,-4.757700017
corridor_0,13132,13132,75,102,1144950,1736650,35.6153445,129.1004711,4.359835743,46.98485467,-4.141195348
corridor_0,13133,13133,76,102,1145050,1736650,35.6153298,129.1015748,5.027125477,47.6521444,-3.473905614
corridor_0,13134,13134,77,102,1145150,1736650,35.6153151,129.1026786,5.594458698,48.21947762,-2.906572392
corridor_0,13135,13135,78,102,1145250,1736650,35.6153004,129.1037824,6.173171162,48.79819009,-2.327859929
corridor_0,13136,13136,79,102,1145350,1736650,35.6152857,129.1048861,6.768096088,49.39311501,-1.732935002
corridor_0,13137,13137,80,102,1145450,1736650,35.615271,129.1059899,7.864707111,50.48972604,-0.636323979
corridor_0,13138,13138,81,102,1145550,1736650,35.6152563,129.1070936,8.574599384,51.19961831,0.073568294
corridor_0,13139,13139,82,102,1145650,1736650,35.6152416,129.1081974,9.324801563,51.94982049,0.823770473
corridor_0,13140,13140,83,102,1145750,1736650,35.6152268,129.1093012,10.01507866,52.64009759,1.514047572
corridor_0,13141,13141,84,102,1145850,1736650,35.6152121,129.1104049,10.70039666,53.32541558,2.199365565
corridor_0,13142,13142,85,102,1145950,1736650,35.6151973,129.1115087,11.57400811,54.19902703,3.072977015
corridor_0,13143,13143,86,102,1146050,1736650,35.6151826,129.1126125,12.33642495,54.96144387,3.835393855
corridor_0,13144,13144,87,102,1146150,1736650,35.6151678,129.1137162,12.96056282,55.58558175,4.459531734
corridor_0,13145,13145,88,102,1146250,1736650,35.615153,129.11482,12.80692589,55.43194482,4.305894801
corridor_0,13146,13146,89,102,1146350,1736650,35.6151382,129.1159237,12.54549324,55.17051217,4.044462153
corridor_0,13147,13147,90,102,1146450,1736650,35.6151234,129.1170275,12.3374511,54.96247002,3.836420009
corridor_0,13148,13148,91,102,1146550,1736650,35.6151086,129.1181312,12.03910363,54.66412255,3.538072536
corridor_0,13149,13149,92,102,1146650,1736650,35.6150937,129.119235,11.83602822,54.46104714,3.334997127
corridor_0,13150,13150,93,102,1146750,1736650,35.6150789,129.1203388,11.6839515,54.30897042,3.182920405
corridor_0,13151,13151,94,102,1146850,1736650,35.615064,129.1214425,11.66041863,54.28543755,3.159387538
corridor_0,13152,13152,95,102,1146950,1736650,35.6150492,129.1225463,11.70323098,54.3282499,3.202199885
corridor_0,13153,13153,96,102,1147050,1736650,35.6150343,129.12365,11.83953774,54.46455666,3.338506648
corridor_0,13154,13154,97,102,1147150,1736650,35.6150194,129.1247538,12.02232659,54.64734551,3.521295497
corridor_0,13155,13155,98,102,1147250,1736650,35.6150045,129.1258575,12.17479241,54.79981133,3.673761317
corridor_0,13156,13156,99,102,1147350,1736650,35.6149896,129.1269613,12.11143792,54.73645684,3.610406825
corridor_0,13157,13157,100,102,1147450,1736650,35.6149747,129.128065,11.91313088,54.5381498,3.412099788
corridor_0,13158,13158,101,102,1147550,1736650,35.6149598,129.1291688,11.68382943,54.30884835,3.182798335
corridor_0,13159,13159,102,102,1147650,1736650,35.6149448,129.1302725,11.25821221,53.88323113,2.757181117
corridor_0,13160,13160,103,102,1147750,1736650,35.6149299,129.1313763,10.57089913,53.19591805,2.069868037
corridor_0,13161,13161,104,102,1147850,1736650,35.614915,129.13248,9.921275257,52.54629418,1.420244166
corridor_0,13162,13162,105,102,1147950,1736650,35.6149,129.1335837,9.130797504,51.75581643,0.629766414
corridor_0,13163,13163,106,102,1148050,1736650,35.614885,129.1346875,8.375735401,51.00075433,-0.12529569
corridor_0,13164,13164,107,102,1148150,1736650,35.61487,129.1357912,7.636168598,50.26118752,-0.864862493
corridor_0,13165,13165,108,102,1148250,1736650,35.614855,129.136895,6.773974537,49.39899346,-1.727056554
corridor_0,13166,13166,109,102,1148350,1736650,35.61484,129.1379987,5.824263691,48.44928262,-2.6767674
corridor_0,13167,13167,110,102,1148450,1736650,35.614825,129.1391025,5.175707935,47.80072686,-3.325323155
corridor_0,13168,13168,111,102,1148550,1736650,35.61481,129.1402062,4.541812061,47.16683099,-3.959219029
corridor_0,13169,13169,112,102,1148650,1736650,35.614795,129.1413099,3.916281818,46.54130074,-4.584749272
corridor_0,13170,13170,113,102,1148750,1736650,35.6147799,129.1424137,3.196231007,45.82124993,-5.304800084
corridor_0,13171,13171,114,102,1148850,1736650,35.6147649,129.1435174,2.537402271,45.1624212,-5.963628819
corridor_0,13172,13172,115,102,1148950,1736650,35.6147498,129.1446211,1.869040608,44.49405953,-6.631990483
corridor_0,13173,13173,116,102,1149050,1736650,35.6147347,129.1457249,0.925051807,43.55007073,-7.575979283
corridor_0,13174,13174,117,102,1149150,1736650,35.6147196,129.1468286,0.191062092,42.81608102,-8.309968999
corridor_0,13175,13175,118,102,1149250,1736650,35.6147045,129.1479324,-1.399815441,41.22520348,-9.900846532
corridor_0,13176,13176,119,102,1149350,1736650,35.6146894,129.1490361,-4.45735252,38.1676664,-12.95838361
corridor_0,13193,13193,119,103,1149350,1736750,35.6155907,129.1490546,-4.998028637,37.62699029,-13.49905973
corridor_0,13194,13194,118,103,1149250,1736750,35.6156058,129.1479508,-1.442032696,41.18298623,-9.943063787
corridor_0,13195,13195,117,103,1149150,1736750,35.6156209,129.1468471,-0.190983654,42.43403527,-8.692014745
corridor_0,13196,13196,116,103,1149050,1736750,35.615636,129.1457433,0.872317432,43.49733636,-7.628713658
corridor_0,13197,13197,115,103,1148950,1736750,35.6156511,129.1446396,1.698508381,44.32352731,-6.80252271
corridor_0,13198,13198,114,103,1148850,1736750,35.6156661,129.1435359,2.367526173,44.9925451,-6.133504918
corridor_0,13199,13199,113,103,1148750,1736750,35.6156812,129.1424321,3.117694019,45.74271294,-5.383337071
corridor_0,13200,13200,112,103,1148650,1736750,35.6156962,129.1413284,3.779578327,46.40459725,-4.721452764
corridor_0,13201,13201,111,103,1148550,1736750,35.6157113,129.1402246,4.421649098,47.04666802,-4.079381993
corridor_0,13202,13202,110,103,1148450,1736750,35.6157263,129.1391208,5.074362873,47.6993818,-3.426668218
corridor_0,13203,13203,109,103,1148350,1736750,35.6157413,129.1380171,5.745299458,48.37031838,-2.755731633
corridor_0,13204,13204,108,103,1148250,1736750,35.6157563,129.1369133,6.735983967,49.36100289,-1.765047124
corridor_0,13205,13205,107,103,1148150,1736750,35.6157713,129.1358096,7.528681873,50.1537008,-0.972349217
corridor_0,13206,13206,106,103,1148050,1736750,35.6157863,129.1347058,8.279795765,50.90481469,-0.221235326
corridor_0,13207,13207,105,103,1147950,1736750,35.6158013,129.1336021,9.057494282,51.68251321,0.556463191
corridor_0,13208,13208,104,103,1147850,1736750,35.6158162,129.1324983,9.875987171,52.5010061,1.37495608
corridor_0,13209,13209,103,103,1147750,1736750,35.6158312,129.1313946,10.71067345,53.33569238,2.20964236
corridor_0,13210,13210,102,103,1147650,1736750,35.6158461,129.1302908,11.21622384,53.84124276,2.715192744
corridor_0,13211,13211,101,103,1147550,1736750,35.6158611,129.129187,11.66270363,54.28772256,3.161672542
corridor_0,13212,13212,100,103,1147450,1736750,35.615876,129.1280833,12.0100013,54.63502023,3.50897021
corridor_0,13213,13213,99,103,1147350,1736750,35.6158909,129.1269795,12.1101104,54.73512933,3.60907931
corridor_0,13214,13214,98,103,1147250,1736750,35.6159058,129.1258758,12.17143929,54.79645821,3.670408198
corridor_0,13215,13215,97,103,1147150,1736750,35.6159207,129.124772,12.1166259,54.74164483,3.615594813
corridor_0,13216,13216,96,103,1147050,1736750,35.6159356,129.1236682,11.96768486,54.59270379,3.466653773
corridor_0,13217,13217,95,103,1146950,1736750,35.6159505,129.1225645,11.83220208,54.457221,3.331170985
corridor_0,13218,13218,94,103,1146850,1736750,35.6159653,129.1214607,11.77442849,54.39944741,3.273397395
corridor_0,13219,13219,93,103,1146750,1736750,35.6159802,129.1203569,11.81111443,54.43613335,3.310083339
corridor_0,13220,13220,92,103,1146650,1736750,35.615995,129.1192532,11.96713555,54.59215447,3.466104457
corridor_0,13221,13221,91,103,1146550,1736750,35.6160098,129.1181494,12.15634072,54.78135964,3.655309627
corridor_0,13222,13222,90,103,1146450,1736750,35.6160247,129.1170456,12.3773185,55.00233743,3.87628741
corridor_0,13223,13223,89,103,1146350,1736750,35.6160395,129.1159419,12.51497948,55.13999841,4.01394839
corridor_0,13224,13224,88,103,1146250,1736750,35.6160543,129.1148381,12.64301979,55.26803872,4.141988704
corridor_0,13225,13225,87,103,1146150,1736750,35.6160691,129.1137343,12.5801574,55.20517632,4.079126307
corridor_0,13226,13226,86,103,1146050,1736750,35.6160839,129.1126306,11.92178261,54.54680154,3.420751521
corridor_0,13227,13227,85,103,1145950,1736750,35.6160986,129.1115268,11.23224175,53.85726067,2.731210658
corridor_0,13228,13228,84,103,1145850,1736750,35.6161134,129.110423,10.53655541,53.16157433,2.035524318
corridor_0,13229,13229,83,103,1145750,1736750,35.6161281,129.1093192,9.800105213,52.42512414,1.299074122
corridor_0,13230,13230,82,103,1145650,1736750,35.6161429,129.1082155,9.040728687,51.66574761,0.539697597
corridor_0,13231,13231,81,103,1145550,1736750,35.6161576,129.1071117,8.309584736,50.93460366,-0.191446355
corridor_0,13232,13232,80,103,1145450,1736750,35.6161723,129.1060079,7.598651051,50.22366998,-0.90238004
corridor_0,13233,13233,79,103,1145350,1736750,35.616187,129.1049041,6.507121204,49.13214013,-1.993909886
corridor_0,13234,13234,78,103,1145250,1736750,35.6162017,129.1038004,5.910193562,48.53521249,-2.590837529
corridor_0,13235,13235,77,103,1145150,1736750,35.6162164,129.1026966,5.270999073,47.896018,-3.230032018
corridor_0,13236,13236,76,103,1145050,1736750,35.6162311,129.1015928,4.613898396,47.23891732,-3.887132695
corridor_0,13237,13237,75,103,1144950,1736750,35.6162458,129.100489,4.061122059,46.68614098,-4.439909032
corridor_0,13238,13238,74,103,1144850,1736750,35.6162604,129.0993852,3.434233784,46.05925271,-5.066797307
corridor_0,13239,13239,73,103,1144750,1736750,35.6162751,129.0982814,2.804198383,45.42921731,-5.696832707
corridor_0,13240,13240,72,103,1144650,1736750,35.6162897,129.0971777,2.044570088,44.66958901,-6.456461003
corridor_0,13241,13241,71,103,1144550,1736750,35.6163044,129.0960739,1.743598103,44.36861703,-6.757432988
corridor_0,13242,13242,70,103,1144450,1736750,35.616319,129.0949701,2.187529682,44.81254861,-6.313501409
corridor_0,13243,13243,69,103,1144350,1736750,35.6163336,129.0938663,1.571810841,44.19682977,-6.92922025
corridor_0,13244,13244,68,103,1144250,1736750,35.6163482,129.0927625,0.50975716,43.13477608,-7.991273931
corridor_0,13245,13245,67,103,1144150,1736750,35.6163628,129.0916587,1.434836506,44.05985543,-7.066194585
corridor_0,13246,13246,66,103,1144050,1736750,35.6163774,129.090555,2.137133717,44.76215264,-6.363897374
corridor_0,13247,13247,65,103,1143950,1736750,35.6163919,129.0894512,2.811484455,45.43650338,-5.689546636
corridor_0,13248,13248,64,103,1143850,1736750,35.6164065,129.0883474,3.450812458,46.07583138,-5.050218633
corridor_0,13249,13249,63,103,1143750,1736750,35.616421,129.0872436,4.652487873,47.2775068,-3.848543218
corridor_0,13250,13250,62,103,1143650,1736750,35.6164356,129.0861398,5.417098164,48.04211709,-3.083932927
corridor_0,13251,13251,61,103,1143550,1736750,35.6164501,129.085036,6.150054096,48.77507302,-2.350976995
corridor_0,13252,13252,60,103,1143450,1736750,35.6164646,129.0839322,6.685576557,49.31059548,-1.815454534
corridor_0,13253,13253,59,103,1143350,1736750,35.6164791,129.0828284,7.197966694,49.82298562,-1.303064397
corridor_0,13254,13254,58,103,1143250,1736750,35.6164936,129.0817246,7.735663532,50.36068246,-0.765367558
corridor_0,13255,13255,57,103,1143150,1736750,35.6165081,129.0806208,8.198058247,50.82307717,-0.302972844
corridor_0,13256,13256,56,103,1143050,1736750,35.6165226,129.079517,8.663210987,51.28822991,0.162179896
corridor_0,13257,13257,55,103,1142950,1736750,35.6165371,129.0784132,9.170561909,51.79558083,0.669530818
corridor_0,13258,13258,54,103,1142850,1736750,35.6165515,129.0773094,9.668414234,52.29343316,1.167383143
corridor_0,13259,13259,53,103,1142750,1736750,35.616566,129.0762056,10.24116814,52.86618707,1.74013705
corridor_0,13260,13260,52,103,1142650,1736750,35.6165804,129.0751018,10.78909981,53.41411874,2.288068721
corridor_0,13261,13261,51,103,1142550,1736750,35.6165949,129.073998,11.27476036,53.89977929,2.773729274
corridor_0,13262,13262,50,103,1142450,1736750,35.6166093,129.0728942,11.94258416,54.56760308,3.441553065
corridor_0,13263,13263,49,103,1142350,1736750,35.6166237,129.0717904,12.4382621,55.06328103,3.937231013
corridor_0,13264,13264,48,103,1142250,1736750,35.6166381,129.0706866,12.84226143,55.46728036,4.341230342
corridor_0,13265,13265,47,103,1142150,1736750,35.6166525,129.0695828,13.12073433,55.74575326,4.619703242
corridor_0,13266,13266,46,103,1142050,1736750,35.6166668,129.068479,13.29288399,55.91790292,4.791852901
corridor_0,13267,13267,45,103,1141950,1736750,35.6166812,129.0673752,13.31725228,55.9422712,4.816221187
corridor_0,13268,13268,44,103,1141850,1736750,35.6166956,129.0662714,13.28795159,55.91297051,4.786920497
corridor_0,13269,13269,43,103,1141750,1736750,35.6167099,129.0651676,13.28055489,55.90557381,4.779523799
corridor_0,13270,13270,42,103,1141650,1736750,35.6167243,129.0640638,13.28562462,55.91064355,4.784593532
corridor_0,13271,13271,41,103,1141550,1736750,35.6167386,129.06296,13.32900155,55.95402047,4.827970454
corridor_0,13272,13272,40,103,1141450,1736750,35.6167529,129.0618562,13.35435402,55.97937295,4.853322932
corridor_0,13273,13273,39,103,1141350,1736750,35.6167672,129.0607524,13.37181389,55.99683282,4.870782802
corridor_0,13274,13274,38,103,1141250,1736750,35.6167815,129.0596486,13.37292015,55.99793908,4.871889064
corridor_0,13275,13275,37,103,1141150,1736750,35.6167958,129.0585448,13.32310784,55.94812676,4.822076747
corridor_0,13276,13276,36,103,1141050,1736750,35.6168101,129.057441,13.25680077,55.88181969,4.755769679
corridor_0,13277,13277,35,103,1140950,1736750,35.6168243,129.0563371,13.13600457,55.76102349,4.634973475
corridor_0,13278,13278,34,103,1140850,1736750,35.6168386,129.0552333,12.9647094,55.58972832,4.463678309
corridor_0,13279,13279,33,103,1140750,1736750,35.6168528,129.0541295,12.77401268,55.39903161,4.272981593
corridor_0,13280,13280,32,103,1140650,1736750,35.6168671,129.0530257,12.45899498,55.08401391,3.957963893
corridor_0,13281,13281,31,103,1140550,1736750,35.6168813,129.0519219,12.07760537,54.70262429,3.576574275
corridor_0,13282,13282,30,103,1140450,1736750,35.6168955,129.0508181,11.59205162,54.21707055,3.091020534
corridor_0,13283,13283,29,103,1140350,1736750,35.6169097,129.0497143,10.92011559,53.54513451,2.419084498
corridor_0,13284,13284,28,103,1140250,1736750,35.6169239,129.0486104,10.03616249,52.66118142,1.535131404
corridor_0,13285,13285,27,103,1140150,1736750,35.6169381,129.0475066,9.184100269,51.80911919,0.683069179
corridor_0,13286,13286,26,103,1140050,1736750,35.6169523,129.0464028,8.332427143,50.95744607,-0.168603948
corridor_0,13287,13287,25,103,1139950,1736750,35.6169664,129.045299,7.524138569,50.14915749,-0.976892522
corridor_0,13288,13288,24,103,1139850,1736750,35.6169806,129.0441952,6.659110188,49.28412911,-1.841920903
corridor_0,13289,13289,23,103,1139750,1736750,35.6169947,129.0430913,5.867804646,48.49282357,-2.633226445
corridor_0,13290,13290,22,103,1139650,1736750,35.6170089,129.0419875,5.05361092,47.67862984,-3.447420171
corridor_0,13291,13291,21,103,1139550,1736750,35.617023,129.0408837,4.327639698,46.95265862,-4.173391393
corridor_0,13292,13292,20,103,1139450,1736750,35.6170371,129.0397799,3.471446156,46.09646508,-5.029584935
corridor_0,13293,13293,19,103,1139350,1736750,35.6170512,129.0386761,2.757102131,45.38212106,-5.74392896
corridor_0,13294,13294,18,103,1139250,1736750,35.6170653,129.0375722,1.835032581,44.46005151,-6.665998509
corridor_0,13295,13295,17,103,1139150,1736750,35.6170794,129.0364684,1.059153675,43.6841726,-7.441877416
corridor_0,13296,13296,16,103,1139050,1736750,35.6170935,129.0353646,0.112307667,42.73732659,-8.388723424
corridor_0,13297,13297,15,103,1138950,1736750,35.6171075,129.0342607,-0.951138378,41.67388055,-9.452169469
corridor_0,13298,13298,14,103,1138850,1736750,35.6171216,129.0331569,-2.19809425,40.42692467,-10.69912534
corridor_0,13299,13299,13,103,1138750,1736750,35.6171356,129.0320531,-3.313671947,39.31134698,-11.81470304
corridor_0,13300,13300,12,103,1138650,1736750,35.6171497,129.0309493,-5.129441143,37.49557778,-13.63047223
corridor_0,13301,13301,11,103,1138550,1736750,35.6171637,129.0298454,-10.71385467,31.91116425,-19.21488576
corridor_0,13324,13324,11,104,1138550,1736850,35.618065,129.0298626,-8.98689735,33.63812157,-17.48792844
corridor_0,13325,13325,12,104,1138650,1736850,35.618051,129.0309664,-5.069908977,37.55510995,-13.57094007
corridor_0,13326,13326,13,104,1138750,1736850,35.618037,129.0320703,-3.252301098,39.37271783,-11.75333219
corridor_0,13327,13327,14,104,1138850,1736850,35.6180229,129.0331741,-1.832074047,40.79294488,-10.33310514
corridor_0,13328,13328,15,104,1138950,1736850,35.6180089,129.034278,-0.666783214,41.95823571,-9.167814305
corridor_0,13329,13329,16,104,1139050,1736850,35.6179948,129.0353818,0.376547932,43.00156686,-8.124483159
corridor_0,13330,13330,17,104,1139150,1736850,35.6179807,129.0364856,1.152667164,43.77768609,-7.348363927
corridor_0,13331,13331,18,104,1139250,1736850,35.6179666,129.0375895,2.038760304,44.66377923,-6.462270787
corridor_0,13332,13332,19,104,1139350,1736850,35.6179525,129.0386933,2.866721272,45.4917402,-5.634309819
corridor_0,13333,13333,20,104,1139450,1736850,35.6179384,129.0397972,3.597792744,46.22281167,-4.903238347
corridor_0,13334,13334,21,104,1139550,1736850,35.6179243,129.040901,4.404524921,47.02954385,-4.096506169
corridor_0,13335,13335,22,104,1139650,1736850,35.6179102,129.0420048,5.268244862,47.89326379,-3.232786229
corridor_0,13336,13336,23,104,1139750,1736850,35.6178961,129.0431087,6.073287129,48.69830605,-2.427743962
corridor_0,13337,13337,24,104,1139850,1736850,35.6178819,129.0442125,6.934569477,49.5595884,-1.566461614
corridor_0,13338,13338,25,104,1139950,1736850,35.6178678,129.0453163,7.781031727,50.40605065,-0.719999364
corridor_0,13339,13339,26,104,1140050,1736850,35.6178536,129.0464202,8.650179981,51.27519891,0.14914889
corridor_0,13340,13340,27,104,1140150,1736850,35.6178394,129.047524,9.569258808,52.19427773,1.068227717
corridor_0,13341,13341,28,104,1140250,1736850,35.6178252,129.0486278,10.49033654,53.11535546,1.989305446
corridor_0,13342,13342,29,104,1140350,1736850,35.617811,129.0497316,11.37034523,53.99536416,2.869314143
corridor_0,13343,13343,30,104,1140450,1736850,35.6177968,129.0508355,12.12645638,54.7514753,3.625425288
corridor_0,13344,13344,31,104,1140550,1736850,35.6177826,129.0519393,12.71594536,55.34096429,4.214914271
corridor_0,13345,13345,32,104,1140650,1736850,35.6177684,129.0530431,13.07196724,55.69698617,4.570936152
corridor_0,13346,13346,33,104,1140750,1736850,35.6177541,129.054147,13.1932975,55.81831643,4.692266414
corridor_0,13347,13347,34,104,1140850,1736850,35.6177399,129.0552508,13.24957192,55.87459084,4.748540828
corridor_0,13348,13348,35,104,1140950,1736850,35.6177256,129.0563546,13.39478981,56.01980874,4.893758723
corridor_0,13349,13349,36,104,1141050,1736850,35.6177114,129.0574584,13.43895638,56.0639753,4.937925288
corridor_0,13350,13350,37,104,1141150,1736850,35.6176971,129.0585623,13.46662819,56.09164712,4.965597102
corridor_0,13351,13351,38,104,1141250,1736850,35.6176828,129.0596661,13.40636361,56.03138253,4.905332515
corridor_0,13352,13352,39,104,1141350,1736850,35.6176685,129.0607699,13.38285744,56.00787637,4.88182635
corridor_0,13353,13353,40,104,1141450,1736850,35.6176542,129.0618737,13.34877312,55.97379205,4.84774203
corridor_0,13354,13354,41,104,1141550,1736850,35.6176399,129.0629775,13.30641091,55.93142983,4.805379817
corridor_0,13355,13355,42,104,1141650,1736850,35.6176256,129.0640814,13.37554467,56.00056359,4.874513576
corridor_0,13356,13356,43,104,1141750,1736850,35.6176112,129.0651852,13.28086769,55.90588662,4.779836604
corridor_0,13357,13357,44,104,1141850,1736850,35.6175969,129.066289,13.30094445,55.92596337,4.799913356
corridor_0,13358,13358,45,104,1141950,1736850,35.6175825,129.0673928,13.299945,55.92496392,4.798913905
corridor_0,13359,13359,46,104,1142050,1736850,35.6175682,129.0684966,13.2220031,55.84702203,4.720972011
corridor_0,13360,13360,47,104,1142150,1736850,35.6175538,129.0696005,12.91341317,55.53843209,4.412382075
corridor_0,13361,13361,48,104,1142250,1736850,35.6175394,129.0707043,12.54411614,55.16913506,4.043085048
corridor_0,13362,13362,49,104,1142350,1736850,35.617525,129.0718081,12.08613503,54.71115395,3.585103938
corridor_0,13363,13363,50,104,1142450,1736850,35.6175106,129.0729119,11.55851281,54.18353173,3.057481715
corridor_0,13364,13364,51,104,1142550,1736850,35.6174962,129.0740157,10.88553536,53.51055428,2.384504268
corridor_0,13365,13365,52,104,1142650,1736850,35.6174817,129.0751195,10.36479103,52.98980996,1.863759944
corridor_0,13366,13366,53,104,1142750,1736850,35.6174673,129.0762233,9.833380817,52.45839974,1.332349727
corridor_0,13367,13367,54,104,1142850,1736850,35.6174528,129.0773271,9.26272118,51.8877401,0.761690089
corridor_0,13368,13368,55,104,1142950,1736850,35.6174384,129.0784309,8.751772999,51.37679192,0.250741908
corridor_0,13369,13369,56,104,1143050,1736850,35.6174239,129.0795348,8.253314137,50.87833306,-0.247716954
corridor_0,13370,13370,57,104,1143150,1736850,35.6174094,129.0806386,7.802008747,50.42702767,-0.699022344
corridor_0,13371,13371,58,104,1143250,1736850,35.617395,129.0817424,7.303492664,49.92851159,-1.197538426
corridor_0,13372,13372,59,104,1143350,1736850,35.6173805,129.0828462,6.756915211,49.38193414,-1.74411588
corridor_0,13373,13373,60,104,1143450,1736850,35.6173659,129.08395,6.189173817,48.81419274,-2.311857274
corridor_0,13374,13374,61,104,1143550,1736850,35.6173514,129.0850538,5.645949482,48.27096841,-2.855081609
corridor_0,13375,13375,62,104,1143650,1736850,35.6173369,129.0861576,4.936518787,47.56153771,-3.564512303
corridor_0,13376,13376,63,104,1143750,1736850,35.6173224,129.0872614,3.495741963,46.12076089,-5.005289128
corridor_0,13377,13377,64,104,1143850,1736850,35.6173078,129.0883652,2.932471394,45.55749032,-5.568559697
corridor_0,13378,13378,65,104,1143950,1736850,35.6172932,129.089469,2.365267872,44.9902868,-6.135763219
corridor_0,13379,13379,66,104,1144050,1736850,35.6172787,129.0905728,1.659911274,44.2849302,-6.841119817
corridor_0,13380,13380,67,104,1144150,1736850,35.6172641,129.0916766,0.897616505,43.52263543,-7.603414586
corridor_0,13381,13381,68,104,1144250,1736850,35.6172495,129.0927804,-0.103649975,42.52136895,-8.604681066
corridor_0,13382,13382,69,104,1144350,1736850,35.6172349,129.0938842,0.718676685,43.34369561,-7.782354405
corridor_0,13383,13383,70,104,1144450,1736850,35.6172203,129.094988,0.151171803,42.77619073,-8.349859288
corridor_0,13384,13384,71,104,1144550,1736850,35.6172057,129.0960918,0.68989098,43.3149099,-7.811140111
corridor_0,13385,13385,72,104,1144650,1736850,35.617191,129.0971956,1.803168415,44.42818734,-6.697862676
corridor_0,13386,13386,73,104,1144750,1736850,35.6171764,129.0982994,2.469252705,45.09427163,-6.031778386
corridor_0,13387,13387,74,104,1144850,1736850,35.6171617,129.0994032,3.120055317,45.74507424,-5.380975774
corridor_0,13388,13388,75,104,1144950,1736850,35.6171471,129.100507,3.743586659,46.36860558,-4.757444432
corridor_0,13389,13389,76,104,1145050,1736850,35.6171324,129.1016108,4.382784962,47.00780389,-4.118246129
corridor_0,13390,13390,77,104,1145150,1736850,35.6171177,129.1027146,4.982001423,47.60702035,-3.519029668
corridor_0,13391,13391,78,104,1145250,1736850,35.617103,129.1038183,5.683261036,48.30827996,-2.817770055
corridor_0,13392,13392,79,104,1145350,1736850,35.6170883,129.1049221,6.417449116,49.04246804,-2.083581975
corridor_0,13393,13393,80,104,1145450,1736850,35.6170736,129.1060259,7.364615559,49.98963448,-1.136415532
corridor_0,13394,13394,81,104,1145550,1736850,35.6170589,129.1071297,8.103671192,50.72869012,-0.397359899
corridor_0,13395,13395,82,104,1145650,1736850,35.6170442,129.1082335,8.816802143,51.44182107,0.315771052
corridor_0,13396,13396,83,104,1145750,1736850,35.6170294,129.1093373,9.510211109,52.13523003,1.009180018
corridor_0,13397,13397,84,104,1145850,1736850,35.6170147,129.1104411,10.16927636,52.79429528,1.668245265
corridor_0,13398,13398,85,104,1145950,1736850,35.6169999,129.1115449,11.0613662,53.68638512,2.560335109
corridor_0,13399,13399,86,104,1146050,1736850,35.6169851,129.1126486,11.78378975,54.40880868,3.282758662
corridor_0,13400,13400,87,104,1146150,1736850,35.6169704,129.1137524,12.05525887,54.68027779,3.554227778
corridor_0,13401,13401,88,104,1146250,1736850,35.6169556,129.1148562,12.48472512,55.10974404,3.983694026
corridor_0,13402,13402,89,104,1146350,1736850,35.6169408,129.11596,12.67119133,55.29621026,4.170160243
corridor_0,13403,13403,90,104,1146450,1736850,35.616926,129.1170638,12.49605477,55.12107369,3.995023677
corridor_0,13404,13404,91,104,1146550,1736850,35.6169111,129.1181676,12.28787529,54.91289422,3.786844203
corridor_0,13405,13405,92,104,1146650,1736850,35.6168963,129.1192713,12.12598336,54.75100228,3.624952266
corridor_0,13406,13406,93,104,1146750,1736850,35.6168815,129.1203751,11.98571312,54.61073205,3.484682033
corridor_0,13407,13407,94,104,1146850,1736850,35.6168666,129.1214789,11.97120201,54.59622094,3.470170924
corridor_0,13408,13408,95,104,1146950,1736850,35.6168517,129.1225827,11.9953376,54.62035653,3.494306514
corridor_0,13409,13409,96,104,1147050,1736850,35.6168369,129.1236865,12.08246148,54.7074804,3.581430385
corridor_0,13410,13410,97,104,1147150,1736850,35.616822,129.1247902,12.18192208,54.806941,3.680890986
corridor_0,13411,13411,98,104,1147250,1736850,35.6168071,129.125894,12.21932518,54.84434411,3.718294093
corridor_0,13412,13412,99,104,1147350,1736850,35.6167922,129.1269978,12.15744316,54.78246209,3.656412074
corridor_0,13413,13413,100,104,1147450,1736850,35.6167773,129.1281016,12.1104995,54.73551842,3.60946841
corridor_0,13414,13414,101,104,1147550,1736850,35.6167624,129.1292053,11.91089165,54.53591058,3.40986056
corridor_0,13415,13415,102,104,1147650,1736850,35.6167474,129.1303091,11.33147728,53.95649621,2.830446193
corridor_0,13416,13416,103,104,1147750,1736850,35.6167325,129.1314129,10.66498864,53.29000756,2.163957545
corridor_0,13417,13417,104,104,1147850,1736850,35.6167175,129.1325166,9.694502949,52.31952187,1.193471858
corridor_0,13418,13418,105,104,1147950,1736850,35.6167026,129.1336204,8.857745289,51.48276421,0.356714198
corridor_0,13419,13419,106,104,1148050,1736850,35.6166876,129.1347242,8.084872364,50.70989129,-0.416158727
corridor_0,13420,13420,107,104,1148150,1736850,35.6166726,129.1358279,7.354949116,49.97996804,-1.146081975
corridor_0,13421,13421,108,104,1148250,1736850,35.6166576,129.1369317,6.537894367,49.16291329,-1.963136724
corridor_0,13422,13422,109,104,1148350,1736850,35.6166426,129.1380355,5.58788216,48.21290108,-2.913148931
corridor_0,13423,13423,110,104,1148450,1736850,35.6166276,129.1391392,4.912787556,47.53780648,-3.588243535
corridor_0,13424,13424,111,104,1148550,1736850,35.6166126,129.140243,4.322409748,46.94742867,-4.178621343
corridor_0,13425,13425,112,104,1148650,1736850,35.6165975,129.1413468,3.604453205,46.22947213,-4.896577886
corridor_0,13426,13426,113,104,1148750,1736850,35.6165825,129.1424505,2.954352497,45.57937142,-5.546678594
corridor_0,13427,13427,114,104,1148850,1736850,35.6165674,129.1435543,2.296511768,44.92153069,-6.204519322
corridor_0,13428,13428,115,104,1148950,1736850,35.6165524,129.1446581,1.514895557,44.13991448,-6.986135533
corridor_0,13429,13429,116,104,1149050,1736850,35.6165373,129.1457618,0.675204395,43.30022332,-7.825826695
corridor_0,13430,13430,117,104,1149150,1736850,35.6165222,129.1468656,-0.238781811,42.38623711,-8.739812901
corridor_0,13431,13431,118,104,1149250,1736850,35.6165071,129.1479693,-1.725109936,40.89990899,-10.22614103
corridor_0,13432,13432,119,104,1149350,1736850,35.616492,129.1490731,-6.267098308,36.35792062,-14.7681294
corridor_0,13449,13449,119,105,1149350,1736950,35.6173933,129.1490916,-8.053563,34.57145592,-16.55459409
corridor_0,13450,13450,118,105,1149250,1736950,35.6174084,129.1479878,-2.025006176,40.60001275,-10.52603727
corridor_0,13451,13451,117,105,1149150,1736950,35.6174235,129.1468841,-0.663918377,41.96110055,-9.164949468
corridor_0,13452,13452,116,105,1149050,1736950,35.6174386,129.1457803,0.463221668,43.08824059,-8.037809422
corridor_0,13453,13453,115,105,1148950,1736950,35.6174536,129.1446765,1.318728565,43.94374749,-7.182302526
corridor_0,13454,13454,114,105,1148850,1736950,35.6174687,129.1435727,2.011698841,44.63671777,-6.48933225
corridor_0,13455,13455,113,105,1148750,1736950,35.6174838,129.142469,2.684855579,45.3098745,-5.816175511
corridor_0,13456,13456,112,105,1148650,1736950,35.6174988,129.1413652,3.431838154,46.05685708,-5.069192937
corridor_0,13457,13457,111,105,1148550,1736950,35.6175138,129.1402614,4.106902241,46.73192117,-4.39412885
corridor_0,13458,13458,110,105,1148450,1736950,35.6175289,129.1391576,4.770167469,47.39518639,-3.730863622
corridor_0,13459,13459,109,105,1148350,1736950,35.6175439,129.1380539,5.456885456,48.08190438,-3.044145635
corridor_0,13460,13460,108,105,1148250,1736950,35.6175589,129.1369501,6.305182575,48.9302015,-2.195848516
corridor_0,13461,13461,107,105,1148150,1736950,35.6175739,129.1358463,7.124861836,49.74988076,-1.376169255
corridor_0,13462,13462,106,105,1148050,1736950,35.6175889,129.1347425,7.916247486,50.54126641,-0.584783605
corridor_0,13463,13463,105,105,1147950,1736950,35.6176038,129.1336387,8.740218281,51.36523721,0.23918719
corridor_0,13464,13464,104,105,1147850,1736950,35.6176188,129.132535,9.564601063,52.18961999,1.063569972
corridor_0,13465,13465,103,105,1147750,1736950,35.6176338,129.1314312,10.50276482,53.12778374,2.001733729
corridor_0,13466,13466,102,105,1147650,1736950,35.6176487,129.1303274,11.28129113,53.90631005,2.780260036
corridor_0,13467,13467,101,105,1147550,1736950,35.6176636,129.1292236,11.7378341,54.36285302,3.236803004
corridor_0,13468,13468,100,105,1147450,1736950,35.6176786,129.1281198,12.10137856,54.72639748,3.600347468
corridor_0,13469,13469,99,105,1147350,1736950,35.6176935,129.127016,12.20304024,54.82805917,3.702009151
corridor_0,13470,13470,98,105,1147250,1736950,35.6177084,129.1259123,12.30415261,54.92917153,3.803121516
corridor_0,13471,13471,97,105,1147150,1736950,35.6177233,129.1248085,12.26465142,54.88967034,3.763620326
corridor_0,13472,13472,96,105,1147050,1736950,35.6177382,129.1237047,12.20204461,54.82706353,3.701013515
corridor_0,13473,13473,95,105,1146950,1736950,35.617753,129.1226009,12.1576606,54.78267953,3.656629512
corridor_0,13474,13474,94,105,1146850,1736950,35.6177679,129.1214971,12.16329491,54.78831384,3.66226382
corridor_0,13475,13475,93,105,1146750,1736950,35.6177828,129.1203933,12.20469582,54.82971474,3.703664729
corridor_0,13476,13476,92,105,1146650,1736950,35.6177976,129.1192895,12.31122506,54.93624398,3.810193965
corridor_0,13477,13477,91,105,1146550,1736950,35.6178124,129.1181857,12.45237267,55.07739159,3.951341578
corridor_0,13478,13478,90,105,1146450,1736950,35.6178273,129.1170819,12.60913765,55.23415658,4.108106563
corridor_0,13479,13479,89,105,1146350,1736950,35.6178421,129.1159781,12.71422493,55.33924386,4.213193843
corridor_0,13480,13480,88,105,1146250,1736950,35.6178569,129.1148743,12.75006401,55.37508294,4.249032924
corridor_0,13481,13481,87,105,1146150,1736950,35.6178717,129.1137705,12.24374688,54.8687658,3.742715785
corridor_0,13482,13482,86,105,1146050,1736950,35.6178864,129.1126667,11.32509911,53.95011803,2.824068019
corridor_0,13483,13483,85,105,1145950,1736950,35.6179012,129.1115629,10.72640526,53.35142419,2.225374171
corridor_0,13484,13484,84,105,1145850,1736950,35.617916,129.1104592,9.952700733,52.57771966,1.451669642
corridor_0,13485,13485,83,105,1145750,1736950,35.6179307,129.1093554,9.135375141,51.76039407,0.63434405
corridor_0,13486,13486,82,105,1145650,1736950,35.6179455,129.1082516,8.504122852,51.12914178,0.003091762
corridor_0,13487,13487,81,105,1145550,1736950,35.6179602,129.1071478,7.84525597,50.47027489,-0.655775121
corridor_0,13488,13488,80,105,1145450,1736950,35.6179749,129.106044,7.094134449,49.71915337,-1.406896642
corridor_0,13489,13489,79,105,1145350,1736950,35.6179896,129.1049401,6.266711353,48.89173028,-2.234319737
corridor_0,13490,13490,78,105,1145250,1736950,35.6180043,129.1038363,5.412772297,48.03779122,-3.088258794
corridor_0,13491,13491,77,105,1145150,1736950,35.618019,129.1027325,4.785758137,47.41077706,-3.715272954
corridor_0,13492,13492,76,105,1145050,1736950,35.6180337,129.1016287,4.128855824,46.75387475,-4.372175267
corridor_0,13493,13493,75,105,1144950,1736950,35.6180484,129.1005249,3.436827778,46.0618467,-5.064203313
corridor_0,13494,13494,74,105,1144850,1736950,35.618063,129.0994211,2.77072823,45.39574715,-5.730302861
corridor_0,13495,13495,73,105,1144750,1736950,35.6180777,129.0983173,2.104861378,44.7298803,-6.396169713
corridor_0,13496,13496,72,105,1144650,1736950,35.6180923,129.0972135,1.29882729,43.92384621,-7.202203801
corridor_0,13497,13497,71,105,1144550,1736950,35.618107,129.0961097,0.094920277,42.7199392,-8.406110814
corridor_0,13498,13498,70,105,1144450,1736950,35.6181216,129.0950059,-1.866272808,40.75874612,-10.3673039
corridor_0,13499,13499,69,105,1144350,1736950,35.6181362,129.0939021,-0.286938549,42.33808038,-8.78796964
corridor_0,13500,13500,68,105,1144250,1736950,35.6181508,129.0927983,-1.17641151,41.44860741,-9.677442601
corridor_0,13501,13501,67,105,1144150,1736950,35.6181654,129.0916945,0.17269051,42.79770943,-8.328340581
corridor_0,13502,13502,66,105,1144050,1736950,35.61818,129.0905907,1.154749989,43.77976891,-7.346281102
corridor_0,13503,13503,65,105,1143950,1736950,35.6181945,129.0894868,1.777739643,44.40275857,-6.723291448
corridor_0,13504,13504,64,105,1143850,1736950,35.6182091,129.088383,2.469267963,45.09428689,-6.031763127
corridor_0,13505,13505,63,105,1143750,1736950,35.6182237,129.0872792,3.057181477,45.6822004,-5.443849614
corridor_0,13506,13506,62,105,1143650,1736950,35.6182382,129.0861754,4.131743549,46.75676247,-4.369287541
corridor_0,13507,13507,61,105,1143550,1736950,35.6182527,129.0850716,5.061251759,47.68627068,-3.439779332
corridor_0,13508,13508,60,105,1143450,1736950,35.6182672,129.0839678,5.742110371,48.3671293,-2.75892072
corridor_0,13509,13509,59,105,1143350,1736950,35.6182818,129.0828639,6.32496941,48.94998833,-2.176061681
corridor_0,13510,13510,58,105,1143250,1736950,35.6182963,129.0817601,6.80015099,49.42516991,-1.700880101
corridor_0,13511,13511,57,105,1143150,1736950,35.6183107,129.0806563,7.342223286,49.96724221,-1.158807805
corridor_0,13512,13512,56,105,1143050,1736950,35.6183252,129.0795525,7.820380329,50.44539925,-0.680650762
corridor_0,13513,13513,55,105,1142950,1736950,35.6183397,129.0784487,8.28508675,50.91010567,-0.215944341
corridor_0,13514,13514,54,105,1142850,1736950,35.6183542,129.0773448,8.857947468,51.48296639,0.356916377
corridor_0,13515,13515,53,105,1142750,1736950,35.6183686,129.076241,9.398646473,52.0236654,0.897615382
corridor_0,13516,13516,52,105,1142650,1736950,35.618383,129.0751372,9.885604023,52.51062295,1.384572932
corridor_0,13517,13517,51,105,1142550,1736950,35.6183975,129.0740334,10.51374352,53.13876244,2.012712428
corridor_0,13518,13518,50,105,1142450,1736950,35.6184119,129.0729295,11.12505639,53.75007531,2.624025294
corridor_0,13519,13519,49,105,1142350,1736950,35.6184263,129.0718257,11.6720382,54.29705712,3.171007106
corridor_0,13520,13520,48,105,1142250,1736950,35.6184407,129.0707219,12.16439354,54.78941247,3.663362453
corridor_0,13521,13521,47,105,1142150,1736950,35.6184551,129.0696181,12.61769783,55.24271676,4.116666743
corridor_0,13522,13522,46,105,1142050,1736950,35.6184695,129.0685142,13.03010476,55.65512368,4.529073665
corridor_0,13523,13523,45,105,1141950,1736950,35.6184838,129.0674104,13.24184334,55.86686227,4.740812251
corridor_0,13524,13524,44,105,1141850,1736950,35.6184982,129.0663066,13.28174126,55.90676019,4.78071017
corridor_0,13525,13525,43,105,1141750,1736950,35.6185125,129.0652027,13.25648796,55.88150689,4.755456874
corridor_0,13526,13526,42,105,1141650,1736950,35.6185269,129.0640989,13.31843483,55.94345376,4.817403743
corridor_0,13527,13527,41,105,1141550,1736950,35.6185412,129.0629951,13.44376671,56.06878564,4.942735621
corridor_0,13528,13528,40,105,1141450,1736950,35.6185555,129.0618913,13.44910729,56.07412621,4.948076198
corridor_0,13529,13529,39,105,1141350,1736950,35.6185698,129.0607874,13.59717476,56.22219369,5.096143672
corridor_0,13530,13530,38,105,1141250,1736950,35.6185841,129.0596836,13.51843941,56.14345834,5.01740832
corridor_0,13531,13531,37,105,1141150,1736950,35.6185984,129.0585798,13.50829232,56.13331124,5.007261226
corridor_0,13532,13532,36,105,1141050,1736950,35.6186127,129.0574759,13.61967766,56.24469659,5.118646571
corridor_0,13533,13533,35,105,1140950,1736950,35.618627,129.0563721,13.49929726,56.12431618,4.99826617
corridor_0,13534,13534,34,105,1140850,1736950,35.6186412,129.0552682,13.57549584,56.20051476,5.074464747
corridor_0,13535,13535,33,105,1140750,1736950,35.6186555,129.0541644,13.61917031,56.24418923,5.118139216
corridor_0,13536,13536,32,105,1140650,1736950,35.6186697,129.0530606,13.31037438,55.9353933,4.809343287
corridor_0,13537,13537,31,105,1140550,1736950,35.6186839,129.0519567,13.017295,55.64231393,4.516263911
corridor_0,13538,13538,30,105,1140450,1736950,35.6186981,129.0508529,12.49571144,55.12073037,3.994680354
corridor_0,13539,13539,29,105,1140350,1736950,35.6187124,129.049749,11.73763573,54.36265466,3.23660464
corridor_0,13540,13540,28,105,1140250,1736950,35.6187266,129.0486452,10.8043853,53.42940423,2.303354213
corridor_0,13541,13541,27,105,1140150,1736950,35.6187407,129.0475414,9.839423298,52.46444222,1.338392207
corridor_0,13542,13542,26,105,1140050,1736950,35.6187549,129.0464375,8.916766285,51.54178521,0.415735194
corridor_0,13543,13543,25,105,1139950,1736950,35.6187691,129.0453337,8.017497181,50.64251611,-0.48353391
corridor_0,13544,13544,24,105,1139850,1736950,35.6187832,129.0442298,7.079280018,49.70429894,-1.421751073
corridor_0,13545,13545,23,105,1139750,1736950,35.6187974,129.043126,6.280959248,48.90597817,-2.220071843
corridor_0,13546,13546,22,105,1139650,1736950,35.6188115,129.0420221,5.385214924,48.01023385,-3.115816167
corridor_0,13547,13547,21,105,1139550,1736950,35.6188256,129.0409183,4.600585102,47.22560403,-3.900445989
corridor_0,13548,13548,20,105,1139450,1736950,35.6188398,129.0398144,3.783217548,46.40823647,-4.717813542
corridor_0,13549,13549,19,105,1139350,1736950,35.6188539,129.0387106,2.954337238,45.57935616,-5.546693852
corridor_0,13550,13550,18,105,1139250,1736950,35.618868,129.0376067,2.113703846,44.73872277,-6.387327245
corridor_0,13551,13551,17,105,1139150,1736950,35.618882,129.0365029,1.355086445,43.98010537,-7.145944646
corridor_0,13552,13552,16,105,1139050,1736950,35.6188961,129.035399,0.42690575,43.05192467,-8.07412534
corridor_0,13553,13553,15,105,1138950,1736950,35.6189102,129.0342952,-0.604115368,42.02090356,-9.105146459
corridor_0,13554,13554,14,105,1138850,1736950,35.6189242,129.0331913,-1.527901531,41.09711739,-10.02893262
corridor_0,13555,13555,13,105,1138750,1736950,35.6189383,129.0320875,-2.841145397,39.78387353,-11.34217649
corridor_0,13556,13556,12,105,1138650,1736950,35.6189523,129.0309836,-4.512474895,38.11254403,-13.01350599
corridor_0,13557,13557,11,105,1138550,1736950,35.6189663,129.0298798,-8.96728027,33.65773865,-17.46831136
corridor_0,13580,13580,11,106,1138550,1737050,35.6198677,129.0298969,-8.969208599,33.65581033,-17.47023969
corridor_0,13581,13581,12,106,1138650,1737050,35.6198537,129.0310008,-4.505699993,38.11931893,-13.00673108
corridor_0,13582,13582,13,106,1138750,1737050,35.6198396,129.0321047,-2.819031597,39.80598733,-11.32006269
corridor_0,13583,13583,14,106,1138850,1737050,35.6198256,129.0332085,-1.496094585,41.12892434,-9.997125676
corridor_0,13584,13584,15,106,1138950,1737050,35.6198115,129.0343124,-0.561035992,42.06398293,-9.062067082
corridor_0,13585,13585,16,106,1139050,1737050,35.6197974,129.0354163,0.466948628,43.09196755,-8.034082463
corridor_0,13586,13586,17,106,1139150,1737050,35.6197834,129.0365201,1.402415394,44.02743432,-7.098615697
corridor_0,13587,13587,18,106,1139250,1737050,35.6197693,129.037624,2.286421894,44.91144082,-6.214609197
corridor_0,13588,13588,19,106,1139350,1737050,35.6197552,129.0387279,3.046313404,45.67133233,-5.454717687
corridor_0,13589,13589,20,106,1139450,1737050,35.6197411,129.0398317,3.882762074,46.507781,-4.618269017
corridor_0,13590,13590,21,106,1139550,1737050,35.619727,129.0409356,4.700389027,47.32540795,-3.800642064
corridor_0,13591,13591,22,106,1139650,1737050,35.6197128,129.0420394,5.528155445,48.15317437,-2.972875646
corridor_0,13592,13592,23,106,1139750,1737050,35.6196987,129.0431433,6.326605915,48.95162484,-2.174425176
corridor_0,13593,13593,24,106,1139850,1737050,35.6196846,129.0442472,7.240424275,49.8654432,-1.260606816
corridor_0,13594,13594,25,106,1139950,1737050,35.6196704,129.045351,8.152625202,50.77764413,-0.348405889
corridor_0,13595,13595,26,106,1140050,1737050,35.6196562,129.0464549,9.025832295,51.65085122,0.524801204
corridor_0,13596,13596,27,106,1140150,1737050,35.6196421,129.0475587,9.990294575,52.6153135,1.489263484
corridor_0,13597,13597,28,106,1140250,1737050,35.6196279,129.0486626,11.00754464,53.63256356,2.506513545
corridor_0,13598,13598,29,106,1140350,1737050,35.6196137,129.0497664,11.96229851,54.58731744,3.461267421
corridor_0,13599,13599,30,106,1140450,1737050,35.6195995,129.0508703,12.72771752,55.35273644,4.226686427
corridor_0,13600,13600,31,106,1140550,1737050,35.6195853,129.0519741,13.47927391,56.10429284,4.978242824
corridor_0,13601,13601,32,106,1140650,1737050,35.619571,129.053078,13.5158149,56.14083382,5.014783809
corridor_0,13602,13602,33,106,1140750,1737050,35.6195568,129.0541818,13.7500335,56.37505242,5.249002406
corridor_0,13603,13603,34,106,1140850,1737050,35.6195425,129.0552857,13.92118752,56.54620644,5.420156428
corridor_0,13604,13604,35,106,1140950,1737050,35.6195283,129.0563895,13.53707039,56.16208932,5.036039302
corridor_0,13605,13605,36,106,1141050,1737050,35.619514,129.0574934,13.49363243,56.11865136,4.992601344
corridor_0,13606,13606,37,106,1141150,1737050,35.6194997,129.0585972,13.57484353,56.19986245,5.073812434
corridor_0,13607,13607,38,106,1141250,1737050,35.6194854,129.0597011,13.59438622,56.21940514,5.093355128
corridor_0,13608,13608,39,106,1141350,1737050,35.6194711,129.0608049,13.71391976,56.33893868,5.212888667
corridor_0,13609,13609,40,106,1141450,1737050,35.6194568,129.0619088,13.63945687,56.26447579,5.138425776
corridor_0,13610,13610,41,106,1141550,1737050,35.6194425,129.0630126,13.35922921,55.98424813,4.858198115
corridor_0,13611,13611,42,106,1141650,1737050,35.6194282,129.0641165,13.24602044,55.87103936,4.744989345
corridor_0,13612,13612,43,106,1141750,1737050,35.6194139,129.0652203,13.27480614,55.89982507,4.77377505
corridor_0,13613,13613,44,106,1141850,1737050,35.6193995,129.0663242,13.19470513,55.81972405,4.693674037
corridor_0,13614,13614,45,106,1141950,1737050,35.6193851,129.067428,13.10603249,55.73105141,4.605001399
corridor_0,13615,13615,46,106,1142050,1737050,35.6193708,129.0685318,12.78261101,55.40762994,4.281579921
corridor_0,13616,13616,47,106,1142150,1737050,35.6193564,129.0696357,12.25034249,54.87536141,3.749311397
corridor_0,13617,13617,48,106,1142250,1737050,35.619342,129.0707395,11.74859536,54.37361428,3.247564265
corridor_0,13618,13618,49,106,1142350,1737050,35.6193276,129.0718434,11.24541771,53.87043664,2.744386622
corridor_0,13619,13619,50,106,1142450,1737050,35.6193132,129.0729472,10.69593728,53.3209562,2.194906184
corridor_0,13620,13620,51,106,1142550,1737050,35.6192988,129.074051,10.09789193,52.72291085,1.596860835
corridor_0,13621,13621,52,106,1142650,1737050,35.6192844,129.0751549,9.469710468,52.09472939,0.968679378
corridor_0,13622,13622,53,106,1142750,1737050,35.6192699,129.0762587,8.964770435,51.58978936,0.463739345
corridor_0,13623,13623,54,106,1142850,1737050,35.6192555,129.0773625,8.464964985,51.08998391,-0.036066106
corridor_0,13624,13624,55,106,1142950,1737050,35.619241,129.0784664,7.87726128,50.5022802,-0.623769811
corridor_0,13625,13625,56,106,1143050,1737050,35.6192265,129.0795702,7.413130879,50.0381498,-1.087900212
corridor_0,13626,13626,57,106,1143150,1737050,35.6192121,129.080674,6.906252979,49.5312719,-1.594778111
corridor_0,13627,13627,58,106,1143250,1737050,35.6191976,129.0817779,6.339781879,48.9648008,-2.161249211
corridor_0,13628,13628,59,106,1143350,1737050,35.6191831,129.0828817,5.782759785,48.40777871,-2.718271306
corridor_0,13629,13629,60,106,1143450,1737050,35.6191686,129.0839855,5.208502888,47.83352181,-3.292528203
corridor_0,13630,13630,61,106,1143550,1737050,35.619154,129.0850894,4.342520832,46.96753976,-4.158510259
corridor_0,13631,13631,62,106,1143650,1737050,35.6191395,129.0861932,3.162966847,45.78798577,-5.338064244
corridor_0,13632,13632,63,106,1143750,1737050,35.619125,129.087297,2.70072472,45.32574364,-5.800306371
corridor_0,13633,13633,64,106,1143850,1737050,35.6191104,129.0884009,1.999671101,44.62469003,-6.50135999
corridor_0,13634,13634,65,106,1143950,1737050,35.6190959,129.0895047,1.261485218,43.88650414,-7.239545873
corridor_0,13635,13635,66,106,1144050,1737050,35.6190813,129.0906085,0.458293079,43.083312,-8.042738011
corridor_0,13636,13636,67,106,1144150,1737050,35.6190667,129.0917123,-0.638172985,41.98684594,-9.139204076
corridor_0,13637,13637,68,106,1144250,1737050,35.6190521,129.0928162,-2.517285229,40.1077337,-11.01831632
corridor_0,13638,13638,69,106,1144350,1737050,35.6190375,129.09392,-4.633728863,37.99129006,-13.13475995
corridor_0,13639,13639,70,106,1144450,1737050,35.6190229,129.0950238,-1.933548809,40.69147012,-10.4345799
corridor_0,13640,13640,71,106,1144550,1737050,35.6190083,129.0961276,-0.758225323,41.8667936,-9.259256413
corridor_0,13641,13641,72,106,1144650,1737050,35.6189936,129.0972314,0.753863453,43.37888238,-7.747167638
corridor_0,13642,13642,73,106,1144750,1737050,35.618979,129.0983353,1.606715321,44.23173425,-6.89431577
corridor_0,13643,13643,74,106,1144850,1737050,35.6189643,129.0994391,2.397013783,45.02203271,-6.104017308
corridor_0,13644,13644,75,106,1144950,1737050,35.6189497,129.1005429,3.171309589,45.79632851,-5.329721501
corridor_0,13645,13645,76,106,1145050,1737050,35.618935,129.1016467,3.799605488,46.42462441,-4.701425603
corridor_0,13646,13646,77,106,1145150,1737050,35.6189203,129.1027505,4.461699604,47.08671853,-4.039331487
corridor_0,13647,13647,78,106,1145250,1737050,35.6189056,129.1038543,5.116442799,47.74146172,-3.384588292
corridor_0,13648,13648,79,106,1145350,1737050,35.6188909,129.1049582,6.039744495,48.66476342,-2.461286595
corridor_0,13649,13649,80,106,1145450,1737050,35.6188762,129.106062,6.814868092,49.43988702,-1.686162999
corridor_0,13650,13650,81,106,1145550,1737050,35.6188615,129.1071658,7.433306812,50.05832574,-1.067724278
corridor_0,13651,13651,82,106,1145650,1737050,35.6188468,129.1082696,8.127123951,50.75214288,-0.37390714
corridor_0,13652,13652,83,106,1145750,1737050,35.618832,129.1093734,8.824961781,51.44998071,0.32393069
corridor_0,13653,13653,84,106,1145850,1737050,35.6188173,129.1104772,9.688716053,52.31373498,1.187684962
corridor_0,13654,13654,85,106,1145950,1737050,35.6188025,129.111581,10.55520546,53.18022439,2.054174373
corridor_0,13655,13655,86,106,1146050,1737050,35.6187877,129.1126848,11.38926232,54.01428124,2.888231227
corridor_0,13656,13656,87,106,1146150,1737050,35.618773,129.1137887,12.33467019,54.95968911,3.833639094
corridor_0,13657,13657,88,106,1146250,1737050,35.6187582,129.1148925,12.84500801,55.47002694,4.343976924
corridor_0,13658,13658,89,106,1146350,1737050,35.6187434,129.1159963,13.05128777,55.67630669,4.550256679
corridor_0,13659,13659,90,106,1146450,1737050,35.6187285,129.1171001,12.95170891,55.57672784,4.450677821
corridor_0,13660,13660,91,106,1146550,1737050,35.6187137,129.1182039,12.6384536,55.26347253,4.137422511
corridor_0,13661,13661,92,106,1146650,1737050,35.6186989,129.1193077,12.51306069,55.13807961,4.012029597
corridor_0,13662,13662,93,106,1146750,1737050,35.618684,129.1204115,12.40120232,55.02622124,3.900171229
corridor_0,13663,13663,94,106,1146850,1737050,35.6186692,129.1215153,12.34340203,54.96842095,3.842370936
corridor_0,13664,13664,95,106,1146950,1737050,35.6186543,129.1226191,12.30239785,54.92741677,3.801366755
corridor_0,13665,13665,96,106,1147050,1737050,35.6186394,129.1237229,12.33678734,54.96180627,3.835756251
corridor_0,13666,13666,97,106,1147150,1737050,35.6186246,129.1248267,12.36772072,54.99273965,3.866689631
corridor_0,13667,13667,98,106,1147250,1737050,35.6186097,129.1259305,12.34516823,54.97018716,3.844137141
corridor_0,13668,13668,99,106,1147350,1737050,35.6185948,129.1270343,12.22221291,54.84723183,3.721181819
corridor_0,13669,13669,100,106,1147450,1737050,35.6185799,129.1281381,12.08372795,54.70874688,3.582696864
corridor_0,13670,13670,101,106,1147550,1737050,35.6185649,129.1292419,11.75060189,54.37562081,3.249570796
corridor_0,13671,13671,102,106,1147650,1737050,35.61855,129.1303457,11.11152947,53.73654839,2.610498378
corridor_0,13672,13672,103,106,1147750,1737050,35.618535,129.1314495,10.24071419,52.86573312,1.739683101
corridor_0,13673,13673,104,106,1147850,1737050,35.6185201,129.1325533,9.236907124,51.86192605,0.735876033
corridor_0,13674,13674,105,106,1147950,1737050,35.6185051,129.1336571,8.508853077,51.133872,0.007821986
corridor_0,13675,13675,106,106,1148050,1737050,35.6184902,129.1347609,7.730605244,50.35562417,-0.770425847
corridor_0,13676,13676,107,106,1148150,1737050,35.6184752,129.1358647,6.927622913,49.55264184,-1.573408177
corridor_0,13677,13677,108,106,1148250,1737050,35.6184602,129.1369685,6.089316486,48.71433541,-2.411714604
corridor_0,13678,13678,109,106,1148350,1737050,35.6184452,129.1380722,5.220309376,47.8453283,-3.280721715
corridor_0,13679,13679,110,106,1148450,1737050,35.6184301,129.139176,4.561461567,47.18648049,-3.939569524
corridor_0,13680,13680,111,106,1148550,1737050,35.6184151,129.1402798,3.915278553,46.54029748,-4.585752538
corridor_0,13681,13681,112,106,1148650,1737050,35.6184001,129.1413836,3.248873829,45.87389275,-5.252157262
corridor_0,13682,13682,113,106,1148750,1737050,35.618385,129.1424874,2.588950275,45.2139692,-5.912080815
corridor_0,13683,13683,114,106,1148850,1737050,35.61837,129.1435912,1.812598347,44.43761727,-6.688432744
corridor_0,13684,13684,115,106,1148950,1737050,35.6183549,129.144695,1.114993214,43.74001214,-7.386037877
corridor_0,13685,13685,116,106,1149050,1737050,35.6183398,129.1457988,0.238597035,42.86361596,-8.262434056
corridor_0,13686,13686,117,106,1149150,1737050,35.6183248,129.1469025,-0.927769543,41.69724938,-9.428800633
corridor_0,13687,13687,118,106,1149250,1737050,35.6183097,129.1480063,-2.343144298,40.28187463,-10.84417539
corridor_0,13706,13706,118,107,1149250,1737150,35.6192109,129.1480248,-3.019020916,39.60599801,-11.52005201
corridor_0,13707,13707,117,107,1149150,1737150,35.619226,129.146921,-1.210446239,41.41457269,-9.71147733
corridor_0,13708,13708,116,107,1149050,1737150,35.6192411,129.1458172,0.000144123,42.62516305,-8.500886968
corridor_0,13709,13709,115,107,1148950,1737150,35.6192562,129.1447134,0.752921223,43.37794015,-7.748109868
corridor_0,13710,13710,114,107,1148850,1737150,35.6192713,129.1436096,1.601088642,44.22610757,-6.899942449
corridor_0,13711,13711,113,107,1148750,1737150,35.6192863,129.1425058,2.388869404,45.01388833,-6.112161687
corridor_0,13712,13712,112,107,1148650,1737150,35.6193014,129.141402,3.047839283,45.67285821,-5.453191808
corridor_0,13713,13713,111,107,1148550,1737150,35.6193164,129.1402982,3.703925251,46.32894418,-4.79710584
corridor_0,13714,13714,110,107,1148450,1737150,35.6193314,129.1391944,4.295600056,46.92061898,-4.205431035
corridor_0,13715,13715,109,107,1148350,1737150,35.6193464,129.1380906,5.022837757,47.64785668,-3.478193334
corridor_0,13716,13716,108,107,1148250,1737150,35.6193615,129.1369868,5.826975941,48.45199487,-2.67405515
corridor_0,13717,13717,107,107,1148150,1737150,35.6193764,129.135883,6.642439961,49.26745889,-1.85859113
corridor_0,13718,13718,106,107,1148050,1737150,35.6193914,129.1347792,7.381480335,50.00649926,-1.119550756
corridor_0,13719,13719,105,107,1147950,1737150,35.6194064,129.1336754,8.162226795,50.78724572,-0.338804296
corridor_0,13720,13720,104,107,1147850,1737150,35.6194214,129.1325716,9.001967548,51.62698647,0.500936458
corridor_0,13721,13721,103,107,1147750,1737150,35.6194363,129.1314678,9.832850575,52.4578695,1.331819484
corridor_0,13722,13722,102,107,1147650,1737150,35.6194513,129.130364,10.6843673,53.30938622,2.183336207
corridor_0,13723,13723,101,107,1147550,1737150,35.6194662,129.1292602,11.60612404,54.23114297,3.105092952
corridor_0,13724,13724,100,107,1147450,1737150,35.6194811,129.1281564,11.98830712,54.61332604,3.487276027
corridor_0,13725,13725,99,107,1147350,1737150,35.6194961,129.1270526,12.19108498,54.8161039,3.690053889
corridor_0,13726,13726,98,107,1147250,1737150,35.619511,129.1259487,12.36609948,54.9911184,3.865068385
corridor_0,13727,13727,97,107,1147150,1737150,35.6195259,129.1248449,12.42726052,55.05227944,3.926229426
corridor_0,13728,13728,96,107,1147050,1737150,35.6195407,129.1237411,12.42597496,55.05099389,3.924943873
corridor_0,13729,13729,95,107,1146950,1737150,35.6195556,129.1226373,12.43250573,55.05752465,3.931474635
corridor_0,13730,13730,94,107,1146850,1737150,35.6195705,129.1215335,12.45808327,55.0831022,3.95705218
corridor_0,13731,13731,93,107,1146750,1737150,35.6195853,129.1204297,12.50433648,55.1293554,4.003305385
corridor_0,13732,13732,92,107,1146650,1737150,35.6196002,129.1193259,12.60685265,55.23187157,4.105821559
corridor_0,13733,13733,91,107,1146550,1737150,35.619615,129.118222,12.76026833,55.38528725,4.259237239
corridor_0,13734,13734,90,107,1146450,1737150,35.6196298,129.1171182,13.17887413,55.80389306,4.677843043
corridor_0,13735,13735,89,107,1146350,1737150,35.6196446,129.1160144,13.16339791,55.78841683,4.662366817
corridor_0,13736,13736,88,107,1146250,1737150,35.6196595,129.1149106,13.029441,55.65445992,4.528409907
corridor_0,13737,13737,87,107,1146150,1737150,35.6196742,129.1138068,12.41844857,55.04346749,3.917417476
corridor_0,13738,13738,86,107,1146050,1737150,35.619689,129.1127029,11.39052117,54.01554009,2.889490077
corridor_0,13739,13739,85,107,1145950,1737150,35.6197038,129.1115991,10.40441811,53.02943703,1.903387019
corridor_0,13740,13740,84,107,1145850,1737150,35.6197186,129.1104953,9.587233662,52.21225259,1.086202571
corridor_0,13741,13741,83,107,1145750,1737150,35.6197333,129.1093915,8.577376484,51.20239541,0.076345393
corridor_0,13742,13742,82,107,1145650,1737150,35.6197481,129.1082877,7.785803913,50.41082284,-0.715227178
corridor_0,13743,13743,81,107,1145550,1737150,35.6197628,129.1071838,7.078101276,49.7031202,-1.422929814
corridor_0,13744,13744,80,107,1145450,1737150,35.6197775,129.10608,6.391482472,49.0165014,-2.109548619
corridor_0,13745,13745,79,107,1145350,1737150,35.6197922,129.1049762,5.658103108,48.28312203,-2.842927983
corridor_0,13746,13746,78,107,1145250,1737150,35.6198069,129.1038723,4.811129688,47.43614861,-3.689901402
corridor_0,13747,13747,77,107,1145150,1737150,35.6198216,129.1027685,4.100268482,46.72528741,-4.400762609
corridor_0,13748,13748,76,107,1145050,1737150,35.6198363,129.1016647,3.442813038,46.06783196,-5.058218053
corridor_0,13749,13749,75,107,1144950,1737150,35.619851,129.1005609,2.792170643,45.41718957,-5.708860448
corridor_0,13750,13750,74,107,1144850,1737150,35.6198656,129.099457,2.037383198,44.66240212,-6.463647893
corridor_0,13751,13751,73,107,1144750,1737150,35.6198803,129.0983532,1.212874531,43.83789346,-7.28815656
corridor_0,13752,13752,72,107,1144650,1737150,35.6198949,129.0972494,-0.017510296,42.60750863,-8.518541387
corridor_0,13753,13753,71,107,1144550,1737150,35.6199096,129.0961455,-1.073666454,41.55135247,-9.574697545
corridor_0,13754,13754,70,107,1144450,1737150,35.6199242,129.0950417,-2.609726787,40.01529214,-11.11075788
corridor_0,13755,13755,69,107,1144350,1737150,35.6199388,129.0939379,-5.238293529,37.3867254,-13.73932462
corridor_0,13756,13756,68,107,1144250,1737150,35.6199534,129.092834,-6.045998455,36.57902047,-14.54702955
corridor_0,13757,13757,67,107,1144150,1737150,35.619968,129.0917302,-1.830628277,40.79439065,-10.33165937
corridor_0,13758,13758,66,107,1144050,1737150,35.6199826,129.0906264,-0.326043011,42.29897591,-8.827074101
corridor_0,13759,13759,65,107,1143950,1737150,35.6199972,129.0895225,0.713194965,43.33821389,-7.787836125
corridor_0,13760,13760,64,107,1143850,1737150,35.6200117,129.0884187,1.502703785,44.12772271,-6.998327306
corridor_0,13761,13761,63,107,1143750,1737150,35.6200263,129.0873148,2.2238456,44.84886452,-6.277185491
corridor_0,13762,13762,62,107,1143650,1737150,35.6200408,129.086211,2.685889362,45.31090829,-5.815141728
corridor_0,13763,13763,61,107,1143550,1737150,35.6200553,129.0851072,3.343268513,45.96828744,-5.157762578
corridor_0,13764,13764,60,107,1143450,1737150,35.6200699,129.0840033,4.684680103,47.30969903,-3.816350987
corridor_0,13765,13765,59,107,1143350,1737150,35.6200844,129.0828995,5.333254932,47.95827386,-3.167776158
corridor_0,13766,13766,58,107,1143250,1737150,35.6200989,129.0817956,5.948302387,48.57332131,-2.552728704
corridor_0,13767,13767,57,107,1143150,1737150,35.6201134,129.0806918,6.454489826,49.07950875,-2.046541265
corridor_0,13768,13768,56,107,1143050,1737150,35.6201278,129.0795879,6.990416645,49.61543557,-1.510614446
corridor_0,13769,13769,55,107,1142950,1737150,35.6201423,129.0784841,7.477263569,50.10228249,-1.023767522
corridor_0,13770,13770,54,107,1142850,1737150,35.6201568,129.0773802,8.02361977,50.64863869,-0.477411321
corridor_0,13771,13771,53,107,1142750,1737150,35.6201712,129.0762764,8.538825153,51.16384408,0.037794063
corridor_0,13772,13772,52,107,1142650,1737150,35.6201857,129.0751726,9.045535206,51.67055413,0.544504115
corridor_0,13773,13773,51,107,1142550,1737150,35.6202001,129.0740687,9.64924538,52.27426431,1.14821429
corridor_0,13774,13774,50,107,1142450,1737150,35.6202145,129.0729649,10.25050652,52.87552544,1.749475429
corridor_0,13775,13775,49,107,1142350,1737150,35.6202289,129.071861,10.79143059,53.41644952,2.290399501
corridor_0,13776,13776,48,107,1142250,1737150,35.6202433,129.0707572,11.30004036,53.92505929,2.799009273
corridor_0,13777,13777,47,107,1142150,1737150,35.6202577,129.0696533,11.8094703,54.43448922,3.308439204
corridor_0,13778,13778,46,107,1142050,1737150,35.6202721,129.0685494,12.43017876,55.05519769,3.92914767
corridor_0,13779,13779,45,107,1141950,1737150,35.6202865,129.0674456,12.82858956,55.45360848,4.327558467
corridor_0,13780,13780,44,107,1141850,1737150,35.6203008,129.0663417,13.09622872,55.72124764,4.595197627
corridor_0,13781,13781,43,107,1141750,1737150,35.6203152,129.0652379,13.25695336,55.88197228,4.755922267
corridor_0,13782,13782,42,107,1141650,1737150,35.6203295,129.064134,13.21295082,55.83796975,4.711919734
corridor_0,13783,13783,41,107,1141550,1737150,35.6203438,129.0630302,13.34960091,55.97461983,4.848569819
corridor_0,13784,13784,40,107,1141450,1737150,35.6203582,129.0619263,13.5724746,56.19749352,5.071443507
corridor_0,13785,13785,39,107,1141350,1737150,35.6203725,129.0608225,13.62291253,56.24793145,5.121881434
corridor_0,13786,13786,38,107,1141250,1737150,35.6203868,129.0597186,13.76642525,56.39144418,5.26539416
corridor_0,13787,13787,37,107,1141150,1737150,35.6204011,129.0586147,13.68448555,56.30950448,5.183454463
corridor_0,13788,13788,36,107,1141050,1737150,35.6204153,129.0575109,13.51218331,56.13720223,5.011152217
corridor_0,13789,13789,35,107,1140950,1737150,35.6204296,129.056407,13.62833702,56.25335595,5.127305934
corridor_0,13790,13790,34,107,1140850,1737150,35.6204439,129.0553032,13.79844582,56.42346474,5.297414729
corridor_0,13791,13791,33,107,1140750,1737150,35.6204581,129.0541993,13.90417015,56.52918908,5.403139064
corridor_0,13792,13792,32,107,1140650,1737150,35.6204723,129.0530954,13.828601,56.45361993,5.327569911
corridor_0,13793,13793,31,107,1140550,1737150,35.6204866,129.0519916,13.84541619,56.47043511,5.344385097
corridor_0,13794,13794,30,107,1140450,1737150,35.6205008,129.0508877,12.78191292,55.40693185,4.280881831
corridor_0,13795,13795,29,107,1140350,1737150,35.620515,129.0497838,12.00011742,54.62513634,3.499086329
corridor_0,13796,13796,28,107,1140250,1737150,35.6205292,129.04868,11.07874978,53.7037687,2.577718684
corridor_0,13797,13797,27,107,1140150,1737150,35.6205434,129.0475761,10.08172142,52.70674035,1.580690333
corridor_0,13798,13798,26,107,1140050,1737150,35.6205576,129.0464722,9.129466175,51.7544851,0.628435084
corridor_0,13799,13799,25,107,1139950,1737150,35.6205717,129.0453684,8.151694416,50.77671334,-0.349336675
corridor_0,13800,13800,24,107,1139850,1737150,35.6205859,129.0442645,7.274520039,49.89953896,-1.226511052
corridor_0,13801,13801,23,107,1139750,1737150,35.6206,129.0431606,6.403605579,49.0286245,-2.097425511
corridor_0,13802,13802,22,107,1139650,1737150,35.6206142,129.0420567,5.604296803,48.22931573,-2.896734288
corridor_0,13803,13803,21,107,1139550,1737150,35.6206283,129.0409529,4.703219532,47.32823846,-3.797811559
corridor_0,13804,13804,20,107,1139450,1737150,35.6206424,129.039849,3.948996662,46.57401559,-4.552034429
corridor_0,13805,13805,19,107,1139350,1737150,35.6206565,129.0387451,3.098891377,45.7239103,-5.402139714
corridor_0,13806,13806,18,107,1139250,1737150,35.6206706,129.0376413,2.32793343,44.95295235,-6.173097661
corridor_0,13807,13807,17,107,1139150,1737150,35.6206847,129.0365374,1.321383595,43.94640252,-7.179647496
corridor_0,13808,13808,16,107,1139050,1737150,35.6206988,129.0354335,0.498309254,43.12332818,-8.002721837
corridor_0,13809,13809,15,107,1138950,1737150,35.6207128,129.0343296,-0.356846691,42.26817223,-8.857877782
corridor_0,13810,13810,14,107,1138850,1737150,35.6207269,129.0332257,-1.249298931,41.37571999,-9.750330022
corridor_0,13811,13811,13,107,1138750,1737150,35.6207409,129.0321219,-2.507676006,40.11734292,-11.0087071
corridor_0,13812,13812,12,107,1138650,1737150,35.620755,129.031018,-4.0560807,38.56893822,-12.55711179
corridor_0,13813,13813,11,107,1138550,1737150,35.620769,129.0299141,-9.006049038,33.61896989,-17.50708013
corridor_0,13836,13836,11,108,1138550,1737250,35.6216703,129.0299313,-9.036114574,33.58890435,-17.53714567
corridor_0,13837,13837,12,108,1138650,1737250,35.6216563,129.0310352,-4.521580578,38.10343835,-13.02261167
corridor_0,13838,13838,13,108,1138750,1737250,35.6216423,129.0321391,-2.82756889,39.79745003,-11.32859998
corridor_0,13839,13839,14,108,1138850,1737250,35.6216282,129.033243,-1.246422649,41.37859628,-9.74745374
corridor_0,13840,13840,15,108,1138950,1737250,35.6216142,129.0343468,-0.336823345,42.28819558,-8.837854436
corridor_0,13841,13841,16,108,1139050,1737250,35.6216001,129.0354507,0.510157703,43.13517663,-7.990873387
corridor_0,13842,13842,17,108,1139150,1737250,35.621586,129.0365546,1.461001515,44.08602044,-7.040029576
corridor_0,13843,13843,18,108,1139250,1737250,35.6215719,129.0376585,2.236807942,44.86182687,-6.264223149
corridor_0,13844,13844,19,108,1139350,1737250,35.6215578,129.0387624,3.104350208,45.72936913,-5.396680882
corridor_0,13845,13845,20,108,1139450,1737250,35.6215437,129.0398663,3.965350269,46.59036919,-4.535680821
corridor_0,13846,13846,21,108,1139550,1737250,35.6215296,129.0409702,4.741843342,47.36686227,-3.759187749
corridor_0,13847,13847,22,108,1139650,1737250,35.6215155,129.0420741,5.582526325,48.20754525,-2.918504766
corridor_0,13848,13848,23,108,1139750,1737250,35.6215014,129.0431779,6.376639484,49.00165841,-2.124391606
corridor_0,13849,13849,24,108,1139850,1737250,35.6214872,129.0442818,7.27632439,49.90134332,-1.2247067
corridor_0,13850,13850,25,108,1139950,1737250,35.621473,129.0453857,8.180136799,50.80515572,-0.320894292
corridor_0,13851,13851,26,108,1140050,1737250,35.6214589,129.0464896,9.080500721,51.70551965,0.57946963
corridor_0,13852,13852,27,108,1140150,1737250,35.6214447,129.0475935,10.03043282,52.65545174,1.529401729
corridor_0,13853,13853,28,108,1140250,1737250,35.6214305,129.0486973,10.99122918,53.6162481,2.490198085
corridor_0,13854,13854,29,108,1140350,1737250,35.6214163,129.0498012,11.91902077,54.5440397,3.41798968
corridor_0,13855,13855,30,108,1140450,1737250,35.6214021,129.0509051,12.70218575,55.32720467,4.201154658
corridor_0,13856,13856,31,108,1140550,1737250,35.6213879,129.052009,13.51163781,56.13665673,5.010606715
corridor_0,13857,13857,32,108,1140650,1737250,35.6213737,129.0531129,14.15839302,56.78341195,5.657361934
corridor_0,13858,13858,33,108,1140750,1737250,35.6213594,129.0542167,14.01390755,56.63892648,5.51287646
corridor_0,13859,13859,34,108,1140850,1737250,35.6213452,129.0553206,14.16870415,56.79372308,5.66767306
corridor_0,13860,13860,35,108,1140950,1737250,35.6213309,129.0564245,13.95598137,56.5810003,5.454950282
corridor_0,13861,13861,36,108,1141050,1737250,35.6213166,129.0575284,13.93115532,56.55617425,5.430124232
corridor_0,13862,13862,37,108,1141150,1737250,35.6213024,129.0586322,13.67973626,56.30475518,5.178705165
corridor_0,13863,13863,38,108,1141250,1737250,35.6212881,129.0597361,13.60983574,56.23485467,5.108804652
corridor_0,13864,13864,39,108,1141350,1737250,35.6212738,129.06084,13.40239251,56.02741143,4.901361415
corridor_0,13865,13865,40,108,1141450,1737250,35.6212595,129.0619438,13.21928704,55.84430596,4.718255946
corridor_0,13866,13866,41,108,1141550,1737250,35.6212452,129.0630477,13.19142449,55.81644341,4.690393397
corridor_0,13867,13867,42,108,1141650,1737250,35.6212308,129.0641516,13.28330147,55.9083204,4.782270381
corridor_0,13868,13868,43,108,1141750,1737250,35.6212165,129.0652555,13.24309838,55.8681173,4.742067286
corridor_0,13869,13869,44,108,1141850,1737250,35.6212021,129.0663593,12.93126213,55.55628106,4.430231044
corridor_0,13870,13870,45,108,1141950,1737250,35.6211878,129.0674632,12.45872414,55.08374306,3.957693049
corridor_0,13871,13871,46,108,1142050,1737250,35.6211734,129.0685671,11.95810997,54.5831289,3.457078883
corridor_0,13872,13872,47,108,1142150,1737250,35.621159,129.0696709,11.3705436,53.99556252,2.869512507
corridor_0,13873,13873,48,108,1142250,1737250,35.6211446,129.0707748,10.83313668,53.4581556,2.332105586
corridor_0,13874,13874,49,108,1142350,1737250,35.6211302,129.0718786,10.3379432,52.96296212,1.836912105
corridor_0,13875,13875,50,108,1142450,1737250,35.6211158,129.0729825,9.799628376,52.4246473,1.298597285
corridor_0,13876,13876,51,108,1142550,1737250,35.6211014,129.0740864,9.216464161,51.84148309,0.71543307
corridor_0,13877,13877,52,108,1142650,1737250,35.621087,129.0751902,8.614970326,51.23998925,0.113939235
corridor_0,13878,13878,53,108,1142750,1737250,35.6210725,129.0762941,8.123126148,50.74814507,-0.377904943
corridor_0,13879,13879,54,108,1142850,1737250,35.6210581,129.077398,7.601504444,50.22652337,-0.899526647
corridor_0,13880,13880,55,108,1142950,1737250,35.6210436,129.0785018,7.077262043,49.70228097,-1.423769048
corridor_0,13881,13881,56,108,1143050,1737250,35.6210292,129.0796057,6.525092243,49.15011117,-1.975938848
corridor_0,13882,13882,57,108,1143150,1737250,35.6210147,129.0807095,5.972682118,48.59770104,-2.528348973
corridor_0,13883,13883,58,108,1143250,1737250,35.6210002,129.0818134,5.396247028,48.02126595,-3.104784062
corridor_0,13884,13884,59,108,1143350,1737250,35.6209857,129.0829172,4.692580341,47.31759927,-3.808450749
corridor_0,13885,13885,60,108,1143450,1737250,35.6209712,129.0840211,3.649771809,46.27479073,-4.851259282
corridor_0,13886,13886,61,108,1143550,1737250,35.6209566,129.0851249,2.8673774,45.49239632,-5.633653691
corridor_0,13887,13887,62,108,1143650,1737250,35.6209421,129.0862288,2.212580799,44.83759972,-6.288450292
corridor_0,13888,13888,63,108,1143750,1737250,35.6209276,129.0873327,1.719596027,44.34461495,-6.781435063
corridor_0,13889,13889,64,108,1143850,1737250,35.620913,129.0884365,0.970328449,43.59534737,-7.530702641
corridor_0,13890,13890,65,108,1143950,1737250,35.6208985,129.0895404,-0.039639355,42.58537957,-8.540670445
corridor_0,13891,13891,66,108,1144050,1737250,35.6208839,129.0906442,-1.467850567,41.15716836,-9.968881658
corridor_0,13892,13892,67,108,1144150,1737250,35.6208693,129.0917481,-4.213734508,38.41128442,-12.7147656
corridor_0,13894,13894,69,108,1144350,1737250,35.6208401,129.0939558,-5.950720669,36.67429826,-14.45175176
corridor_0,13895,13895,70,108,1144450,1737250,35.6208255,129.0950596,-3.038666607,39.58635232,-11.5396977
corridor_0,13896,13896,71,108,1144550,1737250,35.6208109,129.0961634,-1.41728294,41.20773598,-9.918314031
corridor_0,13897,13897,72,108,1144650,1737250,35.6207962,129.0972673,-0.529133678,42.09588525,-9.030164769
corridor_0,13898,13898,73,108,1144750,1737250,35.6207816,129.0983711,0.465949177,43.0909681,-8.035081914
corridor_0,13899,13899,74,108,1144850,1737250,35.6207669,129.099475,1.63544762,44.26046654,-6.86558347
corridor_0,13900,13900,75,108,1144950,1737250,35.6207523,129.1005788,2.433821796,45.05884072,-6.067209294
corridor_0,13901,13901,76,108,1145050,1737250,35.6207376,129.1016827,3.079482197,45.70450112,-5.421548894
corridor_0,13902,13902,77,108,1145150,1737250,35.6207229,129.1027865,3.724471211,46.34949014,-4.77655988
corridor_0,13903,13903,78,108,1145250,1737250,35.6207082,129.1038903,4.392588734,47.01760766,-4.108442357
corridor_0,13904,13904,79,108,1145350,1737250,35.6206935,129.1049942,5.269217609,47.89423653,-3.231813481
corridor_0,13905,13905,80,108,1145450,1737250,35.6206788,129.106098,6.023421406,48.64844033,-2.477609685
corridor_0,13906,13906,81,108,1145550,1737250,35.6206641,129.1072019,6.726294636,49.35131356,-1.774736455
corridor_0,13907,13907,82,108,1145650,1737250,35.6206494,129.1083057,7.51776421,50.14278313,-0.983266881
corridor_0,13908,13908,83,108,1145750,1737250,35.6206346,129.1094095,8.226542591,50.85156152,-0.2744885
corridor_0,13909,13909,84,108,1145850,1737250,35.6206199,129.1105134,9.263827442,51.88884637,0.762796351
corridor_0,13910,13910,85,108,1145950,1737250,35.6206051,129.1116172,10.20904839,52.83406731,1.708017299
corridor_0,13911,13911,86,108,1146050,1737250,35.6205903,129.112721,11.13877785,53.76379678,2.63774676
corridor_0,13912,13912,87,108,1146150,1737250,35.6205755,129.1138249,12.08880532,54.71382424,3.587774226
corridor_0,13913,13913,88,108,1146250,1737250,35.6205607,129.1149287,12.47899926,55.10401818,3.977968165
corridor_0,13914,13914,89,108,1146350,1737250,35.6205459,129.1160325,12.56514275,55.19016167,4.064111659
corridor_0,13915,13915,90,108,1146450,1737250,35.6205311,129.1171364,12.49291527,55.1179342,3.991884181
corridor_0,13916,13916,91,108,1146550,1737250,35.6205163,129.1182402,12.44732582,55.07234475,3.946294734
corridor_0,13917,13917,92,108,1146650,1737250,35.6205015,129.119344,12.46498024,55.08999917,3.963949153
corridor_0,13918,13918,93,108,1146750,1737250,35.6204866,129.1204479,12.48383629,55.10885522,3.982805202
corridor_0,13919,13919,94,108,1146850,1737250,35.6204718,129.1215517,12.46648705,55.09150597,3.965455958
corridor_0,13920,13920,95,108,1146950,1737250,35.6204569,129.1226555,12.46024239,55.08526131,3.959211299
corridor_0,13921,13921,96,108,1147050,1737250,35.620442,129.1237593,12.45360482,55.07862374,3.952573726
corridor_0,13922,13922,97,108,1147150,1737250,35.6204271,129.1248632,12.40503609,55.03005502,3.904005
corridor_0,13923,13923,98,108,1147250,1737250,35.6204122,129.125967,12.34148323,54.96650216,3.840452144
corridor_0,13924,13924,99,108,1147350,1737250,35.6203973,129.1270708,12.34459221,54.96961114,3.843561122
corridor_0,13925,13925,100,108,1147450,1737250,35.6203824,129.1281746,11.97795021,54.60296914,3.476919124
corridor_0,13926,13926,101,108,1147550,1737250,35.6203675,129.1292785,11.15566552,53.78068444,2.654634425
corridor_0,13927,13927,102,108,1147650,1737250,35.6203526,129.1303823,10.18853676,52.81355569,1.687505671
corridor_0,13928,13928,103,108,1147750,1737250,35.6203376,129.1314861,9.421225666,52.04624459,0.920194575
corridor_0,13929,13929,104,108,1147850,1737250,35.6203227,129.1325899,8.628150105,51.25316903,0.127119014
corridor_0,13930,13930,105,108,1147950,1737250,35.6203077,129.1336937,7.862067341,50.48708627,-0.63896375
corridor_0,13931,13931,106,108,1148050,1737250,35.6202927,129.1347976,7.0638839,49.68890282,-1.437147191
corridor_0,13932,13932,107,108,1148150,1737250,35.6202777,129.1359014,6.334391712,48.95941064,-2.166639379
corridor_0,13933,13933,108,108,1148250,1737250,35.6202627,129.1370052,5.509684681,48.13470361,-2.99134641
corridor_0,13934,13934,109,108,1148350,1737250,35.6202477,129.138109,4.801184773,47.4262037,-3.699846318
corridor_0,13935,13935,110,108,1148450,1737250,35.6202327,129.1392128,4.073298573,46.6983175,-4.427732518
corridor_0,13936,13936,111,108,1148550,1737250,35.6202177,129.1403166,3.412512898,46.03753182,-5.088518193
corridor_0,13937,13937,112,108,1148650,1737250,35.6202026,129.1414205,2.835337757,45.46035668,-5.665693334
corridor_0,13938,13938,113,108,1148750,1737250,35.6201876,129.1425243,2.165736317,44.79075524,-6.335294774
corridor_0,13939,13939,114,108,1148850,1737250,35.6201725,129.1436281,1.243342518,43.86836144,-7.257688573
corridor_0,13940,13940,115,108,1148950,1737250,35.6201575,129.1447319,0.507487415,43.13250634,-7.993543675
corridor_0,13941,13941,116,108,1149050,1737250,35.6201424,129.1458357,-0.44317329,42.18184563,-8.944204381
corridor_0,13942,13942,117,108,1149150,1737250,35.6201273,129.1469395,-1.509640575,41.11537835,-10.01067167
corridor_0,13943,13943,118,108,1149250,1737250,35.6201122,129.1480433,-3.425991894,39.19902703,-11.92702298
corridor_0,13962,13962,118,109,1149250,1737350,35.6210135,129.1480618,-3.876503826,38.7485151,-12.37753492
corridor_0,13963,13963,117,109,1149150,1737350,35.6210286,129.146958,-1.835400463,40.78961846,-10.33643155
corridor_0,13964,13964,116,109,1149050,1737350,35.6210437,129.1458542,-0.730717541,41.89430138,-9.231748631
corridor_0,13965,13965,115,109,1148950,1737350,35.6210588,129.1447503,0.240443348,42.86546227,-8.260587743
corridor_0,13966,13966,114,109,1148850,1737350,35.6210738,129.1436465,0.983954548,43.60897347,-7.517076543
corridor_0,13967,13967,113,109,1148750,1737350,35.6210889,129.1425427,1.819720387,44.44473931,-6.681310704
corridor_0,13968,13968,112,109,1148650,1737350,35.6211039,129.1414389,2.501299976,45.1263189,-5.999731114
corridor_0,13969,13969,111,109,1148550,1737350,35.621119,129.140335,3.168421864,45.79344079,-5.332609227
corridor_0,13970,13970,110,109,1148450,1737350,35.621134,129.1392312,3.832419514,46.45743844,-4.668611577
corridor_0,13971,13971,109,109,1148350,1737350,35.621149,129.1381274,4.55379784,47.17881676,-3.947233251
corridor_0,13972,13972,108,109,1148250,1737350,35.621164,129.1370236,5.207507252,47.83252618,-3.293523839
corridor_0,13973,13973,107,109,1148150,1737350,35.621179,129.1359197,6.023787617,48.64880654,-2.477243474
corridor_0,13974,13974,106,109,1148050,1737350,35.621194,129.1348159,6.739512562,49.36453149,-1.761518529
corridor_0,13975,13975,105,109,1147950,1737350,35.621209,129.1337121,7.470271229,50.09529015,-1.030759862
corridor_0,13976,13976,104,109,1147850,1737350,35.6212239,129.1326082,8.269137501,50.89415643,-0.23189359
corridor_0,13977,13977,103,109,1147750,1737350,35.6212389,129.1315044,8.977347492,51.60236642,0.476316401
corridor_0,13978,13978,102,109,1147650,1737350,35.6212538,129.1304006,9.759024738,52.38404366,1.257993648
corridor_0,13979,13979,101,109,1147550,1737350,35.6212688,129.1292967,10.55748665,53.18250558,2.056455562
corridor_0,13980,13980,100,109,1147450,1737350,35.6212837,129.1281929,11.45080483,54.07582375,2.949773738
corridor_0,13981,13981,99,109,1147350,1737350,35.6212986,129.1270891,12.32372582,54.94874474,3.822694728
corridor_0,13982,13982,98,109,1147250,1737350,35.6213135,129.1259852,12.22315133,54.84817025,3.722120234
corridor_0,13983,13983,97,109,1147150,1737350,35.6213284,129.1248814,12.20669854,54.83171746,3.705667445
corridor_0,13984,13984,96,109,1147050,1737350,35.6213433,129.1237776,12.23870003,54.86371896,3.737668941
corridor_0,13985,13985,95,109,1146950,1737350,35.6213582,129.1226737,12.22194207,54.84696099,3.720910975
corridor_0,13986,13986,94,109,1146850,1737350,35.6213731,129.1215699,12.21353447,54.8385534,3.712503383
corridor_0,13987,13987,93,109,1146750,1737350,35.6213879,129.120466,12.17891991,54.80393884,3.67788882
corridor_0,13988,13988,92,109,1146650,1737350,35.6214028,129.1193622,12.17766488,54.8026838,3.676633784
corridor_0,13989,13989,91,109,1146550,1737350,35.6214176,129.1182584,12.19556725,54.82058617,3.694536159
corridor_0,13990,13990,90,109,1146450,1737350,35.6214324,129.1171545,12.09354317,54.7185621,3.59251208
corridor_0,13991,13991,89,109,1146350,1737350,35.6214472,129.1160507,11.88802254,54.51304147,3.38699145
corridor_0,13992,13992,88,109,1146250,1737350,35.621462,129.1149468,11.40627587,54.03129479,2.905244777
corridor_0,13993,13993,87,109,1146150,1737350,35.6214768,129.113843,10.97294533,53.59796426,2.471914241
corridor_0,13994,13994,86,109,1146050,1737350,35.6214916,129.1127391,10.36181176,52.98683068,1.860780665
corridor_0,13995,13995,85,109,1145950,1737350,35.6215064,129.1116353,9.654292225,52.27931115,1.153261134
corridor_0,13996,13996,84,109,1145850,1737350,35.6215212,129.1105315,8.786128162,51.41114709,0.285097072
corridor_0,13997,13997,83,109,1145750,1737350,35.6215359,129.1094276,7.868044972,50.4930639,-0.632986119
corridor_0,13998,13998,82,109,1145650,1737350,35.6215507,129.1083238,7.189276814,49.81429574,-1.311754277
corridor_0,13999,13999,81,109,1145550,1737350,35.6215654,129.1072199,6.42539513,49.05041405,-2.075635961
corridor_0,14000,14000,80,109,1145450,1737350,35.6215801,129.1061161,5.633280872,48.2582998,-2.867750218
corridor_0,14001,14001,79,109,1145350,1737350,35.6215948,129.1050122,4.86983025,47.49484917,-3.631200841
corridor_0,14002,14002,78,109,1145250,1737350,35.6216095,129.1039083,3.982012867,46.60703179,-4.519018224
corridor_0,14003,14003,77,109,1145150,1737350,35.6216242,129.1028045,3.34336388,45.9683828,-5.157667211
corridor_0,14004,14004,76,109,1145050,1737350,35.6216389,129.1017006,2.686614155,45.31163308,-5.814416936
corridor_0,14005,14005,75,109,1144950,1737350,35.6216536,129.1005968,2.015551685,44.64057061,-6.485479405
corridor_0,14006,14006,74,109,1144850,1737350,35.6216682,129.0994929,1.060942768,43.68596169,-7.440088323
corridor_0,14007,14007,73,109,1144750,1737350,35.6216829,129.0983891,0.154803394,42.77982232,-8.346227696
corridor_0,14008,14008,72,109,1144650,1737350,35.6216975,129.0972852,-0.868660808,41.75635812,-9.369691899
corridor_0,14009,14009,71,109,1144550,1737350,35.6217122,129.0961814,-2.064335705,40.56068322,-10.5653668
corridor_0,14010,14010,70,109,1144450,1737350,35.6217268,129.0950775,-3.515202404,39.10981652,-12.01623349
corridor_0,14011,14011,69,109,1144350,1737350,35.6217414,129.0939736,-7.735636593,34.88938233,-16.23666768
corridor_0,14014,14014,66,109,1144050,1737350,35.6217852,129.0906621,-2.909821392,39.71519753,-11.41085248
corridor_0,14015,14015,65,109,1143950,1737350,35.6217998,129.0895582,-0.901524425,41.7234945,-9.402555516
corridor_0,14016,14016,64,109,1143850,1737350,35.6218143,129.0884543,0.401255726,43.02627465,-8.099775365
corridor_0,14017,14017,63,109,1143750,1737350,35.6218289,129.0873505,1.19914925,43.82416817,-7.301881841
corridor_0,14018,14018,62,109,1143650,1737350,35.6218434,129.0862466,1.815806507,44.44082543,-6.685224584
corridor_0,14019,14019,61,109,1143550,1737350,35.621858,129.0851427,2.387507557,45.01252648,-6.113523534
corridor_0,14020,14020,60,109,1143450,1737350,35.6218725,129.0840389,2.843009113,45.46802804,-5.658021977
corridor_0,14021,14021,59,109,1143350,1737350,35.621887,129.082935,4.090235828,46.71525475,-4.410795262
corridor_0,14022,14022,58,109,1143250,1737350,35.6219015,129.0818311,4.816714405,47.44173333,-3.684316686
corridor_0,14023,14023,57,109,1143150,1737350,35.621916,129.0807273,5.448229908,48.07324883,-3.052801183
corridor_0,14024,14024,56,109,1143050,1737350,35.6219305,129.0796234,6.043898701,48.66891763,-2.45713239
corridor_0,14025,14025,55,109,1142950,1737350,35.6219449,129.0785195,6.660929798,49.28594872,-1.840101293
corridor_0,14026,14026,54,109,1142850,1737350,35.6219594,129.0774157,7.167155384,49.79217431,-1.333875707
corridor_0,14027,14027,53,109,1142750,1737350,35.6219738,129.0763118,7.652983784,50.27800271,-0.848047307
corridor_0,14028,14028,52,109,1142650,1737350,35.6219883,129.0752079,8.139998554,50.76501748,-0.361032537
corridor_0,14029,14029,51,109,1142550,1737350,35.6220027,129.074104,8.752005695,51.37702462,0.250974605
corridor_0,14030,14030,50,109,1142450,1737350,35.6220171,129.0730002,9.313395619,51.93841454,0.812364528
corridor_0,14031,14031,49,109,1142350,1737350,35.6220315,129.0718963,9.832491993,52.45751092,1.331460902
corridor_0,14032,14032,48,109,1142250,1737350,35.6220459,129.0707924,10.32413018,52.9491491,1.823099086
corridor_0,14033,14033,47,109,1142150,1737350,35.6220603,129.0696885,10.85763466,53.48265359,2.356603572
corridor_0,14034,14034,46,109,1142050,1737350,35.6220747,129.0685847,11.47048485,54.09550378,2.969453761
corridor_0,14035,14035,45,109,1141950,1737350,35.6220891,129.0674808,12.00566399,54.63068291,3.504632899
corridor_0,14036,14036,44,109,1141850,1737350,35.6221034,129.0663769,12.6715194,55.29653832,4.170488307
corridor_0,14037,14037,43,109,1141750,1737350,35.6221178,129.065273,13.0286895,55.65370843,4.527658412
corridor_0,14038,14038,42,109,1141650,1737350,35.6221321,129.0641691,13.17480004,55.79981896,4.673768947
corridor_0,14039,14039,41,109,1141550,1737350,35.6221465,129.0630653,13.31112206,55.93614098,4.810090968
corridor_0,14040,14040,40,109,1141450,1737350,35.6221608,129.0619614,13.40354073,56.02855965,4.902509639
corridor_0,14041,14041,39,109,1141350,1737350,35.6221751,129.0608575,13.26447594,55.88949487,4.76344485
corridor_0,14042,14042,38,109,1141250,1737350,35.6221894,129.0597536,13.34936058,55.97437951,4.848329494
corridor_0,14043,14043,37,109,1141150,1737350,35.6222037,129.0586497,13.52183068,56.1468496,5.020799586
corridor_0,14044,14044,36,109,1141050,1737350,35.622218,129.0575458,13.84372628,56.4687452,5.342695186
corridor_0,14045,14045,35,109,1140950,1737350,35.6222322,129.056442,14.16768563,56.79270455,5.666654536
corridor_0,14046,14046,34,109,1140850,1737350,35.6222465,129.0553381,14.28592598,56.91094491,5.784894893
corridor_0,14047,14047,33,109,1140750,1737350,35.6222607,129.0542342,14.27968514,56.90470406,5.778654048
corridor_0,14048,14048,32,109,1140650,1737350,35.622275,129.0531303,13.92845833,56.55347726,5.427427241
corridor_0,14049,14049,31,109,1140550,1737350,35.6222892,129.0520264,13.33206856,55.95708749,4.831037471
corridor_0,14050,14050,30,109,1140450,1737350,35.6223034,129.0509225,12.56507027,55.1900892,4.06403918
corridor_0,14051,14051,29,109,1140350,1737350,35.6223176,129.0498186,11.73013222,54.35515115,3.22910113
corridor_0,14052,14052,28,109,1140250,1737350,35.6223318,129.0487147,10.79585946,53.42087838,2.294828364
corridor_0,14053,14053,27,109,1140150,1737350,35.622346,129.0476108,9.907218098,52.53223702,1.406187007
corridor_0,14054,14054,26,109,1140050,1737350,35.6223602,129.0465069,8.940283894,51.56530282,0.439252803
corridor_0,14055,14055,25,109,1139950,1737350,35.6223744,129.045403,8.04107201,50.66609093,-0.459959081
corridor_0,14056,14056,24,109,1139850,1737350,35.6223885,129.0442992,7.223353504,49.84837243,-1.277677587
corridor_0,14057,14057,23,109,1139750,1737350,35.6224027,129.0431953,6.348147511,48.97316644,-2.15288358
corridor_0,14058,14058,22,109,1139650,1737350,35.6224168,129.0420914,5.5388633,48.16388222,-2.96216779
corridor_0,14059,14059,21,109,1139550,1737350,35.6224309,129.0409875,4.719645619,47.34466454,-3.781385472
corridor_0,14060,14060,20,109,1139450,1737350,35.6224451,129.0398836,3.861941456,46.48696038,-4.639089635
corridor_0,14061,14061,19,109,1139350,1737350,35.6224592,129.0387797,2.995555042,45.62057397,-5.505476048
corridor_0,14062,14062,18,109,1139250,1737350,35.6224733,129.0376758,2.21944344,44.84446236,-6.281587651
corridor_0,14063,14063,17,109,1139150,1737350,35.6224874,129.0365719,1.437277912,44.06229684,-7.063753179
corridor_0,14064,14064,16,109,1139050,1737350,35.6225014,129.035468,0.653105854,43.27812478,-7.847925237
corridor_0,14065,14065,15,109,1138950,1737350,35.6225155,129.0343641,-0.352162243,42.27285668,-8.853193334
corridor_0,14066,14066,14,109,1138850,1737350,35.6225296,129.0332602,-1.500740887,41.12427804,-10.00177198
corridor_0,14067,14067,13,109,1138750,1737350,35.6225436,129.0321563,-2.520825268,40.10419366,-11.02185636
corridor_0,14068,14068,12,109,1138650,1737350,35.6225576,129.0310524,-4.544121624,38.0808973,-13.04515271
corridor_0,14069,14069,11,109,1138550,1737350,35.6225717,129.0299485,-9.082051159,33.54296777,-17.58308225
corridor_0,14093,14093,12,110,1138650,1737450,35.623459,129.0310695,-4.60012138,38.02489754,-13.10115247
corridor_0,14094,14094,13,110,1138750,1737450,35.6234449,129.0321735,-2.565064312,40.05995461,-11.0660954
corridor_0,14095,14095,14,110,1138850,1737450,35.6234309,129.0332774,-1.53049934,41.09451958,-10.03153043
corridor_0,14096,14096,15,110,1138950,1737450,35.6234168,129.0343813,-0.587342144,42.03767678,-9.088373235
corridor_0,14097,14097,16,110,1139050,1737450,35.6234028,129.0354852,0.458125233,43.08314416,-8.042905858
corridor_0,14098,14098,17,110,1139150,1737450,35.6233887,129.0365891,1.259665608,43.88468453,-7.241365483
corridor_0,14099,14099,18,110,1139250,1737450,35.6233746,129.037693,2.174204945,44.79922387,-6.326826146
corridor_0,14100,14100,19,110,1139350,1737450,35.6233605,129.0387969,2.948866963,45.57388589,-5.552164128
corridor_0,14101,14101,20,110,1139450,1737450,35.6233464,129.0399009,3.799506306,46.42452523,-4.701524785
corridor_0,14102,14102,21,110,1139550,1737450,35.6233323,129.0410048,4.569953083,47.19497201,-3.931078008
corridor_0,14103,14103,22,110,1139650,1737450,35.6233181,129.0421087,5.398673176,48.0236921,-3.102357915
corridor_0,14104,14104,23,110,1139750,1737450,35.623304,129.0432126,6.1771003,48.80211922,-2.323930791
corridor_0,14105,14105,24,110,1139850,1737450,35.6232899,129.0443165,6.965663075,49.590682,-1.535368016
corridor_0,14106,14106,25,110,1139950,1737450,35.6232757,129.0454204,7.854937672,50.4799566,-0.646093419
corridor_0,14107,14107,26,110,1140050,1737450,35.6232615,129.0465243,8.755267262,51.38028619,0.254236171
corridor_0,14108,14108,27,110,1140150,1737450,35.6232473,129.0476282,9.634585499,52.25960442,1.133554408
corridor_0,14109,14109,28,110,1140250,1737450,35.6232332,129.0487321,10.60927498,53.23429391,2.108243892
corridor_0,14110,14110,29,110,1140350,1737450,35.623219,129.049836,11.46016991,54.08518884,2.95913882
corridor_0,14111,14111,30,110,1140450,1737450,35.6232047,129.0509399,12.39289009,55.01790902,3.891859004
corridor_0,14112,14112,31,110,1140550,1737450,35.6231905,129.0520438,13.19180977,55.8168287,4.690778682
corridor_0,14113,14113,32,110,1140650,1737450,35.6231763,129.0531477,13.81955254,56.44457146,5.318521449
corridor_0,14114,14114,33,110,1140750,1737450,35.6231621,129.0542516,14.13748085,56.76249978,5.636449763
corridor_0,14115,14115,34,110,1140850,1737450,35.6231478,129.0553555,14.00828087,56.6332998,5.507249782
corridor_0,14116,14116,35,110,1140950,1737450,35.6231336,129.0564594,13.84993279,56.47495171,5.348901698
corridor_0,14117,14117,36,110,1141050,1737450,35.6231193,129.0575633,13.50082314,56.12584206,4.999792048
corridor_0,14118,14118,37,110,1141150,1737450,35.623105,129.0586672,13.35951531,55.98453423,4.858484218
corridor_0,14119,14119,38,110,1141250,1737450,35.6230907,129.0597711,13.20255196,55.82757088,4.701520869
corridor_0,14120,14120,39,110,1141350,1737450,35.6230764,129.060875,13.51415932,56.13917825,5.01312823
corridor_0,14121,14121,40,110,1141450,1737450,35.6230621,129.0619789,13.44762337,56.0726423,4.94659228
corridor_0,14122,14122,41,110,1141550,1737450,35.6230478,129.0630828,13.22764122,55.85266015,4.726610133
corridor_0,14123,14123,42,110,1141650,1737450,35.6230335,129.0641867,12.9469825,55.57200143,4.445951411
corridor_0,14124,14124,43,110,1141750,1737450,35.6230191,129.0652906,12.51320565,55.13822457,4.012174556
corridor_0,14125,14125,44,110,1141850,1737450,35.6230048,129.0663945,12.19894707,54.823966,3.69791598
corridor_0,14126,14126,45,110,1141950,1737450,35.6229904,129.0674984,11.45136177,54.0763807,2.950330684
corridor_0,14127,14127,46,110,1142050,1737450,35.622976,129.0686023,10.85023796,53.47525689,2.349206874
corridor_0,14128,14128,47,110,1142150,1737450,35.6229616,129.0697062,10.34564507,52.97066399,1.844613978
corridor_0,14129,14129,48,110,1142250,1737450,35.6229473,129.07081,9.832995533,52.45801446,1.331964442
corridor_0,14130,14130,49,110,1142350,1737450,35.6229329,129.0719139,9.338427662,51.96344659,0.837396571
corridor_0,14131,14131,50,110,1142450,1737450,35.6229184,129.0730178,8.84480965,51.46982858,0.34377856
corridor_0,14132,14132,51,110,1142550,1737450,35.622904,129.0741217,8.285884022,50.91090295,-0.215147069
corridor_0,14133,14133,52,110,1142650,1737450,35.6228896,129.0752256,7.664095997,50.28911492,-0.836935094
corridor_0,14134,14134,53,110,1142750,1737450,35.6228752,129.0763295,7.134398579,49.7594175,-1.366632512
corridor_0,14135,14135,54,110,1142850,1737450,35.6228607,129.0774334,6.613043903,49.23806283,-1.887987187
corridor_0,14136,14136,55,110,1142950,1737450,35.6228462,129.0785372,6.158816456,48.78383538,-2.342214635
corridor_0,14137,14137,56,110,1143050,1737450,35.6228318,129.0796411,5.556857227,48.18187615,-2.944173863
corridor_0,14138,14138,57,110,1143150,1737450,35.6228173,129.080745,4.825228809,47.45024773,-3.675802281
corridor_0,14139,14139,58,110,1143250,1737450,35.6228028,129.0818489,4.131098866,46.75611779,-4.369932225
corridor_0,14140,14140,59,110,1143350,1737450,35.6227883,129.0829528,3.024562,45.64958092,-5.47646909
corridor_0,14141,14141,60,110,1143450,1737450,35.6227738,129.0840567,2.476859211,45.10187814,-6.02417188
corridor_0,14142,14142,61,110,1143550,1737450,35.6227593,129.0851605,1.893969654,44.51898858,-6.607061437
corridor_0,14143,14143,62,110,1143650,1737450,35.6227447,129.0862644,1.294676899,43.91969582,-7.206354192
corridor_0,14144,14144,63,110,1143750,1737450,35.6227302,129.0873683,0.656211018,43.28122994,-7.844820073
corridor_0,14145,14145,64,110,1143850,1737450,35.6227156,129.0884722,-0.58625877,42.03876015,-9.087289861
corridor_0,14146,14146,65,110,1143950,1737450,35.6227011,129.089576,-2.170967937,40.45405099,-10.67199903
corridor_0,14147,14147,66,110,1144050,1737450,35.6226865,129.0906799,-10.86478889,31.76023003,-19.36581998
corridor_0,14150,14150,69,110,1144350,1737450,35.6226427,129.0939915,-9.035046459,33.58997247,-17.53607755
corridor_0,14151,14151,70,110,1144450,1737450,35.6226281,129.0950954,-4.516491772,38.10852715,-13.01752286
corridor_0,14152,14152,71,110,1144550,1737450,35.6226135,129.0961993,-2.497025371,40.12799355,-10.99805646
corridor_0,14153,14153,72,110,1144650,1737450,35.6225988,129.0973031,-1.245106579,41.37991235,-9.74613767
corridor_0,14154,14154,73,110,1144750,1737450,35.6225842,129.098407,-0.369789959,42.25522897,-8.87082105
corridor_0,14155,14155,74,110,1144850,1737450,35.6225695,129.0995109,0.601004719,43.22602364,-7.900026372
corridor_0,14156,14156,75,110,1144950,1737450,35.6225549,129.1006148,1.482215046,44.10723397,-7.018816045
corridor_0,14157,14157,76,110,1145050,1737450,35.6225402,129.1017186,2.283362507,44.90838143,-6.217668584
corridor_0,14158,14158,77,110,1145150,1737450,35.6225255,129.1028225,2.928717732,45.55373666,-5.572313359
corridor_0,14159,14159,78,110,1145250,1737450,35.6225108,129.1039264,3.57736504,46.20238396,-4.923666051
corridor_0,14160,14160,79,110,1145350,1737450,35.6224961,129.1050302,4.421534657,47.04655358,-4.079496434
corridor_0,14161,14161,80,110,1145450,1737450,35.6224814,129.1061341,5.307608723,47.93262765,-3.193422368
corridor_0,14162,14162,81,110,1145550,1737450,35.6224667,129.1072379,6.040667652,48.66568658,-2.460363439
corridor_0,14163,14163,82,110,1145650,1737450,35.6224519,129.1083418,6.759696125,49.38471505,-1.741334966
corridor_0,14164,14164,83,110,1145750,1737450,35.6224372,129.1094457,7.512736439,50.13775536,-0.988294652
corridor_0,14165,14165,84,110,1145850,1737450,35.6224224,129.1105495,8.294947743,50.91996667,-0.206083348
corridor_0,14166,14166,85,110,1145950,1737450,35.6224077,129.1116534,8.927367329,51.55238625,0.426336238
corridor_0,14167,14167,86,110,1146050,1737450,35.6223929,129.1127572,9.484469532,52.10948846,0.983438441
corridor_0,14168,14168,87,110,1146150,1737450,35.6223781,129.1138611,10.03962624,52.66464516,1.538595149
corridor_0,14169,14169,88,110,1146250,1737450,35.6223633,129.114965,10.52498925,53.15000817,2.023958156
corridor_0,14170,14170,89,110,1146350,1737450,35.6223485,129.1160688,11.04050743,53.66552636,2.539476344
corridor_0,14171,14171,90,110,1146450,1737450,35.6223337,129.1171727,11.44852745,54.07354638,2.947496364
corridor_0,14172,14172,91,110,1146550,1737450,35.6223189,129.1182765,11.72391426,54.34893319,3.222883174
corridor_0,14173,14173,92,110,1146650,1737450,35.622304,129.1193804,11.70855629,54.33357522,3.207525203
corridor_0,14174,14174,93,110,1146750,1737450,35.6222892,129.1204842,11.71428597,54.33930489,3.213254878
corridor_0,14175,14175,94,110,1146850,1737450,35.6222743,129.1215881,11.72354805,54.34856698,3.222516963
corridor_0,14176,14176,95,110,1146950,1737450,35.6222595,129.1226919,11.77599251,54.40101144,3.274961421
corridor_0,14177,14177,96,110,1147050,1737450,35.6222446,129.1237958,11.76838982,54.39340874,3.267358729
corridor_0,14178,14178,97,110,1147150,1737450,35.6222297,129.1248996,11.80360329,54.42862222,3.3025722
corridor_0,14179,14179,98,110,1147250,1737450,35.6222148,129.1260035,11.98610604,54.61112496,3.485074946
corridor_0,14180,14180,99,110,1147350,1737450,35.6221999,129.1271073,11.59095681,54.21597573,3.089925715
corridor_0,14181,14181,100,110,1147450,1737450,35.622185,129.1282112,10.73768914,53.36270806,2.236658046
corridor_0,14182,14182,101,110,1147550,1737450,35.6221701,129.129315,9.982398151,52.60741708,1.481367061
corridor_0,14183,14183,102,110,1147650,1737450,35.6221551,129.1304189,9.231047749,51.85606667,0.730016658
corridor_0,14184,14184,103,110,1147750,1737450,35.6221402,129.1315227,8.509558796,51.13457772,0.008527705
corridor_0,14185,14185,104,110,1147850,1737450,35.6221252,129.1326266,7.753806233,50.37882516,-0.747224858
corridor_0,14186,14186,105,110,1147950,1737450,35.6221103,129.1337304,7.04194939,49.66696832,-1.4590817
corridor_0,14187,14187,106,110,1148050,1737450,35.6220953,129.1348343,6.400321125,49.02534005,-2.100709966
corridor_0,14188,14188,107,110,1148150,1737450,35.6220803,129.1359381,5.642081379,48.2671003,-2.858949712
corridor_0,14189,14189,108,110,1148250,1737450,35.6220653,129.1370419,4.881003498,47.50602242,-3.620027593
corridor_0,14190,14190,109,110,1148350,1737450,35.6220503,129.1381458,4.152678608,46.77769753,-4.348352483
corridor_0,14191,14191,110,110,1148450,1737450,35.6220353,129.1392496,3.566161274,46.1911802,-4.934869817
corridor_0,14192,14192,111,110,1148550,1737450,35.6220202,129.1403535,2.909804463,45.53482339,-5.591226628
corridor_0,14193,14193,112,110,1148650,1737450,35.6220052,129.1414573,2.239173054,44.86419198,-6.261858037
corridor_0,14194,14194,113,110,1148750,1737450,35.6219902,129.1425611,1.553782581,44.17880151,-6.947248509
corridor_0,14195,14195,114,110,1148850,1737450,35.6219751,129.143665,0.70973122,43.33475014,-7.79129987
corridor_0,14196,14196,115,110,1148950,1737450,35.62196,129.1447688,-0.21812904,42.40688988,-8.719160131
corridor_0,14197,14197,116,110,1149050,1737450,35.621945,129.1458726,-1.26468742,41.3603315,-9.765718511
corridor_0,14198,14198,117,110,1149150,1737450,35.6219299,129.1469765,-2.469895245,40.15512368,-10.97092634
corridor_0,14199,14199,118,110,1149250,1737450,35.6219148,129.1480803,-4.855450512,37.76956841,-13.3564816
corridor_0,14218,14218,118,111,1149250,1737550,35.622816,129.1480988,-6.127842785,36.49717614,-14.62887388
corridor_0,14219,14219,117,111,1149150,1737550,35.6228311,129.146995,-2.859917522,39.7651014,-11.36094861
corridor_0,14220,14220,116,111,1149050,1737550,35.6228462,129.1458911,-1.617607952,41.00741097,-10.11863904
corridor_0,14221,14221,115,111,1148950,1737550,35.6228613,129.1447873,-0.540509106,42.08450982,-9.041540196
corridor_0,14222,14222,114,111,1148850,1737550,35.6228764,129.1436834,0.254584431,42.87960336,-8.24644666
corridor_0,14223,14223,113,111,1148750,1737550,35.6228914,129.1425796,1.142840504,43.76785943,-7.358190587
corridor_0,14224,14224,112,111,1148650,1737550,35.6229065,129.1414757,1.955138325,44.58015725,-6.545892766
corridor_0,14225,14225,111,111,1148550,1737550,35.6229215,129.1403719,2.620291828,45.24531075,-5.880739263
corridor_0,14226,14226,110,111,1148450,1737550,35.6229366,129.139268,3.193678974,45.8186979,-5.307352117
corridor_0,14227,14227,109,111,1148350,1737550,35.6229516,129.1381642,3.850119709,46.47513863,-4.650911382
corridor_0,14228,14228,108,111,1148250,1737550,35.6229666,129.1370603,4.505866169,47.13088509,-3.995164922
corridor_0,14229,14229,107,111,1148150,1737550,35.6229816,129.1359565,5.269610523,47.89462945,-3.231420568
corridor_0,14230,14230,106,111,1148050,1737550,35.6229966,129.1348526,5.973837971,48.5988569,-2.52719312
corridor_0,14231,14231,105,111,1147950,1737550,35.6230115,129.1337488,6.633643269,49.25866219,-1.867387822
corridor_0,14232,14232,104,111,1147850,1737550,35.6230265,129.1326449,7.313254475,49.9382734,-1.187776616
corridor_0,14233,14233,103,111,1147750,1737550,35.6230415,129.131541,7.959307789,50.58432671,-0.541723302
corridor_0,14234,14234,102,111,1147650,1737550,35.6230564,129.1304372,8.653189777,51.2782087,0.152158687
corridor_0,14235,14235,101,111,1147550,1737550,35.6230714,129.1293333,9.373438953,51.99845788,0.872407863
corridor_0,14236,14236,100,111,1147450,1737550,35.6230863,129.1282295,10.112445,52.73746392,1.611413905
corridor_0,14237,14237,99,111,1147350,1737550,35.6231012,129.1271256,10.87659371,53.50161263,2.375562617
corridor_0,14238,14238,98,111,1147250,1737550,35.6231161,129.1260217,11.21607506,53.84109399,2.715043971
corridor_0,14239,14239,97,111,1147150,1737550,35.623131,129.1249179,11.15375435,53.77877328,2.652723262
corridor_0,14240,14240,96,111,1147050,1737550,35.6231459,129.123814,11.13486397,53.7598829,2.633832881
corridor_0,14241,14241,95,111,1146950,1737550,35.6231608,129.1227102,11.13783562,53.76285455,2.63680453
corridor_0,14242,14242,94,111,1146850,1737550,35.6231756,129.1216063,11.08558953,53.71060845,2.584558436
corridor_0,14243,14243,93,111,1146750,1737550,35.6231905,129.1205024,10.99996865,53.62498757,2.498937556
corridor_0,14244,14244,92,111,1146650,1737550,35.6232053,129.1193986,11.08795082,53.71296975,2.586919734
corridor_0,14245,14245,91,111,1146550,1737550,35.6232202,129.1182947,11.06380379,53.68882272,2.5627727
corridor_0,14246,14246,90,111,1146450,1737550,35.623235,129.1171908,10.7712127,53.39623162,2.270181605
corridor_0,14247,14247,89,111,1146350,1737550,35.6232498,129.116087,10.29472649,52.91974541,1.793695399
corridor_0,14248,14248,88,111,1146250,1737550,35.6232646,129.1149831,9.695952534,52.32097146,1.194921443
corridor_0,14249,14249,87,111,1146150,1737550,35.6232794,129.1138792,9.173831104,51.79885003,0.672800014
corridor_0,14250,14250,86,111,1146050,1737550,35.6232942,129.1127753,8.724127888,51.34914681,0.223096797
corridor_0,14251,14251,85,111,1145950,1737550,35.623309,129.1116715,8.144827961,50.76984689,-0.35620313
corridor_0,14252,14252,84,111,1145850,1737550,35.6233237,129.1105676,7.602419972,50.2274389,-0.898611119
corridor_0,14253,14253,83,111,1145750,1737550,35.6233385,129.1094637,7.021067738,49.64608666,-1.479963353
corridor_0,14254,14254,82,111,1145650,1737550,35.6233532,129.1083599,6.337401508,48.96242043,-2.163629582
corridor_0,14255,14255,81,111,1145550,1737550,35.623368,129.107256,5.55304253,48.17806145,-2.947988561
corridor_0,14256,14256,80,111,1145450,1737550,35.6233827,129.1061521,4.841971516,47.46699044,-3.659059575
corridor_0,14257,14257,79,111,1145350,1737550,35.6233974,129.1050482,3.952895283,46.57791421,-4.548135808
corridor_0,14258,14258,78,111,1145250,1737550,35.6234121,129.1039444,3.158152699,45.78317162,-5.342878392
corridor_0,14259,14259,77,111,1145150,1737550,35.6234268,129.1028405,2.475836872,45.1008558,-6.025194219
corridor_0,14260,14260,76,111,1145050,1737550,35.6234415,129.1017366,1.802245258,44.42726418,-6.698785832
corridor_0,14261,14261,75,111,1144950,1737550,35.6234562,129.1006327,1.115058064,43.74007699,-7.385973027
corridor_0,14262,14262,74,111,1144850,1737550,35.6234708,129.0995288,0.241587757,42.86660668,-8.259443334
corridor_0,14263,14263,73,111,1144750,1737550,35.6234855,129.098425,-0.755944134,41.86907479,-9.256975224
corridor_0,14264,14264,72,111,1144650,1737550,35.6235001,129.0973211,-1.650048138,40.97497079,-10.15107923
corridor_0,14265,14265,71,111,1144550,1737550,35.6235148,129.0962172,-3.3361367,39.28888222,-11.83716779
corridor_0,14266,14266,70,111,1144450,1737550,35.6235294,129.0951133,-5.799984814,36.82503411,-14.3010159
corridor_0,14267,14267,69,111,1144350,1737550,35.623544,129.0940094,-13.82412613,28.8008928,-22.32515722
corridor_0,14271,14271,65,111,1143950,1737550,35.6236024,129.0895939,-4.77785194,37.84716698,-13.27888303
corridor_0,14272,14272,64,111,1143850,1737550,35.6236169,129.08849,-1.786743999,40.83827493,-10.28777509
corridor_0,14273,14273,63,111,1143750,1737550,35.6236315,129.0873861,-0.28800285,42.33701608,-8.78903394
corridor_0,14274,14274,62,111,1143650,1737550,35.623646,129.0862822,0.585059284,43.21007821,-7.915971807
corridor_0,14275,14275,61,111,1143550,1737550,35.6236606,129.0851783,1.358237385,43.98325631,-7.142793706
corridor_0,14276,14276,60,111,1143450,1737550,35.6236751,129.0840744,1.962679981,44.58769891,-6.53835111
corridor_0,14277,14277,59,111,1143350,1737550,35.6236896,129.0829705,2.529666065,45.15468499,-5.971365026
corridor_0,14278,14278,58,111,1143250,1737550,35.6237041,129.0818666,3.056784748,45.68180367,-5.444246343
corridor_0,14279,14279,57,111,1143150,1737550,35.6237186,129.0807628,4.232764362,46.85778329,-4.268266728
corridor_0,14280,14280,56,111,1143050,1737550,35.6237331,129.0796589,4.950007557,47.57502648,-3.551023534
corridor_0,14281,14281,55,111,1142950,1737550,35.6237475,129.078555,5.628726124,48.25374505,-2.872304967
corridor_0,14282,14282,54,111,1142850,1737550,35.623762,129.0774511,6.132384419,48.75740334,-2.368646672
corridor_0,14283,14283,53,111,1142750,1737550,35.6237765,129.0763472,6.606421589,49.23144051,-1.894609502
corridor_0,14284,14284,52,111,1142650,1737550,35.6237909,129.0752433,7.220915913,49.84593484,-1.280115178
corridor_0,14285,14285,51,111,1142550,1737550,35.6238053,129.0741394,7.765711903,50.39073083,-0.735319188
corridor_0,14286,14286,50,111,1142450,1737550,35.6238198,129.0730355,8.311213612,50.93623254,-0.189817479
corridor_0,14287,14287,49,111,1142350,1737550,35.6238342,129.0719316,8.855612873,51.4806318,0.354581782
corridor_0,14288,14288,48,111,1142250,1737550,35.6238486,129.0708277,9.306803822,51.93182275,0.805772731
corridor_0,14289,14289,47,111,1142150,1737550,35.623863,129.0697238,9.792098164,52.41711709,1.291067073
corridor_0,14290,14290,46,111,1142050,1737550,35.6238773,129.0686199,10.26757347,52.8925924,1.766542384
corridor_0,14291,14291,45,111,1141950,1737550,35.6238917,129.067516,10.81729042,53.44230935,2.316259334
corridor_0,14292,14292,44,111,1141850,1737550,35.6239061,129.0664121,11.50004494,54.12506387,2.99901385
corridor_0,14293,14293,43,111,1141750,1737550,35.6239204,129.0653082,11.8978759,54.52289483,3.396844813
corridor_0,14294,14294,42,111,1141650,1737550,35.6239348,129.0642043,12.40922081,55.03423974,3.908189723
corridor_0,14295,14295,41,111,1141550,1737550,35.6239491,129.0631003,12.80420983,55.42922875,4.303178737
corridor_0,14296,14296,40,111,1141450,1737550,35.6239634,129.0619964,13.22667229,55.85169122,4.7256412
corridor_0,14297,14297,39,111,1141350,1737550,35.6239777,129.0608925,13.40945733,56.03447625,4.908426234
corridor_0,14298,14298,38,111,1141250,1737550,35.623992,129.0597886,13.42293465,56.04795358,4.92190356
corridor_0,14299,14299,37,111,1141150,1737550,35.6240063,129.0586847,13.26279366,55.88781258,4.761762568
corridor_0,14300,14300,36,111,1141050,1737550,35.6240206,129.0575808,13.21099389,55.83601281,4.709962794
corridor_0,14301,14301,35,111,1140950,1737550,35.6240349,129.0564769,13.3532325,55.97825143,4.852201411
corridor_0,14302,14302,34,111,1140850,1737550,35.6240491,129.055373,13.50457299,56.12959191,5.003541896
corridor_0,14303,14303,33,111,1140750,1737550,35.6240634,129.0542691,13.46638024,56.09139916,4.965349147
corridor_0,14304,14304,32,111,1140650,1737550,35.6240776,129.0531652,13.21428978,55.83930871,4.713258693
corridor_0,14305,14305,31,111,1140550,1737550,35.6240918,129.0520612,12.85819542,55.48321435,4.357164332
corridor_0,14306,14306,30,111,1140450,1737550,35.6241061,129.0509573,12.12658226,54.75160119,3.625551173
corridor_0,14307,14307,29,111,1140350,1737550,35.6241203,129.0498534,11.10358727,53.72860619,2.602556178
corridor_0,14308,14308,28,111,1140250,1737550,35.6241345,129.0487495,10.22711861,52.85213753,1.72608752
corridor_0,14309,14309,27,111,1140150,1737550,35.6241487,129.0476456,9.341994404,51.96701333,0.840963313
corridor_0,14310,14310,26,111,1140050,1737550,35.6241628,129.0465417,8.46301186,51.08803078,-0.038019231
corridor_0,14311,14311,25,111,1139950,1737550,35.624177,129.0454377,7.650931477,50.2759504,-0.850099614
corridor_0,14312,14312,24,111,1139850,1737550,35.6241912,129.0443338,6.81993401,49.44495293,-1.681097081
corridor_0,14313,14313,23,111,1139750,1737550,35.6242053,129.0432299,6.017485737,48.64250466,-2.483545354
corridor_0,14314,14314,22,111,1139650,1737550,35.6242195,129.042126,5.189837574,47.8148565,-3.311193517
corridor_0,14315,14315,21,111,1139550,1737550,35.6242336,129.0410221,4.43957436,47.06459328,-4.061456731
corridor_0,14316,14316,20,111,1139450,1737550,35.6242477,129.0399181,3.624716877,46.2497358,-4.876314214
corridor_0,14317,14317,19,111,1139350,1737550,35.6242618,129.0388142,2.757464527,45.38248345,-5.743566564
corridor_0,14318,14318,18,111,1139250,1737550,35.6242759,129.0377103,1.96899712,44.59401604,-6.532033971
corridor_0,14319,14319,17,111,1139150,1737550,35.62429,129.0366064,1.181777119,43.80679604,-7.319253972
corridor_0,14320,14320,16,111,1139050,1737550,35.6243041,129.0355024,0.394644856,43.01966378,-8.106386235
corridor_0,14321,14321,15,111,1138950,1737550,35.6243181,129.0343985,-0.653382183,41.97163674,-9.154413274
corridor_0,14322,14322,14,111,1138850,1737550,35.6243322,129.0332946,-1.586602093,41.03841683,-10.08763318
corridor_0,14323,14323,13,111,1138750,1737550,35.6243463,129.0321907,-2.62034309,40.00467583,-11.12137418
corridor_0,14324,14324,12,111,1138650,1737550,35.6243603,129.0310867,-5.237061382,37.38795754,-13.73809247
corridor_0,14349,14349,12,112,1138650,1737650,35.6252616,129.0311039,-5.322213055,37.30280587,-13.82324415
corridor_0,14350,14350,13,112,1138750,1737650,35.6252476,129.0322079,-3.024479748,39.60053918,-11.52551084
corridor_0,14351,14351,14,112,1138850,1737650,35.6252335,129.0333118,-1.934254528,40.6907644,-10.43528562
corridor_0,14352,14352,15,112,1138950,1737650,35.6252195,129.0344157,-0.957135082,41.66788384,-9.458166173
corridor_0,14353,14353,16,112,1139050,1737650,35.6252054,129.0355197,0.285487293,42.91050622,-8.215543797
corridor_0,14354,14354,17,112,1139150,1737650,35.6251913,129.0366236,1.075232624,43.70025155,-7.425798467
corridor_0,14355,14355,18,112,1139250,1737650,35.6251772,129.0377276,1.855422138,44.48044106,-6.645608953
corridor_0,14356,14356,19,112,1139350,1737650,35.6251631,129.0388315,2.613875507,45.23889443,-5.887155583
corridor_0,14357,14357,20,112,1139450,1737650,35.625149,129.0399354,3.462275623,46.08729455,-5.038755467
corridor_0,14358,14358,21,112,1139550,1737650,35.6251349,129.0410394,4.215872883,46.84089181,-4.285158208
corridor_0,14359,14359,22,112,1139650,1737650,35.6251208,129.0421433,4.95677483,47.58179375,-3.544256261
corridor_0,14360,14360,23,112,1139750,1737650,35.6251066,129.0432472,5.753348469,48.37836739,-2.747682622
corridor_0,14361,14361,24,112,1139850,1737650,35.6250925,129.0443512,6.508460163,49.13347909,-1.992570928
corridor_0,14362,14362,25,112,1139950,1737650,35.6250783,129.0454551,7.305827259,49.93084618,-1.195203832
corridor_0,14363,14363,26,112,1140050,1737650,35.6250642,129.046559,8.107436298,50.73245522,-0.393594792
corridor_0,14364,14364,27,112,1140150,1737650,35.62505,129.047663,8.903227924,51.52824685,0.402196834
corridor_0,14365,14365,28,112,1140250,1737650,35.6250358,129.0487669,9.758883595,52.38390252,1.257852504
corridor_0,14366,14366,29,112,1140350,1737650,35.6250216,129.0498708,10.64948189,53.27450082,2.148450801
corridor_0,14367,14367,30,112,1140450,1737650,35.6250074,129.0509747,11.58014977,54.20516869,3.079118678
corridor_0,14368,14368,31,112,1140550,1737650,35.6249932,129.0520787,12.15025628,54.7752752,3.649225184
corridor_0,14369,14369,32,112,1140650,1737650,35.6249789,129.0531826,12.71383965,55.33885857,4.212808558
corridor_0,14370,14370,33,112,1140750,1737650,35.6249647,129.0542865,13.01350319,55.63852212,4.512472102
corridor_0,14371,14371,34,112,1140850,1737650,35.6249504,129.0553904,13.03652489,55.66154382,4.5354938
corridor_0,14372,14372,35,112,1140950,1737650,35.6249362,129.0564944,12.970523,55.59554192,4.469491908
corridor_0,14373,14373,36,112,1141050,1737650,35.6249219,129.0575983,13.08967888,55.71469781,4.588647792
corridor_0,14374,14374,37,112,1141150,1737650,35.6249076,129.0587022,13.12399208,55.74901101,4.622960994
corridor_0,14375,14375,38,112,1141250,1737650,35.6248933,129.0598061,13.0226661,55.64768502,4.521635005
corridor_0,14376,14376,39,112,1141350,1737650,35.624879,129.0609101,13.13528359,55.76030251,4.634252498
corridor_0,14377,14377,40,112,1141450,1737650,35.6248647,129.062014,12.83624184,55.46126076,4.33521075
corridor_0,14378,14378,41,112,1141550,1737650,35.6248504,129.0631179,12.25320351,54.87822243,3.75217242
corridor_0,14379,14379,42,112,1141650,1737650,35.6248361,129.0642218,11.77949059,54.40450951,3.278459498
corridor_0,14380,14380,43,112,1141750,1737650,35.6248217,129.0653257,11.21704781,53.84206673,2.716016719
corridor_0,14381,14381,44,112,1141850,1737650,35.6248074,129.0664296,10.73886406,53.36388299,2.237832973
corridor_0,14382,14382,45,112,1141950,1737650,35.624793,129.0675336,10.19762337,52.8226423,1.69659228
corridor_0,14383,14383,46,112,1142050,1737650,35.6247787,129.0686375,9.713008045,52.33802697,1.211976954
corridor_0,14384,14384,47,112,1142150,1737650,35.6247643,129.0697414,9.262759327,51.88777825,0.761728236
corridor_0,14385,14385,48,112,1142250,1737650,35.6247499,129.0708453,8.83133614,51.45635506,0.330305049
corridor_0,14386,14386,49,112,1142350,1737650,35.6247355,129.0719492,8.376502155,51.00152108,-0.124528935
corridor_0,14387,14387,50,112,1142450,1737650,35.6247211,129.0730531,7.846793293,50.47181222,-0.654237798
corridor_0,14388,14388,51,112,1142550,1737650,35.6247066,129.074157,7.24929726,49.87431618,-1.25173383
corridor_0,14389,14389,52,112,1142650,1737650,35.6246922,129.075261,6.633681416,49.25870034,-1.867349675
corridor_0,14390,14390,53,112,1142750,1737650,35.6246778,129.0763649,6.064585804,48.68960473,-2.436445287
corridor_0,14391,14391,54,112,1142850,1737650,35.6246633,129.0774688,5.581347584,48.20636651,-2.919683507
corridor_0,14392,14392,55,112,1142950,1737650,35.6246489,129.0785727,5.078040241,47.70305917,-3.422990849
corridor_0,14393,14393,56,112,1143050,1737650,35.6246344,129.0796766,4.251135944,46.87615487,-4.249895146
corridor_0,14394,14394,57,112,1143150,1737650,35.6246199,129.0807805,3.350501179,45.9755201,-5.150529912
corridor_0,14395,14395,58,112,1143250,1737650,35.6246054,129.0818844,2.595847248,45.22086617,-5.905183843
corridor_0,14396,14396,59,112,1143350,1737650,35.6245909,129.0829883,1.999106525,44.62412545,-6.501924565
corridor_0,14397,14397,60,112,1143450,1737650,35.6245764,129.0840922,1.420268177,44.0452871,-7.080762914
corridor_0,14398,14398,61,112,1143550,1737650,35.6245619,129.0851961,0.655829548,43.28084847,-7.845201543
corridor_0,14399,14399,62,112,1143650,1737650,35.6245473,129.0863,-0.027577282,42.59744164,-8.528608373
corridor_0,14400,14400,63,112,1143750,1737650,35.6245328,129.0874039,-1.186756969,41.43826196,-9.68778806
corridor_0,14401,14401,64,112,1143850,1737650,35.6245182,129.0885078,-3.323513866,39.30150506,-11.82454496
corridor_0,14407,14407,70,112,1144450,1737650,35.6244307,129.0951312,-6.682370068,35.94264886,-15.18340116
corridor_0,14408,14408,71,112,1144550,1737650,35.6244161,129.0962351,-4.361809612,38.26320931,-12.8628407
corridor_0,14409,14409,72,112,1144650,1737650,35.6244014,129.097339,-2.717701794,39.90731713,-11.21873288
corridor_0,14410,14410,73,112,1144750,1737650,35.6243868,129.0984429,-1.181164623,41.4438543,-9.682195714
corridor_0,14411,14411,74,112,1144850,1737650,35.6243721,129.0995468,-0.337681652,42.28733727,-8.838712743
corridor_0,14412,14412,75,112,1144950,1737650,35.6243575,129.1006507,0.445208668,43.07022759,-8.055822423
corridor_0,14413,14413,76,112,1145050,1737650,35.6243428,129.1017546,1.323435902,43.94845483,-7.177595189
corridor_0,14414,14414,77,112,1145150,1737650,35.6243281,129.1028585,2.042906879,44.6679258,-6.458124211
corridor_0,14415,14415,78,112,1145250,1737650,35.6243134,129.1039624,2.719916462,45.34493539,-5.781114629
corridor_0,14416,14416,79,112,1145350,1737650,35.6242987,129.1050662,3.503832935,46.12885186,-4.997198155
corridor_0,14417,14417,80,112,1145450,1737650,35.624284,129.1061701,4.335440754,46.96045968,-4.165590337
corridor_0,14418,14418,81,112,1145550,1737650,35.6242693,129.107274,5.09840691,47.72342583,-3.402624181
corridor_0,14419,14419,82,112,1145650,1737650,35.6242545,129.1083779,5.795146107,48.42016503,-2.705884984
corridor_0,14420,14420,83,112,1145750,1737650,35.6242398,129.1094818,6.403006672,49.0280256,-2.098024419
corridor_0,14421,14421,84,112,1145850,1737650,35.624225,129.1105857,7.048747181,49.67376611,-1.45228391
corridor_0,14422,14422,85,112,1145950,1737650,35.6242103,129.1116896,7.542185902,50.16720483,-0.958845189
corridor_0,14423,14423,86,112,1146050,1737650,35.6241955,129.1127935,7.975134968,50.60015389,-0.525896123
corridor_0,14424,14424,87,112,1146150,1737650,35.6241807,129.1138973,8.402194141,51.02721307,-0.098836949
corridor_0,14425,14425,88,112,1146250,1737650,35.6241659,129.1150012,9.002532124,51.62755105,0.501501033
corridor_0,14426,14426,89,112,1146350,1737650,35.6241511,129.1161051,9.562930225,52.18794915,1.061899135
corridor_0,14427,14427,90,112,1146450,1737650,35.6241363,129.117209,9.995375752,52.62039468,1.494344661
corridor_0,14428,14428,91,112,1146550,1737650,35.6241215,129.1183129,10.25544274,52.88046166,1.754411647
corridor_0,14429,14429,92,112,1146650,1737650,35.6241066,129.1194167,10.32223809,52.94725701,1.821206996
corridor_0,14430,14430,93,112,1146750,1737650,35.6240918,129.1205206,10.26277459,52.88779351,1.761743495
corridor_0,14431,14431,94,112,1146850,1737650,35.6240769,129.1216245,10.32430565,52.94932458,1.823274562
corridor_0,14432,14432,95,112,1146950,1737650,35.6240621,129.1227284,10.40791237,53.0329313,1.906881282
corridor_0,14433,14433,96,112,1147050,1737650,35.6240472,129.1238322,10.46572792,53.09074685,1.964696834
corridor_0,14434,14434,97,112,1147150,1737650,35.6240323,129.1249361,10.38558113,53.01060006,1.884550044
corridor_0,14435,14435,98,112,1147250,1737650,35.6240174,129.12604,10.40806878,53.0330877,1.907037684
corridor_0,14436,14436,99,112,1147350,1737650,35.6240025,129.1271439,9.927466511,52.55248544,1.42643542
corridor_0,14437,14437,100,112,1147450,1737650,35.6239876,129.1282477,9.285628437,51.91064736,0.784597346
corridor_0,14438,14438,101,112,1147550,1737650,35.6239726,129.1293516,8.694384693,51.31940362,0.193353602
corridor_0,14439,14439,102,112,1147650,1737650,35.6239577,129.1304555,8.036841511,50.66186044,-0.46418958
corridor_0,14440,14440,103,112,1147750,1737650,35.6239428,129.1315594,7.439055561,50.06407449,-1.06197553
corridor_0,14441,14441,104,112,1147850,1737650,35.6239278,129.1326632,6.823638081,49.44865701,-1.67739301
corridor_0,14442,14442,105,112,1147950,1737650,35.6239128,129.1337671,6.190573811,48.81559274,-2.31045728
corridor_0,14443,14443,106,112,1148050,1737650,35.6238979,129.134871,5.497305988,48.12232491,-3.003725102
corridor_0,14444,14444,107,112,1148150,1737650,35.6238829,129.1359748,4.863284229,47.48830315,-3.637746861
corridor_0,14445,14445,108,112,1148250,1737650,35.6238679,129.1370787,4.094000935,46.71901986,-4.407030156
corridor_0,14446,14446,109,112,1148350,1737650,35.6238529,129.1381826,3.523829578,46.1488485,-4.977201512
corridor_0,14447,14447,110,112,1148450,1737650,35.6238378,129.1392864,2.876414417,45.50143334,-5.624616673
corridor_0,14448,14448,111,112,1148550,1737650,35.6238228,129.1403903,2.215457081,44.84047601,-6.28557401
corridor_0,14449,14449,112,112,1148650,1737650,35.6238078,129.1414941,1.413470387,44.03848931,-7.087560704
corridor_0,14450,14450,113,112,1148750,1737650,35.6237927,129.142598,0.688895344,43.31391427,-7.812135747
corridor_0,14451,14451,114,112,1148850,1737650,35.6237777,129.1437019,-0.066304089,42.55871484,-8.567335179
corridor_0,14452,14452,115,112,1148950,1737650,35.6237626,129.1448057,-1.088909985,41.53610894,-9.589941075
corridor_0,14453,14453,116,112,1149050,1737650,35.6237475,129.1459096,-1.999890209,40.62512872,-10.5009213
corridor_0,14454,14454,117,112,1149150,1737650,35.6237324,129.1470134,-3.699967266,38.92505166,-12.20099836
corridor_0,14455,14455,118,112,1149250,1737650,35.6237173,129.1481173,-7.933108211,34.69191071,-16.4341393
corridor_0,14474,14474,118,113,1149250,1737750,35.6246186,129.1481358,-9.239310146,33.38570878,-17.74034124
corridor_0,14475,14475,117,113,1149150,1737750,35.6246337,129.1470319,-4.727826,37.89719292,-13.22885709
corridor_0,14476,14476,116,113,1149050,1737750,35.6246488,129.1459281,-3.054448009,39.57057092,-11.5554791
corridor_0,14477,14477,115,113,1148950,1737750,35.6246639,129.1448242,-1.458516003,41.16650292,-9.959547093
corridor_0,14478,14478,114,113,1148850,1737750,35.6246789,129.1437203,-0.395417095,42.22960183,-8.896448186
corridor_0,14479,14479,113,113,1148750,1737750,35.624694,129.1426164,0.346419453,42.97143838,-8.154611638
corridor_0,14480,14480,112,113,1148650,1737750,35.624709,129.1415126,1.095275044,43.72029397,-7.405756047
corridor_0,14481,14481,111,113,1148550,1737750,35.6247241,129.1404087,1.779082417,44.40410134,-6.721948674
corridor_0,14482,14482,110,113,1148450,1737750,35.6247391,129.1393048,2.448363422,45.07338235,-6.052667668
corridor_0,14483,14483,109,113,1148350,1737750,35.6247541,129.1382009,3.182532429,45.80755135,-5.318498662
corridor_0,14484,14484,108,113,1148250,1737750,35.6247691,129.1370971,3.730731129,46.35575005,-4.770299962
corridor_0,14485,14485,107,113,1148150,1737750,35.6247841,129.1359932,4.413462757,47.03848168,-4.087568334
corridor_0,14486,14486,106,113,1148050,1737750,35.6247991,129.1348893,5.029635548,47.65465447,-3.471395543
corridor_0,14487,14487,105,113,1147950,1737750,35.6248141,129.1337854,5.651644825,48.27666375,-2.849386266
corridor_0,14488,14488,104,113,1147850,1737750,35.6248291,129.1326815,6.295870899,48.92088982,-2.205160192
corridor_0,14489,14489,103,113,1147750,1737750,35.624844,129.1315777,6.864119648,49.48913857,-1.636911443
corridor_0,14490,14490,102,113,1147650,1737750,35.624859,129.1304738,7.405413746,50.03043267,-1.095617345
corridor_0,14491,14491,101,113,1147550,1737750,35.6248739,129.1293699,7.934111713,50.55913064,-0.566919377
corridor_0,14492,14492,100,113,1147450,1737750,35.6248889,129.128266,8.423319935,51.04833886,-0.077711156
corridor_0,14493,14493,99,113,1147350,1737750,35.6249038,129.1271621,8.921019672,51.5460386,0.419988582
corridor_0,14494,14494,98,113,1147250,1737750,35.6249187,129.1260582,9.426489948,52.05150887,0.925458858
corridor_0,14495,14495,97,113,1147150,1737750,35.6249336,129.1249544,9.432280659,52.05729958,0.931249568
corridor_0,14496,14496,96,113,1147050,1737750,35.6249485,129.1238505,9.559699177,52.1847181,1.058668086
corridor_0,14497,14497,95,113,1146950,1737750,35.6249633,129.1227466,9.541598438,52.16661736,1.040567348
corridor_0,14498,14498,94,113,1146850,1737750,35.6249782,129.1216427,9.514647602,52.13966653,1.013616511
corridor_0,14499,14499,93,113,1146750,1737750,35.6249931,129.1205388,9.474585651,52.09960458,0.973554561
corridor_0,14500,14500,92,113,1146650,1737750,35.6250079,129.1194349,9.474677204,52.09969613,0.973646113
corridor_0,14501,14501,91,113,1146550,1737750,35.6250228,129.118331,9.407179951,52.03219888,0.90614886
corridor_0,14502,14502,90,113,1146450,1737750,35.6250376,129.1172271,9.164404987,51.78942391,0.663373897
corridor_0,14503,14503,89,113,1146350,1737750,35.6250524,129.1161232,8.723551869,51.34857079,0.222520778
corridor_0,14504,14504,88,113,1146250,1737750,35.6250672,129.1150193,8.278700947,50.90371987,-0.222330144
corridor_0,14505,14505,87,113,1146150,1737750,35.625082,129.1139155,7.708487629,50.33350655,-0.792543462
corridor_0,14506,14506,86,113,1146050,1737750,35.6250968,129.1128116,7.196414112,49.82143304,-1.304616979
corridor_0,14507,14507,85,113,1145950,1737750,35.6251116,129.1117077,6.823638081,49.44865701,-1.67739301
corridor_0,14508,14508,84,113,1145850,1737750,35.6251263,129.1106038,6.284785389,48.90980431,-2.216245702
corridor_0,14509,14509,83,113,1145750,1737750,35.6251411,129.1094999,5.77777779,48.40279671,-2.723253301
corridor_0,14510,14510,82,113,1145650,1737750,35.6251558,129.108396,5.190070271,47.8150892,-3.31096082
corridor_0,14511,14511,81,113,1145550,1737750,35.6251706,129.1072921,4.52727425,47.15229317,-3.973756841
corridor_0,14512,14512,80,113,1145450,1737750,35.6251853,129.1061882,3.785628437,46.41064736,-4.715402654
corridor_0,14513,14513,79,113,1145350,1737750,35.6252,129.1050843,2.979312061,45.60433099,-5.521719029
corridor_0,14514,14514,78,113,1145250,1737750,35.6252147,129.1039804,2.311514973,44.9365339,-6.189516118
corridor_0,14515,14515,77,113,1145150,1737750,35.6252294,129.1028765,1.677577137,44.30259606,-6.823453954
corridor_0,14516,14516,76,113,1145050,1737750,35.6252441,129.1017726,0.820925831,43.44594476,-7.68010526
corridor_0,14517,14517,75,113,1144950,1737750,35.6252588,129.1006687,0.043025135,42.66804406,-8.458005956
corridor_0,14518,14518,74,113,1144850,1737750,35.6252734,129.0995647,-0.769043804,41.85597512,-9.270074895
corridor_0,14519,14519,73,113,1144750,1737750,35.6252881,129.0984608,-1.884964825,40.7400541,-10.38599592
corridor_0,14520,14520,72,113,1144650,1737750,35.6253027,129.0973569,-3.255761028,39.3692579,-11.75679212
corridor_0,14521,14521,71,113,1144550,1737750,35.6253174,129.096253,-5.058110119,37.56690881,-13.55914121
corridor_0,14522,14522,70,113,1144450,1737750,35.625332,129.0951491,-8.970763088,33.65425584,-17.47179418
corridor_0,14529,14529,63,113,1143750,1737750,35.6254341,129.0874217,-2.534497143,40.09052178,-11.03552823
corridor_0,14530,14530,62,113,1143650,1737750,35.6254486,129.0863178,-1.102566601,41.52245232,-9.603597692
corridor_0,14531,14531,61,113,1143550,1737750,35.6254632,129.0852139,0.039576649,42.66459557,-8.461454442
corridor_0,14532,14532,60,113,1143450,1737750,35.6254777,129.08411,0.860331654,43.48535058,-7.640699437
corridor_0,14533,14533,59,113,1143350,1737750,35.6254922,129.0830061,1.350638508,43.97565743,-7.150392583
corridor_0,14534,14534,58,113,1143250,1737750,35.6255067,129.0819022,2.102870106,44.72788903,-6.398160985
corridor_0,14535,14535,57,113,1143150,1737750,35.6255212,129.0807982,2.594172596,45.21919152,-5.906858495
corridor_0,14536,14536,56,113,1143050,1737750,35.6255357,129.0796943,3.467631458,46.09265038,-5.033399632
corridor_0,14537,14537,55,113,1142950,1737750,35.6255502,129.0785904,4.251872181,46.87689111,-4.24915891
corridor_0,14538,14538,54,113,1142850,1737750,35.6255646,129.0774865,5.00308144,47.62810036,-3.497949651
corridor_0,14539,14539,53,113,1142750,1737750,35.6255791,129.0763826,5.519099354,48.14411828,-2.981931737
corridor_0,14540,14540,52,113,1142650,1737750,35.6255935,129.0752786,6.106928944,48.73194787,-2.394102147
corridor_0,14541,14541,51,113,1142550,1737750,35.625608,129.0741747,6.737784504,49.36280343,-1.763246587
corridor_0,14542,14542,50,113,1142450,1737750,35.6256224,129.0730708,7.254416584,49.87943551,-1.246614507
corridor_0,14543,14543,49,113,1142350,1737750,35.6256368,129.0719669,7.865557789,50.49057671,-0.635473302
corridor_0,14544,14544,48,113,1142250,1737750,35.6256512,129.0708629,8.282343983,50.90736291,-0.218687108
corridor_0,14545,14545,47,113,1142150,1737750,35.6256656,129.069759,8.687407612,51.31242654,0.186376521
corridor_0,14546,14546,46,113,1142050,1737750,35.62568,129.0686551,9.125491261,51.75051019,0.62446017
corridor_0,14547,14547,45,113,1141950,1737750,35.6256943,129.0675512,9.582495808,52.20751473,1.081464717
corridor_0,14548,14548,44,113,1141850,1737750,35.6257087,129.0664472,10.01482308,52.639842,1.513791987
corridor_0,14549,14549,43,113,1141750,1737750,35.6257231,129.0653433,10.53844368,53.16346261,2.037412593
corridor_0,14550,14550,42,113,1141650,1737750,35.6257374,129.0642394,11.01179802,53.63681695,2.510766932
corridor_0,14551,14551,41,113,1141550,1737750,35.6257517,129.0631354,11.52799141,54.15301034,3.026960322
corridor_0,14552,14552,40,113,1141450,1737750,35.625766,129.0620315,12.09176171,54.71678063,3.590730617
corridor_0,14553,14553,39,113,1141350,1737750,35.6257804,129.0609276,12.32245934,54.94747826,3.821428248
corridor_0,14554,14554,38,113,1141250,1737750,35.6257947,129.0598236,12.38527977,55.0102987,3.884248683
corridor_0,14555,14555,37,113,1141150,1737750,35.625809,129.0587197,12.53308785,55.15810677,4.032056758
corridor_0,14556,14556,36,113,1141050,1737750,35.6258232,129.0576158,12.45819008,55.08320901,3.957158992
corridor_0,14557,14557,35,113,1140950,1737750,35.6258375,129.0565118,12.39872658,55.02374551,3.897695491
corridor_0,14558,14558,34,113,1140850,1737750,35.6258518,129.0554079,12.25594628,54.8809652,3.754915187
corridor_0,14559,14559,33,113,1140750,1737750,35.625866,129.054304,12.32778847,54.9528074,3.82675738
corridor_0,14560,14560,32,113,1140650,1737750,35.6258803,129.0532,12.04180825,54.66682717,3.540777156
corridor_0,14561,14561,31,113,1140550,1737750,35.6258945,129.0520961,11.48701394,54.11203286,2.985982844
corridor_0,14562,14562,30,113,1140450,1737750,35.6259087,129.0509921,10.71900093,53.34401986,2.217969844
corridor_0,14563,14563,29,113,1140350,1737750,35.6259229,129.0498882,10.06859124,52.69361016,1.567560145
corridor_0,14564,14564,28,113,1140250,1737750,35.6259371,129.0487843,9.222991108,51.84801003,0.721960017
corridor_0,14565,14565,27,113,1140150,1737750,35.6259513,129.0476803,8.443087696,51.06810662,-0.057943395
corridor_0,14566,14566,26,113,1140050,1737750,35.6259655,129.0465764,7.657797932,50.28281686,-0.843233159
corridor_0,14567,14567,25,113,1139950,1737750,35.6259797,129.0454724,6.885695576,49.5107145,-1.615335515
corridor_0,14568,14568,24,113,1139850,1737750,35.6259938,129.0443685,6.118670582,48.74368951,-2.382360509
corridor_0,14569,14569,23,113,1139750,1737750,35.626008,129.0432645,5.389441608,48.01446053,-3.111589482
corridor_0,14570,14570,22,113,1139650,1737750,35.6260221,129.0421606,4.661078571,47.2860975,-3.839952519
corridor_0,14571,14571,21,113,1139550,1737750,35.6260362,129.0410567,3.932402729,46.55742165,-4.568628362
corridor_0,14572,14572,20,113,1139450,1737750,35.6260504,129.0399527,3.10521233,45.73023125,-5.395818761
corridor_0,14573,14573,19,113,1139350,1737750,35.6260645,129.0388488,2.354395985,44.97941491,-6.146635106
corridor_0,14574,14574,18,113,1139250,1737750,35.6260786,129.0377448,1.590872883,44.21589181,-6.910158208
corridor_0,14575,14575,17,113,1139150,1737750,35.6260927,129.0366409,0.804434895,43.42945382,-7.696596196
corridor_0,14576,14576,16,113,1139050,1737750,35.6261067,129.0355369,-0.00322044,42.62179848,-8.504251531
corridor_0,14577,14577,15,113,1138950,1737750,35.6261208,129.034433,-1.071381451,41.55363747,-9.572412541
corridor_0,14578,14578,14,113,1138850,1737750,35.6261349,129.033329,-2.045468212,40.57955071,-10.5464993
corridor_0,14579,14579,13,113,1138750,1737750,35.6261489,129.0322251,-3.117596508,39.50742242,-11.6186276
corridor_0,14580,14580,12,113,1138650,1737750,35.6261629,129.0311211,-6.869175793,35.75584313,-15.37020688
corridor_0,14606,14606,13,114,1138750,1737850,35.6270502,129.0322423,-3.61372459,39.01129433,-12.11475568
corridor_0,14607,14607,14,114,1138850,1737850,35.6270362,129.0333462,-2.468453289,40.15656564,-10.96948438
corridor_0,14608,14608,15,114,1138950,1737850,35.6270221,129.0344502,-1.447693706,41.17732522,-9.948724797
corridor_0,14609,14609,16,114,1139050,1737850,35.6270081,129.0355542,-0.529122234,42.09589669,-9.030153325
corridor_0,14610,14610,17,114,1139150,1737850,35.626994,129.0366581,0.490714192,43.11573312,-8.010316899
corridor_0,14611,14611,18,114,1139250,1737850,35.6269799,129.0377621,1.407134174,44.0321531,-7.093896916
corridor_0,14612,14612,19,114,1139350,1737850,35.6269658,129.038866,2.156443714,44.78146264,-6.344587377
corridor_0,14613,14613,20,114,1139450,1737850,35.6269517,129.03997,2.886012196,45.51103112,-5.615018895
corridor_0,14614,14614,21,114,1139550,1737850,35.6269376,129.041074,3.605834126,46.23085305,-4.895196965
corridor_0,14615,14615,22,114,1139650,1737850,35.6269234,129.0421779,4.379759907,47.00477883,-4.121271184
corridor_0,14616,14616,23,114,1139750,1737850,35.6269093,129.0432819,5.084879994,47.70989892,-3.416151097
corridor_0,14617,14617,24,114,1139850,1737850,35.6268951,129.0443858,5.7879287,48.41294762,-2.713102391
corridor_0,14618,14618,25,114,1139950,1737850,35.626881,129.0454898,6.454463123,49.07948205,-2.046567967
corridor_0,14619,14619,26,114,1140050,1737850,35.6268668,129.0465937,7.194438099,49.81945702,-1.306592992
corridor_0,14620,14620,27,114,1140150,1737850,35.6268526,129.0476977,7.933917164,50.55893609,-0.567113927
corridor_0,14621,14621,28,114,1140250,1737850,35.6268384,129.0488017,8.65107262,51.27609154,0.15004153
corridor_0,14622,14622,29,114,1140350,1737850,35.6268242,129.0499056,9.288336872,51.9133558,0.787305781
corridor_0,14623,14623,30,114,1140450,1737850,35.62681,129.0510096,10.03246605,52.65748498,1.531434962
corridor_0,14624,14624,31,114,1140550,1737850,35.6267958,129.0521135,10.64297783,53.26799676,2.141946742
corridor_0,14625,14625,32,114,1140650,1737850,35.6267816,129.0532175,11.12605202,53.75107095,2.62502093
corridor_0,14626,14626,33,114,1140750,1737850,35.6267673,129.0543214,11.31638634,53.94140527,2.81535525
corridor_0,14627,14627,34,114,1140850,1737850,35.6267531,129.0554254,11.35781777,53.98283669,2.856786677
corridor_0,14628,14628,35,114,1140950,1737850,35.6267388,129.0565293,11.59098351,54.21600243,3.089952418
corridor_0,14629,14629,36,114,1141050,1737850,35.6267245,129.0576333,11.65138161,54.27640054,3.15035052
corridor_0,14630,14630,37,114,1141150,1737850,35.6267103,129.0587372,11.73018944,54.35520837,3.229158351
corridor_0,14631,14631,38,114,1141250,1737850,35.626696,129.0598412,11.52570259,54.15072152,3.024671504
corridor_0,14632,14632,39,114,1141350,1737850,35.6266817,129.0609451,11.39471352,54.01973244,2.893682429
corridor_0,14633,14633,40,114,1141450,1737850,35.6266674,129.062049,11.12726128,53.7522802,2.626230189
corridor_0,14634,14634,41,114,1141550,1737850,35.626653,129.063153,10.75464928,53.37966821,2.25361819
corridor_0,14635,14635,42,114,1141650,1737850,35.6266387,129.0642569,10.29771721,52.92273614,1.796686122
corridor_0,14636,14636,43,114,1141750,1737850,35.6266244,129.0653609,9.79315865,52.41817757,1.292127559
corridor_0,14637,14637,44,114,1141850,1737850,35.62661,129.0664648,9.348506092,51.97352502,0.847475001
corridor_0,14638,14638,45,114,1141950,1737850,35.6265957,129.0675688,8.94184792,51.56686684,0.440816829
corridor_0,14639,14639,46,114,1142050,1737850,35.6265813,129.0686727,8.581648945,51.20666787,0.080617854
corridor_0,14640,14640,47,114,1142150,1737850,35.6265669,129.0697766,8.157897114,50.78291604,-0.343133977
corridor_0,14641,14641,48,114,1142250,1737850,35.6265525,129.0708806,7.777072071,50.402091,-0.72395902
corridor_0,14642,14642,49,114,1142350,1737850,35.6265381,129.0719845,7.300849079,49.925868,-1.200182012
corridor_0,14643,14643,50,114,1142450,1737850,35.6265237,129.0730885,6.744826435,49.36984536,-1.756204656
corridor_0,14644,14644,51,114,1142550,1737850,35.6265093,129.0741924,6.150900959,48.77591988,-2.350130132
corridor_0,14645,14645,52,114,1142650,1737850,35.6264948,129.0752963,5.552714466,48.17773339,-2.948316625
corridor_0,14646,14646,53,114,1142750,1737850,35.6264804,129.0764003,4.897414326,47.52243325,-3.603616765
corridor_0,14647,14647,54,114,1142850,1737850,35.6264659,129.0775042,4.216361164,46.84138009,-4.284669927
corridor_0,14648,14648,55,114,1142950,1737850,35.6264515,129.0786081,3.37077248,45.9957914,-5.130258611
corridor_0,14649,14649,56,114,1143050,1737850,35.626437,129.0797121,2.599974751,45.22499368,-5.90105634
corridor_0,14650,14650,57,114,1143150,1737850,35.6264225,129.080816,2.149775623,44.77479455,-6.351255467
corridor_0,14651,14651,58,114,1143250,1737850,35.626408,129.0819199,1.450865864,44.07588479,-7.050165227
corridor_0,14652,14652,59,114,1143350,1737850,35.6263935,129.0830238,0.79214394,43.41716286,-7.708887151
corridor_0,14653,14653,60,114,1143450,1737850,35.626379,129.0841278,0.105219959,42.73023888,-8.395811131
corridor_0,14654,14654,61,114,1143550,1737850,35.6263645,129.0852317,-0.801407696,41.82361123,-9.302438787
corridor_0,14655,14655,62,114,1143650,1737850,35.6263499,129.0863356,-1.857918621,40.7671003,-10.35894971
corridor_0,14656,14656,63,114,1143750,1737850,35.6263354,129.0874396,-6.851275326,35.7737436,-15.35230642
corridor_0,14663,14663,70,114,1144450,1737850,35.6262333,129.095167,-13.77936447,28.84565446,-22.28039556
corridor_0,14664,14664,71,114,1144550,1737850,35.6262187,129.0962709,-6.60178268,36.02323624,-15.10281377
corridor_0,14665,14665,72,114,1144650,1737850,35.626204,129.0973749,-3.869736553,38.75528237,-12.37076764
corridor_0,14666,14666,73,114,1144750,1737850,35.6261894,129.0984788,-2.719780804,39.90523812,-11.22081189
corridor_0,14667,14667,74,114,1144850,1737850,35.6261747,129.0995827,-1.437893749,41.18712518,-9.93892484
corridor_0,14668,14668,75,114,1144950,1737850,35.6261601,129.1006866,-0.355072857,42.26994607,-8.856103948
corridor_0,14669,14669,76,114,1145050,1737850,35.6261454,129.1017905,0.418982624,43.04400155,-8.082048467
corridor_0,14670,14670,77,114,1145150,1737850,35.6261307,129.1028945,1.114798664,43.73981759,-7.386232427
corridor_0,14671,14671,78,114,1145250,1737850,35.626116,129.1039984,1.908976673,44.5339956,-6.592054418
corridor_0,14672,14672,79,114,1145350,1737850,35.6261013,129.1051023,2.474749683,45.09976861,-6.026281407
corridor_0,14673,14673,80,114,1145450,1737850,35.6260866,129.1062062,3.309493183,45.93451211,-5.191537908
corridor_0,14674,14674,81,114,1145550,1737850,35.6260719,129.1073101,3.961932301,46.58695123,-4.53909879
corridor_0,14675,14675,82,114,1145650,1737850,35.6260571,129.108414,4.622382282,47.24740121,-3.878648808
corridor_0,14676,14676,83,114,1145750,1737850,35.6260424,129.1095179,5.156531452,47.78155038,-3.344499639
corridor_0,14677,14677,84,114,1145850,1737850,35.6260276,129.1106218,5.66891396,48.29393288,-2.832117131
corridor_0,14678,14678,85,114,1145950,1737850,35.6260129,129.1117258,6.114558338,48.73957726,-2.386472753
corridor_0,14679,14679,86,114,1146050,1737850,35.6259981,129.1128297,6.566485523,49.19150445,-1.934545568
corridor_0,14680,14680,87,114,1146150,1737850,35.6259833,129.1139336,7.063861012,49.68887994,-1.437170079
corridor_0,14681,14681,88,114,1146250,1737850,35.6259685,129.1150375,7.501723408,50.12674233,-0.999307683
corridor_0,14682,14682,89,114,1146350,1737850,35.6259537,129.1161414,7.972804188,50.59782311,-0.528226903
corridor_0,14683,14683,90,114,1146450,1737850,35.6259389,129.1172453,8.335772633,50.96079156,-0.165258458
corridor_0,14684,14684,91,114,1146550,1737850,35.625924,129.1183492,8.523963093,51.14898202,0.022932002
corridor_0,14685,14685,92,114,1146650,1737850,35.6259092,129.1194531,8.560839771,51.1858587,0.059808681
corridor_0,14686,14686,93,114,1146750,1737850,35.6258944,129.120557,8.605467915,51.23048684,0.104436824
corridor_0,14687,14687,94,114,1146850,1737850,35.6258795,129.1216609,8.649642109,51.27466103,0.148611018
corridor_0,14688,14688,95,114,1146950,1737850,35.6258646,129.1227648,8.614802479,51.2398214,0.113771388
corridor_0,14689,14689,96,114,1147050,1737850,35.6258498,129.1238687,8.58870995,51.21372887,0.087678859
corridor_0,14690,14690,97,114,1147150,1737850,35.6258349,129.1249726,8.49186623,51.11688515,-0.009164861
corridor_0,14691,14691,98,114,1147250,1737850,35.62582,129.1260765,8.406012653,51.03103158,-0.095018437
corridor_0,14692,14692,99,114,1147350,1737850,35.6258051,129.1271804,8.025363087,50.65038201,-0.475668004
corridor_0,14693,14693,100,114,1147450,1737850,35.6257901,129.1282843,7.645953297,50.27097222,-0.855077794
corridor_0,14694,14694,101,114,1147550,1737850,35.6257752,129.1293882,7.219504475,49.8445234,-1.281526616
corridor_0,14695,14695,102,114,1147650,1737850,35.6257603,129.1304921,6.762240528,49.38725945,-1.738790563
corridor_0,14696,14696,103,114,1147750,1737850,35.6257453,129.131596,6.25982201,48.88484093,-2.241209081
corridor_0,14697,14697,104,114,1147850,1737850,35.6257304,129.1326999,5.694987415,48.32000634,-2.806043675
corridor_0,14698,14698,105,114,1147950,1737850,35.6257154,129.1338038,5.126975178,47.7519941,-3.374055913
corridor_0,14699,14699,106,114,1148050,1737850,35.6257004,129.1349077,4.548277973,47.1732969,-3.952753118
corridor_0,14700,14700,107,114,1148150,1737850,35.6256854,129.1360116,3.888713001,46.51373193,-4.612318089
corridor_0,14701,14701,108,114,1148250,1737850,35.6256704,129.1371154,3.306101917,45.93112084,-5.194929173
corridor_0,14702,14702,109,114,1148350,1737850,35.6256554,129.1382193,2.657710194,45.28272912,-5.843320897
corridor_0,14703,14703,110,114,1148450,1737850,35.6256404,129.1393232,2.101920246,44.72693917,-6.399110845
corridor_0,14704,14704,111,114,1148550,1737850,35.6256254,129.1404271,1.438784718,44.06380364,-7.062246373
corridor_0,14705,14705,112,114,1148650,1737850,35.6256103,129.141531,0.73380196,43.35882088,-7.767229131
corridor_0,14706,14706,113,114,1148750,1737850,35.6255953,129.1426349,-0.014775158,42.61024377,-8.515806249
corridor_0,14707,14707,114,114,1148850,1737850,35.6255802,129.1437388,-0.976471783,41.64854714,-9.477502873
corridor_0,14708,14708,115,114,1148950,1737850,35.6255651,129.1448427,-2.157845379,40.46717355,-10.65887647
corridor_0,14709,14709,116,114,1149050,1737850,35.6255501,129.1459465,-3.56949699,39.05552193,-12.07052808
corridor_0,14710,14710,117,114,1149150,1737850,35.625535,129.1470504,-6.022160412,36.60285851,-14.5231915
corridor_0,14711,14711,118,114,1149250,1737850,35.6255199,129.1481543,-14.0305928,28.59442612,-22.53162389
corridor_0,14731,14731,117,115,1149150,1737950,35.6264363,129.1470689,-6.886710049,35.73830888,-15.38774114
corridor_0,14732,14732,116,115,1149050,1737950,35.6264513,129.145965,-4.595440746,38.02957818,-13.09647184
corridor_0,14733,14733,115,115,1148950,1737950,35.6264664,129.1448611,-2.949543835,39.67547509,-11.45057493
corridor_0,14734,14734,114,115,1148850,1737950,35.6264815,129.1437572,-1.637936474,40.98708245,-10.13896756
corridor_0,14735,14735,113,115,1148750,1737950,35.6264966,129.1426533,-0.795201183,41.82981774,-9.296232274
corridor_0,14736,14736,112,115,1148650,1737950,35.6265116,129.1415494,0.018942951,42.64396188,-8.48208814
corridor_0,14737,14737,111,115,1148550,1737950,35.6265266,129.1404455,0.944460987,43.56947991,-7.556570104
corridor_0,14738,14738,110,115,1148450,1737950,35.6265417,129.1393416,1.621802448,44.24682137,-6.879228642
corridor_0,14739,14739,109,115,1148350,1737950,35.6265567,129.1382377,2.309920429,44.93493935,-6.191110662
corridor_0,14740,14740,108,115,1148250,1737950,35.6265717,129.1371338,2.920462727,45.54548165,-5.580568364
corridor_0,14741,14741,107,115,1148150,1737950,35.6265867,129.1360299,3.390605091,46.01562402,-5.110426
corridor_0,14742,14742,106,115,1148050,1737950,35.6266017,129.134926,4.039343952,46.66436288,-4.461687139
corridor_0,14743,14743,105,115,1147950,1737950,35.6266167,129.1338221,4.623656391,47.24867532,-3.8773747
corridor_0,14744,14744,104,115,1147850,1737950,35.6266316,129.1327182,5.073241352,47.69826028,-3.427789739
corridor_0,14745,14745,103,115,1147750,1737950,35.6266466,129.1316143,5.607806324,48.23282525,-2.893224767
corridor_0,14746,14746,102,115,1147650,1737950,35.6266616,129.1305104,6.096274494,48.72129342,-2.404756597
corridor_0,14747,14747,101,115,1147550,1737950,35.6266765,129.1294065,6.509856342,49.13487527,-1.991174748
corridor_0,14748,14748,100,115,1147450,1737950,35.6266914,129.1283026,6.885550617,49.51056954,-1.615480474
corridor_0,14749,14749,99,115,1147350,1737950,35.6267063,129.1271987,7.204962849,49.82998177,-1.296068242
corridor_0,14750,14750,98,115,1147250,1737950,35.6267213,129.1260948,7.432318806,50.05733773,-1.068712285
corridor_0,14751,14751,97,115,1147150,1737950,35.6267362,129.1249908,7.615435719,50.24045464,-0.885595372
corridor_0,14752,14752,96,115,1147050,1737950,35.626751,129.1238869,7.701743244,50.32676217,-0.799287847
corridor_0,14753,14753,95,115,1146950,1737950,35.6267659,129.122783,7.75396645,50.37898537,-0.747064641
corridor_0,14754,14754,94,115,1146850,1737950,35.6267808,129.1216791,7.803843617,50.42886254,-0.697187474
corridor_0,14755,14755,93,115,1146750,1737950,35.6267956,129.1205752,7.783972858,50.40899178,-0.717058232
corridor_0,14756,14756,92,115,1146650,1737950,35.6268105,129.1194713,7.773070454,50.39808938,-0.727960637
corridor_0,14757,14757,91,115,1146550,1737950,35.6268253,129.1183674,7.638121723,50.26314065,-0.862909368
corridor_0,14758,14758,90,115,1146450,1737950,35.6268402,129.1172634,7.479346394,50.10436532,-1.021684697
corridor_0,14759,14759,89,115,1146350,1737950,35.626855,129.1161595,7.21685326,49.84187218,-1.284177831
corridor_0,14760,14760,88,115,1146250,1737950,35.6268698,129.1150556,6.815299152,49.44031808,-1.685731938
corridor_0,14761,14761,87,115,1146150,1737950,35.6268846,129.1139517,6.393759846,49.01877877,-2.107271245
corridor_0,14762,14762,86,115,1146050,1737950,35.6268994,129.1128478,5.968096851,48.59311578,-2.532934239
corridor_0,14763,14763,85,115,1145950,1737950,35.6269142,129.1117438,5.397582172,48.0226011,-3.103448918
corridor_0,14764,14764,84,115,1145850,1737950,35.6269289,129.1106399,4.935992359,47.56101128,-3.565038732
corridor_0,14765,14765,83,115,1145750,1737950,35.6269437,129.109536,4.531085133,47.15610406,-3.969945958
corridor_0,14766,14766,82,115,1145650,1737950,35.6269584,129.1084321,4.021384358,46.64640328,-4.479646733
corridor_0,14767,14767,81,115,1145550,1737950,35.6269732,129.1073282,3.384165882,46.00918481,-5.116865209
corridor_0,14768,14768,80,115,1145450,1737950,35.6269879,129.1062242,2.797541737,45.42256066,-5.703489354
corridor_0,14769,14769,79,115,1145350,1737950,35.6270026,129.1051203,2.049460529,44.67447945,-6.451570561
corridor_0,14770,14770,78,115,1145250,1737950,35.6270173,129.1040164,1.24772179,43.87274071,-7.2533093
corridor_0,14771,14771,77,115,1145150,1737950,35.627032,129.1029124,0.685870289,43.31088921,-7.815160802
corridor_0,14772,14772,76,115,1145050,1737950,35.6270467,129.1018085,-0.04069984,42.58431908,-8.541730931
corridor_0,14773,14773,75,115,1144950,1737950,35.6270614,129.1007046,-1.025048138,41.59997079,-9.526079228
corridor_0,14774,14774,74,115,1144850,1737950,35.627076,129.0996007,-1.918396831,40.70662209,-10.41942792
corridor_0,14775,14775,73,115,1144750,1737950,35.6270907,129.0984967,-3.283223034,39.34179589,-11.78425412
corridor_0,14776,14776,72,115,1144650,1737950,35.6271053,129.0973928,-5.061631084,37.56338784,-13.56266218
corridor_0,14777,14777,71,115,1144550,1737950,35.62712,129.0962889,-7.707526089,34.91749284,-16.20855718
corridor_0,14786,14786,62,115,1143650,1737950,35.6272512,129.0863534,-4.237435223,38.3875837,-12.73846631
corridor_0,14787,14787,61,115,1143550,1737950,35.6272658,129.0852495,-1.779656292,40.84536263,-10.28068738
corridor_0,14788,14788,60,115,1143450,1737950,35.6272803,129.0841456,-0.740040661,41.88497826,-9.241071752
corridor_0,14789,14789,59,115,1143350,1737950,35.6272948,129.0830416,0.191218494,42.81623742,-8.309812596
corridor_0,14790,14790,58,115,1143250,1737950,35.6273093,129.0819377,0.85861504,43.48363396,-7.642416051
corridor_0,14791,14791,57,115,1143150,1737950,35.6273238,129.0808337,1.468703388,44.09372231,-7.032327703
corridor_0,14792,14792,56,115,1143050,1737950,35.6273383,129.0797298,2.038775562,44.66379449,-6.462255528
corridor_0,14793,14793,55,115,1142950,1737950,35.6273528,129.0786258,2.476786732,45.10180566,-6.024244359
corridor_0,14794,14794,54,115,1142850,1737950,35.6273672,129.0775219,3.268504261,45.89352319,-5.23252683
corridor_0,14795,14795,53,115,1142750,1737950,35.6273817,129.076418,4.232623219,46.85764214,-4.268407872
corridor_0,14796,14796,52,115,1142650,1737950,35.6273961,129.075314,4.926615833,47.55163476,-3.574415257
corridor_0,14797,14797,51,115,1142550,1737950,35.6274106,129.0742101,5.579196095,48.20421502,-2.921834996
corridor_0,14798,14798,50,115,1142450,1737950,35.627425,129.0731061,6.175456165,48.80047509,-2.325574925
corridor_0,14799,14799,49,115,1142350,1737950,35.6274394,129.0720022,6.65870583,49.28372475,-1.842325261
corridor_0,14800,14800,48,115,1142250,1737950,35.6274538,129.0708982,7.17155373,49.79657265,-1.329477361
corridor_0,14801,14801,47,115,1142150,1737950,35.6274682,129.0697943,7.591445088,50.21646401,-0.909586003
corridor_0,14802,14802,46,115,1142050,1737950,35.6274826,129.0686903,7.957854389,50.58287331,-0.543176702
corridor_0,14803,14803,45,115,1141950,1737950,35.627497,129.0675864,8.297938465,50.92295739,-0.203092626
corridor_0,14804,14804,44,115,1141850,1737950,35.6275113,129.0664824,8.678435444,51.30345437,0.177404353
corridor_0,14805,14805,43,115,1141750,1737950,35.6275257,129.0653784,9.025179981,51.65019891,0.52414889
corridor_0,14806,14806,42,115,1141650,1737950,35.62754,129.0642745,9.440852284,52.06587121,0.939821193
corridor_0,14807,14807,41,115,1141550,1737950,35.6275544,129.0631705,9.864024281,52.48904321,1.36299319
corridor_0,14808,14808,40,115,1141450,1737950,35.6275687,129.0620666,10.23767006,52.86268899,1.736638972
corridor_0,14809,14809,39,115,1141350,1737950,35.627583,129.0609626,10.44294655,53.06796548,1.941915462
corridor_0,14810,14810,38,115,1141250,1737950,35.6275973,129.0598587,10.60935128,53.2343702,2.108320186
corridor_0,14811,14811,37,115,1141150,1737950,35.6276116,129.0587547,10.67912209,53.30414101,2.178090999
corridor_0,14812,14812,36,115,1141050,1737950,35.6276259,129.0576507,10.63950264,53.26452157,2.138471553
corridor_0,14813,14813,35,115,1140950,1737950,35.6276401,129.0565468,10.68791115,53.31293008,2.186880061
corridor_0,14814,14814,34,115,1140850,1737950,35.6276544,129.0554428,10.38535607,53.01037499,1.884324977
corridor_0,14815,14815,33,115,1140750,1737950,35.6276687,129.0543389,10.29786599,52.92288491,1.796834895
corridor_0,14816,14816,32,115,1140650,1737950,35.6276829,129.0532349,10.07177651,52.69679543,1.570745418
corridor_0,14817,14817,31,115,1140550,1737950,35.6276971,129.0521309,9.748118519,52.37313744,1.247087428
corridor_0,14818,14818,30,115,1140450,1737950,35.6277113,129.051027,9.266917347,51.89193627,0.765886256
corridor_0,14819,14819,29,115,1140350,1737950,35.6277256,129.049923,8.628352284,51.25337121,0.127321193
corridor_0,14820,14820,28,115,1140250,1737950,35.6277398,129.048819,7.924506306,50.54952523,-0.576524785
corridor_0,14821,14821,27,115,1140150,1737950,35.627754,129.0477151,7.29995644,49.92497536,-1.201074651
corridor_0,14822,14822,26,115,1140050,1737950,35.6277681,129.0466111,6.712473988,49.33749291,-1.788557103
corridor_0,14823,14823,25,115,1139950,1737950,35.6277823,129.0455071,6.046042561,48.67106149,-2.45498853
corridor_0,14824,14824,24,115,1139850,1737950,35.6277965,129.0444032,5.363379597,47.98839852,-3.137651494
corridor_0,14825,14825,23,115,1139750,1737950,35.6278106,129.0432992,4.620059132,47.24507806,-3.880971959
corridor_0,14826,14826,22,115,1139650,1737950,35.6278248,129.0421952,3.937819599,46.56283852,-4.563211492
corridor_0,14827,14827,21,115,1139550,1737950,35.6278389,129.0410913,3.247271656,45.87229058,-5.253759435
corridor_0,14828,14828,20,115,1139450,1737950,35.627853,129.0399873,2.540637135,45.16565606,-5.960393956
corridor_0,14829,14829,19,115,1139350,1737950,35.6278671,129.0388833,1.818991779,44.4440107,-6.682039311
corridor_0,14830,14830,18,115,1139250,1737950,35.6278812,129.0377793,1.07484734,43.69986626,-7.426183751
corridor_0,14831,14831,17,115,1139150,1737950,35.6278953,129.0366754,0.142397999,42.76741692,-8.358633092
corridor_0,14832,14832,16,115,1139050,1737950,35.6279094,129.0355714,-0.698944927,41.926074,-9.199976018
corridor_0,14833,14833,15,115,1138950,1737950,35.6279235,129.0344674,-1.605706097,41.01931283,-10.10673719
corridor_0,14834,14834,14,115,1138850,1737950,35.6279375,129.0333634,-2.610413433,40.01460549,-11.11144452
corridor_0,14835,14835,13,115,1138750,1737950,35.6279516,129.0322595,-4.183907391,38.44111153,-12.68493848
corridor_0,14862,14862,13,116,1138750,1738050,35.6288529,129.0322767,-6.817452312,35.80756661,-15.3184834
corridor_0,14863,14863,14,116,1138850,1738050,35.6288388,129.0333807,-3.105393291,39.51962563,-11.60642438
corridor_0,14864,14864,15,116,1138950,1738050,35.6288248,129.0344846,-2.049580456,40.57543847,-10.55061155
corridor_0,14865,14865,16,116,1139050,1738050,35.6288107,129.0355886,-1.109402538,41.51561639,-9.610433629
corridor_0,14866,14866,17,116,1139150,1738050,35.6287966,129.0366926,-0.245240093,42.37977883,-8.746271184
corridor_0,14867,14867,18,116,1139250,1738050,35.6287825,129.0377966,0.558348774,43.1833677,-7.942682317
corridor_0,14868,14868,19,116,1139350,1738050,35.6287684,129.0389006,1.322642445,43.94766137,-7.178388646
corridor_0,14869,14869,20,116,1139450,1738050,35.6287543,129.0400046,2.16506493,44.79008385,-6.335966161
corridor_0,14870,14870,21,116,1139550,1738050,35.6287402,129.0411086,2.858065723,45.48308465,-5.642965367
corridor_0,14871,14871,22,116,1139650,1738050,35.6287261,129.0422125,3.536097645,46.16111657,-4.964933446
corridor_0,14872,14872,23,116,1139750,1738050,35.6287119,129.0433165,4.18667519,46.81169411,-4.314355901
corridor_0,14873,14873,24,116,1139850,1738050,35.6286978,129.0444205,4.832907795,47.45792672,-3.668123296
corridor_0,14874,14874,25,116,1139950,1738050,35.6286836,129.0455245,5.458006977,48.0830259,-3.043024114
corridor_0,14875,14875,26,116,1140050,1738050,35.6286695,129.0466285,6.087195515,48.71221444,-2.413835576
corridor_0,14876,14876,27,116,1140150,1738050,35.6286553,129.0477325,6.700377583,49.32539651,-1.800653508
corridor_0,14877,14877,28,116,1140250,1738050,35.6286411,129.0488364,7.285361408,49.91038033,-1.215669683
corridor_0,14878,14878,29,116,1140350,1738050,35.6286269,129.0499404,7.845358967,50.47037789,-0.655672124
corridor_0,14879,14879,30,116,1140450,1738050,35.6286127,129.0510444,8.342230915,50.96724984,-0.158800176
corridor_0,14880,14880,31,116,1140550,1738050,35.6285984,129.0521484,8.760886311,51.38590524,0.25985522
corridor_0,14881,14881,32,116,1140650,1738050,35.6285842,129.0532523,9.110430836,51.73544976,0.609399745
corridor_0,14882,14882,33,116,1140750,1738050,35.62857,129.0543563,9.324038624,51.94905755,0.823007533
corridor_0,14883,14883,34,116,1140850,1738050,35.6285557,129.0554603,9.425253986,52.05027291,0.924222896
corridor_0,14884,14884,35,116,1140950,1738050,35.6285415,129.0565643,9.67615044,52.30116936,1.175119349
corridor_0,14885,14885,36,116,1141050,1738050,35.6285272,129.0576682,9.805060505,52.43007943,1.304029414
corridor_0,14886,14886,37,116,1141150,1738050,35.6285129,129.0587722,9.681067585,52.30608651,1.180036494
corridor_0,14887,14887,38,116,1141250,1738050,35.6284986,129.0598762,9.642443775,52.2674627,1.141412684
corridor_0,14888,14888,39,116,1141350,1738050,35.6284843,129.0609801,9.484019398,52.10903832,0.982988307
corridor_0,14889,14889,40,116,1141450,1738050,35.62847,129.0620841,9.30235207,51.92737099,0.801320979
corridor_0,14890,14890,41,116,1141550,1738050,35.6284557,129.0631881,8.978827595,51.60384652,0.477796504
corridor_0,14891,14891,42,116,1141650,1738050,35.6284413,129.0642921,8.662890553,51.28790948,0.161859462
corridor_0,14892,14892,43,116,1141750,1738050,35.628427,129.065396,8.326132893,50.95115182,-0.174898198
corridor_0,14893,14893,44,116,1141850,1738050,35.6284126,129.0665,8.015135883,50.64015481,-0.485895207
corridor_0,14894,14894,45,116,1141950,1738050,35.6283983,129.067604,7.652167439,50.27718636,-0.848863652
corridor_0,14895,14895,46,116,1142050,1738050,35.6283839,129.0687079,7.321669697,49.94668862,-1.179361394
corridor_0,14896,14896,47,116,1142150,1738050,35.6283695,129.0698119,7.035941242,49.66096017,-1.465089849
corridor_0,14897,14897,48,116,1142250,1738050,35.6283551,129.0709158,6.534449696,49.15946862,-1.966581395
corridor_0,14898,14898,49,116,1142350,1738050,35.6283407,129.0720198,6.055888294,48.68090722,-2.445142797
corridor_0,14899,14899,50,116,1142450,1738050,35.6283263,129.0731238,5.464324116,48.08934304,-3.036706975
corridor_0,14900,14900,51,116,1142550,1738050,35.6283119,129.0742277,4.808322071,47.433341,-3.69270902
corridor_0,14901,14901,52,116,1142650,1738050,35.6282974,129.0753317,4.121665119,46.74668404,-4.379365972
corridor_0,14902,14902,53,116,1142750,1738050,35.628283,129.0764357,3.208598255,45.83361718,-5.292432836
corridor_0,14903,14903,54,116,1142850,1738050,35.6282685,129.0775396,2.471861958,45.09688088,-6.029169133
corridor_0,14904,14904,55,116,1142950,1738050,35.6282541,129.0786436,2.044333576,44.6693525,-6.456697515
corridor_0,14905,14905,56,116,1143050,1738050,35.6282396,129.0797475,1.337702869,43.96272179,-7.163328221
corridor_0,14906,14906,57,116,1143150,1738050,35.6282251,129.0808515,0.851290821,43.47630975,-7.64974027
corridor_0,14907,14907,58,116,1143250,1738050,35.6282106,129.0819554,0.21943581,42.84445473,-8.281595281
corridor_0,14908,14908,59,116,1143350,1738050,35.6281961,129.0830594,-0.667374493,41.95764443,-9.168405583
corridor_0,14909,14909,60,116,1143450,1738050,35.6281816,129.0841633,-1.71238792,40.912631,-10.21341901
corridor_0,14910,14910,61,116,1143550,1738050,35.6281671,129.0852673,-3.704724194,38.92029473,-12.20575528
corridor_0,14920,14920,71,116,1144550,1738050,35.6280213,129.0963068,-13.75229728,28.87272164,-22.25332837
corridor_0,14921,14921,72,116,1144650,1738050,35.6280066,129.0974107,-6.614024044,36.01099488,-15.11505513
corridor_0,14922,14922,73,116,1144750,1738050,35.627992,129.0985147,-4.354664684,38.27035424,-12.85569578
corridor_0,14923,14923,74,116,1144850,1738050,35.6279773,129.0996186,-3.120476604,39.50454232,-11.6215077
corridor_0,14924,14924,75,116,1144950,1738050,35.6279627,129.1007226,-1.800297619,40.82472131,-10.30132871
corridor_0,14925,14925,76,116,1145050,1738050,35.627948,129.1018265,-0.908924938,41.71609399,-9.409956029
corridor_0,14926,14926,77,116,1145150,1738050,35.6279333,129.1029304,0.081534504,42.70655343,-8.419496587
corridor_0,14927,14927,78,116,1145250,1738050,35.6279186,129.1040344,0.803309559,43.42832848,-7.697721532
corridor_0,14928,14928,79,116,1145350,1738050,35.6279039,129.1051383,1.475611805,44.10063073,-7.025419286
corridor_0,14929,14929,80,116,1145450,1738050,35.6278892,129.1062423,2.115035175,44.7400541,-6.385995915
corridor_0,14930,14930,81,116,1145550,1738050,35.6278745,129.1073462,2.788344502,45.41336343,-5.712686589
corridor_0,14931,14931,82,116,1145650,1738050,35.6278597,129.1084501,3.313136219,45.93815514,-5.187894872
corridor_0,14932,14932,83,116,1145750,1738050,35.627845,129.1095541,3.895190357,46.52020928,-4.605840734
corridor_0,14933,14933,84,116,1145850,1738050,35.6278302,129.110658,4.36673653,46.99175545,-4.13429456
corridor_0,14934,14934,85,116,1145950,1738050,35.6278154,129.1117619,4.789462208,47.41448113,-3.711568883
corridor_0,14935,14935,86,116,1146050,1738050,35.6278007,129.1128659,5.236720203,47.86173913,-3.264310887
corridor_0,14936,14936,87,116,1146150,1738050,35.6277859,129.1139698,5.662066578,48.2870855,-2.838964513
corridor_0,14937,14937,88,116,1146250,1738050,35.6277711,129.1150737,6.066413044,48.69143197,-2.434618047
corridor_0,14938,14938,89,116,1146350,1738050,35.6277563,129.1161777,6.412699818,49.03771874,-2.088331273
corridor_0,14939,14939,90,116,1146450,1738050,35.6277415,129.1172816,6.638808369,49.26382729,-1.862222722
corridor_0,14940,14940,91,116,1146550,1738050,35.6277266,129.1183855,6.782935261,49.40795419,-1.71809583
corridor_0,14941,14941,92,116,1146650,1738050,35.6277118,129.1194895,6.916300892,49.54131982,-1.584730199
corridor_0,14942,14942,93,116,1146750,1738050,35.6276969,129.1205934,6.993365406,49.61838433,-1.507665685
corridor_0,14943,14943,94,116,1146850,1738050,35.6276821,129.1216973,6.9726516,49.59767052,-1.528379491
corridor_0,14944,14944,95,116,1146950,1738050,35.6276672,129.1228012,6.963427662,49.58844659,-1.537603429
corridor_0,14945,14945,96,116,1147050,1738050,35.6276523,129.1239052,6.869940876,49.4949598,-1.631090215
corridor_0,14946,14946,97,116,1147150,1738050,35.6276374,129.1250091,6.784819721,49.40983865,-1.71621137
corridor_0,14947,14947,98,116,1147250,1738050,35.6276225,129.126113,6.585578083,49.21059701,-1.915453008
corridor_0,14948,14948,99,116,1147350,1738050,35.6276076,129.1272169,6.435340046,49.06035897,-2.065691045
corridor_0,14949,14949,100,116,1147450,1738050,35.6275927,129.1283209,6.143305897,48.76832482,-2.357725194
corridor_0,14950,14950,101,116,1147550,1738050,35.6275778,129.1294248,5.810118794,48.43513772,-2.690912297
corridor_0,14951,14951,102,116,1147650,1738050,35.6275628,129.1305287,5.394499897,48.01951882,-3.106531194
corridor_0,14952,14952,103,116,1147750,1738050,35.6275479,129.1316326,5.037554859,47.66257378,-3.463476232
corridor_0,14953,14953,104,116,1147850,1738050,35.6275329,129.1327365,4.520621418,47.14564034,-3.980409673
corridor_0,14954,14954,105,116,1147950,1738050,35.627518,129.1338405,4.080908894,46.70592782,-4.420122197
corridor_0,14955,14955,106,116,1148050,1738050,35.627503,129.1349444,3.432505726,46.05752465,-5.068525365
corridor_0,14956,14956,107,116,1148150,1738050,35.627488,129.1360483,2.958766102,45.58378503,-5.542264989
corridor_0,14957,14957,108,116,1148250,1738050,35.627473,129.1371522,2.315104603,44.94012353,-6.185926488
corridor_0,14958,14958,109,116,1148350,1738050,35.627458,129.1382561,1.807364582,44.43238351,-6.693666509
corridor_0,14959,14959,110,116,1148450,1738050,35.627443,129.13936,1.110327839,43.73534676,-7.390703252
corridor_0,14960,14960,111,116,1148550,1738050,35.6274279,129.1404639,0.379267811,43.00428674,-8.12176328
corridor_0,14961,14961,112,116,1148650,1738050,35.6274129,129.1415679,-0.420922161,42.20409676,-8.921953252
corridor_0,14962,14962,113,116,1148750,1738050,35.6273978,129.1426718,-1.229267956,41.39575097,-9.730299047
corridor_0,14963,14963,114,116,1148850,1738050,35.6273828,129.1437757,-2.096379162,40.52863976,-10.59741025
corridor_0,14964,14964,115,116,1148950,1738050,35.6273677,129.1448796,-3.472439648,39.15257928,-11.97347074
corridor_0,14965,14965,116,116,1149050,1738050,35.6273526,129.1459835,-5.273716808,37.35130212,-13.7747479
corridor_0,14966,14966,117,116,1149150,1738050,35.6273375,129.1470874,-10.89974296,31.72527596,-19.40077405
corridor_0,14987,14987,117,117,1149150,1738150,35.6282388,129.1471059,-14.02770889,28.59731004,-22.52873998
corridor_0,14988,14988,116,117,1149050,1738150,35.6282539,129.146002,-7.749804378,34.87521455,-16.25083547
corridor_0,14989,14989,115,117,1148950,1738150,35.628269,129.1448981,-4.55620277,38.06881615,-13.05723386
corridor_0,14990,14990,114,117,1148850,1738150,35.6282841,129.1437941,-3.297428966,39.32758996,-11.79846006
corridor_0,14991,14991,113,117,1148750,1738150,35.6282991,129.1426902,-1.944973827,40.6800451,-10.44600492
corridor_0,14992,14992,112,117,1148650,1738150,35.6283142,129.1415863,-0.876934887,41.74808404,-9.377965978
corridor_0,14993,14993,111,117,1148550,1738150,35.6283292,129.1404824,-0.10698402,42.5180349,-8.608015111
corridor_0,14994,14994,110,117,1148450,1738150,35.6283442,129.1393784,0.633200764,43.25821969,-7.867830327
corridor_0,14995,14995,109,117,1148350,1738150,35.6283593,129.1382745,1.192713856,43.81773278,-7.308317235
corridor_0,14996,14996,108,117,1148250,1738150,35.6283743,129.1371706,1.818339466,44.44335839,-6.682691625
corridor_0,14997,14997,107,117,1148150,1738150,35.6283893,129.1360667,2.427207111,45.05222604,-6.073823979
corridor_0,14998,14998,106,117,1148050,1738150,35.6284043,129.1349627,2.874487995,45.49950692,-5.626543096
corridor_0,14999,14999,105,117,1147950,1738150,35.6284192,129.1338588,3.455062031,46.08008096,-5.04596906
corridor_0,15000,15000,104,117,1147850,1738150,35.6284342,129.1327549,3.96975243,46.59477135,-4.531278661
corridor_0,15001,15001,103,117,1147750,1738150,35.6284492,129.1316509,4.385581135,47.01060006,-4.115449956
corridor_0,15002,15002,102,117,1147650,1738150,35.6284641,129.130547,4.73096764,47.35598656,-3.770063451
corridor_0,15003,15003,101,117,1147550,1738150,35.6284791,129.1294431,5.0625602,47.68757912,-3.438470891
corridor_0,15004,15004,100,117,1147450,1738150,35.628494,129.1283391,5.376402973,48.0014219,-3.124628118
corridor_0,15005,15005,99,117,1147350,1738150,35.6285089,129.1272352,5.596587299,48.22160622,-2.904443791
corridor_0,15006,15006,98,117,1147250,1738150,35.6285238,129.1261313,5.82232964,48.44734856,-2.678701451
corridor_0,15007,15007,97,117,1147150,1738150,35.6285387,129.1250273,5.99173653,48.61675545,-2.50929456
corridor_0,15008,15008,96,117,1147050,1738150,35.6285536,129.1239234,6.090075611,48.71509454,-2.41095548
corridor_0,15009,15009,95,117,1146950,1738150,35.6285685,129.1228195,6.187270283,48.81228921,-2.313760808
corridor_0,15010,15010,94,117,1146850,1738150,35.6285834,129.1217155,6.153128742,48.77814767,-2.347902349
corridor_0,15011,15011,93,117,1146750,1738150,35.6285982,129.1206116,6.163191914,48.78821084,-2.337839177
corridor_0,15012,15012,92,117,1146650,1738150,35.6286131,129.1195076,6.149279713,48.77429864,-2.351751378
corridor_0,15013,15013,91,117,1146550,1738150,35.6286279,129.1184037,5.964655994,48.58967492,-2.536375096
corridor_0,15014,15014,90,117,1146450,1738150,35.6286427,129.1172998,5.806338429,48.43135735,-2.694692662
corridor_0,15015,15015,89,117,1146350,1738150,35.6286576,129.1161958,5.645808338,48.27082726,-2.855222753
corridor_0,15016,15016,88,117,1146250,1738150,35.6286724,129.1150919,5.339347004,47.96436593,-3.161684087
corridor_0,15017,15017,87,117,1146150,1738150,35.6286872,129.1139879,4.976912617,47.60193154,-3.524118474
corridor_0,15018,15018,86,117,1146050,1738150,35.628702,129.112884,4.59922707,47.22424599,-3.901804021
corridor_0,15019,15019,85,117,1145950,1738150,35.6287167,129.11178,4.185561298,46.81058022,-4.315469792
corridor_0,15020,15020,84,117,1145850,1738150,35.6287315,129.1106761,3.79208672,46.41710564,-4.708944371
corridor_0,15021,15021,83,117,1145750,1738150,35.6287463,129.1095721,3.23883736,45.86385628,-5.26219373
corridor_0,15022,15022,82,117,1145650,1738150,35.628761,129.1084682,2.707537769,45.33255669,-5.793493321
corridor_0,15023,15023,81,117,1145550,1738150,35.6287757,129.1073642,2.17306435,44.79808327,-6.327966741
corridor_0,15024,15024,80,117,1145450,1738150,35.6287905,129.1062603,1.482092976,44.1071119,-7.018938115
corridor_0,15025,15025,79,117,1145350,1738150,35.6288052,129.1051563,0.989985584,43.61500451,-7.511045506
corridor_0,15026,15026,78,117,1145250,1738150,35.6288199,129.1040524,0.158400654,42.78341958,-8.342630437
corridor_0,15027,15027,77,117,1145150,1738150,35.6288346,129.1029484,-0.596295238,42.02872369,-9.097326329
corridor_0,15028,15028,76,117,1145050,1738150,35.6288493,129.1018445,-1.427262188,41.19775674,-9.928293279
corridor_0,15029,15029,75,117,1144950,1738150,35.628864,129.1007405,-2.657254101,39.96776482,-11.15828519
corridor_0,15030,15030,74,117,1144850,1738150,35.6288786,129.0996366,-3.784569622,38.8404493,-12.28560071
corridor_0,15031,15031,73,117,1144750,1738150,35.6288933,129.0985326,-5.735737682,36.88928124,-14.23676877
corridor_0,15032,15032,72,117,1144650,1738150,35.6289079,129.0974287,-8.938359142,33.68665978,-17.43939023
corridor_0,15044,15044,60,117,1143450,1738150,35.6290829,129.0841811,-3.229512096,39.39550683,-11.73054319
corridor_0,15045,15045,59,117,1143350,1738150,35.6290974,129.0830772,-1.663121105,40.96189782,-10.1641522
corridor_0,15046,15046,58,117,1143250,1738150,35.6291119,129.0819732,-0.653061748,41.97195718,-9.154092839
corridor_0,15047,15047,57,117,1143150,1738150,35.6291264,129.0808692,0.245539784,42.87055871,-8.255491307
corridor_0,15048,15048,56,117,1143050,1738150,35.6291409,129.0797653,0.893115162,43.51813409,-7.607915929
corridor_0,15049,15049,55,117,1142950,1738150,35.6291554,129.0786613,1.343436359,43.96845528,-7.157594731
corridor_0,15050,15050,54,117,1142850,1738150,35.6291699,129.0775573,1.911963581,44.53698251,-6.58906751
corridor_0,15051,15051,53,117,1142750,1738150,35.6291843,129.0764534,2.495112537,45.12013146,-6.005918553
corridor_0,15052,15052,52,117,1142650,1738150,35.6291988,129.0753494,2.978388905,45.60340783,-5.522642186
corridor_0,15053,15053,51,117,1142550,1738150,35.6292132,129.0742454,4.113330006,46.73834893,-4.387701085
corridor_0,15054,15054,50,117,1142450,1738150,35.6292276,129.0731414,4.730738758,47.35575768,-3.770292333
corridor_0,15055,15055,49,117,1142350,1738150,35.629242,129.0720375,5.359381794,47.98440072,-3.141649297
corridor_0,15056,15056,48,117,1142250,1738150,35.6292564,129.0709335,5.90278542,48.52780434,-2.598245671
corridor_0,15057,15057,47,117,1142150,1738150,35.6292708,129.0698295,6.313586353,48.93860528,-2.187444737
corridor_0,15058,15058,46,117,1142050,1738150,35.6292852,129.0687255,6.702880024,49.32789895,-1.798151067
corridor_0,15059,15059,45,117,1141950,1738150,35.6292996,129.0676216,7.060820698,49.68583962,-1.440210393
corridor_0,15060,15060,44,117,1141850,1738150,35.629314,129.0665176,7.353423237,49.97844216,-1.147607854
corridor_0,15061,15061,43,117,1141750,1738150,35.6293283,129.0654136,7.647208332,50.27222726,-0.853822759
corridor_0,15062,15062,42,117,1141650,1738150,35.6293426,129.0643096,7.943671345,50.56869027,-0.557359746
corridor_0,15063,15063,41,117,1141550,1738150,35.629357,129.0632056,8.173880695,50.79889962,-0.327150395
corridor_0,15064,15064,40,117,1141450,1738150,35.6293713,129.0621017,8.436503529,51.06152245,-0.064527562
corridor_0,15065,15065,39,117,1141350,1738150,35.6293856,129.0609977,8.626673817,51.25169274,0.125642726
corridor_0,15066,15066,38,117,1141250,1738150,35.6293999,129.0598937,8.716776966,51.34179589,0.215745875
corridor_0,15067,15067,37,117,1141150,1738150,35.6294142,129.0587897,8.831004261,51.45602319,0.32997317
corridor_0,15068,15068,36,117,1141050,1738150,35.6294285,129.0576857,8.837897419,51.46291634,0.336866328
corridor_0,15069,15069,35,117,1140950,1738150,35.6294428,129.0565817,8.724372028,51.34939095,0.223340938
corridor_0,15070,15070,34,117,1140850,1738150,35.629457,129.0554778,8.535193562,51.16021249,0.034162471
corridor_0,15071,15071,33,117,1140750,1738150,35.6294713,129.0543738,8.406462788,51.03148171,-0.094568303
corridor_0,15072,15072,32,117,1140650,1738150,35.6294855,129.0532698,8.189887165,50.81490609,-0.311143926
corridor_0,15073,15073,31,117,1140550,1738150,35.6294998,129.0521658,7.889956593,50.51497552,-0.611074498
corridor_0,15074,15074,30,117,1140450,1738150,35.629514,129.0510618,7.564719318,50.18973824,-0.936311772
corridor_0,15075,15075,29,117,1140350,1738150,35.6295282,129.0499578,7.109892963,49.73491189,-1.391138127
corridor_0,15076,15076,28,117,1140250,1738150,35.6295424,129.0488538,6.585631489,49.21065041,-1.915399602
corridor_0,15077,15077,27,117,1140150,1738150,35.6295566,129.0477498,6.047038197,48.67205712,-2.453992894
corridor_0,15078,15078,26,117,1140050,1738150,35.6295708,129.0466458,5.536242603,48.16126153,-2.964788487
corridor_0,15079,15079,25,117,1139950,1738150,35.6295849,129.0455418,4.943274616,47.56829354,-3.557756474
corridor_0,15080,15080,24,117,1139850,1738150,35.6295991,129.0444378,4.351908802,46.97692773,-4.149122289
corridor_0,15081,15081,23,117,1139750,1738150,35.6296133,129.0433339,3.727000355,46.35201928,-4.774030736
corridor_0,15082,15082,22,117,1139650,1738150,35.6296274,129.0422299,3.006911396,45.63193032,-5.494119695
corridor_0,15083,15083,21,117,1139550,1738150,35.6296415,129.0411259,2.343226551,44.96824548,-6.15780454
corridor_0,15084,15084,20,117,1139450,1738150,35.6296557,129.0400219,1.643199085,44.26821801,-6.857832006
corridor_0,15085,15085,19,117,1139350,1738150,35.6296698,129.0389179,0.913298725,43.53831765,-7.587732366
corridor_0,15086,15086,18,117,1139250,1738150,35.6296839,129.0378139,0.147479176,42.7724981,-8.353551915
corridor_0,15087,15087,17,117,1139150,1738150,35.629698,129.0367099,-0.673794628,41.9512243,-9.174825719
corridor_0,15088,15088,16,117,1139050,1738150,35.629712,129.0356059,-1.566334606,41.05868432,-10.0673657
corridor_0,15089,15089,15,117,1138950,1738150,35.6297261,129.0345019,-2.875744701,39.74927422,-11.37677579
corridor_0,15090,15090,14,117,1138850,1738150,35.6297402,129.0333979,-4.571747662,38.05327126,-13.07277875
corridor_0,15119,15119,14,118,1138850,1738250,35.6306415,129.0334151,-5.943734051,36.68128487,-14.44476514
corridor_0,15120,15120,15,118,1138950,1738250,35.6306274,129.0345191,-3.460152508,39.16486642,-11.9611836
corridor_0,15121,15121,16,118,1139050,1738250,35.6306134,129.0356231,-2.359536053,40.26548287,-10.86056714
corridor_0,15122,15122,17,118,1139150,1738250,35.6305993,129.0367271,-1.377117992,41.24790093,-9.878149083
corridor_0,15123,15123,18,118,1139250,1738250,35.6305852,129.0378311,-0.49313438,42.13188454,-8.994165471
corridor_0,15124,15124,19,118,1139350,1738250,35.6305711,129.0389351,0.471343159,43.09636208,-8.029687932
corridor_0,15125,15125,20,118,1139450,1738250,35.630557,129.0400392,1.206908344,43.83192727,-7.294122746
corridor_0,15126,15126,21,118,1139550,1738250,35.6305429,129.0411432,1.900450825,44.52546975,-6.600580266
corridor_0,15127,15127,22,118,1139650,1738250,35.6305287,129.0422472,2.557829975,45.1828489,-5.943201116
corridor_0,15128,15128,23,118,1139750,1738250,35.6305146,129.0433512,3.186457752,45.81147668,-5.314573339
corridor_0,15129,15129,24,118,1139850,1738250,35.6305004,129.0444552,3.786799549,46.41181847,-4.714231542
corridor_0,15130,15130,25,118,1139950,1738250,35.6304863,129.0455592,4.373400806,46.99841973,-4.127630284
corridor_0,15131,15131,26,118,1140050,1738250,35.6304721,129.0466632,4.920828938,47.54584786,-3.580202153
corridor_0,15132,15132,27,118,1140150,1738250,35.6304579,129.0477672,5.385359882,48.01037881,-3.115671208
corridor_0,15133,15133,28,118,1140250,1738250,35.6304437,129.0488712,5.879752277,48.5047712,-2.621278813
corridor_0,15134,15134,29,118,1140350,1738250,35.6304295,129.0499752,6.330229878,48.9552488,-2.170801213
corridor_0,15135,15135,30,118,1140450,1738250,35.6304153,129.0510792,6.735964893,49.36098382,-1.765066197
corridor_0,15136,15136,31,118,1140550,1738250,35.6304011,129.0521832,7.056185841,49.68120477,-1.44484525
corridor_0,15137,15137,32,118,1140650,1738250,35.6303868,129.0532872,7.336669087,49.96168801,-1.164362004
corridor_0,15138,15138,33,118,1140750,1738250,35.6303726,129.0543912,7.510348438,50.13536736,-0.990682652
corridor_0,15139,15139,34,118,1140850,1738250,35.6303584,129.0554952,7.677104115,50.30212304,-0.823926976
corridor_0,15140,15140,35,118,1140950,1738250,35.6303441,129.0565992,7.801867603,50.42688653,-0.699163487
corridor_0,15141,15141,36,118,1141050,1738250,35.6303298,129.0577032,7.965201496,50.59022042,-0.535829595
corridor_0,15142,15142,37,118,1141150,1738250,35.6303155,129.0588072,7.997878193,50.62289712,-0.503152898
corridor_0,15143,15143,38,118,1141250,1738250,35.6303012,129.0599112,7.875300526,50.50031945,-0.625730565
corridor_0,15144,15144,39,118,1141350,1738250,35.6302869,129.0610152,7.781008839,50.40602776,-0.720022252
corridor_0,15145,15145,40,118,1141450,1738250,35.6302726,129.0621192,7.642768025,50.26778695,-0.858263066
corridor_0,15146,15146,41,118,1141550,1738250,35.6302583,129.0632232,7.444579243,50.06959817,-1.056451848
corridor_0,15147,15147,42,118,1141650,1738250,35.630244,129.0643272,7.196585774,49.8216047,-1.304445317
corridor_0,15148,15148,43,118,1141750,1738250,35.6302296,129.0654312,6.959128498,49.58414742,-1.541902593
corridor_0,15149,15149,44,118,1141850,1738250,35.6302153,129.0665352,6.655188679,49.2802076,-1.845842412
corridor_0,15150,15150,45,118,1141950,1738250,35.6302009,129.0676392,6.417929768,49.04294869,-2.083101323
corridor_0,15151,15151,46,118,1142050,1738250,35.6301865,129.0687431,6.032080769,48.65709969,-2.468950322
corridor_0,15152,15152,47,118,1142150,1738250,35.6301721,129.0698471,5.601943134,48.22696206,-2.899087956
corridor_0,15153,15153,48,118,1142250,1738250,35.6301577,129.0709511,5.140753864,47.76577279,-3.360277226
corridor_0,15154,15154,49,118,1142350,1738250,35.6301433,129.0720551,4.524344563,47.14936349,-3.976686528
corridor_0,15155,15155,50,118,1142450,1738250,35.6301289,129.0731591,3.994044422,46.61906335,-4.506986669
corridor_0,15156,15156,51,118,1142550,1738250,35.6301145,129.0742631,2.939616322,45.56463525,-5.561414769
corridor_0,15157,15157,52,118,1142650,1738250,35.6301001,129.0753671,2.381938099,45.00695702,-6.119092992
corridor_0,15158,15158,53,118,1142750,1738250,35.6300856,129.0764711,1.907763599,44.53278252,-6.593267491
corridor_0,15159,15159,54,118,1142850,1738250,35.6300712,129.077575,1.325137257,43.95015618,-7.175893834
corridor_0,15160,15160,55,118,1142950,1738250,35.6300567,129.078679,0.733080982,43.35809991,-7.767950109
corridor_0,15161,15161,56,118,1143050,1738250,35.6300422,129.079783,0.250300526,42.87531945,-8.250730565
corridor_0,15162,15162,57,118,1143150,1738250,35.6300277,129.080887,-0.606301189,42.01871774,-9.10733228
corridor_0,15163,15163,58,118,1143250,1738250,35.6300132,129.081991,-1.635826946,40.98919198,-10.13685804
corridor_0,15164,15164,59,118,1143350,1738250,35.6299987,129.0830949,-3.195729137,39.42928979,-11.69676023
corridor_0,15165,15165,60,118,1143450,1738250,35.6299842,129.0841989,-6.040909649,36.58410928,-14.54194074
corridor_0,15177,15177,72,118,1144650,1738250,35.6298092,129.0974466,-13.82647407,28.79854485,-22.32750516
corridor_0,15178,15178,73,118,1144750,1738250,35.6297946,129.0985506,-8.820170284,33.80484864,-17.32120138
corridor_0,15179,15179,74,118,1144850,1738250,35.6297799,129.0996545,-5.019108654,37.60591027,-13.52013974
corridor_0,15180,15180,75,118,1144950,1738250,35.6297653,129.1007585,-3.689999462,38.93501946,-12.19103055
corridor_0,15181,15181,76,118,1145050,1738250,35.6297506,129.1018625,-2.268189312,40.35682961,-10.7692204
corridor_0,15182,15182,77,118,1145150,1738250,35.6297359,129.1029664,-1.368531109,41.25648782,-9.8695622
corridor_0,15183,15183,78,118,1145250,1738250,35.6297212,129.1040704,-0.368584515,42.25643441,-8.869615605
corridor_0,15184,15184,79,118,1145350,1738250,35.6297065,129.1051744,0.149867176,42.7748861,-8.351163915
corridor_0,15185,15185,80,118,1145450,1738250,35.6296918,129.1062783,0.947539448,43.57255837,-7.553491643
corridor_0,15186,15186,81,118,1145550,1738250,35.629677,129.1073823,1.402472614,44.02749154,-7.098558476
corridor_0,15187,15187,82,118,1145650,1738250,35.6296623,129.1084863,2.0923568,44.71737572,-6.408674291
corridor_0,15188,15188,83,118,1145750,1738250,35.6296476,129.1095902,2.637854694,45.26287362,-5.863176396
corridor_0,15189,15189,84,118,1145850,1738250,35.6296328,129.1106942,3.174780964,45.79979989,-5.326250127
corridor_0,15190,15190,85,118,1145950,1738250,35.629618,129.1117981,3.574603199,46.19962212,-4.926427892
corridor_0,15191,15191,86,118,1146050,1738250,35.6296032,129.1129021,3.947848438,46.57286736,-4.553182652
corridor_0,15192,15192,87,118,1146150,1738250,35.6295885,129.114006,4.314063191,46.93908212,-4.1869679
corridor_0,15193,15193,88,118,1146250,1738250,35.6295737,129.11511,4.638007282,47.26302621,-3.863023808
corridor_0,15194,15194,89,118,1146350,1738250,35.6295589,129.116214,4.888991474,47.5140104,-3.612039617
corridor_0,15195,15195,90,118,1146450,1738250,35.629544,129.1173179,5.059146046,47.68416497,-3.441885045
corridor_0,15196,15196,91,118,1146550,1738250,35.6295292,129.1184219,5.229445576,47.8544645,-3.271585515
corridor_0,15197,15197,92,118,1146650,1738250,35.6295144,129.1195258,5.291930317,47.91694924,-3.209100774
corridor_0,15198,15198,93,118,1146750,1738250,35.6294995,129.1206298,5.371123432,47.99614236,-3.129907659
corridor_0,15199,15199,94,118,1146850,1738250,35.6294847,129.1217337,5.375521778,48.0005407,-3.125509313
corridor_0,15200,15200,95,118,1146950,1738250,35.6294698,129.1228377,5.363326191,47.98834512,-3.1377049
corridor_0,15201,15201,96,118,1147050,1738250,35.6294549,129.1239416,5.319747089,47.94476601,-3.181284001
corridor_0,15202,15202,97,118,1147150,1738250,35.62944,129.1250456,5.23858559,47.86360451,-3.2624455
corridor_0,15203,15203,98,118,1147250,1738250,35.6294251,129.1261495,5.071272968,47.69629189,-3.429758122
corridor_0,15204,15204,99,118,1147350,1738250,35.6294102,129.1272535,4.860495686,47.48551461,-3.640535405
corridor_0,15205,15205,100,118,1147450,1738250,35.6293953,129.1283574,4.601313709,47.22633263,-3.899717381
corridor_0,15206,15206,101,118,1147550,1738250,35.6293803,129.1294614,4.324366688,46.94938561,-4.176664403
corridor_0,15207,15207,102,118,1147650,1738250,35.6293654,129.1305653,4.012263416,46.63728234,-4.488767674
corridor_0,15208,15208,103,118,1147750,1738250,35.6293505,129.1316693,3.693469166,46.31848809,-4.807561925
corridor_0,15209,15209,104,118,1147850,1738250,35.6293355,129.1327732,3.371886372,45.9969053,-5.129144719
corridor_0,15210,15210,105,118,1147950,1738250,35.6293205,129.1338771,2.74016869,45.36518761,-5.760862401
corridor_0,15211,15211,106,118,1148050,1738250,35.6293055,129.1349811,2.312857746,44.93787667,-6.188173345
corridor_0,15212,15212,107,118,1148150,1738250,35.6292906,129.136085,1.710143208,44.33516213,-6.790887883
corridor_0,15213,15213,108,118,1148250,1738250,35.6292756,129.137189,1.220111012,43.84512994,-7.280920079
corridor_0,15214,15214,109,118,1148350,1738250,35.6292605,129.1382929,0.556845783,43.18186471,-7.944185308
corridor_0,15215,15215,110,118,1148450,1738250,35.6292455,129.1393968,-0.196328045,42.42869088,-8.697359136
corridor_0,15216,15216,111,118,1148550,1738250,35.6292305,129.1405008,-0.743683697,41.88133523,-9.244714787
corridor_0,15217,15217,112,118,1148650,1738250,35.6292154,129.1416047,-1.580246807,41.04477212,-10.0812779
corridor_0,15218,15218,113,118,1148750,1738250,35.6292004,129.1427087,-2.817784191,39.80723473,-11.31881528
corridor_0,15219,15219,114,118,1148850,1738250,35.6291853,129.1438126,-3.948899151,38.67611977,-12.44993024
corridor_0,15220,15220,115,118,1148950,1738250,35.6291703,129.1449165,-5.922335506,36.70268342,-14.4233666
corridor_0,15221,15221,116,118,1149050,1738250,35.6291552,129.1460205,-9.159428478,33.46559045,-17.66045957
corridor_0,15244,15244,116,119,1149050,1738350,35.6300565,129.1460389,-14.00758636,28.61743256,-22.50861745
corridor_0,15245,15245,115,119,1148950,1738350,35.6300715,129.144935,-7.777645946,34.84737298,-16.27867704
corridor_0,15246,15246,114,119,1148850,1738350,35.6300866,129.143831,-5.159020306,37.46599862,-13.6600514
corridor_0,15247,15247,113,119,1148750,1738350,35.6301017,129.1427271,-3.812088848,38.81293008,-12.31311994
corridor_0,15248,15248,112,119,1148650,1738350,35.6301167,129.1416231,-2.691128612,39.93389031,-11.1921597
corridor_0,15249,15249,111,119,1148550,1738350,35.6301318,129.1405192,-1.744484783,40.88053414,-10.24551587
corridor_0,15250,15250,110,119,1148450,1738350,35.6301468,129.1394152,-0.888523937,41.73649499,-9.389555028
corridor_0,15251,15251,109,119,1148350,1738350,35.6301618,129.1383113,-0.147194744,42.47782418,-8.648225835
corridor_0,15252,15252,108,119,1148250,1738350,35.6301768,129.1372073,0.717761158,43.34278008,-7.783269933
corridor_0,15253,15253,107,119,1148150,1738350,35.6301918,129.1361034,1.185690998,43.81070992,-7.315340093
corridor_0,15254,15254,106,119,1148050,1738350,35.6302068,129.1349994,1.764056324,44.38907525,-6.736974767
corridor_0,15255,15255,105,119,1147950,1738350,35.6302218,129.1338955,2.21489632,44.83991524,-6.28613477
corridor_0,15256,15256,104,119,1147850,1738350,35.6302368,129.1327915,2.631365894,45.25638482,-5.869665196
corridor_0,15257,15257,103,119,1147750,1738350,35.6302517,129.1316876,3.064498066,45.68951699,-5.436533025
corridor_0,15258,15258,102,119,1147650,1738350,35.6302667,129.1305836,3.415370106,46.04038903,-5.085660985
corridor_0,15259,15259,101,119,1147550,1738350,35.6302816,129.1294797,3.643599629,46.26861855,-4.857431462
corridor_0,15260,15260,100,119,1147450,1738350,35.6302966,129.1283757,3.894351124,46.51937005,-4.606679967
corridor_0,15261,15261,99,119,1147350,1738350,35.6303115,129.1272717,4.14275658,46.7677755,-4.35827451
corridor_0,15262,15262,98,119,1147250,1738350,35.6303264,129.1261678,4.342566608,46.96758553,-4.158464482
corridor_0,15263,15263,97,119,1147150,1738350,35.6303413,129.1250638,4.443946003,47.06896493,-4.057085088
corridor_0,15264,15264,96,119,1147050,1738350,35.6303562,129.1239599,4.579585194,47.20460412,-3.921445897
corridor_0,15265,15265,95,119,1146950,1738350,35.6303711,129.1228559,4.56363213,47.18865105,-3.937398961
corridor_0,15266,15266,94,119,1146850,1738350,35.6303859,129.1217519,4.634337544,47.25935647,-3.866693547
corridor_0,15267,15267,93,119,1146750,1738350,35.6304008,129.120648,4.611228108,47.23624703,-3.889802983
corridor_0,15268,15268,92,119,1146650,1738350,35.6304157,129.119544,4.498885273,47.1239042,-4.002145818
corridor_0,15269,15269,91,119,1146550,1738350,35.6304305,129.11844,4.486178516,47.11119744,-4.014852574
corridor_0,15270,15270,90,119,1146450,1738350,35.6304453,129.1173361,4.328158497,46.95317742,-4.172872594
corridor_0,15271,15271,89,119,1146350,1738350,35.6304601,129.1162321,4.189097523,46.81411645,-4.311933568
corridor_0,15272,15272,88,119,1146250,1738350,35.630475,129.1151281,3.940508961,46.56552789,-4.56052213
corridor_0,15273,15273,87,119,1146150,1738350,35.6304898,129.1140242,3.640895008,46.26591393,-4.860136083
corridor_0,15274,15274,86,119,1146050,1738350,35.6305045,129.1129202,3.290228962,45.91524789,-5.210802129
corridor_0,15275,15275,85,119,1145950,1738350,35.6305193,129.1118162,2.936122059,45.56114098,-5.564909032
corridor_0,15276,15276,84,119,1145850,1738350,35.6305341,129.1107123,2.433531879,45.0585508,-6.067499211
corridor_0,15277,15277,83,119,1145750,1738350,35.6305488,129.1096083,2.007315754,44.63233468,-6.493715337
corridor_0,15278,15278,82,119,1145650,1738350,35.6305636,129.1085043,1.4792701,44.10428902,-7.021760991
corridor_0,15279,15279,81,119,1145550,1738350,35.6305783,129.1074003,0.723761677,43.3487806,-7.777269414
corridor_0,15280,15280,80,119,1145450,1738350,35.6305931,129.1062964,0.262866139,42.88788506,-8.238164952
corridor_0,15281,15281,79,119,1145350,1738350,35.6306078,129.1051924,-0.604073406,42.02094552,-9.105104497
corridor_0,15282,15282,78,119,1145250,1738350,35.6306225,129.1040884,-1.375847698,41.24917123,-9.876878789
corridor_0,15283,15283,77,119,1145150,1738350,35.6306372,129.1029844,-2.24730003,40.37771889,-10.74833112
corridor_0,15284,15284,76,119,1145050,1738350,35.6306519,129.1018805,-3.251225353,39.37379357,-11.75225644
corridor_0,15285,15285,75,119,1144950,1738350,35.6306666,129.1007765,-4.961995006,37.66302392,-13.4630261
corridor_0,15286,15286,74,119,1144850,1738350,35.6306812,129.0996725,-6.643980862,35.98103806,-15.14501195
corridor_0,15287,15287,73,119,1144750,1738350,35.6306959,129.0985685,-13.7347306,28.89028832,-22.23576169
corridor_0,15301,15301,59,119,1143350,1738350,35.6309,129.0831127,-5.997921825,36.6270971,-14.49895292
corridor_0,15302,15302,58,119,1143250,1738350,35.6309145,129.0820087,-3.149918438,39.47510049,-11.65094953
corridor_0,15303,15303,57,119,1143150,1738350,35.630929,129.0809047,-1.600907207,41.02411172,-10.1019383
corridor_0,15304,15304,56,119,1143050,1738350,35.6309435,129.0798007,-0.600163341,42.02485558,-9.101194432
corridor_0,15305,15305,55,119,1142950,1738350,35.630958,129.0786967,-0.091725231,42.53329369,-8.592756322
corridor_0,15306,15306,54,119,1142850,1738350,35.6309725,129.0775927,0.70173943,43.32675835,-7.799291661
corridor_0,15307,15307,53,119,1142750,1738350,35.6309869,129.0764888,1.185950398,43.81096932,-7.315080693
corridor_0,15308,15308,52,119,1142650,1738350,35.6310014,129.0753848,1.899802326,44.52482125,-6.601228765
corridor_0,15309,15309,51,119,1142550,1738350,35.6310158,129.0742808,2.33158028,44.9565992,-6.16945081
corridor_0,15310,15310,50,119,1142450,1738350,35.6310302,129.0731768,2.863307118,45.48832604,-5.637723973
corridor_0,15311,15311,49,119,1142350,1738350,35.6310446,129.0720728,3.2723037,45.89732262,-5.228727391
corridor_0,15312,15312,48,119,1142250,1738350,35.6310591,129.0709688,4.258273243,46.88329217,-4.242757848
corridor_0,15313,15313,47,119,1142150,1738350,35.6310734,129.0698648,4.799376606,47.42439553,-3.701654485
corridor_0,15314,15314,46,119,1142050,1738350,35.6310878,129.0687608,5.301039814,47.92605874,-3.199991277
corridor_0,15315,15315,45,119,1141950,1738350,35.6311022,129.0676568,5.637911915,48.26293084,-2.863119176
corridor_0,15316,15316,44,119,1141850,1738350,35.6311166,129.0665528,5.996016621,48.62103555,-2.50501447
corridor_0,15317,15317,43,119,1141750,1738350,35.6311309,129.0654487,6.300410389,48.92542931,-2.200620702
corridor_0,15318,15318,42,119,1141650,1738350,35.6311453,129.0643447,6.521571278,49.1465902,-1.979459813
corridor_0,15319,15319,41,119,1141550,1738350,35.6311596,129.0632407,6.736666798,49.36168572,-1.764364293
corridor_0,15320,15320,40,119,1141450,1738350,35.6311739,129.0621367,6.839579701,49.46459863,-1.66145139
corridor_0,15321,15321,39,119,1141350,1738350,35.6311882,129.0610327,6.986220478,49.6112394,-1.514810613
corridor_0,15322,15322,38,119,1141250,1738350,35.6312026,129.0599287,7.085078358,49.71009728,-1.415952733
corridor_0,15323,15323,37,119,1141150,1738350,35.6312168,129.0588247,7.155757069,49.78077599,-1.345274022
corridor_0,15324,15324,36,119,1141050,1738350,35.6312311,129.0577207,7.115920185,49.74093911,-1.385110906
corridor_0,15325,15325,35,119,1140950,1738350,35.6312454,129.0566167,6.952586292,49.57760522,-1.548444798
corridor_0,15326,15326,34,119,1140850,1738350,35.6312597,129.0555127,6.870383381,49.49540231,-1.63064771
corridor_0,15327,15327,33,119,1140750,1738350,35.6312739,129.0544087,6.691687702,49.31670663,-1.809343389
corridor_0,15328,15328,32,119,1140650,1738350,35.6312882,129.0533047,6.522643208,49.14766213,-1.978387883
corridor_0,15329,15329,31,119,1140550,1738350,35.6313024,129.0522006,6.26524651,48.89026543,-2.235784581
corridor_0,15330,15330,30,119,1140450,1738350,35.6313166,129.0510966,5.933226704,48.55824563,-2.567804387
corridor_0,15331,15331,29,119,1140350,1738350,35.6313308,129.0499926,5.621634602,48.24665353,-2.879396489
corridor_0,15332,15332,28,119,1140250,1738350,35.631345,129.0488886,5.240409016,47.86542794,-3.260622075
corridor_0,15333,15333,27,119,1140150,1738350,35.6313592,129.0477846,4.710600971,47.3356199,-3.79043012
corridor_0,15334,15334,26,119,1140050,1738350,35.6313734,129.0466806,4.327258228,46.95227715,-4.173772862
corridor_0,15335,15335,25,119,1139950,1738350,35.6313876,129.0455765,3.81343758,46.4384565,-4.687593511
corridor_0,15336,15336,24,119,1139850,1738350,35.6314017,129.0444725,3.186461567,45.81148049,-5.314569524
corridor_0,15337,15337,23,119,1139750,1738350,35.6314159,129.0433685,2.597552418,45.22257134,-5.903478673
corridor_0,15338,15338,22,119,1139650,1738350,35.63143,129.0422645,1.972834705,44.59785363,-6.528196385
corridor_0,15339,15339,21,119,1139550,1738350,35.6314442,129.0411605,1.306841969,43.93186089,-7.194189122
corridor_0,15340,15340,20,119,1139450,1738350,35.6314583,129.0400564,0.596907734,43.22192666,-7.904123357
corridor_0,15341,15341,19,119,1139350,1738350,35.6314724,129.0389524,-0.171437145,42.45358178,-8.672468236
corridor_0,15342,15342,18,119,1139250,1738350,35.6314865,129.0378484,-0.996010662,41.62900826,-9.497041753
corridor_0,15343,15343,17,119,1139150,1738350,35.6315006,129.0367444,-1.907444836,40.71757409,-10.40847593
corridor_0,15344,15344,16,119,1139050,1738350,35.6315147,129.0356404,-2.939850689,39.68516824,-11.44088178
corridor_0,15345,15345,15,119,1138950,1738350,35.6315288,129.0345363,-4.577023388,38.04799554,-13.07805448
corridor_0,15346,15346,14,119,1138850,1738350,35.6315428,129.0334323,-9.070744396,33.55427453,-17.57177549
corridor_0,15376,15376,15,120,1138950,1738450,35.6324301,129.0345536,-6.732994915,35.89202401,-15.23402601
corridor_0,15377,15377,16,120,1139050,1738450,35.632416,129.0356576,-4.43089378,38.19412514,-12.93192487
corridor_0,15378,15378,17,120,1139150,1738450,35.6324019,129.0367616,-2.803906322,39.8211126,-11.30493741
corridor_0,15379,15379,18,120,1139250,1738450,35.6323878,129.0378657,-1.521199108,41.10381982,-10.0222302
corridor_0,15380,15380,19,120,1139350,1738450,35.6323737,129.0389697,-0.667733074,41.95728585,-9.168764165
corridor_0,15381,15381,20,120,1139450,1738450,35.6323596,129.0400737,0.101390003,42.72640893,-8.399641088
corridor_0,15382,15382,21,120,1139550,1738450,35.6323455,129.0411778,0.813258289,43.43827721,-7.687772801
corridor_0,15383,15383,22,120,1139650,1738450,35.6323314,129.0422818,1.471549152,44.09656808,-7.029481938
corridor_0,15384,15384,23,120,1139750,1738450,35.6323172,129.0433858,2.087649464,44.71266839,-6.413381627
corridor_0,15385,15385,24,120,1139850,1738450,35.6323031,129.0444899,2.666419148,45.29143807,-5.834611943
corridor_0,15386,15386,25,120,1139950,1738450,35.6322889,129.0455939,3.204989552,45.83000848,-5.296041539
corridor_0,15387,15387,26,120,1140050,1738450,35.6322747,129.0466979,3.71376717,46.33878609,-4.787263921
corridor_0,15388,15388,27,120,1140150,1738450,35.6322606,129.047802,4.119650959,46.74466988,-4.381380132
corridor_0,15389,15389,28,120,1140250,1738450,35.6322464,129.048906,4.557696461,47.18271539,-3.94333463
corridor_0,15390,15390,29,120,1140350,1738450,35.6322322,129.05001,4.945914387,47.57093331,-3.555116704
corridor_0,15391,15391,30,120,1140450,1738450,35.6322179,129.051114,5.249629139,47.87464806,-3.251401952
corridor_0,15392,15392,31,120,1140550,1738450,35.6322037,129.0522181,5.498633503,48.12365243,-3.002397588
corridor_0,15393,15393,32,120,1140650,1738450,35.6321895,129.0533221,5.72220528,48.3472242,-2.77882581
corridor_0,15394,15394,33,120,1140750,1738450,35.6321752,129.0544261,5.909392475,48.5344114,-2.591638616
corridor_0,15395,15395,34,120,1140850,1738450,35.632161,129.0555301,6.063113331,48.68813226,-2.43791776
corridor_0,15396,15396,35,120,1140950,1738450,35.6321467,129.0566342,6.171378254,48.79639718,-2.329652837
corridor_0,15397,15397,36,120,1141050,1738450,35.6321324,129.0577382,6.267741322,48.89276025,-2.233289769
corridor_0,15398,15398,37,120,1141150,1738450,35.6321182,129.0588422,6.305628895,48.93064782,-2.195402196
corridor_0,15399,15399,38,120,1141250,1738450,35.6321039,129.0599462,6.309493183,48.93451211,-2.191537908
corridor_0,15400,15400,39,120,1141350,1738450,35.6320896,129.0610503,6.260604023,48.88562295,-2.240427068
corridor_0,15401,15401,40,120,1141450,1738450,35.6320752,129.0621543,6.114882588,48.73990151,-2.386148503
corridor_0,15402,15402,41,120,1141550,1738450,35.6320609,129.0632583,5.999728321,48.62474725,-2.50130277
corridor_0,15403,15403,42,120,1141650,1738450,35.6320466,129.0643623,5.800891041,48.42590997,-2.70014005
corridor_0,15404,15404,43,120,1141750,1738450,35.6320322,129.0654663,5.573859333,48.19887826,-2.927171758
corridor_0,15405,15405,44,120,1141850,1738450,35.6320179,129.0665703,5.272521137,47.89754006,-3.228509954
corridor_0,15406,15406,45,120,1141950,1738450,35.6320035,129.0676744,4.809031605,47.43405053,-3.691999486
corridor_0,15407,15407,46,120,1142050,1738450,35.6319891,129.0687784,4.289843678,46.9148626,-4.211187413
corridor_0,15408,15408,47,120,1142150,1738450,35.6319748,129.0698824,3.652815937,46.27783486,-4.848215154
corridor_0,15409,15409,48,120,1142250,1738450,35.6319604,129.0709864,3.037901997,45.66292092,-5.463129094
corridor_0,15410,15410,49,120,1142350,1738450,35.631946,129.0720904,2.549029469,45.17404839,-5.952001622
corridor_0,15411,15411,50,120,1142450,1738450,35.6319315,129.0731944,2.138453602,44.76347253,-6.362577489
corridor_0,15412,15412,51,120,1142550,1738450,35.6319171,129.0742984,1.595458149,44.22047707,-6.905572942
corridor_0,15413,15413,52,120,1142650,1738450,35.6319027,129.0754024,1.140177845,43.76519677,-7.360853246
corridor_0,15414,15414,53,120,1142750,1738450,35.6318882,129.0765065,0.674666523,43.29968545,-7.826364568
corridor_0,15415,15415,54,120,1142850,1738450,35.6318738,129.0776105,-0.134068371,42.49095055,-8.635099462
corridor_0,15416,15416,55,120,1142950,1738450,35.6318593,129.0787145,-0.828640819,41.79637811,-9.32967191
corridor_0,15417,15417,56,120,1143050,1738450,35.6318448,129.0798185,-1.855778576,40.76924035,-10.35680967
corridor_0,15418,15418,57,120,1143150,1738450,35.6318303,129.0809225,-3.126484753,39.49853417,-11.62751584
corridor_0,15419,15419,58,120,1143250,1738450,35.6318159,129.0820265,-5.304032207,37.32098672,-13.8050633
corridor_0,15435,15435,74,120,1144850,1738450,35.6315825,129.0996905,-10.74525154,31.87976739,-19.24628263
corridor_0,15436,15436,75,120,1144950,1738450,35.6315679,129.1007945,-6.613306881,36.01171204,-15.11433797
corridor_0,15437,15437,76,120,1145050,1738450,35.6315532,129.1018984,-4.420006634,38.20501229,-12.92103772
corridor_0,15438,15438,77,120,1145150,1738450,35.6315385,129.1030024,-3.649754406,38.97526452,-12.1507855
corridor_0,15439,15439,78,120,1145250,1738450,35.6315238,129.1041064,-2.275307537,40.34971139,-10.77633863
corridor_0,15440,15440,79,120,1145350,1738450,35.6315091,129.1052104,-1.433445812,41.19157311,-9.934476903
corridor_0,15441,15441,80,120,1145450,1738450,35.6314944,129.1063144,-0.671364666,41.95365426,-9.172395757
corridor_0,15442,15442,81,120,1145550,1738450,35.6314796,129.1074184,0.020548939,42.64556786,-8.480482152
corridor_0,15443,15443,82,120,1145650,1738450,35.6314649,129.1085224,0.657832264,43.28285119,-7.843198827
corridor_0,15444,15444,83,120,1145750,1738450,35.6314501,129.1096264,1.2305938,43.85561272,-7.270437291
corridor_0,15445,15445,84,120,1145850,1738450,35.6314354,129.1107303,1.774798512,44.39981744,-6.726232579
corridor_0,15446,15446,85,120,1145950,1738450,35.6314206,129.1118343,2.162131428,44.78715035,-6.338899663
corridor_0,15447,15447,86,120,1146050,1738450,35.6314058,129.1129383,2.52279961,45.14781853,-5.978231481
corridor_0,15448,15448,87,120,1146150,1738450,35.631391,129.1140423,2.93787682,45.56289574,-5.563154271
corridor_0,15449,15449,88,120,1146250,1738450,35.6313762,129.1151463,3.21345818,45.8384771,-5.287572911
corridor_0,15450,15450,89,120,1146350,1738450,35.6313614,129.1162503,3.393408894,46.01842782,-5.107622197
corridor_0,15451,15451,90,120,1146450,1738450,35.6313466,129.1173542,3.532591938,46.15761086,-4.968439153
corridor_0,15452,15452,91,120,1146550,1738450,35.6313318,129.1184582,3.707072376,46.3320913,-4.793958714
corridor_0,15453,15453,92,120,1146650,1738450,35.6313169,129.1195622,3.788329243,46.41334817,-4.712701848
corridor_0,15454,15454,93,120,1146750,1738450,35.6313021,129.1206662,3.871882557,46.49690148,-4.629148534
corridor_0,15455,15455,94,120,1146850,1738450,35.6312872,129.1217701,3.898501515,46.52352044,-4.602529576
corridor_0,15456,15456,95,120,1146950,1738450,35.6312724,129.1228741,3.819678425,46.44469735,-4.681352666
corridor_0,15457,15457,96,120,1147050,1738450,35.6312575,129.1239781,3.776526569,46.40154549,-4.724504521
corridor_0,15458,15458,97,120,1147150,1738450,35.6312426,129.1250821,3.717703938,46.34272286,-4.783327153
corridor_0,15459,15459,98,120,1147250,1738450,35.6312277,129.126186,3.630019306,46.25503823,-4.871011785
corridor_0,15460,15460,99,120,1147350,1738450,35.6312128,129.12729,3.426436543,46.05145547,-5.074594548
corridor_0,15461,15461,100,120,1147450,1738450,35.6311979,129.128394,3.19342339,45.81844231,-5.307607701
corridor_0,15462,15462,101,120,1147550,1738450,35.6311829,129.129498,2.956782459,45.58180138,-5.544248631
corridor_0,15463,15463,102,120,1147650,1738450,35.631168,129.1306019,2.708201527,45.33322045,-5.792829564
corridor_0,15464,15464,103,120,1147750,1738450,35.631153,129.1317059,2.292048573,44.9170675,-6.208982518
corridor_0,15465,15465,104,120,1147850,1738450,35.6311381,129.1328099,1.953246235,44.57826516,-6.547784856
corridor_0,15466,15466,105,120,1147950,1738450,35.6311231,129.1339138,1.559893726,44.18491265,-6.941137364
corridor_0,15467,15467,106,120,1148050,1738450,35.6311081,129.1350178,0.971221088,43.59624001,-7.529810002
corridor_0,15468,15468,107,120,1148150,1738450,35.6310931,129.1361218,0.513022541,43.13804147,-7.98800855
corridor_0,15469,15469,108,120,1148250,1738450,35.6310781,129.1372257,-0.152897716,42.47212121,-8.653928807
corridor_0,15470,15470,109,120,1148350,1738450,35.6310631,129.1383297,-0.677868725,41.9471502,-9.178899816
corridor_0,15471,15471,110,120,1148450,1738450,35.6310481,129.1394337,-1.445660473,41.17935845,-9.946691564
corridor_0,15472,15472,111,120,1148550,1738450,35.631033,129.1405376,-2.314617992,40.31040093,-10.81564908
corridor_0,15473,15473,112,120,1148650,1738450,35.631018,129.1416416,-3.325257183,39.29976174,-11.82628827
corridor_0,15474,15474,113,120,1148750,1738450,35.6310029,129.1427455,-4.511498333,38.11352059,-13.01252942
corridor_0,15475,15475,114,120,1148850,1738450,35.6309879,129.1438495,-6.729260326,35.8957586,-15.23029142
corridor_0,15476,15476,115,120,1148950,1738450,35.6309728,129.1449535,-13.8372258,28.78779313,-22.33825689
corridor_0,15502,15502,114,121,1148850,1738550,35.6318892,129.143868,-9.071301342,33.55371758,-17.57233243
corridor_0,15503,15503,113,121,1148750,1738550,35.6319042,129.142764,-6.619574428,36.0054445,-15.12060552
corridor_0,15504,15504,112,121,1148650,1738550,35.6319193,129.14166,-4.449196697,38.17582223,-12.95022779
corridor_0,15505,15505,111,121,1148550,1738550,35.6319343,129.140556,-3.28170097,39.34331795,-11.78273206
corridor_0,15506,15506,110,121,1148450,1738550,35.6319494,129.1394521,-2.300881267,40.32413766,-10.80191236
corridor_0,15507,15507,109,121,1148350,1738550,35.6319644,129.1383481,-1.707226635,40.91779229,-10.20825773
corridor_0,15508,15508,108,121,1148250,1738550,35.6319794,129.1372441,-0.917435528,41.7075834,-9.418466619
corridor_0,15509,15509,107,121,1148150,1738550,35.6319944,129.1361401,-0.203423382,42.42159554,-8.704454473
corridor_0,15510,15510,106,121,1148050,1738550,35.6320094,129.1350362,0.269286274,42.8943052,-8.231744817
corridor_0,15511,15511,105,121,1147950,1738550,35.6320244,129.1339322,0.700068592,43.32508752,-7.800962499
corridor_0,15512,15512,104,121,1147850,1738550,35.6320393,129.1328282,1.227542042,43.85256097,-7.273489049
corridor_0,15513,15513,103,121,1147750,1738550,35.6320543,129.1317242,1.587649464,44.21266839,-6.913381627
corridor_0,15514,15514,102,121,1147650,1738550,35.6320693,129.1306202,1.91658318,44.5416021,-6.584447911
corridor_0,15515,15515,101,121,1147550,1738550,35.6320842,129.1295162,2.151736378,44.7767553,-6.349294713
corridor_0,15516,15516,100,121,1147450,1738550,35.6320991,129.1284123,2.495852589,45.12087151,-6.005178502
corridor_0,15517,15517,99,121,1147350,1738550,35.6321141,129.1273083,2.716517567,45.34153649,-5.784513524
corridor_0,15518,15518,98,121,1147250,1738550,35.632129,129.1262043,2.737883686,45.36290261,-5.763147405
corridor_0,15519,15519,97,121,1147150,1738550,35.6321439,129.1251003,2.917212605,45.54223153,-5.583818486
corridor_0,15520,15520,96,121,1147050,1738550,35.6321588,129.1239963,3.054671406,45.67969033,-5.446359685
corridor_0,15521,15521,95,121,1146950,1738550,35.6321736,129.1228923,3.07635796,45.70137688,-5.424673131
corridor_0,15522,15522,94,121,1146850,1738550,35.6321885,129.1217884,3.078478931,45.70349786,-5.422552159
corridor_0,15523,15523,93,121,1146750,1738550,35.6322034,129.1206844,3.062502979,45.6875219,-5.438528111
corridor_0,15524,15524,92,121,1146650,1738550,35.6322182,129.1195804,3.029200672,45.6542196,-5.471830419
corridor_0,15525,15525,91,121,1146550,1738550,35.6322331,129.1184764,2.867949604,45.49296853,-5.633081487
corridor_0,15526,15526,90,121,1146450,1738550,35.6322479,129.1173724,2.77185738,45.3968763,-5.729173711
corridor_0,15527,15527,89,121,1146350,1738550,35.6322627,129.1162684,2.551444172,45.1764631,-5.949586919
corridor_0,15528,15528,88,121,1146250,1738550,35.6322775,129.1151644,2.300463795,44.92548272,-6.200567296
corridor_0,15529,15529,87,121,1146150,1738550,35.6322923,129.1140604,2.132990955,44.75800988,-6.368040135
corridor_0,15530,15530,86,121,1146050,1738550,35.6323071,129.1129564,1.785628437,44.41064736,-6.715402654
corridor_0,15531,15531,85,121,1145950,1738550,35.6323219,129.1118524,1.426257252,44.05127618,-7.074773839
corridor_0,15532,15532,84,121,1145850,1738550,35.6323367,129.1107484,1.060980915,43.68599984,-7.440050176
corridor_0,15533,15533,83,121,1145750,1738550,35.6323514,129.1096444,0.528636097,43.15365502,-7.972394994
corridor_0,15534,15534,82,121,1145650,1738550,35.6323662,129.1085404,-0.07692802,42.5480909,-8.577959111
corridor_0,15535,15535,81,121,1145550,1738550,35.6323809,129.1074364,-0.75352943,41.87148949,-9.254560521
corridor_0,15536,15536,80,121,1145450,1738550,35.6323957,129.1063324,-1.496209026,41.1288099,-9.997240117
corridor_0,15537,15537,79,121,1145350,1738550,35.6324104,129.1052284,-2.340187908,40.28483102,-10.841219
corridor_0,15538,15538,78,121,1145250,1738550,35.6324251,129.1041244,-3.310498119,39.31452081,-11.81152921
corridor_0,15539,15539,77,121,1145150,1738550,35.6324398,129.1030204,-4.975582958,37.64943597,-13.47661405
corridor_0,15540,15540,76,121,1145050,1738550,35.6324545,129.1019164,-6.623562694,36.00145623,-15.12459379
corridor_0,15541,15541,75,121,1144950,1738550,35.6324692,129.1008124,-10.72734344,31.89767548,-19.22837453
corridor_0,15559,15559,57,121,1143150,1738550,35.6327317,129.0809402,-5.939270855,36.68574807,-14.44030195
corridor_0,15560,15560,56,121,1143050,1738550,35.6327461,129.0798362,-3.133614422,39.4914045,-11.63464551
corridor_0,15561,15561,55,121,1142950,1738550,35.6327606,129.0787322,-1.885807873,40.73921105,-10.38683896
corridor_0,15562,15562,54,121,1142850,1738550,35.6327751,129.0776282,-1.093312145,41.53170678,-9.594343236
corridor_0,15563,15563,53,121,1142750,1738550,35.6327895,129.0765242,-0.171688915,42.45333001,-8.672720006
corridor_0,15564,15564,52,121,1142650,1738550,35.632804,129.0754201,0.300612568,42.92563149,-8.200418523
corridor_0,15565,15565,51,121,1142550,1738550,35.6328184,129.0743161,1.062758564,43.68777749,-7.438272527
corridor_0,15566,15566,50,121,1142450,1738550,35.6328329,129.0732121,1.484316944,44.10933587,-7.016714147
corridor_0,15567,15567,49,121,1142350,1738550,35.6328473,129.0721081,2.006560444,44.63157937,-6.494470647
corridor_0,15568,15568,48,121,1142250,1738550,35.6328617,129.071004,2.394553303,45.01957223,-6.106477788
corridor_0,15569,15569,47,121,1142150,1738550,35.6328761,129.0699,2.76631081,45.39132973,-5.734720281
corridor_0,15570,15570,46,121,1142050,1738550,35.6328905,129.068796,3.121249317,45.74626824,-5.379781774
corridor_0,15571,15571,45,121,1141950,1738550,35.6329048,129.067692,3.699786305,46.32480523,-4.801244786
corridor_0,15572,15572,44,121,1141850,1738550,35.6329192,129.0665879,4.220038532,46.84505746,-4.280992558
corridor_0,15573,15573,43,121,1141750,1738550,35.6329336,129.0654839,4.704466938,47.32948586,-3.796564153
corridor_0,15574,15574,42,121,1141650,1738550,35.6329479,129.0643799,5.087062,47.71208092,-3.41396909
corridor_0,15575,15575,41,121,1141550,1738550,35.6329622,129.0632758,5.270163654,47.89518258,-3.230867436
corridor_0,15576,15576,40,121,1141450,1738550,35.6329766,129.0621718,5.374076008,47.99909493,-3.126955083
corridor_0,15577,15577,39,121,1141350,1738550,35.6329909,129.0610678,5.484233021,48.10925195,-3.01679807
corridor_0,15578,15578,38,121,1141250,1738550,35.6330052,129.0599637,5.514117359,48.13913628,-2.986913732
corridor_0,15579,15579,37,121,1141150,1738550,35.6330195,129.0588597,5.553149342,48.17816827,-2.947881749
corridor_0,15580,15580,36,121,1141050,1738550,35.6330338,129.0577557,5.456790089,48.08180901,-3.044241002
corridor_0,15581,15581,35,121,1140950,1738550,35.633048,129.0566516,5.38469231,48.00971123,-3.11633878
corridor_0,15582,15582,34,121,1140850,1738550,35.6330623,129.0555476,5.322398304,47.94741723,-3.178632787
corridor_0,15583,15583,33,121,1140750,1738550,35.6330766,129.0544436,5.115569233,47.74058816,-3.385461858
corridor_0,15584,15584,32,121,1140650,1738550,35.6330908,129.0533395,4.970343708,47.59536263,-3.530687383
corridor_0,15585,15585,31,121,1140550,1738550,35.633105,129.0522355,4.709616779,47.3346357,-3.791414311
corridor_0,15586,15586,30,121,1140450,1738550,35.6331193,129.0511315,4.526293873,47.1513128,-3.974737218
corridor_0,15587,15587,29,121,1140350,1738550,35.6331335,129.0500274,4.175673603,46.80069253,-4.325357488
corridor_0,15588,15588,28,121,1140250,1738550,35.6331477,129.0489234,3.855898975,46.4809179,-4.645132115
corridor_0,15589,15589,27,121,1140150,1738550,35.6331619,129.0478193,3.432341694,46.05736062,-5.068689397
corridor_0,15590,15590,26,121,1140050,1738550,35.6331761,129.0467153,2.961947559,45.58696648,-5.539083531
corridor_0,15591,15591,25,121,1139950,1738550,35.6331902,129.0456113,2.451907276,45.0769262,-6.049123815
corridor_0,15592,15592,24,121,1139850,1738550,35.6332044,129.0445072,1.903262257,44.52828118,-6.597768834
corridor_0,15593,15593,23,121,1139750,1738550,35.6332185,129.0434032,1.439166187,44.06418511,-7.061864903
corridor_0,15594,15594,22,121,1139650,1738550,35.6332327,129.0422991,0.813368916,43.43838784,-7.687662175
corridor_0,15595,15595,21,121,1139550,1738550,35.6332468,129.0411951,0.13715279,42.76217171,-8.363878301
corridor_0,15596,15596,20,121,1139450,1738550,35.6332609,129.040091,-0.604611278,42.02040765,-9.105642369
corridor_0,15597,15597,19,121,1139350,1738550,35.6332751,129.038987,-1.425236584,41.19978234,-9.926267674
corridor_0,15598,15598,18,121,1139250,1738550,35.6332892,129.0378829,-2.356930614,40.26808831,-10.85796171
corridor_0,15599,15599,17,121,1139150,1738550,35.6333033,129.0367789,-3.82574165,38.79927727,-12.32677274
corridor_0,15600,15600,16,121,1139050,1738550,35.6333173,129.0356748,-5.201947094,37.42307183,-13.70297818
corridor_0,15601,15601,15,121,1138950,1738550,35.6333314,129.0345708,-9.09419334,33.53082558,-17.59522443
corridor_0,15633,15633,16,122,1139050,1738650,35.6342187,129.0356921,-8.924858929,33.70016,-17.42589002
corridor_0,15634,15634,17,122,1139150,1738650,35.6342046,129.0367961,-5.073132397,37.55188653,-13.57416349
corridor_0,15635,15635,18,122,1139250,1738650,35.6341905,129.0379002,-3.724858166,38.90016076,-12.22588926
corridor_0,15636,15636,19,122,1139350,1738650,35.6341764,129.0390043,-2.289055706,40.33596322,-10.7900868
corridor_0,15637,15637,20,122,1139450,1738650,35.6341623,129.0401083,-1.393051983,41.23196694,-9.894083074
corridor_0,15638,15638,21,122,1139550,1738650,35.6341481,129.0412124,-0.812031628,41.8129873,-9.313062718
corridor_0,15639,15639,22,122,1139650,1738650,35.634134,129.0423164,-0.068386913,42.55663201,-8.569418004
corridor_0,15640,15640,23,122,1139750,1738650,35.6341199,129.0434205,0.75811684,43.38313576,-7.74291425
corridor_0,15641,15641,24,122,1139850,1738650,35.6341057,129.0445246,1.219481587,43.84450051,-7.281549504
corridor_0,15642,15642,25,122,1139950,1738650,35.6340915,129.0456286,1.790461659,44.41548058,-6.710569432
corridor_0,15643,15643,26,122,1140050,1738650,35.6340774,129.0467327,2.300082325,44.92510125,-6.200948766
corridor_0,15644,15644,27,122,1140150,1738650,35.6340632,129.0478367,2.661502003,45.28652093,-5.839529088
corridor_0,15645,15645,28,122,1140250,1738650,35.634049,129.0489408,3.086764454,45.71178338,-5.414266637
corridor_0,15646,15646,29,122,1140350,1738650,35.6340348,129.0500448,3.476035236,46.10105416,-5.024995854
corridor_0,15647,15647,30,122,1140450,1738650,35.6340206,129.0511489,3.738314747,46.36333367,-4.762716344
corridor_0,15648,15648,31,122,1140550,1738650,35.6340064,129.0522529,4.04542458,46.6704435,-4.455606511
corridor_0,15649,15649,32,122,1140650,1738650,35.6339921,129.053357,4.168856739,46.79387566,-4.332174352
corridor_0,15650,15650,33,122,1140750,1738650,35.6339779,129.054461,4.386672138,47.01169106,-4.114358953
corridor_0,15651,15651,34,122,1140850,1738650,35.6339636,129.0555651,4.532164692,47.15718362,-3.968866399
corridor_0,15652,15652,35,122,1140950,1738650,35.6339494,129.0566691,4.589202046,47.21422097,-3.911829045
corridor_0,15653,15653,36,122,1141050,1738650,35.6339351,129.0577732,4.725951313,47.35097024,-3.775079778
corridor_0,15654,15654,37,122,1141150,1738650,35.6339208,129.0588772,4.733683704,47.35870263,-3.767347386
corridor_0,15655,15655,38,122,1141250,1738650,35.6339065,129.0599813,4.748351215,47.37337014,-3.752679875
corridor_0,15656,15656,39,122,1141350,1738650,35.6338922,129.0610853,4.665846943,47.29086587,-3.835184148
corridor_0,15657,15657,40,122,1141450,1738650,35.6338779,129.0621894,4.623004078,47.248023,-3.878027013
corridor_0,15658,15658,41,122,1141550,1738650,35.6338635,129.0632934,4.355441212,46.98046014,-4.145589879
corridor_0,15659,15659,42,122,1141650,1738650,35.6338492,129.0643974,4.04699242,46.67201134,-4.454038671
corridor_0,15660,15660,43,122,1141750,1738650,35.6338349,129.0655015,3.482150196,46.10716912,-5.018880895
corridor_0,15661,15661,44,122,1141850,1738650,35.6338205,129.0666055,3.018141865,45.64316079,-5.482889226
corridor_0,15662,15662,45,122,1141950,1738650,35.6338061,129.0677096,2.697127461,45.32214639,-5.80390363
corridor_0,15663,15663,46,122,1142050,1738650,35.6337918,129.0688136,2.354022144,44.97904107,-6.147008946
corridor_0,15664,15664,47,122,1142150,1738650,35.6337774,129.0699176,1.991442799,44.61646172,-6.509588292
corridor_0,15665,15665,48,122,1142250,1738650,35.633763,129.0710217,1.609889149,44.23490807,-6.891141942
corridor_0,15666,15666,49,122,1142350,1738650,35.6337486,129.0721257,1.208418964,43.83343789,-7.292612126
corridor_0,15667,15667,50,122,1142450,1738650,35.6337342,129.0732298,0.651942371,43.2769613,-7.849088719
corridor_0,15668,15668,51,122,1142550,1738650,35.6337197,129.0743338,0.213732838,42.83875176,-8.287298253
corridor_0,15669,15669,52,122,1142650,1738650,35.6337053,129.0754378,-0.631417156,41.99360177,-9.132448247
corridor_0,15670,15670,53,122,1142750,1738650,35.6336908,129.0765419,-1.144612194,41.48040673,-9.645643285
corridor_0,15671,15671,54,122,1142850,1738650,35.6336764,129.0776459,-2.217972637,40.40704629,-10.71900373
corridor_0,15672,15672,55,122,1142950,1738650,35.6336619,129.0787499,-3.155949474,39.46906945,-11.65698057
corridor_0,15673,15673,56,122,1143050,1738650,35.6336474,129.079854,-5.961550594,36.66346833,-14.46258169
corridor_0,15693,15693,76,122,1145050,1738650,35.6333558,129.1019344,-10.75870597,31.86631295,-19.25973707
corridor_0,15694,15694,77,122,1145150,1738650,35.6333411,129.1030384,-6.667490841,35.95752808,-15.16852193
corridor_0,15695,15695,78,122,1145250,1738650,35.6333264,129.1041424,-5.0392617,37.58575722,-13.54029279
corridor_0,15696,15696,79,122,1145350,1738650,35.6333117,129.1052465,-3.779946209,38.84507272,-12.2809773
corridor_0,15697,15697,80,122,1145450,1738650,35.6332969,129.1063505,-2.422451855,40.20256707,-10.92348295
corridor_0,15698,15698,81,122,1145550,1738650,35.6332822,129.1074545,-1.603905559,41.02111337,-10.10493665
corridor_0,15699,15699,82,122,1145650,1738650,35.6332675,129.1085585,-0.872631908,41.75238702,-9.373662999
corridor_0,15700,15700,83,122,1145750,1738650,35.6332527,129.1096625,-0.420983196,42.20403573,-8.922014287
corridor_0,15701,15701,84,122,1145850,1738650,35.633238,129.1107665,0.331427692,42.95644662,-8.169603398
corridor_0,15702,15702,85,122,1145950,1738650,35.6332232,129.1118705,0.67980492,43.30482384,-7.821226171
corridor_0,15703,15703,86,122,1146050,1738650,35.6332084,129.1129745,1.035475849,43.66049477,-7.465555242
corridor_0,15704,15704,87,122,1146150,1738650,35.6331936,129.1140785,1.378359913,44.00337884,-7.122671178
corridor_0,15705,15705,88,122,1146250,1738650,35.6331788,129.1151825,1.561965107,44.18698403,-6.939065984
corridor_0,15706,15706,89,122,1146350,1738650,35.633164,129.1162865,1.816558003,44.44157693,-6.684473088
corridor_0,15707,15707,90,122,1146450,1738650,35.6331492,129.1173906,2.027804493,44.65282342,-6.473226598
corridor_0,15708,15708,91,122,1146550,1738650,35.6331344,129.1184946,2.12511742,44.75013634,-6.375913671
corridor_0,15709,15709,92,122,1146650,1738650,35.6331195,129.1195986,2.300681233,44.92570016,-6.200349858
corridor_0,15710,15710,93,122,1146750,1738650,35.6331047,129.1207026,2.336073994,44.96109292,-6.164957097
corridor_0,15711,15711,94,122,1146850,1738650,35.6330898,129.1218066,2.251341938,44.87636086,-6.249689153
corridor_0,15712,15712,95,122,1146950,1738650,35.6330749,129.1229106,2.353968739,44.97898766,-6.147062352
corridor_0,15713,15713,96,122,1147050,1738650,35.63306,129.1240146,2.233161091,44.85818002,-6.26787
corridor_0,15714,15714,97,122,1147150,1738650,35.6330452,129.1251186,2.182292103,44.80731103,-6.318738988
corridor_0,15715,15715,98,122,1147250,1738650,35.6330303,129.1262226,1.996699452,44.62171838,-6.504331639
corridor_0,15716,15716,99,122,1147350,1738650,35.6330153,129.1273266,1.895796894,44.52081582,-6.605234197
corridor_0,15717,15717,100,122,1147450,1738650,35.6330004,129.1284306,1.670188068,44.29520699,-6.830843022
corridor_0,15718,15718,101,122,1147550,1738650,35.6329855,129.1295345,1.401602863,44.02662179,-7.099428227
corridor_0,15719,15719,102,122,1147650,1738650,35.6329705,129.1306385,1.127673267,43.75269219,-7.373357823
corridor_0,15720,15720,103,122,1147750,1738650,35.6329556,129.1317425,0.822714924,43.44773385,-7.678316167
corridor_0,15721,15721,104,122,1147850,1738650,35.6329406,129.1328465,0.471465229,43.09648415,-8.029565862
corridor_0,15722,15722,105,122,1147950,1738650,35.6329257,129.1339505,-0.091984631,42.53303429,-8.593015721
corridor_0,15723,15723,106,122,1148050,1738650,35.6329107,129.1350545,-0.518944622,42.1060743,-9.019975713
corridor_0,15724,15724,107,122,1148150,1738650,35.6328957,129.1361585,-1.207264782,41.41775414,-9.708295873
corridor_0,15725,15725,108,122,1148250,1738650,35.6328807,129.1372625,-1.760048748,40.86497018,-10.26107984
corridor_0,15726,15726,109,122,1148350,1738650,35.6328657,129.1383665,-2.627381206,39.99763772,-11.1284123
corridor_0,15727,15727,110,122,1148450,1738650,35.6328506,129.1394705,-3.659836651,38.96518227,-12.16086774
corridor_0,15728,15728,111,122,1148550,1738650,35.6328356,129.1405745,-4.929436565,37.69558236,-13.43046766
corridor_0,15729,15729,112,122,1148650,1738650,35.6328206,129.1416784,-6.5672673,36.05775162,-15.06829839
corridor_0,15730,15730,113,122,1148750,1738650,35.6328055,129.1427824,-8.986758114,33.63826081,-17.4877892
corridor_0,15731,15731,114,122,1148850,1738650,35.6327904,129.1438864,-13.98663223,28.6383867,-22.48766332
corridor_0,15759,15759,113,123,1148750,1738750,35.6337068,129.1428009,-13.94375694,28.68126199,-22.44478803
corridor_0,15760,15760,112,123,1148650,1738750,35.6337218,129.1416969,-8.974383236,33.65063569,-17.47541433
corridor_0,15761,15761,111,123,1148550,1738750,35.6337369,129.1405929,-6.568230511,36.05678841,-15.0692616
corridor_0,15762,15762,110,123,1148450,1738750,35.6337519,129.1394889,-4.934140087,37.69087884,-13.43517118
corridor_0,15763,15763,109,123,1148350,1738750,35.6337669,129.1383849,-3.695637585,38.92938134,-12.19666868
corridor_0,15764,15764,108,123,1148250,1738750,35.633782,129.1372809,-3.041008831,39.58401009,-11.54203992
corridor_0,15765,15765,107,123,1148150,1738750,35.633797,129.1361769,-2.118664623,40.5063543,-10.61969571
corridor_0,15766,15766,106,123,1148050,1738750,35.633812,129.1350729,-1.365761639,41.25925729,-9.866792729
corridor_0,15767,15767,105,123,1147950,1738750,35.6338269,129.1339689,-0.926125408,41.69889352,-9.427156499
corridor_0,15768,15768,104,123,1147850,1738750,35.6338419,129.1328649,-0.517605663,42.10741326,-9.018636754
corridor_0,15769,15769,103,123,1147750,1738750,35.6338569,129.1317609,0.029517292,42.65453622,-8.471513799
corridor_0,15770,15770,102,123,1147650,1738750,35.6338718,129.1306569,0.351065754,42.97608468,-8.149965337
corridor_0,15771,15771,101,123,1147550,1738750,35.6338868,129.1295528,0.662657856,43.28767678,-7.838373235
corridor_0,15772,15772,100,123,1147450,1738750,35.6339017,129.1284488,0.933177113,43.55819604,-7.567853978
corridor_0,15773,15773,99,123,1147350,1738750,35.6339166,129.1273448,1.030703663,43.65572259,-7.470327428
corridor_0,15774,15774,98,123,1147250,1738750,35.6339315,129.1262408,1.248461842,43.87348077,-7.252569249
corridor_0,15775,15775,97,123,1147150,1738750,35.6339464,129.1251368,1.439189076,44.064208,-7.061842015
corridor_0,15776,15776,96,123,1147050,1738750,35.6339613,129.1240328,1.485194325,44.11021325,-7.015836766
corridor_0,15777,15777,95,123,1146950,1738750,35.6339762,129.1229288,1.623686909,44.24870583,-6.877344182
corridor_0,15778,15778,94,123,1146850,1738750,35.6339911,129.1218248,1.502417683,44.12743661,-6.998613408
corridor_0,15779,15779,93,123,1146750,1738750,35.634006,129.1207208,1.485365986,44.11038491,-7.015665105
corridor_0,15780,15780,92,123,1146650,1738750,35.6340208,129.1196167,1.556281208,44.18130013,-6.944749883
corridor_0,15781,15781,91,123,1146550,1738750,35.6340356,129.1185127,1.387309193,44.01232812,-7.113721898
corridor_0,15782,15782,90,123,1146450,1738750,35.6340505,129.1174087,1.297278523,43.92229745,-7.203752568
corridor_0,15783,15783,89,123,1146350,1738750,35.6340653,129.1163047,1.066039204,43.69105813,-7.434991887
corridor_0,15784,15784,88,123,1146250,1738750,35.6340801,129.1152007,0.768492817,43.39351174,-7.732538274
corridor_0,15785,15785,87,123,1146150,1738750,35.6340949,129.1140967,0.448985218,43.07400414,-8.052045873
corridor_0,15786,15786,86,123,1146050,1738750,35.6341097,129.1129926,0.259970783,42.88498971,-8.241060308
corridor_0,15787,15787,85,123,1145950,1738750,35.6341245,129.1118886,-0.072689892,42.55232903,-8.573720983
corridor_0,15788,15788,84,123,1145850,1738750,35.6341393,129.1107846,-0.849213482,41.77580544,-9.350244573
corridor_0,15789,15789,83,123,1145750,1738750,35.634154,129.1096806,-1.280854107,41.34416482,-9.781885198
corridor_0,15790,15790,82,123,1145650,1738750,35.6341688,129.1085766,-2.036373974,40.58864495,-10.53740506
corridor_0,15791,15791,81,123,1145550,1738750,35.6341835,129.1074725,-2.88943565,39.73558327,-11.39046674
corridor_0,15792,15792,80,123,1145450,1738750,35.6341982,129.1063685,-3.898110271,38.72690865,-12.39914136
corridor_0,15793,15793,79,123,1145350,1738750,35.634213,129.1052645,-5.75888908,36.86612984,-14.25992017
corridor_0,15794,15794,78,123,1145250,1738750,35.6342277,129.1041605,-7.677746654,34.94727227,-16.17877775
corridor_0,15795,15795,77,123,1145150,1738750,35.6342424,129.1030564,-10.8337239,31.79129502,-19.33475499
corridor_0,15817,15817,55,123,1142950,1738750,35.6345632,129.0787676,-6.775118709,35.84990022,-15.2761498
corridor_0,15818,15818,54,123,1142850,1738750,35.6345777,129.0776636,-3.596943737,39.02807519,-12.09797483
corridor_0,15819,15819,53,123,1142750,1738750,35.6345922,129.0765596,-2.283097149,40.34192178,-10.78412824
corridor_0,15820,15820,52,123,1142650,1738750,35.6346066,129.0754555,-1.721096874,40.90392205,-10.22212796
corridor_0,15821,15821,51,123,1142550,1738750,35.634621,129.0743515,-0.739136578,41.88588235,-9.240167668
corridor_0,15822,15822,50,123,1142450,1738750,35.6346355,129.0732474,-0.278466106,42.34655282,-8.779497197
corridor_0,15823,15823,49,123,1142350,1738750,35.6346499,129.0721434,0.497714161,43.12273309,-8.00331693
corridor_0,15824,15824,48,123,1142250,1738750,35.6346643,129.0710393,0.907538532,43.53255746,-7.593492558
corridor_0,15825,15825,47,123,1142150,1738750,35.6346787,129.0699353,1.293318867,43.91833779,-7.207712224
corridor_0,15826,15826,46,123,1142050,1738750,35.6346931,129.0688312,1.656279682,44.28129861,-6.844751409
corridor_0,15827,15827,45,123,1141950,1738750,35.6347075,129.0677272,2.000617146,44.62563607,-6.500413945
corridor_0,15828,15828,44,123,1141850,1738750,35.6347218,129.0666231,2.321292042,44.94631097,-6.179739049
corridor_0,15829,15829,43,123,1141750,1738750,35.6347362,129.0655191,2.615336536,45.24035546,-5.885694554
corridor_0,15830,15830,42,123,1141650,1738750,35.6347505,129.064415,2.795340656,45.42035958,-5.705690434
corridor_0,15831,15831,41,123,1141550,1738750,35.6347649,129.063311,2.962828754,45.58784768,-5.538202336
corridor_0,15832,15832,40,123,1141450,1738750,35.6347792,129.0622069,3.186801075,45.81182,-5.314230016
corridor_0,15833,15833,39,123,1141350,1738750,35.6347935,129.0611028,3.690337299,46.31535622,-4.810693791
corridor_0,15834,15834,38,123,1141250,1738750,35.6348078,129.0599988,3.974867939,46.59988686,-4.526163152
corridor_0,15835,15835,37,123,1141150,1738750,35.6348221,129.0588947,3.940672993,46.56569192,-4.560358098
corridor_0,15836,15836,36,123,1141050,1738750,35.6348364,129.0577907,3.955031513,46.58005044,-4.545999578
corridor_0,15837,15837,35,123,1140950,1738750,35.6348507,129.0566866,3.861170887,46.48618981,-4.639860204
corridor_0,15838,15838,34,123,1140850,1738750,35.6348649,129.0555825,3.73972237,46.36474129,-4.761308721
corridor_0,15839,15839,33,123,1140750,1738750,35.6348792,129.0544785,3.604033588,46.22905251,-4.896997502
corridor_0,15840,15840,32,123,1140650,1738750,35.6348934,129.0533744,3.37745583,46.00247475,-5.123575261
corridor_0,15841,15841,31,123,1140550,1738750,35.6349077,129.0522704,3.258734821,45.88375375,-5.242296269
corridor_0,15842,15842,30,123,1140450,1738750,35.6349219,129.0511663,2.94707024,45.57208916,-5.553960851
corridor_0,15843,15843,29,123,1140350,1738750,35.6349361,129.0500622,2.678160786,45.30317971,-5.822870305
corridor_0,15844,15844,28,123,1140250,1738750,35.6349503,129.0489582,2.284373402,44.90939233,-6.216657689
corridor_0,15845,15845,27,123,1140150,1738750,35.6349645,129.0478541,1.848860859,44.47387978,-6.652170232
corridor_0,15846,15846,26,123,1140050,1738750,35.6349787,129.04675,1.48631966,44.11133858,-7.014711431
corridor_0,15847,15847,25,123,1139950,1738750,35.6349929,129.045646,1.0923568,43.71737572,-7.408674291
corridor_0,15848,15848,24,123,1139850,1738750,35.635007,129.0445419,0.505744099,43.13076302,-7.995286992
corridor_0,15849,15849,23,123,1139750,1738750,35.6350212,129.0434378,-0.137997509,42.48702142,-8.6390286
corridor_0,15850,15850,22,123,1139650,1738750,35.6350353,129.0423338,-0.639725567,41.98529336,-9.140756658
corridor_0,15851,15851,21,123,1139550,1738750,35.6350495,129.0412297,-1.403649212,41.22136971,-9.904680303
corridor_0,15852,15852,20,123,1139450,1738750,35.6350636,129.0401256,-2.271382214,40.35363671,-10.7724133
corridor_0,15853,15853,19,123,1139350,1738750,35.6350777,129.0390216,-3.279156567,39.34586236,-11.78018766
corridor_0,15854,15854,18,123,1139250,1738750,35.6350918,129.0379175,-4.473648907,38.15137002,-12.97468
corridor_0,15855,15855,17,123,1139150,1738750,35.6351059,129.0368134,-6.701798321,35.9232206,-15.20282941
corridor_0,15890,15890,17,124,1139150,1738850,35.6360072,129.0368307,-10.7955159,31.82950303,-19.29654699
corridor_0,15891,15891,18,124,1139250,1738850,35.6359931,129.0379347,-6.642052532,35.98296639,-15.14308362
corridor_0,15892,15892,19,124,1139350,1738850,35.635979,129.0390388,-4.967408062,37.65761086,-13.46843915
corridor_0,15893,15893,20,124,1139450,1738850,35.6359649,129.0401429,-3.675774456,38.94924447,-12.17680555
corridor_0,15894,15894,21,124,1139550,1738850,35.6359508,129.041247,-2.614586712,40.01043221,-11.1156178
corridor_0,15895,15895,22,124,1139650,1738850,35.6359367,129.0423511,-1.71648872,40.9085302,-10.21751981
corridor_0,15896,15896,23,124,1139750,1738850,35.6359225,129.0434552,-0.937836529,41.6871824,-9.43886762
corridor_0,15897,15897,24,124,1139850,1738850,35.6359084,129.0445592,-0.446171642,42.17884728,-8.947202733
corridor_0,15898,15898,25,124,1139950,1738850,35.6358942,129.0456633,0.18591988,42.8109388,-8.315111211
corridor_0,15899,15899,26,124,1140050,1738850,35.63588,129.0467674,0.584616779,43.2096357,-7.916414311
corridor_0,15900,15900,27,124,1140150,1738850,35.6358658,129.0478715,0.959529041,43.58454797,-7.541502049
corridor_0,15901,15901,28,124,1140250,1738850,35.6358516,129.0489756,1.438410877,44.0634298,-7.062620214
corridor_0,15902,15902,29,124,1140350,1738850,35.6358374,129.0500796,1.743220448,44.36823937,-6.757810643
corridor_0,15903,15903,30,124,1140450,1738850,35.6358232,129.0511837,2.120593189,44.74561211,-6.380437901
corridor_0,15904,15904,31,124,1140550,1738850,35.635809,129.0522878,2.357325672,44.9823446,-6.143705419
corridor_0,15905,15905,32,124,1140650,1738850,35.6357948,129.0533919,2.459521412,45.08454034,-6.041509679
corridor_0,15906,15906,33,124,1140750,1738850,35.6357805,129.0544959,2.624987721,45.25000665,-5.87604337
corridor_0,15907,15907,34,124,1140850,1738850,35.6357662,129.0556,2.761725544,45.38674447,-5.739305547
corridor_0,15908,15908,35,124,1140950,1738850,35.635752,129.0567041,2.797080158,45.42209908,-5.703950933
corridor_0,15909,15909,36,124,1141050,1738850,35.6357377,129.0578082,2.728240131,45.35325906,-5.772790959
corridor_0,15910,15910,37,124,1141150,1738850,35.6357234,129.0589122,2.531901478,45.1569204,-5.969129613
corridor_0,15911,15911,38,124,1141250,1738850,35.6357091,129.0600163,2.595732807,45.22075173,-5.905298284
corridor_0,15912,15912,39,124,1141350,1738850,35.6356948,129.0611204,2.442546009,45.06756493,-6.058485082
corridor_0,15913,15913,40,124,1141450,1738850,35.6356805,129.0622244,2.35383141,44.97885033,-6.147199681
corridor_0,15914,15914,41,124,1141550,1738850,35.6356662,129.0633285,2.22744286,44.85246178,-6.273588231
corridor_0,15915,15915,42,124,1141650,1738850,35.6356518,129.0644326,2.073760151,44.69877908,-6.42727094
corridor_0,15916,15916,43,124,1141750,1738850,35.6356375,129.0655366,1.786955952,44.41197488,-6.714075139
corridor_0,15917,15917,44,124,1141850,1738850,35.6356231,129.0666407,1.484736561,44.10975549,-7.01629453
corridor_0,15918,15918,45,124,1141950,1738850,35.6356088,129.0677448,1.151038288,43.77605721,-7.349992803
corridor_0,15919,15919,46,124,1142050,1738850,35.6355944,129.0688488,0.786868214,43.41188714,-7.714162877
corridor_0,15920,15920,47,124,1142150,1738850,35.63558,129.0699529,0.404383778,43.0294027,-8.096647313
corridor_0,15921,15921,48,124,1142250,1738850,35.6355656,129.071057,-0.00416267,42.62085625,-8.505193761
corridor_0,15922,15922,49,124,1142350,1738850,35.6355512,129.072161,-0.439312817,42.18570611,-8.940343907
corridor_0,15923,15923,50,124,1142450,1738850,35.6355368,129.0732651,-1.106076122,41.5189428,-9.607107213
corridor_0,15924,15924,51,124,1142550,1738850,35.6355223,129.0743691,-1.845139385,40.77987954,-10.34617048
corridor_0,15925,15925,52,124,1142650,1738850,35.6355079,129.0754732,-3.031090618,39.59392831,-11.53212171
corridor_0,15926,15926,53,124,1142750,1738850,35.6354935,129.0765773,-4.107785107,38.51723382,-12.6088162
corridor_0,15927,15927,54,124,1142850,1738850,35.635479,129.0776813,-7.808760525,34.8162584,-16.30979162
corridor_0,15952,15952,79,124,1145350,1738850,35.6351143,129.1052825,-9.023859859,33.60115907,-17.52489095
corridor_0,15953,15953,80,124,1145450,1738850,35.6350995,129.1063865,-5.915840984,36.70917794,-14.41687208
corridor_0,15954,15954,81,124,1145550,1738850,35.6350848,129.1074906,-4.541561962,38.08345696,-13.04259305
corridor_0,15955,15955,82,124,1145650,1738850,35.6350701,129.1085946,-3.4596833,39.16533562,-11.96071439
corridor_0,15956,15956,83,124,1145750,1738850,35.6350553,129.1096987,-2.537690044,40.08732888,-11.03872114
corridor_0,15957,15957,84,124,1145850,1738850,35.6350406,129.1108027,-1.768856884,40.85616204,-10.26988797
corridor_0,15958,15958,85,124,1145950,1738850,35.6350258,129.1119067,-1.344246746,41.28077218,-9.845277837
corridor_0,15959,15959,86,124,1146050,1738850,35.635011,129.1130108,-0.724724651,41.90029427,-9.225755742
corridor_0,15960,15960,87,124,1146150,1738850,35.6349962,129.1141148,-0.376900555,42.24811837,-8.877931645
corridor_0,15961,15961,88,124,1146250,1738850,35.6349814,129.1152188,-0.038571239,42.58644769,-8.53960233
corridor_0,15962,15962,89,124,1146350,1738850,35.6349666,129.1163228,0.261702656,42.88672158,-8.239328435
corridor_0,15963,15963,90,124,1146450,1738850,35.6349518,129.1174269,0.371314167,42.99633309,-8.129716924
corridor_0,15964,15964,91,124,1146550,1738850,35.6349369,129.1185309,0.597712635,43.22273156,-7.903318456
corridor_0,15965,15965,92,124,1146650,1738850,35.6349221,129.1196349,0.506518482,43.13153741,-7.994512609
corridor_0,15966,15966,93,124,1146750,1738850,35.6349072,129.120739,0.706862568,43.33188149,-7.794168523
corridor_0,15967,15967,94,124,1146850,1738850,35.6348924,129.121843,0.731520771,43.3565397,-7.76951032
corridor_0,15968,15968,95,124,1146950,1738850,35.6348775,129.122947,0.589549183,43.21456811,-7.911481908
corridor_0,15969,15969,96,124,1147050,1738850,35.6348626,129.124051,0.719027638,43.34404656,-7.782003453
corridor_0,15970,15970,97,124,1147150,1738850,35.6348477,129.1251551,0.531031727,43.15605065,-7.969999364
corridor_0,15971,15971,98,124,1147250,1738850,35.6348328,129.1262591,0.477339863,43.10235879,-8.023691228
corridor_0,15972,15972,99,124,1147350,1738850,35.6348179,129.1273631,0.254794239,42.87981316,-8.246236852
corridor_0,15973,15973,100,124,1147450,1738850,35.634803,129.1284671,-0.011227489,42.61379144,-8.51225858
corridor_0,15974,15974,101,124,1147550,1738850,35.6347881,129.1295711,-0.306527019,42.31849191,-8.80755811
corridor_0,15975,15975,102,124,1147650,1738850,35.6347731,129.1306752,-0.434243084,42.19077584,-8.935274175
corridor_0,15976,15976,103,124,1147750,1738850,35.6347582,129.1317792,-1.002503277,41.62251565,-9.503534368
corridor_0,15977,15977,104,124,1147850,1738850,35.6347432,129.1328832,-1.39226997,41.23274895,-9.893301061
corridor_0,15978,15978,105,124,1147950,1738850,35.6347282,129.1339872,-1.835484386,40.78953454,-10.33651548
corridor_0,15979,15979,106,124,1148050,1738850,35.6347132,129.1350912,-2.607582928,40.017436,-11.10861402
corridor_0,15980,15980,107,124,1148150,1738850,35.6346982,129.1361952,-3.156876446,39.46814248,-11.65790754
corridor_0,15981,15981,108,124,1148250,1738850,35.6346832,129.1372993,-4.22549522,38.3995237,-12.72652631
corridor_0,15982,15982,109,124,1148350,1738850,35.6346682,129.1384033,-5.58159721,37.04342171,-14.0826283
corridor_0,15983,15983,110,124,1148450,1738850,35.6346532,129.1395073,-6.597075344,36.02794358,-15.09810643
corridor_0,15984,15984,111,124,1148550,1738850,35.6346382,129.1406113,-8.986996532,33.63802239,-17.48802762
corridor_0,15985,15985,112,124,1148650,1738850,35.6346231,129.1417153,-13.93698013,28.6880388,-22.43801122
corridor_0,16018,16018,110,125,1148450,1738950,35.6355545,129.1395257,-10.71907699,31.90594193,-19.22010808
corridor_0,16019,16019,109,125,1148350,1738950,35.6355695,129.1384217,-7.573286892,35.05173203,-16.07431798
corridor_0,16020,16020,108,125,1148250,1738950,35.6355845,129.1373176,-5.697979809,36.92703912,-14.1990109
corridor_0,16021,16021,107,125,1148150,1738950,35.6355995,129.1362136,-4.373280407,38.25173852,-12.8743115
corridor_0,16022,16022,106,125,1148050,1738950,35.6356145,129.1351096,-3.740696789,38.88432214,-12.24172788
corridor_0,16023,16023,105,125,1147950,1738950,35.6356295,129.1340056,-2.806507946,39.81851098,-11.30753904
corridor_0,16024,16024,104,125,1147850,1738950,35.6356445,129.1329015,-2.649525524,39.9754934,-11.15055661
corridor_0,16025,16025,103,125,1147750,1738950,35.6356594,129.1317975,-2.191609264,40.43340966,-10.69264036
corridor_0,16026,16026,102,125,1147650,1738950,35.6356744,129.1306935,-1.771138073,40.85388085,-10.27216916
corridor_0,16027,16027,101,125,1147550,1738950,35.6356893,129.1295894,-1.156643749,41.46837518,-9.65767484
corridor_0,16028,16028,100,125,1147450,1738950,35.6357043,129.1284854,-0.831501842,41.79351708,-9.332532933
corridor_0,16029,16029,99,125,1147350,1738950,35.6357192,129.1273814,-0.568405987,42.05661294,-9.069437078
corridor_0,16030,16030,98,125,1147250,1738950,35.6357341,129.1262773,-0.32120216,42.30381676,-8.822233251
corridor_0,16031,16031,97,125,1147150,1738950,35.635749,129.1251733,-0.276177288,42.34884164,-8.777208379
corridor_0,16032,16032,96,125,1147050,1738950,35.6357639,129.1240693,-0.251667858,42.37335107,-8.752698949
corridor_0,16033,16033,95,125,1146950,1738950,35.6357788,129.1229652,-0.235043407,42.38997552,-8.736074498
corridor_0,16034,16034,94,125,1146850,1738950,35.6357937,129.1218612,-0.064179302,42.56083962,-8.565210393
corridor_0,16035,16035,93,125,1146750,1738950,35.6358085,129.1207572,-0.093544842,42.53147408,-8.594575933
corridor_0,16036,16036,92,125,1146650,1738950,35.6358234,129.1196531,-0.322472454,42.30254647,-8.823503545
corridor_0,16037,16037,91,125,1146550,1738950,35.6358382,129.1185491,-0.382717968,42.24230096,-8.883749059
corridor_0,16038,16038,90,125,1146450,1738950,35.6358531,129.117445,-0.458390118,42.16662881,-8.959421208
corridor_0,16039,16039,89,125,1146350,1738950,35.6358679,129.116341,-0.561234356,42.06378457,-9.062265447
corridor_0,16040,16040,88,125,1146250,1738950,35.6358827,129.115237,-0.878544689,41.74647424,-9.37957578
corridor_0,16041,16041,87,125,1146150,1738950,35.6358975,129.1141329,-1.232754589,41.39226434,-9.73378568
corridor_0,16042,16042,86,125,1146050,1738950,35.6359123,129.1130289,-1.877621532,40.74739739,-10.37865262
corridor_0,16043,16043,85,125,1145950,1738950,35.6359271,129.1119248,-2.306134106,40.31888482,-10.8071652
corridor_0,16044,16044,84,125,1145850,1738950,35.6359418,129.1108208,-3.116806866,39.50821206,-11.61783796
corridor_0,16045,16045,83,125,1145750,1738950,35.6359566,129.1097167,-4.089188457,38.53583047,-12.59021955
corridor_0,16046,16046,82,125,1145650,1738950,35.6359714,129.1086127,-5.94251144,36.68250748,-14.44354253
corridor_0,16047,16047,81,125,1145550,1738950,35.6359861,129.1075086,-9.020048977,33.60496995,-17.52108007
corridor_0,16076,16076,52,125,1142650,1738950,35.6364092,129.0754909,-5.260445476,37.36457345,-13.76147657
corridor_0,16077,16077,51,125,1142550,1738950,35.6364237,129.0743868,-3.555580975,39.06943795,-12.05661207
corridor_0,16078,16078,50,125,1142450,1738950,35.6364381,129.0732828,-2.292977215,40.33204171,-10.79400831
corridor_0,16079,16079,49,125,1142350,1738950,35.6364525,129.0721787,-1.775162579,40.84985635,-10.27619367
corridor_0,16080,16080,48,125,1142250,1738950,35.6364669,129.0710746,-0.819630505,41.80538842,-9.320661595
corridor_0,16081,16081,47,125,1142150,1738950,35.6364813,129.0699705,-0.391941906,42.23307702,-8.892972997
corridor_0,16082,16082,46,125,1142050,1738950,35.6364957,129.0688665,0.009936451,42.63495538,-8.49109464
corridor_0,16083,16083,45,125,1141950,1738950,35.6365101,129.0677624,0.385909199,43.01092812,-8.115121892
corridor_0,16084,16084,44,125,1141850,1738950,35.6365244,129.0666583,0.731776356,43.35679528,-7.769254735
corridor_0,16085,16085,43,125,1141750,1738950,35.6365388,129.0655542,1.046847462,43.67186639,-7.454183629
corridor_0,16086,16086,42,125,1141650,1738950,35.6365531,129.0644501,1.341345905,43.96636483,-7.159685185
corridor_0,16087,16087,41,125,1141550,1738950,35.6365675,129.0633461,1.35250008,43.977519,-7.148531011
corridor_0,16088,16088,40,125,1141450,1738950,35.6365818,129.062242,1.593928455,44.21894738,-6.907102635
corridor_0,16089,16089,39,125,1141350,1738950,35.6365961,129.0611379,1.680544972,44.3055639,-6.820486119
corridor_0,16090,16090,38,125,1141250,1738950,35.6366104,129.0600338,1.84355843,44.46857735,-6.657472661
corridor_0,16091,16091,37,125,1141150,1738950,35.6366247,129.0589297,1.759955525,44.38497445,-6.741075566
corridor_0,16092,16092,36,125,1141050,1738950,35.636639,129.0578257,1.875952839,44.50097176,-6.625078252
corridor_0,16093,16093,35,125,1140950,1738950,35.6366533,129.0567216,1.750220417,44.37523934,-6.750810674
corridor_0,16094,16094,34,125,1140850,1738950,35.6366676,129.0556175,1.7123214,44.33734032,-6.788709691
corridor_0,16095,16095,33,125,1140750,1738950,35.6366818,129.0545134,1.556109547,44.18112847,-6.944921544
corridor_0,16096,16096,32,125,1140650,1738950,35.6366961,129.0534093,1.364749073,43.989768,-7.136282018
corridor_0,16097,16097,31,125,1140550,1738950,35.6367103,129.0523052,1.25887215,43.88389108,-7.24215894
corridor_0,16098,16098,30,125,1140450,1738950,35.6367245,129.0512011,0.997099995,43.62211892,-7.503931096
corridor_0,16099,16099,29,125,1140350,1738950,35.6367387,129.050097,0.702269672,43.3272886,-7.798761418
corridor_0,16100,16100,28,125,1140250,1738950,35.636753,129.048993,0.378794788,43.00381371,-8.122236302
corridor_0,16101,16101,27,125,1140150,1738950,35.6367671,129.0478889,0.183802723,42.80882165,-8.317228368
corridor_0,16102,16102,26,125,1140050,1738950,35.6367813,129.0467848,-0.200955273,42.42406365,-8.701986363
corridor_0,16103,16103,25,125,1139950,1738950,35.6367955,129.0456807,-0.827259899,41.79775903,-9.32829099
corridor_0,16104,16104,24,125,1139850,1738950,35.6368097,129.0445766,-1.305935741,41.31908318,-9.806966832
corridor_0,16105,16105,23,125,1139750,1738950,35.6368238,129.0434725,-2.098671795,40.52634713,-10.59970289
corridor_0,16106,16106,22,125,1139650,1738950,35.636838,129.0423684,-2.685143352,39.93987557,-11.18617444
corridor_0,16107,16107,21,125,1139550,1738950,35.6368521,129.0412643,-3.717060924,38.907958,-12.21809202
corridor_0,16108,16108,20,125,1139450,1738950,35.6368662,129.0401602,-4.977154613,37.64786431,-13.4781857
corridor_0,16109,16109,19,125,1139350,1738950,35.6368804,129.0390561,-6.623942257,36.00107667,-15.12497335
corridor_0,16110,16110,18,125,1139250,1738950,35.6368945,129.037952,-10.74553382,31.8794851,-19.24656492
corridor_0,16148,16148,19,126,1139350,1739050,35.6377817,129.0390734,-10.74186981,31.88314912,-19.2429009
corridor_0,16149,16149,20,126,1139450,1739050,35.6377676,129.0401775,-7.562529446,35.06248948,-16.06356054
corridor_0,16150,16150,21,126,1139550,1739050,35.6377534,129.0412816,-5.647507549,36.97751138,-14.14853864
corridor_0,16151,16151,22,126,1139650,1739050,35.6377393,129.0423857,-4.246529461,38.37848946,-12.74756055
corridor_0,16152,16152,23,126,1139750,1739050,35.6377252,129.0434898,-3.146317364,39.47870156,-11.64734845
corridor_0,16153,16153,24,126,1139850,1739050,35.637711,129.0445939,-2.24616325,40.37885567,-10.74719434
corridor_0,16154,16154,25,126,1139950,1739050,35.6376968,129.045698,-1.735092998,40.88992593,-10.23612409
corridor_0,16155,16155,26,126,1140050,1739050,35.6376827,129.0468021,-1.272152782,41.35286614,-9.773183873
corridor_0,16156,16156,27,126,1140150,1739050,35.6376685,129.0479063,-0.641411663,41.98360726,-9.142442754
corridor_0,16157,16157,28,126,1140250,1739050,35.6376543,129.0490104,-0.46030891,42.16471001,-8.961340001
corridor_0,16158,16158,29,126,1140350,1739050,35.6376401,129.0501145,-0.114209057,42.51080987,-8.615240148
corridor_0,16159,16159,30,126,1140450,1739050,35.6376258,129.0512186,0.193698048,42.81871697,-8.307333043
corridor_0,16160,16160,31,126,1140550,1739050,35.6376116,129.0523227,0.327757954,42.95277688,-8.173273137
corridor_0,16161,16161,32,126,1140650,1739050,35.6375974,129.0534268,0.570025562,43.19504449,-7.931005528
corridor_0,16162,16162,33,126,1140750,1739050,35.6375831,129.0545309,0.774405598,43.39942452,-7.726625493
corridor_0,16163,16163,34,126,1140850,1739050,35.6375689,129.055635,0.813651203,43.43867013,-7.687379888
corridor_0,16164,16164,35,126,1140950,1739050,35.6375546,129.0567391,0.967555164,43.59257409,-7.533475926
corridor_0,16165,16165,36,126,1141050,1739050,35.6375403,129.0578432,0.835444569,43.46046349,-7.665586522
corridor_0,16166,16166,37,126,1141150,1739050,35.637526,129.0589472,0.977713703,43.60273263,-7.523317388
corridor_0,16167,16167,38,126,1141250,1739050,35.6375118,129.0600513,0.946089863,43.57110879,-7.554941228
corridor_0,16168,16168,39,126,1141350,1739050,35.6374974,129.0611554,0.889529347,43.51454827,-7.611501744
corridor_0,16169,16169,40,126,1141450,1739050,35.6374831,129.0622595,0.809210896,43.43422982,-7.691820195
corridor_0,16170,16170,41,126,1141550,1739050,35.6374688,129.0633636,0.556441425,43.18146035,-7.944589665
corridor_0,16171,16171,42,126,1141650,1739050,35.6374545,129.0644677,0.266364216,42.89138314,-8.234666875
corridor_0,16172,16172,43,126,1141750,1739050,35.6374401,129.0655718,0.108870625,42.73388955,-8.392160466
corridor_0,16173,16173,44,126,1141850,1739050,35.6374258,129.0666759,-0.062401653,42.56261727,-8.563432744
corridor_0,16174,16174,45,126,1141950,1739050,35.6374114,129.06778,-0.42540443,42.19961449,-8.926435521
corridor_0,16175,16175,46,126,1142050,1739050,35.637397,129.0688841,-1.040436626,41.5845823,-9.541467717
corridor_0,16176,16176,47,126,1142150,1739050,35.6373826,129.0699882,-1.484875561,41.14014336,-9.985906651
corridor_0,16177,16177,48,126,1142250,1739050,35.6373682,129.0710922,-2.247311474,40.37770745,-10.74834256
corridor_0,16178,16178,49,126,1142350,1739050,35.6373538,129.0721963,-3.133534313,39.49148461,-11.6345654
corridor_0,16179,16179,50,126,1142450,1739050,35.6373394,129.0733004,-4.173230053,38.45178887,-12.67426114
corridor_0,16180,16180,51,126,1142550,1739050,35.637325,129.0744045,-6.846716762,35.77830216,-15.34774785
corridor_0,16212,16212,83,126,1145750,1739050,35.6368579,129.1097348,-9.135323406,33.48969552,-17.6363545
corridor_0,16213,16213,84,126,1145850,1739050,35.6368431,129.1108389,-6.041046978,36.58397195,-14.54207807
corridor_0,16214,16214,85,126,1145950,1739050,35.6368284,129.1119429,-4.203961254,38.42105767,-12.70499234
corridor_0,16215,16215,86,126,1146050,1739050,35.6368136,129.113047,-3.258705975,39.36631295,-11.75973707
corridor_0,16216,16216,87,126,1146150,1739050,35.6367988,129.114151,-2.463650585,40.16136834,-10.96468168
corridor_0,16217,16217,88,126,1146250,1739050,35.636784,129.1152551,-2.049771191,40.57524773,-10.55080228
corridor_0,16218,16218,89,126,1146350,1739050,35.6367692,129.1163591,-1.931019665,40.69399926,-10.43205076
corridor_0,16219,16219,90,126,1146450,1739050,35.6367543,129.1174632,-1.571129681,41.05388924,-10.07216077
corridor_0,16220,16220,91,126,1146550,1739050,35.6367395,129.1185673,-1.256432415,41.36858651,-9.757463506
corridor_0,16221,16221,92,126,1146650,1739050,35.6367247,129.1196713,-1.193875194,41.43114373,-9.694906285
corridor_0,16222,16222,93,126,1146750,1739050,35.6367098,129.1207754,-1.148869396,41.47614953,-9.649900487
corridor_0,16223,16223,94,126,1146850,1739050,35.636695,129.1218794,-1.12059486,41.50442406,-9.621625951
corridor_0,16224,16224,95,126,1146950,1739050,35.6366801,129.1229835,-1.10490501,41.52011391,-9.605936101
corridor_0,16225,16225,96,126,1147050,1739050,35.6366652,129.1240875,-1.338097454,41.28692147,-9.839128545
corridor_0,16226,16226,97,126,1147150,1739050,35.6366503,129.1251916,-1.5935601,41.03145882,-10.09459119
corridor_0,16227,16227,98,126,1147250,1739050,35.6366354,129.1262956,-1.611546398,41.01347253,-10.11257749
corridor_0,16228,16228,99,126,1147350,1739050,35.6366205,129.1273997,-1.924263836,40.70075509,-10.42529493
corridor_0,16229,16229,100,126,1147450,1739050,35.6366056,129.1285037,-2.282868267,40.34215066,-10.78389936
corridor_0,16230,16230,101,126,1147550,1739050,35.6365906,129.1296077,-2.672158123,39.9528608,-11.17318921
corridor_0,16231,16231,102,126,1147650,1739050,35.6365757,129.1307118,-2.809056164,39.81596276,-11.31008725
corridor_0,16232,16232,103,126,1147750,1739050,35.6365607,129.1318158,-3.27293861,39.35208031,-11.7739697
corridor_0,16233,16233,104,126,1147850,1739050,35.6365458,129.1329199,-3.808667065,38.81635186,-12.30969816
corridor_0,16234,16234,105,126,1147950,1739050,35.6365308,129.1340239,-4.903050304,37.72196862,-13.4040814
corridor_0,16235,16235,106,126,1148050,1739050,35.6365158,129.135128,-5.681279064,36.94373986,-14.18231015
corridor_0,16236,16236,107,126,1148150,1739050,35.6365008,129.136232,-7.496857525,35.1281614,-15.99788862
corridor_0,16237,16237,108,126,1148250,1739050,35.6364858,129.137336,-7.697756649,34.92726228,-16.19878774
corridor_0,16238,16238,109,126,1148350,1739050,35.6364708,129.1384401,-10.81640136,31.80861756,-19.31743245
corridor_0,16277,16277,107,127,1148150,1739150,35.6374021,129.1362504,-10.74649704,31.87852189,-19.24752813
corridor_0,16278,16278,106,127,1148050,1739150,35.6374171,129.1351463,-7.698834301,34.92618462,-16.19986539
corridor_0,16279,16279,105,127,1147950,1739150,35.6374321,129.1340423,-6.649098278,35.97592065,-15.15012937
corridor_0,16280,16280,104,127,1147850,1739150,35.637447,129.1329382,-6.499388576,36.12563035,-15.00041967
corridor_0,16281,16281,103,127,1147750,1739150,35.637462,129.1318342,-5.046917797,37.57810113,-13.54794889
corridor_0,16282,16282,102,127,1147650,1739150,35.637477,129.1307301,-4.416642071,38.20837685,-12.91767316
corridor_0,16283,16283,101,127,1147550,1739150,35.6374919,129.129626,-3.839920879,38.78509805,-12.34095197
corridor_0,16284,16284,100,127,1147450,1739150,35.6375068,129.128522,-3.775357128,38.8496618,-12.27638822
corridor_0,16285,16285,99,127,1147350,1739150,35.6375218,129.1274179,-3.31754005,39.30747887,-11.81857114
corridor_0,16286,16286,98,127,1147250,1739150,35.6375367,129.1263139,-2.936783672,39.68823525,-11.43781476
corridor_0,16287,16287,97,127,1147150,1739150,35.6375516,129.1252098,-2.927430035,39.69758889,-11.42846113
corridor_0,16288,16288,96,127,1147050,1739150,35.6375665,129.1241057,-2.595383526,40.0296354,-11.09641462
corridor_0,16289,16289,95,127,1146950,1739150,35.6375814,129.1230017,-2.305096508,40.31992242,-10.8061276
corridor_0,16290,16290,94,127,1146850,1739150,35.6375962,129.1218976,-2.334038616,40.29098031,-10.83506971
corridor_0,16291,16291,93,127,1146750,1739150,35.6376111,129.1207936,-2.375286938,40.24973199,-10.87631803
corridor_0,16292,16292,92,127,1146650,1739150,35.637626,129.1196895,-2.426396252,40.19862267,-10.92742734
corridor_0,16293,16293,91,127,1146550,1739150,35.6376408,129.1185854,-2.492142559,40.13287637,-10.99317365
corridor_0,16294,16294,90,127,1146450,1739150,35.6376556,129.1174814,-2.569012524,40.0560064,-11.07004361
corridor_0,16295,16295,89,127,1146350,1739150,35.6376705,129.1163773,-2.990029217,39.63498971,-11.49106031
corridor_0,16296,16296,88,127,1146250,1739150,35.6376853,129.1152732,-3.857899548,38.76711938,-12.35893064
corridor_0,16297,16297,87,127,1146150,1739150,35.6377001,129.1141692,-5.477497936,37.14752099,-13.97852903
corridor_0,16335,16335,49,127,1142350,1739150,35.6382551,129.072214,-6.818852306,35.80616662,-15.3198834
corridor_0,16336,16336,48,127,1142250,1739150,35.6382695,129.0711099,-4.14018333,38.48483559,-12.64121442
corridor_0,16337,16337,47,127,1142150,1739150,35.6382839,129.0700058,-3.121315838,39.50370309,-11.62234693
corridor_0,16338,16338,46,127,1142050,1739150,35.6382983,129.0689017,-1.974438549,40.65058038,-10.47546964
corridor_0,16339,16339,45,127,1141950,1739150,35.6383127,129.0677976,-1.529717327,41.0953016,-10.03074842
corridor_0,16340,16340,44,127,1141850,1739150,35.6383271,129.0666935,-1.115715862,41.50930306,-9.616746953
corridor_0,16341,16341,43,127,1141750,1739150,35.6383414,129.0655894,-0.722885967,41.90213296,-9.223917058
corridor_0,16342,16342,42,127,1141650,1739150,35.6383558,129.0644853,-0.581601025,42.0434179,-9.082632115
corridor_0,16343,16343,41,127,1141550,1739150,35.6383701,129.0633812,-0.260926128,42.3640928,-8.761957219
corridor_0,16344,16344,40,127,1141450,1739150,35.6383844,129.0622771,0.006835102,42.63185403,-8.494195989
corridor_0,16345,16345,39,127,1141350,1739150,35.6383988,129.061173,-0.090737225,42.5342817,-8.591768315
corridor_0,16346,16346,38,127,1141250,1739150,35.6384131,129.0600689,0.132884144,42.75790307,-8.368146947
corridor_0,16347,16347,37,127,1141150,1739150,35.6384274,129.0589648,0.167563557,42.79258248,-8.333467534
corridor_0,16348,16348,36,127,1141050,1739150,35.6384417,129.0578606,0.006564259,42.63158318,-8.494466832
corridor_0,16349,16349,35,127,1140950,1739150,35.6384559,129.0567565,0.008822559,42.63384148,-8.492208531
corridor_0,16350,16350,34,127,1140850,1739150,35.6384702,129.0556524,-0.000962139,42.62405679,-8.50199323
corridor_0,16351,16351,33,127,1140750,1739150,35.6384845,129.0545483,-0.212181927,42.412837,-8.713213017
corridor_0,16352,16352,32,127,1140650,1739150,35.6384987,129.0534442,-0.266095043,42.35892388,-8.767126134
corridor_0,16353,16353,31,127,1140550,1739150,35.6385129,129.0523401,-0.528668285,42.09635064,-9.029699376
corridor_0,16354,16354,30,127,1140450,1739150,35.6385272,129.051236,-0.653328777,41.97169015,-9.154359868
corridor_0,16355,16355,29,127,1140350,1739150,35.6385414,129.0501319,-0.97725761,41.64776131,-9.478288701
corridor_0,16356,16356,28,127,1140250,1739150,35.6385556,129.0490278,-1.359619976,41.26539895,-9.860651067
corridor_0,16357,16357,27,127,1140150,1739150,35.6385698,129.0479236,-2.059456707,40.56556222,-10.5604878
corridor_0,16358,16358,26,127,1140050,1739150,35.638584,129.0468195,-2.54108894,40.08392998,-11.04212003
corridor_0,16359,16359,25,127,1139950,1739150,35.6385981,129.0457154,-2.741967083,39.88305184,-11.24299817
corridor_0,16360,16360,24,127,1139850,1739150,35.6386123,129.0446113,-3.696171642,38.92884728,-12.19720273
corridor_0,16361,16361,23,127,1139750,1739150,35.6386265,129.0435072,-4.374180675,38.25083825,-12.87521177
corridor_0,16362,16362,22,127,1139650,1739150,35.6386406,129.042403,-5.742218853,36.88280007,-14.24324994
corridor_0,16363,16363,21,127,1139550,1739150,35.6386548,129.0412989,-7.635239483,34.98977944,-16.13627057
corridor_0,16364,16364,20,127,1139450,1739150,35.6386689,129.0401948,-10.78570259,31.83931634,-19.28673368
corridor_0,16406,16406,21,128,1139550,1739250,35.6395561,129.0413162,-13.83720672,28.7878122,-22.33823781
corridor_0,16407,16407,22,128,1139650,1739250,35.6395419,129.0424204,-8.947794796,33.67722413,-17.44882589
corridor_0,16408,16408,23,128,1139750,1739250,35.6395278,129.0435245,-7.508454204,35.11656472,-16.0094853
corridor_0,16409,16409,24,128,1139850,1739250,35.6395136,129.0446286,-5.660881878,36.96413705,-14.16191297
corridor_0,16410,16410,25,128,1139950,1739250,35.6394995,129.0457328,-4.848992229,37.7760267,-13.35002332
corridor_0,16411,16411,26,128,1140050,1739250,35.6394853,129.0468369,-3.711449505,38.91356942,-12.2124806
corridor_0,16412,16412,27,128,1140150,1739250,35.6394711,129.047941,-3.146313549,39.47870538,-11.64734464
corridor_0,16413,16413,28,128,1140250,1739250,35.6394569,129.0490451,-2.64945686,39.97556207,-11.15048795
corridor_0,16414,16414,29,128,1140350,1739250,35.6394427,129.0501493,-1.92905891,40.69596001,-10.43009
corridor_0,16415,16415,30,128,1140450,1739250,35.6394285,129.0512534,-1.812909008,40.81210992,-10.3139401
corridor_0,16416,16416,31,128,1140550,1739250,35.6394143,129.0523575,-1.449581982,41.17543694,-9.950613072
corridor_0,16417,16417,32,128,1140650,1739250,35.6394,129.0534617,-1.144440533,41.48057839,-9.645471623
corridor_0,16418,16418,33,128,1140750,1739250,35.6393858,129.0545658,-1.092263103,41.53275582,-9.593294194
corridor_0,16419,16419,34,128,1140850,1739250,35.6393715,129.0556699,-1.069886089,41.55513284,-9.57091718
corridor_0,16420,16420,35,128,1140950,1739250,35.6393572,129.056774,-1.062107922,41.562911,-9.563139012
corridor_0,16421,16421,36,128,1141050,1739250,35.639343,129.0578781,-0.861946941,41.76307198,-9.362978032
corridor_0,16422,16422,37,128,1141150,1739250,35.6393287,129.0589823,-0.886994244,41.73802468,-9.388025334
corridor_0,16423,16423,38,128,1141250,1739250,35.6393144,129.0600864,-1.147030712,41.47798821,-9.648061803
corridor_0,16424,16424,39,128,1141350,1739250,35.6393001,129.0611905,-0.971192242,41.65382668,-9.472223332
corridor_0,16425,16425,40,128,1141450,1739250,35.6392858,129.0622946,-1.281082989,41.34393594,-9.782114079
corridor_0,16426,16426,41,128,1141550,1739250,35.6392714,129.0633987,-1.371498943,41.25351998,-9.872530034
corridor_0,16427,16427,42,128,1141650,1739250,35.6392571,129.0645029,-1.739445568,40.88557336,-10.24047666
corridor_0,16428,16428,43,128,1141750,1739250,35.6392427,129.065607,-1.878826977,40.74619195,-10.37985807
corridor_0,16429,16429,44,128,1141850,1739250,35.6392284,129.0667111,-2.32063377,40.30438515,-10.82166486
corridor_0,16430,16430,45,128,1141950,1739250,35.639214,129.0678152,-3.539921642,39.08509728,-12.04095273
corridor_0,16431,16431,46,128,1142050,1739250,35.6391996,129.0689193,-4.632195354,37.99282357,-13.13322645
corridor_0,16432,16432,47,128,1142150,1739250,35.6391852,129.0700234,-6.786915661,35.83810326,-15.28794675
corridor_0,16433,16433,48,128,1142250,1739250,35.6391708,129.0711275,-13.89244926,28.73256966,-22.39348035
corridor_0,16475,16475,90,128,1146450,1739250,35.6385569,129.1174995,-13.99974716,28.62527177,-22.50077825
corridor_0,16476,16476,91,128,1146550,1739250,35.6385421,129.1186036,-5.480683208,37.14433572,-13.9817143
corridor_0,16477,16477,92,128,1146650,1739250,35.6385272,129.1197077,-4.826996685,37.79802224,-13.32802778
corridor_0,16478,16478,93,128,1146750,1739250,35.6385124,129.1208118,-4.74805534,37.87696358,-13.24908643
corridor_0,16479,16479,94,128,1146850,1739250,35.6384975,129.1219158,-4.685494305,37.93952462,-13.1865254
corridor_0,16480,16480,95,128,1146950,1739250,35.6384826,129.1230199,-4.157055736,38.46796319,-12.65808683
corridor_0,16481,16481,96,128,1147050,1739250,35.6384678,129.124124,-4.612122417,38.01289651,-13.11315351
corridor_0,16482,16482,97,128,1147150,1739250,35.6384529,129.1252281,-4.603436352,38.02158257,-13.10446744
corridor_0,16483,16483,98,128,1147250,1739250,35.638438,129.1263321,-5.132832409,37.49218652,-13.6338635
corridor_0,16484,16484,99,128,1147350,1739250,35.638423,129.1274362,-5.149094463,37.47592446,-13.65012555
corridor_0,16485,16485,100,128,1147450,1739250,35.6384081,129.1285403,-5.787499309,36.83751962,-14.2885304
corridor_0,16486,16486,101,128,1147550,1739250,35.6383932,129.1296443,-5.8464669,36.77855202,-14.34749799
corridor_0,16487,16487,102,128,1147650,1739250,35.6383782,129.1307484,-6.689524532,35.93549439,-15.19055562
corridor_0,16488,16488,103,128,1147750,1739250,35.6383633,129.1318525,-8.892979504,33.73203942,-17.39401059
corridor_0,16489,16489,104,128,1147850,1739250,35.6383483,129.1329566,-9.009577633,33.61544129,-17.51060872
corridor_0,16490,16490,105,128,1147950,1739250,35.6383333,129.1340606,-10.81918037,31.80583855,-19.32021146
corridor_0,16538,16538,102,129,1147650,1739350,35.6392795,129.1307667,-13.90182197,28.72319695,-22.40285306
corridor_0,16539,16539,101,129,1147550,1739350,35.6392945,129.1296626,-10.82748115,31.79753777,-19.32851224
corridor_0,16540,16540,100,129,1147450,1739350,35.6393094,129.1285586,-9.08770454,33.53731438,-17.58873563
corridor_0,16541,16541,99,129,1147350,1739350,35.6393243,129.1274545,-9.050003887,33.57501504,-17.55103498
corridor_0,16542,16542,98,129,1147250,1739350,35.6393392,129.1263504,-9.063460232,33.56155869,-17.56449132
corridor_0,16543,16543,97,129,1147150,1739350,35.6393542,129.1252463,-9.07425964,33.55075928,-17.57529073
corridor_0,16544,16544,96,129,1147050,1739350,35.639369,129.1241422,-9.118529201,33.50648972,-17.61956029
corridor_0,16545,16545,95,129,1146950,1739350,35.6393839,129.1230381,-10.91435325,31.71066567,-19.41538434
corridor_0,16546,16546,94,129,1146850,1739350,35.6393988,129.1219341,-13.97680557,28.64821336,-22.47783666
corridor_0,16595,16595,45,129,1141950,1739350,35.6401153,129.0678328,-9.032091976,33.59292695,-17.53312307
corridor_0,16596,16596,44,129,1141850,1739350,35.6401297,129.0667287,-5.274926067,37.35009286,-13.77595716
corridor_0,16597,16597,43,129,1141750,1739350,35.640144,129.0656246,-3.645310284,38.97970864,-12.14634137
corridor_0,16598,16598,42,129,1141650,1739350,35.6401584,129.0645204,-3.119923473,39.50509545,-11.62095456
corridor_0,16599,16599,41,129,1141550,1739350,35.6401727,129.0634163,-2.656262279,39.96875665,-11.15729337
corridor_0,16600,16600,40,129,1141450,1739350,35.6401871,129.0623122,-2.567917705,40.05710122,-11.0689488
corridor_0,16601,16601,39,129,1141350,1739350,35.6402014,129.061208,-2.185997845,40.43902108,-10.68702894
corridor_0,16602,16602,38,129,1141250,1739350,35.6402157,129.0601039,-2.13206184,40.49295708,-10.63309293
corridor_0,16603,16603,37,129,1141150,1739350,35.64023,129.0589998,-2.085228802,40.53979012,-10.58625989
corridor_0,16604,16604,36,129,1141050,1739350,35.6402443,129.0578956,-2.04657066,40.57844826,-10.54760175
corridor_0,16605,16605,35,129,1140950,1739350,35.6402586,129.0567915,-2.031048656,40.59397027,-10.53207975
corridor_0,16606,16606,34,129,1140850,1739350,35.6402728,129.0556874,-2.323449017,40.30156991,-10.82448011
corridor_0,16607,16607,33,129,1140750,1739350,35.6402871,129.0545832,-2.336811901,40.28820702,-10.83784299
corridor_0,16608,16608,32,129,1140650,1739350,35.6403013,129.0534791,-2.716156841,39.90886208,-11.21718793
corridor_0,16609,16609,31,129,1140550,1739350,35.6403156,129.052375,-3.120980144,39.50403878,-11.62201124
corridor_0,16610,16610,30,129,1140450,1739350,35.6403298,129.0512708,-3.2111367,39.41388222,-11.71216779
corridor_0,16611,16611,29,129,1140350,1739350,35.640344,129.0501667,-3.716400982,38.90861794,-12.21743207
corridor_0,16612,16612,28,129,1140250,1739350,35.6403582,129.0490625,-4.279324413,38.34569451,-12.7803555
corridor_0,16613,16613,27,129,1140150,1739350,35.6403724,129.0479584,-4.934819103,37.69019982,-13.43585019
corridor_0,16614,16614,26,129,1140050,1739350,35.6403866,129.0468543,-5.693989635,36.93102929,-14.19502073
corridor_0,16615,16615,25,129,1139950,1739350,35.6404008,129.0457501,-6.588606716,36.03641221,-15.08963781
corridor_0,16616,16616,24,129,1139850,1739350,35.640415,129.044646,-8.869871975,33.75514695,-17.37090307
corridor_0,16617,16617,23,129,1139750,1739350,35.6404291,129.0435418,-10.78303039,31.84198853,-19.28406148
corridor_0,16666,16666,25,130,1139950,1739450,35.6413021,129.0457675,-13.72893226,28.89608666,-22.22996335
corridor_0,16667,16667,26,130,1140050,1739450,35.6412879,129.0468716,-8.922146679,33.70287225,-17.42317777
corridor_0,16668,16668,27,130,1140150,1739450,35.6412737,129.0479758,-7.600729824,35.0242891,-16.10176091
corridor_0,16669,16669,28,130,1140250,1739450,35.6412595,129.0490799,-6.570776821,36.0542421,-15.07180791
corridor_0,16670,16670,29,130,1140350,1739450,35.6412453,129.0501841,-5.731495739,36.89352319,-14.23252683
corridor_0,16671,16671,30,130,1140450,1739450,35.6412311,129.0512882,-5.02180183,37.60321709,-13.52283292
corridor_0,16672,16672,31,130,1140550,1739450,35.6412169,129.0523924,-4.95016563,37.67485329,-13.45119672
corridor_0,16673,16673,32,130,1140650,1739450,35.6412026,129.0534965,-4.379670025,38.2453489,-12.88070112
corridor_0,16674,16674,33,130,1140750,1739450,35.6411884,129.0546007,-3.877056957,38.74796197,-12.37808805
corridor_0,16675,16675,34,130,1140850,1739450,35.6411741,129.0557048,-3.866288067,38.75873086,-12.36731916
corridor_0,16676,16676,35,130,1140950,1739450,35.6411599,129.056809,-3.464745403,39.16027352,-11.96577649
corridor_0,16677,16677,36,130,1141050,1739450,35.6411456,129.0579131,-3.490372539,39.13464639,-11.99140363
corridor_0,16678,16678,37,130,1141150,1739450,35.6411313,129.0590173,-3.53598106,39.08903786,-12.03701215
corridor_0,16679,16679,38,130,1141250,1739450,35.641117,129.0601214,-3.593212963,39.03180596,-12.09424405
corridor_0,16680,16680,39,130,1141350,1739450,35.6411027,129.0612256,-3.648766399,38.97625253,-12.14979749
corridor_0,16681,16681,40,130,1141450,1739450,35.6410884,129.0623297,-4.161728741,38.46329018,-12.66275983
corridor_0,16682,16682,41,130,1141550,1739450,35.641074,129.0634339,-4.255818249,38.36920068,-12.75684934
corridor_0,16683,16683,42,130,1141650,1739450,35.6410597,129.064538,-7.840756298,34.78426263,-16.34178739
corridor_0,16858,16858,38,131,1141250,1739550,35.6420183,129.060139,-9.090885998,33.53413293,-17.59191709
corridor_0,16859,16859,37,131,1141150,1739550,35.6420326,129.0590348,-7.766247631,34.85877129,-16.26727872
corridor_0,16860,16860,36,131,1141050,1739550,35.6420469,129.0579306,-6.766251446,35.85876748,-15.26728254
corridor_0,16861,16861,35,131,1140950,1739550,35.6420612,129.0568265,-6.71304977,35.91196915,-15.21408086
corridor_0,16862,16862,34,131,1140850,1739550,35.6420755,129.0557223,-6.67792976,35.94708916,-15.17896085
corridor_0,16863,16863,33,131,1140750,1739550,35.6420897,129.0546182,-6.678267361,35.94675156,-15.17929845
corridor_0,16864,16864,32,131,1140650,1739550,35.642104,129.053514,-7.624895931,35.00012299,-16.12592702
corridor_0,16865,16865,31,131,1140550,1739550,35.6421182,129.0524098,-7.658875347,34.96614358,-16.15990644
corridor_0,16866,16866,30,131,1140450,1739550,35.6421324,129.0513057,-7.716729046,34.90828988,-16.21776014
corridor_0,16867,16867,29,131,1140350,1739550,35.6421467,129.0502015,-9.000315548,33.62470338,-17.50134664
corridor_0,16868,16868,28,131,1140250,1739550,35.6421609,129.0490973,-13.73597229,28.88904664,-22.23700338
corridor_0,16869,16869,27,131,1140150,1739550,35.6421751,129.0479932,-13.8469342,28.77808472,-22.34796529
